id,y_true,p_right
146,1,0.5872409737375613
42,0,0.594349946875302
179,0,0.00055005500550055
0,1,0.48147327036805027
10,0,0.20800957568373116
58,0,0.020373228950139516
176,0,0.013897991603738516
100,0,0.001450955906401451
59,0,0.001450955906401451
39,0,0.0030075187969924814
125,0,0.04403913175843
57,0,0.001450955906401451
108,0,0.12989446364834425
19,0,0.062300443605441104
212,1,0.31599028534517554
55,0,0.005487282848883792
14,0,0.005494942886607602
44,0,0.5707896538252138
44,0,0.02566137262564502
186,1,0.4813681387661914
66,0,0.02255464666278462
115,0,0.24947125917608157
197,0,0.5624475853078094
115,1,0.6148497235453757
107,0,0.00055005500550055
78,0,0.07666053798655709
94,0,0.2578483245149912
28,0,0.3409746564857839
182,0,0.1418984084638157
61,1,0.5204310038631611
207,1,0.7062393162393162
117,1,0.37868369882487923
45,0,0.05065488529675414
87,0,0.06337878958860232
93,0,0.03759122538478695
115,1,0.23816556337060954
113,1,0.18673006496444156
182,0,0.03653799118832352
130,0,0.19152263537515601
162,0,0.08576535249699642
80,0,0.00303747909511567
114,0,0.02018878744291491
52,0,0.189759855137862
59,0,0.3918250263514531
69,0,0.13730250497666044
11,0,0.016759230414610984
129,1,0.44932659932659935
32,1,0.49816713500924026
22,0,0.09180823748724982
191,0,0.3541077728462502
61,0,0.5124604817169615
108,0,0.08016049693460199
62,0,0.20418380553313087
22,1,0.6474384015820479
97,1,0.6965025965530591
90,0,0.00055005500550055
156,0,0.005487282848883792
16,0,0.01903046940812166
15,0,0.5652096611494158
168,0,0.0
25,0,0.5487804632723715
22,1,0.35038409145631516
107,0,0.03759122538478695
108,0,0.001725143137110421
94,0,0.03419446966597132
135,1,0.5535671737049251
121,0,0.014661227309133065
6,0,0.049636773918119485
37,0,0.13613337838209444
103,0,0.0030075187969924814
118,0,0.0032382270485113024
94,0,0.012176999133520874
100,0,0.17307347460389785
125,0,0.0
82,0,0.06399709863896748
168,0,0.5151262867160098
60,0,0.09079859934506762
95,0,0.21668774316123218
189,0,0.06653426392831585
59,0,0.11101905867740569
9,1,0.6449864498644987
116,0,0.0057381224503773335
36,0,0.0586141006037795
78,1,0.5883223293709228
152,0,0.25269267059232575
90,0,0.008356181697480071
199,0,0.02927537116117355
32,0,0.12428992649067795
132,0,0.036406981947260456
86,1,0.3954267361845041
212,0,0.018997491287622757
83,0,0.15399343171125532
95,0,0.3985925057342179
116,0,0.0949545597185315
92,0,0.0
85,0,0.17369626036292704
145,0,0.006994839450979802
196,1,0.5334330555192857
110,0,0.021891708218994128
144,0,0.23859881031064112
69,0,0.22638299005508897
21,0,0.19297425840688862
182,0,0.6351900972590627
25,1,0.5156461515500551
36,1,0.04436204864339421
23,0,0.19268587050495353
155,0,0.008889871738168952
15,0,0.0
7,1,0.7764675603077409
19,0,0.045490066388214456
103,0,0.010843970050617905
133,0,0.26133402813965606
115,0,0.0
68,1,0.38660361184192854
159,0,0.38792288319741064
136,0,0.007944746640375722
122,0,0.05526611954472651
128,0,0.001725143137110421
95,1,0.12482507821288431
4,1,0.6291416135419685
47,0,0.001725143137110421
98,0,0.008521457234064245
10,0,0.594349946875302
84,1,0.39470064966651774
61,0,0.031343463226527014
184,1,0.6184878779097845
139,0,0.620911007407595
225,1,0.15399343171125532
39,0,0.00055005500550055
66,0,0.014661227309133065
68,0,0.06237478704156624
205,0,0.01407429459673329
216,0,0.04483692999989474
33,1,0.49723796941097614
60,0,0.07564446742210597
95,1,0.6474384015820479
65,0,0.004182606928602352
107,1,0.5486258380995223
194,0,0.6322045694355594
54,0,0.518534988439094
24,0,0.41592921268648236
91,0,0.02450305459085177
192,0,0.0
160,0,0.509349412645623
17,0,0.10092487340330887
157,0,0.045490066388214456
18,1,0.3775904210957786
123,0,0.09145609365684514
205,0,0.0
173,0,0.007571550044668324
61,0,0.06337878958860232
144,0,0.010641670463467345
1,0,0.040717749817892675
44,0,0.00055005500550055
14,1,0.378245335656856
67,0,0.010308728376174097
95,0,0.029007546311668117
149,1,0.5007733229463297
230,0,0.02600824554196692
54,1,0.7144932844932845
41,0,0.4391717849247813
101,0,0.002626044038011322
208,0,0.005083507829503253
43,0,0.021891708218994128
8,0,0.015600912379817733
151,0,0.04436204864339421
5,0,0.2421002014155774
14,0,0.27431317130273836
18,0,0.013897991603738516
68,0,0.011282005994955685
105,0,0.03537967315353027
2,0,0.5012050327839801
146,0,0.04469736523887341
2,0,0.02450305459085177
149,0,0.2878366437111812
28,0,0.02566137262564502
213,0,0.20124496499561975
12,0,0.4418449849370902
3,0,0.40531720715931246
86,0,0.09619390749279692
79,0,0.02380278597844344
136,0,0.00055005500550055
20,0,0.0
87,1,0.6952012024321924
209,0,0.001725143137110421
28,0,0.0
8,0,0.007944746640375722
20,0,0.02313135725647314
30,1,0.5000848824378236
135,0,0.3957082412459987
108,1,0.6184878779097845
111,1,0.620911007407595
178,0,0.02666402478931591
80,0,0.019256454279274363
95,0,0.29290310189186597
55,0,0.3389124936542541
192,0,0.1342592803743592
185,0,0.03752235104810091
28,0,0.002626044038011322
216,0,0.04189645386385937
153,0,0.1392425694485191
158,0,0.008356181697480071
68,0,0.02775893389006714
212,0,0.006870778971613106
22,1,0.1762392650734562
66,0,0.02942215309564954
196,0,0.06693931089809788
67,1,0.5773732738709519
20,0,0.30820121316255333
56,0,0.028408488929323225
164,0,0.17832814600230149
168,0,0.23111448030226459
93,1,0.5539160991214515
2,0,0.007944746640375722
139,0,0.5161917852356993
1,0,0.321579308323741
123,0,0.2872369996089281
48,0,0.04094373468904538
116,0,0.0878927833191631
190,0,0.002626044038011322
10,1,0.6265567862165963
132,1,0.6934806955496611
75,1,0.4545802846063414
16,0,0.016759230414610984
62,0,0.08967983444380623
203,1,0.5325011502811603
197,0,0.10488999367636687
13,0,0.019370576786468627
116,0,0.03336190332688225
61,1,0.7217285966066455
64,0,0.15698968048777587
62,1,0.5423601739391213
26,0,0.08092917119296017
99,0,0.41215240956757393
144,0,0.00851006427784578
53,1,0.6852090345250947
191,0,0.1513375926959587
88,0,0.5055298455263343
53,1,0.605326439795283
143,0,0.4994461368042093
127,0,0.017325318655265678
132,0,0.047234530528221776
132,0,0.009947384967167659
110,0,0.12161759727302801
194,0,0.004182606928602352
113,0,0.005083507829503253
0,0,0.20590037573193043
103,0,0.001725143137110421
217,0,0.005660218423191776
62,0,0.005083507829503253
155,0,0.10753988777296712
93,0,0.02694434325191263
66,1,0.09513427643927395
10,0,0.007447489565301627
105,0,0.0658514691451604
187,1,0.6184878779097845
3,0,0.07275541763909595
186,1,0.14726791855122734
32,0,0.3368470332543378
23,0,0.015996295022941205
141,0,0.47377786559143725
155,0,0.00055005500550055
172,1,0.2228950169802079
87,0,0.03229337041592294
60,0,0.36154539020781057
129,0,0.012920074748031737
132,0,0.0
153,1,0.6148497235453757
50,0,0.36647047510577613
114,1,0.5667972648829647
232,0,0.06145045931750415
103,1,0.60983164983165
137,0,0.014719701537489438
76,0,0.012808623778040129
9,0,0.23804242507996962
133,1,0.6148497235453757
141,0,0.001725143137110421
76,1,0.5889749794822623
143,1,0.25337132871035434
54,0,0.11250906903080815
177,0,0.05061052184203609
13,1,0.6965025965530591
168,0,0.019370576786468627
13,1,0.5273457769286004
4,0,0.46073099415204677
94,1,0.7333991482771971
206,0,0.3474276151930262
104,0,0.005660218423191776
202,1,0.582930628909975
159,0,0.017272573680990708
134,0,0.01110570300196091
33,1,0.5642828022298029
25,0,0.16414324453679088
111,0,0.13180422318971888
111,0,0.05106813722932493
44,0,0.027903673826794928
155,0,0.039199270549038066
57,0,0.17543884125903406
55,0,0.05987753449872948
200,0,0.02566137262564502
112,0,0.03058047113044279
91,0,0.22601860144451943
198,1,0.6587319636100124
114,0,0.031019835301180868
41,0,0.44721122112211226
53,0,0.00055005500550055
9,0,0.09673081893157041
135,0,0.015419970149897768
52,0,0.32836060687579766
24,0,0.04094373468904538
141,0,0.0
184,0,0.13341572343233035
43,0,0.0030075187969924814
181,0,0.4362322044106152
77,0,0.2688971141383654
53,1,0.5345596432552954
123,0,0.004182606928602352
32,0,0.07275541763909595
52,0,0.07036974214738069
84,0,0.02524395485115949
52,0,0.0
110,0,0.07446975577475329
177,0,0.05265477317286887
159,0,0.31695020379230904
182,0,0.20506928165432825
122,0,0.04094373468904538
30,0,0.2248311588203281
53,0,0.522314013299765
138,0,0.004182606928602352
76,0,0.04142778538657236
69,0,0.02566137262564502
107,0,0.34743910096233926
2,0,0.13180422318971888
62,0,0.5520560778467405
166,1,0.22988202958772908
147,1,0.56091795986129
87,0,0.002626044038011322
0,0,0.1576598827205483
129,0,0.5298589072711369
87,0,0.010064959869778824
227,0,0.11110412678313913
114,0,0.0069132105819872045
8,0,0.22599038714280348
80,0,0.01763554815798685
131,0,0.007447489565301627
15,0,0.045490066388214456
49,0,0.4471545949775701
84,0,0.006071653480296125
82,0,0.4294883015345119
71,0,0.03968332124656505
191,1,0.683907640404228
122,0,0.03442695397871628
185,0,0.14198913609285696
36,0,0.010987874843646871
185,0,0.1028662695329362
132,0,0.0047593175222908745
4,0,0.13242700894874807
223,0,0.03933890256333756
79,0,0.19168532188709275
73,0,0.24268131387739833
199,0,0.19854911744278514
83,1,0.4922391840748839
135,0,0.14096520763187428
121,1,0.20800957568373116
137,0,0.5768693450477559
104,0,0.09463407756413246
138,0,0.5092978966313196
87,0,0.26599157498033904
220,0,0.10535866215365387
12,0,0.42098697821589387
118,0,0.36433078772063326
14,0,0.009370674373479137
18,0,0.25498705485081147
75,1,0.37327263768505453
55,0,0.09145609365684514
220,0,0.011544238663026235
220,0,0.03304810672416116
75,0,0.045490066388214456
115,0,0.15399343171125532
45,0,0.001725143137110421
13,1,0.3819541910331384
73,0,0.014651005190421812
155,0,0.03598935065940448
133,0,0.07097915842605704
219,0,0.015449673001497693
43,0,0.40870104554315084
123,1,0.4802096596214243
128,0,0.08741071059911638
113,0,0.4292221798599074
183,1,0.06057674387043511
18,0,0.1655410193688189
96,0,0.3785344660979179
90,0,0.06025382698547091
102,0,0.005083507829503253
69,0,0.001450955906401451
141,0,0.31415027467659046
131,0,0.007447489565301627
110,0,0.40561113948341765
63,0,0.08656477902219288
141,0,0.4383352758352759
60,0,0.46174759187124453
49,0,0.026249900366650727
232,0,0.024289675291266393
84,0,0.007607496078286892
74,0,0.007944746640375722
132,0,0.02305002625378738
73,1,0.6291416135419685
23,0,0.22748699783562468
102,0,0.17467779134445802
28,0,0.002626044038011322
30,0,0.15182966657920524
161,0,0.05513741850018535
96,1,0.6048001999259268
143,0,0.3556203378743852
146,0,0.04436204864339421
3,0,0.008772296835557787
27,1,0.04167664661638278
133,0,0.41214859437751006
35,1,0.34718320024298527
54,0,0.002626044038011322
60,0,0.5096165066627171
223,0,0.0
20,0,0.06927584470222449
57,0,0.33027853141956937
109,1,0.57185127133403
77,0,0.00303747909511567
22,0,0.004413315180121173
89,0,0.022984575321997158
211,1,0.6409498048178708
190,1,0.47738107661751866
41,0,0.06862638406014598
102,0,0.010308728376174097
115,0,0.005494942886607602
186,1,0.5682498656028069
94,0,0.008356181697480071
30,1,0.6786564835345322
24,0,0.06653426392831585
92,0,0.04483692999989474
181,0,0.406678658105674
51,1,0.4161597406424993
12,1,0.7206405275875419
157,0,0.06248888087058712
136,0,0.3160220317605112
113,0,0.24123479592670502
51,0,0.010556093012233363
2,0,0.29461690517035066
167,0,0.016759230414610984
165,0,0.2756927131295435
36,0,0.06927584470222449
42,0,0.054555872422917255
147,0,0.041750702271536565
31,0,0.16331637876520508
221,0,0.04183173557704626
57,0,0.019423321760743597
108,0,0.398283172395589
29,0,0.035278964202440206
61,0,0.009370674373479137
75,1,0.7247346770876183
72,0,0.27919408146881697
23,0,0.005660218423191776
87,0,0.0
80,0,0.012162962975256743
67,1,0.5426191741981216
194,1,0.19152263537515601
1,0,0.19260684411013765
172,0,0.07666053798655709
96,0,0.04187606785268593
204,0,0.016759230414610984
165,1,0.7069273055779802
33,0,0.012702556697819486
179,0,0.07002549107812266
57,0,0.03710126744356015
142,0,0.0
137,0,0.3076481966555996
13,0,0.005660218423191776
220,1,0.40783194369365683
61,0,0.009732017782485575
214,0,0.3082017071224211
157,0,0.02305002625378738
144,0,0.04895823026322777
17,0,0.05762623874363402
34,0,0.13800007034574938
49,0,0.006870778971613106
86,0,0.004413315180121173
75,0,0.10092487340330887
119,0,0.062300443605441104
210,0,0.12479223163781845
28,0,0.06653426392831585
120,0,0.06955065726995552
30,0,0.018212258751675373
112,0,0.35177527526528185
26,0,0.021314997625305605
201,0,0.19152263537515601
200,1,0.4668050676295315
122,0,0.02018878744291491
215,0,0.07565444591823489
8,1,0.4808034579201627
109,0,0.09786037574443603
85,0,0.05149365942948111
146,1,0.4511715828832572
15,1,0.7709836893399991
64,1,0.6023853923853925
189,0,0.0018623909635057995
17,1,0.6409498048178708
12,0,0.18418848866899915
92,1,0.30802628743805216
47,1,0.4134497719434865
231,1,0.5363138376774741
149,0,0.001725143137110421
135,0,0.4077991313856693
81,0,0.07524139842980422
88,0,0.29595941980405965
44,0,0.40282534246575347
14,1,0.417307494238842
140,0,0.05373704627514181
16,0,0.00303747909511567
57,0,0.1157204290735969
209,1,0.46108822444074593
100,0,0.07811388031463179
172,0,0.0018623909635057995
61,0,0.10184914661311839
125,0,0.010987874843646871
46,0,0.005660218423191776
49,0,0.034911004676243265
78,0,0.32495723635281876
162,0,0.09673081893157041
131,0,0.15408386446187136
59,1,0.6273379741820335
21,0,0.47124404665137315
208,0,0.0
29,0,0.02942215309564954
153,0,0.22246149130665757
32,1,0.5012549573166633
130,0,0.005083507829503253
57,0,0.23999814350691542
45,0,0.11763866758880344
88,0,0.19260684411013765
20,0,0.035278964202440206
72,0,0.015024201786129213
90,0,0.3136018678030647
127,0,0.293175616493734
85,0,0.0
185,1,0.3794364568188706
181,0,0.00055005500550055
101,0,0.04354874544266769
104,0,0.0585093628454636
145,0,0.008521457234064245
116,0,0.11448792922477131
153,1,0.6175218775376776
93,0,0.00303747909511567
90,0,0.404870573264223
73,0,0.006324646801597722
37,0,0.44744249151351245
75,0,0.24966176221883984
6,0,0.5076133015345119
170,1,0.3118247336731578
113,0,0.028845442501961017
126,1,0.4933324618039845
44,1,0.7272124675743873
57,0,0.03545990643236017
196,1,0.554652295700889
189,1,0.7206405275875419
77,0,0.4325343176365033
73,0,0.301510977663394
2,0,0.06620608949704214
76,0,0.003908419697893383
37,0,0.41311627058578276
141,0,0.03161889268352576
144,0,0.0072745539909936435
78,0,0.001725143137110421
184,0,0.09532321045508767
5,0,0.22079707097520163
16,0,0.00055005500550055
177,0,0.5650611537718535
95,0,0.04469736523887341
119,1,0.6048001999259268
196,0,0.31243066699878447
141,0,0.29579329884207933
150,0,0.0
7,0,0.3575438469953238
202,0,0.001725143137110421
98,0,0.04187606785268593
85,0,0.3205607482995975
73,0,0.005083507829503253
17,0,0.0
146,0,0.0455853661268743
140,0,0.10688239346118959
169,0,0.012566737994637278
74,0,0.4113801594746717
44,0,0.23002636877702357
170,1,0.429917386057737
142,0,0.019370576786468627
38,0,0.0069132105819872045
166,0,0.12412234803573698
217,1,0.5680568531161416
52,0,0.059560673305984
77,0,0.005083507829503253
127,0,0.26304713804713803
25,0,0.16725829995840422
145,0,0.02694434325191263
131,1,0.43138376756015634
42,0,0.0949545597185315
69,0,0.03304810672416116
57,0,0.4851290437922404
42,1,0.49764280663157073
13,0,0.021314997625305605
43,0,0.15117450584228223
154,0,0.03058047113044279
192,0,0.01806101937335533
50,0,0.001725143137110421
182,1,0.6452822539779062
195,0,0.09673081893157041
102,0,0.07201014709273336
57,0,0.29461690517035066
87,0,0.025275536158530187
184,0,0.46297334006264196
177,1,0.6848320448825075
103,0,0.04667526987577342
118,0,0.012553002084943893
98,0,0.017621655202617253
33,0,0.03341610179780804
81,0,0.07941492869106334
201,0,0.004485130291581905
188,0,0.013897991603738516
229,0,0.009732017782485575
19,0,0.07633762110159288
65,0,0.2592780605491782
53,1,0.6556690077164214
229,0,0.010064959869778824
79,0,0.015600912379817733
115,0,0.07105887503833587
38,0,0.009732017782485575
106,0,0.15141661909077456
123,0,0.5114621308850763
52,0,0.12511670111781606
10,0,0.00055005500550055
211,0,0.25818399553169935
21,0,0.3084683071796474
25,0,0.2730949778919156
101,0,0.15399343171125532
134,1,0.6690756704980844
88,0,0.316324367806884
102,1,0.43076256192498236
106,1,0.29243789246498914
7,0,0.025111385225017314
143,0,0.10033975686149599
16,0,0.005083507829503253
90,0,0.02927537116117355
190,1,0.6269184362344964
79,0,0.03883087442226597
141,0,0.015024201786129213
135,1,0.4808034579201627
212,0,0.20117634152721875
194,0,0.004182606928602352
65,0,0.008356181697480071
20,1,0.5363453818831393
211,0,0.022117693090146832
188,0,0.051743885802457555
124,0,0.05680154393401465
91,0,0.0
98,0,0.028408488929323225
25,0,0.1085709822823225
113,0,0.0
176,1,0.7435567632850241
179,1,0.4551988415624779
35,0,0.10442483235135376
54,1,0.7089699759169902
132,0,0.06057674387043511
171,1,0.5397623449347587
86,0,0.00589871790598814
129,0,0.02566137262564502
202,0,0.02964813796680224
42,0,0.001725143137110421
28,0,0.21389536389536387
22,0,0.001450955906401451
70,0,0.1157204290735969
222,0,0.033487268908031616
154,0,0.019370576786468627
105,0,0.039199270549038066
194,0,0.1264828706986405
17,1,0.6056158071947545
147,1,0.6569528056484578
201,0,0.17307347460389785
118,0,0.002626044038011322
114,0,0.5908101964042558
121,0,0.030991797658464323
121,0,0.004413315180121173
62,0,0.013964270275630726
217,0,0.00055005500550055
1,0,0.5900949514827029
18,0,0.007447489565301627
12,0,0.4079975918712444
166,0,0.0
121,0,0.23471138908605357
215,0,0.02450305459085177
158,0,0.3279137004609552
142,1,0.5958988927738927
89,0,0.005083507829503253
130,0,0.31422930107140634
40,1,0.7340871376158611
83,0,0.035585272013509535
38,0,0.24746338781426502
44,0,0.03947579578715624
180,0,0.010967528069337712
44,1,0.6650877358523535
219,1,0.6184878779097845
115,0,0.008782110593089655
147,0,0.28362901603600843
211,1,0.6650877358523535
171,0,0.008356181697480071
70,1,0.061163076196927256
148,0,0.10142397236176254
127,0,0.01657828818469102
177,0,0.008605807600094878
47,0,0.06653426392831585
93,0,0.09145609365684514
58,0,0.5569745584060761
137,0,0.007944746640375722
137,0,0.00055005500550055
145,0,0.25406879028647
145,1,0.33760927875329316
59,0,0.07359604032768424
1,1,0.39885833346758387
220,0,0.04547278798196325
44,1,0.6976764138890258
177,0,0.2942148363496678
36,0,0.4668050676295315
146,0,0.18731718040192466
215,0,0.02450305459085177
124,1,0.311295706275426
111,1,0.6526203564884224
85,0,0.5003354159157355
106,0,0.05065488529675414
94,0,0.00055005500550055
98,0,0.04187606785268593
195,0,0.027849228276874863
17,0,0.012176999133520874
54,0,0.1798490912420847
105,1,0.6108826601723717
188,0,0.02472903946200447
81,1,0.6024807480748074
99,1,0.43779053784100785
156,1,0.6208773410497549
190,0,0.30160449244217896
157,1,0.3159113060428849
16,0,0.4463220240273656
167,0,0.1542635811826138
213,0,0.057381345100643334
34,1,0.3375481624909542
2,0,0.27966228175917657
107,0,0.0
31,0,0.0
4,0,0.002626044038011322
27,0,0.048122531416222664
73,0,0.012808623778040129
197,0,0.021891708218994128
81,0,0.19219597723964535
76,0,0.477336016809701
187,0,0.24679620559770374
100,0,0.1489036512121137
213,0,0.0030075187969924814
78,1,0.6450152720842376
44,0,0.07359604032768424
111,0,0.1604905712756043
90,1,0.2804648991880678
208,1,0.6409498048178708
89,0,0.01396694181283338
222,1,0.4256236730360934
61,1,0.5345798319327731
147,1,0.19854911744278514
213,0,0.03442695397871628
225,0,0.00055005500550055
148,0,0.10753988777296712
101,0,0.03545990643236017
164,0,0.5061598467539062
122,0,0.005083507829503253
50,1,0.33189142227186774
34,0,0.17715447320710478
110,0,0.07459315696158557
5,0,0.06653426392831585
138,0,0.04295290109886609
77,0,0.033487268908031616
59,0,0.0
63,0,0.0011750881316098707
38,0,0.5055653021442496
100,0,0.02927537116117355
142,0,0.10742615282540292
125,0,0.27505951861892736
124,0,0.02850581686775604
130,0,0.1668388708219329
99,0,0.38770716340760175
155,0,0.04187606785268593
215,0,0.00055005500550055
156,1,0.6576722128446266
28,0,0.0030075187969924814
81,0,0.1323039832880508
11,0,0.08479936422725876
65,0,0.0895454492805765
48,0,0.3604433980547128
146,0,0.22403897766216607
55,0,0.012231913184351606
140,0,0.2394366808986328
82,0,0.007229971515089376
77,0,0.011282005994955685
2,0,0.054555872422917255
145,1,0.6444262613547179
55,1,0.6952012024321924
180,0,0.05190875991791322
24,1,0.6282375060625555
112,0,0.027849228276874863
107,0,0.006870778971613106
74,0,0.0030075187969924814
111,0,0.0339117759174682
192,1,0.7217285966066455
79,0,0.14880913918714608
8,0,0.07524139842980422
40,0,0.4101877511374506
210,0,0.001725143137110421
29,0,0.06145045931750415
222,0,0.001725143137110421
144,0,0.007944746640375722
142,1,0.6144224106434177
23,0,0.42622937158177204
22,1,0.5008443774826133
102,1,0.600167031647494
7,0,0.010064959869778824
141,0,0.039199270549038066
36,1,0.5124363666283883
165,0,0.013502909274339815
37,0,0.4667600078217138
117,0,0.02942215309564954
149,1,0.6976764138890258
26,0,0.22858643181610364
23,0,0.0949545597185315
34,0,0.09286625777917712
78,0,0.020019689984668913
95,0,0.5682498656028069
83,0,0.00055005500550055
144,1,0.5339724834552421
69,0,0.14904417776426623
185,0,0.08582266116168678
196,0,0.020373228950139516
42,0,0.019762358061007016
44,0,0.13730250497666044
80,1,0.6735384828545431
107,0,0.09419767443075377
62,0,0.03537967315353027
24,0,0.09673081893157041
202,0,0.4307200834867566
55,1,0.4933324618039845
7,0,0.001725143137110421
71,0,0.5593077995823991
203,0,0.0
47,0,0.07359604032768424
64,1,0.7089699759169902
104,0,0.2982008995502249
14,0,0.02094180102959821
190,0,0.001725143137110421
67,0,0.3032414119370641
130,0,0.08656477902219288
82,1,0.09211345700086317
98,0,0.005494942886607602
117,0,0.33976190476190476
31,0,0.09786037574443603
153,0,0.25964964219734804
68,1,0.24256893253655262
165,0,0.45295461243737106
30,0,0.010308728376174097
183,0,0.2629466829896363
63,0,0.00055005500550055
170,1,0.7384195867758964
130,0,0.006071653480296125
106,0,0.015419970149897768
195,1,0.5302492984277092
73,0,0.23146822435359984
151,0,0.031300429545610554
87,1,0.30647562321671956
59,0,0.09673081893157041
136,0,0.4158976684808171
35,0,0.021891708218994128
139,0,0.08322818720764806
176,0,0.007944746640375722
95,0,0.03545990643236017
157,0,0.28816078755997043
101,0,0.001725143137110421
8,0,0.008605807600094878
44,0,0.041750702271536565
20,1,0.3688332522275733
17,1,0.2455633093473046
169,1,0.6650877358523535
65,0,0.693213601532567
158,1,0.44835590685827337
79,0,0.013502909274339815
103,0,0.26250442750442754
60,0,0.02472903946200447
81,0,0.010064959869778824
23,0,0.24268131387739833
0,0,0.0
140,0,0.008356181697480071
22,0,0.2670118950606755
112,1,0.6976764138890258
92,0,0.27630106318683656
47,0,0.024289675291266393
15,0,0.026855849365024637
217,1,0.6848320448825075
88,0,0.07359604032768424
129,0,0.09523666398197467
63,0,0.370347226394814
114,1,0.5102187883762995
199,0,0.007447489565301627
121,0,0.4224493768980255
176,0,0.00055005500550055
141,0,0.5392353358142832
125,0,0.01396694181283338
97,0,0.06057674387043511
10,1,0.45638406537282944
77,0,0.0
22,0,0.012808623778040129
71,0,0.00055005500550055
182,0,0.02305002625378738
68,0,0.008932892291168594
27,0,0.03262154484719665
64,0,0.22049210535586192
114,1,0.6311448186701737
112,0,0.5099325054385572
136,0,0.06635867178630335
45,0,0.17428478202603337
60,0,0.007944746640375722
109,0,0.1163868829522902
134,0,0.02450305459085177
81,0,0.02305002625378738
52,0,0.04783358791056667
21,1,0.7093469655595775
97,0,0.0
188,0,0.12371603527526541
217,0,0.1128146130476924
73,0,0.0585093628454636
98,0,0.005487282848883792
184,0,0.06025382698547091
147,0,0.001725143137110421
177,0,0.5203718831446688
83,1,0.5345596432552954
37,1,0.5903927227456639
189,0,0.02305002625378738
193,0,0.045490066388214456
158,0,0.04014103922420415
101,0,0.14333228474325085
45,0,0.00303747909511567
36,0,0.007944746640375722
131,0,0.00951882769976344
121,1,0.5297878527348533
13,1,0.7221055862492327
197,0,0.05428594803125872
197,0,0.013711320119737145
8,0,0.1655410193688189
194,0,0.006870778971613106
158,1,0.40426512002288795
167,1,0.35038409145631516
147,1,0.5363138376774741
138,0,0.002626044038011322
124,0,0.009732017782485575
31,1,0.5582264439490378
52,0,0.016759230414610984
63,0,0.02927537116117355
203,0,0.035585272013509535
207,0,0.00055005500550055
89,0,0.001450955906401451
69,1,0.12018867345658966
198,0,0.00055005500550055
21,0,0.42098697821589387
92,0,0.030350522356214635
80,0,0.3052217242583352
81,0,0.00055005500550055
82,1,0.46485681292311126
226,0,0.001725143137110421
146,0,0.2775102590328016
42,1,0.42726747815230964
57,0,0.00055005500550055
91,0,0.20752136752136752
131,0,0.001725143137110421
176,0,0.21959739741648043
93,0,0.04496824818994458
33,0,0.21695675182050841
113,0,0.10790765280869608
99,1,0.6108826601723717
83,0,0.020365090435909686
64,0,0.001450955906401451
120,0,0.09673081893157041
126,0,0.10142397236176254
17,0,0.005494942886607602
42,0,0.5454815251013762
190,0,0.008356181697480071
119,0,0.0
129,0,0.00303747909511567
182,0,0.1041244717828188
105,0,0.15698968048777587
70,0,0.10795293526139778
187,0,0.04229466761842268
128,0,0.36007615237493634
167,0,0.07741596708475411
99,1,0.5690834732446511
3,0,0.3091148400421362
61,0,0.00055005500550055
120,0,0.006071653480296125
143,0,0.016759230414610984
34,1,0.35619084137500084
122,0,0.10674403894908686
117,0,0.24645298616882413
112,0,0.34713391149584516
98,0,0.0
91,1,0.6144224106434177
112,0,0.007944746640375722
114,1,0.5863823915548053
37,0,0.012808623778040129
58,0,0.29595941980405965
113,0,0.26564743518964473
43,0,0.07811388031463179
83,0,0.002626044038011322
111,0,0.015600912379817733
204,0,0.009732017782485575
48,0,0.23718380385047053
115,1,0.6250619299399788
94,0,0.03884573158356746
182,0,0.4370330251782042
192,1,0.6815430498620154
105,0,0.007447489565301627
90,0,0.41581961320679856
44,0,0.049650779636432434
34,0,0.08990649787862019
104,0,0.6583046507080544
213,0,0.07180898920304113
78,0,0.061573860504336435
18,1,0.7709836893399991
109,0,0.006870778971613106
64,0,0.006870778971613106
192,0,0.113944169860558
59,0,0.030167722428716532
98,0,0.21854153003578292
40,0,0.18210549118336516
137,0,0.00303747909511567
154,1,0.21165189469297083
70,1,0.4702455195352311
93,0,0.036945640454412385
98,0,0.05265477317286887
77,0,0.041750702271536565
151,0,0.02018878744291491
186,0,0.02019228672021955
108,0,0.008521457234064245
7,0,0.006071653480296125
71,0,0.37042501101876585
147,0,0.0069132105819872045
26,0,0.32095597200169457
90,0,0.07633762110159288
202,0,0.057381345100643334
48,0,0.005083507829503253
14,0,0.09893872172759723
135,1,0.44249029646047605
183,0,0.002626044038011322
5,0,0.13221727067814956
91,0,0.1036254058261573
35,0,0.02666402478931591
83,0,0.17699329602572822
145,0,0.1157204290735969
157,0,0.009370674373479137
139,0,0.451681371450306
94,0,0.08743394665266135
150,0,0.39717340953148206
98,0,0.4755543914789593
35,0,0.113944169860558
53,0,0.35243324900516165
66,0,0.14129047281221194
8,0,0.03419446966597132
83,0,0.05031956870127494
173,0,0.019370576786468627
36,0,0.061332172968632116
46,0,0.08656477902219288
39,0,0.00589871790598814
189,0,0.018453758814433136
200,1,0.5760302076091549
143,0,0.006994839450979802
22,0,0.05031956870127494
169,0,0.34864522417154004
21,1,0.6767582875229051
19,0,0.1411429780417813
72,0,0.24372036496183128
51,0,0.017511990139267047
112,1,0.5101768346595933
77,0,0.02942215309564954
152,0,0.22246149130665757
121,0,0.15182966657920524
97,0,0.005083507829503253
63,0,0.00055005500550055
93,0,0.012231913184351606
143,1,0.7777795583823317
45,0,0.07950300262282449
89,0,0.006870778971613106
13,0,0.00055005500550055
161,0,0.20027228278512113
166,0,0.2466637369337287
208,0,0.00055005500550055
14,0,0.2532555282555283
9,0,0.0
90,0,0.29923500103126766
199,0,0.17276673633130277
68,0,0.04738004789814359
39,0,0.036069322711036515
20,0,0.06025382698547091
154,0,0.041750702271536565
36,0,0.03807125280421781
84,0,0.04721376612322045
46,0,0.03442695397871628
167,0,0.054432057845468305
32,1,0.6313050375550375
38,0,0.008521457234064245
0,0,0.01763554815798685
65,0,0.1451536343947644
72,0,0.31217135800222734
19,1,0.553700227773323
198,1,0.49764280663157073
17,0,0.15807293020897895
118,0,0.1204582429095487
58,0,0.1362037572563888
98,0,0.15698968048777587
81,0,0.18977165232872995
189,0,0.00055005500550055
41,0,0.26564743518964473
73,1,0.2572125457696906
30,0,0.5441901497842091
220,1,0.40935721539218983
53,0,0.05641726698368551
96,0,0.11824698392599627
99,0,0.02666402478931591
120,0,0.21403598774548172
151,0,0.5445781101696877
78,0,0.004182606928602352
130,0,0.005494942886607602
136,0,0.27919408146881697
182,1,0.6144224106434177
2,0,0.012755301672094455
175,0,0.25381585404653123
174,0,0.22109469177370414
142,0,0.005494942886607602
217,1,0.6591089532525997
197,0,0.08261805804443782
6,0,0.03161889268352576
80,0,0.08543522220932727
194,0,0.2303982244306566
211,1,0.49577453761023743
112,0,0.02666402478931591
222,0,0.02149738668948879
76,0,0.0339117759174682
191,0,0.2463791790792834
186,0,0.021033354150995224
3,0,0.0
157,0,0.00055005500550055
129,0,0.09603290570169272
21,0,0.19152263537515601
212,0,0.009947384967167659
7,0,0.019370576786468627
138,0,0.4989795717643819
123,1,0.5736396374730409
228,0,0.024987989466002395
74,0,0.005083507829503253
140,1,0.28137494770210675
213,0,0.09232980910391415
219,0,0.015600912379817733
201,1,0.5598549973803523
7,0,0.0
118,1,0.7217285966066455
123,0,0.005083507829503253
73,0,0.03232895087323836
145,0,0.045490066388214456
134,1,0.571374703727645
81,0,0.017158451173796444
1,0,0.001725143137110421
184,0,0.13281985709599173
22,0,0.5012050327839801
225,0,0.30638214911916584
4,0,0.07666053798655709
116,1,0.470223978919631
66,0,0.01758094034836191
7,0,0.07666053798655709
106,0,0.5007733229463297
178,0,0.23072236827944592
76,1,0.3892266021149335
4,1,0.24668378262729995
117,0,0.010308728376174097
33,0,0.4370330251782042
111,0,0.04080079508214064
207,0,0.1362037572563888
84,0,0.007944746640375722
92,0,0.12191319562453584
206,0,0.062300443605441104
3,0,0.1549066830021419
103,0,0.07636941617462448
100,0,0.29755106318683655
13,1,0.29372219723096915
55,1,0.5563152469093063
77,0,0.20800957568373116
192,0,0.00303747909511567
214,0,0.007229971515089376
14,0,0.13613337838209444
75,1,0.49577453761023743
145,0,0.004319854754997731
30,0,0.045490066388214456
83,0,0.16820837244001638
100,0,0.44487872354114394
28,0,0.021314997625305605
92,1,0.36543344741446804
85,0,0.010308728376174097
110,0,0.20194096449804214
68,0,0.10795293526139778
79,0,0.1576598827205483
26,0,0.01771350997450408
106,0,0.6148497235453757
32,1,0.09469026962134391
225,0,0.0209076908726698
106,0,0.00055005500550055
194,0,0.010064959869778824
142,0,0.030460574648732506
152,0,0.07359604032768424
126,1,0.05166906612963151
158,0,0.43534357270164525
111,0,0.002626044038011322
140,0,0.001725143137110421
1,0,0.005083507829503253
63,0,0.0032382270485113024
187,0,0.06507755814373706
0,0,0.1461775310412876
63,0,0.027521053845601152
151,1,0.6409498048178708
80,1,0.49577453761023743
123,0,0.09673081893157041
205,0,0.1264947893622453
164,0,0.2434256506545663
82,0,0.05236737487655014
47,0,0.011976291491255371
193,1,0.738883019244939
62,0,0.2941418739008017
61,1,0.6144224106434177
137,0,0.004413315180121173
58,0,0.6242611794335933
59,1,0.6773296387520525
125,0,0.45233859126567943
124,0,0.15698968048777587
123,1,0.5336533254890253
8,0,0.001450955906401451
105,0,0.010064959869778824
24,0,0.47887345284840405
111,0,0.004182606928602352
27,0,0.2452882483370288
46,0,0.0036364747585869695
153,0,0.13063055039452218
222,0,0.02666402478931591
224,0,0.004485130291581905
33,0,0.19148650153016966
50,0,0.2362837779504446
97,1,0.5018188881825245
194,1,0.556437908496732
191,0,0.027306483617844064
64,0,0.02300569397814772
223,0,0.001725143137110421
53,0,0.010308728376174097
163,0,0.06848322372126579
24,0,0.002626044038011322
58,0,0.012566737994637278
197,0,0.007944746640375722
176,0,0.48652234088609836
134,0,0.001725143137110421
92,0,0.0020759890325107717
79,1,0.13006321889741
140,0,0.28147407437372957
12,0,0.20530078782190544
150,0,0.016114255646197454
33,1,0.34164086255094855
11,0,0.06420632553234464
52,1,0.6848320448825075
137,0,0.015024201786129213
47,1,0.6611577311577311
7,0,0.43779053784100785
228,0,0.11970919994227928
27,0,0.1306423475853901
43,0,0.10753988777296712
53,0,0.1714294259999456
140,0,0.07564446742210597
144,0,0.22543668094079292
32,0,0.05024056497352999
223,1,0.6591089532525997
0,0,0.016759230414610984
147,0,0.015475191517031132
208,1,0.6664354519075602
138,0,0.015600912379817733
148,1,0.4421008826685941
185,0,0.031300429545610554
116,1,0.3788174139051332
13,0,0.10748497987903181
15,0,0.08576535249699642
0,0,0.17067981224521947
130,0,0.002626044038011322
113,0,0.5757631135920609
165,0,0.015081044946495878
204,1,0.6208773410497549
61,0,0.012343364154343214
43,0,0.012162962975256743
181,0,0.0
158,0,0.002626044038011322
80,0,0.006870778971613106
143,0,0.15408386446187136
15,0,0.18492589391465797
114,0,0.07567150294474678
197,0,0.03433429408255474
81,0,0.42385392385392384
208,1,0.6526203564884224
94,0,0.02018878744291491
134,0,0.06025382698547091
116,0,0.10790765280869608
2,0,0.049636773918119485
132,0,0.05654072241205504
60,0,0.3526257847969771
213,0,0.3998679656661095
0,0,0.00303747909511567
91,0,0.2071054166759363
97,0,0.012162962975256743
39,0,0.012162962975256743
107,0,0.010987874843646871
51,1,0.23248514851673988
193,0,0.002626044038011322
169,1,0.7471369874989072
47,1,0.5598549973803523
15,0,0.0030075187969924814
61,0,0.006870778971613106
208,1,0.6207515851123925
122,1,0.587445354035743
23,0,0.2517278779213192
217,1,0.5152148046884889
196,0,0.002626044038011322
161,0,0.159338535860275
62,1,0.046376882125987874
79,0,0.18352853487786022
99,0,0.009370674373479137
108,0,0.14231145595224637
22,1,0.526344567879378
140,0,0.3556203378743852
118,0,0.009732017782485575
51,0,0.016316555233348014
161,0,0.10338041088621748
47,0,0.04050838777110087
83,0,0.012739673568945264
4,0,0.0514475864460952
163,0,0.0
104,0,0.1271522836740228
210,1,0.6693427645151783
192,0,0.16032013760147043
95,0,0.002626044038011322
198,0,0.06057674387043511
16,0,0.04436204864339421
15,0,0.0878927833191631
25,1,0.6331868921308575
80,0,0.007229971515089376
86,0,0.17543884125903406
139,0,0.00055005500550055
54,0,0.017692391318353522
35,0,0.005494942886607602
95,0,0.031671637657800726
194,1,0.620911007407595
153,0,0.1763687758865677
76,0,0.03433429408255474
182,0,0.022984575321997158
78,0,0.19526268312543427
187,0,0.15058706725373391
21,0,0.4688208824472875
104,1,0.43832668537289576
41,1,0.6359317311041449
207,0,0.26187063207073635
144,0,0.022984575321997158
19,0,0.18731718040192466
221,1,0.5917651195499297
109,1,0.4363263824048138
143,0,0.005494942886607602
168,1,0.7104350345786811
214,1,0.6474384015820479
190,1,0.5883223293709228
72,0,0.4723400004975116
132,0,0.005494942886607602
224,0,0.00055005500550055
186,0,0.016759230414610984
126,0,0.4131412798529541
29,1,0.6144224106434177
3,0,0.02942215309564954
166,0,0.00453737565948787
0,0,0.005083507829503253
156,0,0.020373228950139516
45,1,0.4589319158462606
31,0,0.25834080804756926
135,0,0.0018623909635057995
173,0,0.13861676357914632
151,0,0.040717749817892675
76,1,0.6372724147414742
82,0,0.0
67,0,0.0
105,0,0.25464864199634585
124,1,0.6948721232879888
23,1,0.22996634997206686
18,0,0.017692391318353522
95,1,0.7089699759169902
134,0,0.021314997625305605
125,0,0.006071653480296125
5,0,0.013080081261017002
124,0,0.06015472094758357
112,0,0.027458581739927306
114,0,0.04187606785268593
74,0,0.00055005500550055
119,0,0.3058130873706398
108,0,0.186791669464644
32,0,0.005494942886607602
18,0,0.4604287289847923
83,0,0.004413315180121173
38,0,0.2670118950606755
82,0,0.007229971515089376
109,0,0.008356181697480071
74,0,0.015600912379817733
176,1,0.6673629215065678
181,0,0.3824509432030972
61,1,0.6292901209195308
34,0,0.04761792794260958
208,0,0.43407237766492973
135,0,0.047234530528221776
63,0,0.0011750881316098707
135,0,0.012231913184351606
30,0,0.017649584316250983
101,0,0.02450305459085177
215,1,0.6965025965530591
29,0,0.05641726698368551
24,0,0.05375187704282969
36,0,0.14849060372368306
216,0,0.003908419697893383
108,0,0.44249029646047605
148,0,0.048203609519406554
71,0,0.001450955906401451
146,0,0.006870778971613106
232,0,0.11037057632802312
17,0,0.001725143137110421
136,0,0.02927537116117355
164,0,0.06862638406014598
100,0,0.341852787683657
178,0,0.015024201786129213
193,0,0.41928150686465543
125,0,0.24251421640979876
31,0,0.02313135725647314
119,0,0.4121212121212121
25,0,0.045490066388214456
228,1,0.13979982939138738
22,0,0.0
78,1,0.6551418898795957
133,0,0.10795293526139778
50,0,0.011467046410967347
208,1,0.5572806214253583
222,0,0.02263103635652655
117,0,0.016759230414610984
97,0,0.14849060372368306
183,0,0.05702752880516735
221,0,0.15440647919968598
26,0,0.08261805804443782
45,0,0.15900303137094218
2,0,0.010091210325961846
4,0,0.10480726656597428
81,0,0.01407429459673329
165,0,0.005083507829503253
151,1,0.6144224106434177
26,0,0.0
38,0,0.001725143137110421
78,0,0.30787756327363186
134,0,0.1989621649312158
213,0,0.001725143137110421
79,0,0.10688239346118959
203,0,0.011467046410967347
58,0,0.0072745539909936435
24,0,0.03593893380597863
83,0,0.4731755838778547
207,0,0.012739673568945264
112,0,0.0
192,1,0.5567469567469567
114,0,0.05762623874363402
19,0,0.10442483235135376
220,0,0.16450131315788374
76,0,0.25481386392811295
138,0,0.5977337852591402
50,1,0.6783121537960248
117,0,0.05065488529675414
101,0,0.0
17,0,0.02305002625378738
121,0,0.05879500767928375
22,0,0.010308728376174097
24,0,0.11502251584371921
71,1,0.6372724147414742
223,1,0.35791931173566205
120,0,0.005494942886607602
27,0,0.012808623778040129
180,0,0.009370674373479137
35,0,0.26630106318683655
24,0,0.0030075187969924814
101,0,0.3472944361691164
105,0,0.06057674387043511
139,0,0.18944750847994066
92,0,0.00055005500550055
167,1,0.6650877358523535
42,0,0.04142778538657236
48,0,0.0
89,1,0.3665626922794778
204,0,0.0
167,0,0.007447489565301627
116,1,0.6432426832426833
71,0,0.11562766268850787
37,0,0.016759230414610984
205,0,0.28515370389302414
169,0,0.04187606785268593
155,0,0.08576535249699642
8,0,0.0585093628454636
35,0,0.07564446742210597
226,0,0.448902694360883
192,0,0.1157204290735969
112,0,0.42829149237428116
78,0,0.012162962975256743
36,0,0.004586381947982891
2,0,0.018275225844661597
27,1,0.49005769442145186
159,1,0.587445354035743
10,0,0.00055005500550055
21,1,0.7446591970121382
147,0,0.009358821186778176
164,0,0.17428478202603337
25,0,0.44879651298382756
2,0,0.15698968048777587
218,1,0.6452822539779062
135,0,0.0
139,0,0.08484107928718689
76,0,0.0514475864460952
182,1,0.5985345357655257
209,0,0.3675967238360441
194,1,0.6694444444444446
136,0,0.032667617830582564
104,0,0.02305002625378738
3,0,0.09478737021375
0,1,0.6282375060625555
62,0,0.02666402478931591
132,0,0.041750702271536565
106,0,0.00055005500550055
62,1,0.5308855273996463
136,1,0.6965025965530591
19,1,0.24437321204736753
106,0,0.07359604032768424
122,0,0.225951534940299
194,1,0.6385603416779005
36,0,0.014843259556209248
88,0,0.17543884125903406
231,0,0.10184914661311839
144,0,0.009732017782485575
97,0,0.13063055039452218
16,0,0.016759230414610984
82,0,0.14726791855122734
4,0,0.07641062238307612
124,0,0.006870778971613106
5,0,0.015419970149897768
131,1,0.5245342312008979
133,0,0.14198913609285696
38,0,0.015600912379817733
46,0,0.0
26,0,0.5034701076239484
102,0,0.040734631707085446
6,0,0.19862239586213215
157,0,0.3977534591260212
61,0,0.2463385330685072
159,0,0.16097845135645825
100,0,0.014661227309133065
72,0,0.0369773553590616
100,0,0.02472903946200447
141,0,0.406678658105674
73,0,0.12874342755145232
30,0,0.019370576786468627
109,0,0.029883864055043983
26,0,0.040717749817892675
210,0,0.010064959869778824
37,1,0.5297878527348533
24,0,0.015024201786129213
232,0,0.0
11,1,0.3978027222082792
128,0,0.041750702271536565
45,0,0.16615470072522034
71,1,0.22894811083505803
185,1,0.5028151930628711
53,0,0.17198517555892476
136,0,0.08164568051739511
129,0,0.5302195625725038
42,0,0.22111834265626365
165,0,0.10184914661311839
122,1,0.5503419508733028
205,0,0.3710749455682352
108,0,0.0
106,0,0.03807125280421781
216,0,0.02927537116117355
170,0,0.009732017782485575
201,1,0.5073572261072261
174,0,0.008195586241869265
68,0,0.0032382270485113024
131,0,0.0032382270485113024
91,0,0.04244144955289867
54,0,0.004182606928602352
135,1,0.5768693450477559
6,0,0.17832814600230149
98,1,0.5601807196634784
86,0,0.029134769975072642
90,0,0.21297780865682103
93,0,0.06943656344093464
127,0,0.020373228950139516
112,0,0.08576535249699642
22,1,0.2681965319471868
0,0,0.21216631544786269
119,0,0.04512167026144236
186,1,0.5883223293709228
36,0,0.19152263537515601
91,0,0.2856883547520954
52,0,0.002626044038011322
129,0,0.16949611336555634
16,1,0.6308777246530797
130,0,0.035442447703441814
1,0,0.06955065726995552
178,0,0.13347753936679782
59,0,0.20194096449804214
70,1,0.47567936850296677
219,0,0.10108824053680893
9,0,0.021314997625305605
158,0,0.00055005500550055
165,0,0.37042501101876585
171,0,0.04187606785268593
32,0,0.0967589914958336
120,0,0.17067981224521947
135,1,0.7089699759169902
178,0,0.010308728376174097
22,0,0.21802276370177606
55,0,0.05528306466516004
28,0,0.11464241881228289
193,0,0.01763554815798685
188,0,0.04738004789814359
70,0,0.008356181697480071
93,1,0.7709836893399991
152,0,0.030460574648732506
134,1,0.5345910611128003
168,0,0.00055005500550055
104,1,0.31394316867145283
25,0,0.09145609365684514
124,1,0.2541328067643857
115,0,0.4904401497842092
151,1,0.6914774904214559
200,0,0.012739673568945264
65,0,0.022117693090146832
178,0,0.4869361537718535
3,1,0.693213601532567
9,0,0.005660218423191776
72,0,0.19892913413472724
122,0,0.001725143137110421
57,0,0.44487872354114394
3,1,0.6094580230844281
20,0,0.001725143137110421
118,0,0.09478737021375
43,0,0.451681371450306
52,0,0.001725143137110421
87,0,0.009370674373479137
223,0,0.21643308366656958
231,0,0.0585093628454636
2,0,0.09673081893157041
59,0,0.3126359485263595
69,0,0.02942215309564954
112,0,0.3322989510489511
137,1,0.6148497235453757
65,0,0.005494942886607602
104,0,0.0585093628454636
186,0,0.0
60,0,0.09145609365684514
6,0,0.08684369848015765
123,0,0.3218052275232247
224,0,0.08576535249699642
122,1,0.6474384015820479
38,0,0.015024201786129213
226,0,0.001725143137110421
173,1,0.6144224106434177
203,1,0.7089699759169902
26,1,0.7093469655595775
179,0,0.5757856701374031
225,0,0.1135963112726792
132,0,0.11389930347212555
221,0,0.23248514851673988
13,0,0.2531765018607124
32,0,0.022117693090146832
217,0,0.1157204290735969
193,0,0.03825269784683357
126,0,0.0
98,1,0.6311448186701737
180,1,0.6308777246530797
0,0,0.015600912379817733
135,0,0.015600912379817733
81,0,0.13240680960756107
222,0,0.053920014440848735
121,0,0.010064959869778824
123,0,0.3395589481942492
128,0,0.005494942886607602
162,0,0.02305002625378738
123,0,0.0
16,0,0.009370674373479137
102,1,0.6221908742598398
95,0,0.021891708218994128
74,1,0.4933324618039845
8,0,0.007447489565301627
85,1,0.5667972648829647
52,1,0.320142568858437
157,0,0.011467046410967347
151,1,0.33152591908937085
92,0,0.09689438747469836
116,1,0.6452822539779062
23,1,0.7000526355365064
202,1,0.6732581473449595
54,0,0.07102038901061417
113,1,0.4081197768363543
18,0,0.020339068654695536
37,0,0.1840083386761151
26,1,0.3526257847969771
63,0,0.04187606785268593
148,0,0.004182606928602352
108,0,0.5515410515410516
142,0,0.019436855458360835
11,0,0.07811388031463179
48,0,0.0
8,0,0.34718320024298527
86,0,0.18210549118336516
74,1,0.28793298834790776
88,1,0.5018188881825245
83,0,0.002626044038011322
191,0,0.33377181443479786
26,0,0.44833783884512163
88,0,0.022117693090146832
128,0,0.19722700942535884
84,0,0.11424647346518817
52,0,0.09678236548312201
203,0,0.5017448531920837
193,0,0.2316882875561511
159,1,0.48451996987237034
12,0,0.3234036269123988
107,0,0.1513375926959587
77,1,0.5942241909379394
90,1,0.31989911644174224
206,0,0.08656477902219288
180,0,0.5918049297834104
157,0,0.48886636904345715
175,0,0.36434661009960645
37,0,0.007944746640375722
196,0,0.010308728376174097
24,0,0.14880913918714608
144,1,0.7206405275875419
82,1,0.5308404675918287
32,1,0.5947772597772598
110,0,0.008521457234064245
2,0,0.0
200,0,0.01763554815798685
35,0,0.6050447373976785
183,0,0.010308728376174097
65,0,0.10338041088621748
61,0,0.3126463415572327
72,1,0.6322045694355594
206,0,0.32426224814189797
94,0,0.15447685807398037
123,0,0.07263005205794658
170,0,0.0030075187969924814
128,0,0.02305002625378738
203,0,0.015024201786129213
48,0,0.04359976758769193
178,0,0.0
156,1,0.6728282828282829
62,0,0.005083507829503253
33,0,0.004413315180121173
79,0,0.06331832464434374
84,0,0.51416533970276
111,0,0.005660218423191776
142,0,0.5337549161078573
186,0,0.42229695963470487
47,0,0.045490066388214456
32,1,0.7206405275875419
116,1,0.6818101438791094
32,0,0.027849228276874863
135,0,0.034911004676243265
225,0,0.004182606928602352
199,1,0.5351729167518641
188,0,0.004319854754997731
52,0,0.022117693090146832
45,0,0.01396694181283338
210,0,0.12641576296742943
94,1,0.6848320448825075
189,1,0.60983164983165
145,1,0.6372724147414742
153,0,0.348650906067174
47,0,0.02755013486132432
104,0,0.001450955906401451
29,0,0.0611418278734718
66,0,0.07870357609762803
155,0,0.45525057444562095
214,0,0.553700227773323
4,0,0.09689438747469836
52,0,0.1564492311170075
136,0,0.07887076560240952
141,0,0.007447489565301627
71,0,0.12428992649067795
62,0,0.009370674373479137
114,0,0.007229971515089376
131,1,0.5262524991994998
199,0,0.015600912379817733
0,1,0.5392353358142832
64,0,0.00055005500550055
168,0,0.22153115644029486
209,1,0.6650877358523535
48,0,0.001725143137110421
171,0,0.43604033970276007
13,0,0.00055005500550055
104,0,0.016759230414610984
71,0,0.054555872422917255
106,0,0.4101877511374506
219,0,0.17741417612551633
46,0,0.07180898920304113
25,1,0.6704025152805642
107,1,0.5266122766122766
138,1,0.5510149572649573
80,0,0.1526750832624992
168,0,0.04187606785268593
75,0,0.4738006632743475
15,1,0.6225532118429234
110,0,0.034911004676243265
203,0,0.028679371880394405
64,0,0.20506928165432825
33,0,0.5582264439490378
197,1,0.17255898281281123
87,0,0.3356181574191956
46,0,0.036826934693979525
126,0,0.5716337039866453
85,1,0.5386910981738567
42,0,0.3389124936542541
206,0,0.16859404086618465
73,0,0.34050425244544663
36,1,0.577640367888046
69,0,0.26297266419217635
150,0,0.036662105259689694
49,1,0.49577453761023743
211,1,0.4336140496185474
224,0,0.09673081893157041
205,0,0.005083507829503253
203,0,0.031300429545610554
141,0,0.07887076560240952
71,0,0.03262154484719665
153,0,0.46297334006264196
163,1,0.6409498048178708
15,0,0.2424650083554193
53,0,0.016759230414610984
146,1,0.5091527572472695
114,0,0.15217162247618357
79,0,0.451144387701545
124,0,0.20044173362074594
51,0,0.0
187,0,0.27137030687840796
32,0,0.1337224617049254
47,0,0.04895823026322777
177,0,0.10338041088621748
61,0,0.14903477786623034
199,0,0.39090805462093164
117,0,0.05019498294959033
208,0,0.004586381947982891
41,1,0.7288944958415101
62,0,0.0
197,0,0.12678053293413824
33,0,0.06725468672576736
55,0,0.07887076560240952
93,1,0.5758603125269792
20,0,0.2059290230042076
150,0,0.07666053798655709
58,0,0.3515540015540015
17,0,0.045490066388214456
19,0,0.20383218054251537
108,1,0.393489771557483
129,0,0.015024201786129213
109,0,0.21194906365939847
31,0,0.07113803312497342
146,0,0.21841697846064656
142,0,0.11186904296534265
103,1,0.5442391304347826
161,1,0.34718320024298527
35,0,0.004319854754997731
166,0,0.03759122538478695
73,1,0.5297878527348533
119,0,0.0949545597185315
92,0,0.022191162716463018
97,0,0.0018623909635057995
33,1,0.6587319636100124
78,1,0.530269487105187
37,1,0.3375481624909542
105,1,0.43756866914761644
127,0,0.2879494243130607
70,0,0.0477082223294173
101,0,0.14849060372368306
101,0,0.020365090435909686
162,1,0.683907640404228
5,1,0.6002685415102267
229,0,0.009466582331857475
110,0,0.00589871790598814
18,1,0.6965025965530591
169,0,0.0
63,0,0.0009009009009009009
84,0,0.03436600898720396
24,0,0.039199270549038066
225,0,0.0047593175222908745
102,0,0.10390326073468943
139,1,0.5262524991994998
175,0,0.1892453633467754
121,0,0.008356181697480071
214,1,0.36763373121131737
43,0,0.007043845739474822
58,0,0.11831289483463396
12,0,0.03545990643236017
43,0,0.10674403894908686
156,0,0.008932892291168594
84,1,0.7333991482771971
126,0,0.0
134,0,0.0949545597185315
106,0,0.48684294056545013
149,0,0.047234530528221776
125,0,0.38048478414720455
133,0,0.019325404488369224
29,0,0.02942215309564954
22,0,0.0
32,0,0.07790477733267186
47,0,0.005494942886607602
42,0,0.19854911744278514
108,0,0.0
13,0,0.0
18,1,0.5458715151279949
117,0,0.03009089675756342
71,0,0.00303747909511567
94,0,0.38379409185349117
18,0,0.22526872128545825
175,1,0.4668050676295315
40,1,0.23002636877702357
115,0,0.040717749817892675
11,0,0.2071054166759363
5,0,0.008932892291168594
46,1,0.42725264237629496
215,0,0.06740797937538488
174,1,0.45083502569309825
110,0,0.021891708218994128
141,0,0.02305002625378738
171,0,0.031473055271682274
198,1,0.4675349991139464
44,0,0.5390180320412599
159,0,0.367900876294526
121,0,0.012808623778040129
87,0,0.2303982244306566
162,0,0.0949545597185315
113,0,0.015600912379817733
49,1,0.49577453761023743
119,0,0.00055005500550055
12,0,0.3924410666459126
97,0,0.1534021831660032
48,0,0.013897991603738516
85,0,0.11763866758880344
140,1,0.4667600078217138
57,0,0.3215811965811966
140,0,0.24036947211012374
165,0,0.31961282335130065
125,1,0.47738107661751866
106,0,0.24636075751317385
0,0,0.005487282848883792
101,0,0.0
167,1,0.42787286325610746
144,0,0.07855028344801049
130,0,0.00303747909511567
52,0,0.016759230414610984
138,0,0.10092487340330887
56,1,0.3665626922794778
216,0,0.09145609365684514
184,1,0.6020662344191757
215,0,0.6569528056484578
65,0,0.17307347460389785
176,1,0.6824425817425372
33,0,0.0069132105819872045
4,0,0.42247349910755627
210,1,0.5757856701374031
44,1,0.3423547588655791
180,0,0.020213405376370116
90,0,0.025617040350005362
169,0,0.01396694181283338
106,0,0.027849228276874863
167,0,0.6144224106434177
83,0,0.003908419697893383
0,0,0.0
44,0,0.021891708218994128
59,0,0.24052335842301356
154,1,0.5644910644910645
46,0,0.04094373468904538
196,0,0.29043090479260697
37,1,0.42787286325610746
9,0,0.0
144,0,0.20506928165432825
100,0,0.37512816156266293
168,0,0.005083507829503253
196,0,0.2971389037100172
69,1,0.14870641359381975
209,0,0.023926343997163247
141,0,0.0
0,0,0.2785628477786976
196,1,0.6574051188275326
179,0,0.33299509555217316
24,0,0.24151753935429224
75,0,0.012162962975256743
84,0,0.008932892291168594
88,0,0.17307347460389785
43,0,0.015600912379817733
171,0,0.21755933823835058
192,1,0.6673395593869732
89,1,0.5883223293709228
2,0,0.13063055039452218
83,0,0.3495335819246199
21,0,0.00303747909511567
106,0,0.020373228950139516
151,1,0.2923011298330758
74,0,0.031019835301180868
24,0,0.01396694181283338
5,0,0.005083507829503253
25,0,0.08570278073775535
69,0,0.0
56,0,0.009947384967167659
76,0,0.05318506155968212
107,0,0.02255464666278462
69,0,0.031057954783250154
104,0,0.017272573680990708
205,0,0.07207654773146922
70,0,0.005083507829503253
26,0,0.47124404665137315
193,0,0.17369626036292704
107,1,0.7008350457130946
142,0,0.019436855458360835
208,0,0.15399343171125532
157,0,0.21959739741648043
3,1,0.4545802846063414
92,0,0.505257361775989
112,0,0.0038632601746206234
124,0,0.017511990139267047
106,0,0.44249029646047605
101,0,0.22015635020001834
208,0,0.1606895788366816
84,0,0.005083507829503253
18,0,0.47985448544854487
34,0,0.3049939920315366
183,0,0.21165189469297083
111,0,0.10480726656597428
94,0,0.29151608734695666
87,0,0.5593077995823991
125,0,0.005695690840003234
133,0,0.22369170373537184
162,0,0.49752586594691856
68,0,0.0
86,0,0.2950386770813258
133,1,0.5053838299452336
9,0,0.031019835301180868
60,0,0.001450955906401451
8,0,0.001450955906401451
42,0,0.008521457234064245
123,1,0.5227635926165338
1,0,0.005083507829503253
43,1,0.3950571309906348
172,1,0.6767582875229051
180,0,0.009908294042233309
23,0,0.0
136,1,0.5815508526085822
167,0,0.018341176935540878
114,0,0.1549066830021419
42,0,0.053221868213893735
55,0,0.005083507829503253
127,0,0.002626044038011322
107,0,0.23773205993040927
142,1,0.7206405275875419
150,1,0.4285208685843204
67,0,0.0827014182222525
75,0,0.009732017782485575
136,0,0.0
100,0,0.006071653480296125
50,0,0.13240680960756107
183,1,0.6852090345250947
47,0,0.09182497510844428
82,0,0.0059176355570841254
139,1,0.3311158353459538
7,0,0.04703510929191863
177,1,0.6108826601723717
148,1,0.13905999727123716
177,0,0.10184914661311839
15,0,0.0
140,0,0.17367606102174005
138,0,0.00055005500550055
44,1,0.6144224106434177
6,0,0.6148497235453757
60,0,0.03545990643236017
106,0,0.29290310189186597
141,0,0.13063055039452218
4,0,0.002626044038011322
215,0,0.02727251768318634
87,0,0.02566137262564502
119,1,0.4227006911217437
98,0,0.10887869267315908
137,1,0.5644910644910645
126,0,0.11303816955990868
39,0,0.2059290230042076
192,0,0.06601503768828834
82,1,0.22374278483264143
3,0,0.5530677899098951
170,0,0.015024201786129213
90,0,0.35895341321670476
80,0,0.4891334630605512
195,0,0.2843839844410621
124,0,0.004182606928602352
74,0,0.03385024338502776
164,0,0.035278964202440206
60,0,0.4738006632743475
104,0,0.4969866551872579
185,1,0.5908101964042558
190,0,0.015537545052508933
42,0,0.3168061136918871
78,0,0.0072745539909936435
131,1,0.392017508235188
213,0,0.001450955906401451
206,0,0.24301227404064285
130,0,0.08552035755705661
107,0,0.10215142755067765
177,0,0.03262154484719665
210,0,0.48984039207969693
133,0,0.012739673568945264
208,0,0.01221980613562341
160,0,0.04189645386385937
56,1,0.4752914940080715
85,1,0.5352682724412792
33,0,0.009370674373479137
10,0,0.5176761265870177
77,0,0.008932892291168594
4,0,0.26501203624682046
206,1,0.17649032477187201
131,0,0.02566137262564502
213,1,0.6148497235453757
90,0,0.012920074748031737
186,0,0.02380278597844344
28,0,0.07722562198959378
69,0,0.554652295700889
167,0,0.2398183688569641
218,0,0.010308728376174097
112,0,0.008356181697480071
93,0,0.25381585404653123
46,0,0.001725143137110421
34,0,0.012231913184351606
185,1,0.5262524991994998
121,0,0.03752235104810091
186,0,0.14986298229899384
134,1,0.47303670987881513
9,1,0.33753467580687263
196,1,0.6412394781144781
93,0,0.12849048952090508
29,0,0.15249544732700204
119,1,0.5408454960931742
134,0,0.006870778971613106
65,0,0.06248888087058712
148,0,0.05319205058610251
12,0,0.3710749455682352
101,1,0.43162256846467373
182,0,0.029007546311668117
63,0,0.05987753449872948
67,0,0.09786037574443603
98,0,0.5352682724412792
134,0,0.041750702271536565
211,1,0.5124604817169615
194,1,0.47116711521420934
22,0,0.019370576786468627
9,1,0.34877495903417777
84,0,0.1381636388888773
98,0,0.030460574648732506
162,1,0.21403598774548172
75,0,0.21194906365939847
90,0,0.04928114714819198
139,0,0.04984623115122866
51,0,0.012162962975256743
66,0,0.006071653480296125
209,1,0.365387400895502
26,0,0.13281985709599173
88,0,0.20876258994970334
44,0,0.12505918392565932
12,0,0.42498952520489236
134,1,0.5134635479463066
126,1,0.6574051188275326
116,1,0.7227935755878967
145,0,0.06233558822096958
20,0,0.04702542754626184
85,0,0.011467046410967347
37,0,0.007447489565301627
143,0,0.041750702271536565
92,0,0.12371603527526541
84,0,0.22811092631780952
154,0,0.0
8,0,0.07180898920304113
158,1,0.6587319636100124
169,0,0.07887076560240952
34,0,0.022984575321997158
103,1,0.35315029592704145
16,0,0.2362837779504446
133,0,0.10184914661311839
42,0,0.008521457234064245
2,0,0.25292114610714983
71,0,0.0
144,0,0.02450305459085177
119,0,0.0068185364579850275
66,0,0.2597070694553301
116,1,0.6144224106434177
175,1,0.48489056639604994
0,0,0.011467046410967347
128,0,0.42580167107619854
38,0,0.3000786971944957
30,0,0.027849228276874863
20,1,0.4614378630845541
77,0,0.00055005500550055
42,0,0.17159306353610607
200,0,0.3985885912656794
28,0,0.025519212475734212
194,0,0.5003354159157355
46,0,0.02727251768318634
50,0,0.017272573680990708
29,0,0.06025382698547091
10,1,0.46721631705886907
151,0,0.16949611336555634
164,0,0.021891708218994128
56,0,0.031019835301180868
27,1,0.5503419508733028
29,0,0.021033354150995224
21,0,0.2053699318892689
91,0,0.004182606928602352
50,0,0.013502909274339815
104,0,0.021891708218994128
159,0,0.1014686327675222
31,0,0.3761526702236912
190,0,0.04403913175843
213,0,0.3113948329470488
88,0,0.012162962975256743
84,0,0.017272573680990708
142,0,0.04266997668532196
212,0,0.15582927954061976
164,0,0.02263103635652655
13,0,0.1794276121277164
18,0,0.010308728376174097
206,0,0.016759230414610984
113,0,0.0032382270485113024
147,1,0.6049952107279694
119,0,0.10795293526139778
203,0,0.001725143137110421
162,0,0.6409498048178708
187,0,0.002626044038011322
127,0,0.27495391016218645
146,0,0.00055005500550055
52,0,0.04187606785268593
61,0,0.02450305459085177
150,0,0.2599258253584556
35,0,0.08193526326128237
49,1,0.2947084524130846
138,0,0.045490066388214456
40,0,0.08261805804443782
211,0,0.13555226592027347
125,0,0.02305002625378738
194,1,0.5935066378979624
45,0,0.04783358791056667
7,0,0.020213405376370116
165,0,0.1036254058261573
144,0,0.09766377623265432
205,0,0.12052079763066077
214,1,0.5426191741981216
8,1,0.6513189623675557
66,0,0.017272573680990708
85,0,0.25292114610714983
1,0,0.07275541763909595
160,0,0.5174315891152659
99,1,0.7093469655595775
131,0,0.2912430136527616
93,0,0.012231913184351606
19,0,0.03968332124656505
15,0,0.04094373468904538
160,0,0.00055005500550055
227,0,0.02300569397814772
136,0,0.012566737994637278
197,0,0.003908419697893383
131,0,0.40781086729362587
126,0,0.025547250118450757
84,1,0.6526203564884224
142,0,0.006071653480296125
90,0,0.22755737670991905
152,0,0.26610206891591276
6,0,0.17067981224521947
104,0,0.07275541763909595
113,0,0.0
136,0,0.38189963999792437
124,0,0.639026840605788
39,0,0.0018623909635057995
22,0,0.5046488384836727
184,0,0.021314997625305605
145,1,0.4037257569495809
5,0,0.07663992470622305
20,0,0.008782110593089655
97,0,0.015024201786129213
79,0,0.013897991603738516
128,0,0.442637030200482
2,0,0.02305002625378738
162,1,0.594349946875302
159,0,0.04895823026322777
37,0,0.012808623778040129
135,0,0.17367606102174005
10,1,0.3839624881291548
77,1,0.6200340320724154
115,0,0.12012224743070994
148,0,0.005083507829503253
180,0,0.001725143137110421
15,0,0.02263103635652655
13,1,0.6069965582180661
163,0,0.20194096449804214
80,0,0.009370674373479137
64,0,0.001725143137110421
57,0,0.3419266970403334
171,0,0.4955226608187134
6,0,0.13987796772058525
120,0,0.2362837779504446
61,0,0.3111224711974478
27,0,0.13221727067814956
142,0,0.46677559912854033
96,0,0.13500382156922883
29,0,0.30782586200609013
50,0,0.3788174139051332
22,0,0.12251366727763906
172,0,0.007447489565301627
127,1,0.7333991482771971
10,0,0.012926198680651294
182,0,0.03603858582048836
98,0,0.006071653480296125
31,0,0.22484638406582536
63,0,0.5707896538252138
32,0,0.012739673568945264
139,1,0.6848320448825075
57,0,0.004182606928602352
62,0,0.0
215,0,0.1694571270727638
119,0,0.04187606785268593
210,0,0.07180898920304113
19,0,0.27353734124973045
219,0,0.18666076689384625
128,0,0.001725143137110421
189,0,0.4710671428216684
189,1,0.6852090345250947
86,0,0.004413315180121173
120,0,0.00055005500550055
53,0,0.008356181697480071
49,0,0.016759230414610984
50,0,0.048122531416222664
181,1,0.4989795717643819
172,0,0.47369117452476517
19,1,0.8299397920087576
120,0,0.062300443605441104
174,0,0.348650906067174
107,1,0.581179689875342
230,0,0.006054883383479505
101,0,0.007229971515089376
47,1,0.22880368360456785
14,0,0.0369773553590616
47,0,0.004182606928602352
105,0,0.02566137262564502
10,1,0.41528231127161613
143,0,0.1513375926959587
190,0,0.2746056454960564
46,0,0.24703559258736177
45,0,0.07811388031463179
137,0,0.3788174139051332
62,0,0.004586381947982891
192,0,0.13281985709599173
57,0,0.3389124936542541
162,0,0.0
23,0,0.04492713264643089
114,0,0.27252426006792824
210,0,0.27094531437019254
70,0,0.10688239346118959
190,0,0.001725143137110421
67,0,0.02666402478931591
106,0,0.04015198972385206
185,1,0.64701108868009
130,0,0.03968332124656505
98,0,0.027903673826794928
64,0,0.29914650867328324
87,0,0.11970919994227928
221,0,0.13180422318971888
39,1,0.7527510790801459
43,0,0.2048617285730688
188,0,0.00970549918376481
204,0,0.04928114714819198
166,0,0.4421008826685941
210,1,0.5756371627598408
187,0,0.03759122538478695
206,1,0.23850153294793622
164,0,0.0009009009009009009
58,1,0.5426191741981216
149,1,0.5593077995823991
21,0,0.3556203378743852
69,0,0.03459436703566538
43,0,0.25834080804756926
59,0,0.09023186309890792
67,0,0.013502909274339815
135,0,0.06457162066166024
29,0,0.12161759727302801
16,0,0.007229971515089376
130,0,0.23519489464106091
116,0,0.18458551656270603
174,0,0.17832401289453248
171,0,0.07275541763909595
37,0,0.28069760690141426
221,0,0.012162962975256743
153,0,0.015600912379817733
29,0,0.25964964219734804
149,0,0.04295290109886609
218,0,0.10753988777296712
46,0,0.3160220317605112
54,0,0.11402466905327491
137,1,0.3696026196026196
123,0,0.009370674373479137
119,0,0.005660218423191776
25,0,0.20929322464410186
138,0,0.02566137262564502
22,0,0.04095388966649668
85,1,0.7217285966066455
35,0,0.36164042168408983
55,0,0.31188659646936695
215,0,0.11714376824006793
195,0,0.3349406173163012
160,1,0.5175673265560906
92,0,0.2607670328375524
88,0,0.12371603527526541
215,1,0.5273457769286004
135,0,0.01657828818469102
184,0,0.00055005500550055
94,0,0.020373228950139516
75,0,0.13221727067814956
187,0,0.19854911744278514
133,0,0.5172996914922752
11,1,0.17307347460389785
92,0,0.004182606928602352
23,0,0.31417945569879274
214,0,0.12565439133340367
8,1,0.42623604465709725
88,0,0.21905694804571207
83,0,0.009774449392859675
171,0,0.017692391318353522
92,0,0.003584229390681004
170,0,0.05476999872878569
182,0,0.2463385330685072
40,0,0.20627316279490193
22,1,0.4780011655011655
196,0,0.34430316770434866
167,1,0.6587319636100124
76,0,0.00939030213962623
6,1,0.39090805462093164
79,0,0.6144224106434177
183,0,0.26723919398083723
130,0,0.12505918392565932
139,0,0.451144387701545
165,0,0.016759230414610984
94,0,0.21886264390631205
46,0,0.24289203160337183
210,1,0.43792439444613357
25,0,0.5312195004759802
33,0,0.03320808390016405
127,0,0.013897991603738516
185,0,0.05803957858108674
113,0,0.007620556333163345
219,0,0.006870778971613106
71,1,0.5098179877086864
27,0,0.0047593175222908745
227,0,0.09156324254731003
191,0,0.00851006427784578
63,0,0.4928940986359612
59,0,0.00055005500550055
75,0,0.10734742840006
207,0,0.03593893380597863
131,0,0.049636773918119485
138,1,0.5468020541549953
204,0,0.09253607445865454
142,0,0.001450955906401451
108,0,0.4745530348042532
6,0,0.3107252996926788
8,0,0.2716734353847756
15,0,0.01407429459673329
140,0,0.005494942886607602
37,0,0.16079230667574793
68,0,0.015419970149897768
114,0,0.0
129,0,0.07870357609762803
219,0,0.006870778971613106
65,0,0.04187606785268593
45,0,0.3868887817163679
184,0,0.0068185364579850275
155,0,0.4621417007679274
58,1,0.6327557096841662
112,1,0.4885153261266409
169,0,0.20639722329456722
202,0,0.03436600898720396
123,0,0.0053529663139501305
2,0,0.44744249151351245
38,1,0.5567968812796399
49,1,0.5648398205942963
117,0,0.24268131387739833
144,0,0.44817705330910124
94,0,0.020373228950139516
31,1,0.5863823915548053
93,0,0.16334381801159442
5,1,0.48518489800787307
98,0,0.30303192290317726
171,1,0.6207515851123925
154,0,0.04783358791056667
82,0,0.2805227906988603
205,1,0.738883019244939
216,1,0.7217285966066455
69,0,0.008356181697480071
73,0,0.06057674387043511
89,1,0.17832814600230149
153,0,0.2008729577043864
114,0,0.316324367806884
78,0,0.49556201809931427
119,0,0.10184914661311839
191,0,0.25926485494386725
212,1,0.4463220240273656
84,0,0.041750702271536565
122,0,0.4093206774990883
3,0,0.034984526056016575
14,0,0.061573860504336435
97,0,0.03653799118832352
52,0,0.36237847943498136
77,0,0.003908419697893383
128,0,0.2279300183080252
129,0,0.02305002625378738
180,0,0.048122531416222664
193,0,0.0057381224503773335
81,1,0.6934806955496611
15,0,0.012739673568945264
12,0,0.007447489565301627
54,0,0.1655410193688189
84,0,0.027521053845601152
205,0,0.0011750881316098707
197,0,0.47620547325168366
1,0,0.009732017782485575
99,0,0.08656477902219288
37,0,0.006071653480296125
161,0,0.004182606928602352
193,0,0.19892913413472724
153,0,0.0069132105819872045
9,0,0.025547250118450757
98,0,0.3104435443544355
67,0,0.001725143137110421
122,0,0.07524139842980422
25,0,0.31961282335130065
66,0,0.0
67,0,0.21371184389669243
76,0,0.001725143137110421
59,0,0.04244144955289867
150,0,0.008195586241869265
213,0,0.2721941925993366
170,0,0.028408488929323225
79,1,0.7006850733999342
68,0,0.17832401289453248
72,0,0.04187606785268593
106,0,0.011467046410967347
93,0,0.02942215309564954
42,0,0.15399343171125532
0,0,0.15518907598276724
25,0,0.08521241171568943
142,0,0.11322766053612306
216,0,0.008932892291168594
143,0,0.0
220,0,0.10753988777296712
129,0,0.07811388031463179
45,0,0.07359604032768424
76,0,0.015024201786129213
138,0,0.02305002625378738
180,0,0.35895341321670476
35,0,0.008356181697480071
107,0,0.39346122112211224
152,0,0.0011750881316098707
84,1,0.44836654682899507
52,1,0.5980529432253571
91,0,0.3575849963045085
43,0,0.0
130,0,0.10582940150841386
49,1,0.3866914465462597
30,0,0.009774449392859675
134,0,0.016114255646197454
108,0,0.09146505322376093
14,1,0.29294567217579065
207,0,0.21170337115998303
108,0,0.0030075187969924814
79,0,0.4112143712659601
83,0,0.01407429459673329
75,0,0.007858043241237175
86,0,0.07887076560240952
168,0,0.00055005500550055
184,0,0.007944746640375722
205,0,0.001725143137110421
32,0,0.38601646725937416
134,0,0.1157204290735969
33,0,0.040717749817892675
201,1,0.3041521647198761
9,0,0.008932892291168594
11,0,0.004182606928602352
83,0,0.012588434190625221
64,0,0.03653799118832352
24,0,0.0510791903193231
80,0,0.0
75,0,0.08782375808754705
188,0,0.0
159,0,0.14569408376553272
20,0,0.22593059280080705
163,0,0.1145467562784002
129,0,0.012808623778040129
160,0,0.062300443605441104
135,0,0.0030075187969924814
82,0,0.00055005500550055
218,0,0.13613337838209444
34,0,0.006071653480296125
10,0,0.029007546311668117
68,1,0.5071076157429167
41,1,0.7089699759169902
207,0,0.018857533833813677
54,0,0.021936750860226867
22,0,0.12359201326080027
38,0,0.048122531416222664
4,0,0.010641670463467345
104,0,0.5644921081094387
95,0,0.03883087442226597
7,0,0.11613347656202756
17,1,0.4343593378681098
118,0,0.0047593175222908745
202,0,0.0018623909635057995
221,0,0.006870778971613106
64,1,0.39552807168048804
211,0,0.03523289121905429
139,0,0.004182606928602352
193,0,0.1811922398924786
38,1,0.6313275941003798
138,0,0.27960712895724765
141,0,0.46935584740462793
203,0,0.005487282848883792
209,0,0.15184981991611823
61,0,0.23717848588982612
7,1,0.7221055862492327
106,0,0.054555872422917255
41,1,0.3788174139051332
38,0,0.0069132105819872045
92,0,0.0
222,1,0.6735384828545431
217,0,0.22111834265626365
54,0,0.020373228950139516
125,0,0.10483787983978443
123,0,0.33982679469804905
80,0,0.001725143137110421
191,0,0.018453758814433136
211,0,0.02666402478931591
68,0,0.010517139221571428
5,0,0.019370576786468627
116,0,0.00055005500550055
127,0,0.00055005500550055
87,1,0.4628537765792668
118,0,0.016759230414610984
55,0,0.020365090435909686
229,0,0.006994839450979802
178,1,0.5843552659979188
24,0,0.03620981675704982
198,1,0.6409498048178708
173,0,0.2409106520779157
67,0,0.0579598619688079
199,1,0.4041178152702316
21,0,0.1145467562784002
53,0,0.2721941925993366
127,0,0.42538967092742835
151,0,0.08826143405571925
107,0,0.036406981947260456
81,0,0.00055005500550055
92,1,0.5942241909379394
172,0,0.2354908952598298
139,0,0.6623499292969436
64,0,0.5644921081094387
94,0,0.08484107928718689
216,1,0.3380384124439695
112,0,0.2382680443512796
74,0,0.001725143137110421
213,1,0.6848320448825075
118,0,0.00055005500550055
29,0,0.06927584470222449
185,1,0.42622937158177204
221,1,0.7762477867993492
149,1,0.6144224106434177
193,0,0.14173818544952566
157,0,0.01413113775709996
218,1,0.4025078369905956
21,0,0.15698968048777587
36,0,0.002626044038011322
101,0,0.6308777246530797
37,0,0.28412318915905166
34,0,0.004413315180121173
192,0,0.1798490912420847
195,1,0.45280849863936795
95,0,0.14701502895553262
194,0,0.2429896794899257
1,0,0.21584016584016583
70,0,0.44832309455028585
178,1,0.5047403863193337
72,1,0.3079015878264976
195,1,0.6064627380416854
184,0,0.6556690077164214
180,0,0.5360587856606207
19,0,0.341852787683657
175,0,0.04295290109886609
84,0,0.11318326378424853
136,0,0.2698801220586216
46,0,0.05065488529675414
93,1,0.5918964776190713
122,0,0.0514475864460952
141,0,0.0032382270485113024
88,1,0.4322356587549958
51,0,0.6382119982624608
73,0,0.00055005500550055
219,0,0.17662144037209515
183,0,0.3978027222082792
176,0,0.0
1,1,0.5854078808548941
204,0,0.01763554815798685
39,0,0.4405683787135577
157,0,0.3204855573276626
135,1,0.6110521662245799
126,0,0.1193189418281171
178,1,0.6409498048178708
118,0,0.021314997625305605
19,0,0.25381585404653123
50,1,0.3095830403324958
193,0,0.012920074748031737
168,0,0.05031956870127494
85,1,0.4825638376774741
173,0,0.0130177277255392
110,0,0.028845442501961017
43,0,0.00970549918376481
144,0,0.032792983411731924
83,0,0.5169964733542319
88,0,0.17307347460389785
152,0,0.6552827497046564
230,0,0.0011750881316098707
210,0,0.021033354150995224
24,0,0.24372036496183128
132,0,0.011544238663026235
56,0,0.029007546311668117
18,0,0.00303747909511567
14,0,0.001725143137110421
49,0,0.015600912379817733
103,0,0.03058047113044279
32,0,0.00055005500550055
153,0,0.2604569332936862
17,0,0.3126359485263595
145,0,0.33227526097091314
146,0,0.005487282848883792
135,0,0.3957082412459987
66,0,0.0069132105819872045
4,0,0.012343364154343214
33,0,0.02305002625378738
13,0,0.021891708218994128
15,0,0.04472355407314757
168,1,0.6965025965530591
58,0,0.021891708218994128
194,0,0.40612141481706693
12,0,0.3082017071224211
70,0,0.24927882709791013
1,0,0.005083507829503253
69,0,0.040717749817892675
178,0,0.059560673305984
55,0,0.09786037574443603
200,1,0.5863823915548053
194,0,0.3058130873706398
106,0,0.04187606785268593
33,0,0.09950573384655599
78,0,0.11101905867740569
61,0,0.04667526987577342
8,0,0.5553407362093951
20,0,0.0949545597185315
191,0,0.1157204290735969
52,0,0.02345668370904964
138,0,0.13932159584333495
40,0,0.02942215309564954
22,0,0.22737114737114736
89,0,0.24837466809011524
124,1,0.6700066778457461
124,0,0.3237738894098776
146,0,0.24105464593382095
93,0,0.027849228276874863
63,0,0.012808623778040129
9,0,0.06927182391369276
59,0,0.01903046940812166
138,0,0.05434242352862806
64,0,0.18689764341938253
49,0,0.5118309663046506
195,0,0.030536138854803125
229,0,0.009732017782485575
212,0,0.00055005500550055
67,0,0.08865893828013327
104,1,0.04334597807894309
51,0,0.09678236548312201
101,0,0.15408386446187136
27,0,0.00055005500550055
206,1,0.7047565648070274
113,1,0.6583046507080544
53,1,0.4348965953325899
94,0,0.05523866720607271
19,0,0.24719827441838657
29,0,0.0
128,0,0.021936750860226867
53,0,0.03459436703566538
176,1,0.6110521662245799
69,0,0.00303747909511567
48,0,0.4659136340920449
126,0,0.009732017782485575
91,1,0.6513189623675557
216,0,0.012808623778040129
104,0,0.32179169630639043
59,0,0.020373228950139516
216,1,0.6108826601723717
151,0,0.07459315696158557
193,0,0.017158451173796444
208,0,0.008932892291168594
189,0,0.3715633050355997
130,0,0.002626044038011322
37,1,0.14890952588671533
166,0,0.004586381947982891
112,0,0.09316836694759349
70,0,0.5068555801272786
40,0,0.012162962975256743
77,0,0.014661227309133065
2,0,0.012926198680651294
195,0,0.13240680960756107
148,0,0.07180898920304113
141,0,0.008356181697480071
127,0,0.004182606928602352
153,0,0.08479936422725876
54,0,0.1128146130476924
34,0,0.015081044946495878
146,0,0.3670454545454545
76,0,0.1199870548508114
11,0,0.10753988777296712
5,1,0.51012691012691
229,0,0.008932892291168594
141,0,0.18607967151230173
63,0,0.036826934693979525
16,0,0.13800007034574938
222,0,0.027903673826794928
216,0,0.2780988029686062
44,0,0.009661987824314376
129,0,0.16566848154869931
104,1,0.7089699759169902
115,0,0.1921252217929982
190,0,0.001450955906401451
70,0,0.02614630750079565
14,0,0.03161889268352576
20,0,0.21488162492529306
117,0,0.3908631772268136
7,1,0.5935066378979624
185,0,0.2791069183081151
67,0,0.0068185364579850275
41,0,0.5030967622625503
205,0,0.001725143137110421
106,0,0.08261805804443782
1,0,0.018453758814433136
44,0,0.3728284092489349
197,1,0.7794736407887138
110,0,0.3761526702236912
21,0,0.05476999872878569
102,1,0.6148497235453757
114,0,0.5246856979847994
185,0,0.1366734353847756
229,0,0.012231913184351606
131,0,0.019370576786468627
53,0,0.3550556977945471
87,0,0.18666076689384625
73,1,0.7333991482771971
154,1,0.5266122766122766
142,0,0.001725143137110421
105,0,0.40243673733619695
129,0,0.18944750847994066
50,1,0.6144224106434177
218,0,0.06653426392831585
24,0,0.1549066830021419
66,0,0.16623312275486188
133,0,0.30987586710478277
97,0,0.0018623909635057995
172,0,0.001450955906401451
89,1,0.6409498048178708
4,0,0.06720320613094345
83,0,0.041750702271536565
187,0,0.14217626337234787
148,0,0.07274605603974728
160,0,0.04595468204472162
40,0,0.27246970903271417
93,0,0.0030075187969924814
109,0,0.15399343171125532
159,0,0.03419446966597132
77,0,0.10753988777296712
171,0,0.01763554815798685
69,0,0.14849060372368306
91,0,0.21371184389669243
108,0,0.015996295022941205
139,0,0.04359976758769193
56,0,0.5682498656028069
94,0,0.03463869931130504
67,1,0.5503419508733028
100,0,0.005083507829503253
83,0,0.019370576786468627
191,1,0.5682296769253291
46,0,0.005083507829503253
51,1,0.25993849384938494
108,1,0.5266122766122766
36,0,0.015081044946495878
76,0,0.15591167022646188
30,0,0.1655410193688189
16,0,0.08576535249699642
36,1,0.6583046507080544
88,0,0.2017430226264639
35,0,0.07666053798655709
37,0,0.5942241909379394
32,0,0.35125471180815726
57,0,0.03933890256333756
171,0,0.10152745982115106
12,0,0.36651583710407243
198,1,0.5405999468753019
210,0,0.3531414438797447
1,1,0.5716337039866453
73,0,0.0
12,0,0.09786037574443603
110,0,0.07633360031306115
43,0,0.035278964202440206
122,0,0.03188978868936791
175,0,0.07666053798655709
63,0,0.001450955906401451
91,1,0.4933324618039845
163,0,0.001725143137110421
98,0,0.0
210,0,0.3288982049124494
59,0,0.24719827441838657
210,0,0.34877495903417777
6,0,0.3894327894327894
136,0,0.038151446087267775
74,0,0.19526268312543427
38,0,0.20194096449804214
231,1,0.6895169082125604
23,0,0.5196019601960197
120,0,0.19892913413472724
34,0,0.08069265240769198
150,0,0.13347753936679782
102,1,0.6050447373976785
153,0,0.011467046410967347
43,0,0.062300443605441104
8,0,0.09145609365684514
149,1,0.6576722128446266
87,0,0.1725330252331295
74,0,0.02305002625378738
224,0,0.4558760366075263
161,0,0.0057381224503773335
110,0,0.5360587856606207
219,1,0.5390180320412599
165,0,0.2810847263540634
127,0,0.6534280519540135
91,1,0.32956880709301756
136,0,0.012920074748031737
1,0,0.18945311686526692
136,0,0.5007733229463297
210,0,0.012739673568945264
65,0,0.09047042491379391
57,0,0.35320920043811616
211,0,0.029863898902179258
160,0,0.048122531416222664
140,0,0.332657155066903
143,0,0.33855818977770197
155,0,0.015600912379817733
45,0,0.07275541763909595
14,0,0.0
75,0,0.05492952569968943
142,0,0.2547329387217028
197,1,0.6064478114478115
193,1,0.6008105800075806
73,0,0.00055005500550055
41,1,0.5549783986263114
224,0,0.012926198680651294
97,0,0.053880101694337136
126,0,0.09145609365684514
43,0,0.1729616188450601
9,0,0.012808623778040129
16,0,0.0
184,0,0.001450955906401451
6,0,0.001725143137110421
79,0,0.02450305459085177
188,1,0.6148497235453757
64,0,0.07747227318669649
118,0,0.0
59,1,0.7059722222222223
90,0,0.26478769383976536
196,0,0.0
160,0,0.5007733229463297
73,0,0.009370674373479137
111,0,0.053920014440848735
72,1,0.7104350345786811
135,1,0.2892790222072949
227,1,0.5682296769253291
94,0,0.007447489565301627
187,1,0.6242611794335933
170,0,0.23072236827944592
31,0,0.012808623778040129
55,0,0.012739673568945264
60,0,0.0658514691451604
54,0,0.015024201786129213
43,0,0.17307347460389785
82,0,0.05641726698368551
70,0,0.013897991603738516
83,0,0.04702542754626184
69,0,0.0
31,1,0.5429833919721561
115,0,0.0
102,0,0.4255305658388428
2,0,0.1727160028249499
2,0,0.15022634808317084
149,1,0.5245342312008979
217,1,0.6934806955496611
188,0,0.27511685565224586
18,0,0.029007546311668117
145,1,0.6798069387509043
17,0,0.05702350801663563
149,0,0.002626044038011322
37,0,0.09884974650809353
203,0,0.04015198972385206
11,1,0.7159189055464229
146,1,0.5684674329501916
122,0,0.02305002625378738
3,0,0.08656477902219288
45,0,0.3146578247328013
225,0,0.001725143137110421
104,0,0.017272573680990708
206,0,0.033538690418622334
8,0,0.009732017782485575
183,0,0.3729162926073275
169,0,0.07845858115768821
21,0,0.040734631707085446
97,0,0.013711320119737145
87,0,0.32752556340986144
102,0,0.5030967622625503
133,1,0.3473942928035825
141,0,0.07359604032768424
38,1,0.5809850215790809
46,0,0.113944169860558
21,1,0.6818101438791094
86,1,0.39090805462093164
134,0,0.00055005500550055
35,0,0.00303747909511567
106,0,0.02566137262564502
56,0,0.23248514851673988
4,0,0.19297425840688862
112,0,0.1041244717828188
3,0,0.0069132105819872045
143,0,0.039199270549038066
46,0,0.00055005500550055
93,0,0.10790765280869608
194,1,0.5337549161078573
71,1,0.4544002574305605
153,0,0.029007546311668117
85,0,0.012588434190625221
126,0,0.03419446966597132
33,0,0.024289675291266393
2,0,0.013677183032021742
170,1,0.6144224106434177
101,1,0.643471338209044
138,0,0.007944746640375722
88,1,0.5337549161078573
35,0,0.1036254058261573
201,0,0.4511715828832572
170,1,0.6650877358523535
160,0,0.03577538979073506
140,1,0.6818101438791094
35,0,0.0047593175222908745
28,0,0.6144224106434177
205,0,0.5297878527348533
189,1,0.6891644940425428
36,0,0.4625548138437538
80,0,0.015600912379817733
151,1,0.6673395593869732
106,0,0.06265607037536862
131,0,0.04403913175843
163,0,0.14599576046500443
89,0,0.00055005500550055
97,0,0.0
15,0,0.00055005500550055
132,0,0.040717749817892675
139,0,0.015600912379817733
24,0,0.02566137262564502
43,0,0.0
204,0,0.009358821186778176
77,1,0.5469496021220159
140,0,0.015024201786129213
122,0,0.3234036269123988
102,0,0.003908419697893383
120,0,0.3386200609520767
180,0,0.04436204864339421
39,0,0.07359604032768424
218,0,0.002626044038011322
65,0,0.08193526326128237
79,0,0.029296489817324117
87,0,0.013897991603738516
11,0,0.025221768600718772
157,0,0.060918081256987444
32,0,0.6144224106434177
152,0,0.42744271415870827
117,1,0.7582250686503439
174,0,0.24578683795461434
172,1,0.693213601532567
45,1,0.38906118213198865
23,0,0.0
108,1,0.6242611794335933
33,0,0.25498705485081147
5,1,0.5281330087959922
135,0,0.00055005500550055
122,0,0.08990649787862019
111,1,0.6280680104209516
164,0,0.5068012609449073
38,0,0.059560673305984
7,0,0.034066611618436306
231,0,0.00055005500550055
98,0,0.0018623909635057995
168,0,0.2910815516349971
99,1,0.6158383137330506
24,0,0.1190809647599771
87,0,0.054555872422917255
186,0,0.3021752950606706
26,0,0.0069132105819872045
100,0,0.002626044038011322
138,0,0.15087279929750783
107,1,0.28074715898153557
179,0,0.06265607037536862
91,0,0.02927537116117355
204,0,0.19260684411013765
68,0,0.013502909274339815
118,0,0.05654072241205504
19,1,0.2681965319471868
14,1,0.4989795717643819
4,0,0.13180422318971888
107,0,0.08253905431669287
98,0,0.017262462659140984
59,0,0.06507755814373706
48,0,0.006071653480296125
70,0,0.34484938698421846
117,0,0.05061052184203609
202,0,0.0
105,0,0.03523289121905429
184,0,0.6671581292270948
142,0,0.03436600898720396
93,0,0.0030075187969924814
47,1,0.509224425148993
195,0,0.015419970149897768
216,0,0.5028126569563034
118,0,0.03523289121905429
6,0,0.46623100927978983
85,0,0.06017583960373413
216,0,0.009358821186778176
124,0,0.1480380224971822
142,0,0.001725143137110421
115,0,0.06237478704156624
184,0,0.18121799372600714
139,1,0.3670308925698375
101,0,0.229061602772943
150,0,0.017272573680990708
6,0,0.10753988777296712
16,1,0.5000848824378236
131,0,0.1725632392299059
78,0,0.005695690840003234
190,0,0.46076352067868503
4,0,0.08967983444380623
198,0,0.004182606928602352
86,0,0.009732017782485575
153,1,0.16719658876333884
73,0,0.13516018757233764
194,0,0.4831062675231636
99,0,0.029007546311668117
205,0,0.5809850215790809
141,0,0.0339117759174682
141,0,0.4349811395672027
17,0,0.27205017205017207
19,0,0.010308728376174097
221,1,0.6788286808976464
201,0,0.05428594803125872
19,0,0.08883921175521792
44,0,0.36087313975240387
187,0,0.022117693090146832
31,0,0.056931953247334334
16,0,0.4951357919766231
123,0,0.01407839278282499
87,0,0.005494942886607602
50,0,0.26564743518964473
61,0,0.036826934693979525
112,0,0.6030415322694734
8,0,0.002626044038011322
148,0,0.20711861485986618
32,1,0.6409498048178708
44,0,0.009947384967167659
51,0,0.25936769441136254
97,0,0.0579598619688079
30,0,0.11008199184069956
123,0,0.01903046940812166
151,0,0.07790477733267186
151,0,0.05489536430993506
141,0,0.40073567015792494
39,1,0.7217285966066455
65,0,0.0658514691451604
226,0,0.2248178244620452
134,0,0.03523289121905429
230,0,0.22111834265626365
79,0,0.07855028344801049
93,0,0.18901996554170464
49,0,0.0664552602005709
98,1,0.14718451092006932
205,1,0.5036668412781561
163,0,0.00055005500550055
76,0,0.04436204864339421
205,0,0.05702752880516735
89,0,0.07263005205794658
75,0,0.028679371880394405
196,0,0.0369773553590616
79,1,0.6664354519075602
99,0,0.010308728376174097
77,0,0.012739673568945264
57,0,0.04189645386385937
87,0,0.0827014182222525
13,1,0.7206405275875419
131,0,0.5061598467539062
19,0,0.4632594727762888
111,0,0.08576535249699642
51,0,0.041750702271536565
60,0,0.010064959869778824
176,0,0.3251056753363526
189,0,0.020339068654695536
0,0,0.013502909274339815
136,0,0.06653426392831585
220,0,0.04928114714819198
5,0,0.05298294760414258
221,1,0.6965025965530591
41,0,0.04187606785268593
125,1,0.3972665746763913
107,0,0.09419365364222204
231,0,0.0
174,0,0.032792983411731924
32,0,0.10753988777296712
122,0,0.25606990847690086
133,0,0.01657828818469102
204,1,0.620911007407595
12,0,0.5363453818831393
24,0,0.03825269784683357
214,0,0.6680413703943117
162,0,0.0514475864460952
121,1,0.5535671737049251
119,0,0.3627725883316642
183,0,0.0059176355570841254
65,0,0.038406569399697006
121,0,0.012566737994637278
195,0,0.00055005500550055
213,0,0.27221641704400323
144,0,0.003908419697893383
90,0,0.0
81,1,0.30470791834428196
80,0,0.012739673568945264
68,0,0.00055005500550055
105,0,0.03058047113044279
125,0,0.009732017782485575
96,0,0.039199270549038066
76,0,0.035585272013509535
204,1,0.5018188881825245
37,0,0.1831676598779947
40,0,0.20552695418352476
60,0,0.09564607022831238
61,0,0.021167785900750913
14,1,0.6102874044310508
193,1,0.5337549161078573
214,0,0.032792983411731924
47,0,0.11970919994227928
76,0,0.15591167022646188
169,0,0.009732017782485575
178,0,0.0
46,0,0.004182606928602352
7,0,0.5792067464861247
16,0,0.04765799576855417
67,0,0.00055005500550055
5,1,0.5098179877086864
1,0,0.018212258751675373
50,0,0.11970919994227928
165,0,0.011467046410967347
230,1,0.5136622636622636
147,0,0.12479223163781845
134,0,0.18284534001860528
66,0,0.34713391149584516
178,0,0.05190875991791322
32,0,0.08261805804443782
29,0,0.2082090159091202
162,0,0.05489536430993506
64,0,0.009732017782485575
178,0,0.06943656344093464
107,0,0.21854153003578292
3,1,0.43354024252900664
128,0,0.2053699318892689
21,0,0.40576075151374796
151,0,0.07900188120263267
110,0,0.5028341975719034
121,0,0.10338041088621748
188,0,0.07354548256494375
176,0,0.6661866726436688
82,0,0.009732017782485575
200,0,0.06057674387043511
230,0,0.02313135725647314
84,0,0.010064959869778824
49,0,0.04783358791056667
36,1,0.7093469655595775
171,0,0.0949545597185315
4,0,0.023926343997163247
53,0,0.08193526326128237
205,0,0.005083507829503253
91,0,0.02580567072131701
23,0,0.396376402346117
153,0,0.05428594803125872
37,1,0.45525057444562095
113,0,0.06601503768828834
177,0,0.007447489565301627
82,0,0.04189645386385937
139,0,0.134082507793848
211,0,0.30581822455754487
193,0,0.008356181697480071
12,0,0.07159709960430269
181,1,0.7104350345786811
4,0,0.012920074748031737
75,1,0.29964804851969834
102,0,0.43229767170322875
141,0,0.018212258751675373
95,0,0.5668906455862978
198,0,0.4723400004975116
106,0,0.009358821186778176
26,1,0.6576722128446266
224,0,0.019256454279274363
133,0,0.002626044038011322
47,0,0.001725143137110421
103,0,0.2082090159091202
70,0,0.00055005500550055
133,0,0.5642828022298029
135,0,0.17367606102174005
38,0,0.4710703526492999
135,0,0.07467438631084546
131,0,0.11502251584371921
215,0,0.008932892291168594
109,1,0.6282375060625555
159,0,0.03593893380597863
141,1,0.5598549973803523
118,0,0.19268587050495353
145,0,0.045490066388214456
70,0,0.021891708218994128
155,0,0.008521457234064245
207,1,0.5598549973803523
1,1,0.5601807196634784
35,0,0.00055005500550055
218,0,0.3406657967133843
87,0,0.21184622419190324
104,0,0.002626044038011322
134,0,0.04765799576855417
108,0,0.009370674373479137
184,0,0.6048001999259268
10,0,0.007944746640375722
15,0,0.13180422318971888
212,0,0.07359604032768424
133,0,0.002626044038011322
124,0,0.05476999872878569
195,0,0.035585272013509535
100,0,0.4485178907231546
77,0,0.0611418278734718
176,0,0.3048948160472324
150,0,0.42623604465709725
7,0,0.5883223293709228
75,0,0.02566137262564502
106,0,0.15406381058554972
48,0,0.1145467562784002
154,0,0.001450955906401451
135,0,0.06331832464434374
14,0,0.02774385025302552
7,0,0.4113462208289795
126,0,0.015081044946495878
27,0,0.14849060372368306
114,1,0.22513671032086982
135,1,0.3091148400421362
50,0,0.015081044946495878
68,1,0.18541870109771344
76,0,0.1576598827205483
131,0,0.006870778971613106
39,1,0.1640232388915768
159,0,0.3322847783010046
227,0,0.26317873707431944
27,0,0.29267894502664893
38,0,0.005660218423191776
159,0,0.22207419765175543
14,0,0.10753988777296712
67,1,0.3809360001310466
158,0,0.012808623778040129
213,0,0.04783358791056667
59,0,0.10033975686149599
13,1,0.6008105800075806
54,0,0.013897991603738516
112,1,0.5717960502190569
67,0,0.012808623778040129
80,0,0.02305002625378738
79,0,0.00055005500550055
186,0,0.4545802846063414
143,1,0.6409498048178708
118,0,0.03786535624706249
84,1,0.30469261409064446
116,1,0.25286599330522086
81,0,0.03232895087323836
25,0,0.015024201786129213
147,0,0.038151446087267775
42,1,0.5670643589000587
30,0,0.049636773918119485
49,0,0.01407839278282499
24,0,0.348989221419562
97,0,0.001450955906401451
134,0,0.0
125,0,0.06653426392831585
67,0,0.17874119349073214
56,0,0.04928114714819198
88,0,0.09145609365684514
69,0,0.35038409145631516
171,1,0.448902694360883
117,0,0.015600912379817733
174,0,0.12901504034542585
114,0,0.03786535624706249
130,0,0.07359604032768424
44,0,0.10929223034486191
173,0,0.3995867582985222
58,0,0.003908419697893383
199,0,0.27960712895724765
89,0,0.013502909274339815
50,0,0.00055005500550055
7,1,0.8138238573021183
151,0,0.1868471035137702
42,1,0.4336140496185474
162,0,0.17255898281281123
59,0,0.08261805804443782
176,0,0.13240680960756107
131,0,0.009732017782485575
158,0,0.010432534993513556
169,1,0.43515792200002723
3,0,0.018212258751675373
30,0,0.56091795986129
59,1,0.6848320448825075
68,1,0.3504676751566704
42,1,0.1851406863917289
42,1,0.47957542795883423
106,0,0.22253774388863565
21,0,0.1990400080287721
25,0,0.007571550044668324
149,0,0.32868475072458697
75,0,0.5326470992453611
86,0,0.0
61,0,0.19152263537515601
217,0,0.4944335543487188
136,0,0.08016049693460199
7,0,0.19854911744278514
116,0,0.2301045447449557
135,0,0.022984575321997158
40,0,0.00055005500550055
135,0,0.015081044946495878
77,0,0.06265607037536862
171,1,0.5815508526085822
56,0,0.013897991603738516
212,0,0.054555872422917255
143,1,0.5535671737049251
99,1,0.6379856290342224
58,0,0.01758094034836191
43,1,0.6552827497046564
131,1,0.5854078808548941
217,0,0.13546692584493272
181,0,0.00589871790598814
135,0,0.17307347460389785
227,0,0.041750702271536565
12,0,0.22049210535586192
141,0,0.04704857948987783
24,0,0.3336720867208673
28,1,0.5000848824378236
123,0,0.012808623778040129
69,0,0.37327263768505453
163,0,0.001725143137110421
2,0,0.20831629798747875
231,0,0.5297878527348533
73,0,0.23248514851673988
198,1,0.5369020946379602
102,0,0.22803192290317723
3,0,0.004485130291581905
72,1,0.693213601532567
55,0,0.005083507829503253
34,0,0.04512167026144236
220,1,0.7114560931899642
31,0,0.0
74,0,0.021891708218994128
141,0,0.015024201786129213
221,0,0.00055005500550055
120,0,0.002626044038011322
53,0,0.3568844141133298
146,0,0.054080051474103406
123,0,0.15377832044498713
111,0,0.11373104393699358
166,0,0.015600912379817733
60,1,0.40136731085006944
218,0,0.013705208861490376
132,0,0.12251366727763906
94,0,0.11763866758880344
26,0,0.587713627961306
216,1,0.4423693214675834
176,0,0.006324646801597722
136,0,0.07636941617462448
168,1,0.5063505465982246
98,0,0.21194906365939847
21,0,0.02088657221651924
121,1,0.6144224106434177
133,0,0.01396694181283338
7,0,0.058604662584123425
223,0,0.477336016809701
72,0,0.2677279878691683
156,0,0.31443580779015146
211,0,0.42691015916420655
91,0,0.004182606928602352
205,1,0.2785009849824884
5,0,0.09339106510610469
66,0,0.4061635956076944
83,0,0.10513275345811231
181,0,0.004182606928602352
163,0,0.18606842576917723
16,0,0.06983567115895166
16,0,0.225951534940299
26,1,0.5563152469093063
126,0,0.00055005500550055
2,0,0.6144224106434177
168,0,0.007447489565301627
69,0,0.17832814600230149
159,1,0.2466637369337287
48,0,0.11714376824006793
214,0,0.06927584470222449
51,0,0.3181973581973582
62,0,0.15408386446187136
143,0,0.014843259556209248
109,1,0.64701108868009
14,0,0.113944169860558
212,0,0.09517811623074779
34,0,0.009370674373479137
210,0,0.6583046507080544
214,1,0.6574051188275326
17,0,0.016759230414610984
34,0,0.00055005500550055
135,0,0.02450305459085177
156,0,0.6073191962853215
172,0,0.050126471144509105
12,0,0.4462769642195479
13,1,0.620911007407595
202,0,0.021897401433691756
100,0,0.001450955906401451
115,0,0.018997491287622757
140,0,0.19517825408914521
24,0,0.22734892292648068
100,1,0.5007733229463297
130,0,0.09786037574443603
2,0,0.05333937532905422
89,0,0.37563577747788274
21,0,0.19268587050495353
214,1,0.3670308925698375
213,0,0.12340585427570387
172,0,0.04702542754626184
185,0,0.02666402478931591
170,1,0.5642626135523251
203,1,0.04933310860084315
97,0,0.04299035130901558
157,0,0.17981927749452523
18,0,0.015600912379817733
56,0,0.05638907668394381
3,1,0.6824425817425372
85,0,0.01903046940812166
59,1,0.6587319636100124
57,0,0.05653136081270638
201,0,0.5531223136578861
65,1,0.6041677620624989
91,0,0.07077327631233904
29,1,0.1157204290735969
104,0,0.02955568962377027
177,0,0.012920074748031737
91,1,0.47568188516464377
9,0,0.016759230414610984
170,0,0.2659652076318743
105,0,0.05680154393401465
30,0,0.25650474939092827
49,1,0.6409498048178708
15,1,0.40783194369365683
91,1,0.6824425817425372
77,0,0.03523289121905429
85,0,0.620911007407595
119,0,0.4969866551872579
206,1,0.3337071438791681
121,0,0.13546692584493272
116,1,0.7062393162393162
124,0,0.13105675306182307
18,1,0.6893915113719699
131,0,0.001725143137110421
232,0,0.012926198680651294
12,0,0.01657828818469102
52,1,0.643471338209044
109,0,0.26612389716799
58,0,0.37418023661436606
123,0,0.003908419697893383
88,0,0.5329448705083223
34,0,0.14880913918714608
35,0,0.17832814600230149
32,0,0.0018623909635057995
82,0,0.045831917383251625
199,0,0.1429192372548202
64,0,0.007229971515089376
105,0,0.19260684411013765
144,0,0.007447489565301627
80,0,0.0
3,0,0.3132621115077255
84,0,0.12428992649067795
99,0,0.19892913413472724
212,0,0.44835590685827337
72,0,0.005083507829503253
12,0,0.001450955906401451
109,0,0.44214390790167585
42,0,0.00055005500550055
168,0,0.019370576786468627
19,0,0.4036491329545326
55,0,0.17101918728918708
198,0,0.2518774608662249
196,0,0.5717960502190569
17,0,0.1705769727777243
42,0,0.02942215309564954
142,0,0.015024201786129213
65,0,0.27835757237931147
156,0,0.06051339248079799
31,0,0.032581208892569345
10,0,0.002626044038011322
80,1,0.7288944958415101
73,0,0.1163868829522902
86,0,0.07790477733267186
37,0,0.01110570300196091
121,0,0.00055005500550055
43,0,0.022984575321997158
205,1,0.205034963651047
132,0,0.48094107899843336
114,0,0.0339117759174682
7,0,0.00055005500550055
9,0,0.020373228950139516
38,0,0.05428594803125872
98,0,0.11938313172881075
180,0,0.5098179877086864
111,0,0.1157204290735969
61,0,0.0514475864460952
43,0,0.07458390411802672
197,1,0.7582250686503439
111,0,0.13180422318971888
29,0,0.21403598774548172
57,0,0.06025382698547091
186,0,0.02305002625378738
138,1,0.631704583742967
5,1,0.40696778854673593
72,0,0.21959739741648043
8,0,0.31050001206301725
81,0,0.21245210727969346
83,0,0.42172047853221767
117,1,0.3085773489872645
89,1,0.3788174139051332
92,0,0.02472903946200447
99,0,0.02313135725647314
167,0,0.12193313759659698
154,0,0.004586381947982891
66,0,0.00055005500550055
140,0,0.0949545597185315
82,0,0.1576728753470308
142,1,0.3155173887037512
19,0,0.13180422318971888
98,1,0.5528024606971976
13,0,0.02566137262564502
0,0,0.26723919398083723
28,1,0.25269267059232575
31,0,0.2849187799820874
41,0,0.33945121316255333
148,1,0.3953365696046327
133,0,0.14880913918714608
102,0,0.0
24,0,0.001450955906401451
124,0,0.008782110593089655
10,0,0.08484107928718689
45,0,0.04080079508214064
205,0,0.6144224106434177
88,0,0.011467046410967347
133,0,0.006870778971613106
66,0,0.0
10,0,0.1576598827205483
1,0,0.3532317181226039
9,0,0.0032382270485113024
115,1,0.7059722222222223
59,0,0.0
21,0,0.07250106109980747
6,0,0.012231913184351606
4,0,0.02282475174822775
166,0,0.013502909274339815
30,0,0.5046387957005017
186,0,0.0
43,0,0.012162962975256743
132,0,0.0
64,0,0.01110570300196091
13,0,0.28865342667866906
72,0,0.015600912379817733
17,0,0.004319854754997731
59,1,0.3804870289975179
10,0,0.5019973425914019
6,0,0.20194096449804214
24,1,0.35038409145631516
59,1,0.803399148277197
31,0,0.00055005500550055
216,0,0.013897991603738516
59,0,0.00453737565948787
114,0,0.31961282335130065
176,1,0.3993166963755199
78,0,0.015024201786129213
148,1,0.55638630144559
67,0,0.01763554815798685
215,0,0.005695690840003234
224,0,0.005083507829503253
10,0,0.01771350997450408
166,0,0.015600912379817733
5,0,0.017259113660001556
100,0,0.11250906903080815
118,1,0.5883223293709228
68,0,0.014719701537489438
132,0,0.008356181697480071
93,0,0.035585272013509535
213,0,0.015809323225215065
29,0,0.0069132105819872045
20,0,0.02450305459085177
144,0,0.34865519313053167
118,1,0.22811823152574404
138,0,0.00055005500550055
3,0,0.00853041105215494
5,0,0.010308728376174097
215,0,0.45578878171732456
99,0,0.06015472094758357
130,0,0.2804129438136666
18,0,0.0339117759174682
121,0,0.0
33,1,0.6291416135419685
63,1,0.5363138376774741
56,0,0.011467046410967347
56,0,0.040734631707085446
206,0,0.00055005500550055
212,0,0.001725143137110421
163,0,0.054555872422917255
68,0,0.045490066388214456
144,0,0.022984575321997158
74,0,0.004413315180121173
23,0,0.015024201786129213
131,1,0.6587319636100124
184,0,0.04354874544266769
165,1,0.6587319636100124
132,0,0.004182606928602352
202,0,0.40900525793234604
74,0,0.0
38,0,0.38485009950716753
152,1,0.6197551789077212
70,0,0.14849060372368306
135,0,0.008932892291168594
190,0,0.45233859126567943
27,0,0.010064959869778824
102,0,0.153825366737865
164,0,0.09079859934506762
18,0,0.012702556697819486
135,0,0.00055005500550055
62,0,0.27063071380876624
64,0,0.04895823026322777
226,0,0.012920074748031737
217,0,0.17276673633130277
42,0,0.011467046410967347
190,0,0.03525400987520485
82,0,0.1128146130476924
129,0,0.7104350345786811
123,0,0.4030924364828475
221,0,0.00055005500550055
117,0,0.07711873422122588
82,1,0.533418215771157
115,0,0.32812697895746257
122,0,0.08552035755705661
229,0,0.29064335337059477
72,0,0.008521457234064245
14,0,0.15341231924943435
76,0,0.005494942886607602
176,0,0.009732017782485575
192,0,0.2701770386925773
106,0,0.04142778538657236
172,0,0.002626044038011322
232,0,0.035585272013509535
34,0,0.07149496903148528
37,0,0.00055005500550055
58,0,0.5569745584060761
161,1,0.5883223293709228
182,0,0.041750702271536565
121,1,0.44835590685827337
58,0,0.04187606785268593
189,0,0.3491843184334161
85,0,0.17184247348837625
27,0,0.09079859934506762
119,0,0.11719489279866195
86,0,0.08811633983137941
175,0,0.4113462208289795
208,0,0.42538967092742835
116,0,0.002626044038011322
142,0,0.10108824053680893
93,0,0.07887076560240952
149,0,0.0510791903193231
34,0,0.0369773553590616
155,0,0.06976881324707411
95,0,0.011799988498260597
26,1,0.5339724834552421
31,0,0.13774858104202312
107,0,0.15361587730008783
169,0,0.012162962975256743
67,0,0.3052669552669553
19,0,0.001725143137110421
28,0,0.13180422318971888
32,0,0.001725143137110421
106,1,0.6063069114793253
54,0,0.49413752546169926
220,0,0.022117693090146832
167,0,0.08967983444380623
126,0,0.057381345100643334
172,0,0.13546692584493272
166,0,0.12972909629450355
136,1,0.6976764138890258
95,0,0.021314997625305605
169,0,0.056768384704206386
215,0,0.03419446966597132
152,0,0.022117693090146832
16,0,0.00055005500550055
68,0,0.3380750263514531
164,0,0.015081044946495878
213,0,0.4625548138437538
56,0,0.004182606928602352
143,1,0.6574051188275326
82,0,0.05489536430993506
160,0,0.012808623778040129
127,0,0.4207706860499851
19,0,0.0510791903193231
133,0,0.011467046410967347
0,0,0.04494838096988635
43,0,0.16067171308386316
117,0,0.007043845739474822
98,1,0.42623604465709725
133,1,0.6799167499167499
101,0,0.013502909274339815
19,0,0.06653426392831585
104,0,0.017839173252829507
29,0,0.5096952002892596
29,0,0.004182606928602352
29,0,0.008932892291168594
135,0,0.03419446966597132
218,0,0.03593893380597863
4,0,0.4823364096749017
68,0,0.43479133183754226
125,1,0.56091795986129
13,0,0.04607552035686593
8,0,0.008356181697480071
97,0,0.7089699759169902
50,0,0.009732017782485575
200,0,0.00303747909511567
86,0,0.002626044038011322
207,1,0.7333991482771971
175,1,0.5903927227456639
159,0,0.4757709163386277
168,0,0.14880913918714608
115,0,0.6010776740246747
231,0,0.008356181697480071
52,0,0.20383218054251537
38,1,0.6574051188275326
175,1,0.7333991482771971
64,0,0.09419767443075377
162,1,0.6129530535471129
111,0,0.00055005500550055
120,0,0.17229394548030794
110,0,0.028408488929323225
108,0,0.019256454279274363
155,0,0.023926343997163247
197,0,0.005494942886607602
215,0,0.13180422318971888
150,0,0.34607422271895966
69,1,0.5574129215740994
176,0,0.00055005500550055
208,0,0.001450955906401451
23,0,0.4793736730360935
219,0,0.16725829995840422
168,1,0.5843552659979188
13,0,0.027458581739927306
78,0,0.1828855565968968
108,0,0.12972909629450355
10,0,0.509224425148993
75,0,0.27457783913582823
33,0,0.008782110593089655
151,0,0.5096952002892596
195,0,0.6526203564884224
130,0,0.02964813796680224
139,0,0.08756460888788938
200,0,0.00303747909511567
95,1,0.4081197768363543
210,0,0.4738006632743475
1,0,0.004182606928602352
143,0,0.6848320448825075
97,0,0.07275541763909595
12,0,0.15698968048777587
53,0,0.02088657221651924
219,0,0.07359604032768424
99,0,0.009732017782485575
77,0,0.006870778971613106
179,0,0.37327263768505453
106,0,0.00303747909511567
135,0,0.4558760366075263
82,0,0.005494942886607602
228,0,0.0446418534975061
219,0,0.001725143137110421
135,0,0.13180422318971888
181,0,0.113944169860558
59,0,0.03450999924296425
66,0,0.09968226254971847
136,0,0.018453758814433136
143,0,0.06740797937538488
7,0,0.016759230414610984
30,0,0.269387482939923
136,0,0.004319854754997731
99,0,0.48764440820371724
18,0,0.40698099415204675
12,0,0.1323479825539322
68,0,0.24268131387739833
51,0,0.029007546311668117
157,0,0.005494942886607602
182,0,0.012920074748031737
6,1,0.6583046507080544
22,1,0.6735384828545431
77,1,0.616943944034591
92,0,0.46728368489022815
41,0,0.04015198972385206
157,0,0.0030075187969924814
116,0,0.057381345100643334
133,0,0.045490066388214456
216,1,0.4257610133875483
40,0,0.022984575321997158
67,0,0.10777015007342494
75,0,0.29084010205144223
3,0,0.02305002625378738
196,1,0.43256097560975615
63,1,0.5943297581978242
217,0,0.019686656109266298
71,0,0.11665425887589702
137,0,0.008605807600094878
131,0,0.3713735269549525
103,0,0.002626044038011322
127,0,0.49752586594691856
169,1,0.6680413703943117
184,1,0.24570146585956856
68,0,0.03759122538478695
68,1,0.7047565648070274
57,1,0.5644910644910645
36,0,0.0
18,0,0.5442293344770125
69,1,0.6965025965530591
208,1,0.4969106106946158
117,0,0.392240800135537
127,0,0.2517278779213192
31,0,0.00055005500550055
9,0,0.1327253450710241
199,0,0.1668388708219329
230,0,0.022117693090146832
180,0,0.03262154484719665
56,0,0.37418023661436606
154,0,0.2611181535481853
80,0,0.14849060372368306
128,0,0.00055005500550055
127,0,0.4710703526492999
225,0,0.08164568051739511
218,1,0.4227618073840827
94,1,0.37983880839595324
208,0,0.012755301672094455
98,0,0.0011750881316098707
171,0,0.1866441368748141
58,0,0.189759855137862
11,0,0.04928114714819198
117,0,0.23058629062995872
136,0,0.48400609291698404
187,0,0.0
65,0,0.12012224743070994
113,0,0.0
33,0,0.007944746640375722
195,0,0.027903673826794928
23,0,0.015600912379817733
190,0,0.03807125280421781
76,0,0.001450955906401451
58,1,0.43779053784100785
33,0,0.10921320395004604
76,1,0.6818101438791094
108,0,0.012808623778040129
139,0,0.09950573384655599
194,0,0.004413315180121173
149,0,0.27877061986774215
221,0,0.12048973709496184
173,1,0.5690834732446511
48,0,0.5175667855093692
179,0,0.19892913413472724
33,0,0.009947384967167659
171,1,0.7333991482771971
50,0,0.05528306466516004
176,0,0.007447489565301627
0,0,0.0069132105819872045
86,0,0.011467046410967347
71,0,0.03232895087323836
46,1,0.803399148277197
212,0,0.001450955906401451
196,0,0.1199870548508114
96,0,0.6314571273198043
120,0,0.6110521662245799
29,0,0.04295290109886609
206,1,0.43595007165977134
156,0,0.004413315180121173
206,0,0.006071653480296125
34,1,0.6200340320724154
117,0,0.08005924822871463
88,0,0.2848313840336347
36,0,0.7059722222222223
97,0,0.02305002625378738
183,1,0.3595628034099974
191,0,0.03825269784683357
159,0,0.00303747909511567
121,0,0.005494942886607602
62,1,0.6225532118429234
176,0,0.001725143137110421
99,1,0.7418890997259119
3,0,0.02450305459085177
117,1,0.3423845042664819
44,0,0.48077191371449746
17,0,0.012808623778040129
54,0,0.3106939475360528
124,0,0.0
208,1,0.5190722242099755
91,0,0.011858716588644208
79,0,0.02450305459085177
84,1,0.6144224106434177
143,0,0.008729868079461576
39,0,0.0059176355570841254
49,0,0.012162962975256743
3,0,0.0878927833191631
11,1,0.5337549161078573
201,0,0.451144387701545
210,0,0.14077498526073495
85,0,0.3618937072461077
66,0,0.1667192325382745
41,0,0.01110570300196091
220,0,0.028408488929323225
18,0,0.010556093012233363
179,0,0.001450955906401451
132,1,0.34661254920080325
130,0,0.4723400004975116
182,0,0.05978724011192175
39,0,0.005083507829503253
112,1,0.6030415322694734
209,1,0.7000526355365064
68,0,0.0
79,0,0.03794234310530784
41,0,0.01903046940812166
59,0,0.021891708218994128
166,0,0.029134769975072642
31,0,0.6818101438791094
99,0,0.10945898317032338
118,0,0.12867996201329537
202,0,0.0658514691451604
88,0,0.00055005500550055
150,1,0.5266122766122766
38,0,0.040717749817892675
206,0,0.02472903946200447
50,0,0.08990649787862019
137,0,0.015038237944393342
168,0,0.07459315696158557
101,0,0.03058047113044279
94,0,0.36164042168408983
129,0,0.0
25,0,0.012739673568945264
94,0,0.07180898920304113
103,0,0.07564446742210597
13,0,0.2896456542908379
36,1,0.8299397920087576
208,1,0.4595798319327731
30,0,0.2221687096767231
147,0,0.0
121,1,0.6850122557768734
218,0,0.010308728376174097
228,0,0.3508767305750138
30,0,0.08967983444380623
107,0,0.5854078808548941
94,0,0.3100804750804751
74,1,0.6472624941065535
35,0,0.06693931089809788
26,0,0.11308217157612048
61,0,0.29459064327485385
81,0,0.004413315180121173
139,0,0.13180422318971888
132,0,0.012343364154343214
220,0,0.040717749817892675
113,0,0.012808623778040129
53,0,0.005494942886607602
72,0,0.18026116509779197
108,0,0.509786443503021
80,0,0.08770966425852618
177,0,0.002626044038011322
122,0,0.3101869761444229
135,0,0.010308728376174097
160,0,0.006994839450979802
229,0,0.2222813413137735
63,0,0.022611489823151292
63,0,0.009947384967167659
201,0,0.015600912379817733
80,0,0.008521457234064245
57,0,0.012231913184351606
67,0,0.29151608734695666
165,0,0.006870778971613106
123,0,0.4136675602197761
203,1,0.6313050375550375
83,1,0.3974600927891799
126,0,0.02088657221651924
35,1,0.4427416106841944
139,0,0.04187606785268593
63,0,0.040202571756644594
142,0,0.07359604032768424
10,1,0.30469261409064446
104,0,0.012566737994637278
52,1,0.5313128403016044
155,0,0.002626044038011322
104,0,0.015024201786129213
142,1,0.6818101438791094
15,0,0.0
137,1,0.5503419508733028
11,0,0.13281985709599173
11,0,0.012162962975256743
217,0,0.058140966718691504
94,0,0.015419970149897768
172,0,0.004182606928602352
27,0,0.0
77,0,0.113944169860558
36,0,0.00055005500550055
115,1,0.26478769383976536
137,1,0.5682296769253291
84,0,0.3031623855422482
17,0,0.13359906051809314
224,0,0.16097845135645825
19,0,0.007944746640375722
86,0,0.22111834265626365
135,0,0.031300429545610554
26,0,0.020373228950139516
99,0,0.03442695397871628
80,0,0.00055005500550055
105,0,0.05654072241205504
119,0,0.00055005500550055
128,0,0.26701717703818734
17,0,0.05277105800540414
43,0,0.03545990643236017
24,0,0.005083507829503253
115,0,0.09145609365684514
118,1,0.5008443774826133
32,0,0.06653426392831585
169,0,0.48011444447525187
208,0,0.2504641451284192
120,0,0.015024201786129213
121,0,0.15408386446187136
101,1,0.38237675084827355
179,0,0.002626044038011322
132,0,0.7144932844932845
113,0,0.31243066699878447
215,0,0.09673081893157041
42,1,0.800359554503201
138,0,0.29579329884207933
126,1,0.20418380553313087
187,0,0.3011950767726346
82,1,0.41898193578756376
152,0,0.3834944751381215
62,0,0.2570418039275773
71,0,0.18689764341938253
166,0,0.00055005500550055
211,0,0.07524139842980422
163,0,0.08768089372042466
18,1,0.7438238573021182
85,0,0.23840155945419103
163,0,0.012808623778040129
169,0,0.029007546311668117
66,0,0.005083507829503253
196,0,0.4219222298169667
188,0,0.49723796941097614
208,1,0.49577453761023743
22,0,0.00055005500550055
82,0,0.06955065726995552
67,0,0.09186914114527579
196,0,0.005083507829503253
78,0,0.1576598827205483
78,1,0.3669240068847655
15,1,0.5549783986263114
139,0,0.006870778971613106
56,0,0.07845858115768821
42,0,0.01407839278282499
229,0,0.007406274508084151
56,0,0.10795293526139778
95,0,0.02450305459085177
143,0,0.018212258751675373
73,0,0.021314997625305605
152,1,0.5839929284148351
117,0,0.02305002625378738
118,0,0.07359604032768424
82,0,0.49836101480824535
8,1,0.4414627380416854
131,0,0.06927584470222449
135,1,0.10777273774864689
121,1,0.56091795986129
214,1,0.7217285966066455
109,0,0.2618216107325018
33,0,0.004182606928602352
67,0,0.016631033158965986
10,0,0.21826850697984723
3,0,0.01763554815798685
153,1,0.426281104464915
198,0,0.13180422318971888
2,0,0.11242043855302226
142,1,0.41575399628938653
18,0,0.02964813796680224
168,1,0.45525057444562095
188,1,0.7206405275875419
126,0,0.08967983444380623
197,1,0.2541328067643857
29,0,0.0018623909635057995
231,0,0.17468497484650933
9,0,0.004413315180121173
94,0,0.2878366437111812
94,0,0.005083507829503253
81,0,0.13783229250006893
50,0,0.033487268908031616
89,0,0.05166906612963151
169,0,0.09786037574443603
7,0,0.0
113,0,0.00055005500550055
71,0,0.5771376189733188
166,0,0.024289675291266393
151,0,0.49625237553598134
219,0,0.06653426392831585
28,0,0.08953439640219286
24,0,0.08261805804443782
229,0,0.001450955906401451
4,1,0.4489444728167511
58,0,0.001450955906401451
45,0,0.021891708218994128
150,0,0.17276673633130277
215,0,0.5515410515410516
21,0,0.006071653480296125
84,0,0.21378222277098682
79,1,0.603900668045405
124,0,0.0011750881316098707
27,0,0.007944746640375722
20,1,0.6409498048178708
77,1,0.5716337039866453
111,0,0.23092494118515763
226,0,0.1576598827205483
54,0,0.008356181697480071
215,0,0.05333937532905422
144,0,0.09145609365684514
130,0,0.02305002625378738
103,0,0.011711763536231282
46,0,0.07870357609762803
170,0,0.047234530528221776
99,0,0.05423524020338975
31,1,0.40698143416196153
98,0,0.001725143137110421
16,0,0.12670454202777928
5,1,0.7093469655595775
114,1,0.5302195625725038
164,1,0.38225165622997154
118,0,0.0
38,0,0.0
24,0,0.1418984084638157
163,0,0.005487282848883792
51,0,0.004896565348686253
202,1,0.6976764138890258
68,0,0.03120537280756384
98,0,0.005487282848883792
13,0,0.034911004676243265
141,0,0.047234530528221776
196,0,0.518534988439094
39,0,0.022117693090146832
208,0,0.02942215309564954
144,0,0.004182606928602352
51,0,0.007229971515089376
173,0,0.4271312547921459
29,0,0.0611418278734718
14,0,0.001725143137110421
190,0,0.06358186238424011
21,0,0.5257022957039971
216,1,0.6474384015820479
63,0,0.007607496078286892
60,0,0.011858716588644208
211,1,0.6848320448825075
72,0,0.27267391725727386
154,0,0.19468157066361336
46,1,0.5455996183844285
68,0,0.02305002625378738
13,1,0.3139511818176639
141,1,0.7227935755878967
47,1,0.6409498048178708
187,0,0.02566137262564502
48,1,0.2890316205533597
181,1,0.5047403863193337
74,0,0.020373228950139516
60,0,0.001725143137110421
16,0,0.057381345100643334
64,0,0.009358821186778176
183,0,0.09145609365684514
122,0,0.13613337838209444
14,0,0.0
53,0,0.4349811395672027
121,0,0.020373228950139516
89,0,0.039199270549038066
72,1,0.3131978804218904
58,0,0.09786037574443603
53,0,0.054080051474103406
192,0,0.001725143137110421
114,0,0.027849228276874863
159,1,0.553700227773323
13,0,0.09786037574443603
161,0,0.35130106318683657
22,1,0.356465523552572
66,0,0.0
97,0,0.4647784085599476
87,1,0.17981927749452523
182,0,0.00055005500550055
9,0,0.5245526439164014
112,0,0.3726173166883376
109,0,0.10748497987903181
33,0,0.029007546311668117
24,0,0.05489536430993506
14,0,0.015600912379817733
7,1,0.4827225406172775
83,0,0.05008201674868342
221,0,0.07887076560240952
92,1,0.429917386057737
65,0,0.040734631707085446
130,0,0.5524123442480441
95,1,0.530269487105187
90,0,0.04500104604098237
79,1,0.5947772597772598
54,0,0.004413315180121173
22,0,0.25818399553169935
113,1,0.7416531165311654
146,0,0.01046873488915936
215,0,0.11730013424317677
29,0,0.16784954230632645
196,1,0.4863034730479057
96,0,0.32310438667129315
30,0,0.00055005500550055
213,0,0.17062625366732978
149,1,0.5118309663046506
70,0,0.10753988777296712
200,0,0.5473523476885851
155,0,0.02018878744291491
164,0,0.00055005500550055
42,0,0.21333998824305941
62,0,0.00303747909511567
137,0,0.01396694181283338
32,0,0.0069132105819872045
100,0,0.008782110593089655
194,0,0.027903673826794928
68,1,0.07564446742210597
8,0,0.0452964226212183
39,0,0.03262154484719665
195,0,0.0036364747585869695
109,0,0.02450305459085177
50,0,0.007229971515089376
169,0,0.001450955906401451
211,0,0.13800007034574938
95,0,0.002626044038011322
88,1,0.4607921104143857
80,0,0.15408386446187136
25,1,0.577640367888046
125,0,0.4398661410856533
70,1,0.5676666406136412
120,1,0.5446251076845173
136,0,0.09186914114527579
99,0,0.00055005500550055
45,1,0.4668050676295315
92,0,0.11322766053612306
111,0,0.01903046940812166
26,0,0.001450955906401451
207,0,0.11292211651923882
61,0,0.07467438631084546
178,1,0.3339840882339035
15,0,0.002626044038011322
202,0,0.012566737994637278
10,0,0.012231913184351606
175,0,0.1549066830021419
43,1,0.5740270024809498
112,0,0.0579598619688079
89,1,0.5737411473357737
51,0,0.13242700894874807
101,0,0.034911004676243265
170,0,0.04492713264643089
101,0,0.004182606928602352
11,0,0.20639722329456722
211,1,0.6409498048178708
52,0,0.1825597242263909
45,0,0.03523289121905429
80,0,0.1036254058261573
98,0,0.17727227862160397
95,0,0.005660218423191776
139,1,0.6711490197145729
183,1,0.07180898920304113
142,0,0.030460574648732506
2,0,0.029134769975072642
126,0,0.006870778971613106
191,1,0.45525057444562095
48,0,0.012926198680651294
132,0,0.005083507829503253
217,0,0.0
131,1,0.6010776740246747
83,0,0.00055005500550055
126,0,0.39242304656669297
88,0,0.0018623909635057995
14,0,0.02450305459085177
85,0,0.0
187,0,0.0036364747585869695
104,0,0.02305002625378738
229,0,0.3249288897847656
93,0,0.00303747909511567
61,1,0.7288944958415101
18,0,0.07180898920304113
53,1,0.6385603416779005
141,0,0.04094373468904538
80,1,0.5099325054385572
3,0,0.3794364568188706
184,0,0.19268587050495353
86,0,0.14002533793149333
124,0,0.00303747909511567
83,0,0.11303816955990868
2,1,0.5535469850274474
11,0,0.32336741904643135
122,0,0.05277105800540414
196,1,0.4257610133875483
99,1,0.5000848824378236
98,0,0.009370674373479137
170,0,0.005083507829503253
0,0,0.022117693090146832
47,0,0.005487282848883792
7,1,0.5772137857211895
90,0,0.4307200834867566
107,1,0.28490460157126823
80,0,0.0
7,0,0.008356181697480071
121,0,0.00055005500550055
144,1,0.23459984785033794
110,0,0.09508567531875466
17,0,0.22039012526930027
128,1,0.7217285966066455
87,0,0.02566137262564502
85,0,0.09673081893157041
68,0,0.01785538127651179
138,0,0.6031900396470358
197,1,0.4710703526492999
96,0,0.00055005500550055
19,0,0.23187286613345445
217,0,0.008605807600094878
84,0,0.012162962975256743
54,0,0.31889985409242555
30,1,0.4489444728167511
188,0,0.4287419651056015
109,0,0.008605807600094878
136,0,0.002626044038011322
182,0,0.012343364154343214
207,1,0.7333991482771971
34,0,0.03752235104810091
123,0,0.27353734124973045
77,0,0.29788192165107996
48,1,0.4301652199118217
98,1,0.6788286808976464
84,1,0.5503419508733028
62,0,0.15698968048777587
119,0,0.1075082191446783
203,1,0.3078934513988089
197,1,0.6852090345250947
210,0,0.2742243306825299
139,0,0.0030075187969924814
24,0,0.00055005500550055
11,0,0.09248718816620051
48,0,0.35760629337645716
170,0,0.2693801777319886
127,0,0.006870778971613106
113,0,0.009679775268857497
45,0,0.16414324453679088
103,0,0.03442695397871628
4,0,0.19896098163395623
99,0,0.12874342755145232
171,0,0.11297225865127099
54,0,0.13180422318971888
142,0,0.06620608949704214
147,1,0.6673395593869732
108,0,0.020019689984668913
59,0,0.06653426392831585
115,0,0.00055005500550055
46,0,0.08193526326128237
118,0,0.001450955906401451
94,0,0.3327084122944754
13,1,0.6030415322694734
40,0,0.01853758520425187
99,0,0.008521457234064245
20,1,0.7333991482771971
151,0,0.10316843650176984
44,0,0.02314700673109445
127,0,0.38601646725937416
170,0,0.04667526987577342
179,0,0.021891708218994128
99,1,0.2878778355459788
145,0,0.00055005500550055
8,0,0.21838039078316904
173,0,0.5426191741981216
134,1,0.47284941820181864
171,0,0.4391016766651284
62,1,0.4953050462486921
143,0,0.034037834555930256
107,0,0.5007733229463297
177,0,0.08576535249699642
82,0,0.4784471665923456
26,0,0.22327395050286616
153,0,0.22274853226833713
75,1,0.41581961320679856
176,0,0.08261805804443782
127,0,0.0018623909635057995
227,0,0.004836310855752327
89,0,0.028408488929323225
168,0,0.15399343171125532
119,0,0.00055005500550055
48,0,0.0
2,1,0.43601022784592763
85,1,0.5680568531161416
45,0,0.002626044038011322
220,1,0.6144224106434177
93,1,0.44835590685827337
157,0,0.12428992649067795
111,0,0.22782141181017587
60,0,0.03593893380597863
15,0,0.047505413479292956
158,0,0.00055005500550055
210,0,0.7272124675743873
1,1,0.1824606384566494
31,0,0.07354548256494375
53,1,0.29062217085768877
120,1,0.7275894572169745
98,0,0.06955065726995552
58,0,0.031473055271682274
223,0,0.13180422318971888
175,0,0.04446893521816039
55,0,0.09274285659234482
137,0,0.22921452555099345
185,0,0.00055005500550055
13,1,0.6848320448825075
187,0,0.477336016809701
59,1,0.5592162517467382
192,0,0.5047854461271514
29,0,0.033706366147664486
111,0,0.010308728376174097
122,0,0.026435251006451648
49,1,0.5196567564988618
73,0,0.03442695397871628
52,0,0.004586381947982891
64,0,0.07811388031463179
85,0,0.00303747909511567
17,0,0.09245321029074645
189,0,0.1036254058261573
17,1,0.620911007407595
65,0,0.013897991603738516
72,0,0.009370674373479137
23,0,0.030293088009865896
133,1,0.5297878527348533
59,0,0.0611418278734718
100,0,0.06004472400351097
198,1,0.17067981224521947
52,0,0.1592241460319931
49,0,0.08741071059911638
87,0,0.11303816955990868
171,0,0.02666402478931591
186,0,0.010308728376174097
160,0,0.005083507829503253
118,0,0.016631033158965986
155,0,0.519436631543596
153,0,0.36788196363496
197,0,0.17307347460389785
35,0,0.295074367806884
152,0,0.2892790222072949
32,0,0.1157204290735969
17,0,0.1700926968077364
56,0,0.012231913184351606
146,0,0.15408386446187136
182,0,0.459212704487232
189,0,0.021891708218994128
106,1,0.5000848824378236
156,0,0.001725143137110421
96,0,0.02566137262564502
71,0,0.14880913918714608
17,0,0.22175566218829243
147,0,0.006870778971613106
31,1,0.587445354035743
125,0,0.04649967773376092
40,1,0.6031900396470358
96,0,0.0069132105819872045
13,0,0.1381636388888773
127,0,0.015024201786129213
53,0,0.21189550508150878
37,0,0.47880239831212035
34,0,0.18466134138662804
6,0,0.00055005500550055
220,0,0.09079859934506762
211,1,0.7291718426501035
153,0,0.05318506155968212
23,0,0.159338535860275
1,0,0.028408488929323225
31,0,0.15975158334870565
195,0,0.022117693090146832
143,0,0.015926238832394232
215,0,0.11938313172881075
116,0,0.1352713800976569
227,0,0.04354874544266769
191,0,0.4750789744971484
40,0,0.33736402486402484
225,0,0.029296489817324117
204,0,0.0
31,0,0.03807125280421781
140,0,0.029296489817324117
44,0,0.020213405376370116
112,0,0.16115784178377246
112,0,0.012231913184351606
104,1,0.4817779686200739
131,0,0.0
214,0,0.03442695397871628
161,0,0.002626044038011322
221,0,0.033487268908031616
101,0,0.001450955906401451
90,0,0.3466384703498106
220,1,0.5928502415458937
12,0,0.0
95,1,0.7104350345786811
77,0,0.1846426525779454
156,0,0.0
172,0,0.1157204290735969
61,0,0.022117693090146832
180,0,0.005083507829503253
156,0,0.516293295098432
33,0,0.022100119064391455
51,1,0.4746527483744573
74,1,0.6934806955496611
87,0,0.036069322711036515
111,0,0.005660218423191776
50,0,0.3489577715941529
58,0,0.24342147129947822
184,1,0.4644899626517273
66,0,0.0047593175222908745
170,0,0.09532321045508767
190,0,0.4517876231777167
108,1,0.7438238573021182
30,0,0.005494942886607602
205,0,0.012920074748031737
29,0,0.004182606928602352
29,1,0.6833302275097507
122,0,0.00303747909511567
92,0,0.007430719468485007
140,1,0.5682498656028069
176,1,0.6008105800075806
82,0,0.025617040350005362
53,1,0.2140128128042936
154,0,0.3111224711974478
103,0,0.012231913184351606
58,0,0.007944746640375722
112,0,0.011976291491255371
31,0,0.040596219369185775
98,1,0.6452822539779062
141,0,0.1301421437829342
191,0,0.047234530528221776
228,0,0.01763554815798685
11,0,0.22704311917795064
182,0,0.09419767443075377
171,0,0.543364492452569
23,1,0.5071076157429167
93,0,0.012926198680651294
103,0,0.1327253450710241
37,0,0.0611418278734718
60,0,0.004413315180121173
113,0,0.1327253450710241
189,0,0.021033354150995224
17,0,0.18076234253297127
52,0,0.4710671428216684
154,0,0.007982985101772673
163,1,0.584707547480333
86,0,0.09079859934506762
104,0,0.39343713238165795
9,0,0.07633762110159288
77,0,0.007944746640375722
122,0,0.05149365942948111
129,0,0.01221980613562341
149,1,0.20298588542815052
162,0,0.12006632658806571
101,0,0.001725143137110421
42,1,0.7089699759169902
85,0,0.06057674387043511
10,0,0.006870778971613106
94,0,0.08883921175521792
36,0,0.4166766333883077
80,0,0.15117450584228223
146,0,0.007229971515089376
139,0,0.06635867178630335
144,0,0.012231913184351606
82,0,0.0
27,0,0.44695672107097023
99,0,0.041750702271536565
110,0,0.10753988777296712
43,0,0.018857533833813677
65,0,0.02666402478931591
106,0,0.009679775268857497
54,0,0.04826507658374086
1,0,0.004182606928602352
140,0,0.01413733704349244
117,0,0.18979044834307993
86,0,0.015449673001497693
80,0,0.29461690517035066
50,0,0.3142729600431238
213,0,0.005487282848883792
13,1,0.7059722222222223
34,0,0.004182606928602352
29,0,0.0783202266455855
10,0,0.1705769727777243
24,1,0.42826325441267965
135,1,0.426281104464915
56,1,0.5337549161078573
217,1,0.7764675603077409
181,0,0.22049210535586192
163,0,0.18714004418287147
59,0,0.015024201786129213
195,0,0.20876258994970334
131,0,0.07180898920304113
58,1,0.594349946875302
38,0,0.008195586241869265
169,1,0.5985345357655257
100,1,0.6440492717121306
46,0,0.03863662860160753
85,0,0.03419446966597132
207,0,0.045490066388214456
105,0,0.15408386446187136
200,1,0.40699569805740404
141,0,0.3891920053285742
59,0,0.20459685302156153
31,0,0.0
32,0,0.010064959869778824
154,0,0.021314997625305605
201,0,0.02019228672021955
27,0,0.20634207049263828
0,0,0.06331430385581202
130,1,0.5408454960931742
12,0,0.2851808046958845
135,0,0.6583046507080544
98,0,0.01903046940812166
51,0,0.005494942886607602
48,0,0.16046809267314058
108,0,0.0
124,1,0.45321605054095143
9,1,0.6315721315721315
41,0,0.2749977575188751
3,0,0.009370674373479137
6,0,0.15141661909077456
16,1,0.2420657720292947
195,1,0.7272124675743873
34,1,0.20876258994970334
48,0,0.0
204,0,0.1145467562784002
35,1,0.5446730027409684
137,0,0.5639002759692414
130,0,0.3278835299400318
123,0,0.44706336085230075
119,1,0.5271723741178981
144,0,0.0
35,1,0.587445354035743
20,0,0.10780391541859431
67,0,0.0068185364579850275
124,0,0.001450955906401451
27,0,0.16046809267314058
110,0,0.36788196363496
135,0,0.011799988498260597
0,0,0.005083507829503253
141,0,0.05489536430993506
128,1,0.1856997233144022
61,0,0.02305002625378738
111,0,0.5676666406136412
124,0,0.24668378262729995
53,0,0.24045771550138365
187,0,0.030460574648732506
126,1,0.12678053293413824
143,0,0.011976291491255371
170,0,0.5203718831446688
73,0,0.03348038127651179
23,0,0.017839173252829507
49,0,0.028408488929323225
174,0,0.49987236292690046
39,0,0.010308728376174097
87,0,0.02666402478931591
151,1,0.7093469655595775
80,0,0.020019689984668913
108,0,0.011467046410967347
18,1,0.7059722222222223
139,0,0.018453758814433136
191,0,0.005487282848883792
191,0,0.01396694181283338
34,0,0.05987753449872948
133,0,0.09079859934506762
90,0,0.22484638406582536
0,0,0.0
48,0,0.5512606882534342
190,0,0.21189550508150878
20,0,0.005695690840003234
85,1,0.40004441554894116
105,1,0.2878285467988387
71,0,0.22690588537380374
61,0,0.5642828022298029
2,0,0.07359604032768424
114,0,0.037800915129511246
227,1,0.5535671737049251
131,0,0.0
130,0,0.0
92,0,0.09678236548312201
11,0,0.0857436347668709
218,0,0.041750702271536565
99,0,0.053929376040197395
0,0,0.005494942886607602
211,0,0.00589871790598814
205,0,0.10782238493224809
161,0,0.22554141890526327
74,0,0.014661227309133065
67,0,0.07741596708475411
14,0,0.6024807480748074
3,0,0.03161889268352576
163,0,0.00055005500550055
65,0,0.27771736503793915
168,0,0.4166766333883077
120,0,0.10734742840006
140,0,0.19815998284897804
54,0,0.028845442501961017
5,0,0.02313135725647314
16,0,0.23717848588982612
55,0,0.08282522710383407
76,0,0.17362728771425584
207,0,0.0514475864460952
32,0,0.001725143137110421
64,0,0.2872369996089281
154,0,0.08261805804443782
48,0,0.13221727067814956
23,0,0.016114255646197454
42,0,0.08543522220932727
83,0,0.06420632553234464
67,1,0.19117358511297908
68,0,0.4239608540028231
224,1,0.6576722128446266
207,0,0.16920400587067252
15,0,0.008605807600094878
117,0,0.315980024968789
137,0,0.2452755798460995
103,0,0.010641670463467345
204,0,0.04189645386385937
101,1,0.23254401289005547
49,1,0.2864347036542689
180,0,0.2082090159091202
13,0,0.5124035543204007
232,0,0.13613337838209444
19,0,0.012162962975256743
24,0,0.0805161237045295
21,0,0.05428594803125872
137,0,0.27505951861892736
16,0,0.09419767443075377
86,0,0.006870778971613106
43,0,0.113944169860558
141,1,0.6030415322694734
166,1,0.20894340548603127
50,0,0.36740693236541105
37,0,0.3978027222082792
122,0,0.4224493768980255
104,0,0.34713391149584516
184,0,0.3344945989183626
63,0,0.016759230414610984
135,0,0.05641726698368551
86,0,0.21564854546517997
192,0,0.019370576786468627
52,1,0.707987056343366
121,0,0.001450955906401451
158,0,0.006870778971613106
14,0,0.2881300971188612
165,0,0.11299432976843482
39,0,0.22175566218829243
61,0,0.04187606785268593
230,0,0.002626044038011322
177,0,0.13180422318971888
110,0,0.059560673305984
179,1,0.64701108868009
218,0,0.26853697340822774
37,0,0.006870778971613106
46,0,0.012926198680651294
5,0,0.006870778971613106
108,0,0.4734376751623048
202,0,0.4127162716271627
29,1,0.498283534647171
37,0,0.021891708218994128
0,0,0.12290833225792576
112,0,0.0477082223294173
172,0,0.18068906411362426
46,0,0.04094373468904538
86,0,0.09519862745437636
107,1,0.5503419508733028
178,0,0.005083507829503253
29,0,0.07636941617462448
21,0,0.047234530528221776
99,0,0.14037372060679995
47,0,0.05489536430993506
19,0,0.1278906576544777
78,1,0.4896937910574275
113,0,0.004319854754997731
8,0,0.07722562198959378
26,1,0.5337549161078573
45,0,0.07666053798655709
43,0,0.2125091387235413
131,0,0.02666402478931591
116,0,0.004896565348686253
150,0,0.04826507658374086
91,0,0.06391738202668863
126,0,0.113944169860558
51,0,0.16842153508820176
120,0,0.009947384967167659
20,1,0.6526203564884224
108,0,0.008521457234064245
65,0,0.048028468039031186
88,0,0.021891708218994128
183,1,0.5007733229463297
149,0,0.19152263537515601
23,0,0.010064959869778824
115,0,0.001725143137110421
139,0,0.016759230414610984
91,0,0.5174090325699237
67,0,0.08261805804443782
58,1,0.7062393162393162
119,0,0.001725143137110421
133,0,0.009358821186778176
136,0,0.0514475864460952
9,0,0.010308728376174097
120,0,0.3914144465174032
69,0,0.0069132105819872045
47,0,0.3337071438791681
12,0,0.005083507829503253
30,0,0.02313135725647314
118,0,0.1078920316033718
65,0,0.00055005500550055
34,0,0.06015472094758357
171,0,0.06057674387043511
85,0,0.02727251768318634
132,0,0.010308728376174097
230,0,0.11970919994227928
192,1,0.3618937072461077
128,0,0.24342147129947822
170,0,0.05298294760414258
84,0,0.1157204290735969
154,0,0.04244144955289867
90,0,0.07887076560240952
26,0,0.32054455445544555
141,0,0.24689153614579148
31,0,0.012162962975256743
36,0,0.05476999872878569
19,0,0.01407839278282499
183,0,0.010641670463467345
98,0,0.11944245164749957
49,0,0.062300443605441104
111,0,0.05277105800540414
17,1,0.28162789784557757
213,0,0.00055005500550055
176,1,0.509786443503021
45,0,0.24935959525000617
133,0,0.25460923965723836
122,1,0.4866245721407509
191,0,0.2668106703194422
119,1,0.6144224106434177
222,0,0.13500382156922883
33,0,0.6914774904214559
145,0,0.36973728414970103
148,1,0.6818101438791094
80,0,0.00055005500550055
131,0,0.012926198680651294
132,1,0.38660361184192854
208,1,0.6265202752159275
206,0,0.4526662516858595
135,0,0.005494942886607602
192,0,0.04616707347826294
181,0,0.00055005500550055
5,0,0.00055005500550055
25,1,0.21216631544786269
187,0,0.2894397057333738
47,0,0.22858643181610364
165,0,0.1705896412686536
194,1,0.24679620559770374
106,0,0.041750702271536565
59,0,0.06018521804952428
36,0,0.03982381529257834
208,0,0.041750702271536565
143,0,0.27966228175917657
11,1,0.3710749455682352
70,0,0.738883019244939
82,0,0.0
61,0,0.0
144,1,0.4489444728167511
21,0,0.4317036133993146
106,0,0.2059290230042076
17,0,0.062300443605441104
101,0,0.13783229250006893
56,0,0.09852682962312932
39,0,0.004182606928602352
89,0,0.2670160281684445
162,0,0.004182606928602352
61,1,0.30952788753056687
133,0,0.2111350312762117
71,0,0.005083507829503253
144,0,0.05319205058610251
46,0,0.06757516888016639
231,0,0.0069132105819872045
172,0,0.015600912379817733
177,0,0.054080051474103406
120,0,0.4292221798599074
12,0,0.03161889268352576
214,0,0.022100119064391455
43,1,0.45525057444562095
41,0,0.19722700942535884
1,0,0.0011750881316098707
8,1,0.42722681359044995
50,0,0.4723400004975116
216,1,0.49005769442145186
13,1,0.6250619299399788
1,0,0.6179131652661064
47,0,0.033706366147664486
186,0,0.17832814600230149
28,0,0.058140966718691504
137,0,0.07666053798655709
30,0,0.3568844141133298
122,0,0.019370576786468627
42,1,0.6208773410497549
0,0,0.012808623778040129
49,1,0.6010776740246747
117,0,0.009947384967167659
185,0,0.001725143137110421
84,0,0.02666402478931591
131,0,0.3688332522275733
71,0,0.17255898281281123
95,1,0.7089699759169902
169,1,0.4792341081497708
66,1,0.6048001999259268
62,0,0.26478769383976536
57,0,0.005660218423191776
180,1,0.5843552659979188
129,0,0.12707325727920693
140,1,0.2059290230042076
101,0,0.45526175213675213
100,0,0.07903433414553747
54,1,0.6095458118893768
47,0,0.0009009009009009009
140,0,0.20639722329456722
149,0,0.009732017782485575
88,0,0.3575849963045085
124,0,0.4511715828832572
160,0,0.036945640454412385
65,0,0.012739673568945264
77,0,0.2557643644600166
185,0,0.0068185364579850275
192,0,0.07446975577475329
102,0,0.005695690840003234
118,0,0.2915912783188916
131,1,0.4400562584038472
80,1,0.5812191150128264
58,0,0.3160220317605112
140,0,0.18515326073468943
225,0,0.006071653480296125
77,0,0.015419970149897768
210,0,0.01758094034836191
136,0,0.035442447703441814
59,0,0.1407867680952306
80,1,0.693463002779063
99,0,0.00055005500550055
121,0,0.2736932208007931
92,1,0.4668050676295315
18,0,0.0
215,0,0.012808623778040129
162,0,0.06057674387043511
190,0,0.477336016809701
34,1,0.68954148368513
59,0,0.20217626337234784
201,0,0.19526268312543427
120,1,0.4476090341661914
104,0,0.016114255646197454
29,0,0.021891708218994128
135,0,0.24123479592670502
6,0,0.14701502895553262
206,0,0.002626044038011322
214,0,0.5598549973803523
125,0,0.006870778971613106
106,0,0.0
43,1,0.27891714380802957
58,0,0.020019689984668913
101,0,0.07616641080827966
67,0,0.06391738202668863
79,0,0.04783358791056667
103,0,0.1694571270727638
43,0,0.5432387365152066
18,0,0.004413315180121173
32,1,0.4135440535048122
42,0,0.20804476107506412
164,0,0.08656477902219288
45,0,0.0
4,0,0.31050001206301725
107,0,0.001725143137110421
10,0,0.3383058494582658
185,0,0.37722663743491375
210,0,0.5854078808548941
181,0,0.008356181697480071
31,0,0.001450955906401451
200,0,0.12253296946302433
3,0,0.06017583960373413
89,0,0.008356181697480071
51,0,0.06653426392831585
219,1,0.49151056014692385
181,0,0.6778463565420086
34,0,0.04607552035686593
29,0,0.06057674387043511
157,0,0.03058047113044279
89,0,0.04187606785268593
228,0,0.6818678690988591
108,0,0.062300443605441104
180,0,0.30839455488331896
163,0,0.009732017782485575
81,1,0.5446251076845173
32,0,0.2712956201912025
220,1,0.4757709163386277
19,0,0.3045190654094764
119,0,0.00055005500550055
117,0,0.312992369305821
133,0,0.006870778971613106
100,1,0.5213274210847793
99,0,0.0
29,0,0.28254742298665053
82,0,0.0
9,0,0.0
104,0,0.07636941617462448
224,0,0.005083507829503253
120,1,0.5503419508733028
28,1,0.37478644350302104
1,0,0.19875733550051508
89,0,0.040202571756644594
20,0,0.10642315519025043
100,0,0.07467438631084546
145,0,0.08576535249699642
35,0,0.30641576128701564
6,1,0.38660361184192854
40,1,0.48451996987237034
92,0,0.007447489565301627
8,0,0.012808623778040129
23,0,0.022117693090146832
0,1,0.7089699759169902
129,0,0.20835500297487017
77,0,0.20399065653959406
91,1,0.5096952002892596
136,0,0.2753618546653001
25,0,0.0
181,0,0.007944746640375722
96,1,0.5757856701374031
13,0,0.5076518412242946
147,0,0.004586381947982891
61,0,0.5297878527348533
42,0,0.008782110593089655
198,0,0.021891708218994128
162,0,0.07887076560240952
123,0,0.20639722329456722
219,0,0.1381636388888773
49,0,0.03868066908289416
151,0,0.020373228950139516
103,1,0.46728368489022815
94,0,0.0032382270485113024
5,1,0.25463381205008
35,0,0.021891708218994128
131,1,0.49577453761023743
53,0,0.44054254923820135
168,0,0.14129047281221194
11,0,0.03058047113044279
72,0,0.46009007501179194
118,0,0.017272573680990708
45,0,0.18977165232872995
74,1,0.45525057444562095
35,0,0.11613347656202756
158,0,0.044678113570853134
56,0,0.06331832464434374
144,0,0.5682296769253291
191,0,0.007043845739474822
33,0,0.3266508678936793
186,0,0.46708933836989536
101,0,0.11799740752629091
14,0,0.018212258751675373
10,0,0.012739673568945264
226,0,0.015809323225215065
63,0,0.15430742097408764
164,1,0.2399131857966271
114,0,0.3409746564857839
223,0,0.02018878744291491
73,0,0.2596839566979631
94,0,0.03968332124656505
168,1,0.25379867046533716
171,0,0.01110570300196091
72,0,0.08484107928718689
176,1,0.3972665746763913
20,0,0.040717749817892675
77,0,0.3842849826473505
15,0,0.09565933691163893
118,0,0.007043845739474822
104,1,0.3962454851201654
78,0,0.4771319796954315
172,1,0.6002685415102267
148,0,0.005660218423191776
144,0,0.0878927833191631
158,0,0.007944746640375722
3,1,0.6409498048178708
208,0,0.5328779407726777
91,0,0.10483787983978443
56,1,0.5379636703166115
202,0,0.301510977663394
135,0,0.00055005500550055
47,1,0.7288944958415101
58,0,0.4048660344735507
89,0,0.3291118546653002
115,0,0.2677279878691683
48,1,0.49577453761023743
16,0,0.1301881797816757
112,0,0.009774449392859675
103,0,0.3453005524030441
106,0,0.01407429459673329
217,0,0.18921399519796625
23,0,0.0
90,0,0.4421120789541842
166,0,0.3647862113065145
52,1,0.7206405275875419
129,0,0.06847057517119697
193,0,0.015600912379817733
149,0,0.08193526326128237
50,1,0.6650877358523535
153,1,0.6617380440909852
74,0,0.20215221988529922
227,0,0.29234693507829873
82,0,0.03968332124656505
191,1,0.6977708764665286
71,0,0.002626044038011322
95,0,0.022984575321997158
188,0,0.01806101937335533
209,0,0.4178436417707299
122,0,0.03769816730537195
7,0,0.06753138056221718
30,0,0.31415027467659046
103,1,0.6852090345250947
12,0,0.0
26,1,0.31668652976408757
34,0,0.16802397322992288
48,0,0.38374680164645686
100,0,0.012808623778040129
64,0,0.2716384434668811
72,1,0.2097400360678445
169,1,0.5336533254890253
228,0,0.02088657221651924
45,1,0.1808404808621691
153,0,0.021897401433691756
94,1,0.40708665544409434
24,0,0.037055721659001624
188,0,0.45233859126567943
177,0,0.009732017782485575
63,0,0.005494942886607602
12,0,0.6409498048178708
134,1,0.5441901497842091
174,0,0.00055005500550055
39,1,0.42625495731666324
226,0,0.065486866940812
34,0,0.01407839278282499
24,1,0.5834784062632165
225,0,0.07722562198959378
221,0,0.04187606785268593
26,0,0.1157204290735969
14,1,0.44750495731666323
155,0,0.006870778971613106
143,0,0.002626044038011322
23,0,0.1306423475853901
55,0,0.46297334006264196
40,0,0.03058047113044279
220,1,0.5634369562206848
57,0,0.005083507829503253
99,1,0.6315721315721315
154,0,0.06057674387043511
42,1,0.4771319796954315
168,0,0.008932892291168594
71,0,0.13010846316939687
90,0,0.025547250118450757
17,0,0.0
192,0,0.1920983693755234
193,0,0.020339068654695536
159,0,0.007447489565301627
139,1,0.49720444346354736
3,0,0.4262971609194362
124,1,0.7435567632850241
138,0,0.012920074748031737
118,0,0.37658849280800505
147,1,0.6526203564884224
99,0,0.23717848588982612
109,0,0.009358821186778176
170,1,0.4178436417707299
7,0,0.00303747909511567
177,0,0.008782110593089655
1,0,0.015024201786129213
31,0,0.1931127145174968
7,0,0.002626044038011322
36,0,0.03472998657391448
107,0,0.2722270094253589
99,0,0.14650701247491787
32,0,0.06653426392831585
117,0,0.2398183688569641
93,1,0.2897447809624607
61,0,0.13800007034574938
165,1,0.5854078808548941
61,0,0.153825366737865
180,1,0.48652234088609836
10,0,0.00453737565948787
56,0,0.41156908434752526
225,0,0.04702542754626184
145,0,0.0032382270485113024
205,1,0.6308777246530797
29,0,0.07359604032768424
121,0,0.3532317181226039
116,0,0.08261805804443782
34,0,0.03161889268352576
5,0,0.00589871790598814
96,0,0.6583046507080544
64,0,0.6121119169899658
136,0,0.011282005994955685
121,0,0.002626044038011322
42,0,0.04928114714819198
115,1,0.426281104464915
2,0,0.09786037574443603
161,0,0.18806896967504672
111,0,0.017839173252829507
231,0,0.10921320395004604
126,0,0.18984522888808564
165,0,0.5676666406136412
108,0,0.30409162423280467
6,1,0.14072159724333635
116,0,0.004182606928602352
90,0,0.16512797188038822
173,0,0.0
19,1,0.6265202752159275
74,0,0.3375481624909542
77,0,0.0514475864460952
171,0,0.03593893380597863
65,0,0.08658998444680721
177,0,0.1128146130476924
130,1,0.4236517218973359
217,0,0.00303747909511567
49,0,0.007043845739474822
119,0,0.004182606928602352
32,0,0.05476999872878569
30,0,0.005083507829503253
92,0,0.45059505950595063
91,0,0.06057674387043511
110,0,0.015875601897107273
55,1,0.5102724073312309
143,0,0.13958656669654113
128,1,0.47568188516464377
190,1,0.5287867695181553
155,0,0.044256290888100215
121,0,0.09678236548312201
103,0,0.03262154484719665
160,0,0.09786037574443603
219,0,0.6291416135419685
37,0,0.15180290045947106
106,0,0.29461690517035066
75,0,0.011799988498260597
177,1,0.5682498656028069
57,0,0.3974600927891799
94,1,0.7333991482771971
119,1,0.6352106499165323
36,0,0.04187606785268593
169,0,0.07458390411802672
224,0,0.005494942886607602
50,0,0.007447489565301627
144,0,0.47354934905062923
180,1,0.47175614047271797
143,0,0.00055005500550055
155,1,0.7089699759169902
76,0,0.0755481017579145
140,0,0.1725330252331295
159,1,0.29630898174638354
215,0,0.5716337039866453
27,0,0.3303172071593124
76,0,0.02927537116117355
56,0,0.005660218423191776
98,0,0.15408386446187136
27,1,0.554652295700889
27,0,0.30862847943498134
65,0,0.0325986676214877
144,0,0.18466134138662804
44,1,0.4463220240273656
19,1,0.4236517218973359
93,0,0.03436600898720396
200,1,0.6583046507080544
108,0,0.033487268908031616
23,1,0.4668050676295315
43,0,0.00055005500550055
135,0,0.05051074809483826
152,0,0.5772520516398225
190,0,0.02472903946200447
36,0,0.01110570300196091
54,0,0.00303747909511567
102,0,0.11318326378424853
145,0,0.5136622636622636
201,0,0.034911004676243265
219,0,0.07887076560240952
217,0,0.40426512002288795
216,1,0.7199771554610264
185,0,0.09235305411176181
150,0,0.5007733229463297
138,0,0.1870738143822769
96,0,0.4750633282085072
0,0,0.023055719468485007
74,0,0.00055005500550055
9,0,0.21076536477973531
219,0,0.005083507829503253
46,0,0.028438135749325206
87,0,0.02450305459085177
138,0,0.012739673568945264
145,0,0.46297334006264196
10,0,0.016114255646197454
94,0,0.02964813796680224
45,1,0.7221055862492327
212,1,0.4755543914789593
149,0,0.07180898920304113
87,0,0.0664552602005709
27,1,0.6166627816627818
25,0,0.0030075187969924814
184,0,0.0
135,1,0.3079015878264976
2,0,0.007229971515089376
14,0,0.02964813796680224
14,0,0.6976764138890258
58,0,0.011858716588644208
30,0,0.15900303137094218
165,1,0.7104350345786811
13,0,0.09786037574443603
179,0,0.059560673305984
21,0,0.00055005500550055
85,1,0.6824425817425372
68,0,0.20027228278512113
32,0,0.001725143137110421
7,0,0.11613347656202756
46,1,0.5337549161078573
16,0,0.029007546311668117
78,0,0.12972909629450355
154,0,0.10529630643683845
95,1,0.6965025965530591
227,0,0.08261805804443782
52,0,0.20880555829309155
14,0,0.03597324969873989
119,1,0.47165359345801144
87,0,0.07275541763909595
94,0,0.17317978381973342
37,0,0.012231913184351606
69,0,0.07852798395561554
97,0,0.00055005500550055
101,0,0.2083970821084223
175,0,0.02472903946200447
129,0,0.0032382270485113024
0,0,0.009370674373479137
108,0,0.470223978919631
95,1,0.21261469101759445
34,0,0.22039012526930027
85,0,0.005083507829503253
142,0,0.09419767443075377
180,1,0.6576722128446266
61,1,0.19206639473936934
196,1,0.4711154124571177
39,0,0.28252136752136753
46,1,0.5339724834552421
8,0,0.1576598827205483
12,0,0.5475490813427928
202,0,0.011282005994955685
160,0,0.023926343997163247
76,0,0.29372219723096915
70,1,0.6265202752159275
45,0,0.10975247513544477
91,0,0.08656477902219288
165,1,0.30100738988207015
9,0,0.02566137262564502
137,0,0.012231913184351606
138,0,0.013502909274339815
147,0,0.4945417332511112
138,0,0.24268131387739833
165,0,0.048910421156746826
68,0,0.05319205058610251
168,0,0.00303747909511567
125,0,0.11545189087827067
91,0,0.0658514691451604
69,0,0.016759230414610984
168,0,0.05373704627514181
129,0,0.017511990139267047
166,0,0.015600912379817733
95,0,0.0018623909635057995
142,0,0.40970920868044125
84,1,0.007406274508084151
7,0,0.17894944836561266
215,0,0.37421471007998947
50,1,0.5802068302068303
47,1,0.45525057444562095
132,0,0.10448378478139049
13,0,0.3957082412459987
20,1,0.6144224106434177
106,0,0.08972058908375362
137,0,0.0593758050548174
70,0,0.006870778971613106
224,0,0.05523866720607271
206,0,0.6110521662245799
110,0,0.06689939815158627
102,0,0.04808020833257426
0,0,0.07813040672641451
76,0,0.1301421437829342
61,0,0.053920014440848735
14,0,0.04702542754626184
15,1,0.7008350457130946
107,0,0.2856883547520954
23,1,0.6556690077164214
19,0,0.31792127273790727
53,0,0.00055005500550055
113,0,0.08193526326128237
43,0,0.05031956870127494
134,1,0.216000430085621
135,0,0.04189645386385937
34,0,0.015600912379817733
137,0,0.1576598827205483
45,0,0.0
157,0,0.007944746640375722
43,0,0.4723400004975116
78,0,0.0
117,0,0.03545990643236017
192,1,0.6934806955496611
58,0,0.01221980613562341
37,0,0.3342461603955857
25,0,0.03807125280421781
136,0,0.30782586200609013
144,0,0.02843919073473809
44,0,0.009370674373479137
11,0,0.05754337457572593
41,0,0.004182606928602352
55,1,0.7217285966066455
95,0,0.6047776433805846
67,0,0.2017430226264639
190,1,0.600167031647494
209,0,0.2465414167250287
211,0,0.0
80,1,0.6242611794335933
195,0,0.06693931089809788
115,0,0.009732017782485575
120,0,0.00055005500550055
101,0,0.062300443605441104
138,1,0.584707547480333
9,0,0.021033354150995224
32,0,0.05428594803125872
8,1,0.30327794983016565
55,0,0.11998778998778999
58,0,0.473385078070035
109,0,0.27335719125684643
74,1,0.6704025152805642
213,0,0.1816429720209789
17,0,0.001450955906401451
39,0,0.007620556333163345
123,0,0.06057674387043511
110,1,0.7217285966066455
39,0,0.013705208861490376
71,0,0.09245321029074645
119,0,0.21371184389669243
104,0,0.09232980910391415
96,0,0.024289675291266393
48,0,0.0658514691451604
21,0,0.00055005500550055
30,0,0.020373228950139516
112,0,0.0
147,0,0.029007546311668117
176,0,0.1828855565968968
38,0,0.028408488929323225
40,0,0.06955065726995552
40,0,0.0
46,0,0.0030075187969924814
208,0,0.41982962441568755
64,0,0.05428594803125872
141,0,0.002626044038011322
106,0,0.2535689556254575
57,0,0.02666402478931591
51,0,0.04667526987577342
28,0,0.030132400217458794
103,1,0.4754718669912041
225,0,0.4263956221947858
92,0,0.07275541763909595
29,1,0.3229590183940181
164,1,0.3877392912480631
145,0,0.03537967315353027
188,0,0.38792288319741064
76,1,0.738883019244939
221,1,0.6250619299399788
217,0,0.3550556977945471
99,1,0.5883223293709228
70,0,0.004182606928602352
35,0,0.036069322711036515
13,0,0.13180422318971888
136,1,0.48548533581428316
33,0,0.14936295229750407
1,0,0.016759230414610984
53,0,0.06720320613094345
1,0,0.07627249293915961
130,0,0.006762912495575938
198,0,0.015449673001497693
128,0,0.03868066908289416
18,0,0.0
131,0,0.1623804642994969
119,0,0.002626044038011322
71,0,0.030167722428716532
86,1,0.21216631544786269
48,0,0.0069132105819872045
120,0,0.0
139,0,0.09245321029074645
170,0,0.0745845351053694
7,0,0.00055005500550055
94,1,0.6633958581335639
39,0,0.04849164338967862
19,0,0.05333937532905422
140,0,0.044797017253383135
6,0,0.005083507829503253
54,0,0.00055005500550055
31,0,0.012162962975256743
153,0,0.006071653480296125
46,1,0.4752914940080715
7,0,0.1128146130476924
43,0,0.3761526702236912
25,0,0.2693801777319886
86,1,0.6021645569342938
96,1,0.5883223293709228
62,0,0.013897991603738516
122,0,0.002626044038011322
151,0,0.3679102436355821
204,0,0.001450955906401451
127,0,0.011544238663026235
198,0,0.012926198680651294
55,0,0.010308728376174097
22,0,0.12460409227824776
40,0,0.3938429386705249
48,0,0.00055005500550055
198,1,0.4463220240273656
54,0,0.24873837772714177
142,0,0.3761526702236912
203,0,0.00055005500550055
57,1,0.7596901273120347
28,0,0.07359604032768424
94,1,0.5804575748794815
95,0,0.0
45,0,0.47458169383817356
39,0,0.001725143137110421
91,0,0.005695690840003234
69,0,0.29723635095701084
71,0,0.3011950767726346
33,1,0.1937795718283523
201,0,0.0878927833191631
145,0,0.4323925398423552
124,0,0.08883921175521792
15,0,0.004182606928602352
146,1,0.6409498048178708
123,1,0.41159890873285176
108,0,0.0
67,0,0.04322057101139398
97,0,0.0579598619688079
118,0,0.006324646801597722
60,1,0.5000848824378236
179,0,0.23187286613345445
210,0,0.030167722428716532
31,0,0.0
141,0,0.4227355096116723
71,1,0.571374703727645
54,0,0.015024201786129213
74,0,0.047234530528221776
106,0,0.11970919994227928
117,0,0.19152263537515601
105,0,0.040717749817892675
122,0,0.28654483126027847
39,0,0.030132400217458794
17,0,0.03161889268352576
33,0,0.015600912379817733
48,0,0.4111028448776626
161,0,0.006870778971613106
105,0,0.04359976758769193
2,1,0.5256377659123653
59,0,0.05232330476460311
108,0,0.06341381148010983
93,1,0.6798069387509043
8,0,0.25629346498911715
99,0,0.03825269784683357
95,0,0.06112306998667219
84,0,0.010308728376174097
46,1,0.5716337039866453
178,0,0.25292114610714983
22,1,0.47175614047271797
170,0,0.2856883547520954
14,0,0.34718320024298527
167,0,0.003908419697893383
65,0,0.09419767443075377
216,1,0.48922543286320375
61,1,0.5262733017183482
126,0,0.00055005500550055
115,0,0.0585093628454636
143,0,0.2071054166759363
16,0,0.03262154484719665
96,0,0.21403598774548172
49,0,0.20418380553313087
182,0,0.027903673826794928
2,1,0.14363480061199005
155,0,0.045490066388214456
62,0,0.013502909274339815
0,0,0.2463385330685072
202,1,0.4625229181150234
62,1,0.6650877358523535
11,0,0.008356181697480071
210,0,0.03545990643236017
195,0,0.07811388031463179
95,0,0.014651005190421812
163,0,0.005083507829503253
177,0,0.3453005524030441
188,0,0.005083507829503253
20,0,0.05476999872878569
54,1,0.5734139854523687
25,0,0.12907160198272605
24,0,0.45233859126567943
149,0,0.09478737021375
231,0,0.06725468672576736
83,0,0.17067981224521947
17,0,0.016759230414610984
185,0,0.053904459332090905
182,0,0.10092487340330887
35,0,0.08967983444380623
72,0,0.001725143137110421
145,0,0.32740770111904133
15,1,0.6587319636100124
166,0,0.113944169860558
182,0,0.6385603416779005
112,1,0.7006850733999342
9,0,0.009732017782485575
180,0,0.005660218423191776
83,0,0.06057674387043511
106,0,0.04189645386385937
4,0,0.029134769975072642
32,0,0.09786037574443603
86,0,0.5201925156507042
17,0,0.14037372060679995
161,0,0.022117693090146832
102,1,0.22049210535586192
87,0,0.001725143137110421
181,0,0.001725143137110421
28,0,0.29022181028511773
192,1,0.5124363666283883
55,0,0.06057674387043511
37,0,0.00303747909511567
1,0,0.36722411980543596
16,0,0.001725143137110421
61,0,0.18076234253297127
23,0,0.13529512721072054
206,0,0.02472903946200447
48,1,0.5098179877086864
52,0,0.008778874367956595
66,0,0.004413315180121173
44,0,0.46721631705886907
164,1,0.6799167499167499
59,0,0.02018878744291491
45,0,0.06420632553234464
7,0,0.17067981224521947
18,0,0.041750702271536565
186,0,0.09145609365684514
15,0,0.1036254058261573
161,0,0.012385795764717314
114,0,0.012588434190625221
109,0,0.26723919398083723
67,1,0.3768309663046505
18,0,0.019370576786468627
11,0,0.05754337457572593
102,1,0.64701108868009
154,0,0.17276673633130277
127,0,0.00055005500550055
193,0,0.020019689984668913
42,0,0.10099744470878491
70,0,0.011858716588644208
7,1,0.47104634030282017
2,1,0.6095458118893768
193,1,0.17255898281281123
130,0,0.2848287890589075
138,0,0.008605807600094878
85,0,0.035585272013509535
134,0,0.07811388031463179
65,0,0.0069132105819872045
161,0,0.4178436417707299
15,0,0.002626044038011322
228,0,0.1128146130476924
36,0,0.19916192795559606
79,0,0.14293225334658705
217,0,0.1264947893622453
7,0,0.036069322711036515
230,0,0.002626044038011322
107,0,0.020373228950139516
70,0,0.07285217882032836
224,0,0.0
49,0,0.1128146130476924
13,1,0.6552827497046564
33,0,0.5846849909349908
141,1,0.5177738927738927
81,0,0.001725143137110421
43,0,0.001450955906401451
27,1,0.5266122766122766
211,1,0.3091148400421362
78,1,0.4222319688109162
101,0,0.001450955906401451
7,0,0.012702556697819486
84,1,0.4127162716271627
140,0,0.06265607037536862
175,0,0.0209076908726698
117,1,0.5230097226421399
63,0,0.09786037574443603
139,1,0.662004662004662
189,0,0.08193526326128237
74,0,0.23906926406926407
183,0,0.4876993606610349
109,0,0.13535377296845186
123,1,0.7199771554610264
33,0,0.113944169860558
197,0,0.4951357919766231
171,0,0.018212258751675373
27,0,0.006870778971613106
205,0,0.10390326073468943
12,0,0.6534280519540135
124,0,0.42336503863963815
55,1,0.6062283155097132
132,1,0.07808442695614155
174,0,0.06331430385581202
29,1,0.42694936751707885
122,1,0.33368528490479715
25,0,0.0
207,0,0.07870357609762803
218,0,0.005494942886607602
45,0,0.041750702271536565
86,0,0.45076100304920724
18,0,0.19501452653626564
124,0,0.00055005500550055
112,0,0.01407839278282499
22,0,0.011467046410967347
5,0,0.0030075187969924814
159,0,0.23956750342752184
221,0,0.010308728376174097
65,1,0.6148497235453757
9,0,0.045490066388214456
210,0,0.601863194864556
44,1,0.6848320448825075
212,0,0.18014397582298813
215,0,0.010308728376174097
145,0,0.0878927833191631
69,0,0.006870778971613106
74,0,0.008521457234064245
206,0,0.005695690840003234
138,0,0.0
115,1,0.5298589072711369
99,0,0.00055005500550055
100,1,0.6650877358523535
179,0,0.08164568051739511
82,0,0.1128146130476924
14,1,0.3870166593303592
137,0,0.28570752733389404
97,1,0.5380498291115351
31,1,0.45102276001152414
12,1,0.5144998656028067
124,0,0.3291118546653002
28,1,0.14520347541075446
65,0,0.08193526326128237
140,0,0.39011528736933476
200,0,0.5594960917972494
66,1,0.3974215828832572
138,0,0.006071653480296125
99,0,0.03525400987520485
48,0,0.5009537185602618
150,0,0.33367433157118054
195,0,0.10184914661311839
121,0,0.2721941925993366
160,0,0.02566137262564502
166,1,0.3877392912480631
71,0,0.10092487340330887
94,0,0.1415760886044263
50,1,0.35691305952324354
90,0,0.015600912379817733
31,0,0.04649967773376092
194,1,0.7227935755878967
179,1,0.5572701700549801
58,1,0.7333991482771971
30,0,0.30787756327363186
66,1,0.5099540863177227
229,0,0.014719701537489438
230,0,0.06207571379075336
125,0,0.0958709906078327
12,0,0.07887076560240952
151,0,0.6566858237547893
82,0,0.01110570300196091
51,0,0.021936750860226867
66,1,0.36168178211339924
49,0,0.008932892291168594
139,0,0.014661227309133065
25,0,0.29372219723096915
207,0,0.02942215309564954
73,0,0.49464324311384394
52,1,0.7333991482771971
24,1,0.43779053784100785
198,0,0.5408253074156965
49,1,0.6262682199161328
63,0,0.006994839450979802
163,0,0.001725143137110421
212,0,0.19259857317797935
19,0,0.001725143137110421
126,0,0.00055005500550055
196,0,0.004182606928602352
48,0,0.016759230414610984
29,0,0.17255898281281123
89,0,0.005660218423191776
59,0,0.19031342917844526
144,1,0.3665626922794778
74,0,0.2584473042781736
25,0,0.2808427143816408
221,0,0.5302492984277092
124,0,0.059560673305984
118,0,0.3072556070892429
4,0,0.012553002084943893
213,1,0.6063069114793253
129,0,0.6028533393103355
26,0,0.4326516207132382
119,0,0.0032382270485113024
5,1,0.6735384828545431
6,0,0.005083507829503253
11,0,0.005487282848883792
46,0,0.008356181697480071
90,0,0.021314997625305605
133,1,0.42336503863963815
99,0,0.19896098163395623
139,0,0.03593893380597863
140,0,0.46198046454391634
21,1,0.530269487105187
84,0,0.10795293526139778
84,0,0.09079859934506762
47,0,0.029007546311668117
17,0,0.1289037789240426
23,0,0.06145982091685281
44,1,0.3564914978408232
0,1,0.6108826601723717
92,0,0.3621476684808171
37,1,0.693463002779063
55,0,0.28362901603600843
82,0,0.05319205058610251
216,0,0.4162078349471552
67,0,0.06753138056221718
177,0,0.012739673568945264
66,0,0.0
31,0,0.012920074748031737
39,1,0.2054823291427589
9,1,0.6767582875229051
131,1,0.47175614047271797
56,0,0.09782821727699847
62,0,0.00453737565948787
57,0,0.07887076560240952
128,1,0.4690169365848669
33,0,0.07633762110159288
22,0,0.5301857131125424
215,0,0.010308728376174097
133,1,0.3291557596045869
38,0,0.06399709863896748
99,0,0.451144387701545
71,0,0.07887076560240952
66,0,0.17307347460389785
141,0,0.012808623778040129
184,0,0.01396694181283338
94,0,0.031057954783250154
71,1,0.7764675603077409
47,0,0.35599597973922864
184,0,0.0949545597185315
226,0,0.03277906880057418
31,0,0.31016636555254445
17,0,0.038099959702150736
198,1,0.517683624730904
158,1,0.6633958581335639
183,0,0.4809117725869581
70,0,0.008932892291168594
32,1,0.6246236052176646
149,0,0.05265477317286887
8,0,0.4311359361496619
135,0,0.05298294760414258
217,0,0.0059176355570841254
193,0,0.047234530528221776
115,0,0.018453758814433136
173,0,0.0
45,0,0.1157204290735969
152,0,0.06620608949704214
138,0,0.28942840250237367
158,1,0.392017508235188
75,0,0.007620556333163345
103,1,0.18766690085436388
56,0,0.05584834471194691
90,0,0.3794364568188706
35,0,0.03472998657391448
215,0,0.024289675291266393
113,0,0.04183173557704626
115,0,0.02666402478931591
112,0,0.04895823026322777
57,0,0.02942215309564954
232,0,0.113944169860558
66,0,0.007229971515089376
156,0,0.1036254058261573
81,0,0.053920014440848735
80,0,0.06189918508759088
124,1,0.5707567286514655
70,0,0.18418848866899915
130,0,0.024815053891694413
14,0,0.09786037574443603
16,0,0.571952861952862
178,1,0.3972665746763913
189,0,0.00055005500550055
73,1,0.2667247021897506
179,0,0.035585272013509535
177,0,0.5644921081094387
40,0,0.15341231924943435
6,0,0.0949545597185315
22,0,0.016759230414610984
125,0,0.16880071356468537
142,0,0.017839173252829507
203,1,0.34870263895031695
210,0,0.005083507829503253
13,0,0.007447489565301627
163,0,0.25563296462172863
154,1,0.6148497235453757
68,0,0.008772296835557787
207,1,0.5843552659979188
127,0,0.01221980613562341
32,0,0.09232980910391415
85,0,0.00055005500550055
164,0,0.23492936847103515
96,0,0.021314997625305605
188,0,0.020373228950139516
3,0,0.29316210431452067
11,1,0.601863194864556
204,1,0.47880239831212035
29,1,0.7340871376158611
29,0,0.00055005500550055
73,0,0.022873433387640984
208,0,0.020339068654695536
186,0,0.4788633796318394
133,0,0.29461690517035066
40,0,0.10178401845068512
57,1,0.7596901273120347
66,0,0.5843552659979188
17,1,0.5967938649722758
62,0,0.01396694181283338
66,1,0.451144387701545
30,0,0.02472903946200447
66,0,0.015449673001497693
2,0,0.007447489565301627
232,0,0.002626044038011322
147,0,0.05972424184911194
138,0,0.0433730136015839
64,0,0.4357697988243363
228,0,0.07097915842605704
204,0,0.08543522220932727
218,0,0.5151262867160098
103,0,0.0
158,0,0.1078920316033718
117,0,0.002626044038011322
182,1,0.6250619299399788
208,1,0.6715220362338483
96,1,0.047141748899372136
1,0,0.40935721539218983
82,0,0.02909750008759031
84,1,0.49115623055645097
63,0,0.009370674373479137
180,0,0.022117693090146832
190,0,0.19892913413472724
121,0,0.007447489565301627
10,0,0.10389270787216871
67,0,0.004413315180121173
75,0,0.0
42,0,0.0068185364579850275
47,1,0.4400024067963433
33,0,0.19526268312543427
109,0,0.07159709960430269
129,0,0.007607496078286892
19,0,0.04704857948987783
146,0,0.08969721509646521
21,0,0.001725143137110421
65,0,0.03752235104810091
32,0,0.04403913175843
86,1,0.6385603416779005
25,0,0.009947384967167659
120,0,0.21601071306830444
10,0,0.0030075187969924814
137,0,0.3696814030718141
107,0,0.009370674373479137
8,0,0.11970919994227928
41,1,0.3913043478260869
201,1,0.21149736146565568
75,1,0.48342183683986467
215,0,0.1921252217929982
47,0,0.2634233626764655
210,0,0.022117693090146832
131,0,0.17198517555892476
217,0,0.00055005500550055
55,0,0.038151446087267775
7,1,0.4896937910574275
78,0,0.279422589128577
63,0,0.17062625366732978
59,0,0.018212258751675373
204,0,0.42784005094811994
151,0,0.33636528736933474
76,0,0.021314997625305605
109,0,0.001725143137110421
55,1,0.5163677862541499
190,1,0.5935066378979624
227,0,0.06033124965074605
128,0,0.02694434325191263
70,1,0.47887345284840405
153,0,0.06666700265727955
120,0,0.113944169860558
60,0,0.04094373468904538
103,0,0.10092487340330887
19,0,0.03759122538478695
82,0,0.002626044038011322
113,0,0.09424671293075469
1,0,0.3613698125696279
111,0,0.19862239586213215
89,0,0.0
123,0,0.062300443605441104
77,0,0.38660361184192854
84,0,0.08016049693460199
23,0,0.012231913184351606
156,0,0.005083507829503253
153,0,0.012231913184351606
59,0,0.37552338526476
28,1,0.7971014492753623
57,0,0.007944746640375722
110,0,0.0
140,0,0.113944169860558
36,0,0.045490066388214456
174,0,0.6976764138890258
188,0,0.14773607748558784
218,0,0.01396694181283338
117,0,0.0
182,0,0.0477082223294173
147,0,0.35927533160734737
142,0,0.015025337931493332
52,0,0.009947384967167659
180,0,0.12428992649067795
65,0,0.005083507829503253
140,0,0.11714376824006793
45,0,0.011799988498260597
78,0,0.004485130291581905
7,0,0.00303747909511567
198,0,0.08684369848015765
214,0,0.019370576786468627
42,0,0.49137515640121315
73,0,0.015024201786129213
39,1,0.6660381652661065
33,0,0.015600912379817733
99,0,0.64701108868009
57,0,0.0068185364579850275
9,0,0.17627307298340777
209,0,0.004182606928602352
3,0,0.451144387701545
224,1,0.3302738944444159
95,0,0.011467046410967347
160,0,0.16441053254647894
101,1,0.3876191817043726
136,0,0.015600912379817733
44,0,0.041750702271536565
144,0,0.02566137262564502
12,1,0.571374703727645
3,0,0.04999139427000123
70,1,0.39885833346758387
202,0,0.001725143137110421
153,0,0.041750702271536565
194,0,0.015600912379817733
145,1,0.3954862646813111
25,0,0.040477878197176444
169,0,0.021891708218994128
99,0,0.22175566218829243
130,0,0.42074473629351683
223,0,0.00055005500550055
68,0,0.01396694181283338
13,0,0.28816078755997043
88,0,0.2463385330685072
70,0,0.0477082223294173
117,0,0.39401862642561875
150,0,0.06018521804952428
68,0,0.0
63,1,0.33972902872424404
143,0,0.0
158,1,0.4535385695430673
114,0,0.13613337838209444
113,0,0.417307494238842
70,1,0.5408454960931742
100,0,0.00055005500550055
136,0,0.19152263537515601
96,0,0.29579329884207933
145,0,0.018453758814433136
218,0,0.39520886473529154
129,1,0.620911007407595
92,0,0.24703559258736177
168,0,0.46913885692366714
59,0,0.04616009181452533
178,0,0.005494942886607602
149,0,0.37418023661436606
54,0,0.13771555246509112
20,0,0.005494942886607602
230,0,0.0038632601746206234
157,0,0.2085679208493607
88,0,0.17317978381973342
54,0,0.04702542754626184
118,0,0.23029909775903382
154,0,0.030167722428716532
202,0,0.34729488385788904
201,0,0.009531634092612656
139,0,0.005494942886607602
182,1,0.6921705745235157
190,0,0.005083507829503253
150,0,0.005487282848883792
157,0,0.38609272985350324
74,1,0.7089699759169902
35,0,0.047234530528221776
152,1,0.3876191817043726
0,0,0.3531184239156757
166,0,0.18823043169281126
117,0,0.006870778971613106
150,0,0.02305002625378738
203,0,0.06057674387043511
143,0,0.14489465724033626
53,0,0.010091210325961846
36,0,0.015600912379817733
114,0,0.001450955906401451
152,0,0.2365691477215641
125,1,0.6914774904214559
67,0,0.012739673568945264
102,0,0.13021477238523246
165,0,0.4890231755803329
56,0,0.08484107928718689
19,0,0.06507381945238135
98,0,0.03150477017633149
172,0,0.0011750881316098707
179,0,0.1418984084638157
177,1,0.5863823915548053
155,1,0.6798069387509043
124,0,0.41745162468054037
215,1,0.6010776740246747
211,0,0.03129071825225205
4,0,0.05928783871573324
162,1,0.5256377659123653
70,0,0.015600912379817733
169,0,0.004182606928602352
83,1,0.5445484924432293
139,0,0.03262154484719665
79,0,0.7089699759169902
104,0,0.03161889268352576
177,1,0.49577453761023743
157,1,0.5463142212807988
74,0,0.13063055039452218
58,1,0.7709836893399991
95,0,0.3234036269123988
38,0,0.0047593175222908745
133,0,0.2650016198728742
71,0,0.018275225844661597
219,0,0.0
202,0,0.020373228950139516
51,1,0.5262524991994998
53,0,0.09145609365684514
4,0,0.6179965588915665
125,1,0.42720698061255336
122,0,0.00055005500550055
111,0,0.008001139874507587
131,0,0.001725143137110421
17,0,0.013065000021521762
126,0,0.4158976684808171
18,0,0.02927537116117355
0,0,0.020373228950139516
19,0,0.00055005500550055
142,0,0.6848320448825075
36,0,0.06740797937538488
134,0,0.015024201786129213
138,0,0.0
6,0,0.0
36,0,0.10634307086656031
123,0,0.1163868829522902
93,0,0.024289675291266393
29,0,0.05031956870127494
5,0,0.19862239586213215
228,0,0.0
104,0,0.3327084122944754
97,0,0.047234530528221776
181,0,0.13180422318971888
67,0,0.05641726698368551
148,0,0.25894994117885684
48,0,0.004413315180121173
123,0,0.05523866720607271
195,0,0.37331769169902373
96,0,0.06943656344093464
1,0,0.08193526326128237
54,0,0.22066098086925715
43,0,0.5047403863193337
161,1,0.5446251076845173
195,0,0.061573860504336435
158,0,0.21269867741412454
124,1,0.39519447281675096
63,0,0.0643597310629218
140,0,0.11944245164749957
214,0,0.17307347460389785
100,1,0.594349946875302
64,0,0.011467046410967347
208,0,0.08967983444380623
113,1,0.3492980845133955
162,0,0.0047593175222908745
127,0,0.05065488529675414
196,1,0.4823364096749017
133,0,0.013897991603738516
203,0,0.07855028344801049
123,0,0.29498152502519315
172,0,0.004182606928602352
39,0,0.003908419697893383
36,0,0.012808623778040129
108,1,0.6024807480748074
14,1,0.5336533254890253
49,0,0.1381636388888773
117,1,0.6574051188275326
127,0,0.0
64,0,0.011976291491255371
36,0,0.008605807600094878
18,0,0.011467046410967347
112,0,0.15698968048777587
51,0,0.009370674373479137
143,0,0.03348038127651179
115,0,0.1634145734582416
87,0,0.13221727067814956
127,0,0.02255464666278462
107,1,0.6778463565420086
82,0,0.2398916472763111
204,0,0.021891708218994128
46,0,0.08743354504822394
44,0,0.012808623778040129
167,0,0.002626044038011322
120,0,0.028408488929323225
54,0,0.0
58,0,0.007043845739474822
106,0,0.02305002625378738
134,0,0.10184914661311839
139,0,0.006994839450979802
94,0,0.0585093628454636
131,0,0.1954799349138985
61,0,0.012808623778040129
70,0,0.02942215309564954
0,0,0.016759230414610984
118,1,0.6404043547067501
88,1,0.5883223293709228
19,0,0.053920014440848735
140,1,0.738883019244939
111,1,0.48545931002071363
72,0,0.0
163,0,0.4077675871800041
178,0,0.5008443774826133
44,0,0.3496388032067527
55,0,0.06653426392831585
193,0,0.002626044038011322
14,0,0.21991365059266296
198,0,0.009732017782485575
118,1,0.1831676598779947
129,1,0.5046510560146924
204,0,0.11697657873528644
141,0,0.027306483617844064
183,0,0.00055005500550055
30,0,0.48373899889988997
39,1,0.6942703648175912
116,0,0.036641318195391036
130,0,0.00970549918376481
120,0,0.3899190323629372
33,0,0.03593893380597863
91,0,0.3151342975206612
34,0,0.054080051474103406
136,1,0.6232789432789433
42,1,0.3513063816094119
168,0,0.2401045012569176
96,0,0.00055005500550055
54,0,0.001450955906401451
48,0,0.03868066908289416
141,1,0.2539181141022736
40,0,0.24268131387739833
1,1,0.40698099415204675
83,0,0.1352713800976569
201,0,0.6824425817425372
164,1,0.7062393162393162
123,0,0.003908419697893383
80,0,0.06331832464434374
167,1,0.7272124675743873
56,0,0.18174928123681447
97,0,0.009732017782485575
41,0,0.41115142556384243
33,0,0.0579598619688079
180,0,0.001725143137110421
131,0,0.012920074748031737
54,0,0.03442695397871628
37,0,0.0477082223294173
93,0,0.1798490912420847
37,0,0.4307200834867566
18,0,0.00055005500550055
10,0,0.1327253450710241
166,0,0.16949611336555634
178,0,0.07197255774616908
206,0,0.03385024338502776
195,1,0.6021645569342938
94,0,0.10844224605692494
220,0,0.10734742840006
70,0,0.004485130291581905
33,0,0.0
61,0,0.08576535249699642
75,1,0.6778463565420086
155,0,0.328614273568081
163,1,0.5598549973803523
219,0,0.6735384828545431
168,0,0.010641670463467345
184,0,0.18059084725751395
104,1,0.09714386642000107
66,0,0.005487282848883792
149,0,0.0
180,0,0.03933890256333756
146,0,0.5515410515410516
25,0,0.09187069721911773
7,0,0.18318665323032135
173,0,0.1128146130476924
70,0,0.14891544840298165
6,0,0.0994148305111302
171,0,0.4421008826685941
82,0,0.005494942886607602
94,0,0.49850231212871715
226,0,0.010091210325961846
66,0,0.008782110593089655
126,0,0.15900303137094218
19,0,0.271418968878134
59,0,0.1668017624807748
125,0,0.19168532188709275
146,0,0.01396694181283338
12,0,0.06601503768828834
101,0,0.226185427353737
200,0,0.012926198680651294
140,0,0.004182606928602352
117,0,0.07359604032768424
104,0,0.0
115,0,0.10379345837464815
195,1,0.6818101438791094
1,0,0.5943297581978242
179,0,0.002626044038011322
104,1,0.454775543176072
71,0,0.006363155576486655
88,1,0.5839929284148351
30,0,0.002626044038011322
90,0,0.348989221419562
182,0,0.005494942886607602
202,0,0.06943656344093464
108,1,0.6242650147879276
91,1,0.5298589072711369
145,0,0.05489536430993506
23,0,0.4224178326923602
118,1,0.6608743247423907
191,0,0.001725143137110421
112,0,0.505257361775989
29,0,0.007944746640375722
53,0,0.26564743518964473
99,1,0.6399585519969353
36,0,0.008782110593089655
217,0,0.0514475864460952
93,0,0.03442695397871628
169,0,0.040202571756644594
52,0,0.4036233877376368
226,0,0.021891708218994128
138,0,0.07811388031463179
135,1,0.6650877358523535
35,0,0.005083507829503253
138,1,0.5298589072711369
76,0,0.006071653480296125
41,0,0.6767582875229051
127,1,0.35749161123008855
190,0,0.031300429545610554
59,0,0.015996295022941205
80,0,0.0030075187969924814
48,0,0.2048617285730688
47,0,0.0030075187969924814
75,0,0.017511990139267047
88,0,0.40840592679957655
183,1,0.4748833010327263
188,1,0.5245342312008979
122,0,0.0032382270485113024
25,1,0.41993322438017705
183,0,0.5136622636622636
194,0,0.0011750881316098707
162,0,0.0068185364579850275
94,0,0.06927182391369276
99,1,0.5034701076239484
159,0,0.002626044038011322
74,0,0.15643783061551464
161,0,0.3710749455682352
117,0,0.5136622636622636
113,0,0.29467191451998304
132,0,0.008521457234064245
10,0,0.0878927833191631
195,0,0.11714376824006793
13,0,0.09673081893157041
105,0,0.05319205058610251
10,0,0.07467438631084546
142,1,0.1989421267612098
62,0,0.041750702271536565
161,0,0.47620547325168366
25,0,0.113944169860558
174,1,0.7014675697865353
111,0,0.015600912379817733
18,0,0.00055005500550055
111,1,0.6626370998680898
1,1,0.5379636703166115
184,0,0.02838045128660668
147,0,0.041750702271536565
52,0,0.3744315508380844
46,1,0.7612311491313167
221,0,0.07855028344801049
159,1,0.6632577637416347
153,1,0.7206405275875419
39,0,0.011467046410967347
34,0,0.03336190332688225
61,0,0.005083507829503253
138,1,0.6767582875229051
137,0,0.17540744264092856
0,1,0.6611577311577311
5,0,0.48732697199711034
11,1,0.5337549161078573
191,0,0.23111448030226459
142,0,0.3249288897847656
225,0,0.15356937267078472
33,0,0.05428594803125872
44,0,0.08016049693460199
50,1,0.12358057118602173
184,0,0.015413987033789128
155,0,0.248026418026418
152,0,0.0823805060918463
121,0,0.0030075187969924814
21,0,0.6526203564884224
114,0,0.27495391016218645
185,0,0.02313135725647314
210,0,0.07359604032768424
128,0,0.6010776740246747
167,0,0.008356181697480071
8,1,0.6208773410497549
43,0,0.05754337457572593
147,0,0.1755095967056812
95,0,0.45171522091026733
74,0,0.04928114714819198
89,1,0.07790477733267186
164,0,0.014719701537489438
142,0,0.225951534940299
118,0,0.24927882709791013
37,0,0.015600912379817733
21,0,0.04928114714819198
125,0,0.13180422318971888
39,0,0.3167988084839526
44,0,0.009947384967167659
211,1,0.4668151596022523
80,0,0.0204566435573067
64,0,0.04187606785268593
76,0,0.005965509143708696
51,0,0.6152505264720344
169,0,0.15408386446187136
145,0,0.5424066657453586
226,0,0.01758094034836191
42,0,0.25888594852635943
70,1,0.6094580230844281
27,0,0.005083507829503253
161,0,0.008932892291168594
173,0,0.26647842955831047
35,0,0.035278964202440206
126,0,0.029007546311668117
102,0,0.017158451173796444
67,0,0.041750702271536565
108,0,0.015600912379817733
33,0,0.1467801174591298
157,1,0.6735384828545431
83,0,0.0
51,1,0.5682498656028069
156,0,0.08021667011399884
81,0,0.015875601897107273
130,0,0.04783358791056667
113,0,0.16949611336555634
73,0,0.44487872354114394
173,1,0.7069273055779802
13,0,0.047234530528221776
227,0,0.09445919578247629
127,0,0.377867365450514
43,0,0.5496691048415187
34,0,0.01396694181283338
60,1,0.6556690077164214
215,0,0.0047593175222908745
3,0,0.010308728376174097
57,0,0.05877433465971602
19,1,0.49850231212871715
54,0,0.3049617904779692
148,0,0.012162962975256743
153,0,0.001725143137110421
29,0,0.16046809267314058
174,0,0.003908419697893383
208,1,0.3713990340550056
23,1,0.244433752534439
120,0,0.02300569397814772
37,0,0.009370674373479137
40,1,0.683907640404228
19,0,0.1831676598779947
11,0,0.02727251768318634
107,1,0.6945687645687646
127,0,0.30787756327363186
26,0,0.015600912379817733
130,1,0.7333991482771971
69,0,0.07207654773146922
35,1,0.3166947425879156
212,0,0.13402523402523403
92,1,0.39792642822945856
78,0,0.5682296769253291
140,1,0.148502400914551
37,0,0.009732017782485575
23,0,0.056931953247334334
71,0,0.018275225844661597
63,0,0.004182606928602352
219,0,0.001725143137110421
19,0,0.23442346171536457
122,0,0.16549720641344282
58,0,0.07359604032768424
52,1,0.6591089532525997
172,0,0.017262462659140984
148,1,0.6324221367829442
218,0,0.30787756327363186
100,0,0.33425191946690863
178,0,0.001725143137110421
25,1,0.5256377659123653
150,0,0.01396694181283338
110,0,0.1542635811826138
108,1,0.5047403863193337
44,0,0.022055786788751797
138,0,0.027849228276874863
117,0,0.0072745539909936435
195,0,0.03818058452854431
8,0,0.08118625640539213
68,0,0.41592921268648236
82,1,0.20635238378189943
0,0,0.44970034246575347
105,0,0.5895632364427484
135,0,0.02838045128660668
167,0,0.025617040350005362
26,0,0.02566137262564502
135,0,0.002626044038011322
111,0,0.021167785900750913
145,0,0.011467046410967347
188,1,0.5883223293709228
159,0,0.035585272013509535
180,0,0.00303747909511567
34,0,0.21252941905115819
66,0,0.002626044038011322
132,0,0.0
113,0,0.1472597821235387
106,0,0.0325986676214877
2,1,0.5768693450477559
6,1,0.41654998157603834
152,0,0.2046027745710688
148,1,0.5337549161078573
206,0,0.07274605603974728
73,0,0.1714294259999456
66,0,0.010308728376174097
4,0,0.08576535249699642
224,0,0.5007733229463297
60,0,0.03883087442226597
14,0,0.2463385330685072
144,1,0.55638630144559
203,0,0.030536138854803125
109,0,0.4061336494159539
138,1,0.5736396374730409
85,0,0.17307347460389785
104,0,0.03545990643236017
39,0,0.01221980613562341
211,0,0.15341231924943435
50,0,0.12371603527526541
98,0,0.26885833164723766
101,0,0.6534280519540135
15,0,0.06189918508759088
38,0,0.014661227309133065
160,1,0.5682498656028069
11,0,0.020373228950139516
42,0,0.005494942886607602
149,1,0.3472944361691164
15,0,0.004413315180121173
157,0,0.010308728376174097
55,0,0.06927584470222449
219,1,0.3602120723264099
34,1,0.36168178211339924
46,1,0.5479843893480257
156,0,0.07583823637700594
71,0,0.002626044038011322
73,0,0.041750702271536565
142,1,0.5843552659979188
99,0,0.02566137262564502
72,0,0.1576728753470308
145,0,0.020373228950139516
2,1,0.5119996447689817
194,0,0.031019835301180868
76,1,0.6526203564884224
56,0,0.016759230414610984
110,0,0.059560673305984
89,0,0.03160836304218657
38,0,0.05597371029309628
121,0,0.10215142755067765
187,1,0.5642828022298029
38,1,0.5863823915548053
61,0,0.3342461603955857
41,0,0.34718320024298527
154,0,0.5942241909379394
141,0,0.09680108477320708
99,0,0.047234530528221776
41,1,0.620911007407595
112,0,0.17699329602572822
204,0,0.02018878744291491
98,0,0.1254879765296432
5,0,0.24703559258736177
42,0,0.041750702271536565
199,0,0.20129450078986344
101,0,0.015600912379817733
40,0,0.13979982939138738
199,0,0.003908419697893383
16,0,0.17307347460389785
68,0,0.001725143137110421
78,0,0.22434142840683566
46,0,0.001725143137110421
196,0,0.005494942886607602
48,0,0.4688822481334986
43,0,0.09618938315678867
95,0,0.01396694181283338
144,0,0.017511990139267047
167,0,0.008356181697480071
110,1,0.5302492984277092
48,0,0.057716661696122544
13,0,0.6002685415102267
89,0,0.012920074748031737
137,0,0.10734742840006
107,0,0.4724110550337954
143,0,0.00055005500550055
15,1,0.6242611794335933
15,0,0.02422097439985707
51,1,0.4724110550337954
43,1,0.3197180446334335
0,1,0.6587319636100124
146,1,0.49234371418279466
95,0,0.6409498048178708
195,1,0.6693427645151783
209,0,0.001725143137110421
132,0,0.016463337167824003
106,0,0.07446975577475329
56,0,0.08272402650055632
91,1,0.39885833346758387
192,1,0.6976764138890258
106,0,0.2843839844410621
7,1,0.5588882807273613
13,0,0.009732017782485575
68,0,0.00055005500550055
33,0,0.37567763895414225
19,0,0.03181377281199028
146,0,0.002626044038011322
82,0,0.37722663743491375
50,1,0.5352682724412792
192,0,0.6933441191263033
174,1,0.554652295700889
123,0,0.19487859975777477
88,0,0.018857533833813677
148,1,0.6734085957615369
88,1,0.5947772597772598
177,0,0.23499004022764747
119,0,0.02314700673109445
10,0,0.004413315180121173
42,1,0.5979020979020979
45,0,0.4317036133993146
97,1,0.6144224106434177
119,0,0.005494942886607602
6,1,0.5503419508733028
121,0,0.05111941201482149
23,0,0.03759122538478695
150,0,0.019325404488369224
142,0,0.09478737021375
139,1,0.24180258061707494
13,1,0.4526662516858595
193,0,0.031057954783250154
77,0,0.047234530528221776
141,0,0.01396694181283338
148,1,0.41313100601638153
38,0,0.05641726698368551
105,0,0.5136622636622636
40,0,0.019370576786468627
219,0,0.00055005500550055
163,0,0.012920074748031737
128,0,0.07016384559022537
74,0,0.08883921175521792
3,1,0.5063505465982246
202,1,0.6220890768588138
40,0,0.012343364154343214
156,0,0.022100119064391455
71,1,0.7221055862492327
21,1,0.3983504090526799
157,0,0.006071653480296125
153,0,0.2840598405922728
206,1,0.5883223293709228
22,0,0.15399343171125532
210,1,0.3153806977336389
124,0,0.04299035130901558
203,1,0.426281104464915
118,0,0.269387482939923
203,1,0.6848320448825075
104,1,0.23133798867358832
159,1,0.6121119169899658
220,0,0.030255818122383555
30,1,0.7217285966066455
122,1,0.6976764138890258
101,0,0.016759230414610984
114,0,0.1790178324562021
97,0,0.002626044038011322
62,0,0.5653354170867783
22,1,0.7333991482771971
216,1,0.4526662516858595
137,0,0.17307347460389785
22,0,0.6660381652661065
214,0,0.013897991603738516
86,0,0.04015198972385206
3,0,0.08576535249699642
158,1,0.3952183994485179
136,0,0.018997491287622757
33,0,0.15377712618927628
78,0,0.2982764098181769
46,1,0.6551418898795957
160,0,0.1902582763765163
159,0,0.006324646801597722
22,0,0.02450305459085177
184,0,0.13221727067814956
208,0,0.1418984084638157
136,0,0.2082090159091202
103,0,0.13604818846033853
165,0,0.40576075151374796
115,0,0.05489536430993506
67,0,0.0
184,0,0.009370674373479137
155,0,0.04984623115122866
114,0,0.03593893380597863
129,0,0.005083507829503253
9,1,0.6576722128446266
5,0,0.14063604195183899
187,0,0.02600824554196692
227,0,0.014719701537489438
121,0,0.07180898920304113
210,0,0.17874119349073214
108,0,0.0585093628454636
211,0,0.08164568051739511
204,1,0.6848320448825075
47,0,0.05597219755611523
196,0,0.08118625640539213
121,0,0.31050001206301725
79,0,0.3877263836569111
117,0,0.029007546311668117
216,0,0.05702752880516735
130,1,0.3406207241260817
50,0,0.3914966205794094
91,0,0.5977337852591402
163,1,0.46755255582081734
195,1,0.5829488798238799
71,1,0.5550234584341291
79,0,0.36600382769754564
50,0,0.008356181697480071
48,0,0.0
54,1,0.8592703648175912
0,0,0.009358821186778176
130,0,0.49647327047759277
80,0,0.040553689477165485
43,0,0.021891708218994128
89,0,0.07275541763909595
188,0,0.018212258751675373
77,0,0.0072745539909936435
210,0,0.06187286840528347
130,0,0.01221980613562341
165,0,0.002626044038011322
228,1,0.6409498048178708
76,1,0.35927941559286736
169,0,0.009732017782485575
32,0,0.012739673568945264
150,0,0.04181830628073354
53,1,0.16097845135645825
197,0,0.07870357609762803
205,0,0.053221868213893735
75,1,0.7709836893399991
16,1,0.5760302076091549
153,0,0.018212258751675373
53,0,0.020373228950139516
58,0,0.14880913918714608
23,0,0.12358057118602173
24,0,0.010517139221571428
122,0,0.0
61,0,0.0
9,1,0.6815430498620154
41,0,0.03161889268352576
190,0,0.018275225844661597
193,0,0.09786037574443603
44,0,0.22873848899085492
57,0,0.022117693090146832
214,0,0.5007733229463297
139,0,0.08741071059911638
174,0,0.37512816156266293
130,0,0.05373704627514181
185,0,0.2843839844410621
96,0,0.03525400987520485
2,1,0.5609615384615385
168,0,0.08967983444380623
0,1,0.5012050327839801
53,1,0.3746088189766723
10,0,0.07666053798655709
143,1,0.5601807196634784
47,0,0.13240680960756107
178,0,0.005083507829503253
73,0,0.012739673568945264
51,0,0.22858643181610364
73,0,0.02600824554196692
109,0,0.00055005500550055
156,0,0.2057705645720627
90,0,0.26564743518964473
169,0,0.07458390411802672
193,1,0.594349946875302
143,0,0.004182606928602352
163,1,0.6815430498620154
60,1,0.21961225766103812
104,0,0.0
48,0,0.24719827441838657
117,0,0.09145609365684514
219,1,0.5572806214253583
69,1,0.7047565648070274
171,1,0.2044083112397399
137,1,0.576600869661954
11,0,0.26580889720740924
21,0,0.08584826969775794
18,1,0.5411209308675327
113,0,0.09508567531875466
174,1,0.4037257569495809
77,0,0.19504637760345522
232,0,0.02666402478931591
177,0,0.019256454279274363
67,0,0.011467046410967347
185,0,0.17627307298340777
28,0,0.028408488929323225
183,0,0.3021149511726558
34,0,0.17067981224521947
90,1,0.5908101964042558
41,0,0.00055005500550055
143,0,0.007447489565301627
158,1,0.6613107311890274
147,0,0.018212258751675373
14,0,0.021891708218994128
24,0,0.058140966718691504
39,0,0.12505918392565932
204,0,0.04068750663179522
74,1,0.388874171790024
195,1,0.5883223293709228
187,0,0.15900303137094218
32,0,0.11944245164749957
141,1,0.6409498048178708
214,0,0.08036447797641827
5,0,0.015024201786129213
1,0,0.2693801777319886
74,0,0.34702778984079496
137,0,0.001725143137110421
77,0,0.004182606928602352
174,0,0.005660218423191776
8,0,0.025547250118450757
139,0,0.32585400693309047
100,1,0.5426191741981216
17,0,0.004182606928602352
34,1,0.6693427645151783
52,0,0.012808623778040129
199,1,0.6587319636100124
214,0,0.0
34,1,0.49577453761023743
218,1,0.477336016809701
60,0,0.011467046410967347
29,1,0.7093469655595775
44,1,0.43599552394057034
144,0,0.009732017782485575
37,0,0.2872369996089281
14,0,0.00055005500550055
41,1,0.7104350345786811
123,1,0.7103927578294974
120,0,0.016759230414610984
77,0,0.02964813796680224
129,0,0.034911004676243265
143,0,0.006870778971613106
63,0,0.21872144355637926
72,0,0.040717749817892675
9,0,0.009531634092612656
119,0,0.1231140819248453
15,0,0.13979982939138738
197,0,0.032667617830582564
111,0,0.059560673305984
45,0,0.26011730816608863
226,0,0.14785821542619493
180,0,0.012231913184351606
118,0,0.28303826026717593
135,0,0.1271522836740228
140,0,0.40935721539218983
43,1,0.3253114915885909
113,0,0.007944746640375722
65,0,0.00055005500550055
12,0,0.01413113775709996
76,0,0.02566137262564502
115,1,0.7093469655595775
44,0,0.31600550104916914
114,0,0.001725143137110421
184,1,0.4817779686200739
76,0,0.00303747909511567
232,0,0.007229971515089376
64,0,0.057381345100643334
79,0,0.10642987316151709
55,0,0.07359604032768424
4,0,0.13555226592027347
79,0,0.3389124936542541
93,0,0.011132803605921886
10,0,0.005494942886607602
47,0,0.031019835301180868
28,0,0.006870778971613106
53,0,0.009141303136565923
230,0,0.5055653021442496
81,1,0.4869361537718535
180,0,0.37693853928109133
59,0,0.001725143137110421
131,0,0.2668238288613734
92,1,0.6409498048178708
32,0,0.0030075187969924814
32,0,0.4093206774990883
200,1,0.6110521662245799
92,0,0.18896747522896654
4,0,0.013964270275630726
24,0,0.08807250003990554
122,1,0.6552827497046564
97,0,0.008521457234064245
69,0,0.07275541763909595
164,0,0.20037859200095673
220,0,0.32798875122216464
82,0,0.11132045809809665
130,0,0.03262154484719665
167,0,0.005083507829503253
31,0,0.0569537699004857
190,0,0.08016049693460199
49,1,0.6409498048178708
34,0,0.0658514691451604
171,0,0.03419446966597132
194,0,0.04187606785268593
90,0,0.034037834555930256
168,1,0.5145935366930797
184,0,0.07790477733267186
175,0,0.06145982091685281
58,1,0.7217285966066455
61,0,0.20529778931408826
90,0,0.09940114209577312
63,0,0.0477082223294173
180,1,0.6208773410497549
53,0,0.3009281707762393
26,1,0.4897455239405704
14,0,0.3665626922794778
3,0,0.29914650867328324
35,1,0.6047776433805846
126,0,0.015024201786129213
175,0,0.04512167026144236
79,0,0.04928114714819198
168,0,0.08967983444380623
104,0,0.06620608949704214
49,0,0.008782110593089655
147,0,0.00589871790598814
148,0,0.03769816730537195
229,0,0.07359604032768424
56,1,0.20835500297487017
162,1,0.3595491577947718
207,0,0.005660218423191776
26,1,0.56091795986129
125,1,0.4518153021442495
17,0,0.005487282848883792
131,0,0.13180422318971888
71,0,0.05008201674868342
137,0,0.012162962975256743
116,0,0.001725143137110421
85,1,0.5839929284148351
58,0,0.01657828818469102
177,1,0.4178436417707299
220,0,0.03129071825225205
57,0,0.006870778971613106
134,0,0.3595491577947718
6,1,0.5007733229463297
232,0,0.012566737994637278
195,1,0.6225532118429234
74,0,0.4162211063287104
22,0,0.004319854754997731
7,0,0.5378460398126613
17,0,0.4412468037276038
40,0,0.005083507829503253
144,0,0.23111448030226459
149,0,0.47698411942561997
104,0,0.010641670463467345
134,0,0.19854911744278514
203,0,0.029007546311668117
31,0,0.0018623909635057995
119,1,0.6552827497046564
227,0,0.036662105259689694
7,1,0.32860998650472334
68,0,0.1036254058261573
211,1,0.621871716293623
49,0,0.27505951861892736
152,0,0.05653136081270638
173,0,0.5634369562206848
109,0,0.07855028344801049
109,0,0.011467046410967347
27,0,0.3934966660324277
96,0,0.005083507829503253
123,1,0.4808034579201627
9,0,0.16097845135645825
101,0,0.2211148911148911
188,1,0.5696678662468136
56,0,0.07359604032768424
89,0,0.04469736523887341
77,1,0.530269487105187
152,0,0.02380278597844344
92,0,0.021936750860226867
45,0,0.022117693090146832
30,0,0.42702191371449744
185,0,0.002626044038011322
14,1,0.533116170474243
33,1,0.6848320448825075
200,0,0.23956750342752184
102,1,0.4343593378681098
69,0,0.012739673568945264
117,0,0.027903673826794928
162,0,0.10033975686149599
182,0,0.0754179271329667
57,0,0.2401045012569176
36,0,0.07159709960430269
8,0,0.015600912379817733
227,0,0.005494942886607602
26,0,0.1864540941953455
44,1,0.6232789432789433
45,0,0.17646963337477792
123,0,0.12403835513465485
137,0,0.08656477902219288
168,0,0.006994839450979802
95,0,0.0579598619688079
85,0,0.573696966432832
91,0,0.0038632601746206234
183,1,0.3935031339423615
88,0,0.25292114610714983
8,0,0.11938313172881075
232,0,0.06862638406014598
165,0,0.006071653480296125
118,0,0.35927533160734737
85,1,0.5821946664844799
217,0,0.00055005500550055
137,0,0.015600912379817733
181,0,0.03968332124656505
128,0,0.04484698351854483
185,1,0.6409498048178708
178,0,0.015413987033789128
159,0,0.031176595745057784
52,0,0.20061958917673403
2,0,0.5213274210847793
12,1,0.2930309473186865
157,1,0.533418215771157
213,0,0.02018878744291491
43,0,0.00055005500550055
6,0,0.08356123080368673
51,1,0.5423601739391213
81,0,0.001450955906401451
99,0,0.02313135725647314
228,0,0.07359604032768424
71,0,0.057381345100643334
162,1,0.5768693450477559
48,0,0.1157204290735969
103,0,0.11562510226156142
196,0,0.028408488929323225
79,0,0.03436600898720396
119,1,0.5475490813427928
117,0,0.021891708218994128
69,1,0.5273051140564752
140,0,0.001725143137110421
118,0,0.35714538872433604
211,0,0.05754337457572593
46,0,0.017692391318353522
180,1,0.6735384828545431
136,0,0.07636941617462448
87,1,0.5947772597772598
17,0,0.0
16,0,0.12428992649067795
20,0,0.1128146130476924
129,0,0.0514475864460952
187,0,0.00055005500550055
116,1,0.3892266021149335
139,1,0.28010974321042964
58,0,0.6564341324349865
5,0,0.0
190,0,0.027189585437335392
218,1,0.5363453818831393
130,0,0.5935066378979624
76,0,0.03079393775045949
206,0,0.017272573680990708
188,0,0.016759230414610984
54,0,0.0011750881316098707
80,0,0.006870778971613106
35,0,0.24917152905070405
16,0,0.008605807600094878
81,0,0.02666402478931591
48,0,0.08215881977349866
114,0,0.29496104496104497
93,0,0.00055005500550055
145,0,0.04322057101139398
53,0,0.0
111,1,0.7069273055779802
184,0,0.21371184389669243
21,0,0.0392945702876979
152,0,0.45388410963858533
3,0,0.005494942886607602
68,0,0.5367763387005978
93,0,0.07148081477176742
196,0,0.47460232355139326
198,0,0.07887076560240952
128,0,0.041750702271536565
166,0,0.40190796857463523
10,0,0.07557671502528342
101,1,0.028408488929323225
165,0,0.2303982244306566
187,0,0.133242530025656
117,0,0.09145609365684514
231,0,0.008824542203463752
195,0,0.08576535249699642
144,0,0.06057674387043511
104,0,0.08016049693460199
165,0,0.34969636458725034
18,0,0.022117693090146832
68,0,0.2547008547008547
76,0,0.30787756327363186
178,0,0.10002747839680703
129,0,0.015926238832394232
159,0,0.07359604032768424
197,0,0.42538967092742835
12,0,0.061573860504336435
153,0,0.00055005500550055
155,0,0.6048001999259268
25,0,0.03463869931130504
20,0,0.0
138,1,0.6690756704980844
96,0,0.00055005500550055
79,0,0.016759230414610984
96,0,0.001725143137110421
182,0,0.07687776340171497
71,1,0.6729999628076607
25,0,0.015038237944393342
32,0,0.001450955906401451
144,0,0.13273044277411092
89,0,0.0658514691451604
118,0,0.015600912379817733
190,0,0.012926198680651294
126,0,0.10092487340330887
78,0,0.011390220739814235
96,0,0.0528638761548288
97,1,0.015024201786129213
61,0,0.004586381947982891
132,0,0.39475485188968334
84,0,0.007229971515089376
210,0,0.00303747909511567
87,1,0.4526662516858595
125,1,0.45525057444562095
138,0,0.023926343997163247
145,0,0.0949545597185315
190,0,0.0
97,0,0.0
224,0,0.00055005500550055
151,1,0.41993322438017705
15,0,0.039199270549038066
177,0,0.010064959869778824
131,0,0.4294883015345119
30,0,0.022984575321997158
32,1,0.4765194871051868
102,0,0.11227579429386418
149,0,0.1323479825539322
3,1,0.41588966588966586
159,1,0.7333991482771971
42,1,0.5265403957354421
115,0,0.2539181141022736
198,0,0.017692391318353522
139,0,0.11456695561958719
172,1,0.6144224106434177
69,0,0.2755233166830647
46,0,0.010308728376174097
209,0,0.6031900396470358
17,0,0.07359604032768424
73,1,0.5967938649722758
62,0,0.3349406173163012
219,1,0.5736396374730409
109,0,0.04783358791056667
9,1,0.7764675603077409
118,0,0.001725143137110421
2,1,0.2892790222072949
97,0,0.009732017782485575
175,0,0.23334894584648183
85,0,0.00055005500550055
110,0,0.009947384967167659
229,0,0.007944746640375722
189,0,0.12286154391417548
76,0,0.05489536430993506
114,0,0.025818133069521937
13,0,0.05166906612963151
186,1,0.5883223293709228
196,1,0.44249029646047605
79,0,0.5968512915889974
54,0,0.008356181697480071
179,0,0.0
119,0,0.29211741904643135
122,1,0.7104350345786811
105,0,0.02942215309564954
27,0,0.09419767443075377
12,0,0.009370674373479137
29,1,0.6848320448825075
223,0,0.08261805804443782
36,0,0.6144224106434177
103,0,0.016114255646197454
180,0,0.01407839278282499
47,0,0.13226247041826658
184,0,0.04783358791056667
169,1,0.5503419508733028
0,0,0.16097845135645825
187,1,0.47158016270263997
126,0,0.16903759009022168
124,0,0.0876431250053541
137,0,0.1451536343947644
174,0,0.01396694181283338
56,0,0.09852682962312932
162,0,0.013502909274339815
60,0,0.054080051474103406
93,0,0.25818399553169935
75,0,0.04403913175843
52,0,0.02305002625378738
112,0,0.022984575321997158
24,1,0.043635943635943635
167,1,0.5617453707341348
214,0,0.0
8,0,0.047234530528221776
11,0,0.15356937267078472
152,0,0.19468157066361336
205,1,0.7008350457130946
70,1,0.4489242841392733
191,0,0.07359604032768424
178,0,0.1172748838402911
30,1,0.6576722128446266
95,0,0.148502400914551
113,0,0.17159306353610607
107,0,0.009732017782485575
11,1,0.6265202752159275
90,0,0.03450999924296425
179,0,0.08972058908375362
66,0,0.001725143137110421
196,0,0.5190722242099755
201,0,0.005083507829503253
195,0,0.0
21,1,0.6064478114478115
206,0,0.06237478704156624
113,0,0.013502909274339815
69,0,0.32110925242270416
178,1,0.48972533526309264
125,0,0.29579329884207933
216,0,0.1128146130476924
73,0,0.028408488929323225
136,0,0.32426224814189797
93,0,0.26187063207073635
104,0,0.04675831514002138
118,1,0.6392756198696793
15,0,0.0514475864460952
32,0,0.526907413760577
33,0,0.005494942886607602
158,0,0.22111834265626365
83,1,0.35346631754910635
190,0,0.0899821380484364
45,0,0.4442953649577818
41,1,0.34284136571773244
105,0,0.0
200,0,0.3058130873706398
106,0,0.009370674373479137
76,1,0.10717277840221497
105,0,0.001725143137110421
62,0,0.001450955906401451
113,1,0.19297425840688862
94,0,0.009370674373479137
144,0,0.00055005500550055
37,0,0.46721631705886907
7,0,0.13221727067814956
36,0,0.02784197915431511
134,0,0.036826934693979525
136,0,0.24095184391271332
90,0,0.07633762110159288
104,1,0.6409498048178708
109,0,0.23259099616858236
102,0,0.2816621405730317
0,0,0.07097915842605704
25,0,0.002626044038011322
82,1,0.4846927936815577
134,0,0.3066099483312286
117,0,0.034911004676243265
66,0,0.016759230414610984
78,0,0.001725143137110421
173,1,0.4710703526492999
54,1,0.3200497481346431
165,0,0.0
175,1,0.47284941820181864
10,0,0.002626044038011322
192,0,0.012926198680651294
131,0,0.06015472094758357
25,0,0.04436204864339421
57,0,0.5652096611494158
33,0,0.00055005500550055
8,0,0.263476541525322
38,0,0.3339840882339035
4,1,0.5883223293709228
127,0,0.0
88,0,0.4745530348042532
23,0,0.05166906612963151
94,1,0.6509370314842579
56,0,0.04928114714819198
130,1,0.06057674387043511
88,1,0.7089699759169902
151,0,0.24636075751317385
170,0,0.005083507829503253
162,1,0.6574051188275326
59,0,0.010641670463467345
116,0,0.08475945148074715
40,0,0.04484698351854483
47,0,0.10753988777296712
229,0,0.005494942886607602
28,0,0.0032382270485113024
118,1,0.5190722242099755
114,0,0.001725143137110421
110,1,0.49577453761023743
183,0,0.03436600898720396
183,0,0.06927584470222449
36,0,0.007944746640375722
89,0,0.008782110593089655
5,0,0.005494942886607602
64,0,0.02927537116117355
19,0,0.005660218423191776
29,0,0.002626044038011322
55,0,0.009141303136565923
114,0,0.0018623909635057995
172,0,0.08576535249699642
96,0,0.06025382698547091
57,0,0.02666402478931591
106,0,0.004319854754997731
11,1,0.3735683474639298
145,0,0.009947384967167659
213,0,0.04187606785268593
77,0,0.4227355096116723
209,0,0.009732017782485575
181,1,0.6315721315721315
155,0,0.02927537116117355
142,0,0.06145982091685281
205,1,0.47175614047271797
48,0,0.23160711942096324
87,0,0.006612513623332317
140,1,0.4755543914789593
63,0,0.006870778971613106
159,0,0.00303747909511567
81,1,0.3375481624909542
123,0,0.14518465522832336
221,0,0.10642987316151709
166,0,0.4517876231777167
217,0,0.013187429854096521
30,0,0.1157204290735969
57,0,0.1592241460319931
21,0,0.0
10,0,0.07600102004785238
79,0,0.035585272013509535
109,0,0.0
63,0,0.28377492449292163
37,1,0.6649397920087575
150,0,0.06653426392831585
146,1,0.7206405275875419
132,0,0.003908419697893383
57,0,0.009466582331857475
163,0,0.2821343754982199
83,0,0.5297878527348533
81,0,0.1478449066027735
97,1,0.1689203393963857
99,0,0.02666402478931591
178,0,0.1660670319504732
106,0,0.26564743518964473
191,0,0.010064959869778824
21,0,0.02313135725647314
198,0,0.005494942886607602
19,0,0.03999716198684088
122,0,0.02018878744291491
76,0,0.02927537116117355
87,1,0.6547649002370085
124,0,0.00303747909511567
84,0,0.0
212,1,0.5682498656028069
57,0,0.00055005500550055
159,0,0.39514711117757634
153,1,0.3662084029440939
3,0,0.1799525166191833
39,0,0.021891708218994128
166,0,0.013502909274339815
26,0,0.014088330754997422
180,0,0.002626044038011322
19,1,0.4837450131567779
166,0,0.0047593175222908745
43,0,0.012926198680651294
18,1,0.6547649002370085
52,0,0.21854153003578292
14,0,0.5297878527348533
210,1,0.18977165232872995
25,1,0.47568188516464377
219,0,0.1157204290735969
92,0,0.006071653480296125
138,0,0.5007733229463297
222,0,0.001725143137110421
172,0,0.04299035130901558
152,1,0.3305482736214738
128,1,0.541756960347665
1,0,0.020373228950139516
142,1,0.3877392912480631
179,0,0.0047593175222908745
97,0,0.009531634092612656
203,0,0.189759855137862
72,0,0.002626044038011322
24,1,0.7333991482771971
90,1,0.5313128403016044
6,0,0.3793100530238318
92,0,0.007944746640375722
64,0,0.06145045931750415
55,0,0.010308728376174097
95,0,0.017715613274449697
43,1,0.620911007407595
192,1,0.6778709320145784
103,0,0.514925087711574
136,0,0.012808623778040129
211,0,0.009885900362851283
93,1,0.24145243804225616
22,0,0.0059176355570841254
14,1,0.7319005763224831
85,0,0.015475191517031132
187,0,0.19268587050495353
91,0,0.3713990340550056
129,0,0.0585093628454636
108,0,0.6292901209195308
16,1,0.39309008645393084
50,0,0.007607496078286892
112,1,0.3573300768565036
112,0,0.07197255774616908
41,0,0.2649568834448915
26,0,0.0514475864460952
171,0,0.018997491287622757
153,0,0.021033354150995224
185,0,0.0
0,1,0.01407839278282499
222,0,0.225951534940299
72,0,0.001725143137110421
197,0,0.18500533863465007
110,0,0.010517139221571428
154,1,0.5339724834552421
143,0,0.001450955906401451
42,0,0.009732017782485575
131,0,0.42888843311855157
52,0,0.009370674373479137
81,0,0.05031956870127494
143,1,0.3780119641812556
109,0,0.07263005205794658
74,0,0.18352853487786022
113,0,0.17713022589732116
114,1,0.6108826601723717
153,0,0.11376358720341617
143,0,0.004182606928602352
61,0,0.15399343171125532
98,0,0.2660653820698798
124,0,0.016759230414610984
104,1,0.6069965582180661
167,0,0.13180422318971888
53,0,0.25140373407252986
137,0,0.010091210325961846
96,1,0.3389124936542541
227,1,0.6526203564884224
81,0,0.19152263537515601
16,1,0.3337071438791681
122,0,0.16676349215856348
7,0,0.08491365059266294
60,0,0.0069132105819872045
89,0,0.045490066388214456
168,0,0.04667526987577342
12,1,0.5313128403016044
54,0,0.11613347656202756
82,0,0.00055005500550055
113,0,0.24123479592670502
22,0,0.08768089372042466
166,0,0.07275541763909595
191,0,0.392017508235188
201,0,0.001725143137110421
220,0,0.36699808026184993
92,0,0.028408488929323225
164,0,0.12371603527526541
218,0,0.06030150288205955
27,0,0.08016049693460199
43,1,0.5096952002892596
48,0,0.021033354150995224
135,0,0.03714766869419773
93,0,0.22753111608826093
155,0,0.06025382698547091
74,0,0.016759230414610984
39,0,0.021314997625305605
164,0,0.02927537116117355
117,0,0.0011750881316098707
211,0,0.0878927833191631
108,0,0.00055005500550055
209,0,0.34050425244544663
121,0,0.14491365059266295
149,0,0.06653426392831585
214,1,0.2856424634615465
187,0,0.07359604032768424
179,1,0.33679662470105143
182,0,0.05523866720607271
191,0,0.00055005500550055
19,0,0.5337549161078573
170,0,0.5064477432898485
192,0,0.09786037574443603
38,0,0.4790444090001705
151,1,0.6269302592832005
87,0,0.10674403894908686
48,0,0.31243066699878447
85,1,0.7017346638036294
146,1,0.16512797188038822
41,1,0.40783194369365683
99,0,0.00055005500550055
125,0,0.06331832464434374
79,0,0.06601503768828834
209,0,0.48904185388777116
190,0,0.001725143137110421
67,0,0.07459315696158557
28,0,0.049636773918119485
55,1,0.4401707761337181
47,0,0.11970919994227928
99,0,0.005695690840003234
158,0,0.009679775268857497
224,1,0.5261715624000755
177,0,0.016759230414610984
83,1,0.587445354035743
221,1,0.693213601532567
15,1,0.707987056343366
12,0,0.05174878274191035
76,0,0.1128146130476924
229,1,0.358948167936932
138,1,0.5424066657453586
5,0,0.16169945397159774
140,1,0.1429192372548202
194,0,0.07870357609762803
214,0,0.23442346171536457
107,0,0.001450955906401451
3,0,0.27308696474570454
13,1,0.39885833346758387
111,0,0.002626044038011322
23,0,0.3218707227012063
29,0,0.34877495903417777
3,0,0.012231913184351606
40,1,0.13981282201786996
221,1,0.4782426150847203
21,0,0.21371184389669243
139,0,0.001725143137110421
123,0,0.002626044038011322
70,0,0.013897991603738516
69,0,0.3855169991973397
116,0,0.32868475072458697
93,0,0.016759230414610984
37,0,0.016759230414610984
12,0,0.6311448186701737
4,0,0.13730250497666044
184,0,0.08743354504822394
117,0,0.06320023346402244
3,0,0.15445251519842748
176,0,0.06265607037536862
37,0,0.0775722578698636
60,1,0.4732989490911723
83,1,0.486553852703278
154,1,0.20506928165432825
125,1,0.4526662516858595
115,1,0.6205380826070481
26,0,0.01110570300196091
175,1,0.7292768371538997
182,0,0.4061635956076944
83,0,0.09187069721911773
112,0,0.008356181697480071
11,1,0.4533546921943656
165,0,0.08770966425852618
77,0,0.19297425840688862
69,0,0.018453758814433136
85,0,0.17184280965665347
54,0,0.02666402478931591
88,0,0.0030075187969924814
61,1,0.5602823102823103
69,0,0.18984522888808564
189,0,0.05538240437726178
0,1,0.5519968061404525
1,1,0.4312046809868453
45,0,0.18051182086269804
205,0,0.06237478704156624
177,0,0.2316882875561511
19,0,0.021891708218994128
134,0,0.005494942886607602
55,0,0.12266564225115817
137,1,0.6475295881236476
135,0,0.012739673568945264
36,0,0.09786037574443603
76,0,0.35038409145631516
159,0,0.4639934533551555
114,1,0.6308777246530797
135,0,0.005083507829503253
120,0,0.008356181697480071
8,0,0.29043090479260697
28,0,0.4204700854700855
125,0,0.13282948253722535
24,0,0.012231913184351606
206,0,0.36795125164690384
229,0,0.370347226394814
175,0,0.24719827441838657
192,0,0.04702542754626184
23,0,0.3613617994234169
185,0,0.0
102,0,0.3459874315036102
95,0,0.26478769383976536
4,0,0.006870778971613106
63,0,0.09419767443075377
74,1,0.1287786585424786
184,1,0.554652295700889
131,0,0.04403913175843
217,0,0.001725143137110421
193,1,0.6409498048178708
86,0,0.00055005500550055
164,0,0.007447489565301627
164,0,0.044834287140865466
57,0,0.5392353358142832
223,0,0.02566137262564502
130,0,0.29151608734695666
30,1,0.6409498048178708
71,0,0.05654072241205504
156,0,0.00055005500550055
176,1,0.6848320448825075
125,0,0.00055005500550055
47,0,0.3148748162625537
13,0,0.017210220145512906
94,0,0.07354548256494375
16,0,0.003908419697893383
62,1,0.5839929284148351
87,0,0.013065000021521762
16,0,0.08576535249699642
79,0,0.005695690840003234
5,0,0.40402232826676093
116,0,0.015024201786129213
73,1,0.22207419765175543
131,1,0.36984656859482135
37,0,0.07811388031463179
76,0,0.015081044946495878
119,0,0.0355124136731144
133,0,0.1828855565968968
71,1,0.6526203564884224
119,0,0.09419767443075377
197,0,0.25381585404653123
51,1,0.1168232860856689
124,0,0.5539160991214515
56,0,0.036069322711036515
203,0,0.5071888990024707
67,0,0.049636773918119485
218,0,0.47460232355139326
73,0,0.08193526326128237
84,0,0.0
57,1,0.5883223293709228
180,0,0.02305002625378738
116,0,0.0
51,1,0.6208252531781944
174,1,0.7104350345786811
53,0,0.06862638406014598
226,0,0.0030075187969924814
125,0,0.442637030200482
90,0,0.4300863363363363
122,0,0.04436204864339421
112,1,0.6474384015820479
195,0,0.1157204290735969
90,0,0.07312212710411202
53,0,0.020019689984668913
204,0,0.0
154,0,0.002626044038011322
160,0,0.5049997330704676
125,0,0.2785009849824884
124,0,0.21799922522814086
86,0,0.01046873488915936
194,0,0.005487282848883792
96,0,0.0
110,1,0.6574051188275326
24,0,0.3566336488594015
219,0,0.4370330251782042
132,0,0.33893661586378493
71,0,0.1438934792605241
126,0,0.015600912379817733
69,0,0.03523289121905429
188,0,0.3621476684808171
54,0,0.6504886424691511
214,0,0.05428594803125872
16,0,0.3837985044035484
16,0,0.15408386446187136
24,0,0.006870778971613106
125,1,0.594349946875302
91,0,0.2919398812900987
56,0,0.047234530528221776
48,0,0.1811922398924786
154,0,0.263902217718568
21,0,0.08729661677009552
145,1,0.494500884247486
52,1,0.6200340320724154
59,1,0.5445781101696877
86,1,0.5673728902676273
136,0,0.2316882875561511
171,0,0.4994461368042093
199,1,0.6852090345250947
53,1,0.2316882875561511
98,0,0.0
21,0,0.001725143137110421
121,0,0.03545990643236017
53,0,0.0072745539909936435
127,1,0.6824425817425372
40,0,0.20634207049263828
78,0,0.3573300768565036
142,0,0.022984575321997158
207,0,0.35754645906579613
150,1,0.5602823102823103
109,0,0.005083507829503253
125,0,0.05476999872878569
172,0,0.0949545597185315
19,0,0.00055005500550055
98,1,0.2788870580379739
86,0,0.001450955906401451
22,0,0.059560673305984
49,0,0.015996295022941205
120,1,0.56091795986129
22,0,0.13979982939138738
173,0,0.00055005500550055
139,0,0.19622776993911015
166,0,0.4558760366075263
1,0,0.3039270085130716
200,0,0.00055005500550055
3,0,0.014651005190421812
2,0,0.015024201786129213
51,1,0.4972587719298245
221,0,0.1771189719505267
122,0,0.1725330252331295
142,0,0.025519212475734212
51,0,0.009947384967167659
29,0,0.009732017782485575
18,1,0.6587319636100124
180,0,0.3079231994425365
4,0,0.07446975577475329
102,0,0.23072236827944592
50,0,0.13242700894874807
203,0,0.0072745539909936435
99,0,0.15180823748724984
36,0,0.014661227309133065
174,0,0.001725143137110421
124,0,0.005083507829503253
174,0,0.0020759890325107717
0,0,0.03807125280421781
91,1,0.5787978927203065
74,0,0.011282005994955685
41,1,0.5935917530745117
49,0,0.00055005500550055
27,1,0.30952788753056687
180,0,0.7059722222222223
100,0,0.009370674373479137
159,0,0.07359604032768424
168,0,0.06025382698547091
135,0,0.006870778971613106
173,0,0.040734631707085446
212,1,0.3528221214957677
114,0,0.0949545597185315
21,0,0.00055005500550055
5,0,0.13180422318971888
111,0,0.22245503360744998
183,1,0.5352682724412792
196,0,0.09799195066392803
100,0,0.014661227309133065
63,0,0.031019835301180868
176,0,0.01396694181283338
20,0,0.13221727067814956
40,1,0.6824425817425372
42,0,0.005494942886607602
92,0,0.3742491940005607
38,0,0.12670447362350623
117,1,0.530269487105187
43,0,0.028057639122272198
101,0,0.06004472400351097
47,1,0.3091148400421362
140,0,0.16815043404084498
15,0,0.04186473895921015
180,0,0.028408488929323225
87,0,0.012739673568945264
62,0,0.05928783871573324
161,0,0.005494942886607602
51,0,0.00303747909511567
123,0,0.022117693090146832
81,0,0.3696026196026196
118,0,0.25490803048558824
105,0,0.012808623778040129
111,1,0.6778463565420086
119,0,0.24688070125536576
85,0,0.00055005500550055
95,0,0.02942215309564954
130,0,0.06004472400351097
158,1,0.5768693450477559
82,0,0.005083507829503253
232,0,0.012343364154343214
81,0,0.18731718040192466
161,0,0.01407839278282499
47,0,0.012920074748031737
26,0,0.004586381947982891
189,0,0.10795293526139778
114,0,0.5337549161078573
124,0,0.1725330252331295
51,0,0.09079859934506762
112,0,0.08193526326128237
32,0,0.03710126744356015
57,0,0.00055005500550055
74,0,0.07359604032768424
104,0,0.18773022789035532
47,0,0.04403913175843
31,0,0.06894767027095078
36,0,0.06943656344093464
28,0,0.045490066388214456
175,0,0.048910421156746826
173,0,0.001725143137110421
125,1,0.509786443503021
19,0,0.007447489565301627
88,0,0.00055005500550055
52,0,0.008356181697480071
74,0,0.015449673001497693
88,0,0.29294567217579065
31,0,0.6583046507080544
62,0,0.09673081893157041
134,0,0.07811388031463179
67,1,0.48339764385583256
120,0,0.0
46,0,0.009370674373479137
117,0,0.07813040672641451
176,0,0.005487282848883792
4,0,0.18284534001860528
128,1,0.3898481948262637
81,1,0.6207515851123925
225,0,0.011544238663026235
19,0,0.025111385225017314
59,0,0.001725143137110421
46,0,0.06927182391369276
229,0,0.0
63,1,0.6786564835345322
153,0,0.20027228278512113
29,0,0.009732017782485575
179,1,0.5297878527348533
11,1,0.2702359030658929
81,1,0.693213601532567
52,1,0.6308777246530797
36,0,0.0320497658653708
114,0,0.023926343997163247
57,1,0.5392353358142832
25,0,0.02964813796680224
75,0,0.016316555233348014
228,1,0.6144224106434177
41,1,0.07855028344801049
136,1,0.486553852703278
59,0,0.2463385330685072
43,0,0.1429192372548202
16,0,0.1411429780417813
92,0,0.16835680855793833
52,0,0.004182606928602352
120,1,0.5055653021442496
40,0,0.00055005500550055
135,0,0.07524139842980422
52,1,0.6735384828545431
116,0,0.16334381801159442
206,1,0.6144224106434177
95,0,0.189759855137862
206,0,0.008356181697480071
70,0,0.0878927833191631
64,0,0.09245321029074645
135,0,0.005487282848883792
111,0,0.04076166722972626
70,0,0.22921452555099345
125,0,0.0
2,0,0.06943656344093464
181,1,0.6976764138890258
19,0,0.002626044038011322
15,0,0.45736640707204207
230,1,0.41590925356043806
130,0,0.039199270549038066
39,0,0.00055005500550055
35,0,0.3333116797189842
42,0,0.009732017782485575
33,0,0.14020614215185898
0,1,0.6824425817425372
85,1,0.4667600078217138
218,0,0.2782828070764752
142,0,0.08576535249699642
106,0,0.006994839450979802
34,0,0.004182606928602352
58,0,0.28147407437372957
32,0,0.16836673956282402
34,0,0.00970549918376481
36,0,0.010556093012233363
102,0,0.03161889268352576
43,0,0.014719701537489438
128,0,0.23520838386495443
116,0,0.10753988777296712
13,0,0.5449922323570731
126,0,0.07719588147722704
150,1,0.5569745584060761
133,0,0.21854153003578292
77,1,0.6513435378401254
13,0,0.6148497235453757
124,0,0.00303747909511567
78,0,0.001725143137110421
24,0,0.16136609544534106
134,0,0.024659815034728683
110,1,0.5598549973803523
112,0,0.029007546311668117
124,1,0.32365383480625115
68,0,0.016114255646197454
89,1,0.6965025965530591
17,0,0.020373228950139516
147,0,0.33629274117191615
200,1,0.3423845042664819
44,0,0.3215834414315099
173,0,0.001725143137110421
231,0,0.08005924822871463
7,1,0.3788174139051332
109,1,0.3231417748619026
22,0,0.33397666761755335
38,0,0.0072745539909936435
199,0,0.5007733229463297
139,0,0.00303747909511567
63,0,0.00303747909511567
35,1,0.5097662548255434
193,0,0.00055005500550055
96,0,0.29372219723096915
18,0,0.0018623909635057995
45,0,0.28942840250237367
154,0,0.10342543286055429
153,0,0.0
54,0,0.4559188374977848
107,0,0.05426848930234036
84,0,0.006870778971613106
231,0,0.016114255646197454
16,0,0.0
139,0,0.05428594803125872
167,1,0.332871319713425
84,0,0.5598549973803523
138,0,0.08552035755705661
2,0,0.14489465724033626
142,0,0.02927537116117355
92,0,0.22627459004882908
4,0,0.17307347460389785
208,1,0.5553407362093951
4,1,0.3423845042664819
21,0,0.008356181697480071
15,1,0.4159372258326934
23,0,0.001725143137110421
183,0,0.047234530528221776
188,1,0.7206405275875419
137,1,0.6402641802641803
28,0,0.012343364154343214
66,0,0.09950573384655599
197,1,0.4091809180918092
161,0,0.031473055271682274
84,1,0.7062393162393162
170,0,0.10338041088621748
119,1,0.47458169383817356
136,0,0.19260684411013765
125,0,0.3234036269123988
57,0,0.04359976758769193
93,0,0.010641670463467345
197,0,0.1989621649312158
77,0,0.08063604195183899
208,0,0.24645298616882413
179,0,0.018453758814433136
112,0,0.006870778971613106
171,0,0.006443664815409735
41,0,0.006870778971613106
132,0,0.021314997625305605
146,0,0.025519212475734212
210,0,0.11448792922477131
200,0,0.5337549161078573
205,0,0.00055005500550055
114,0,0.3920692109922796
21,0,0.015600912379817733
51,0,0.01396694181283338
108,0,0.009732017782485575
80,0,0.09145609365684514
69,0,0.048122531416222664
166,0,0.005494942886607602
109,0,0.09079859934506762
96,0,0.3576984231310534
143,0,0.0009009009009009009
60,0,0.2910163272757768
108,0,0.03759122538478695
2,0,0.04702542754626184
147,1,0.7333991482771971
221,1,0.5879856290342224
91,0,0.06233558822096958
119,0,0.13180422318971888
100,0,0.1576598827205483
18,1,0.2634233626764655
89,1,0.32262798929465597
111,0,0.36722411980543596
139,0,0.5038940125896648
101,1,0.6346303369832782
96,1,0.2721941925993366
102,0,0.02450305459085177
9,1,0.5063505465982246
76,0,0.29345132215604847
32,0,0.20800957568373116
79,1,0.4668050676295315
195,0,0.20929322464410186
194,0,0.022117693090146832
169,0,0.07811388031463179
215,0,0.17946063598237513
141,1,0.6848320448825075
10,0,0.29349648005363727
16,1,0.4336140496185474
89,1,0.09619390749279692
196,0,0.40111175539949456
167,0,0.27625929164182644
169,1,0.5293425872373242
197,1,0.21712998689848662
137,0,0.005083507829503253
114,1,0.3665626922794778
78,0,0.4757709163386277
24,1,0.6412394781144781
4,0,0.20161682064925282
65,0,0.04928114714819198
109,0,0.33557941831193455
132,0,0.0
138,0,0.012808623778040129
45,0,0.06025382698547091
167,0,0.40935721539218983
128,0,0.02666402478931591
0,0,0.17307347460389785
13,0,0.5481572131572131
214,0,0.08576535249699642
5,0,0.10064778967922465
97,0,0.006994839450979802
33,0,0.08261805804443782
25,0,0.015024201786129213
107,1,0.6090489610963749
145,1,0.4846927936815577
186,0,0.0
66,0,0.005083507829503253
202,0,0.22175566218829243
26,1,0.620911007407595
95,1,0.41934137706974967
110,0,0.02305002625378738
50,0,0.09786037574443603
72,0,0.006071653480296125
143,1,0.6848320448825075
188,0,0.10182325311940393
40,0,0.06189918508759088
47,0,0.27419987642879207
72,1,0.40935721539218983
85,1,0.29608933370401264
84,0,0.025555614870351035
70,0,0.02305002625378738
97,0,0.06894767027095078
223,0,0.047234530528221776
94,1,0.30327794983016565
121,1,0.6952012024321924
155,0,0.0
87,0,0.04403913175843
111,0,0.004182606928602352
179,0,0.005487282848883792
222,0,0.1513375926959587
59,1,0.5883223293709228
122,1,0.7089699759169902
39,0,0.18806896967504672
95,0,0.09478737021375
4,1,0.3713990340550056
92,0,0.013017034623437458
98,0,0.3609872960476124
218,0,0.01449976581210177
156,1,0.5601807196634784
39,0,0.07984017941138004
101,0,0.06420632553234464
43,0,0.00303747909511567
24,0,0.17874119349073214
201,0,0.6108826601723717
164,0,0.5716337039866453
88,0,0.005494942886607602
78,0,0.28180804783846164
220,1,0.5839929284148351
42,0,0.016759230414610984
89,0,0.5098179877086864
24,0,0.3745035990650026
186,0,0.007447489565301627
118,0,0.4527537023365258
70,0,0.3930352901510887
123,0,0.006071653480296125
12,0,0.20742395213939932
97,0,0.010277717886673244
92,0,0.009732017782485575
73,0,0.3091148400421362
80,0,0.006071653480296125
211,0,0.03759122538478695
164,0,0.14849060372368306
91,0,0.012808623778040129
62,0,0.09935408811844477
80,0,0.09145609365684514
199,0,0.04089234820353766
3,0,0.48548533581428316
30,0,0.04359976758769193
135,0,0.0
66,0,0.0
143,1,0.20635238378189943
80,1,0.49577453761023743
124,0,0.012231913184351606
4,0,0.053221868213893735
59,0,0.041750702271536565
24,0,0.09145609365684514
134,0,0.1458720023937415
84,0,0.06770628448038954
152,1,0.45498851439104665
38,0,0.041750702271536565
28,0,0.0824797035323351
133,1,0.5337549161078573
23,0,0.02450305459085177
103,0,0.03759122538478695
0,0,0.15408386446187136
156,0,0.12251366727763906
178,0,0.022984575321997158
57,1,0.6242611794335933
50,1,0.5843552659979188
154,1,0.6576722128446266
78,0,0.00055005500550055
131,0,0.008782110593089655
66,0,0.20404943233097958
43,0,0.1489036512121137
47,0,0.008521457234064245
4,0,0.42172047853221767
193,0,0.008356181697480071
114,1,0.40783194369365683
133,0,0.26454383595646086
142,0,0.02727251768318634
23,0,0.16949611336555634
99,0,0.011467046410967347
28,0,0.016464165677496756
202,0,0.4456122238574676
211,1,0.132738052992019
208,1,0.3091148400421362
132,0,0.023926343997163247
162,0,0.1065542190299159
138,0,0.005494942886607602
27,0,0.26853697340822774
160,0,0.19892913413472724
97,1,0.417307494238842
17,0,0.4523701354713447
45,0,0.01396694181283338
46,0,0.061573860504336435
146,1,0.5297878527348533
178,0,0.14489465724033626
8,0,0.0009009009009009009
64,0,0.5124363666283883
109,0,0.016759230414610984
203,0,0.030167722428716532
78,0,0.040717749817892675
128,0,0.04826507658374086
115,0,0.6445107115735299
139,1,0.4400024067963433
110,0,0.015537545052508933
155,1,0.5396976760613125
87,0,0.04721376612322045
100,0,0.07459315696158557
135,0,0.06757745354560309
62,0,0.011467046410967347
114,1,0.3972665746763913
68,0,0.08768089372042466
218,0,0.11496942920806447
25,1,0.509786443503021
117,0,0.03565155068540174
138,0,0.029007546311668117
28,0,0.08261805804443782
110,0,0.04616009181452533
168,1,0.5935917530745117
189,0,0.002626044038011322
69,1,0.4625229181150234
132,0,0.031019835301180868
60,0,0.009732017782485575
199,0,0.007447489565301627
94,0,0.13500382156922883
133,0,0.025617040350005362
225,0,0.16046809267314058
19,0,0.2775102590328016
59,0,0.03769816730537195
68,1,0.4414627380416854
59,1,0.7059722222222223
88,0,0.20383218054251537
104,0,0.0
101,0,0.11027994770794819
33,0,0.0579598619688079
155,0,0.053160335681453286
158,0,0.012231913184351606
91,0,0.0
6,0,0.5386521108251175
139,0,0.005083507829503253
131,0,0.006071653480296125
45,1,0.1431021435013936
29,0,0.001725143137110421
109,0,0.001450955906401451
38,0,0.1576598827205483
30,0,0.16492339915955637
21,0,0.05428594803125872
211,0,0.045490066388214456
97,0,0.006870778971613106
78,0,0.33841832963784185
36,0,0.287415499310408
112,0,0.07855028344801049
121,0,0.028845442501961017
137,0,0.02566137262564502
12,0,0.0433730136015839
77,0,0.005660218423191776
91,0,0.08972058908375362
110,0,0.00055005500550055
162,0,0.02694434325191263
168,0,0.2398916472763111
8,0,0.02380278597844344
21,0,0.2028523987428097
173,0,0.03442695397871628
83,0,0.0030075187969924814
19,0,0.040202571756644594
59,0,0.0
101,0,0.00055005500550055
61,0,0.015024201786129213
189,0,0.06189918508759088
72,0,0.08639553405388108
174,0,0.07870357609762803
11,0,0.04142778538657236
119,1,0.5991159057062948
118,1,0.3434445464748495
186,0,0.028558059381384126
89,0,0.06420632553234464
2,0,0.012162962975256743
40,1,0.7089699759169902
130,0,0.5402859330217986
44,0,0.05654072241205504
187,1,0.6735384828545431
44,1,0.6015406162464987
90,1,0.6429981457709314
76,0,0.07811388031463179
180,1,0.5689340599198116
186,1,0.5652096611494158
96,0,0.006071653480296125
70,0,0.032667617830582564
197,0,0.004413315180121173
23,1,0.4243692690621546
205,0,0.2257479256240084
34,1,0.49991247224448804
195,1,0.5908101964042558
49,0,0.17062625366732978
19,0,0.002626044038011322
108,1,0.6833302275097507
15,0,0.1422686130696821
179,0,0.02018878744291491
116,0,0.005494942886607602
227,0,0.25918144190698844
213,0,0.02094180102959821
197,0,0.0
218,0,0.5222804956687933
130,0,0.010091210325961846
211,0,0.10442483235135376
231,1,0.5136622636622636
49,0,0.2915180906195027
141,0,0.13861676357914632
143,0,0.38848044696068523
85,0,0.05641726698368551
134,0,0.0
124,1,0.7272124675743873
98,0,0.031019835301180868
21,0,0.004413315180121173
75,1,0.4521485019038594
101,0,0.06233558822096958
199,0,0.2071054166759363
112,0,0.08484107928718689
145,0,0.006071653480296125
153,0,0.1576598827205483
185,0,0.07633762110159288
4,0,0.013017034623437458
118,0,0.02566137262564502
163,0,0.015449673001497693
120,0,0.07359604032768424
90,0,0.3682379349046016
177,0,0.002626044038011322
165,1,0.5475968851603369
20,1,0.6848320448825075
62,0,0.001725143137110421
190,0,0.05031956870127494
107,0,0.009732017782485575
132,0,0.3794364568188706
115,0,0.0586141006037795
24,0,0.001450955906401451
4,0,0.13591707286011537
119,1,0.5463344573498189
72,0,0.46865117323723643
15,0,0.13180422318971888
61,1,0.48807624159947993
108,1,0.6292901209195308
222,0,0.05149365942948111
33,1,0.5700022990371091
98,1,0.6934806955496611
89,1,0.6308777246530797
31,0,0.28277281990415193
168,0,0.047234530528221776
23,0,0.3434445464748495
132,0,0.0009009009009009009
88,0,0.0009009009009009009
123,0,0.012920074748031737
6,1,0.6094580230844281
28,0,0.002626044038011322
182,1,0.36795125164690384
23,0,0.07900188120263267
35,1,0.48954607027756
48,0,0.006870778971613106
115,0,0.04186473895921015
89,0,0.08323305637241303
175,0,0.016759230414610984
87,1,0.25484258289136336
79,1,0.6848320448825075
199,0,0.03129071825225205
97,0,0.0528638761548288
188,0,0.012231913184351606
132,0,0.011467046410967347
122,0,0.0949545597185315
189,0,0.2922579453067258
7,0,0.32585400693309047
114,0,0.1128146130476924
134,0,0.012566737994637278
119,0,0.02450305459085177
106,1,0.5495714844839048
45,0,0.001725143137110421
86,1,0.4808034579201627
67,0,0.2111350312762117
3,0,0.1714294259999456
89,0,0.5009537185602618
190,0,0.14147848253111409
102,0,0.0032382270485113024
14,0,0.004182606928602352
58,0,0.008356181697480071
47,1,0.6778463565420086
184,1,0.7272124675743873
125,0,0.004182606928602352
180,0,0.19504637760345522
159,1,0.6798069387509043
27,0,0.013897991603738516
215,0,0.07197255774616908
104,0,0.015600912379817733
40,0,0.08016049693460199
136,0,0.049636773918119485
211,0,0.06051339248079799
102,0,0.03537967315353027
24,0,0.13656677181913776
28,0,0.025111385225017314
107,1,0.45241559592095343
75,0,0.0
43,1,0.3539810002401042
130,0,0.29923500103126766
170,1,0.28034286921754953
152,0,0.045490066388214456
90,0,0.02891725192486039
71,0,0.06025382698547091
147,0,0.001725143137110421
148,0,0.5105328022298028
87,0,0.3226583386628364
200,0,0.05333937532905422
26,1,0.7333991482771971
40,0,0.011282005994955685
231,0,0.1271522836740228
78,0,0.012231913184351606
63,0,0.32046333288299594
67,0,0.045490066388214456
123,0,0.3613617994234169
115,0,0.05641726698368551
133,0,0.03968332124656505
80,1,0.5613731877841951
21,0,0.1157204290735969
132,0,0.028408488929323225
20,0,0.3526257847969771
27,0,0.1036254058261573
229,0,0.3287340394717271
126,0,0.42787286325610746
160,0,0.5861566305513927
50,0,0.1531591339600262
37,0,0.015419970149897768
38,0,0.02305002625378738
74,1,0.4818384867165355
88,0,0.02305002625378738
175,0,0.0514475864460952
6,0,0.07180898920304113
34,0,0.0477082223294173
75,0,0.07180898920304113
220,0,0.0
122,0,0.27314211754763346
38,0,0.08118625640539213
210,0,0.0018623909635057995
187,0,0.005083507829503253
193,0,0.040734631707085446
11,0,0.1785496321658425
50,0,0.16108476057229382
187,0,0.3058130873706398
203,0,0.006071653480296125
59,1,0.6294827146811296
29,0,0.012231913184351606
179,1,0.3213614648668224
114,0,0.00055005500550055
117,0,0.2933899564698374
125,0,0.24186153660231427
128,0,0.16097845135645825
201,0,0.0888882406032802
211,0,0.07950300262282449
48,1,0.2691325934530444
181,1,0.6261008566657448
41,0,0.006870778971613106
199,0,0.10432723331500016
125,1,0.635477267830209
3,0,0.20876258994970334
130,0,0.047234530528221776
139,0,0.00055005500550055
139,1,0.738883019244939
125,0,0.006870778971613106
83,0,0.011467046410967347
100,0,0.03752235104810091
94,0,0.09145609365684514
25,0,0.5007733229463297
192,1,0.5757856701374031
180,0,0.06941566381363022
215,0,0.0
144,0,0.005660218423191776
100,0,0.20506928165432825
123,1,0.6513189623675557
89,0,0.01396694181283338
186,0,0.012231913184351606
156,0,0.19168532188709275
23,0,0.20230533992001884
119,0,0.06943656344093464
171,0,0.2856116162104098
136,0,0.038151446087267775
128,0,0.002626044038011322
17,0,0.0
24,0,0.0
77,0,0.001725143137110421
134,0,0.4746527483744573
187,0,0.012343364154343214
166,0,0.014852271163631614
152,0,0.08656477902219288
6,0,0.0585093628454636
0,1,0.34718320024298527
26,0,0.0
204,0,0.07197255774616908
92,0,0.008356181697480071
200,1,0.4896937910574275
175,0,0.08355931350910979
160,1,0.7104350345786811
72,0,0.01903046940812166
68,0,0.06507381945238135
132,0,0.03188978868936791
139,0,0.0032382270485113024
37,1,0.5776987263943786
70,1,0.5935066378979624
224,0,0.26133402813965606
216,0,0.20683590288853446
137,0,0.30733463348405876
107,0,0.04928114714819198
81,0,0.013293773804386027
131,0,0.09950573384655599
62,0,0.13221727067814956
61,0,0.097809973826234
175,0,0.5308855273996463
41,0,0.08967983444380623
151,0,0.5287867695181553
2,0,0.007607496078286892
13,0,0.2082090159091202
26,0,0.1157204290735969
26,0,0.4072383811339635
158,0,0.01763554815798685
1,0,0.012739673568945264
71,0,0.01657828818469102
78,1,0.509786443503021
25,0,0.04299035130901558
124,0,0.2649568834448915
202,0,0.18731718040192466
143,0,0.0068185364579850275
175,0,0.07163339706102863
12,0,0.048122531416222664
54,0,0.0783754016663543
100,0,0.005494942886607602
52,0,0.057381345100643334
192,0,0.572063144236151
99,1,0.5353245064214881
130,1,0.6569528056484578
26,0,0.04142778538657236
88,1,0.4951357919766231
95,0,0.001725143137110421
167,0,0.11133225528896458
216,0,0.012808623778040129
72,0,0.23111448030226459
119,1,0.3771009457633661
72,0,0.07274605603974728
107,0,0.006870778971613106
138,1,0.5503419508733028
124,0,0.0878927833191631
141,0,0.041750702271536565
104,1,0.4718038529656237
133,0,0.07446975577475329
120,0,0.06265607037536862
6,1,0.4817779686200739
4,0,0.07695487014327594
232,0,0.001450955906401451
155,0,0.025111385225017314
115,0,0.2679819491038777
96,0,0.053929376040197395
31,0,0.530874477133581
15,0,0.07903433414553747
84,0,0.014804998867649051
173,0,0.22721236155173163
14,0,0.00055005500550055
192,1,0.6852090345250947
154,0,0.23248514851673988
15,0,0.014661227309133065
179,0,0.2987913077021988
114,1,0.5159052571304765
0,0,0.16725829995840422
38,0,0.5602823102823103
148,0,0.057381345100643334
61,1,0.5768693450477559
138,1,0.6664354519075602
133,0,0.05641726698368551
162,0,0.029134769975072642
71,0,0.15643783061551464
214,0,0.31327076015653355
175,0,0.030255818122383555
180,1,0.3256913250550722
171,0,0.012162962975256743
133,0,0.13180422318971888
212,0,0.005083507829503253
49,0,0.001725143137110421
226,0,0.011467046410967347
0,1,0.4315712880282841
62,0,0.00589871790598814
120,0,0.008356181697480071
73,0,0.04299035130901558
52,0,0.00055005500550055
88,0,0.4723400004975116
13,0,0.00055005500550055
19,0,0.08540976225074454
104,0,0.1513375926959587
142,0,0.09463407756413246
15,0,0.0731684651275266
25,1,0.43515792200002723
25,1,0.5918981736183276
178,0,0.010556093012233363
99,1,0.6583046507080544
35,0,0.059560673305984
34,1,0.8351324337831084
58,0,0.0339117759174682
83,0,0.008772296835557787
198,0,0.001725143137110421
109,0,0.02943213160505047
164,0,0.04278445475186026
121,1,0.5665364231149447
211,1,0.630930969852395
231,0,0.010308728376174097
55,0,0.44285095176184286
49,0,0.012926198680651294
139,0,0.001725143137110421
194,0,0.028408488929323225
21,0,0.02263103635652655
68,0,0.18073049839913227
154,0,0.1233430192334302
129,0,0.054432057845468305
86,0,0.16664617024329254
59,0,0.036069322711036515
148,0,0.3058130873706398
173,1,0.6090489610963749
108,0,0.013502909274339815
167,0,0.002626044038011322
50,1,0.4691019764549176
114,0,0.02838045128660668
49,1,0.26317873707431944
192,0,0.5977337852591402
20,0,0.07180898920304113
91,0,0.44910523319330964
117,0,0.012808623778040129
0,1,0.73640522875817
0,0,0.10688239346118959
170,0,0.17832814600230149
148,1,0.7288944958415101
42,1,0.6250619299399788
12,0,0.009370674373479137
97,0,0.1912195548559185
36,0,0.03450999924296425
3,1,0.6246236052176646
209,0,0.00303747909511567
95,0,0.24719827441838657
66,0,0.5682498656028069
38,0,0.09047042491379391
191,0,0.009930614870351039
57,0,0.29303827466761784
122,0,0.005660218423191776
40,0,0.13310761496560683
48,0,0.03436600898720396
54,0,0.06635867178630335
176,1,0.39484000847637213
187,0,0.15698968048777587
10,0,0.00303747909511567
24,0,0.006870778971613106
208,0,0.05702350801663563
76,0,0.09627293388761278
97,0,0.021314997625305605
49,0,0.00055005500550055
6,1,0.5128991766495036
114,0,0.24730458363422214
38,0,0.0878927833191631
129,0,0.0
128,0,0.16256292912833636
19,0,0.00055005500550055
122,1,0.635210173813115
33,0,0.027849228276874863
140,0,0.03279149112561022
75,0,0.02088657221651924
6,0,0.004319854754997731
208,0,0.054373729592865315
145,1,0.6002685415102267
163,1,0.6031900396470358
63,0,0.021891708218994128
50,0,0.08524981962481963
106,0,0.04403913175843
163,0,0.010308728376174097
28,0,0.003908419697893383
64,0,0.001725143137110421
195,0,0.04403913175843
217,0,0.028408488929323225
97,0,0.0
119,0,0.2260096191956229
55,1,0.6429981457709314
209,0,0.3473413770396603
43,1,0.3607258020675073
65,0,0.23036919205270215
225,1,0.07143343649904484
60,1,0.4523795684281618
15,0,0.002626044038011322
142,0,0.0069132105819872045
45,0,0.17307347460389785
130,0,0.006870778971613106
105,0,0.47738107661751866
4,0,0.08566612686770599
0,0,0.00055005500550055
27,0,0.4165732959850607
157,0,0.01110570300196091
26,1,0.5308404675918287
73,0,0.21523549797674932
134,0,0.021891708218994128
122,0,0.05489536430993506
64,0,0.07180898920304113
74,1,0.4672472787042748
54,1,0.7471369874989072
24,0,0.24815915108819472
80,0,0.07666053798655709
46,0,0.3066225731879804
25,0,0.006870778971613106
175,0,0.001725143137110421
132,0,0.03523289121905429
137,0,0.006870778971613106
83,0,0.43068853928109135
103,1,0.5098179877086864
24,0,0.38792288319741064
165,0,0.002626044038011322
76,1,0.24186548553068685
23,0,0.07359604032768424
227,0,0.045490066388214456
28,0,0.012343866614990104
212,0,0.07354646431662805
26,1,0.6690756704980844
151,0,0.05700619462087352
4,0,0.018275225844661597
187,1,0.328636266240723
74,1,0.42008533511139184
92,0,0.002626044038011322
169,0,0.26889253144960906
91,0,0.06391738202668863
82,0,0.015600912379817733
12,0,0.45076100304920724
76,0,0.02450305459085177
196,0,0.031634665376938674
20,0,0.26864219469036055
11,0,0.06653426392831585
108,0,0.005695690840003234
56,0,0.06057674387043511
90,0,0.1429192372548202
116,0,0.08484107928718689
167,0,0.07036974214738069
118,0,0.010641670463467345
95,0,0.049636773918119485
39,1,0.4690169365848669
85,0,0.004413315180121173
147,1,0.32335094576336615
79,0,0.021891708218994128
40,1,0.6207515851123925
194,0,0.021891708218994128
21,0,0.07678246366305515
133,0,0.11562766268850787
172,0,0.0
64,0,0.0827014182222525
5,1,0.451144387701545
201,0,0.039199270549038066
185,1,0.6965025965530591
34,0,0.23187286613345445
116,0,0.005660218423191776
168,0,0.020373228950139516
156,0,0.29294567217579065
139,0,0.13340853993027904
57,1,0.7416531165311654
154,1,0.5424066657453586
189,1,0.5942241909379394
61,0,0.08576535249699642
39,0,0.27246970903271417
60,0,0.10142397236176254
195,0,0.13500382156922883
64,1,0.6711490197145729
196,0,0.030350522356214635
109,0,0.009679775268857497
60,0,0.017272573680990708
101,0,0.06015472094758357
190,0,0.1750496732177976
28,0,0.010308728376174097
128,0,0.128646959145757
20,0,0.08543522220932727
46,1,0.4362322044106152
215,1,0.2942148363496678
47,0,0.29728725380899296
38,0,0.03463869931130504
101,1,0.5498251255848475
37,0,0.012739673568945264
179,0,0.31217135800222734
111,0,0.011467046410967347
212,1,0.583233702428749
70,0,0.017511990139267047
140,0,0.1447028757991755
21,1,0.6313275941003798
64,1,0.5652096611494158
186,0,0.20027228278512113
203,0,0.08193526326128237
89,0,0.005083507829503253
85,0,0.004319854754997731
125,0,0.0
202,0,0.37722663743491375
113,0,0.1455778520995912
137,1,0.5297931215002197
208,0,0.09522211824695959
79,0,0.19892913413472724
148,1,0.6211285747549798
3,0,0.029007546311668117
116,0,0.002626044038011322
53,0,0.6895169082125604
231,0,0.0011750881316098707
12,0,0.1036254058261573
194,1,0.577640367888046
167,1,0.5475739881680476
98,0,0.007043845739474822
191,0,0.009358821186778176
122,0,0.02305002625378738
23,1,0.4897455239405704
111,0,0.011282005994955685
163,0,0.00055005500550055
100,0,0.12972909629450355
200,1,0.6409498048178708
50,0,0.007944746640375722
1,0,0.006870778971613106
104,1,0.5883223293709228
151,0,0.09893872172759723
32,0,0.16492339915955637
103,0,0.2398592524227042
115,0,0.08967983444380623
100,0,0.1905324574755
189,0,0.02976030603632418
34,1,0.5991159057062948
1,1,0.6282375060625555
30,0,0.006870778971613106
110,1,0.33206365220483264
174,1,0.6735384828545431
75,0,0.08656477902219288
121,0,0.01396694181283338
45,0,0.14998842719642128
139,1,0.7104350345786811
207,0,0.45214598088161306
127,1,0.6852090345250947
74,0,0.20650353251040277
212,1,0.4620611592379921
46,1,0.1725330252331295
114,0,0.03884573158356746
7,1,0.6409498048178708
120,0,0.016759230414610984
162,0,0.07852692780306246
85,0,0.113944169860558
89,0,0.027903673826794928
120,0,0.2279300183080252
163,0,0.42691015916420655
4,0,0.07387861312497356
127,0,0.4723400004975116
194,0,0.08967983444380623
56,0,0.22554141890526327
35,0,0.0878927833191631
134,0,0.04999139427000123
52,1,0.4668050676295315
64,0,0.08261805804443782
102,0,0.06927584470222449
59,0,0.07811388031463179
132,0,0.3094657833613657
109,0,0.053920014440848735
140,0,0.27600506256806767
49,1,0.6250619299399788
199,0,0.013502909274339815
189,0,0.05972424184911194
168,1,0.64701108868009
219,0,0.02943213160505047
162,0,0.001725143137110421
220,0,0.006870778971613106
30,0,0.00055005500550055
182,0,0.00055005500550055
176,0,0.008932892291168594
172,0,0.2895532461047523
59,0,0.005083507829503253
199,0,0.011858716588644208
146,0,0.012926198680651294
95,0,0.09934447959365532
22,0,0.015419970149897768
132,0,0.41181004776011126
87,0,0.0032382270485113024
17,0,0.3834749455337691
57,0,0.39732769093873027
54,0,0.0018623909635057995
28,0,0.02094180102959821
155,0,0.041750702271536565
61,0,0.39885833346758387
191,0,0.018212258751675373
92,0,0.20639722329456722
8,0,0.19723888173933402
48,0,0.020339068654695536
139,1,0.68954148368513
97,0,0.2898465839317748
80,0,0.2059290230042076
31,0,0.012808623778040129
55,0,0.008605807600094878
93,0,0.0
129,0,0.5883223293709228
132,1,0.6824425817425372
19,0,0.03807125280421781
155,0,0.027903673826794928
39,0,0.2059290230042076
34,0,0.06004472400351097
36,0,0.020373228950139516
40,1,0.6552827497046564
151,0,0.013897991603738516
6,0,0.002626044038011322
137,0,0.16512797188038822
179,0,0.0030075187969924814
215,0,0.005494942886607602
120,0,0.07870357609762803
206,0,0.25936769441136254
131,1,0.5942241909379394
135,0,0.14285299546493577
76,0,0.004413315180121173
28,0,0.07887076560240952
219,0,0.04322057101139398
217,0,0.03262154484719665
41,0,0.003908419697893383
214,0,0.2869707172737476
8,1,0.5298589072711369
60,1,0.43229767170322875
25,1,0.498283534647171
80,1,0.6945687645687646
116,0,0.016759230414610984
76,0,0.13800007034574938
217,1,0.7333991482771971
164,0,0.031019835301180868
21,0,0.10688239346118959
57,0,0.001450955906401451
90,0,0.02380278597844344
230,0,0.006870778971613106
160,1,0.5634369562206848
199,0,0.005494942886607602
100,0,0.030167722428716532
107,0,0.0
128,0,0.06207571379075336
28,0,0.00055005500550055
154,0,0.31268921389825816
31,0,0.15807293020897895
61,0,0.1576598827205483
221,0,0.005083507829503253
75,0,0.07359604032768424
124,0,0.0745845351053694
121,0,0.35722847818288406
78,1,0.6965025965530591
36,0,0.388874171790024
43,1,0.5146723195503683
5,1,0.6818101438791094
232,1,0.5012549573166633
92,0,0.001725143137110421
94,0,0.012566737994637278
154,0,0.00303747909511567
34,0,0.36392759007701536
49,0,0.148502400914551
184,0,0.01657828818469102
193,0,0.15440647919968598
116,1,0.7333991482771971
170,0,0.03523289121905429
45,1,0.577640367888046
72,0,0.002626044038011322
114,0,0.21059438833476427
94,0,0.026597604685724276
141,0,0.00303747909511567
153,0,0.021314997625305605
147,0,0.02666402478931591
186,0,0.07950300262282449
2,0,0.021314997625305605
59,0,0.02927537116117355
102,0,0.005083507829503253
26,1,0.5689340599198116
43,0,0.05031956870127494
23,1,0.4233457288747415
139,0,0.06265607037536862
134,0,0.13721172436525564
83,1,0.6102078512564445
94,0,0.08193526326128237
215,0,0.38164832577420604
185,0,0.049636773918119485
49,0,0.02666402478931591
102,0,0.001450955906401451
192,1,0.37266670435942784
175,0,0.6164928040181591
181,0,0.19526268312543427
143,1,0.6313275941003798
6,0,0.10688239346118959
199,0,0.15941607885937284
35,0,0.31327076015653355
105,0,0.04436204864339421
165,0,0.36722411980543596
5,0,0.001725143137110421
150,0,0.24815915108819472
200,0,0.008195586241869265
43,0,0.44134337000579044
115,0,0.1731365707085393
93,0,0.07250106109980747
37,0,0.013897991603738516
89,1,0.6848320448825075
198,1,0.7093469655595775
210,0,0.00055005500550055
50,0,0.009679775268857497
7,1,0.6322045694355594
176,0,0.020019689984668913
86,0,0.0
212,0,0.029169613405879567
209,0,0.04738004789814359
110,0,0.1576598827205483
125,0,0.03653799118832352
65,0,0.005494942886607602
205,0,0.19930497888197826
82,0,0.001725143137110421
60,0,0.0069132105819872045
118,0,0.29062217085768877
11,0,0.02313135725647314
215,0,0.06561290163440701
91,1,0.06620608949704214
150,1,0.5843552659979188
121,0,0.021891708218994128
1,0,0.009947384967167659
218,0,0.15408386446187136
46,0,0.021891708218994128
161,0,0.009774449392859675
62,0,0.2952118268179039
227,0,0.047234530528221776
113,1,0.5345596432552954
217,0,0.16810299962473874
112,0,0.3556203378743852
221,1,0.5843552659979188
39,0,0.2524529458167902
218,0,0.07913832413083761
41,0,0.030536138854803125
72,0,0.00055005500550055
11,0,0.0369773553590616
229,0,0.08576535249699642
99,0,0.00303747909511567
112,0,0.041750702271536565
117,1,0.49005769442145186
164,0,0.0339117759174682
77,0,0.00055005500550055
50,1,0.6207515851123925
163,0,0.16516903198216912
79,1,0.6995798319327732
6,0,0.10440594297883987
89,0,0.2852598310907004
9,0,0.054432057845468305
103,0,0.00055005500550055
26,1,0.49005769442145186
161,0,0.24837466809011524
32,0,0.08967983444380623
128,1,0.44204280567916937
101,0,0.015024201786129213
146,1,0.6848320448825075
186,0,0.020373228950139516
51,0,0.002626044038011322
180,0,0.020339068654695536
110,0,0.004413315180121173
144,0,0.11322766053612306
93,0,0.09673081893157041
146,0,0.010308728376174097
32,1,0.6282375060625555
45,1,0.5044445381616435
89,0,0.005494942886607602
198,1,0.6690756704980844
102,1,0.2364901213267482
86,0,0.24679620559770374
152,0,0.03336190332688225
8,0,0.02666402478931591
38,0,0.0664552602005709
131,0,0.07887076560240952
93,0,0.13063055039452218
159,0,0.013897991603738516
111,1,0.45525057444562095
35,0,0.0488767775278539
88,1,0.5731087094723458
100,0,0.010641670463467345
212,1,0.46887326301690946
195,0,0.04189645386385937
2,0,0.18945311686526692
195,0,0.009370674373479137
2,0,0.00055005500550055
187,1,0.5883223293709228
54,1,0.6848320448825075
126,0,0.5690834732446511
8,0,0.17307347460389785
70,0,0.009732017782485575
83,0,0.33926075971257424
15,0,0.048122531416222664
9,0,0.07304309954637725
74,0,0.040734631707085446
78,1,0.45059987431365317
137,0,0.06057674387043511
30,1,0.5642828022298029
218,1,0.5689340599198116
88,1,0.6432426832426833
110,0,0.004182606928602352
118,0,0.027903673826794928
23,0,0.46174759187124453
9,0,0.18059084725751395
96,0,0.3692580026363436
14,0,0.23938128309262333
212,1,0.5220080682865461
70,0,0.007043845739474822
95,1,0.3228410588094382
62,0,0.006071653480296125
41,0,0.04094373468904538
34,0,0.003908419697893383
122,0,0.10753988777296712
105,0,0.07105887503833587
161,0,0.356465523552572
90,0,0.005695690840003234
69,0,0.015024201786129213
6,0,0.22734892292648068
65,0,0.04229466761842268
141,0,0.00055005500550055
210,0,0.015600912379817733
10,0,0.13613337838209444
177,0,0.15398888551062462
145,0,0.0477082223294173
16,0,0.00055005500550055
193,1,0.6976764138890258
146,1,0.6341538642124002
104,0,0.06621026526063108
105,0,0.002626044038011322
10,1,0.6778709320145784
38,0,0.034066611618436306
214,0,0.5297878527348533
228,1,0.6767582875229051
114,0,0.04783358791056667
193,1,0.6587319636100124
146,0,0.036826934693979525
33,0,0.3692580026363436
100,1,0.7176009338135457
81,0,0.0
10,0,0.05489536430993506
57,0,0.015600912379817733
63,0,0.006071653480296125
188,1,0.45531109254208246
218,1,0.6848320448825075
45,0,0.001450955906401451
53,1,0.41670357775217104
45,0,0.0030075187969924814
84,1,0.42788416648710764
112,0,0.02380278597844344
186,0,0.009732017782485575
214,1,0.4930776294412658
80,1,0.18114109245688947
132,0,0.3691482588911923
125,0,0.2059290230042076
161,0,0.4866245721407509
41,0,0.008356181697480071
159,1,0.5670643589000587
210,0,0.008772296835557787
30,0,0.015996295022941205
77,1,0.6094580230844281
141,1,0.5047403863193337
103,0,0.17627307298340777
17,0,0.019423321760743597
133,0,0.3287340394717271
117,0,0.5426191741981216
96,0,0.009370674373479137
51,0,0.001450955906401451
223,0,0.28254742298665053
187,0,0.01161683080524136
134,0,0.015600912379817733
59,1,0.4392673361423462
18,0,0.08576535249699642
167,0,0.00055005500550055
155,0,0.058459691083804555
82,0,0.39244751033368924
99,0,0.38792288319741064
11,0,0.03653799118832352
61,0,0.053920014440848735
139,0,0.00055005500550055
78,0,0.004413315180121173
123,0,0.06057674387043511
13,0,0.06629671197572433
163,0,0.03419446966597132
56,1,0.6551418898795957
82,0,0.04189645386385937
127,0,0.00055005500550055
97,0,0.008782110593089655
220,0,0.059296895386934965
206,0,0.13826762887417746
3,0,0.03807125280421781
80,0,0.0009009009009009009
54,0,0.27290691286767155
153,0,0.3300212065405435
28,0,0.008356181697480071
64,1,0.6583046507080544
193,0,0.06847057517119697
111,0,0.00055005500550055
179,0,0.4443705482815114
132,0,0.00055005500550055
146,0,0.057381345100643334
76,0,0.05031956870127494
226,0,0.04019806270723797
140,0,0.2693801777319886
74,0,0.11970919994227928
112,1,0.6311448186701737
63,0,0.038889463460664096
143,0,0.005083507829503253
53,0,0.040717749817892675
132,1,0.6250619299399788
70,0,0.15492726151355543
148,0,0.21712998689848662
136,0,0.1579278409689171
100,0,0.009370674373479137
143,1,0.4512411433759749
96,0,0.18160528738090928
8,0,0.010556093012233363
144,0,0.46108822444074593
113,0,0.01407429459673329
90,0,0.26693245570824214
97,1,0.5985345357655257
37,0,0.0013123359580052493
2,0,0.0
136,1,0.5761616161616162
102,0,0.028679371880394405
38,0,0.021891708218994128
107,0,0.148373069425701
213,0,0.02014445516727525
92,0,0.3004506933211674
40,0,0.5804575748794815
197,0,0.2113253491117598
101,0,0.020373228950139516
75,0,0.15408386446187136
107,0,0.007944746640375722
100,0,0.040202571756644594
76,1,0.43790404040404046
92,0,0.23839303034499756
70,1,0.6965025965530591
78,1,0.6852090345250947
10,0,0.07148081477176742
89,0,0.0
56,1,0.6250619299399788
108,0,0.0
112,0,0.002626044038011322
88,0,0.09508567531875466
164,0,0.02305002625378738
230,0,0.004182606928602352
67,0,0.012162962975256743
49,0,0.003908419697893383
17,0,0.025547250118450757
156,0,0.01396694181283338
134,0,0.26693245570824214
127,0,0.14849060372368306
220,0,0.47722173962306913
230,0,0.01588662657413548
76,0,0.601863194864556
126,1,0.6260011258990387
29,0,0.012808623778040129
49,0,0.004182606928602352
91,0,0.012291121640715136
95,0,0.11034955036912764
105,0,0.00055005500550055
159,0,0.15399343171125532
42,0,0.17900679866412628
109,0,0.002626044038011322
109,1,0.6824425817425372
137,0,0.0018623909635057995
3,0,0.07887076560240952
198,0,0.31071318591014613
183,0,0.06862638406014598
123,0,0.02666402478931591
209,1,0.7714478114478114
5,0,0.33893661586378493
138,0,0.2821343754982199
85,0,0.26003906306936614
46,0,0.009732017782485575
10,0,0.002626044038011322
69,0,0.08967983444380623
184,0,0.001725143137110421
17,0,0.01407839278282499
80,0,0.005494942886607602
125,0,0.005083507829503253
124,0,0.4688046469621581
40,0,0.024987989466002395
103,0,0.02380278597844344
103,0,0.3082017071224211
62,1,0.4311301264592135
134,1,0.6313050375550375
13,0,0.047234530528221776
2,0,0.010308728376174097
139,0,0.02964813796680224
48,0,0.0
103,0,0.014719701537489438
125,1,0.6313275941003798
19,0,0.32940392432770477
81,0,0.004182606928602352
128,0,0.018857533833813677
193,0,0.24144228853972605
212,0,0.0452964226212183
87,0,0.001725143137110421
91,0,0.4167757809369588
219,1,0.5682296769253291
6,0,0.005083507829503253
169,0,0.011799988498260597
196,0,0.22246149130665757
91,0,0.4723400004975116
179,0,0.011467046410967347
130,1,0.49890853647198824
40,1,0.5700599391079458
131,0,0.044950576384399914
40,0,0.022117693090146832
176,0,0.26580889720740924
25,0,0.26734550319667283
29,0,0.1989421267612098
143,0,0.15024294629557788
118,1,0.6282375060625555
23,0,0.06653426392831585
210,0,0.010308728376174097
175,0,0.5567469567469567
209,0,0.02300569397814772
202,1,0.8116531165311653
129,0,0.005083507829503253
204,0,0.11008199184069956
141,1,0.6047776433805846
141,1,0.6635193152440564
76,0,0.4989795717643819
169,0,0.0032382270485113024
53,0,0.24815915108819472
112,0,0.1429192372548202
18,1,0.5652096611494158
99,0,0.0579598619688079
192,0,0.001450955906401451
95,1,0.5337549161078573
189,0,0.2897447809624607
122,0,0.26853697340822774
132,0,0.0
182,0,0.001450955906401451
114,0,0.04156827943258567
171,0,0.12138251611935823
216,0,0.008737892404336032
93,0,0.010308728376174097
188,0,0.16173893716531695
94,0,0.005494942886607602
82,0,0.36237847943498136
131,0,0.37266670435942784
76,0,0.15408386446187136
20,0,0.5147738737366302
193,0,0.0069132105819872045
104,0,0.04187606785268593
179,0,0.008932892291168594
128,0,0.01758094034836191
2,0,0.0069132105819872045
96,0,0.005494942886607602
108,0,0.34018471347887713
138,1,0.6081448536169618
200,1,0.6311448186701737
93,0,0.036406981947260456
232,0,0.006093938550078902
68,0,0.00055005500550055
34,0,0.2524529458167902
82,0,0.02305002625378738
43,0,0.21194906365939847
30,0,0.004413315180121173
199,0,0.0
177,0,0.033706366147664486
8,1,0.6144224106434177
187,0,0.048122531416222664
7,0,0.06025382698547091
49,0,0.008932892291168594
134,1,0.6664354519075602
139,0,0.03620981675704982
130,0,0.09950573384655599
4,1,0.5943297581978242
72,0,0.011282005994955685
106,1,0.5007733229463297
188,0,0.46108822444074593
164,0,0.022117693090146832
180,0,0.0204588346880837
30,1,0.7089699759169902
15,1,0.35895341321670476
151,0,0.03884573158356746
10,0,0.07855028344801049
105,1,0.7075026307691058
157,1,0.5598549973803523
4,0,0.018212258751675373
170,0,0.1549066830021419
105,0,0.005083507829503253
85,0,0.12460409227824776
116,1,0.38719691182258026
144,0,0.0032382270485113024
209,1,0.5711076097105509
72,0,0.5875748872551675
45,1,0.2745021133154208
61,0,0.03868066908289416
128,0,0.038733414057169124
171,0,0.02727251768318634
73,0,0.16803192290317723
83,0,0.02305002625378738
40,0,0.07887076560240952
130,0,0.08788554440728354
215,1,0.5908101964042558
136,0,0.09786037574443603
78,0,0.02666402478931591
154,1,0.5352179765596818
126,1,0.48573934461162277
215,1,0.2638364101648962
51,0,0.07180898920304113
21,0,0.009774449392859675
27,0,0.005660218423191776
133,0,0.3580021295418356
161,0,0.06420632553234464
192,0,0.2081098892374974
24,0,0.03442695397871628
195,0,0.006870778971613106
150,1,0.44145619497943334
83,1,0.46073099415204677
19,0,0.03436600898720396
96,0,0.0030075187969924814
155,0,0.5223019317846904
24,0,0.0030075187969924814
140,1,0.46154884742502694
47,0,0.057381345100643334
44,0,0.3543621955227696
3,0,0.034066611618436306
85,0,0.11187403213867984
128,0,0.19859055172829318
52,1,0.6798069387509043
175,1,0.7333991482771971
39,0,0.19496973968518683
89,0,0.009947384967167659
52,1,0.7288944958415101
55,0,0.0030075187969924814
20,0,0.1740667038305239
201,0,0.03385024338502776
21,0,0.16787963404062842
198,0,0.04014103922420415
82,1,0.5441901497842091
140,1,0.31774238192969645
0,0,0.001725143137110421
142,0,0.3710749455682352
189,0,0.032792983411731924
119,0,0.17198517555892476
177,0,0.006870778971613106
156,0,0.005083507829503253
23,1,0.6982072829131654
130,0,0.10092487340330887
141,1,0.6094580230844281
177,0,0.2764776352791334
111,0,0.13730250497666044
132,0,0.02566137262564502
132,1,0.6833302275097507
31,0,0.020019689984668913
76,0,0.0
147,0,0.14849060372368306
165,0,0.03490471678778058
4,0,0.002626044038011322
1,0,0.2547329387217028
103,0,0.18100719327567835
33,0,0.37887853016747214
59,0,0.008356181697480071
115,0,0.6976764138890258
96,1,0.4533126143019192
63,0,0.3792145881254792
220,1,0.1908320836304028
54,0,0.045490066388214456
165,1,0.6168894396742498
28,1,0.40001495236789353
130,0,0.145655143049195
90,1,0.47887345284840405
12,0,0.5883223293709228
230,1,0.26025021677195587
84,0,0.1549066830021419
230,0,0.02566137262564502
123,0,0.012926198680651294
71,0,0.015024201786129213
161,1,0.584952084952085
121,0,0.053920014440848735
3,0,0.002626044038011322
167,0,0.07180898920304113
23,0,0.0888327747902216
4,0,0.2517278779213192
120,0,0.26779300709119525
31,0,0.2840304232443447
227,1,0.20849738769359819
115,0,0.0
13,0,0.21076536477973531
129,0,0.6030984918113748
18,0,0.005494942886607602
170,0,0.002626044038011322
78,1,0.6409498048178708
84,0,0.24511435855129773
82,0,0.010556093012233363
147,1,0.473385078070035
21,0,0.020373228950139516
114,0,0.1235687739951538
33,0,0.3794364568188706
194,0,0.00303747909511567
13,0,0.06827173904190277
131,1,0.738883019244939
78,0,0.016759230414610984
174,0,0.5308404675918287
58,0,0.028057639122272198
186,0,0.22323732135966545
42,0,0.015600912379817733
99,0,0.03136992125604606
90,0,0.010308728376174097
201,0,0.07274605603974728
29,1,0.5481511952100188
108,0,0.00055005500550055
51,0,0.07887076560240952
99,0,0.021891708218994128
33,0,0.09079859934506762
167,0,0.09079859934506762
6,0,0.013502909274339815
191,0,0.006093938550078902
138,0,0.07385827465116795
121,1,0.459212704487232
71,1,0.3970021095655613
93,1,0.17588731350199238
29,0,0.0009009009009009009
10,0,0.24927882709791013
21,0,0.009370674373479137
162,1,0.5738763339267965
54,0,0.4994461368042093
53,0,0.00303747909511567
162,1,0.5008443774826133
2,1,0.5007733229463297
2,0,0.06653426392831585
155,0,0.031176595745057784
111,1,0.7334674329501917
214,0,0.047234530528221776
66,0,0.04359976758769193
158,0,0.5977337852591402
18,1,0.7206405275875419
137,0,0.0011750881316098707
62,0,0.02018878744291491
205,1,0.43515792200002723
20,0,0.005660218423191776
30,1,0.49974679327003163
36,0,0.05489536430993506
42,1,0.5977337852591402
40,0,0.1168936649599633
28,1,0.4356931878941976
173,0,0.4463863052971964
108,0,0.17307347460389785
200,0,0.16097845135645825
43,1,0.46073099415204677
120,1,0.6313275941003798
53,1,0.27625929164182644
62,0,0.09232980910391415
7,0,0.06681828359238866
126,0,0.048412744989360344
173,0,0.2975378575815257
80,0,0.19168532188709275
16,0,0.225733320450491
138,0,0.10753988777296712
109,0,0.06057674387043511
64,0,0.0
186,0,0.08016049693460199
72,1,0.8247878321941956
70,1,0.7656294806268032
27,0,0.10223045394549353
14,1,0.5098179877086864
176,0,0.047234530528221776
141,1,0.616943944034591
77,0,0.004413315180121173
75,0,0.007620556333163345
7,0,0.021314997625305605
8,0,0.11970919994227928
49,0,0.10184914661311839
168,0,0.3609872960476124
148,0,0.10487989516827252
227,0,0.15399343171125532
107,0,0.0059176355570841254
120,0,0.0949545597185315
108,0,0.28816078755997043
97,1,0.4521485019038594
129,0,0.02580567072131701
157,0,0.0018623909635057995
151,0,0.2279300183080252
86,0,0.04229466761842268
168,0,0.0
92,0,0.05476999872878569
60,0,0.020373228950139516
204,1,0.7093469655595775
27,1,0.6809683372183372
29,0,0.006994839450979802
11,0,0.05426848930234036
70,0,0.03868066908289416
10,0,0.3082017071224211
157,1,0.6144224106434177
56,0,0.03171771064118664
150,1,0.6848320448825075
79,0,0.020365090435909686
94,0,0.03653799118832352
122,1,0.7089699759169902
96,0,0.08193526326128237
70,0,0.001450955906401451
50,0,0.045490066388214456
167,0,0.5598549973803523
9,1,0.477759706351534
40,0,0.11318326378424853
143,0,0.08322818720764806
145,0,0.021891708218994128
159,0,0.005494942886607602
174,0,0.09582519224136926
12,0,0.021891708218994128
135,0,0.04229466761842268
54,0,0.010432534993513556
26,1,0.4247675695951558
179,1,0.49005769442145186
33,0,0.04783358791056667
110,0,0.04783358791056667
71,1,0.6547649002370085
40,0,0.5839929284148351
155,0,0.269387482939923
59,0,0.012808623778040129
71,0,0.159338535860275
53,0,0.06237478704156624
218,0,0.011282005994955685
109,0,0.07148081477176742
4,0,0.496164654059391
80,0,0.23036919205270215
99,0,0.11933757069323257
10,0,0.036406981947260456
32,0,0.007447489565301627
39,0,0.08839947378216752
12,0,0.16459522472828264
79,0,0.3634640688990685
159,1,0.4447890831875045
8,0,0.04187606785268593
93,0,0.15765613436646916
199,0,0.07359604032768424
7,0,0.5883223293709228
86,0,0.26580889720740924
115,0,0.20567493702535464
86,0,0.0
65,1,0.3824509432030972
34,0,0.10582940150841386
156,0,0.4928940986359612
85,0,0.06653426392831585
200,1,0.707987056343366
162,0,0.270450921496644
227,0,0.020373228950139516
2,0,0.06507381945238135
208,0,0.05921789165919
97,0,0.2102598061502171
60,0,0.01903046940812166
103,1,0.3190546865730022
53,0,0.16512797188038822
124,0,0.07036974214738069
192,0,0.007229971515089376
108,1,0.6965025965530591
77,0,0.18687069585945992
155,1,0.5883223293709228
144,0,0.1549066830021419
214,1,0.5935066378979624
179,0,0.04436204864339421
39,1,0.44315207103896626
152,0,0.01903046940812166
140,0,0.18496431872200703
34,1,0.3609872960476124
45,0,0.02843919073473809
42,0,0.38374680164645686
55,0,0.398725012361376
123,0,0.015600912379817733
43,0,0.02019228672021955
98,0,0.42964764385583254
24,0,0.030460574648732506
42,0,0.18100719327567835
65,0,0.014661227309133065
126,0,0.002626044038011322
157,1,0.31695020379230904
82,0,0.0514475864460952
5,1,0.5337549161078573
138,0,0.13608782836006159
119,0,0.2059290230042076
23,0,0.23499004022764747
181,0,0.0047593175222908745
204,0,0.46076352067868503
38,0,0.002626044038011322
145,0,0.012739673568945264
64,0,0.02927537116117355
171,1,0.7558101964042558
47,0,0.15440647919968598
185,0,0.6385603416779005
97,0,0.20972139052020508
186,1,0.6409498048178708
82,1,0.6324221367829442
12,0,0.009947384967167659
99,0,0.00055005500550055
126,0,0.006870778971613106
110,0,0.008356181697480071
1,0,0.07887076560240952
167,0,0.43068853928109135
81,1,0.6952012024321924
129,1,0.5333016303145106
92,0,0.008778874367956595
108,0,0.10748497987903181
171,0,0.19435037810103287
27,0,0.13500382156922883
196,0,0.4136675602197761
29,0,0.02472903946200447
76,0,0.20418380553313087
34,0,0.5007733229463297
160,1,0.5985345357655257
43,0,0.03523289121905429
38,0,0.07855028344801049
106,0,0.01763554815798685
4,0,0.1908320836304028
24,0,0.07274605603974728
9,0,0.09786037574443603
24,0,0.058459691083804555
178,1,0.45525057444562095
52,1,0.23566595441595442
142,0,0.0
2,0,0.011467046410967347
0,0,0.04721376612322045
106,0,0.008932892291168594
26,0,0.02313135725647314
156,0,0.07359604032768424
207,0,0.01221980613562341
55,0,0.013705208861490376
185,1,0.47124404665137315
14,0,0.08990311165362053
148,1,0.5465813152978929
36,0,0.001725143137110421
17,0,0.01771350997450408
63,0,0.08576535249699642
73,0,0.040717749817892675
101,0,0.05319205058610251
208,0,0.27002411591452685
44,0,0.021891708218994128
94,0,0.011467046410967347
160,0,0.24735973643615108
49,0,0.008356181697480071
27,0,0.036069322711036515
108,0,0.08228988361316411
32,0,0.417307494238842
158,0,0.0036364747585869695
132,1,0.6047776433805846
217,1,0.39640151515151517
14,0,0.12111121288531794
58,1,0.49412387984647355
4,0,0.08491365059266294
150,1,0.5553407362093951
35,0,0.0
84,0,0.00055005500550055
211,0,0.06801765688125909
216,0,0.0664552602005709
176,0,0.2455033120728981
144,0,0.3478693240731315
158,0,0.0
71,0,0.0823805060918463
186,0,0.004182606928602352
54,0,0.13868326520500432
220,0,0.18210549118336516
145,0,0.16623312275486188
140,1,0.6144224106434177
168,0,0.22260629337645713
41,0,0.06051339248079799
77,1,0.5889749794822623
103,0,0.11619211438052017
127,0,0.02566137262564502
128,0,0.040717749817892675
114,0,0.324570398975956
199,1,0.6664354519075602
22,0,0.009732017782485575
98,0,0.00303747909511567
209,0,0.09884974650809353
3,1,0.7089699759169902
10,1,0.5883223293709228
228,0,0.07097915842605704
17,1,0.6547649002370085
51,0,0.12048973709496184
117,0,0.3234036269123988
59,0,0.14489465724033626
82,0,0.008195586241869265
70,0,0.04928114714819198
128,0,0.18160528738090928
201,1,0.4544405288460858
86,0,0.05559429397600022
165,0,0.3803503656598722
37,0,0.00055005500550055
108,1,0.554652295700889
198,1,0.6969538912240884
113,0,0.0068185364579850275
41,1,0.553700227773323
59,0,0.20660718388851673
175,0,0.041750702271536565
67,0,0.001450955906401451
114,0,0.049636773918119485
55,0,0.1831676598779947
33,0,0.039437901334392525
205,0,0.0
124,0,0.1719280719280719
17,0,0.002626044038011322
133,0,0.004485130291581905
101,0,0.011276098232619972
138,0,0.09714386642000107
116,1,0.30706201429092994
148,0,0.6385603416779005
2,0,0.001450955906401451
111,1,0.5716337039866453
121,0,0.001725143137110421
56,0,0.002626044038011322
148,0,0.03262154484719665
121,0,0.03883087442226597
48,0,0.05428594803125872
133,0,0.15419017367770693
11,1,0.580227621947776
179,1,0.6798069387509043
84,1,0.5424066657453586
172,1,0.5624475853078094
101,0,0.2877222375830031
118,0,0.05489536430993506
123,0,0.13221727067814956
94,0,0.03161889268352576
144,0,0.05428594803125872
103,0,0.14880913918714608
143,1,0.6704025152805642
205,0,0.09936809676214868
9,1,0.6409498048178708
182,0,0.005083507829503253
76,0,0.24707678442215938
51,0,0.012808623778040129
198,0,0.032792983411731924
110,0,0.05622483334032613
71,0,0.002626044038011322
152,1,0.5942241909379394
177,0,0.015600912379817733
195,0,0.1474446631081225
111,0,0.004413315180121173
232,0,0.15341231924943435
3,1,0.5297878527348533
111,1,0.4724110550337954
88,0,0.02727251768318634
4,0,0.29895806337048025
228,0,0.0325986676214877
135,0,0.0
116,1,0.5553407362093951
79,0,0.5539160991214515
13,1,0.5854078808548941
187,0,0.06057674387043511
46,1,0.26628464010958325
91,0,0.10215142755067765
122,0,0.02666402478931591
159,0,0.08882985015586926
115,0,0.005083507829503253
160,1,0.5737411473357737
218,0,0.001725143137110421
110,0,0.08356123080368673
84,0,0.007944746640375722
72,0,0.012808623778040129
207,1,0.7217285966066455
146,1,0.6291416135419685
107,0,0.0057381224503773335
59,0,0.29595941980405965
80,1,0.24609848081582353
34,0,0.002626044038011322
136,0,0.5539294808165379
99,0,0.1306423475853901
144,0,0.08322818720764806
53,0,0.00055005500550055
22,0,0.00055005500550055
196,0,0.03884573158356746
154,0,0.005494942886607602
78,0,0.02955568962377027
207,0,0.40935721539218983
67,0,0.25061431547019125
138,0,0.006870778971613106
69,0,0.00055005500550055
156,0,0.0486150445765109
141,0,0.10092487340330887
114,0,0.11186904296534265
142,0,0.011858716588644208
96,0,0.004413315180121173
171,0,0.003908419697893383
13,0,0.24689153614579148
220,1,0.7416531165311654
211,0,0.3565142485097921
180,0,0.012739673568945264
97,0,0.3659691297197845
100,0,0.007607496078286892
8,0,0.04014103922420415
33,0,0.36164042168408983
147,0,0.007944746640375722
25,0,0.013897991603738516
34,0,0.010091210325961846
201,0,0.04094373468904538
193,1,0.48713025793234604
130,0,0.005083507829503253
217,0,0.041756395486234194
159,0,0.07446975577475329
118,0,0.5397623449347587
159,0,0.01407839278282499
220,0,0.2316882875561511
43,0,0.002626044038011322
12,0,0.007447489565301627
57,0,0.006994839450979802
173,0,0.05700619462087352
131,0,0.018453758814433136
183,0,0.07036974214738069
69,1,0.3077993167880808
153,0,0.030460574648732506
36,0,0.15399343171125532
109,1,0.3642476611226611
184,0,0.0
12,0,0.18060512445499546
137,0,0.02305002625378738
103,0,0.21375303573149007
90,0,0.07747227318669649
167,0,0.009947384967167659
21,1,0.5390180320412599
131,0,0.02305002625378738
136,0,0.012231913184351606
71,0,0.006071653480296125
5,0,0.023926343997163247
93,0,0.002626044038011322
138,0,0.014843259556209248
2,0,0.17198517555892476
92,0,0.0658514691451604
145,0,0.020339068654695536
115,0,0.14464966230039647
45,0,0.11008199184069956
126,0,0.14160900827567494
210,0,0.009370674373479137
219,0,0.3286155263238026
2,1,0.5979020979020979
115,0,0.0
3,0,0.4282506307821699
186,0,0.29198650202098864
32,1,0.553700227773323
135,0,0.12412234803573698
28,0,0.42161286780852
119,1,0.6474384015820479
85,0,0.001725143137110421
19,0,0.005695690840003234
67,0,0.15998611650785563
1,0,0.00055005500550055
22,0,0.0030075187969924814
206,0,0.010432534993513556
22,0,0.1564492311170075
125,1,0.6704025152805642
123,0,0.05319205058610251
27,1,0.406678658105674
132,1,0.6976764138890258
61,1,0.38015905797814104
213,1,0.7471369874989072
52,0,0.017692391318353522
209,1,0.6276050681991276
2,0,0.269387482939923
165,0,0.6409498048178708
130,0,0.0
59,0,0.3486416170352668
149,0,0.5297878527348533
144,1,0.017839173252829507
74,0,0.11933757069323257
116,0,0.016759230414610984
125,1,0.6207515851123925
50,0,0.11303816955990868
66,0,0.17022438505593976
173,1,0.6551418898795957
17,0,0.5190722242099755
92,1,0.620911007407595
145,0,0.1687496234949661
113,0,0.19526268312543427
91,0,0.44725352053505407
177,1,0.6382119982624608
116,0,0.00055005500550055
23,0,0.021891708218994128
16,0,0.3389124936542541
43,1,0.5530677899098951
191,0,0.05476999872878569
39,0,0.33239232944271097
215,0,0.05111941201482149
203,0,0.01104471800401354
74,1,0.7340871376158611
20,1,0.553031629318394
139,0,0.015600912379817733
38,0,0.47104634030282017
45,1,0.3947632019921177
104,0,0.001725143137110421
172,1,0.4808034579201627
231,0,0.3287340394717271
144,0,0.03058047113044279
83,0,0.4928940986359612
95,0,0.009370674373479137
76,0,0.021891708218994128
21,0,0.010340845640823439
28,0,0.2584473042781736
183,0,0.06025382698547091
83,0,0.02313135725647314
196,0,0.005083507829503253
16,0,0.0
166,0,0.0
68,0,0.48088125479214594
193,1,0.5741315384923459
137,0,0.022984575321997158
210,0,0.020019689984668913
108,0,0.047234530528221776
121,0,0.145655143049195
65,0,0.17276673633130277
32,0,0.21602003617813892
223,0,0.008356181697480071
107,0,0.5337549161078573
213,0,0.012162962975256743
13,1,0.4690169365848669
32,0,0.24735973643615108
90,0,0.2929769089814067
163,0,0.009947384967167659
213,1,0.6409498048178708
49,0,0.15698968048777587
138,0,0.07811388031463179
208,0,0.004413315180121173
179,0,0.24689153614579148
138,0,0.012566737994637278
85,1,0.6965025965530591
68,0,0.001725143137110421
126,1,0.553700227773323
13,1,0.6818101438791094
58,1,0.6848320448825075
85,0,0.00055005500550055
89,1,0.4521485019038594
89,0,0.30265550981497646
173,0,0.07845858115768821
176,1,0.6282375060625555
183,0,0.0
40,0,0.03442695397871628
173,0,0.07263005205794658
27,1,0.41139700027168064
121,0,0.00055005500550055
140,0,0.08164568051739511
5,0,0.1513375926959587
57,0,0.06601503768828834
86,0,0.029791785583889993
160,0,0.16719658876333884
110,0,0.09714386642000107
6,0,0.1157204290735969
212,0,0.016759230414610984
138,0,0.03933890256333756
54,0,0.012231913184351606
78,0,0.08967983444380623
158,1,0.4782576098365572
78,1,0.4443705482815114
15,0,0.05373704627514181
106,0,0.04744827637175237
119,0,0.08891892836749676
108,0,0.012808623778040129
142,0,0.03304810672416116
33,0,0.33239232944271097
123,0,0.07359604032768424
141,0,0.15941607885937284
61,0,0.013897991603738516
31,0,0.010641670463467345
124,1,0.5682498656028069
50,0,0.15024294629557788
208,0,0.08967983444380623
5,1,0.6090990503015202
109,0,0.0069132105819872045
37,0,0.007944746640375722
41,0,0.06455224783571702
217,0,0.047234530528221776
13,1,0.3138267808357667
95,0,0.033487268908031616
83,0,0.02305002625378738
98,0,0.007447489565301627
130,1,0.48886636904345715
133,0,0.08827056117671657
161,0,0.005660218423191776
210,0,0.048910421156746826
6,0,0.011132803605921886
68,1,0.55638630144559
54,0,0.004182606928602352
184,0,0.010091210325961846
0,0,0.15356937267078472
218,0,0.3082017071224211
178,0,0.049636773918119485
10,0,0.2878366437111812
109,1,0.4400024067963433
31,0,0.01763554815798685
22,1,0.398869636698584
23,0,0.006071653480296125
193,1,0.4955226608187134
32,1,0.5883223293709228
161,0,0.26864219469036055
23,0,0.039199270549038066
126,0,0.005494942886607602
104,0,0.03304810672416116
35,0,0.012926198680651294
205,0,0.12679352556062082
107,0,0.04494838096988635
131,0,0.005083507829503253
218,0,0.23072236827944592
110,0,0.0477082223294173
83,1,0.5297878527348533
60,0,0.00055005500550055
70,1,0.5809850215790809
87,0,0.017352166565497644
218,0,0.005083507829503253
129,0,0.0
27,0,0.00055005500550055
180,0,0.010308728376174097
47,0,0.09786037574443603
132,1,0.3942768016297428
166,0,0.161146596040648
13,0,0.015024201786129213
139,0,0.442685522640667
199,0,0.09786037574443603
217,0,0.04667526987577342
222,0,0.03545990643236017
147,0,0.22111834265626365
204,0,0.17367606102174005
118,0,0.007043845739474822
139,1,0.5386521108251175
100,1,0.6179965588915665
9,1,0.3972094370242738
148,0,0.005083507829503253
121,0,0.31075029060433396
33,0,0.009370674373479137
136,1,0.37983401162433084
45,0,0.019325404488369224
63,0,0.03593893380597863
110,0,0.0030075187969924814
120,0,0.0477082223294173
216,0,0.006870778971613106
17,1,0.30921442892821266
17,0,0.026855849365024637
46,0,0.19031342917844526
44,0,0.11944245164749957
142,0,0.2167444801821444
105,0,0.009732017782485575
147,0,0.006994839450979802
140,0,0.498820138249272
58,0,0.034564102154211775
92,0,0.016759230414610984
200,1,0.5044445381616435
51,0,0.06693931089809788
123,0,0.001725143137110421
48,1,0.17361723396811116
90,0,0.004413315180121173
137,1,0.4859632495499238
124,0,0.001725143137110421
94,0,0.007447489565301627
75,0,0.09156324254731003
202,1,0.554652295700889
16,0,0.39090805462093164
213,0,0.015024201786129213
92,0,0.10688239346118959
140,0,0.011467046410967347
228,0,0.00055005500550055
102,0,0.0
218,1,0.3305482736214738
183,0,0.012231913184351606
193,0,0.005494942886607602
13,0,0.02305002625378738
42,0,0.05031956870127494
75,0,0.3398281553958668
190,0,0.012926198680651294
100,0,0.00055005500550055
178,0,0.041750702271536565
231,0,0.4221749177208391
46,0,0.1750496732177976
183,0,0.006071653480296125
106,0,0.14975231194639496
128,0,0.40583546306437873
215,1,0.3532317181226039
68,0,0.20928284054323773
33,0,0.012231913184351606
109,0,0.09786037574443603
184,0,0.05641726698368551
74,0,0.37266670435942784
111,0,0.1531591339600262
30,0,0.1327253450710241
15,0,0.08882985015586926
18,0,0.155949396455995
64,0,0.010308728376174097
109,0,0.004586381947982891
75,0,0.027903673826794928
81,0,0.041750702271536565
55,0,0.18666076689384625
141,0,0.009370674373479137
13,0,0.1264947893622453
64,0,0.0
195,1,0.2694785383337705
41,0,0.0
106,1,0.6848320448825075
49,0,0.09882814318298189
103,0,0.30123050682261204
201,0,0.005660218423191776
221,0,0.2303982244306566
18,0,0.007447489565301627
40,0,0.24545305694730982
205,0,0.004948810716592218
201,0,0.07566212737716695
179,0,0.242985646429316
146,0,0.011282005994955685
133,0,0.006870778971613106
223,0,0.004413315180121173
5,0,0.03161889268352576
48,0,0.008932892291168594
216,1,0.15404468471770436
230,0,0.07887076560240952
66,0,0.006870778971613106
1,0,0.008521457234064245
202,0,0.03523289121905429
167,0,0.00055005500550055
208,0,0.17307347460389785
144,0,0.09356943924845158
110,0,0.07274605603974728
47,0,0.29242136073043135
9,0,0.5308404675918287
46,0,0.19152263537515601
6,1,0.6576722128446266
25,0,0.010556093012233363
50,1,0.3828727204361722
107,0,0.16843702071835354
4,0,0.059560673305984
130,0,0.08016049693460199
35,0,0.26341832963784184
12,1,0.5054310874896637
136,0,0.00303747909511567
32,0,0.041750702271536565
68,0,0.009370674373479137
210,0,0.0047425474254742545
152,0,0.1683679704779449
9,0,0.010967528069337712
61,0,0.1036254058261573
68,0,0.012926198680651294
83,0,0.29125478671297533
128,0,0.00055005500550055
86,1,0.49054973159832493
209,0,0.1128146130476924
1,0,0.5815508526085822
118,0,0.018212258751675373
172,0,0.5088695429576194
101,0,0.03759122538478695
74,0,0.006870778971613106
182,0,0.005494942886607602
3,1,0.6547649002370085
9,1,0.6324221367829442
139,1,0.7093469655595775
112,1,0.5345596432552954
128,0,0.015996295022941205
10,0,0.3682379349046016
127,0,0.0
29,0,0.002626044038011322
165,0,0.05702350801663563
143,0,0.09950573384655599
77,0,0.15163606003639543
207,0,0.004182606928602352
212,0,0.04826507658374086
65,0,0.006071653480296125
101,0,0.26831378891831686
39,0,0.0
93,0,0.001450955906401451
65,0,0.04702542754626184
102,0,0.24685218658063737
46,0,0.03442695397871628
28,0,0.18272867194371153
89,0,0.018275225844661597
96,0,0.5007733229463297
189,0,0.005494942886607602
160,1,0.6409498048178708
48,0,0.001450955906401451
70,1,0.5233978144595204
102,0,0.04354874544266769
74,1,0.5783812147448512
131,0,0.1575030746800337
62,0,0.002626044038011322
36,0,0.008605807600094878
97,0,0.03523289121905429
6,0,0.024987989466002395
82,0,0.010308728376174097
27,1,0.6031582223532689
167,0,0.6116162052641181
119,0,0.40935721539218983
208,0,0.004182606928602352
225,0,0.00055005500550055
201,1,0.33907064273306314
211,0,0.4757709163386277
78,0,0.010308728376174097
31,0,0.06827173904190277
17,0,0.04436204864339421
169,0,0.022117693090146832
198,1,0.4405683787135577
15,0,0.006994839450979802
78,0,0.09624557780674392
217,1,0.10092487340330887
22,0,0.2285312790141747
69,0,0.26693245570824214
62,0,0.20627316279490193
22,0,0.009370674373479137
62,0,0.09884974650809353
204,0,0.001725143137110421
55,1,0.4735435778180485
190,1,0.4405683787135577
25,0,0.10642987316151709
185,0,0.5352682724412792
142,1,0.41313100601638153
189,1,0.7089699759169902
178,0,0.269387482939923
186,0,0.1231844607991397
21,0,0.02019228672021955
78,0,0.025519212475734212
82,0,0.19854911744278514
103,0,0.019370576786468627
57,1,0.09607494519775223
48,0,0.04702542754626184
41,0,0.04359976758769193
86,0,0.11697657873528644
137,1,0.7144932844932845
33,0,0.012739673568945264
116,0,0.05298294760414258
167,0,0.5736396374730409
213,1,0.4955443307593199
128,0,0.0528638761548288
217,0,0.07097915842605704
138,0,0.6144224106434177
113,0,0.1864540941953455
72,0,0.00055005500550055
213,1,0.773989769820972
180,0,0.08576535249699642
220,1,0.6895169082125604
26,0,0.018212258751675373
48,0,0.03825269784683357
110,1,0.41637558900071675
222,0,0.09884974650809353
167,0,0.015600912379817733
103,1,0.46828186593086985
113,0,0.18495167229937615
125,0,0.004586381947982891
3,0,0.01396694181283338
200,1,0.7416531165311654
74,1,0.4945417332511112
87,0,0.031634665376938674
87,0,0.44351691658898557
73,1,0.2061068561068561
31,0,0.24584730932092014
57,0,0.3592557255148294
156,1,0.38255742237225904
16,1,0.3847077334714646
168,0,0.05065488529675414
155,1,0.3615758620060902
222,0,0.3794364568188706
187,0,0.0658514691451604
169,0,0.00055005500550055
54,0,0.05489536430993506
10,0,0.03058047113044279
156,0,0.3680337583428697
94,0,0.5802610441767069
133,1,0.4032925748715222
140,0,0.031634665376938674
206,0,0.049385303256320866
36,0,0.08484107928718689
117,0,0.02305002625378738
2,0,0.2949742505663558
96,0,0.1549066830021419
36,0,0.008195586241869265
2,1,0.34450026042482823
106,0,0.02964813796680224
109,0,0.028347903472128646
119,0,0.12907160198272605
202,0,0.09523666398197467
133,1,0.7227935755878967
218,0,0.16072779559155215
163,0,0.03759122538478695
146,0,0.16985373054213634
67,0,0.008605807600094878
28,0,0.6848320448825075
57,0,0.014651005190421812
108,0,0.052644786703358454
159,0,0.36515151515151517
76,0,0.001725143137110421
155,0,0.006870778971613106
83,0,0.09079859934506762
71,0,0.3197180446334335
101,1,0.6203926123294846
107,0,0.21076536477973531
133,1,0.7093469655595775
72,0,0.5677820791237843
45,1,0.7206405275875419
9,0,0.007944746640375722
218,0,0.00055005500550055
77,0,0.23092494118515763
83,1,0.41246185386838746
8,0,0.10642987316151709
189,1,0.6138351086048455
230,0,0.0047593175222908745
55,0,0.11194167156764094
63,1,0.7206405275875419
69,0,0.013897991603738516
69,1,0.3041521647198761
44,0,0.17367606102174005
154,1,0.5843552659979188
193,0,0.4173976608187134
63,0,0.02694434325191263
91,0,0.253053073425128
58,0,0.004182606928602352
161,0,0.269387482939923
16,0,0.1005784354164367
214,0,0.07666053798655709
16,1,0.7089699759169902
167,1,0.6746894201615284
134,0,0.07855028344801049
49,0,0.388874171790024
17,0,0.03545990643236017
60,0,0.44835590685827337
115,1,0.6250619299399788
188,0,0.022117693090146832
84,0,0.0
19,0,0.010308728376174097
109,0,0.26796915116325
140,0,0.16097845135645825
63,0,0.3843174290328762
22,1,0.37799831856603
69,0,0.016825509086503196
148,0,0.008932892291168594
83,0,0.048910421156746826
41,0,0.1833849116664589
41,0,0.01110570300196091
11,0,0.2920325824105893
160,1,0.4443705482815114
131,0,0.17369626036292704
73,0,0.015024201786129213
81,0,0.015600912379817733
37,0,0.07180898920304113
96,0,0.21506965472879566
177,0,0.1433397116156404
75,1,0.6280680104209516
105,0,0.3075057076199988
155,0,0.24719827441838657
71,0,0.01221980613562341
140,0,0.03825269784683357
221,0,0.04783358791056667
65,0,0.01221980613562341
51,0,0.2753486490599893
0,0,0.2516764207616116
87,0,0.016759230414610984
107,0,0.0339117759174682
115,0,0.035585272013509535
185,1,0.6002685415102267
137,0,0.24837466809011524
104,0,0.025818133069521937
96,0,0.02088657221651924
142,0,0.0069132105819872045
79,0,0.5092978966313196
116,0,0.5337549161078573
177,0,0.4750633282085072
46,0,0.03999716198684088
59,0,0.029134769975072642
51,1,0.6818101438791094
30,0,0.08484107928718689
85,0,0.021891708218994128
179,0,0.0069132105819872045
199,0,0.016759230414610984
87,0,0.19168532188709275
138,1,0.6094580230844281
126,0,0.47458169383817356
19,0,0.03545990643236017
204,0,0.012808623778040129
105,0,0.00055005500550055
111,0,0.0510791903193231
5,1,0.46174759187124453
120,0,0.013964270275630726
83,0,0.1168232860856689
41,0,0.009679775268857497
156,0,0.004182606928602352
157,1,0.6048001999259268
10,0,0.011467046410967347
115,1,0.6965025965530591
93,0,0.05236737487655014
208,1,0.6374136008918617
203,0,0.008605807600094878
207,1,0.4492922557888434
63,0,0.008521457234064245
169,0,0.09786037574443603
52,0,0.4107410344523747
134,0,0.12138251611935823
189,1,0.6513256733818662
83,0,0.07811388031463179
218,0,0.6312464985994398
93,0,0.3794364568188706
181,0,0.1909899220862218
63,1,0.5726299175079663
139,0,0.2452118268179039
61,1,0.5172673181346717
35,0,0.05012170879327011
48,0,0.07835046060726995
145,0,0.045490066388214456
74,0,0.010064959869778824
129,0,0.07633762110159288
216,0,0.008356181697480071
168,1,0.37418414918414916
24,0,0.07354548256494375
127,0,0.001725143137110421
92,1,0.5118309663046506
216,1,0.6008567984707128
67,1,0.2777635349924506
17,0,0.05298294760414258
42,1,0.5689340599198116
232,1,0.30940999615442877
217,0,0.13347753936679782
121,0,0.0783754016663543
12,0,0.060780951009226085
109,0,0.0
10,0,0.18731718040192466
75,0,0.018997491287622757
147,0,0.004413315180121173
151,1,0.6693427645151783
65,1,0.5503419508733028
90,1,0.5007733229463297
31,1,0.6583046507080544
111,0,0.25381585404653123
71,1,0.5563152469093063
90,1,0.6237576655933654
28,0,0.14726791855122734
21,0,0.010308728376174097
29,0,0.12111121288531794
74,0,0.012808623778040129
48,0,0.0018623909635057995
47,0,0.17159306353610607
75,0,0.040717749817892675
109,0,0.48721282910123703
154,0,0.23624100761862254
175,0,0.001725143137110421
122,0,0.07359604032768424
59,1,0.620911007407595
125,0,0.2659125485855232
116,0,0.610520322589288
212,0,0.3632713301548311
80,0,0.36788196363496
156,0,0.6385603416779005
48,0,0.08656477902219288
70,0,0.0
29,0,0.19152263537515601
201,0,0.0030075187969924814
106,0,0.3452359855868628
200,0,0.021167785900750913
91,0,0.14904417776426623
186,0,0.030167722428716532
174,1,0.5344319716629616
45,0,0.33299509555217316
123,0,0.09508567531875466
11,0,0.004182606928602352
8,0,0.027306483617844064
150,1,0.45797834896410067
63,1,0.6677742763772175
227,0,0.012231913184351606
89,1,0.54472661754725
115,0,0.06204661261029253
93,0,0.17719325222678808
117,0,0.002626044038011322
30,0,0.004413315180121173
16,0,0.07855028344801049
17,0,0.09714386642000107
62,1,0.5061028221332873
105,0,0.0047593175222908745
120,0,0.2618354870333145
211,0,0.0
51,0,0.018212258751675373
84,0,0.003908419697893383
139,0,0.02464505800703025
74,1,0.1306423475853901
2,0,0.3459874315036102
77,0,0.04015198972385206
88,0,0.013502909274339815
150,0,0.2445900957136912
86,0,0.16555917790485694
225,0,0.03565155068540174
31,1,0.6291416135419685
116,0,0.2060904850219721
195,1,0.6574051188275326
67,1,0.5981610981610982
60,0,0.13546692584493272
183,0,0.18806896967504672
174,0,0.010308728376174097
148,0,0.08315340153510778
77,0,0.16880071356468537
124,0,0.06420632553234464
18,1,0.5097662548255434
65,0,0.012739673568945264
140,0,0.05972424184911194
30,0,0.005083507829503253
129,0,0.4156565656565656
108,0,0.02094180102959821
40,0,0.04038055940122869
193,0,0.06740797937538488
124,1,0.5981610981610982
97,0,0.005494942886607602
61,0,0.004413315180121173
175,0,0.36609991315873663
64,0,0.1429192372548202
215,0,0.24123479592670502
156,0,0.15117450584228223
211,0,0.02300569397814772
62,0,0.113944169860558
132,0,0.028408488929323225
108,0,0.0011750881316098707
92,0,0.062300443605441104
57,0,0.05559429397600022
171,0,0.39090805462093164
116,0,0.020373228950139516
215,1,0.5928502415458937
13,0,0.377867365450514
141,0,0.06653426392831585
8,0,0.09517811623074779
192,1,0.5246856979847994
33,0,0.113944169860558
33,0,0.22811823152574404
217,0,0.26693245570824214
14,0,0.012162962975256743
102,1,0.738883019244939
24,0,0.008521457234064245
114,0,0.002626044038011322
205,0,0.050759731057336784
217,1,0.5756715657563999
165,0,0.3408006759842879
201,0,0.23520838386495443
118,0,0.014661227309133065
192,1,0.548015933553691
147,0,0.41934137706974967
42,1,0.5981610981610982
73,0,0.019370576786468627
86,0,0.12907160198272605
178,0,0.24719827441838657
103,0,0.006870778971613106
206,0,0.11402466905327491
109,1,0.6225532118429234
131,0,0.13240680960756107
8,1,0.5423601739391213
74,0,0.49137515640121315
82,1,0.7089699759169902
107,0,0.11242043855302226
30,0,0.269387482939923
5,0,0.012808623778040129
105,0,0.13180422318971888
105,0,0.2792182036783478
66,0,0.013897991603738516
11,1,0.415248155522755
103,0,0.00055005500550055
189,0,0.05559429397600022
47,1,0.42788416648710764
223,0,0.015600912379817733
191,0,0.21403598774548172
112,0,0.24956364107352277
41,0,0.09936809676214868
144,1,0.46828186593086985
203,0,0.13118412443510538
206,1,0.4343593378681098
74,0,0.00055005500550055
227,1,0.477336016809701
30,1,0.7505689304108277
49,0,0.09699837745999851
31,0,0.21142730479114916
3,0,0.02149738668948879
60,0,0.24820532874071896
127,0,0.019325404488369224
211,0,0.1036254058261573
92,0,0.016464165677496756
220,1,0.6600014568764568
2,1,0.3151788974078131
39,0,0.007944746640375722
196,1,0.6587319636100124
25,0,0.25292114610714983
140,0,0.13932159584333495
66,0,0.23160711942096324
114,0,0.21833966759924262
104,0,0.00055005500550055
177,0,0.0068185364579850275
108,0,0.008356181697480071
185,0,0.09786037574443603
86,0,0.013711320119737145
98,0,0.3486269131299095
133,0,0.0
10,0,0.2316882875561511
59,0,0.00055005500550055
206,0,0.016759230414610984
26,0,0.00303747909511567
137,0,0.005494942886607602
113,0,0.01110570300196091
145,0,0.001725143137110421
3,0,0.07105887503833587
187,0,0.047234530528221776
192,0,0.015600912379817733
17,0,0.2054823291427589
186,0,0.00055005500550055
81,0,0.001450955906401451
198,0,0.005494942886607602
209,0,0.371366221747018
194,0,0.035585272013509535
203,1,0.6144224106434177
41,1,0.553700227773323
198,0,0.03336190332688225
64,1,0.34116994334844297
53,0,0.23407766806643213
4,0,0.005494942886607602
133,1,0.35401758718000403
56,0,0.021891708218994128
122,0,0.02666402478931591
36,1,0.6547649002370085
109,0,0.02088657221651924
122,1,0.7217285966066455
113,0,0.001725143137110421
166,0,0.01110570300196091
103,1,0.6934806955496611
91,0,0.0
191,0,0.16097845135645825
102,0,0.031019835301180868
28,0,0.021314997625305605
145,0,0.07163339706102863
135,0,0.22546239251044742
80,0,0.1989621649312158
127,1,0.6852090345250947
69,0,0.04278445475186026
49,0,0.007229971515089376
88,1,0.5918981736183276
51,0,0.012808623778040129
45,1,0.5872409737375613
24,1,0.1873893861007263
130,0,0.46808676978724256
0,0,0.6552827497046564
143,0,0.06057674387043511
57,0,0.00303747909511567
127,0,0.06331430385581202
133,0,0.009358821186778176
15,0,0.053920014440848735
178,1,0.42098697821589387
113,0,0.015419970149897768
220,0,0.006870778971613106
35,1,0.46646614432356953
187,0,0.0
79,0,0.3048948160472324
65,1,0.3978027222082792
205,0,0.09017405640704827
161,1,0.489371951273008
84,1,0.6551418898795957
159,0,0.19168532188709275
48,0,0.3690965561341007
29,0,0.005660218423191776
148,0,0.1709983477086825
147,1,0.6295689264439265
123,0,0.005660218423191776
70,0,0.0204566435573067
58,0,0.09893872172759723
94,0,0.0949545597185315
73,0,0.02727251768318634
152,0,0.00055005500550055
64,0,0.0
52,0,0.16949611336555634
3,0,0.10790765280869608
37,0,0.43997431998804576
114,1,0.33855415458461974
181,0,0.0
19,1,0.6526203564884224
211,1,0.6664354519075602
118,1,0.5821946664844799
8,0,0.005083507829503253
98,0,0.019325404488369224
4,0,0.10184914661311839
200,0,0.05515966347832776
158,0,0.15900303137094218
26,0,0.045490066388214456
214,0,0.004413315180121173
57,1,0.6680413703943117
140,0,0.035585272013509535
50,0,0.005494942886607602
82,0,0.4112143712659601
208,0,0.012343364154343214
177,1,0.39812940470835206
53,0,0.021314997625305605
232,1,0.5297878527348533
145,0,0.18731718040192466
133,0,0.03545990643236017
221,0,0.5642828022298029
109,1,0.5676666406136412
58,0,0.7042361111111112
35,0,0.003908419697893383
196,0,0.113944169860558
204,0,0.5046488384836727
40,0,0.1920983693755234
115,0,0.08345075153292847
47,1,0.580227621947776
76,1,0.6818101438791094
18,1,0.5072721396250808
50,0,0.23906926406926407
198,1,0.43816941391274206
226,0,0.0038632601746206234
189,1,0.5512820512820512
213,1,0.5487804632723715
82,1,0.44147638365691105
227,0,0.1513375926959587
110,0,0.10887869267315908
72,0,0.05373704627514181
232,0,0.06057674387043511
171,1,0.693213601532567
16,0,0.0
16,0,0.012162962975256743
1,0,0.015081044946495878
159,0,0.1738252685579319
211,0,0.508476714426778
49,0,0.06331832464434374
110,0,0.022191672185788474
57,0,0.32872865920631716
72,0,0.006054883383479505
41,0,0.010308728376174097
40,0,0.003584229390681004
19,0,0.01657828818469102
133,1,0.7288944958415101
25,0,0.27599310785823866
82,0,0.13868326520500432
25,0,0.3514442563234314
110,0,0.09403314866382588
192,0,0.03545990643236017
142,0,0.25140373407252986
4,0,0.03433429408255474
117,0,0.05702752880516735
142,0,0.5125759202271047
206,0,0.18246845919096488
203,0,0.23179767516151953
0,0,0.040202571756644594
8,0,0.038889463460664096
31,0,0.00589871790598814
194,0,0.22830209212057842
178,0,0.05318506155968212
134,0,0.03490471678778058
58,0,0.041750702271536565
143,0,0.016759230414610984
145,0,0.2322680898355515
226,0,0.001725143137110421
191,0,0.00055005500550055
186,0,0.04702542754626184
97,0,0.0569537699004857
218,1,0.5985345357655257
33,1,0.5598549973803523
11,0,0.24838786627404516
82,0,0.41745162468054037
112,0,0.021033354150995224
226,0,0.20112298088680094
148,0,0.05428594803125872
102,0,0.004413315180121173
53,0,0.3286155263238026
156,0,0.0
113,0,0.33893661586378493
141,1,0.6512521140248997
184,0,0.015600912379817733
143,0,0.07887076560240952
143,0,0.03807125280421781
124,0,0.09513427643927395
189,1,0.5298589072711369
77,0,0.13969762299131425
112,1,0.5008443774826133
123,0,0.28942840250237367
154,0,0.002626044038011322
112,0,0.013502909274339815
61,0,0.009370674373479137
11,0,0.5308404675918287
89,0,0.02305002625378738
196,1,0.738883019244939
55,0,0.00055005500550055
113,1,0.64701108868009
100,0,0.0
181,1,0.509786443503021
166,0,0.11502251584371921
134,0,0.15698968048777587
16,0,0.5707896538252138
112,0,0.021314997625305605
26,0,0.00055005500550055
107,0,0.3609872960476124
131,0,0.00055005500550055
85,0,0.029893036849558588
82,0,0.005494942886607602
212,0,0.03863662860160753
0,1,0.4628919960754209
114,0,0.0356142807979194
19,0,0.0011750881316098707
122,0,0.15334359779328408
46,0,0.016759230414610984
170,0,0.04229466761842268
132,1,0.7333991482771971
105,0,0.25292114610714983
8,1,0.39888830837106704
213,0,0.07917482819155078
225,0,0.0514475864460952
53,0,0.041750702271536565
126,0,0.0018623909635057995
100,0,0.08967983444380623
79,0,0.44351691658898557
10,1,0.730359554503201
95,0,0.02566137262564502
135,0,0.024289675291266393
58,0,0.005494942886607602
155,0,0.002626044038011322
141,1,0.4808034579201627
134,1,0.6180856180856181
88,0,0.007944746640375722
152,0,0.18879979694107185
206,0,0.6645130232086753
126,0,0.004896565348686253
87,1,0.18318665323032135
36,1,0.6107347163287757
67,0,0.03058047113044279
36,1,0.3367865421497007
194,0,0.051542886184755034
27,0,0.12845918607386497
40,0,0.03933890256333756
94,0,0.11970919994227928
127,0,0.13180422318971888
52,0,0.04357254488488085
92,1,0.5737411473357737
13,0,0.3409746564857839
211,1,0.6002685415102267
148,1,0.5883223293709228
113,0,0.5190722242099755
70,0,0.02450305459085177
17,0,0.012343866614990104
20,0,0.1157204290735969
212,0,0.0949545597185315
121,1,0.6313275941003798
206,1,0.6664354519075602
206,0,0.042972892580097226
51,1,0.3403643029277547
142,0,0.011282005994955685
27,0,0.06057674387043511
7,0,0.40266717931191615
207,0,0.00303747909511567
46,1,0.7144932844932845
182,0,0.03855490676006685
93,0,0.0
134,1,0.5682498656028069
65,0,0.20588273150348058
109,1,0.6472624941065535
206,0,0.019256454279274363
216,0,0.5047854461271514
57,0,0.035585272013509535
36,0,0.32902187261442467
53,0,0.15399343171125532
148,0,0.06693931089809788
60,1,0.6576722128446266
0,0,0.5677370193159667
14,0,0.28141619378570265
211,1,0.476858190337106
58,0,0.001725143137110421
42,0,0.008605807600094878
80,0,0.016759230414610984
126,0,0.0949545597185315
200,0,0.08057354442303266
57,0,0.02305002625378738
116,1,0.7089699759169902
167,0,0.004413315180121173
63,0,0.004413315180121173
79,0,0.0783202266455855
49,0,0.26723919398083723
26,1,0.6291416135419685
228,1,0.47458169383817356
123,0,0.005660218423191776
4,0,0.13118412443510538
92,0,0.008932892291168594
114,0,0.002626044038011322
153,1,0.44586296056884295
112,0,0.012231913184351606
77,0,0.13646038803545832
78,1,0.49110806238411914
38,0,0.001450955906401451
69,0,0.015419970149897768
181,0,0.06004472400351097
104,1,0.5196567564988618
82,0,0.2463385330685072
211,0,0.045490066388214456
163,0,0.031119487315690596
170,0,0.07524139842980422
198,0,0.05428594803125872
138,0,0.022117693090146832
51,0,0.2923011298330758
74,0,0.1274863047676376
165,0,0.016631033158965986
2,0,0.012566737994637278
49,0,0.10642987316151709
226,0,0.06399709863896748
13,1,0.6311448186701737
113,0,0.27267391725727386
138,0,0.062052507607075306
90,1,0.2981114425304347
27,0,0.17874119349073214
92,1,0.5728416154552518
218,0,0.021314997625305605
199,1,0.42538967092742835
43,0,0.02566137262564502
50,1,0.5760374276468486
159,1,0.6513189623675557
31,0,0.12972909629450355
20,0,0.02472903946200447
158,1,0.5767472278167466
119,0,0.002626044038011322
76,1,0.5161685448309652
201,0,0.005083507829503253
129,0,0.009732017782485575
97,0,0.00055005500550055
205,0,0.3595491577947718
177,0,0.17975892026551885
78,1,0.6225532118429234
145,0,0.09624557780674392
4,0,0.041750702271536565
113,0,0.10338041088621748
207,0,0.053920014440848735
139,0,0.008605807600094878
30,0,0.22111834265626365
44,0,0.18607967151230173
15,0,0.022191672185788474
44,0,0.15408386446187136
201,0,0.18324290199290197
22,1,0.3857945173734647
197,0,0.5096952002892596
229,0,0.013705208861490376
24,0,0.00303747909511567
95,1,0.47124404665137315
94,0,0.15168158994398073
83,0,0.13118412443510538
142,0,0.07359604032768424
107,0,0.2872369996089281
99,0,0.1036254058261573
5,0,0.006870778971613106
39,1,0.5682498656028069
75,0,0.029296489817324117
230,0,0.0
2,0,0.2109910034588196
170,1,0.6144224106434177
37,0,0.00303747909511567
126,0,0.12371603527526541
168,0,0.5018709976111227
171,0,0.0047593175222908745
28,1,0.5513682277318641
111,1,0.5992229762740319
11,0,0.08967983444380623
16,1,0.5424066657453586
139,0,0.14129047281221194
178,1,0.6295689264439265
60,0,0.0068185364579850275
75,0,0.0967589914958336
137,0,0.025293881919008037
56,0,0.1128146130476924
217,0,0.01903046940812166
142,1,0.6322045694355594
150,0,0.005494942886607602
190,0,0.45347688528251334
126,0,0.4257610133875483
94,0,0.03653799118832352
157,0,0.005083507829503253
108,0,0.388874171790024
202,1,0.5883223293709228
71,0,0.40783194369365683
161,1,0.6664354519075602
83,1,0.7217285966066455
141,0,0.002626044038011322
7,0,0.001450955906401451
112,1,0.6002685415102267
38,0,0.12505918392565932
104,1,0.6223290080516017
187,1,0.524537190607237
100,0,0.6452822539779062
213,0,0.5101768346595933
169,1,0.6583046507080544
35,0,0.021891708218994128
160,0,0.06057674387043511
65,0,0.004413315180121173
220,0,0.013017034623437458
102,0,0.044164188735389374
96,1,0.47175614047271797
148,1,0.6976764138890258
50,0,0.008356181697480071
89,0,0.13613337838209444
206,0,0.04299035130901558
37,0,0.06237478704156624
130,0,0.46174759187124453
165,0,0.3526953211668438
69,0,0.06057674387043511
47,0,0.260342846744638
43,0,0.16810299962473874
219,0,0.012162962975256743
5,0,0.0
162,0,0.009947384967167659
141,1,0.5175667855093692
40,0,0.14880913918714608
189,0,0.4113462208289795
19,0,0.08228988361316411
120,1,0.7090890139670627
3,0,0.3518980656235558
35,0,0.0
130,0,0.07197255774616908
209,0,0.004182606928602352
94,1,0.7089699759169902
194,1,0.6583046507080544
156,0,0.00055005500550055
9,0,0.010308728376174097
53,0,0.004182606928602352
54,0,0.07790477733267186
75,0,0.12906705578209535
190,0,0.2840598405922728
106,0,0.012231913184351606
134,0,0.08543522220932727
109,0,0.007229971515089376
110,0,0.001725143137110421
118,0,0.015024201786129213
56,0,0.3669240068847655
156,0,0.01110570300196091
200,0,0.0
130,0,0.053880101694337136
154,0,0.05319205058610251
26,0,0.005695690840003234
24,0,0.6977708764665286
17,0,0.21025817819658318
193,1,0.6513189623675557
60,0,0.13719762402239344
20,0,0.23683411857477024
2,0,0.3293349669415102
94,1,0.5684674329501916
30,0,0.00303747909511567
80,0,0.1157204290735969
116,0,0.1335565657616137
78,0,0.04019806270723797
135,0,0.012808623778040129
154,0,0.13979982939138738
155,1,0.5114956406392871
124,0,0.04436204864339421
60,0,0.26955544598124714
179,0,0.28762346465828614
32,0,0.16097845135645825
91,0,0.007229971515089376
80,0,0.015600912379817733
200,1,0.5610804216941792
161,0,0.09786037574443603
43,0,0.02305002625378738
97,0,0.02450305459085177
29,1,0.6816625640155052
10,1,0.6577709807179813
108,0,0.005083507829503253
172,0,0.12253988849733531
39,0,0.13500382156922883
37,0,0.005660218423191776
113,0,0.05298294760414258
149,1,0.5889749794822623
195,1,0.5265403957354421
68,0,0.027849228276874863
174,0,0.06653426392831585
102,0,0.29271483681972454
46,0,0.0658514691451604
118,1,0.4994461368042093
202,1,0.553700227773323
208,0,0.43068853928109135
158,0,0.03545990643236017
170,1,0.7089699759169902
128,1,0.5380498291115351
187,1,0.35659528367226784
120,1,0.5352682724412792
52,0,0.07180898920304113
130,0,0.11008199184069956
36,0,0.0
2,0,0.0
45,0,0.02305002625378738
179,0,0.19948984226629216
24,0,0.15998611650785563
120,1,0.6965025965530591
144,0,0.017158451173796444
178,0,0.08684369848015765
229,0,0.07790477733267186
104,1,0.5097662548255434
67,0,0.008778874367956595
216,0,0.003908419697893383
139,1,0.5593510907484766
156,0,0.001725143137110421
78,1,0.503907640404228
122,0,0.22308514771152854
222,0,0.06331832464434374
17,0,0.02018878744291491
99,0,0.04187606785268593
81,0,0.007571550044668324
38,0,0.030460574648732506
6,0,0.3066099483312286
137,0,0.0
140,1,0.5423549328622156
121,0,0.12754261160843924
29,1,0.7766055976282072
86,0,0.05489536430993506
17,1,0.19286565148173485
210,1,0.3761575010355498
72,0,0.13633528246669402
114,0,0.05528306466516004
212,0,0.21194906365939847
170,0,0.21165189469297083
124,1,0.6313275941003798
193,1,0.547368357820183
17,0,0.19892913413472724
81,0,0.009370674373479137
19,1,0.5424066657453586
197,0,0.26253245893976346
220,0,0.05523866720607271
0,0,0.006994839450979802
63,0,0.23507436780688404
124,0,0.015024201786129213
177,0,0.004182606928602352
187,1,0.6208773410497549
71,0,0.08808561099176639
25,0,0.3978027222082792
100,0,0.021314997625305605
112,0,0.19260684411013765
35,0,0.11294738894850387
158,0,0.005083507829503253
34,0,0.10921320395004604
170,1,0.5265403957354421
96,0,0.021314997625305605
40,0,0.047234530528221776
6,1,0.643020198192612
99,0,0.00055005500550055
6,0,0.0585093628454636
130,0,0.041750702271536565
70,0,0.0
210,0,0.022117693090146832
87,0,0.17832814600230149
134,1,0.6965025965530591
11,1,0.5016056146215392
169,0,0.18914731565820794
6,1,0.6385603416779005
185,0,0.07636941617462448
101,0,0.2516764207616116
71,1,0.5152148046884889
106,0,0.00303747909511567
114,1,0.6583046507080544
111,1,0.5096952002892596
7,1,0.6282375060625555
61,1,0.6591089532525997
179,1,0.5977337852591402
186,0,0.3993166963755199
74,0,0.13180422318971888
173,0,0.4748833010327263
173,0,0.7093469655595775
104,0,0.010308728376174097
198,0,0.06653426392831585
12,0,0.036641318195391036
12,0,0.13180422318971888
122,0,0.015600912379817733
41,0,0.02724375582881906
3,0,0.02927537116117355
143,0,0.3463370505352563
191,0,0.015419970149897768
63,0,0.002626044038011322
31,0,0.016759230414610984
17,0,0.010064959869778824
60,0,0.021891708218994128
104,0,0.09186914114527579
220,0,0.007944746640375722
20,0,0.025547250118450757
80,0,0.10184914661311839
115,0,0.0585093628454636
76,1,0.4455640744797371
65,0,0.0062724014336917565
72,0,0.49312936232440885
170,0,0.10184914661311839
170,0,0.150163919900762
146,0,0.44836654682899507
134,0,0.22816689483356148
69,1,0.6848320448825075
114,0,0.18945311686526692
23,0,0.03229337041592294
84,0,0.14489465724033626
89,0,0.1513375926959587
190,0,0.448902694360883
24,0,0.25292114610714983
110,0,0.09786037574443603
225,0,0.13180422318971888
219,0,0.02300569397814772
32,0,0.02666402478931591
0,0,0.2522516422124009
38,0,0.002626044038011322
52,0,0.2981114425304347
22,1,0.6144224106434177
213,1,0.5883588403715917
57,0,0.3870166593303592
83,0,0.030167722428716532
81,0,0.018453758814433136
66,0,0.04783358791056667
47,0,0.013502909274339815
167,0,0.4738006632743475
69,0,0.09903992233087498
216,0,0.0072745539909936435
75,1,0.46073099415204677
219,0,0.008932892291168594
41,1,0.37331769169902373
4,0,0.12318277719348832
227,0,0.09786037574443603
93,0,0.03150477017633149
114,0,0.21076536477973531
18,0,0.009930614870351039
172,0,0.01396694181283338
74,1,0.45241559592095343
92,0,0.05523866720607271
125,1,0.38385354914961184
76,1,0.6965025965530591
40,1,0.5879294142460674
46,0,0.43882663977015723
34,0,0.002626044038011322
26,0,0.12111121288531794
79,0,0.1145467562784002
170,1,0.46808676978724256
130,0,0.005660218423191776
77,0,0.08699754351928264
104,0,0.16834250869338588
124,0,0.07557671502528342
142,0,0.24522733976997793
43,0,0.24558233846771396
119,0,0.00055005500550055
76,0,0.022117693090146832
197,1,0.5833830206140106
45,0,0.008932892291168594
30,0,0.09786037574443603
211,0,0.3035922831604007
191,0,0.5096952002892596
27,0,0.3142217909321257
60,0,0.10895428946154452
206,0,0.6574051188275326
208,0,0.008782110593089655
168,0,0.26454383595646086
161,0,0.011132803605921886
96,0,0.004182606928602352
32,1,0.5935917530745117
119,0,0.015024201786129213
184,0,0.013502909274339815
60,0,0.26564743518964473
140,0,0.3804137263041372
80,1,0.5539160991214515
149,0,0.4302660916978491
131,0,0.027903673826794928
153,1,0.6583046507080544
163,0,0.08656477902219288
7,0,0.040734631707085446
65,0,0.00055005500550055
109,0,0.02927537116117355
1,1,0.30469261409064446
204,0,0.039199270549038066
32,1,0.608722060658933
30,0,0.021891708218994128
172,1,0.3827765628225202
60,0,0.00055005500550055
70,1,0.5254827766726334
52,0,0.024289675291266393
150,1,0.7017346638036294
48,0,0.46026827244127916
132,0,0.23442346171536457
144,0,0.00055005500550055
205,0,0.032667617830582564
54,0,0.13180422318971888
106,0,0.03794234310530784
72,0,0.10142397236176254
126,0,0.09146505322376093
167,0,0.6660381652661065
154,1,0.44639945572485945
226,0,0.004182606928602352
125,0,0.10688239346118959
31,0,0.04436204864339421
123,0,0.6144224106434177
136,0,0.008932892291168594
131,0,0.01730489426951508
100,0,0.006324646801597722
188,0,0.01110570300196091
102,0,0.006870778971613106
93,0,0.012162962975256743
119,0,0.610520322589288
49,0,0.020019689984668913
191,1,0.5682498656028069
28,0,0.01758094034836191
142,0,0.005494942886607602
51,0,0.021891708218994128
149,0,0.007447489565301627
88,0,0.005695690840003234
58,0,0.07359604032768424
33,0,0.13180422318971888
220,1,0.5728416154552518
63,1,0.5709011044565155
137,0,0.023320073498956168
133,0,0.051058775629976266
162,0,0.02666402478931591
43,0,0.017511990139267047
51,0,0.3058130873706398
35,0,0.03537967315353027
7,0,0.02305002625378738
148,0,0.25888594852635943
187,0,0.09145609365684514
196,0,0.0477082223294173
22,0,0.13412088218718052
6,1,0.7089699759169902
47,0,0.001450955906401451
85,0,0.01396694181283338
3,0,0.006670649143767423
232,1,0.5843552659979188
65,1,0.6775967327691466
31,0,0.10674403894908686
11,0,0.2849187799820874
165,1,0.5872409737375613
83,1,0.0878927833191631
3,1,0.708395263273312
129,0,0.1579278409689171
77,1,0.1670117018069175
64,0,0.1362037572563888
105,0,0.04187606785268593
42,1,0.6148497235453757
165,0,0.017158451173796444
58,1,0.3659067264601719
26,0,0.11970919994227928
15,0,0.012231913184351606
17,0,0.031019835301180868
172,0,0.0
90,1,0.6250619299399788
130,0,0.00055005500550055
121,0,0.059587708828624804
141,1,0.48373613948341765
208,0,0.010091210325961846
67,0,0.5766588966588966
2,1,0.6002685415102267
65,1,0.5942241909379394
37,0,0.21194906365939847
150,0,0.0030075187969924814
56,0,0.13180422318971888
62,0,0.05319205058610251
89,0,0.00055005500550055
104,1,0.6144224106434177
58,0,0.3761526702236912
115,1,0.7206405275875419
36,1,0.4269432803678482
100,0,0.044834287140865466
68,0,0.05031956870127494
141,0,0.02305002625378738
120,0,0.1668012880574672
84,1,0.5883588403715917
113,0,0.02600824554196692
154,0,0.28994539411206083
38,1,0.6650877358523535
158,0,0.07666053798655709
63,0,0.0477082223294173
142,0,0.045490066388214456
150,1,0.4962618084927984
23,0,0.03964886255501795
90,0,0.3962139792070656
178,0,0.009141303136565923
84,1,0.46250971250971257
221,0,0.5262524991994998
206,0,0.10182325311940393
42,0,0.22858643181610364
199,0,0.049636773918119485
157,1,0.40698099415204675
30,0,0.11944245164749957
208,0,0.01407429459673329
8,0,0.06620608949704214
2,0,0.09145609365684514
95,0,0.005083507829503253
116,0,0.035585272013509535
56,0,0.1015012880252396
198,0,0.02313135725647314
103,0,0.004896565348686253
60,1,0.6693427645151783
137,1,0.423598164646758
16,0,0.18819424554404898
141,0,0.20318909658928028
125,0,0.022984575321997158
174,0,0.09372474249183775
15,0,0.02666402478931591
81,0,0.15698968048777587
119,0,0.011282005994955685
26,0,0.06725468672576736
89,0,0.007447489565301627
195,0,0.10403845331458796
144,0,0.17490361454109313
27,0,0.00055005500550055
198,0,0.4856393371964945
190,0,0.018212258751675373
23,0,0.22484638406582536
228,0,0.013502909274339815
131,0,0.5682498656028069
208,0,0.0
22,0,0.03825269784683357
84,0,0.5397623449347587
141,0,0.07870357609762803
142,1,0.5437947123091248
65,1,0.7709836893399991
128,0,0.011467046410967347
130,0,0.015600912379817733
86,0,0.3201961626575029
79,0,0.007607496078286892
162,0,0.332212277564678
147,1,0.2723452400193955
226,0,0.113944169860558
72,0,0.018997491287622757
68,0,0.2257479256240084
82,0,0.0339117759174682
74,0,0.15117450584228223
129,0,0.1798490912420847
58,0,0.047234530528221776
217,0,0.00055005500550055
157,1,0.5883223293709228
204,0,0.012162962975256743
120,0,0.06620608949704214
65,0,0.050126471144509105
148,0,0.42098697821589387
213,1,0.5510645847816901
36,0,0.64701108868009
62,0,0.23111448030226459
10,1,0.45076100304920724
83,1,0.576510372264848
73,0,0.4490994280150907
198,0,0.06018521804952428
138,1,0.5555445103142471
161,0,0.009358821186778176
133,0,0.015809323225215065
85,0,0.24837466809011524
42,0,0.008605807600094878
64,0,0.04094373468904538
136,1,0.5131702818868594
189,0,0.24874789505723327
11,0,0.4955653021442495
2,0,0.189759855137862
118,1,0.4315712880282841
63,0,0.05654072241205504
167,1,0.6031900396470358
11,0,0.06233558822096958
75,0,0.0030075187969924814
15,0,0.09245321029074645
132,0,0.016759230414610984
27,0,0.4463220240273656
42,1,0.3899900327213965
126,0,0.012343364154343214
33,0,0.6650877358523535
84,0,0.07359604032768424
181,0,0.18879979694107185
177,0,0.053221868213893735
140,0,0.12065602237106195
9,0,0.04334597807894309
138,1,0.5054310874896637
13,0,0.07722562198959378
42,1,0.505417441874438
68,0,0.0032382270485113024
207,0,0.20060778727445394
170,0,0.00055005500550055
161,0,0.002626044038011322
196,1,0.48922543286320375
19,0,0.059587708828624804
43,0,0.024514871738168954
20,1,0.48972533526309264
146,1,0.4243692690621546
156,1,0.7333991482771971
150,0,0.04928114714819198
11,1,0.40414436197330933
56,0,0.5682498656028069
107,0,0.0477082223294173
166,0,0.01758094034836191
16,1,0.6587319636100124
204,1,0.7471369874989072
105,0,0.0878927833191631
197,0,0.09786037574443603
93,0,0.02305002625378738
58,1,0.4283618556623498
88,1,0.5653354170867783
62,0,0.021891708218994128
130,0,0.00055005500550055
52,0,0.031019835301180868
161,1,0.45264746916680615
51,1,0.4994461368042093
1,0,0.0032382270485113024
14,0,0.2572892875923179
149,1,0.635210173813115
132,0,0.09508567531875466
68,0,0.22903148281663063
190,1,0.6704025152805642
40,0,0.30638214911916584
137,0,0.040717749817892675
119,0,0.022627697846833567
140,0,0.0
21,1,0.6440492717121306
11,0,0.16173893716531695
179,0,0.03807125280421781
23,1,0.6010776740246747
135,1,0.7047565648070274
66,0,0.0007446184235126036
27,0,0.3356181574191956
5,0,0.002626044038011322
136,1,0.30638214911916584
23,0,0.00055005500550055
98,0,0.1327253450710241
35,1,0.1708160744131967
91,0,0.09321384586951163
152,1,0.60213028888165
12,0,0.0
26,1,0.6062283155097132
110,1,0.582930628909975
204,0,0.00055005500550055
101,0,0.005083507829503253
53,0,0.1714294259999456
118,0,0.09463407756413246
52,0,0.509921630094044
198,0,0.1157204290735969
184,0,0.5124363666283883
147,1,0.7217285966066455
100,0,0.012920074748031737
184,0,0.3518066894578739
99,0,0.04354874544266769
66,0,0.2517278779213192
149,1,0.3760395510754191
68,0,0.06366892420769377
111,0,0.004413315180121173
162,1,0.46073099415204677
174,0,0.5313862489927923
152,0,0.005494942886607602
122,0,0.02450305459085177
55,1,0.6002685415102267
222,0,0.35700566599443007
1,1,0.5628379764643815
70,0,0.14849060372368306
72,1,0.477336016809701
110,1,0.5446251076845173
111,0,0.48558884324013807
191,0,0.13981282201786996
68,0,0.5297878527348533
205,0,0.005083507829503253
134,0,0.16725829995840422
204,0,0.5352528385197645
205,1,0.5843552659979188
20,0,0.10634307086656031
71,0,0.6144224106434177
164,0,0.014843259556209248
41,0,0.24132138857782756
103,0,0.5690834732446511
158,0,0.3604319052594915
96,0,0.040717749817892675
85,0,0.02305002625378738
206,1,0.7089699759169902
127,0,0.4462769642195479
9,1,0.32591961573445244
80,1,0.6324221367829442
104,0,0.04278445475186026
116,0,0.0032382270485113024
139,1,0.6848320448825075
3,0,0.1004395636488561
131,0,0.35877747666365556
217,1,0.4165177640787397
196,0,0.10642987316151709
47,0,0.022984575321997158
136,0,0.012926198680651294
195,0,0.3082017071224211
107,0,0.04026804493791206
25,0,0.27625929164182644
51,0,0.0047593175222908745
199,0,0.038151446087267775
211,1,0.6094580230844281
146,0,0.16880071356468537
79,0,0.03794234310530784
229,1,0.730359554503201
52,0,0.004319854754997731
25,1,0.5843552659979188
70,0,0.2059290230042076
105,0,0.1549066830021419
38,0,0.07180898920304113
23,0,0.16347618041922296
221,1,0.4750633282085072
108,0,0.05515966347832776
171,1,0.7709836893399991
63,0,0.06740797937538488
165,0,0.300419853051432
125,0,0.25964964219734804
79,0,0.010308728376174097
207,0,0.024289675291266393
23,0,0.06943656344093464
125,0,0.006870778971613106
15,0,0.034564102154211775
136,0,0.02305002625378738
87,0,0.21959739741648043
156,0,0.008605807600094878
167,0,0.32585400693309047
101,0,0.005660218423191776
133,0,0.0514475864460952
115,1,0.6746894201615284
132,0,0.0
207,0,0.334642035929584
164,0,0.047234530528221776
81,0,0.2199002620350935
88,0,0.0528638761548288
210,0,0.12907160198272605
1,0,0.2701770386925773
83,1,0.5441901497842091
81,0,0.002626044038011322
155,0,0.41430828823537635
42,0,0.21165189469297083
34,0,0.0
44,1,0.26730006712272586
57,0,0.00589871790598814
0,1,0.5700599391079458
20,0,0.40783194369365683
45,0,0.07636941617462448
108,1,0.24768012778056223
93,0,0.1323479825539322
117,0,0.00055005500550055
121,1,0.5064798117758745
198,0,0.2719738624591601
92,0,0.08230391399783853
193,0,0.22440477697361452
169,0,0.18871694934288
64,0,0.001725143137110421
18,0,0.15399343171125532
89,0,0.001725143137110421
148,0,0.17894944836561266
72,0,0.001725143137110421
131,0,0.03890418713003562
89,0,0.006870778971613106
218,0,0.012343364154343214
39,0,0.16512797188038822
162,0,0.009224800300758345
50,1,0.5016056146215392
84,0,0.17627307298340777
66,0,0.1335565657616137
113,0,0.24820532874071896
65,0,0.0
161,0,0.03436600898720396
97,0,0.010064959869778824
86,1,0.41056339300229405
50,0,0.06025382698547091
30,1,0.1621042702198273
57,0,0.0
133,0,0.001450955906401451
68,0,0.015024201786129213
14,1,0.35924336442512184
19,0,0.32426224814189797
82,0,0.41246185386838746
105,0,0.05428594803125872
151,0,0.05476999872878569
111,0,0.19260684411013765
113,1,0.6965025965530591
56,0,0.1128146130476924
44,0,0.02964813796680224
122,1,0.3314490539963087
198,0,0.023926343997163247
28,0,0.08193526326128237
52,0,0.012926198680651294
148,0,0.08656477902219288
88,0,0.002626044038011322
96,0,0.16696353292097968
110,0,0.05428594803125872
86,0,0.010308728376174097
6,0,0.012808623778040129
166,1,0.40004441554894116
30,1,0.6945687645687646
40,0,0.17832814600230149
134,0,0.17307347460389785
224,0,0.005494942886607602
27,0,0.16802397322992288
32,0,0.15399343171125532
41,0,0.34718320024298527
143,0,0.0069132105819872045
14,1,0.6175218775376776
95,1,0.5772137857211895
3,0,0.09079859934506762
143,0,0.050126471144509105
9,0,0.021314997625305605
102,1,0.6322045694355594
126,0,0.0030075187969924814
4,0,0.34304817761869727
155,0,0.19152263537515601
38,1,0.7221055862492327
180,0,0.2044714473776028
133,0,0.07359604032768424
74,0,0.04721376612322045
17,0,0.030950103618683247
121,0,0.01758094034836191
114,0,0.3688332522275733
185,0,0.05319205058610251
142,0,0.02927537116117355
204,1,0.4674804047113947
7,0,0.03753718181578878
9,0,0.03058047113044279
90,0,0.02652964319630986
124,0,0.005083507829503253
177,1,0.4303197383471547
175,0,0.02439729683555779
17,0,0.00055005500550055
179,0,0.03161889268352576
77,0,0.01407429459673329
53,0,0.022984575321997158
173,1,0.5553407362093951
145,0,0.028408488929323225
30,1,0.513392135956835
26,0,0.015600912379817733
94,0,0.017352166565497644
219,1,0.6207515851123925
94,0,0.33516154168914464
181,1,0.5298589072711369
190,0,0.25076333099641035
100,0,0.113944169860558
59,0,0.07467438631084546
84,1,0.738883019244939
90,0,0.06653426392831585
159,0,0.04616009181452533
61,0,0.03348038127651179
125,0,0.035585272013509535
150,0,0.06753138056221718
51,0,0.019256454279274363
103,0,0.04142778538657236
181,0,0.25048951722116114
206,0,0.35373135975804937
135,0,0.04826507658374086
200,0,0.07666053798655709
219,0,0.003908419697893383
128,0,0.001725143137110421
15,0,0.0
139,0,0.00589871790598814
128,1,0.6301293171023432
20,0,0.113944169860558
138,0,0.045490066388214456
126,0,0.02566137262564502
16,0,0.365192686417448
91,1,0.5394265708239566
108,0,0.031019835301180868
116,1,0.34832457708353665
26,0,0.12598266689618462
51,0,0.022191672185788474
144,0,0.05319205058610251
105,0,0.16172571005106887
126,0,0.012231913184351606
1,1,0.5007733229463297
151,0,0.007607496078286892
166,1,0.6583046507080544
38,0,0.01221980613562341
214,0,0.021936750860226867
107,0,0.2989559586348168
83,0,0.3730121240749489
126,0,0.010967528069337712
157,0,0.00303747909511567
151,0,0.1596944235439118
87,0,0.009732017782485575
11,0,0.024355953963158605
165,0,0.016759230414610984
79,0,0.00303747909511567
27,0,0.0
146,0,0.05489536430993506
17,1,0.5098179877086864
29,0,0.023519037244527443
158,1,0.6200340320724154
121,1,0.6432426832426833
48,0,0.03968332124656505
73,0,0.1731365707085393
3,0,0.07564446742210597
15,1,0.5908101964042558
68,0,0.5096952002892596
100,0,0.02566137262564502
80,0,0.07359604032768424
80,1,0.6735384828545431
2,0,0.00055005500550055
30,0,0.6144224106434177
193,0,0.09079859934506762
123,0,0.045490066388214456
42,0,0.009358821186778176
128,0,0.035278964202440206
127,0,0.006071653480296125
15,0,0.015600912379817733
30,0,0.006870778971613106
82,0,0.054315925134547166
205,0,0.007406274508084151
75,0,0.23605310592183215
212,0,0.020019689984668913
12,0,0.5000848824378236
85,0,0.012808623778040129
58,0,0.17874119349073214
125,1,0.56091795986129
156,0,0.17307347460389785
142,0,0.0030075187969924814
198,0,0.011467046410967347
214,1,0.7438238573021182
162,0,0.1036254058261573
88,1,0.17074683246219147
3,0,0.05526611954472651
67,0,0.23111448030226459
61,1,0.5731087094723458
179,0,0.05051074809483826
17,0,0.1902582763765163
148,1,0.5600740253003359
201,1,0.7089699759169902
117,0,0.22772228513855308
37,0,0.009732017782485575
50,0,0.03058047113044279
28,0,0.025111385225017314
20,0,0.005494942886607602
161,0,0.001725143137110421
222,0,0.01657828818469102
59,1,0.48711321199126073
110,0,0.022984575321997158
127,0,0.07190095558945674
40,0,0.07197255774616908
68,0,0.031343463226527014
10,0,0.27919408146881697
93,0,0.20711861485986618
16,1,0.6322045694355594
135,0,0.00055005500550055
12,0,0.0
175,0,0.00303747909511567
192,0,0.03058047113044279
96,0,0.4076161963275366
206,1,0.6409498048178708
115,0,0.2950849963045085
199,0,0.13424862209397823
187,1,0.3391832617467136
38,0,0.021891708218994128
141,0,0.015600912379817733
178,0,0.04984623115122866
110,0,0.03490471678778058
16,0,0.008356181697480071
159,0,0.008932892291168594
21,0,0.0930479905397813
223,0,0.16067171308386316
78,0,0.24417337836958886
43,0,0.5593077995823991
160,0,0.13969762299131425
47,0,0.12251366727763906
58,0,0.006870778971613106
175,1,0.6308777246530797
3,0,0.008356181697480071
180,0,0.03794234310530784
60,1,0.5978243978243979
42,1,0.48558864507140376
104,0,0.004182606928602352
35,0,0.02694434325191263
218,0,0.001725143137110421
119,0,0.3736244874819106
16,0,0.28734169222086725
105,0,0.0009009009009009009
6,0,0.05476999872878569
96,1,0.12362456718112758
8,0,0.0
7,0,0.021314997625305605
142,0,0.03229337041592294
153,0,0.017511990139267047
43,0,0.2059290230042076
100,0,0.10184914661311839
170,0,0.06331430385581202
31,0,0.011467046410967347
67,0,0.029007546311668117
79,0,0.3672981424493269
40,0,0.4675349991139464
137,0,0.34050425244544663
68,0,0.015600912379817733
54,1,0.6690756704980844
108,0,0.1128146130476924
30,0,0.00453737565948787
122,0,0.21165189469297083
133,0,0.4815182724412792
182,0,0.18068906411362426
15,1,0.5436290333346684
159,0,0.013502909274339815
148,0,0.016464165677496756
161,0,0.010308728376174097
202,1,0.368304958694051
27,0,0.1595396863555621
79,0,0.18806896967504672
120,0,0.045490066388214456
68,0,0.027849228276874863
27,0,0.04667526987577342
205,0,0.5653354170867783
35,0,0.028408488929323225
179,0,0.4218349499924612
129,0,0.02666402478931591
210,0,0.07666053798655709
185,0,0.06435725709509298
131,0,0.4174168353164905
95,1,0.6002685415102267
186,0,0.010641670463467345
130,0,0.07359604032768424
39,0,0.18121799372600714
99,0,0.35904357979657614
62,0,0.1157204290735969
39,0,0.22596994256665828
170,0,0.02094180102959821
95,0,0.28942840250237367
213,0,0.13979982939138738
201,0,0.22554141890526327
58,0,0.07887076560240952
103,0,0.0
12,0,0.032531250460388926
161,0,0.3490024544602391
154,1,0.643471338209044
225,0,0.15045938050304863
122,0,0.002626044038011322
180,0,0.001725143137110421
13,0,0.001725143137110421
121,0,0.015600912379817733
1,1,0.7333991482771971
92,0,0.05319205058610251
12,0,0.0510791903193231
61,0,0.00055005500550055
203,1,0.6818101438791094
104,0,0.020373228950139516
185,0,0.12178537511870846
55,0,0.11613347656202756
136,0,0.005660218423191776
105,0,0.5007733229463297
166,0,0.00055005500550055
60,0,0.1655410193688189
13,1,0.6556690077164214
93,0,0.20639722329456722
43,1,0.37825484580217256
52,0,0.2974861359344054
29,0,0.045490066388214456
188,0,0.04014103922420415
37,0,0.03884573158356746
107,0,0.1750496732177976
12,0,0.005083507829503253
24,1,0.4561868426834302
54,0,0.37887853016747214
103,0,0.045490066388214456
173,0,0.0
218,1,0.6242611794335933
134,0,0.019762358061007016
165,0,0.2331680596873967
72,0,0.10152745982115106
102,0,0.009370674373479137
140,1,0.5319034300727664
140,0,0.04187606785268593
129,0,0.004182606928602352
106,1,0.6432426832426833
1,1,0.7093469655595775
142,0,0.16067171308386316
195,0,0.35782644588806334
24,0,0.005494942886607602
146,0,0.36825947552020155
158,0,0.008932892291168594
81,0,0.005660218423191776
89,0,0.06275906399189539
12,0,0.008778874367956595
137,0,0.0514475864460952
14,1,0.3483935344697313
83,1,0.5737411473357737
53,0,0.00055005500550055
115,1,0.6148497235453757
176,0,0.09786037574443603
109,1,0.3107252996926788
104,1,0.4356931878941976
124,0,0.5124035543204007
64,0,0.0
135,0,0.02727251768318634
216,0,0.14575798251669023
20,0,0.002626044038011322
27,0,0.13063055039452218
67,0,0.49723796941097614
38,0,0.003908419697893383
219,1,0.6677742763772175
223,0,0.01046873488915936
208,0,0.11970919994227928
135,1,0.38770716340760175
125,0,0.020373228950139516
200,1,0.6313275941003798
101,0,0.00055005500550055
80,1,0.25703861594950705
18,0,0.07747227318669649
25,0,0.015996295022941205
118,1,0.7764675603077409
218,0,0.13221727067814956
117,0,0.0477082223294173
119,1,0.43515792200002723
17,0,0.005660218423191776
146,0,0.28010974321042964
49,0,0.4891519613808771
126,0,0.03593893380597863
94,0,0.008782110593089655
71,0,0.015024201786129213
134,0,0.07274605603974728
13,0,0.11799740752629091
69,0,0.09341057670426794
56,0,0.007607496078286892
137,0,0.009732017782485575
130,0,0.41214859437751006
106,0,0.004182606928602352
168,1,0.5166493572434167
12,0,0.001725143137110421
6,1,0.580227621947776
47,0,0.11743189470462197
202,0,0.028408488929323225
86,0,0.12460409227824776
134,1,0.2872369996089281
63,0,0.2614546184974458
60,0,0.014719701537489438
65,0,0.007607496078286892
70,0,0.024289675291266393
166,0,0.08484107928718689
20,0,0.036826934693979525
83,0,0.01763554815798685
29,0,0.0038632601746206234
46,0,0.0514475864460952
103,0,0.004413315180121173
137,0,0.025547250118450757
97,1,0.35700167108445985
86,0,0.04299035130901558
93,0,0.1418984084638157
185,0,0.012162962975256743
103,1,0.49005769442145186
192,0,0.008521457234064245
65,0,0.012808623778040129
37,0,0.24391803132333437
149,1,0.5061028221332873
10,0,0.11816482797785623
65,0,0.10074429074616703
125,0,0.031961902007657174
129,0,0.019256454279274363
175,0,0.24281241135133777
86,0,0.06681828359238866
139,0,0.451121658350574
177,0,0.10753988777296712
220,0,0.005083507829503253
188,0,0.001725143137110421
207,0,0.19525813692480362
113,0,0.07504353852179939
33,0,0.009370674373479137
38,0,0.189759855137862
131,0,0.03982381529257834
48,1,0.7416531165311654
45,1,0.5072414264111296
44,0,0.00055005500550055
89,0,0.022984575321997158
118,0,0.5136622636622636
42,0,0.04721376612322045
183,0,0.011544238663026235
161,0,0.37042501101876585
134,0,0.024289675291266393
44,0,0.594349946875302
150,0,0.00055005500550055
104,1,0.6664354519075602
70,1,0.08710418312673614
188,0,0.44645721061838844
55,0,0.17955950730075862
17,1,0.6735384828545431
39,0,0.4391016766651284
46,1,0.4762680503235777
115,0,0.18127230667155678
31,0,0.0030075187969924814
103,0,0.10178271229925001
201,0,0.00055005500550055
38,0,0.09419767443075377
139,0,0.4675751456433506
121,0,0.07354548256494375
70,1,0.572063144236151
54,0,0.03058047113044279
43,0,0.12520748172922083
20,0,0.001725143137110421
11,0,0.1447028757991755
184,0,0.012231913184351606
14,0,0.22434142840683566
135,0,0.0754179271329667
34,1,0.730359554503201
192,0,0.09786037574443603
217,0,0.4885687363917115
11,1,0.5682296769253291
97,0,0.19294559099437147
127,0,0.06653426392831585
65,0,0.22811823152574404
200,0,0.03490471678778058
69,1,0.45280849863936795
178,0,0.017692391318353522
111,0,0.003908419697893383
69,0,0.00055005500550055
100,0,0.00055005500550055
104,1,0.3952062318960687
54,0,0.006870778971613106
47,0,0.15399343171125532
44,0,0.543364492452569
99,0,0.011467046410967347
74,1,0.587445354035743
202,0,0.014661227309133065
20,1,0.7612311491313167
51,0,0.045490066388214456
150,0,0.03433429408255474
125,0,0.0878927833191631
181,0,0.5164275450899655
186,0,0.005494942886607602
88,1,0.5682498656028069
53,1,0.7206405275875419
45,0,0.00055005500550055
160,0,0.016759230414610984
137,0,0.001725143137110421
99,0,0.04231578627457325
221,0,0.2575439470869805
220,1,0.7709836893399991
7,0,0.27137030687840796
84,0,0.020365090435909686
129,0,0.34969636458725034
125,0,0.03545990643236017
190,0,0.001725143137110421
183,0,0.5438091892812975
1,0,0.14943742615246572
73,1,0.36041456522940196
49,0,0.09786037574443603
10,0,0.11322766053612306
76,0,0.012926198680651294
24,0,0.0
139,0,0.014843259556209248
44,0,0.2874647880575481
60,1,0.33027853141956937
51,0,0.040734631707085446
95,0,0.24703559258736177
182,0,0.002626044038011322
31,0,0.0011750881316098707
52,0,0.07250106109980747
199,0,0.10253637364592032
77,1,0.6292901209195308
172,1,0.524485457724094
155,1,0.6048001999259268
92,0,0.018275225844661597
228,0,0.05319205058610251
184,0,0.0658514691451604
218,0,0.0339117759174682
218,0,0.00303747909511567
148,0,0.43832668537289576
102,1,0.553700227773323
197,1,0.6575098149742034
226,0,0.18051182086269804
132,0,0.015449673001497693
20,0,0.4724863865696915
136,0,0.021314997625305605
54,1,0.693213601532567
170,1,0.40870104554315084
8,0,0.007043845739474822
40,1,0.46154884742502694
123,0,0.010308728376174097
1,0,0.09145609365684514
126,0,0.021891708218994128
81,0,0.13063055039452218
134,0,0.09786037574443603
66,0,0.03653799118832352
151,0,0.2836879849386397
177,0,0.08967983444380623
125,0,0.14849060372368306
151,0,0.08967983444380623
51,0,0.0
12,0,0.01758094034836191
203,0,0.4165417437430666
213,0,0.27919408146881697
210,0,0.6001270837534448
192,0,0.001725143137110421
150,0,0.022117693090146832
2,0,0.016825509086503196
21,0,0.021314997625305605
30,0,0.012231913184351606
97,0,0.04484698351854483
42,0,0.27232163832613604
131,0,0.001725143137110421
170,1,0.5968512915889974
169,0,0.15814061575529462
147,0,0.38166479114754975
152,1,0.693213601532567
214,0,0.009732017782485575
50,0,0.013897991603738516
85,0,0.2951807572851009
78,1,0.5652096611494158
56,1,0.5613475157112732
101,0,0.1415760886044263
23,0,0.00055005500550055
52,0,0.07636941617462448
50,1,0.7582250686503439
109,0,0.21165189469297083
73,0,0.012739673568945264
126,0,0.002626044038011322
116,1,0.616943944034591
81,0,0.29595941980405965
35,1,0.5097662548255434
2,0,0.060780951009226085
203,0,0.20382642471683565
40,0,0.014661227309133065
226,1,0.4158456922522258
39,1,0.1709983477086825
100,0,0.062300443605441104
95,0,0.32579230400104225
68,0,0.015600912379817733
106,0,0.34195264331627967
181,0,0.028408488929323225
0,0,0.27662635783358874
225,0,0.4222319688109162
93,0,0.1908320836304028
0,1,0.6440492717121306
53,0,0.37523003312477
66,0,0.13979982939138738
99,0,0.019370576786468627
98,0,0.2391956477738888
113,0,0.1576598827205483
45,0,0.04702542754626184
37,0,0.0579598619688079
160,0,0.007447489565301627
5,1,0.530269487105187
177,0,0.007571550044668324
214,0,0.0047593175222908745
45,0,0.24838786627404516
204,1,0.3027445153079671
23,0,0.10984224745692635
184,0,0.21824212342628294
15,0,0.19862239586213215
55,0,0.039199270549038066
205,0,0.5593077995823991
219,0,0.05476999872878569
128,0,0.09248718816620051
40,0,0.01407839278282499
128,0,0.019370576786468627
32,0,0.0783754016663543
0,0,0.0030075187969924814
131,0,0.040202571756644594
190,0,0.0
90,0,0.00055005500550055
97,0,0.06927584470222449
123,0,0.03868066908289416
106,0,0.004182606928602352
75,0,0.02632261049379042
115,0,0.009370674373479137
175,0,0.4989795717643819
89,0,0.012808623778040129
124,0,0.2043290340785444
13,0,0.012162962975256743
61,0,0.08700335990951531
1,0,0.34430316770434866
92,1,0.6250619299399788
19,0,0.6144224106434177
91,0,0.06653426392831585
223,0,0.02450305459085177
94,0,0.02566137262564502
39,0,0.5527798933739528
20,0,0.03593893380597863
123,0,0.001450955906401451
220,0,0.017272573680990708
204,0,0.07111843837943248
110,0,0.32495723635281876
164,1,0.5102724073312309
32,0,0.09786037574443603
18,0,0.5308404675918287
139,0,0.002626044038011322
41,0,0.049636773918119485
28,0,0.1172748838402911
98,0,0.06025382698547091
128,0,0.03490471678778058
28,0,0.01161683080524136
216,0,0.04142778538657236
151,0,0.26864219469036055
30,0,0.09419767443075377
136,1,0.5642828022298029
58,0,0.021891708218994128
132,0,0.001450955906401451
26,0,0.31376311679341984
32,0,0.05559429397600022
31,0,0.05476999872878569
158,0,0.31668652976408757
201,0,0.005083507829503253
165,1,0.5726299175079663
94,1,0.4359823183352595
127,1,0.5320348148408817
129,0,0.11763866758880344
151,0,0.3626980658492029
111,1,0.5067742361400576
160,0,0.4539684813393546
71,0,0.00055005500550055
100,0,0.009732017782485575
193,0,0.041750702271536565
38,0,0.019370576786468627
47,0,0.18505664209249972
30,0,0.0
95,0,0.03058047113044279
91,0,0.2059290230042076
37,0,0.02450305459085177
64,0,0.41590925356043806
175,0,0.06611902767358847
147,0,0.05051074809483826
62,0,0.26478769383976536
15,0,0.10184914661311839
63,0,0.03161889268352576
64,0,0.08054205516325014
99,0,0.4421008826685941
74,1,0.42008533511139184
137,1,0.5609593658374147
139,0,0.44957928723047164
28,0,0.01758094034836191
71,0,0.03537967315353027
128,0,0.0
78,0,0.19526268312543427
106,0,0.014852271163631614
218,0,0.189759855137862
10,0,0.2205329770158367
72,0,0.00055005500550055
89,0,0.21959739741648043
158,0,0.21627469567280153
12,0,0.7217285966066455
5,0,0.5932161955691367
113,0,0.01396694181283338
39,0,0.2693801777319886
73,0,0.10688239346118959
47,0,0.020373228950139516
173,0,0.0339117759174682
28,0,0.009679775268857497
82,0,0.32868475072458697
70,0,0.1709983477086825
53,0,0.15698968048777587
174,0,0.6409498048178708
83,0,0.19526268312543427
44,0,0.21846250364096706
92,1,0.643020198192612
3,1,0.6144224106434177
123,0,0.06653426392831585
39,0,0.05373704627514181
41,0,0.07845858115768821
24,0,0.01396694181283338
7,0,0.030991797658464323
54,0,0.15399343171125532
41,0,0.00055005500550055
35,0,0.001725143137110421
63,0,0.42940020497776277
187,1,0.6751768346595933
5,0,0.24342147129947822
40,0,0.24837466809011524
139,0,0.001725143137110421
47,1,0.5918964776190713
86,0,0.00055005500550055
58,0,0.009370674373479137
187,0,0.0878927833191631
1,0,0.009370674373479137
117,0,0.08164568051739511
36,0,0.4016807972631266
5,1,0.5547677404295052
201,0,0.2173782949059854
63,0,0.19504637760345522
63,1,0.5206649196361522
55,0,0.021891708218994128
42,0,0.5481572131572131
128,0,0.5895632364427484
79,1,0.45531109254208246
37,0,0.031019835301180868
213,1,0.4989795717643819
151,0,0.12906297712927547
93,0,0.09786037574443603
36,0,0.3674721902570004
37,0,0.06693931089809788
60,1,0.530269487105187
77,0,0.09349898027068321
118,1,0.423598164646758
140,0,0.3516994853103334
61,0,0.001450955906401451
117,0,0.005083507829503253
33,0,0.0
49,0,0.08016049693460199
159,0,0.001725143137110421
48,0,0.5329448705083223
77,0,0.016759230414610984
65,0,0.5362269913994052
125,0,0.008605807600094878
50,1,0.7333991482771971
82,0,0.09782821727699847
201,1,0.6965025965530591
213,0,0.13284141674274494
108,0,0.07105887503833587
191,0,0.2599258253584556
113,0,0.04403913175843
27,0,0.012808623778040129
227,0,0.02927537116117355
83,0,0.09884974650809353
92,1,0.5380498291115351
74,1,0.6711490197145729
111,0,0.2035652338682642
14,1,0.4392673361423462
189,0,0.17276673633130277
51,0,0.3036505404926457
170,0,0.18902948287179613
101,0,0.26478769383976536
151,0,0.01407429459673329
181,1,0.5330935607564197
147,0,0.113944169860558
111,0,0.02018878744291491
127,0,0.016759230414610984
16,0,0.0
134,1,0.7089699759169902
27,0,0.013897991603738516
227,0,0.3731989711959743
112,0,0.02263103635652655
74,1,0.6952012024321924
215,1,0.6148497235453757
197,0,0.13180422318971888
161,0,0.0018623909635057995
22,0,0.0611418278734718
64,0,0.35130106318683657
63,1,0.6743170226733324
120,0,0.21403598774548172
58,1,0.6311448186701737
197,0,0.004182606928602352
102,0,0.00303747909511567
94,0,0.03161889268352576
85,0,0.10795293526139778
15,0,0.470223978919631
11,0,0.13903892331507792
60,0,0.11101905867740569
201,0,0.008932892291168594
15,0,0.021891708218994128
172,1,0.7206405275875419
48,0,0.00055005500550055
179,0,0.012162962975256743
163,0,0.29755106318683655
2,0,0.022984575321997158
40,0,0.022984575321997158
91,0,0.02610059558989219
200,0,0.09508567531875466
61,0,0.001725143137110421
78,1,0.45883253328595336
118,0,0.08193526326128237
229,0,0.019370576786468627
209,1,0.7416531165311654
127,1,0.6242611794335933
71,0,0.025547250118450757
56,0,0.019256454279274363
66,0,0.02305002625378738
158,0,0.09786037574443603
9,0,0.08253905431669287
40,1,0.6976764138890258
126,0,0.36963581782991667
197,0,0.15341231924943435
38,1,0.31753320976212546
149,1,0.5667972648829647
3,0,0.3925556892360817
64,1,0.40698143416196153
88,0,0.09232980910391415
124,1,0.600167031647494
134,0,0.33557941831193455
27,0,0.0072745539909936435
71,0,0.012808623778040129
220,0,0.3052742454845972
133,0,0.040553689477165485
168,1,0.5423549328622156
44,0,0.05061052184203609
48,0,0.17307347460389785
66,1,0.643471338209044
97,0,0.002626044038011322
178,0,0.35499222999222996
110,0,0.7059722222222223
130,0,0.15343097448360604
70,0,0.010308728376174097
180,0,0.0062724014336917565
212,0,0.0658514691451604
135,1,0.3856866529366303
185,0,0.02450305459085177
74,0,0.159338535860275
58,0,0.005083507829503253
43,0,0.4632246542863602
132,0,0.01110570300196091
42,0,0.44351691658898557
157,0,0.0585093628454636
181,0,0.5883223293709228
67,0,0.24545305694730982
112,0,0.024355953963158605
7,0,0.03653799118832352
109,0,0.18766690085436388
146,0,0.0514475864460952
123,0,0.11153110208202527
80,0,0.100109003706126
174,0,0.11358076800866253
187,0,0.022117693090146832
92,0,0.21194906365939847
4,0,0.00055005500550055
43,0,0.2380465581877386
60,1,0.6390085258525852
54,0,0.00303747909511567
20,0,0.287415499310408
170,0,0.06057674387043511
161,0,0.009947384967167659
215,1,0.4793736730360935
16,0,0.07870357609762803
5,0,0.021033354150995224
206,1,0.6048001999259268
100,0,0.04928114714819198
83,1,0.3115828991463509
105,1,0.6704025152805642
21,1,0.233468286099865
209,1,0.36879762537657274
153,1,0.6824425817425372
66,0,0.5190722242099755
74,0,0.06093824930018848
95,0,0.16623312275486188
110,0,0.015600912379817733
39,0,0.035585272013509535
109,0,0.010556093012233363
28,1,0.6556690077164214
220,1,0.35700167108445985
164,0,0.07666053798655709
30,0,0.2949742505663558
59,0,0.0
17,0,0.002626044038011322
133,0,0.1036254058261573
185,0,0.3573300768565036
44,0,0.009732017782485575
105,0,0.022611489823151292
96,0,0.14849060372368306
78,1,0.6041677620624989
170,1,0.2899328471617628
164,1,0.6313050375550375
189,0,0.08576535249699642
50,0,0.13180422318971888
29,0,0.09673081893157041
36,0,0.4676548476234683
41,0,0.03450999924296425
185,0,0.0
211,0,0.4178436417707299
83,0,0.3881309535635838
149,0,0.058459691083804555
83,0,0.06233558822096958
146,1,0.4817779686200739
62,0,0.015996295022941205
70,0,0.04187606785268593
97,0,0.06707980494411117
3,0,0.0
72,0,0.02927537116117355
152,0,0.26960456063597343
28,0,0.062300443605441104
2,0,0.14664125982872286
136,0,0.041750702271536565
40,0,0.005083507829503253
105,0,0.03597324969873989
113,0,0.06927584470222449
37,0,0.04928114714819198
221,0,0.02450305459085177
158,0,0.08741071059911638
91,0,0.10203228869895536
202,0,0.13180422318971888
220,0,0.001725143137110421
134,0,0.025547250118450757
144,0,0.1750496732177976
149,0,0.0514475864460952
31,0,0.011467046410967347
162,0,0.08656477902219288
85,0,0.11451144431839431
135,0,0.010967528069337712
155,1,0.5007733229463297
96,0,0.03863662860160753
5,1,0.6313050375550375
114,0,0.0
95,0,0.33239232944271097
103,0,0.0878927833191631
12,0,0.356465523552572
112,0,0.01110570300196091
33,0,0.30247958401560276
196,0,0.001725143137110421
159,0,0.05803957858108674
73,0,0.06004472400351097
176,0,0.027903673826794928
49,1,0.42272687986171137
183,1,0.6526203564884224
214,0,0.683907640404228
41,0,0.005494942886607602
118,1,0.45531109254208246
56,0,0.04187606785268593
63,0,0.16766976765637512
210,0,0.07359604032768424
87,1,0.738883019244939
135,0,0.015024201786129213
149,0,0.332044064776581
78,0,0.010308728376174097
18,0,0.009947384967167659
26,0,0.023519037244527443
18,1,0.6735384828545431
51,1,0.44249029646047605
208,1,0.6945687645687646
164,1,0.5885073477491539
44,0,0.28942840250237367
184,0,0.26889253144960906
44,1,0.5437947123091248
225,0,0.05641726698368551
129,1,0.1323484642433837
208,0,0.0
92,0,0.008932892291168594
144,0,0.13180422318971888
103,0,0.014719701537489438
41,0,0.19260684411013765
221,0,0.00303747909511567
92,0,0.01657828818469102
69,1,0.631704583742967
40,0,0.20734898316118797
137,0,0.11545189087827067
16,0,0.113944169860558
5,0,0.02380278597844344
167,1,0.6550156556875623
116,0,0.0477082223294173
60,0,0.04826507658374086
174,0,0.0
91,0,0.13932159584333495
64,0,0.14849060372368306
77,0,0.3526257847969771
119,0,0.22401741329224137
93,0,0.034911004676243265
205,0,0.004896565348686253
119,0,0.09372474249183775
112,0,0.23036919205270215
64,0,0.477336016809701
80,0,0.113944169860558
137,0,0.010308728376174097
216,0,0.013502909274339815
164,1,0.620911007407595
33,0,0.01657828818469102
25,0,0.09673081893157041
33,0,0.05653136081270638
76,1,0.5918981736183276
215,0,0.0047593175222908745
114,0,0.053920014440848735
181,0,0.03593893380597863
76,0,0.015600912379817733
129,0,0.0611418278734718
122,0,0.03883087442226597
109,1,0.6852090345250947
13,0,0.161146596040648
123,0,0.02927537116117355
39,0,0.2722270094253589
94,0,0.02305002625378738
204,0,0.01407839278282499
143,0,0.0878927833191631
121,0,0.4077892495216131
99,0,0.5337549161078573
60,0,0.012588434190625221
67,0,0.3287340394717271
38,1,0.5843552659979188
146,0,0.12251366727763906
110,0,0.028408488929323225
118,0,0.09786037574443603
165,1,0.7333991482771971
120,0,0.05476999872878569
28,1,0.6148497235453757
19,0,0.0
86,0,0.4738006632743475
189,1,0.4674804047113947
176,0,0.07159709960430269
169,0,0.12146154251417411
81,0,0.17307347460389785
63,1,0.48720050684867894
85,0,0.02566137262564502
19,1,0.477336016809701
176,0,0.06653426392831585
127,0,0.06265607037536862
60,1,0.6512521140248997
130,0,0.011282005994955685
187,0,0.029296489817324117
55,0,0.00055005500550055
199,0,0.05653136081270638
175,1,0.3679872791396955
96,1,0.46297334006264196
134,1,0.587445354035743
18,0,0.06506513049889241
75,0,0.2303449042404866
221,0,0.04484698351854483
77,0,0.009732017782485575
115,1,0.6704025152805642
55,0,0.00303747909511567
1,1,0.44145619497943334
65,0,0.0
162,0,0.0
68,0,0.012231913184351606
44,0,0.07359604032768424
12,0,0.3650109576175009
99,0,0.16719658876333884
113,0,0.0949545597185315
102,0,0.015024201786129213
177,0,0.10770956607859306
43,0,0.021936750860226867
151,0,0.034911004676243265
45,0,0.02927537116117355
47,0,0.06057674387043511
24,1,0.5297878527348533
200,0,0.005660218423191776
46,0,0.38668709567585974
114,0,0.1831676598779947
200,0,0.00589871790598814
96,0,0.4166766333883077
59,0,0.03786535624706249
78,0,0.012926198680651294
60,0,0.0658514691451604
186,0,0.5854078808548941
56,0,0.05031956870127494
94,0,0.0
76,0,0.20418380553313087
149,0,0.008521457234064245
69,1,0.5883223293709228
89,0,0.0
204,0,0.27232163832613604
155,0,0.1687588773786212
66,0,0.011132803605921886
62,1,0.3601923675453087
102,0,0.1705769727777243
82,0,0.022117693090146832
174,0,0.02149738668948879
37,1,0.553700227773323
89,1,0.7416531165311654
122,0,0.2849187799820874
142,0,0.056118193732872634
86,0,0.002626044038011322
77,0,0.02566137262564502
161,0,0.6556690077164214
29,0,0.018212258751675373
161,0,0.013017034623437458
139,0,0.5653354170867783
222,0,0.16566848154869931
83,0,0.004182606928602352
46,0,0.00055005500550055
31,0,0.1362037572563888
193,0,0.00055005500550055
86,0,0.00303747909511567
124,0,0.01771350997450408
50,1,0.6002685415102267
163,1,0.7104350345786811
133,1,0.5990744688964695
101,0,0.00055005500550055
8,0,0.08883921175521792
173,0,0.0018623909635057995
14,0,0.0514475864460952
53,0,0.28816078755997043
64,0,0.2060904850219721
88,1,0.6576722128446266
167,0,0.005083507829503253
141,0,0.05166906612963151
69,0,0.05641726698368551
110,0,0.07636941617462448
144,0,0.20104811283812898
96,0,0.21269867741412454
84,0,0.024987989466002395
25,0,0.039496217663003416
150,0,0.09419767443075377
46,0,0.13028049188218316
86,0,0.002626044038011322
193,0,0.06331832464434374
154,0,0.533418215771157
89,0,0.05373704627514181
128,0,0.00055005500550055
112,0,0.01396694181283338
94,0,0.021314997625305605
75,1,0.49005769442145186
100,0,0.06653426392831585
192,1,0.5068555801272786
180,0,0.001450955906401451
228,1,0.48625789415263104
180,0,0.27919408146881697
114,0,0.17276673633130277
76,0,0.0899821380484364
215,0,0.0069132105819872045
53,1,0.5601807196634784
90,0,0.46108822444074593
8,0,0.047234530528221776
27,1,0.378245335656856
75,0,0.20119695119695116
31,1,0.4471753974964184
55,0,0.021314997625305605
69,1,0.484968246464834
160,0,0.02524395485115949
124,0,0.1868471035137702
121,0,0.40531720715931246
144,0,0.13063055039452218
207,0,0.26640596173504877
69,1,0.38770716340760175
25,0,0.0059176355570841254
211,0,0.045490066388214456
56,0,0.0
75,1,0.5164071405658163
98,0,0.05061052184203609
130,1,0.18024638451750805
228,0,0.35895341321670476
0,0,0.0
131,0,0.10321192633988541
62,1,0.3380163627813138
201,0,0.28816078755997043
61,0,0.05523866720607271
59,1,0.514925087711574
102,0,0.11496942920806447
62,1,0.553700227773323
84,0,0.0018623909635057995
197,1,0.5863823915548053
32,0,0.001725143137110421
87,0,0.07180898920304113
156,0,0.5047403863193337
167,0,0.009531634092612656
22,0,0.19362613950958077
208,1,0.5933246590574176
78,0,0.24689153614579148
111,0,0.012926198680651294
91,0,0.0807836822329576
211,0,0.41993322438017705
89,0,0.16821961818314088
209,1,0.5700599391079458
193,0,0.062300443605441104
11,0,0.237190283080694
206,1,0.6265202752159275
83,0,0.003908419697893383
74,0,0.29695014575374656
82,1,0.19796714167848187
45,0,0.113944169860558
139,0,0.015600912379817733
8,0,0.001725143137110421
8,0,0.048028468039031186
95,0,0.15698968048777587
103,0,0.18806896967504672
149,0,0.09341057670426794
144,0,0.07666053798655709
44,0,0.017839173252829507
126,1,0.6429981457709314
110,0,0.00055005500550055
27,1,0.6427965292931169
105,1,0.3070186760920255
184,0,0.06057674387043511
130,0,0.005083507829503253
167,0,0.012920074748031737
177,0,0.02305002625378738
80,0,0.0949545597185315
124,1,0.5900949514827029
61,0,0.23248514851673988
145,0,0.00055005500550055
4,1,0.6324221367829442
18,1,0.25490803048558824
57,0,0.02380278597844344
71,0,0.007944746640375722
64,0,0.02305002625378738
208,1,0.598482332418764
104,1,0.6547649002370085
141,0,0.6673395593869732
39,0,0.013897991603738516
204,0,0.010308728376174097
209,0,0.001450955906401451
152,1,0.6311448186701737
198,0,0.0528638761548288
41,0,0.09245321029074645
50,0,0.03129071825225205
138,0,0.06420632553234464
185,0,0.09513427643927395
116,0,0.007944746640375722
32,0,0.11358076800866253
38,0,0.4710703526492999
29,0,0.1549066830021419
93,0,0.016114255646197454
123,0,0.0030075187969924814
165,0,0.00055005500550055
111,0,0.2808793487818707
85,1,0.738883019244939
226,0,0.12138251611935823
87,0,0.14820697862131232
230,0,0.047718459493060646
183,0,0.029007546311668117
55,0,0.5213274210847793
137,1,0.5185372101808565
62,0,0.00055005500550055
40,0,0.07887076560240952
32,0,0.03545990643236017
54,0,0.00303747909511567
221,1,0.3104435443544355
126,0,0.005660218423191776
230,0,0.06927182391369276
10,0,0.17900679866412628
66,1,0.5875748872551675
107,0,0.012739673568945264
51,0,0.06757516888016639
102,1,0.6308777246530797
26,0,0.3587118538683874
79,0,0.09469026962134391
82,0,0.2969021398513743
65,0,0.03058047113044279
86,0,0.25834080804756926
75,0,0.4471545949775701
130,0,0.16949611336555634
41,0,0.5308855273996463
201,1,0.7093469655595775
66,1,0.5843552659979188
165,0,0.4738006632743475
30,1,0.47957542795883423
120,1,0.17307347460389785
16,0,0.015024201786129213
132,1,0.5213274210847793
64,0,0.07636941617462448
105,1,0.6470553521931035
221,0,0.03807125280421781
51,1,0.4928065242039101
113,1,0.39090805462093164
43,0,0.33438934802571163
175,0,0.06693931089809788
203,0,0.15408386446187136
198,0,0.015419970149897768
201,0,0.005083507829503253
182,0,0.06004472400351097
4,0,0.1157204290735969
48,0,0.004182606928602352
161,1,0.7206405275875419
79,0,0.07458390411802672
101,0,0.1327253450710241
182,0,0.02450305459085177
56,0,0.07666053798655709
75,0,0.021314997625305605
70,0,0.24815915108819472
25,0,0.04229466761842268
101,0,0.038889463460664096
88,0,0.18172315516417503
9,1,0.620911007407595
103,0,0.008932892291168594
99,0,0.0072745539909936435
116,0,0.10921320395004604
17,1,0.4356931878941976
141,0,0.2082090159091202
160,0,0.10682651814231518
101,0,0.021314997625305605
189,0,0.0
99,0,0.03419446966597132
44,0,0.5392353358142832
106,1,0.6895169082125604
137,0,0.17367606102174005
201,0,0.1397469038809198
37,0,0.03807125280421781
151,1,0.5594960917972494
155,0,0.04702542754626184
39,0,0.10092487340330887
111,0,0.0949545597185315
168,1,0.4545802846063414
133,0,0.014661227309133065
22,0,0.18822229526512257
45,0,0.020373228950139516
93,0,0.05319205058610251
211,0,0.008605807600094878
14,0,0.010308728376174097
153,0,0.026597604685724276
98,1,0.5096165066627171
141,0,0.03545990643236017
3,0,0.007447489565301627
127,0,0.001725143137110421
81,0,0.012926198680651294
35,0,0.04187606785268593
25,0,0.0658514691451604
102,0,0.09884974650809353
131,0,0.02380278597844344
173,0,0.0047425474254742545
47,0,0.010169009494149684
47,0,0.039199270549038066
142,0,0.07274605603974728
132,0,0.012920074748031737
124,0,0.08826143405571925
37,0,0.016759230414610984
164,1,0.5336533254890253
50,0,0.0902557019380037
40,0,0.006870778971613106
4,0,0.00055005500550055
24,0,0.36529764087519867
72,0,0.08944806706000737
85,0,0.04142778538657236
123,0,0.038406569399697006
196,0,0.007620556333163345
51,0,0.06057674387043511
33,1,0.6693427645151783
54,0,0.007944746640375722
190,0,0.1576598827205483
143,0,0.22858643181610364
161,0,0.0
12,0,0.20529778931408826
29,1,0.5298589072711369
16,0,0.13704597829428222
65,0,0.0579598619688079
55,0,0.00970549918376481
30,0,0.005494942886607602
219,1,0.5821946664844799
30,0,0.04702542754626184
46,0,0.009370674373479137
73,0,0.012231913184351606
26,0,0.021314997625305605
204,0,0.21189550508150878
78,1,0.7217285966066455
208,1,0.47108732995960817
180,0,0.005494942886607602
50,0,0.06653426392831585
81,0,0.015024201786129213
83,0,0.0579598619688079
118,1,0.7793650793650794
143,0,0.03968332124656505
160,1,0.7008350457130946
152,1,0.35126262626262633
3,0,0.10688239346118959
116,0,0.10505372706329645
84,0,0.0032382270485113024
195,0,0.21105600488139584
11,0,0.00055005500550055
216,0,0.05298294760414258
1,1,0.6048001999259268
121,1,0.7217285966066455
152,0,0.09146505322376093
61,1,0.6513435378401254
66,0,0.11651064984398318
190,1,0.6786564835345322
132,0,0.05680154393401465
18,0,0.021953815080821944
74,0,0.3626980658492029
229,0,0.002626044038011322
56,1,0.27625929164182644
60,0,0.01396694181283338
21,1,0.7119760563979631
92,0,0.015024201786129213
231,1,0.3847077334714646
72,0,0.007944746640375722
204,1,0.5977337852591402
188,0,0.030293088009865896
127,0,0.34713391149584516
107,1,0.5676666406136412
130,1,0.5297878527348533
210,1,0.16623312275486188
75,0,0.012808623778040129
200,0,0.03545990643236017
71,1,0.5764508188288676
69,0,0.00055005500550055
87,0,0.004413315180121173
191,0,0.1467801174591298
36,0,0.13979982939138738
116,0,0.030167722428716532
216,0,0.05641726698368551
7,0,0.36963581782991667
66,0,0.10836321966210909
30,0,0.2081098892374974
44,0,0.19504637760345522
1,0,0.12138251611935823
35,0,0.23914596034204483
152,0,0.001725143137110421
112,1,0.6556690077164214
128,0,0.1833849116664589
158,0,0.0030075187969924814
11,1,0.625438919582566
37,1,0.43485197698680844
65,0,0.026435251006451648
44,0,0.04068750663179522
98,0,0.0
9,0,0.20639722329456722
103,0,0.02305002625378738
85,1,0.6965025965530591
198,1,0.6824425817425372
150,0,0.014661227309133065
100,0,0.6308777246530797
72,0,0.15642472869687246
220,0,0.08811633983137941
206,0,0.06720320613094345
37,0,0.07359604032768424
58,0,0.4928940986359612
180,1,0.6409498048178708
89,0,0.40935721539218983
69,0,0.1989421267612098
103,0,0.010308728376174097
232,0,0.1029274925962796
215,0,0.00055005500550055
51,0,0.32046333288299594
225,1,0.6409498048178708
12,1,0.6470794905577515
63,1,0.6119390931807783
20,0,0.18945311686526692
85,1,0.46913885692366714
49,0,0.16719658876333884
21,1,0.6513189623675557
37,0,0.015024201786129213
90,0,0.10848306053221601
157,1,0.5172673181346717
2,0,0.021891708218994128
188,0,0.17276673633130277
146,0,0.6568028333352977
117,0,0.32570476786050107
143,1,0.3552405351185839
11,0,0.3443339705377779
9,0,0.015600912379817733
221,1,0.5784418833199321
224,1,0.5474768630709225
41,0,0.01221980613562341
9,0,0.2877222375830031
150,0,0.04187606785268593
80,0,0.009885900362851283
57,0,0.04231578627457325
31,0,0.2214255869321855
86,0,0.019256454279274363
108,0,0.007982985101772673
107,0,0.477336016809701
130,0,0.08656477902219288
209,0,0.5061598467539062
42,0,0.3066099483312286
74,0,0.44351691658898557
4,0,0.00055005500550055
9,0,0.019325404488369224
38,0,0.017325318655265678
74,0,0.013502909274339815
29,0,0.02450305459085177
220,0,0.036641318195391036
0,0,0.011976291491255371
226,0,0.17066454827648855
5,0,0.20588273150348058
174,0,0.012566737994637278
116,1,0.5972302714189124
28,0,0.16097845135645825
203,0,0.012566737994637278
1,0,0.042146115097854715
73,0,0.08990311165362053
57,1,0.4680037778313641
115,0,0.13408120164241288
73,0,0.012739673568945264
176,0,0.005660218423191776
213,1,0.5974284986309686
33,1,0.7333991482771971
101,1,0.46882544948100646
3,0,0.6569528056484578
226,0,0.0069132105819872045
111,0,0.1811922398924786
13,0,0.1831676598779947
123,0,0.002626044038011322
184,1,0.7217285966066455
10,1,0.616943944034591
69,0,0.0
102,0,0.13180422318971888
37,0,0.00055005500550055
106,0,0.001725143137110421
15,1,0.6322045694355594
56,0,0.05489536430993506
110,0,0.012808623778040129
36,0,0.3781294376121962
105,0,0.38668709567585974
184,1,0.6282375060625555
57,0,0.007447489565301627
1,0,0.01396694181283338
220,1,0.5164275450899655
199,0,0.49054973159832493
120,1,0.6547649002370085
16,0,0.010308728376174097
96,1,0.5054310874896637
138,1,0.5670643589000587
67,0,0.25826752962822225
198,0,0.132738052992019
169,0,0.01396694181283338
49,1,0.6406761050369124
6,0,0.006870778971613106
75,0,0.09062300720305512
157,0,0.5454419574803407
154,0,0.021891708218994128
23,0,0.01221980613562341
93,1,0.5061806492727544
12,0,0.03653799118832352
102,0,0.022100119064391455
108,0,0.18789046186877711
76,0,0.004182606928602352
107,0,0.007406274508084151
36,0,0.17276673633130277
23,1,0.5947772597772598
228,0,0.007447489565301627
25,0,0.2219697064172622
10,0,0.24342147129947822
137,0,0.012808623778040129
57,0,0.113944169860558
24,0,0.045490066388214456
110,0,0.09786037574443603
122,0,0.13180422318971888
81,0,0.2867725634870771
131,0,0.008932892291168594
42,0,0.02942215309564954
179,1,0.6965025965530591
187,0,0.02408310444104016
66,0,0.19041903614197211
0,0,0.036069322711036515
2,0,0.029007546311668117
166,0,0.02927537116117355
71,0,0.005494942886607602
14,0,0.022117693090146832
27,0,0.02666402478931591
182,1,0.49054973159832493
40,0,0.26723919398083723
138,0,0.12874353260508728
158,1,0.6704025152805642
52,0,0.010308728376174097
189,0,0.04469736523887341
68,0,0.13861676357914632
74,0,0.015024201786129213
53,1,0.6693427645151783
181,0,0.15124526128892943
223,0,0.47104634030282017
83,0,0.002626044038011322
55,1,0.597429225092084
68,1,0.2705554822589788
195,0,0.3983504090526799
81,0,0.020373228950139516
80,0,0.30033977685911384
60,1,0.5624475853078094
219,0,0.012162962975256743
169,0,0.7221055862492327
142,0,0.3761526702236912
174,0,0.010308728376174097
22,0,0.002626044038011322
110,0,0.3302738944444159
38,0,0.02666402478931591
24,0,0.31512305097351717
19,0,0.18984522888808564
135,0,0.17198517555892476
87,0,0.013897991603738516
187,0,0.007944746640375722
183,1,0.3824143226889222
19,0,0.02566137262564502
116,0,0.00055005500550055
226,0,0.015419970149897768
15,0,0.006071653480296125
129,0,0.010308728376174097
222,0,0.021891708218994128
18,0,0.3385565052231719
165,1,0.51416533970276
65,0,0.5172644111800738
211,0,0.1523504488930747
35,0,0.1036254058261573
130,0,0.3688332522275733
205,0,0.18100719327567835
139,0,0.006870778971613106
169,1,0.1274114774114774
210,0,0.22862158167036215
164,0,0.012722903472128644
136,0,0.018212258751675373
178,1,0.6062283155097132
74,1,0.6965025965530591
35,0,0.11848967275165727
154,1,0.45171522091026733
2,0,0.03537967315353027
161,0,0.5057118009646104
213,0,0.5136597574732092
35,0,0.03597324969873989
109,0,0.01110570300196091
11,0,0.25286599330522086
67,1,0.8426984126984127
21,0,0.0
140,0,0.01046873488915936
133,0,0.015081044946495878
126,0,0.3237738894098776
162,1,0.5115911059862849
134,0,0.021314997625305605
194,1,0.524537190607237
167,0,0.012739673568945264
139,1,0.30533803692322786
73,0,0.07903433414553747
131,0,0.3645224171539961
140,1,0.2539181141022736
180,1,0.4533126143019192
206,0,0.08484107928718689
210,0,0.0949545597185315
43,1,0.29294567217579065
48,1,0.5928502415458937
142,0,0.007447489565301627
32,0,0.5297878527348533
64,0,0.17062625366732978
137,0,0.07950300262282449
87,0,0.001725143137110421
183,0,0.09079859934506762
231,0,0.00055005500550055
154,1,0.6735384828545431
56,0,0.002626044038011322
137,0,0.1831676598779947
133,0,0.012176999133520874
46,0,0.23839303034499756
98,0,0.00055005500550055
102,0,0.04359976758769193
53,0,0.001725143137110421
97,0,0.001725143137110421
219,1,0.6824425817425372
112,0,0.010064959869778824
7,0,0.03968332124656505
51,0,0.040596219369185775
124,0,0.06601503768828834
99,0,0.002626044038011322
232,0,0.004182606928602352
8,0,0.00055005500550055
178,1,0.55638630144559
5,0,0.012231913184351606
122,0,0.07164438331489537
211,1,0.5119996447689817
58,0,0.0713129149066296
160,1,0.5394265708239566
224,0,0.031961902007657174
127,0,0.22111834265626365
199,0,0.1157204290735969
158,1,0.6000765908079767
82,0,0.04299035130901558
45,0,0.005494942886607602
131,0,0.0
4,0,0.011282005994955685
5,0,0.042972892580097226
209,1,0.6600014568764568
141,0,0.14726791855122734
188,1,0.620911007407595
118,0,0.0805161237045295
11,0,0.012808623778040129
15,0,0.012231913184351606
156,1,0.6976764138890258
90,0,0.02305002625378738
39,1,0.620911007407595
118,1,0.5337549161078573
187,0,0.05476999872878569
58,0,0.16199522383847073
183,0,0.004413315180121173
46,0,0.04359976758769193
135,0,0.1657899269423433
126,0,0.12082321187584344
127,0,0.13180422318971888
76,0,0.14569408376553272
178,0,0.012231913184351606
143,0,0.11242043855302226
49,0,0.27600506256806767
102,1,0.46154884742502694
92,0,0.4101435519491799
198,0,0.008356181697480071
173,0,0.001725143137110421
120,0,0.03480296255984175
7,0,0.12771779877043035
83,1,0.683907640404228
93,0,0.005695690840003234
91,0,0.34340639712407683
18,0,0.04244144955289867
85,0,0.013964270275630726
102,1,0.7221055862492327
113,0,0.42538967092742835
105,1,0.6313275941003798
139,0,0.5362269913994052
122,0,0.01657828818469102
108,0,0.0069132105819872045
10,1,0.6291416135419685
220,0,0.006870778971613106
87,0,0.13180422318971888
129,0,0.3692580026363436
98,0,0.13180422318971888
194,0,0.2172798013017847
221,0,0.2555444715649107
21,0,0.37399190587465453
62,1,0.7051383874603984
23,0,0.1930522482941682
76,1,0.616943944034591
148,0,0.29849251687384887
160,0,0.024289675291266393
106,1,0.3846518947306888
7,0,0.10753988777296712
148,1,0.3287120662755181
114,1,0.3010517365598376
47,1,0.616943944034591
17,0,0.047234530528221776
127,1,0.5298589072711369
131,0,0.006870778971613106
43,0,0.37421471007998947
16,0,0.47880239831212035
215,0,0.054080051474103406
14,0,0.04187606785268593
23,0,0.2316882875561511
18,0,0.01758094034836191
59,0,0.03844836734604246
124,0,0.001725143137110421
17,0,0.007447489565301627
183,0,0.002626044038011322
45,0,0.17062625366732978
41,0,0.04299035130901558
187,0,0.6767582875229051
178,0,0.007607496078286892
195,0,0.2603388728468863
25,0,0.007447489565301627
59,0,0.02927537116117355
50,0,0.03883087442226597
162,0,0.12111121288531794
134,0,0.004319854754997731
25,1,0.5028126569563034
21,0,0.021891708218994128
79,1,0.3021149511726558
171,1,0.6934806955496611
12,1,0.7040199929703621
121,0,0.06862638406014598
72,0,0.14880913918714608
123,0,0.239252855257353
175,0,0.05680154393401465
80,0,0.005695690840003234
230,0,0.10055709012991221
84,0,0.008782110593089655
116,0,0.3394941617341239
185,0,0.26889253144960906
24,1,0.5344319716629616
214,0,0.015600912379817733
96,0,0.07887076560240952
69,1,0.3824143226889222
139,0,0.011467046410967347
70,0,0.006071653480296125
109,0,0.16719658876333884
189,0,0.059560673305984
62,0,0.26723919398083723
76,0,0.07354548256494375
153,0,0.009732017782485575
80,1,0.6207515851123925
70,0,0.2279300183080252
147,1,0.5553407362093951
201,1,0.3972665746763913
36,0,0.012231913184351606
33,0,0.00055005500550055
4,0,0.04403913175843
82,0,0.00055005500550055
86,1,0.5060411845897779
11,0,0.020373228950139516
39,0,0.42623604465709725
133,0,0.19260684411013765
162,0,0.11373104393699358
76,0,0.3011950767726346
215,0,0.06725468672576736
176,0,0.021936750860226867
122,1,0.4667600078217138
69,0,0.0030075187969924814
107,0,0.07105887503833587
52,0,0.28377492449292163
221,0,0.006870778971613106
173,0,0.012926198680651294
58,0,0.31376311679341984
98,0,0.021314997625305605
141,1,0.45525057444562095
141,0,0.001725143137110421
64,0,0.00055005500550055
82,1,0.7206405275875419
4,0,0.012231913184351606
93,1,0.39458363485823433
121,0,0.11069673881801627
66,0,0.012231913184351606
150,0,0.011467046410967347
39,0,0.012789182144020854
141,1,0.470223978919631
60,0,0.00303747909511567
136,1,0.6848320448825075
139,0,0.00303747909511567
135,0,0.03667795799029395
131,0,0.0
91,0,0.045490066388214456
204,0,0.24558233846771396
96,1,0.6526203564884224
201,0,0.050126471144509105
103,0,0.09508567531875466
28,0,0.4754266805990944
112,0,0.1458720023937415
29,0,0.05489536430993506
203,0,0.2929769089814067
74,0,0.07354548256494375
9,0,0.0611418278734718
67,0,0.06025382698547091
137,0,0.010967528069337712
201,1,0.3503607121051448
75,0,0.010641670463467345
59,0,0.014661227309133065
17,0,0.09079859934506762
50,0,0.05174878274191035
192,1,0.23141539671381084
147,0,0.0
75,0,0.04446893521816039
73,0,0.06862638406014598
207,1,0.608722060658933
118,0,0.004182606928602352
43,0,0.3287340394717271
86,0,0.5287867695181553
82,0,0.0754179271329667
110,0,0.0585093628454636
37,0,0.0
69,1,0.45472160969489406
35,0,0.25888709573737434
177,0,0.008356181697480071
34,0,0.02305002625378738
63,0,0.09419767443075377
89,0,0.113944169860558
128,0,0.007447489565301627
106,0,0.05489536430993506
165,0,0.007229971515089376
102,0,0.045490066388214456
192,0,0.35180269735311803
6,0,0.07274605603974728
107,0,0.28816078755997043
69,0,0.006870778971613106
212,1,0.7206405275875419
107,1,0.12907160198272605
221,0,0.00055005500550055
53,1,0.32784690942585676
163,0,0.02942215309564954
133,0,0.07180898920304113
133,0,0.015600912379817733
198,0,0.005494942886607602
13,0,0.07850044623418784
149,1,0.6673395593869732
108,0,0.0030075187969924814
152,0,0.06753138056221718
168,0,0.5351729167518641
4,0,0.08164568051739511
65,0,0.09062300720305512
75,1,0.6474384015820479
79,0,0.011858716588644208
44,1,0.47957542795883423
36,1,0.3403183885640026
55,0,0.5397623449347587
110,0,0.001450955906401451
15,1,0.4928065242039101
98,0,0.02305002625378738
217,0,0.001725143137110421
94,1,0.4710703526492999
22,0,0.07790477733267186
117,1,0.6311448186701737
147,0,0.007944746640375722
21,1,0.36962639302073
136,0,0.29290310189186597
47,1,0.45280849863936795
16,0,0.3672981424493269
23,0,0.6349230032419687
7,0,0.20627316279490193
214,0,0.00055005500550055
54,0,0.029296489817324117
68,0,0.19099662403770015
22,0,0.38237675084827355
102,0,0.13738676161285465
31,1,0.3205607482995975
65,0,0.38668709567585974
218,1,0.5942241909379394
7,1,0.365387400895502
120,0,0.2176178443231954
49,0,0.09079859934506762
154,0,0.006870778971613106
164,0,0.21025817819658318
89,1,0.4815129621759455
77,0,0.11187403213867984
14,0,0.007944746640375722
85,0,0.03597324969873989
20,0,0.048412744989360344
102,0,0.00055005500550055
68,0,0.23318468970642883
146,1,0.6148497235453757
115,0,0.12134458694422064
28,0,0.4490994280150907
211,0,0.291186636539037
55,0,0.01110570300196091
157,0,0.15408386446187136
129,0,0.2463385330685072
1,0,0.017692391318353522
113,0,0.012739673568945264
91,0,0.08322818720764806
76,0,0.008356181697480071
46,1,0.6815430498620154
55,0,0.0
196,0,0.039199270549038066
213,0,0.20868191164293112
81,0,0.1714294259999456
73,0,0.004182606928602352
66,0,0.0
190,0,0.10215142755067765
214,1,0.56091795986129
96,0,0.023926343997163247
33,0,0.178536400877182
131,0,0.03593893380597863
72,0,0.17715447320710478
111,0,0.09572071467950166
127,0,0.02450305459085177
42,0,0.006670649143767423
136,0,0.29375716382047123
81,0,0.4341332712022367
220,0,0.33557941831193455
48,0,0.3609872960476124
18,0,0.33629274117191615
159,1,0.48077191371449746
23,0,0.26401778368251616
118,0,0.15141661909077456
40,0,0.07270148791788504
9,1,0.4951357919766231
106,1,0.5469717064544651
5,0,0.10403845331458796
197,1,0.5098179877086864
156,1,0.518534988439094
152,1,0.23426573426573424
107,0,0.2737445242586427
85,0,0.07459315696158557
186,1,0.6277883035467741
213,0,0.05166906612963151
33,0,0.0030075187969924814
28,0,0.010308728376174097
1,0,0.015151001209818752
174,0,0.005494942886607602
144,0,0.07678246366305515
31,0,0.1622959824540852
134,0,0.2813057635598109
31,1,0.7047565648070274
13,1,0.43716857979657614
131,0,0.016759230414610984
138,0,0.0
59,0,0.04403913175843
53,0,0.6824425817425372
181,1,0.5049997330704676
66,0,0.006870778971613106
46,0,0.12972909629450355
5,0,0.1128146130476924
174,0,0.2614546184974458
127,0,0.12289777640286625
139,0,0.011467046410967347
58,0,0.006870778971613106
26,0,0.009732017782485575
188,0,0.178536400877182
202,0,0.13063055039452218
157,0,0.5007733229463297
15,0,0.23290327766724947
42,0,0.012926198680651294
222,0,0.02666402478931591
198,1,0.608722060658933
49,0,0.2614546184974458
230,1,0.6736752136752138
155,0,0.07887076560240952
64,0,0.06057674387043511
117,0,0.0
232,0,0.002626044038011322
76,0,0.11472528298019098
215,0,0.00055005500550055
35,1,0.6568028333352977
93,0,0.012162962975256743
140,0,0.17307347460389785
103,1,0.17978473877350284
55,0,0.1513375926959587
97,1,0.5246856979847994
24,0,0.1413794865402561
109,0,0.005660218423191776
115,0,0.020373228950139516
136,0,0.16067171308386316
161,0,0.1461775310412876
142,0,0.001725143137110421
29,1,0.6878381253634803
96,0,0.2792182036783478
121,0,0.027903673826794928
51,0,0.10325115955615706
98,1,0.553700227773323
8,0,0.12972909629450355
48,0,0.04895823026322777
155,0,0.07811388031463179
34,0,0.3715633050355997
47,0,0.30091643249537986
107,1,0.48984039207969693
10,0,0.08376306902587287
71,1,0.5118309663046506
23,0,0.31415027467659046
12,0,0.1549066830021419
187,0,0.015081044946495878
38,0,0.0585093628454636
121,0,0.2804648991880678
180,1,0.4485178907231546
15,0,0.011858716588644208
16,0,0.005083507829503253
179,0,0.417307494238842
23,0,0.0
128,0,0.0
108,1,0.5098179877086864
216,1,0.6144224106434177
109,1,0.5844155844155844
124,0,0.05111941201482149
27,0,0.2981114425304347
23,0,0.27521426385062747
132,0,0.0713129149066296
185,0,0.13635492673293362
157,0,0.1345862776505358
93,0,0.113944169860558
157,0,0.09079859934506762
132,0,0.3777648184358074
57,1,0.5408253074156965
22,0,0.07458390411802672
74,0,0.016464165677496756
177,0,0.03419446966597132
116,0,0.007447489565301627
98,0,0.10807523126363705
0,0,0.02305002625378738
96,0,0.049636773918119485
26,0,0.5230097226421399
28,0,0.016759230414610984
96,0,0.3952183994485179
12,0,0.03229337041592294
91,1,0.5668300374024396
118,1,0.6547649002370085
159,0,0.018212258751675373
185,0,0.3556203378743852
23,0,0.001450955906401451
145,0,0.2104586265071402
47,1,0.4718038529656237
212,0,0.622304432579032
89,0,0.0030075187969924814
126,1,0.4891334630605512
153,0,0.01407839278282499
2,0,0.008605807600094878
217,0,0.00055005500550055
195,0,0.0032382270485113024
75,0,0.18068906411362426
169,0,0.390146831575
173,0,0.06530093018833637
57,1,0.505417441874438
182,0,0.0477082223294173
6,1,0.548015933553691
89,0,0.004413315180121173
133,1,0.7089699759169902
28,0,0.02094180102959821
130,0,0.002626044038011322
57,0,0.02305002625378738
135,0,0.6778463565420086
63,0,0.00055005500550055
58,0,0.0
11,0,0.2555444715649107
110,0,0.002626044038011322
67,0,0.001725143137110421
3,0,0.024289675291266393
227,0,0.028845442501961017
214,0,0.17337633922251092
96,0,0.07887076560240952
197,0,0.010091210325961846
177,1,0.5054310874896637
93,0,0.27353734124973045
26,0,0.0530562217604628
184,1,0.4447890831875045
89,0,0.06862638406014598
67,0,0.12556961940775394
54,0,0.021891708218994128
100,0,0.036662105259689694
153,0,0.016464165677496756
145,1,0.7206405275875419
174,0,0.0
130,0,0.03262154484719665
74,0,0.031176595745057784
214,0,0.26478769383976536
71,1,0.4690169365848669
163,0,0.19014952235457028
90,0,0.004182606928602352
210,0,0.26811092299009803
121,0,0.00055005500550055
152,1,0.6409498048178708
28,0,0.021891708218994128
215,0,0.17307347460389785
62,0,0.5786021231818318
83,0,0.02305002625378738
126,0,0.10674403894908686
66,0,0.29043090479260697
53,0,0.001725143137110421
169,0,0.5742572944297083
48,1,0.31827990638059284
23,0,0.08576535249699642
0,0,0.18094413224028308
20,0,0.07113803312497342
70,0,0.2670160281684445
111,0,0.113944169860558
74,0,0.027903673826794928
77,1,0.4442626853112787
14,0,0.3339840882339035
221,0,0.009947384967167659
42,0,0.047234530528221776
90,0,0.10405643738977073
112,1,0.32591961573445244
108,0,0.02282475174822775
90,0,0.1357304635848291
72,0,0.10064778967922465
160,0,0.30261752136752135
42,0,0.006870778971613106
143,0,0.15620680489101543
195,0,0.06145045931750415
133,0,0.012808623778040129
49,0,0.0011750881316098707
186,1,0.3994861989739716
72,0,0.012231913184351606
63,0,0.012231913184351606
119,1,0.5481572131572131
21,0,0.041750702271536565
99,0,0.13613337838209444
120,0,0.29914650867328324
128,0,0.00055005500550055
68,0,0.08552035755705661
171,1,0.6583046507080544
48,0,0.01407839278282499
59,0,0.15182966657920524
53,0,0.38077615943857984
20,0,0.07274605603974728
35,0,0.28069760690141426
133,1,0.4635306214253583
177,1,0.6798069387509043
202,0,0.47567936850296677
121,0,0.005083507829503253
47,1,0.5092978966313196
177,0,0.002626044038011322
130,0,0.16949611336555634
0,1,0.40765316880558516
97,0,0.004182606928602352
71,0,0.005083507829503253
145,0,0.21775176251573428
192,0,0.21403598774548172
4,0,0.13499932513896648
56,0,0.3576984231310534
80,0,0.0069132105819872045
27,1,0.584707547480333
194,1,0.6583046507080544
41,0,0.01758094034836191
73,0,0.22604481061533024
15,0,0.021936750860226867
111,1,0.6148497235453757
61,0,0.13282948253722535
191,0,0.001725143137110421
125,1,0.6914774904214559
204,0,0.5592162517467382
141,0,0.41159890873285176
22,0,0.009947384967167659
189,0,0.013017034623437458
43,0,0.001725143137110421
153,0,0.09950573384655599
117,0,0.044589610983878016
83,0,0.04403913175843
60,0,0.1128146130476924
4,1,0.6934806955496611
137,1,0.5394265708239566
71,0,0.3613617994234169
212,0,0.015024201786129213
122,0,0.016759230414610984
126,0,0.045490066388214456
197,1,0.49464324311384394
10,0,0.01396694181283338
35,0,0.012231913184351606
122,0,0.004413315180121173
140,1,0.49991247224448804
184,0,0.13979982939138738
163,0,0.17646963337477792
217,1,0.5246856979847994
123,0,0.001725143137110421
79,0,0.04273390658967862
171,1,0.7093469655595775
114,1,0.48711321199126073
1,0,0.5397623449347587
99,0,0.012176999133520874
113,0,0.06004472400351097
197,0,0.4174168353164905
35,1,0.5345798319327731
107,0,0.13979982939138738
13,0,0.18026116509779197
22,0,0.03545990643236017
228,0,0.015024201786129213
91,0,0.020019689984668913
16,1,0.6848320448825075
85,1,0.5424066657453586
74,0,0.20768136557610242
207,0,0.018212258751675373
20,0,0.007571550044668324
218,0,0.009732017782485575
209,0,0.00055005500550055
209,0,0.02018878744291491
100,0,0.009732017782485575
89,0,0.5308404675918287
48,1,0.6893915113719699
15,0,0.011467046410967347
128,1,0.4871794871794872
212,0,0.08261805804443782
2,0,0.012808623778040129
36,0,0.05061052184203609
98,1,0.582930628909975
54,0,0.006870778971613106
58,0,0.13979982939138738
133,0,0.01396694181283338
107,1,0.6591089532525997
88,0,0.10688239346118959
87,0,0.36392759007701536
7,0,0.1894124290540864
47,1,0.5979020979020979
33,0,0.4724110550337954
54,0,0.008521457234064245
231,0,0.01758094034836191
22,1,0.6557198233826823
120,0,0.19683383245976316
8,0,0.021891708218994128
21,0,0.00055005500550055
40,0,0.04142778538657236
29,0,0.010432534993513556
207,1,0.730359554503201
222,0,0.2231615797567678
183,0,0.13240680960756107
102,0,0.13076270180436847
95,0,0.001450955906401451
67,0,0.001725143137110421
80,0,0.1128146130476924
213,0,0.5644921081094387
80,1,0.5446251076845173
202,0,0.09079859934506762
60,1,0.6786564835345322
124,0,0.22374278483264143
73,1,0.6409498048178708
143,0,0.007447489565301627
13,0,0.15435142299029944
137,1,0.5903927227456639
154,0,0.03982381529257834
210,1,0.7176009338135457
152,1,0.6148497235453757
111,0,0.015600912379817733
60,0,0.13800007034574938
135,0,0.001725143137110421
160,0,0.42172047853221767
60,0,0.015600912379817733
208,0,0.10184914661311839
178,1,0.5670643589000587
140,1,0.5096952002892596
30,0,0.44835590685827337
79,0,0.047629218601672345
99,0,0.015600912379817733
76,1,0.4392673361423462
35,0,0.08164568051739511
162,0,0.02566137262564502
194,1,0.5986168527604991
87,0,0.08543522220932727
25,0,0.10753988777296712
117,0,0.0032382270485113024
88,0,0.2775102590328016
109,1,0.554652295700889
70,0,0.3692580026363436
131,0,0.0
208,0,0.008356181697480071
87,0,0.0032382270485113024
39,1,0.6583046507080544
218,1,0.7062393162393162
87,0,0.014843259556209248
155,0,0.03390708654539443
162,0,0.001725143137110421
98,1,0.5060411845897779
118,0,0.19501452653626564
48,0,0.08069265240769198
27,0,0.0057381224503773335
35,1,0.2791069183081151
15,1,0.4052515141624053
91,0,0.0026881720430107525
212,0,0.032667617830582564
58,1,0.5682498656028069
56,0,0.011282005994955685
175,0,0.0
78,0,0.008824542203463752
119,0,0.001450955906401451
149,0,0.01110570300196091
199,1,0.7333991482771971
89,0,0.4476090341661914
47,0,0.3902203277518668
191,1,0.45056089817031064
57,0,0.0
34,0,0.2548218770743241
16,0,0.00055005500550055
24,0,0.012231913184351606
173,0,0.07197255774616908
173,1,0.6583046507080544
46,0,0.030132400217458794
26,0,0.1145467562784002
107,0,0.3058130873706398
48,0,0.0
131,0,0.4724110550337954
22,0,0.4476090341661914
105,0,0.40230010952902523
81,1,0.5256377659123653
33,0,0.011467046410967347
19,0,0.3033537623425264
215,1,0.5317963286713286
42,0,0.04015198972385206
96,0,0.09786037574443603
172,0,0.008356181697480071
132,1,0.5554652639796764
173,1,0.5958988927738927
55,1,0.7221055862492327
22,0,0.2435595376447285
143,0,0.009358821186778176
139,0,0.02305002625378738
198,0,0.04783358791056667
61,0,0.0047593175222908745
21,0,0.015600912379817733
106,0,0.016759230414610984
94,0,0.08552035755705661
70,0,0.16046809267314058
35,0,0.11242043855302226
84,0,0.30203628425173146
192,0,0.06057674387043511
89,0,0.3168061136918871
174,1,0.4224493768980255
121,0,0.05492952569968943
95,1,0.42336503863963815
192,1,0.48182005563936037
136,1,0.5298589072711369
165,0,0.0
132,0,0.02450305459085177
192,1,0.6429981457709314
61,0,0.00055005500550055
189,0,0.10092487340330887
194,0,0.004948810716592218
82,0,0.007607496078286892
89,0,0.16115784178377246
110,1,0.6385603416779005
198,0,0.036069322711036515
22,0,0.015600912379817733
173,0,0.013502909274339815
59,0,0.025111385225017314
190,1,0.5151262867160098
125,0,0.06004472400351097
52,1,0.7333991482771971
108,0,0.15341231924943435
118,0,0.07274605603974728
135,0,0.27485478349056364
10,0,0.0
16,0,0.3240283894610197
20,0,0.4113801594746717
8,0,0.00055005500550055
47,1,0.5764508188288676
210,0,0.10795293526139778
20,0,0.010308728376174097
85,1,0.5731087094723458
199,1,0.4770266548012543
200,0,0.021314997625305605
59,1,0.6556690077164214
109,1,0.2630249136024714
176,0,0.1299129568893379
143,1,0.6006455311528139
121,0,0.13180422318971888
207,0,0.038151446087267775
97,0,0.06057674387043511
26,0,0.011132803605921886
180,0,0.00055005500550055
73,0,0.0
174,0,0.05024056497352999
116,0,0.008356181697480071
12,0,0.06739302605011445
10,0,0.37949630304783105
144,1,0.6207515851123925
125,0,0.06004472400351097
5,0,0.20634207049263828
198,0,0.040734631707085446
183,0,0.001725143137110421
53,0,0.0062724014336917565
91,0,0.005083507829503253
92,0,0.0057381224503773335
12,0,0.0018623909635057995
139,0,0.03262154484719665
136,0,0.001450955906401451
137,1,0.5676666406136412
36,1,0.7333991482771971
114,0,0.23634198274928722
85,0,0.28443336466644403
99,1,0.07212324602268617
181,0,0.5199156500337826
46,0,0.015600912379817733
29,0,0.18666076689384625
122,1,0.6311448186701737
113,0,0.573429872415738
12,0,0.001725143137110421
196,1,0.5227635926165338
148,0,0.002626044038011322
129,1,0.6308777246530797
95,0,0.22049210535586192
86,1,0.5334330555192857
135,0,0.013502909274339815
104,1,0.5935917530745117
203,0,0.14333228474325085
113,1,0.4521485019038594
149,0,0.009774449392859675
169,0,0.509224425148993
214,0,0.38485793370239446
105,0,0.015600912379817733
221,0,0.021314997625305605
154,0,0.0047593175222908745
95,1,0.6818101438791094
227,1,0.3615758620060902
132,0,0.03385024338502776
72,0,0.25490803048558824
40,0,0.012926198680651294
24,0,0.12371603527526541
47,0,0.0030075187969924814
60,0,0.20383218054251537
38,1,0.6031900396470358
9,0,0.509224425148993
49,1,0.7206405275875419
102,0,0.08741071059911638
204,0,0.12972909629450355
192,0,0.09075818042696744
174,0,0.001725143137110421
72,0,0.5141858517493035
50,0,0.16623312275486188
55,0,0.045490066388214456
178,0,0.0204566435573067
60,0,0.01407839278282499
104,0,0.34392476122915544
128,0,0.017171897561631358
12,0,0.09673081893157041
107,0,0.11762305112814098
45,0,0.00303747909511567
201,0,0.017272573680990708
34,0,0.0521879449257808
20,0,0.09463407756413246
54,1,0.4492567256632592
74,0,0.4277689964118363
60,0,0.04783358791056667
119,0,0.015081044946495878
208,0,0.050126471144509105
53,0,0.06927584470222449
44,0,0.04436204864339421
175,0,0.06145045931750415
73,1,0.2461725063807826
61,0,0.11525608894029947
65,0,0.028408488929323225
49,1,0.5815622286210521
6,0,0.06689939815158627
125,0,0.1297589202655188
113,0,0.1109499896202043
132,0,0.2596839566979631
97,1,0.4031379655794662
63,0,0.35877747666365556
146,0,0.1576598827205483
133,0,0.09936809676214868
139,0,0.02472903946200447
213,1,0.6047776433805846
95,0,0.17367606102174005
42,1,0.3799222999223
77,0,0.009679775268857497
102,0,0.00303747909511567
125,1,0.3713646403534044
42,0,0.009370674373479137
84,0,0.1576598827205483
61,0,0.016759230414610984
146,1,0.6934806955496611
92,0,0.29788192165107996
207,1,0.553700227773323
134,1,0.64701108868009
173,0,0.005083507829503253
65,0,0.10092487340330887
14,0,0.01161683080524136
207,0,0.09673081893157041
86,0,0.10272907233103178
20,0,0.015413987033789128
88,1,0.5949042540993006
232,0,0.155949396455995
12,0,0.021891708218994128
57,1,0.6751085499865987
139,0,0.008605807600094878
61,0,0.6513189623675557
153,0,0.001725143137110421
94,1,0.5872409737375613
194,0,0.299705405071605
121,0,0.059543299619191976
53,0,0.005494942886607602
82,1,0.7384195867758964
20,0,0.17276673633130277
25,1,0.47079007948573165
188,0,0.21712998689848662
64,0,0.398283172395589
70,0,0.06740797937538488
62,0,0.015600912379817733
119,0,0.004182606928602352
169,0,0.24703559258736177
68,0,0.06601503768828834
99,0,0.49005769442145186
158,0,0.06145045931750415
80,0,0.10184914661311839
145,0,0.19041903614197211
144,0,0.3368470332543378
53,0,0.054555872422917255
183,0,0.11799740752629091
116,0,0.097809973826234
184,0,0.3058130873706398
0,0,0.009358821186778176
147,1,0.6308777246530797
121,0,0.001725143137110421
195,0,0.015024201786129213
131,0,0.0
69,0,0.09689438747469836
151,0,0.013502909274339815
148,0,0.00055005500550055
55,0,0.007571550044668324
228,0,0.01407839278282499
216,0,0.014719701537489438
23,0,0.00055005500550055
47,0,0.06237478704156624
34,1,0.5044445381616435
127,0,0.0878927833191631
53,0,0.00055005500550055
14,0,0.03419446966597132
39,0,0.08220282178971046
198,1,0.6444262613547179
143,1,0.13613337838209444
221,0,0.013897991603738516
99,1,0.5064798117758745
13,0,0.020324856346361723
5,0,0.010308728376174097
177,0,0.6144224106434177
37,0,0.001725143137110421
1,0,0.17307347460389785
10,0,0.06635867178630335
66,1,0.54472661754725
57,0,0.2856883547520954
152,1,0.5344597543378031
88,1,0.6848320448825075
112,0,0.015905120176243667
212,0,0.1128146130476924
85,0,0.05265477317286887
45,1,0.4516634880271244
33,0,0.04436204864339421
61,0,0.02313135725647314
208,0,0.19892913413472724
215,1,0.5918981736183276
206,0,0.113944169860558
121,0,0.00055005500550055
109,1,0.620911007407595
131,0,0.01730489426951508
81,0,0.00055005500550055
50,0,0.005494942886607602
8,0,0.011282005994955685
99,0,0.004182606928602352
98,0,0.5057118009646104
198,0,0.20877266364391797
220,0,0.2810847263540634
50,0,0.001725143137110421
44,1,0.5336533254890253
112,0,0.005643448326375156
28,1,0.8146591970121383
155,1,0.39786324030474085
23,0,0.0477082223294173
138,0,0.13180422318971888
67,0,0.03419446966597132
196,0,0.02305002625378738
6,0,0.031959907059219965
157,0,0.002626044038011322
186,0,0.05024056497352999
118,0,0.012231913184351606
167,1,0.5512820512820512
24,1,0.7006850733999342
163,1,0.22302794780618554
172,0,0.015449673001497693
57,1,0.47045707915273133
214,0,0.25289179729324923
136,0,0.00055005500550055
67,1,0.6137683679120144
8,0,0.16865856278475874
207,1,0.6576722128446266
15,0,0.03818058452854431
64,0,0.012231913184351606
80,1,0.5935066378979624
48,0,0.20506928165432825
51,0,0.02566137262564502
47,1,0.30963692585643804
83,1,0.64701108868009
175,1,0.5128991766495036
62,0,0.01413113775709996
62,1,0.5582264439490378
168,0,0.001725143137110421
89,0,0.07666053798655709
119,0,0.429917386057737
144,1,0.6002685415102267
92,0,0.113944169860558
27,0,0.0069132105819872045
76,0,0.06057674387043511
146,0,0.001450955906401451
127,0,0.016759230414610984
100,0,0.012231913184351606
12,0,0.003908419697893383
139,0,0.35705736875152166
72,0,0.5034701076239484
11,0,0.006071653480296125
168,1,0.64701108868009
55,0,0.00055005500550055
128,0,0.0
34,0,0.005660218423191776
217,0,0.024289675291266393
23,0,0.09786037574443603
150,0,0.10428083778592763
52,0,0.058459691083804555
113,0,0.011544238663026235
55,0,0.16512797188038822
196,1,0.5394265708239566
71,0,0.10753988777296712
105,0,0.09145609365684514
48,1,0.5063505465982246
56,0,0.0018623909635057995
140,0,0.020019689984668913
231,0,0.024355953963158605
220,0,0.24445877996688103
82,0,0.4084130819030885
219,0,0.291186636539037
60,0,0.0
133,0,0.1157204290735969
60,1,0.4796957480893978
206,0,0.0514475864460952
97,0,0.3166552262711274
212,0,0.11187403213867984
52,1,0.7042353358142831
167,0,0.24837466809011524
95,0,0.006870778971613106
26,0,0.061573860504336435
26,0,0.054432057845468305
104,0,0.005083507829503253
114,0,0.05298294760414258
44,0,0.008521457234064245
27,0,0.4471545949775701
28,0,0.007043845739474822
87,1,0.6735384828545431
176,1,0.5885398967183075
111,0,0.2527663381965663
16,0,0.49577453761023743
1,0,0.031019835301180868
96,0,0.012739673568945264
178,0,0.031300429545610554
46,0,0.48548533581428316
73,0,0.41934137706974967
95,0,0.02964813796680224
109,0,0.04512167026144236
191,1,0.6144224106434177
121,1,0.5834784062632165
78,1,0.39402591908937085
135,0,0.45883253328595336
192,0,0.008932892291168594
197,0,0.1461775310412876
111,0,0.2544615849969752
77,0,0.02666402478931591
153,0,0.22811823152574404
18,0,0.004485130291581905
228,0,0.06331430385581202
10,0,0.21165189469297083
88,0,0.31633108242233815
103,0,0.02566137262564502
63,0,0.0
42,0,0.01396694181283338
123,1,0.6778709320145784
71,0,0.18731718040192466
35,0,0.012162962975256743
126,0,0.0057381224503773335
180,0,0.015600912379817733
220,0,0.005494942886607602
143,1,0.5096952002892596
218,1,0.5728416154552518
163,1,0.6587319636100124
80,1,0.21059181782073347
191,0,0.3287340394717271
54,0,0.13240987856074526
87,0,0.012566737994637278
220,0,0.09079859934506762
121,0,0.001450955906401451
79,1,0.5918981736183276
144,0,0.040717749817892675
130,1,0.46708933836989536
61,1,0.5667972648829647
189,1,0.6030984918113748
111,0,0.15141661909077456
101,0,0.11373104393699358
34,1,0.5689340599198116
123,0,0.08484107928718689
58,1,0.4066021455846618
125,0,0.07524139842980422
181,0,0.0
34,0,0.02450305459085177
0,0,0.003908419697893383
131,0,0.005289807433392658
3,0,0.2526965562053281
110,0,0.07250106109980747
213,0,0.011799988498260597
118,0,0.00303747909511567
131,1,0.3911269197893401
82,0,0.017511990139267047
54,0,0.07359604032768424
4,0,0.2059290230042076
14,0,0.0
146,0,0.1036254058261573
21,0,0.010308728376174097
139,0,0.1264947893622453
140,1,0.4224493768980255
72,0,0.14489465724033626
231,1,0.6767582875229051
63,0,0.005494942886607602
186,0,0.05428594803125872
81,0,0.34718320024298527
212,0,0.006870778971613106
197,0,0.19871901977165132
3,1,0.5930332293968658
175,0,0.36295775825355964
137,0,0.3385565052231719
63,0,0.00055005500550055
151,0,0.00055005500550055
77,0,0.001450955906401451
195,0,0.3300668154451789
85,0,0.07903433414553747
74,0,0.015600912379817733
161,1,0.6512521140248997
214,1,0.587445354035743
43,0,0.33760927875329316
209,0,0.35181021861584666
73,0,0.020373228950139516
24,0,0.04472355407314757
77,0,0.010308728376174097
182,0,0.08756460888788938
124,1,0.5254827766726334
66,0,0.0059176355570841254
177,1,0.6965025965530591
179,0,0.022100119064391455
101,0,0.41430828823537635
44,0,0.19533306199972866
123,0,0.48051581807926985
130,1,0.4242980845133955
22,1,0.5629883532360314
4,0,0.16949611336555634
80,1,0.5207528436475806
189,0,0.07811388031463179
21,0,0.014661227309133065
106,0,0.11664840430401273
115,0,0.1428116597547023
203,0,0.2604975190501506
4,0,0.001725143137110421
31,0,0.012162962975256743
105,0,0.25140373407252986
2,0,0.23318468970642883
54,0,0.012920074748031737
134,0,0.010556093012233363
211,0,0.03807125280421781
84,1,0.17832814600230149
16,0,0.016759230414610984
80,0,0.0
151,0,0.0
103,0,0.06955065726995552
115,1,0.5593077995823991
35,1,0.520908894865891
125,0,0.18774928774928776
146,0,0.015600912379817733
125,0,0.16347618041922296
95,0,0.09653790474081893
214,0,0.10688239346118959
44,0,0.12178537511870846
33,0,0.03079393775045949
172,1,0.7416531165311654
35,0,0.23248514851673988
47,0,0.007043845739474822
191,1,0.8592703648175912
226,0,0.00851006427784578
215,0,0.009732017782485575
115,1,0.5090783211167044
3,0,0.07458390411802672
75,1,0.6591089532525997
184,0,0.02018878744291491
136,0,0.14037372060679995
230,0,0.021314997625305605
184,0,0.058459691083804555
70,0,0.0068185364579850275
123,0,0.04124797497346517
11,1,0.512496114996115
105,0,0.04278445475186026
61,0,0.36392759007701536
140,0,0.003584229390681004
120,0,0.014661227309133065
137,0,0.04142778538657236
173,0,0.08576535249699642
187,0,0.33894077365487624
17,0,0.021891708218994128
70,0,0.02472903946200447
137,0,0.4127162716271627
158,0,0.009370674373479137
30,0,0.1798490912420847
11,0,0.001725143137110421
145,0,0.12153934195389093
86,0,0.004182606928602352
138,0,0.39001246580685783
219,0,0.02927537116117355
72,0,0.13932159584333495
101,0,0.015024201786129213
88,0,0.587445354035743
165,1,0.7206405275875419
191,0,0.004413315180121173
90,0,0.040553689477165485
40,0,0.019370576786468627
226,0,0.19854911744278514
125,0,0.0030075187969924814
111,0,0.01110570300196091
190,0,0.01657828818469102
205,0,0.016316555233348014
105,0,0.04278445475186026
126,0,0.049990880661516406
107,1,0.6119390931807783
103,0,0.048910421156746826
53,0,0.5096952002892596
142,0,0.05319205058610251
62,1,0.6367324816105304
10,0,0.021314997625305605
184,0,0.17307347460389785
0,1,0.6367324816105304
70,0,0.08552035755705661
82,1,0.3240283894610197
65,0,0.12972909629450355
34,1,0.13122492043341724
183,0,0.035585272013509535
167,1,0.6313275941003798
206,0,0.00055005500550055
42,1,0.4972587719298245
24,0,0.04015198972385206
43,0,0.03058047113044279
2,0,0.012566737994637278
190,0,0.05972424184911194
33,0,0.01449976581210177
64,0,0.00303747909511567
48,0,0.40935721539218983
209,1,0.6547649002370085
180,0,0.006071653480296125
30,0,0.07097915842605704
128,0,0.023926343997163247
104,0,0.0069132105819872045
83,0,0.07263005205794658
81,0,0.4005399296835761
1,0,0.010308728376174097
129,1,0.4690169365848669
40,1,0.5736396374730409
202,1,0.6952012024321924
143,0,0.06913749019012176
155,0,0.29103521834611945
69,0,0.0878927833191631
91,0,0.09286625777917712
44,0,0.20027228278512113
129,1,0.5539160991214515
146,1,0.1291757838136879
219,0,0.2217646157863549
18,1,0.6315721315721315
107,0,0.004319854754997731
80,0,0.26734550319667283
216,0,0.015024201786129213
170,0,0.02755013486132432
64,0,0.004182606928602352
32,0,0.03433429408255474
7,0,0.009947384967167659
80,0,0.045490066388214456
148,1,0.5903927227456639
220,0,0.027306483617844064
182,1,0.6409498048178708
175,1,0.6313275941003798
53,1,0.6207515851123925
214,1,0.49005769442145186
179,0,0.08566612686770599
127,0,0.013502909274339815
200,1,0.4391016766651284
89,0,0.5330074739921021
117,0,0.028408488929323225
70,0,0.02666402478931591
207,0,0.009732017782485575
97,0,0.09786037574443603
90,0,0.1715497432963621
55,0,0.018212258751675373
138,0,0.24417337836958886
70,0,0.009370674373479137
92,1,0.5839929284148351
42,0,0.031057954783250154
90,0,0.43611004167044126
46,0,0.041750702271536565
117,1,0.5345798319327731
132,0,0.046842682932722514
4,0,0.009947384967167659
147,0,0.22859293283966328
28,1,0.6211285747549798
60,0,0.009732017782485575
117,1,0.5007733229463297
112,0,0.005083507829503253
189,0,0.15399343171125532
7,1,0.6587319636100124
27,0,0.03545990643236017
129,0,0.12643891404337088
66,1,0.5806046115903633
123,0,0.0
138,1,0.7416531165311654
216,0,0.10561448213622127
21,0,0.009732017782485575
34,0,0.031343463226527014
88,0,0.001450955906401451
58,0,0.006870778971613106
197,0,0.0369773553590616
95,0,0.3011950767726346
205,0,0.11186904296534265
140,0,0.1157204290735969
40,0,0.10092487340330887
121,0,0.001725143137110421
119,1,0.45797834896410067
62,0,0.02927537116117355
164,0,0.10178271229925001
146,0,0.07354548256494375
21,0,0.3953104553541235
117,0,0.012385795764717314
19,1,0.5067742361400576
180,1,0.5363453818831393
164,1,0.7093469655595775
11,0,0.3794364568188706
164,0,0.07722562198959378
109,0,0.3160220317605112
209,0,0.006870778971613106
116,1,0.6664354519075602
146,0,0.08756460888788938
47,0,0.12379417360446326
59,0,0.08193526326128237
194,0,0.03419446966597132
132,0,0.0731684651275266
191,0,0.005660218423191776
6,0,0.00055005500550055
97,0,0.02450305459085177
59,0,0.0
125,0,0.021891708218994128
99,0,0.0020759890325107717
126,0,0.0
174,0,0.30247958401560276
136,0,0.02727251768318634
109,0,0.03472998657391448
62,0,0.001725143137110421
97,0,0.00055005500550055
120,0,0.008356181697480071
8,0,0.008521457234064245
115,1,0.6308777246530797
202,0,0.017272573680990708
95,0,0.14904417776426623
28,0,0.08576535249699642
201,0,0.3761526702236912
146,0,0.47104634030282017
30,1,0.6934806955496611
228,0,0.05423524020338975
94,1,0.4715833549161532
104,0,0.3575890820534049
1,0,0.07811388031463179
113,0,0.07035228341846234
109,1,0.48625789415263104
130,0,0.4057926621741202
144,0,0.08484107928718689
142,0,0.038889463460664096
26,1,0.43985805362736846
225,0,0.002626044038011322
138,1,0.49137515640121315
88,0,0.0
158,0,0.24276117183016566
201,0,0.06025382698547091
78,1,0.4485178907231546
150,0,0.3276148312119535
11,0,0.2059290230042076
45,0,0.22858643181610364
213,0,0.005487282848883792
55,0,0.045490066388214456
29,0,0.46386606531329583
84,0,0.5985345357655257
130,0,0.00055005500550055
224,0,0.5716337039866453
95,0,0.02313135725647314
113,0,0.0339117759174682
29,0,0.4236517218973359
154,0,0.03598935065940448
38,0,0.07811388031463179
200,0,0.04187606785268593
133,0,0.1461775310412876
161,0,0.009370674373479137
46,0,0.2109123016233291
120,1,0.35722847818288406
60,0,0.013897991603738516
34,0,0.41029168959823886
66,0,0.007229971515089376
43,0,0.006870778971613106
152,1,0.37272332187586427
227,0,0.11714376824006793
184,0,0.1036254058261573
123,0,0.00055005500550055
143,1,0.513392135956835
47,0,0.5063505465982246
56,0,0.007406274508084151
120,0,0.014852271163631614
127,0,0.04183173557704626
2,0,0.012162962975256743
54,0,0.3547532642360229
14,1,0.6211285747549798
121,0,0.016759230414610984
204,0,0.07020889075039892
160,0,0.5397840825845378
18,1,0.5642828022298029
92,1,0.6250619299399788
57,0,0.011467046410967347
63,0,0.035585272013509535
54,0,0.03161889268352576
187,1,0.5033787575224039
213,0,0.3011950767726346
63,0,0.008605807600094878
132,1,0.6711490197145729
101,0,0.03058047113044279
26,0,0.018275225844661597
159,0,0.004182606928602352
6,0,0.0
82,0,0.08484107928718689
152,0,0.3793551128316495
61,0,0.37042501101876585
219,0,0.3745006307821699
188,1,0.5682498656028069
95,0,0.027903673826794928
115,0,0.018212258751675373
214,0,0.31493614373399065
213,0,0.012920074748031737
4,0,0.28793298834790776
107,0,0.061573860504336435
48,0,0.02149738668948879
10,0,0.10184914661311839
31,0,0.0047593175222908745
213,0,0.007944746640375722
94,0,0.3025883425491012
43,1,0.6010776740246747
128,0,0.0579598619688079
38,0,0.0878927833191631
56,0,0.2514449259073275
68,0,0.4219222298169667
42,0,0.007944746640375722
22,0,0.34213576081472996
1,0,0.02666402478931591
209,0,0.024289675291266393
35,0,0.1921252217929982
220,0,0.4734376751623048
102,1,0.0731684651275266
186,1,0.7093469655595775
34,0,0.02305002625378738
109,0,0.03262154484719665
85,0,0.2559943553581025
6,0,0.021891708218994128
150,0,0.03794234310530784
2,0,0.027306483617844064
29,0,0.07870357609762803
189,1,0.6137683679120144
182,0,0.03807125280421781
178,0,0.00055005500550055
174,0,0.010308728376174097
56,1,0.6032590996168582
76,0,0.06653426392831585
105,1,0.5689340599198116
52,0,0.012231913184351606
232,0,0.0878927833191631
6,0,0.014661227309133065
90,0,0.5676666406136412
94,0,0.002626044038011322
39,0,0.6711490197145729
101,0,0.022117693090146832
179,1,0.631704583742967
139,0,0.0030075187969924814
100,0,0.06391738202668863
24,0,0.22903148281663063
145,0,0.06725468672576736
164,0,0.02450305459085177
114,0,0.3113565333827982
32,0,0.14569408376553272
2,0,0.01396694181283338
166,0,0.13455588534995902
5,0,0.013897991603738516
214,0,0.02843919073473809
73,0,0.4293376183700506
105,0,0.031300429545610554
64,0,0.02300569397814772
76,0,0.4127162716271627
68,0,0.004413315180121173
20,0,0.035585272013509535
214,0,0.012392872903485126
165,1,0.6767582875229051
30,0,0.09513427643927395
82,1,0.4553628189991826
36,0,0.08865893828013327
23,1,0.7709836893399991
188,1,0.6576722128446266
140,0,0.2173782949059854
112,0,0.3287340394717271
175,0,0.36434661009960645
199,0,0.1145467562784002
37,0,0.39924058730220485
188,1,0.40318112078766405
134,0,0.32046333288299594
191,0,0.0
125,0,0.19168532188709275
153,1,0.7416531165311654
171,0,0.07036974214738069
109,0,0.007447489565301627
125,0,0.015024201786129213
1,0,0.010308728376174097
182,0,0.12972909629450355
31,0,0.0
148,0,0.020324856346361723
39,0,0.08576535249699642
62,0,0.1157204290735969
160,1,0.4620611592379921
64,0,0.03472998657391448
203,0,0.34180441287199353
220,0,0.4498329283314144
54,0,0.5426191741981216
128,0,0.008605807600094878
123,1,0.3196367006462124
107,0,0.001725143137110421
33,1,0.35599597973922864
94,0,0.02305002625378738
161,1,0.5319034300727664
101,0,0.16013481236397042
108,0,0.24857219857662538
102,0,0.01903046940812166
31,0,0.08743394665266135
122,1,0.7217285966066455
207,0,0.05954936006745576
131,1,0.64701108868009
211,0,0.0
214,0,0.002626044038011322
34,0,0.00055005500550055
109,0,0.07633360031306115
93,0,0.015600912379817733
83,0,0.2219697064172622
63,0,0.7062393162393162
214,0,0.015413987033789128
55,0,0.012162962975256743
50,1,0.31394316867145283
106,0,0.00055005500550055
51,0,0.6144224106434177
43,0,0.0
150,0,0.0
142,0,0.15341231924943435
11,0,0.2681965319471868
58,0,0.4433705305168057
31,0,0.03419446966597132
8,0,0.16108476057229382
134,0,0.018212258751675373
162,0,0.03419446966597132
89,0,0.02666402478931591
214,0,0.014843259556209248
148,1,0.643471338209044
154,0,0.6385603416779005
62,0,0.001725143137110421
208,0,0.0030075187969924814
69,0,0.0
66,0,0.02305002625378738
117,0,0.4317036133993146
72,0,0.0
25,0,0.13932159584333495
96,0,0.005083507829503253
66,0,0.22596994256665828
83,1,0.5711076097105509
97,0,0.00055005500550055
138,1,0.5883223293709228
15,0,0.012162962975256743
166,0,0.02380278597844344
202,0,0.06107160813043166
140,0,0.44695672107097023
55,1,0.5363453818831393
98,0,0.007944746640375722
30,0,0.004182606928602352
38,0,0.04187606785268593
180,0,0.038151446087267775
71,0,0.16256292912833636
130,1,0.42055630919734716
221,0,0.0585093628454636
41,1,0.6818101438791094
161,1,0.584952084952085
191,0,0.005494942886607602
41,0,0.13180422318971888
221,0,0.1128146130476924
112,1,0.4392673361423462
94,0,0.0452964226212183
182,0,0.002626044038011322
172,0,0.08799929544059377
171,0,0.031671637657800726
99,0,0.010517139221571428
32,0,0.027849228276874863
196,0,0.1989621649312158
107,0,0.09673081893157041
108,0,0.1709983477086825
52,0,0.03768672141221161
175,0,0.23092494118515763
45,0,0.20892488775634024
136,0,0.04667526987577342
41,0,0.10642987316151709
171,0,0.009732017782485575
167,0,0.4535353535353535
127,0,0.1816429720209789
145,0,0.053920014440848735
111,1,0.6773296387520525
120,0,0.031019835301180868
57,0,0.31112041921870354
56,0,0.06057674387043511
32,0,0.23072236827944592
29,0,0.077603710745806
26,0,0.04483692999989474
217,0,0.32902731830580967
86,1,0.36392759007701536
30,1,0.6576722128446266
153,1,0.6322045694355594
137,0,0.5102724073312309
22,1,0.4882527883461481
128,0,0.008605807600094878
105,0,0.21854153003578292
85,0,0.021891708218994128
120,0,0.0
171,0,0.3735683474639298
9,0,0.30787756327363186
80,0,0.04187606785268593
61,0,0.03786535624706249
47,0,0.031019835301180868
23,0,0.16492339915955637
12,0,0.49723796941097614
144,0,0.06025382698547091
61,0,0.13269197980195424
41,0,0.012808623778040129
99,0,0.029007546311668117
191,0,0.0
16,0,0.4164655516416213
76,0,0.057716661696122544
212,0,0.4902717570773851
126,0,0.06057674387043511
187,0,0.1135963112726792
1,0,0.2878366437111812
80,0,0.1534063162737722
107,1,0.4620611592379921
97,0,0.04019806270723797
90,1,0.7469315066223795
103,0,0.5368583596431699
207,0,0.1798490912420847
157,0,0.5007733229463297
42,0,0.004182606928602352
213,1,0.4901074860967909
121,0,0.0069132105819872045
32,1,0.5760302076091549
10,0,0.03593893380597863
108,0,0.005660218423191776
48,0,0.17362728771425584
136,1,0.7227935755878967
14,0,0.005494942886607602
57,0,0.0018623909635057995
44,1,0.6002685415102267
70,0,0.059560673305984
23,0,0.001725143137110421
49,0,0.455055730167045
22,0,0.05111941201482149
206,0,0.10753988777296712
191,0,0.040553689477165485
166,1,0.5624475853078094
158,0,0.10753988777296712
131,0,0.07913832413083761
22,1,0.5298589072711369
75,0,0.1578920316033718
32,0,0.008356181697480071
186,0,0.1865054750626199
22,0,0.06189918508759088
33,0,0.10480726656597428
141,0,0.3972665746763913
23,0,0.22811823152574404
130,0,0.04616009181452533
98,0,0.10642987316151709
86,1,0.33239232944271097
221,0,0.00055005500550055
34,0,0.5297878527348533
5,0,0.1455778520995912
108,0,0.4711154124571177
39,1,0.06856292521912223
185,0,0.3197180446334335
204,0,0.3279149441326239
224,0,0.4808034579201627
200,0,0.010091210325961846
99,0,0.4723400004975116
114,1,0.6965025965530591
56,0,0.004182606928602352
194,1,0.03818058452854431
91,0,0.004413315180121173
99,0,0.08261805804443782
186,1,0.47259108483301554
2,0,0.012162962975256743
87,0,0.5634369562206848
158,1,0.4325343176365033
74,0,0.04436204864339421
223,1,0.5872409737375613
162,0,0.16802397322992288
81,0,0.001725143137110421
96,0,0.028408488929323225
117,0,0.030500664516009784
47,0,0.01396694181283338
127,0,0.015024201786129213
114,0,0.3745035990650026
133,1,0.6282375060625555
11,1,0.603900668045405
147,0,0.4723400004975116
132,0,0.41420574122066983
210,1,0.5530677899098951
114,1,0.5736396374730409
78,0,0.08756460888788938
180,0,0.19152263537515601
74,0,0.09884974650809353
104,0,0.02666402478931591
57,0,0.013293773804386027
53,0,0.03807125280421781
60,0,0.09673081893157041
68,0,0.3842849826473505
27,0,0.13981282201786996
51,0,0.07459315696158557
91,0,0.1523504488930747
188,1,0.49005769442145186
51,0,0.011544238663026235
63,0,0.2111350312762117
158,0,0.16512797188038822
13,0,0.06025382698547091
75,0,0.012231913184351606
60,0,0.06057674387043511
56,0,0.059560673305984
49,0,0.010308728376174097
125,0,0.2232099578503688
20,1,0.5054310874896637
162,0,0.010624900366650725
41,0,0.0514475864460952
122,0,0.0
169,1,0.6250619299399788
106,0,0.009732017782485575
80,1,0.4690169365848669
210,0,0.002626044038011322
110,0,0.26598635567506396
209,1,0.6547649002370085
6,0,0.021891708218994128
30,0,0.07458390411802672
90,0,0.02305002625378738
87,0,0.0325986676214877
68,0,0.032792983411731924
89,0,0.28816078755997043
102,0,0.028408488929323225
200,0,0.06030150288205955
109,0,0.009370674373479137
182,0,0.2081098892374974
111,0,0.0011750881316098707
208,0,0.26296449537148775
158,0,0.007229971515089376
200,1,0.22116007276188032
126,1,0.4005399296835761
15,0,0.027306483617844064
149,1,0.54472661754725
119,0,0.1576598827205483
53,1,0.7104350345786811
30,0,0.14650759627141632
105,0,0.007406274508084151
221,1,0.580227621947776
83,0,0.04334597807894309
22,0,0.00055005500550055
151,0,0.007447489565301627
85,0,0.04187606785268593
79,0,0.3082017071224211
111,0,0.021314997625305605
209,0,0.14834626453438857
106,1,0.5730313471658758
31,0,0.372088341476069
199,0,0.33009413908290314
37,0,0.003584229390681004
138,1,0.5175667855093692
43,0,0.031300429545610554
32,0,0.04015198972385206
174,0,0.0
33,0,0.0530562217604628
156,0,0.018453758814433136
187,0,0.16949611336555634
59,0,0.06145045931750415
61,0,0.26253245893976346
85,0,0.2279300183080252
189,0,0.23072236827944592
220,1,0.5992229762740319
208,0,0.6242611794335933
198,0,0.010064959869778824
63,1,0.47354934905062923
24,0,0.47165359345801144
138,0,0.005083507829503253
166,1,0.6650877358523535
73,0,0.0899821380484364
82,0,0.13063055039452218
3,0,0.005083507829503253
207,0,0.11719489279866195
117,0,0.005083507829503253
25,0,0.32868475072458697
116,0,0.02666402478931591
225,0,0.11970919994227928
108,1,0.580227621947776
42,0,0.06189918508759088
183,0,0.006724498985493093
71,0,0.27919408146881697
24,0,0.07016384559022537
206,0,0.0072745539909936435
74,0,0.04015198972385206
21,1,0.7582250686503439
131,0,0.012702556697819486
139,1,0.5061028221332873
193,0,0.20639722329456722
137,0,0.18766690085436388
73,0,0.002626044038011322
208,1,0.571374703727645
76,1,0.5985345357655257
133,0,0.047505413479292956
36,0,0.0
92,0,0.007944746640375722
47,0,0.01396694181283338
8,0,0.3978027222082792
59,0,0.00055005500550055
181,1,0.5008443774826133
48,0,0.35895341321670476
195,1,0.7221055862492327
52,0,0.10753988777296712
75,0,0.12707325727920693
212,0,0.13180422318971888
13,0,0.010308728376174097
163,0,0.012926198680651294
59,1,0.6569528056484578
65,1,0.554652295700889
159,1,0.42008533511139184
99,0,0.09079859934506762
200,0,0.5977337852591402
103,0,0.002626044038011322
88,0,0.012162962975256743
203,0,0.6569528056484578
34,0,0.08484107928718689
21,0,0.1036254058261573
157,0,0.00055005500550055
97,0,0.018212258751675373
109,1,0.5575477154424523
163,0,0.08775442880706037
5,0,0.00055005500550055
140,0,0.0477082223294173
7,0,0.11970919994227928
89,0,0.13232596773996994
47,0,0.021891708218994128
71,1,0.6327557096841662
165,0,0.031019835301180868
98,1,0.20194096449804214
137,0,0.0
84,0,0.17198517555892476
156,0,0.18984522888808564
42,0,0.02632261049379042
87,0,0.0
40,0,0.13969762299131425
67,0,0.021314997625305605
65,0,0.008782110593089655
35,0,0.15896587910167562
57,0,0.5977337852591402
111,1,0.5942241909379394
25,1,0.5652096611494158
220,1,0.7206405275875419
36,0,0.19854911744278514
11,0,0.38770716340760175
72,1,0.6002685415102267
30,0,0.07459315696158557
39,0,0.05641726698368551
172,0,0.3113565333827982
116,0,0.44535953595359534
58,0,0.013502909274339815
204,1,0.5098179877086864
58,1,0.4792653669439786
91,0,0.006870778971613106
117,0,0.2607670328375524
14,1,0.6002685415102267
179,0,0.5445781101696877
14,0,0.012739673568945264
68,0,0.23839303034499756
69,0,0.0036364747585869695
71,1,0.4755549413127092
134,0,0.5007733229463297
219,0,0.02149738668948879
100,0,0.06145982091685281
62,0,0.5047403863193337
30,0,0.0
37,0,0.0991925046201362
110,0,0.0
194,0,0.0
63,0,0.03490471678778058
125,0,0.05489536430993506
183,0,0.00055005500550055
173,0,0.009370674373479137
87,0,0.6514293837882548
9,1,0.643471338209044
210,1,0.5682498656028069
10,0,0.03129071825225205
72,1,0.6587319636100124
128,0,0.00589871790598814
53,1,0.29375716382047123
73,0,0.012231913184351606
2,1,0.5386298626264502
204,0,0.3343392658828462
148,0,0.19996554451252604
153,0,0.012566737994637278
60,0,0.43110855389336405
35,0,0.0059176355570841254
94,0,0.015024201786129213
159,0,0.031019835301180868
148,0,0.007944746640375722
2,0,0.001725143137110421
188,0,0.012920074748031737
82,1,0.5022772704556813
82,0,0.16512797188038822
160,0,0.33397666761755335
209,1,0.524537190607237
66,1,0.6512432149340049
85,0,0.028408488929323225
91,0,0.013502909274339815
191,1,0.582930628909975
158,0,0.0366491809277879
10,1,0.6704025152805642
174,1,0.6661866726436688
71,1,0.6158234126984127
87,1,0.6250619299399788
178,0,0.004182606928602352
137,0,0.42172047853221767
202,1,0.629382543008948
198,0,0.5308404675918287
17,1,0.5736396374730409
149,0,0.029296489817324117
63,0,0.013502909274339815
220,1,0.6735384828545431
86,0,0.7275894572169745
62,0,0.15900303137094218
7,0,0.1989885335590532
71,0,0.016759230414610984
70,0,0.3839624881291548
76,0,0.16115784178377246
3,0,0.009370674373479137
41,0,0.0
219,0,0.01396694181283338
210,0,0.17276673633130277
141,0,0.1081595735286679
48,0,0.07666053798655709
21,0,0.06707980494411117
24,0,0.001725143137110421
189,1,0.5386521108251175
43,0,0.008932892291168594
94,0,0.02927537116117355
0,0,0.4221749177208391
185,0,0.0011750881316098707
165,0,0.02566137262564502
159,0,0.26905524217879123
19,0,0.10195013275081533
119,0,0.4317360597848403
13,1,0.37965354961094766
14,0,0.2667316439246264
193,1,0.5985345357655257
150,1,0.2630589711706733
169,0,0.04189645386385937
41,0,0.21184622419190324
34,0,0.019325404488369224
2,1,0.6031900396470358
44,0,0.07564446742210597
174,1,0.4523701354713447
68,1,0.7008350457130946
31,0,0.04015198972385206
102,0,0.012808623778040129
53,0,0.09683093147280031
203,0,0.5136622636622636
111,0,0.007043845739474822
6,1,0.49536227661227655
63,0,0.008356545961002786
54,0,0.09145609365684514
137,1,0.6265202752159275
118,1,0.7742361111111111
35,0,0.030132400217458794
105,0,0.07250106109980747
204,1,0.2804282786738927
18,0,0.08421872511546424
2,0,0.2764776352791334
41,0,0.1668388708219329
57,0,0.04187606785268593
129,0,0.0018623909635057995
18,0,0.031019835301180868
200,0,0.27966228175917657
199,0,0.11502251584371921
62,0,0.08729661677009552
149,0,0.015024201786129213
75,0,0.002626044038011322
68,0,0.005494942886607602
42,0,0.02879188634371103
45,0,0.21838039078316904
131,1,0.4016503632243502
169,0,0.00970549918376481
54,0,0.009732017782485575
55,0,0.14224664224664224
134,0,0.06913749019012176
169,0,0.005660218423191776
93,1,0.6058307912184211
155,0,0.008932892291168594
181,0,0.253554014880034
56,1,0.4297620875681544
93,1,0.6824425817425372
163,0,0.6308777246530797
136,0,0.4412468037276038
200,0,0.09079859934506762
205,1,0.5263022268135905
146,0,0.2572892875923179
68,1,0.6815430498620154
44,1,0.7275894572169745
144,0,0.010308728376174097
97,0,0.004413315180121173
175,1,0.5967515491044902
151,1,0.5503419508733028
54,0,0.008521457234064245
165,0,0.001725143137110421
26,0,0.1271522836740228
65,0,0.015600912379817733
82,0,0.10753988777296712
188,1,0.4551988415624779
117,0,0.6359317311041449
119,0,0.11970919994227928
94,0,0.14198913609285696
69,0,0.1715497432963621
110,1,0.5933246590574176
67,1,0.5465813152978929
68,0,0.09786037574443603
64,1,0.30404760210495635
57,0,0.1811922398924786
230,0,0.4423693214675834
33,0,0.005487282848883792
151,0,0.010091210325961846
41,0,0.001725143137110421
209,0,0.2260096191956229
20,0,0.028508140943832954
103,0,0.00055005500550055
64,0,0.12852712202947328
57,0,0.0477082223294173
186,0,0.3935585585585586
23,0,0.002626044038011322
197,1,0.6184878779097845
98,0,0.018997491287622757
59,0,0.03419446966597132
210,0,0.00055005500550055
5,0,0.006071653480296125
40,0,0.21306488785599673
227,0,0.15399343171125532
143,0,0.00055005500550055
188,1,0.5481572131572131
106,0,0.001725143137110421
112,0,0.010308728376174097
108,0,0.020019689984668913
151,0,0.032903670682823266
22,0,0.09145609365684514
90,0,0.008521457234064245
185,0,0.009732017782485575
157,1,0.5172673181346717
16,1,0.3922068171481734
207,0,0.00303747909511567
224,0,0.30638214911916584
160,0,0.14578122178233674
187,1,0.5503419508733028
64,0,0.06653426392831585
138,0,0.18054795500473916
181,1,0.6854486622235102
45,0,0.0958709906078327
220,0,0.038889463460664096
136,0,0.21875271508767327
51,0,0.028408488929323225
126,0,0.5854078808548941
140,0,0.04595468204472162
99,1,0.598532919241802
81,0,0.10099744470878491
88,0,0.030293088009865896
119,1,0.7416531165311654
142,1,0.6824425817425372
115,0,0.006071653480296125
144,0,0.036826934693979525
96,0,0.048956494140132735
174,1,0.1979731872516786
192,0,0.13282948253722535
99,1,0.6313050375550375
205,1,0.3665626922794778
205,0,0.4108966711049474
42,1,0.6704025152805642
60,0,0.0
23,0,0.11970919994227928
174,0,0.00055005500550055
224,0,0.0011750881316098707
196,1,0.3199007647800353
67,0,0.31792127273790727
222,0,0.2630873930991388
7,0,0.054555872422917255
78,1,0.39458363485823433
78,0,0.02305002625378738
105,0,0.002626044038011322
24,0,0.00055005500550055
3,0,0.06051339248079799
149,0,0.26567402838779347
34,0,0.004182606928602352
122,0,0.00589871790598814
198,0,0.1576598827205483
51,0,0.053929376040197395
126,0,0.2431742193185963
106,1,0.6144224106434177
112,0,0.3974215828832572
10,0,0.11714376824006793
45,0,0.0
8,0,0.08016049693460199
18,0,0.04187606785268593
159,0,0.02964813796680224
94,1,0.5883223293709228
139,0,0.007571550044668324
130,0,0.3167988084839526
24,1,0.693213601532567
0,0,0.2792182036783478
28,0,0.47568188516464377
30,0,0.0030075187969924814
25,0,0.012739673568945264
162,0,0.04080079508214064
33,0,0.0473341825427315
82,0,0.001725143137110421
223,0,0.5716337039866453
221,0,0.19501452653626564
138,1,0.6409498048178708
78,1,0.7416531165311654
22,0,0.09145609365684514
46,0,0.007944746640375722
63,0,0.530874477133581
1,0,0.018212258751675373
37,0,0.002626044038011322
195,0,0.16842153508820176
172,1,0.3556167307846394
172,0,0.452020202020202
190,1,0.5651572568009032
119,0,0.07811388031463179
72,0,0.19591455243629152
86,0,0.031907836189181756
155,0,0.2231615797567678
151,0,0.00055005500550055
151,1,0.2745021133154208
114,1,0.589473348121261
227,0,0.005083507829503253
183,0,0.00303747909511567
2,0,0.05523866720607271
29,0,0.04436204864339421
182,0,0.5481572131572131
27,0,0.028408488929323225
24,0,0.0
120,1,0.6144224106434177
117,0,0.10403845331458796
27,0,0.0878927833191631
77,0,0.03348038127651179
197,0,0.4156565656565656
217,0,0.3175082252494766
136,0,0.003908419697893383
128,0,0.002626044038011322
22,1,0.5942241909379394
113,0,0.013897991603738516
29,0,0.06740797937538488
133,0,0.006870778971613106
9,0,0.021891708218994128
164,0,0.1145467562784002
33,0,0.003584229390681004
163,0,0.011467046410967347
218,0,0.02472903946200447
77,0,0.43779053784100785
25,1,0.6664354519075602
163,1,0.24963045084996302
51,0,0.02566137262564502
160,0,0.36081075774593385
127,0,0.2391956477738888
230,0,0.006093938550078902
53,0,0.009947384967167659
123,1,0.6576722128446266
74,1,0.3388627404035307
8,1,0.6735384828545431
172,0,0.05523866720607271
160,0,0.0
86,0,0.36529764087519867
134,0,0.008605807600094878
41,0,0.02305002625378738
37,0,0.02255464666278462
148,0,0.028438135749325206
147,1,0.4194918134074761
98,1,0.4545802846063414
23,0,0.005083507829503253
67,1,0.5609593658374147
194,0,0.017511990139267047
146,0,0.09062300720305512
93,1,0.4779905158194631
72,0,0.05492952569968943
18,0,0.013502909274339815
110,1,0.6735384828545431
223,0,0.2012553679220346
55,0,0.00055005500550055
148,1,0.6778463565420086
160,0,0.29840455578682595
56,0,0.47854875721117757
1,0,0.009679775268857497
24,0,0.0062724014336917565
118,0,0.020373228950139516
213,0,0.14122536493670515
201,0,0.0
164,0,0.01396694181283338
34,0,0.018375497298973305
126,0,0.22596994256665828
110,0,0.00055005500550055
20,0,0.23499004022764747
188,0,0.07197255774616908
20,0,0.015024201786129213
176,0,0.39402591908937085
115,0,0.00303747909511567
171,0,0.11448792922477131
42,0,0.6824425817425372
109,0,0.07274605603974728
11,0,0.00055005500550055
46,0,0.3495425748715222
158,0,0.12428992649067795
81,0,0.08261805804443782
57,1,0.6526203564884224
45,0,0.21025817819658318
217,0,0.4421008826685941
209,1,0.737093218096834
182,1,0.5716337039866453
156,0,0.3495425748715222
138,0,0.2524529458167902
188,0,0.6650877358523535
186,0,0.5569510120887634
140,1,0.5644921081094387
38,0,0.01396694181283338
88,1,0.3024533999730212
79,0,0.07020889075039892
12,0,0.1794276121277164
25,0,0.27599310785823866
37,1,0.48711321199126073
191,0,0.001725143137110421
19,0,0.010091210325961846
15,0,0.113944169860558
107,0,0.016825509086503196
191,0,0.38287171007303294
16,1,0.18505664209249972
131,1,0.5737411473357737
49,0,0.02666402478931591
38,0,0.11545189087827067
35,0,0.017272573680990708
142,0,0.002626044038011322
79,1,0.738883019244939
194,1,0.6966934943154016
41,0,0.03419446966597132
199,0,0.004182606928602352
138,0,0.018453758814433136
106,0,0.008605807600094878
34,0,0.0032382270485113024
214,0,0.0030075187969924814
134,1,0.6001270837534448
92,0,0.022984575321997158
34,0,0.24371761368712588
138,0,0.29461690517035066
42,0,0.36731428638530733
65,0,0.29372219723096915
159,1,0.4178436417707299
221,0,0.16297597661676702
193,0,0.11970919994227928
117,0,0.16309225359885215
126,0,0.3594238172570421
195,0,0.21371184389669243
20,0,0.05970088620416391
37,0,0.3339634620122425
25,1,0.2771717171717172
28,0,0.42725264237629496
73,0,0.14904417776426623
102,1,0.5213274210847793
19,0,0.007043845739474822
45,1,0.40935721539218983
77,1,0.56091795986129
17,0,0.1362037572563888
165,1,0.6090489610963749
47,0,0.14849060372368306
58,0,0.012162962975256743
10,0,0.006071653480296125
108,1,0.6673395593869732
134,0,0.057381345100643334
127,0,0.08743394665266135
220,0,0.13063055039452218
33,1,0.43776358126893883
59,1,0.6574051188275326
9,0,0.047234530528221776
112,0,0.29799150829839527
180,0,0.008729868079461576
5,0,0.00055005500550055
166,1,0.6286465805834529
123,0,0.06446239812398975
96,0,0.40834948292646184
189,0,0.04928114714819198
9,0,0.09963004530905765
86,0,0.005660218423191776
26,0,0.018212258751675373
147,0,0.021314997625305605
26,1,0.738883019244939
129,0,0.02666402478931591
129,0,0.1655410193688189
0,0,0.24342147129947822
114,0,0.1157204290735969
199,0,0.09232980910391415
66,0,0.07790477733267186
59,1,0.737093218096834
84,0,0.014661227309133065
92,0,0.001725143137110421
221,0,0.021936750860226867
107,0,0.00055005500550055
118,0,0.004182606928602352
105,0,0.381147226620461
115,0,0.04928114714819198
219,1,0.55638630144559
103,0,0.05704340421732595
165,0,0.0032382270485113024
188,0,0.044834287140865466
65,0,0.05653136081270638
68,0,0.29125478671297533
154,0,0.10152745982115106
226,0,0.0579598619688079
138,0,0.27960712895724765
210,0,0.0
188,0,0.08610659054822507
29,0,0.24219956799239528
9,0,0.04469736523887341
81,0,0.16774304607572213
46,0,0.2878285467988387
14,0,0.09145609365684514
88,1,0.6587319636100124
127,0,0.11858045336306205
182,0,0.059560673305984
20,0,0.010308728376174097
128,0,0.16688031445228305
141,0,0.012231913184351606
14,0,0.008932892291168594
184,0,0.26561067982101466
55,0,0.15860670514933095
217,0,0.01588662657413548
67,1,0.580227621947776
51,0,0.08484107928718689
140,0,0.148502400914551
103,0,0.04702542754626184
50,0,0.02305002625378738
79,0,0.006870778971613106
174,0,0.0
121,0,0.024659815034728683
132,0,0.113944169860558
113,1,0.5333016303145106
225,0,0.18505664209249972
48,0,0.3876191817043726
58,0,0.07900188120263267
110,1,0.594349946875302
221,0,0.23364313235447257
102,0,0.03545990643236017
89,0,0.04187606785268593
216,0,0.5642828022298029
68,0,0.02018878744291491
163,1,0.2922308564181709
1,0,0.015600912379817733
7,1,0.5442293344770125
121,1,0.7047565648070274
197,0,0.0
42,1,0.64701108868009
152,1,0.616943944034591
6,0,0.20178081421502472
101,1,0.6623499292969436
112,1,0.304688312251764
68,1,0.38470548862115134
125,0,0.02927537116117355
174,1,0.7764675603077409
23,0,0.4463220240273656
150,1,0.5528006958928011
188,0,0.09523666398197467
170,0,0.00055005500550055
98,0,0.001450955906401451
46,0,0.02313135725647314
182,0,0.6008567984707128
121,0,0.00055005500550055
205,0,0.20027228278512113
0,0,0.02666402478931591
212,0,0.09079859934506762
143,0,0.015600912379817733
123,0,0.015419970149897768
181,0,0.07994911158557073
100,0,0.00055005500550055
116,0,0.05538240437726178
18,0,0.3876009834913945
149,0,0.13340682715213784
16,1,0.48495881350801695
180,0,0.610520322589288
113,1,0.5716337039866453
1,0,0.4455640744797371
62,0,0.013964270275630726
120,0,0.0062724014336917565
225,0,0.009732017782485575
65,0,0.21970452869329274
67,1,0.3608336650377401
62,0,0.27492362374414686
208,0,0.009320432116993465
111,0,0.0878927833191631
3,0,0.5260089286456056
14,1,0.6479487179487179
160,0,0.4127162716271627
216,0,0.16011727425129016
81,1,0.5935066378979624
97,1,0.18080494623757648
162,0,0.477336016809701
157,1,0.5503419508733028
126,0,0.001450955906401451
91,0,0.07458390411802672
18,0,0.06653426392831585
40,0,0.005660218423191776
143,1,0.5386521108251175
73,0,0.012566737994637278
198,0,0.0030075187969924814
54,0,0.06653426392831585
152,0,0.10184914661311839
10,0,0.06004472400351097
17,1,0.6647050243166722
41,0,0.025555614870351035
11,0,0.012231913184351606
106,1,0.7047565648070274
48,1,0.5445781101696877
25,1,0.23957207474814438
139,0,0.012926198680651294
74,0,0.06004472400351097
183,0,0.021936750860226867
156,0,0.09478737021375
75,1,0.4077802108105139
207,0,0.11132045809809665
161,1,0.7764675603077409
130,0,0.34050425244544663
125,0,0.007944746640375722
74,0,0.17255898281281123
189,0,0.031019835301180868
175,1,0.6848320448825075
55,1,0.5072414264111296
42,0,0.1908320836304028
224,0,0.008932892291168594
96,0,0.01396694181283338
46,0,0.02313135725647314
32,0,0.039199270549038066
78,1,0.6148497235453757
107,1,0.5363453818831393
22,0,0.009774449392859675
210,1,0.5968512915889974
76,0,0.113944169860558
14,0,0.4219222298169667
216,0,0.2316882875561511
121,0,0.0015498355803888458
66,0,0.006071653480296125
139,1,0.554652295700889
3,0,0.033487268908031616
27,0,0.03868066908289416
129,0,0.005695690840003234
113,0,0.035585272013509535
113,0,0.02305002625378738
56,0,0.0878927833191631
43,0,0.2059290230042076
45,0,0.015600912379817733
45,0,0.3039233801428924
154,0,0.1527169194485634
143,0,0.02727251768318634
56,0,0.0
111,0,0.006071653480296125
41,0,0.09603290570169272
110,0,0.02305002625378738
75,0,0.08164568051739511
150,0,0.27891714380802957
46,0,0.3012173012173012
129,0,0.2659125485855232
77,0,0.02450305459085177
183,0,0.19948984226629216
1,0,0.3666772100093487
67,0,0.007406274508084151
228,0,0.007571550044668324
48,0,0.010641670463467345
131,0,0.2035652338682642
163,1,0.6583046507080544
57,1,0.49991247224448804
126,0,0.21269867741412454
42,0,0.29595941980405965
57,0,0.00055005500550055
138,0,0.0514475864460952
197,0,0.2382548130626191
159,0,0.06407807208722541
144,0,0.001725143137110421
32,0,0.004413315180121173
22,0,0.02727251768318634
108,0,0.001450955906401451
120,1,0.2638364101648962
34,1,0.6848320448825075
26,0,0.1655410193688189
172,0,0.046842682932722514
148,1,0.5029147708573546
162,1,0.6166223456571558
94,1,0.4594827755132407
67,0,0.3131978804218904
184,0,0.36118174754538385
134,0,0.6102078512564445
112,0,0.02018878744291491
93,0,0.00055005500550055
44,0,0.2900876042381393
59,0,0.0993387863789577
44,0,0.03161889268352576
144,0,0.18984522888808564
23,0,0.15399343171125532
4,0,0.00055005500550055
173,0,0.024289675291266393
47,0,0.05559429397600022
50,0,0.004182606928602352
139,0,0.015024201786129213
12,0,0.5402576489533012
211,0,0.03863662860160753
105,0,0.11697657873528644
200,0,0.012808623778040129
75,0,0.05654072241205504
137,0,0.009732017782485575
140,0,0.14849060372368306
145,0,0.0
77,0,0.06233558822096958
61,0,0.225951534940299
46,1,0.35700167108445985
143,0,0.009370674373479137
113,0,0.001725143137110421
74,0,0.5141087635227565
160,1,0.5815622286210521
105,0,0.2501192268295616
147,0,0.001725143137110421
25,1,0.44214390790167585
86,0,0.031019835301180868
82,0,0.008932892291168594
114,0,0.04783358791056667
131,0,0.2693801777319886
137,0,0.1004395636488561
106,0,0.06757516888016639
216,0,0.06004472400351097
28,0,0.001725143137110421
62,0,0.044834287140865466
64,0,0.113944169860558
80,1,0.4363263824048138
84,0,0.0
136,0,0.045490066388214456
145,0,0.05031956870127494
5,0,0.010091210325961846
85,0,0.07359604032768424
111,0,0.05523866720607271
43,0,0.07903433414553747
137,0,0.06331832464434374
163,0,0.2756927131295435
49,0,0.00589871790598814
28,0,0.10748497987903181
29,0,0.02694434325191263
81,0,0.3204874550925268
70,0,0.008782110593089655
78,0,0.30638214911916584
102,1,0.4928940986359612
18,0,0.021891708218994128
117,0,0.08484107928718689
145,0,0.15440647919968598
214,1,0.7087722529158994
131,0,0.13180422318971888
105,0,0.00055005500550055
111,0,0.07950300262282449
125,0,0.13063055039452218
158,0,0.009947384967167659
88,0,0.2198846786861768
66,0,0.19319904642711574
86,0,0.05559429397600022
97,1,0.41670357775217104
53,1,0.14998582992365872
14,0,0.09478737021375
35,0,0.30728114478114477
162,0,0.02927537116117355
184,0,0.3974600927891799
31,0,0.03348038127651179
176,0,0.0
97,0,0.05024056497352999
81,0,0.005083507829503253
175,0,0.28419301031360694
216,0,0.29372219723096915
41,0,0.16802397322992288
164,0,0.10748497987903181
175,0,0.00055005500550055
122,0,0.14173818544952566
72,0,0.015600912379817733
147,1,0.5277244700132955
25,0,0.14231145595224637
78,0,0.03436600898720396
212,0,0.38374680164645686
140,0,0.00055005500550055
41,1,0.1725330252331295
176,0,0.27771736503793915
13,0,0.15406381058554972
125,0,0.06057674387043511
199,0,0.5024071451430107
47,1,0.6073191962853215
190,1,0.4444861681562413
0,1,0.6094580230844281
98,0,0.19260684411013765
144,1,0.4032701470835988
140,0,0.001725143137110421
81,0,0.43911729980653663
87,0,0.12795782625480182
131,0,0.07917482819155078
134,0,0.010064959869778824
217,0,0.014843259556209248
45,0,0.13180422318971888
203,0,0.024289675291266393
89,1,0.5047403863193337
111,0,0.5392353358142832
223,0,0.010308728376174097
87,0,0.3226583386628364
113,1,0.5349645621450896
94,0,0.0664552602005709
73,0,0.005660218423191776
198,0,0.33649556702162847
85,0,0.00055005500550055
190,0,0.00055005500550055
81,0,0.10092487340330887
196,1,0.4632246542863602
35,1,0.6048001999259268
208,1,0.6002685415102267
213,0,0.04928114714819198
56,0,0.05298294760414258
198,0,0.341852787683657
47,0,0.03545990643236017
83,0,0.005660218423191776
94,1,0.6166223456571558
147,0,0.029296489817324117
34,0,0.008932892291168594
118,0,0.03390708654539443
113,0,0.38237675084827355
39,1,0.47972452125933135
150,0,0.17428478202603337
56,1,0.6409498048178708
127,0,0.008521457234064245
95,0,0.012739673568945264
159,0,0.15281975891605862
13,0,0.03419446966597132
142,0,0.03752235104810091
92,0,0.26146143481190104
218,1,0.5061598467539062
17,0,0.5024071451430107
86,0,0.003584229390681004
210,0,0.43832668537289576
177,0,0.1687588773786212
48,0,0.0
39,0,0.06601503768828834
135,0,0.0
37,0,0.5447132967607106
128,0,0.1847403677814439
7,0,0.004182606928602352
74,0,0.2996001837894721
194,0,0.0009009009009009009
44,0,0.530874477133581
194,0,0.0930479905397813
157,0,0.04142778538657236
86,0,0.07274605603974728
191,0,0.2099647541667572
5,0,0.03982381529257834
49,0,0.001725143137110421
95,0,0.016759230414610984
81,0,0.001725143137110421
68,1,0.5403569688109161
5,0,0.001725143137110421
71,0,0.13240680960756107
1,0,0.024289675291266393
60,1,0.2442940445464105
4,0,0.011564585437335392
223,0,0.01771350997450408
78,0,0.0036364747585869695
41,1,0.34180441287199353
92,0,0.0477082223294173
41,0,0.08882985015586926
146,0,0.03058047113044279
67,0,0.23833383945743494
22,0,0.015024201786129213
197,0,0.1709983477086825
85,0,0.008356181697480071
58,0,0.03933890256333756
23,1,0.45531109254208246
40,0,0.20037859200095673
40,0,0.031300429545610554
18,0,0.009370674373479137
94,0,0.10688239346118959
112,0,0.06943656344093464
133,0,0.009732017782485575
157,0,0.14904417776426623
142,0,0.0
89,0,0.027849228276874863
187,1,0.16623312275486188
155,0,0.004319854754997731
170,1,0.6336928878365343
28,0,0.15058706725373391
4,0,0.02450305459085177
84,0,0.021936750860226867
149,1,0.6144224106434177
186,0,0.009370674373479137
135,0,0.010517139221571428
92,1,0.6322045694355594
73,1,0.5977337852591402
112,1,0.4859687208216621
81,1,0.38770716340760175
42,1,0.442304432579032
150,0,0.03336190332688225
82,0,0.332212277564678
28,0,0.13180422318971888
109,1,0.572725215817321
4,0,0.13613337838209444
132,0,0.02964813796680224
70,0,0.022984575321997158
29,0,0.022984575321997158
229,0,0.018275225844661597
80,1,0.5427137225917714
57,0,0.002626044038011322
16,0,0.22858643181610364
44,0,0.4659662223581484
207,0,0.05428594803125872
36,0,0.41644743456133176
2,0,0.14410240414607225
171,0,0.15120912359426533
87,1,0.6583046507080544
17,0,0.09549872280718531
15,0,0.29372219723096915
181,0,0.010064959869778824
93,0,0.3877392912480631
105,0,0.32046333288299594
30,1,0.44487872354114394
10,0,0.139096312693435
29,1,0.7062393162393162
20,0,0.44671241518393784
161,0,0.18984522888808564
101,0,0.15332038818414476
41,1,0.43914205842979764
90,0,0.4662436329102995
135,0,0.007043845739474822
12,0,0.0018623909635057995
185,0,0.05298294760414258
73,0,0.371366221747018
96,0,0.47975912975912977
92,0,0.13180422318971888
34,0,0.004319854754997731
143,0,0.36118174754538385
55,1,0.601863194864556
62,0,0.001725143137110421
64,1,0.1712155994971467
196,0,0.02666402478931591
144,1,0.3531184239156757
194,0,0.015081044946495878
56,1,0.7093469655595775
34,0,0.005494942886607602
40,0,0.1752111352355621
89,0,0.03450999924296425
39,1,0.6526203564884224
22,0,0.17832814600230149
56,1,0.616943944034591
29,1,0.4906135417659581
93,1,0.6693427645151783
148,0,0.018453758814433136
124,0,0.1576598827205483
103,1,0.4409769174962545
134,0,0.49757560619678753
149,0,0.004182606928602352
218,0,0.05476999872878569
51,0,0.0
36,0,0.0068185364579850275
118,0,0.40935721539218983
92,0,0.23081608936872092
68,1,0.6735384828545431
59,0,0.0053881262184134445
22,0,0.005494942886607602
51,0,0.07870357609762803
68,0,0.07359604032768424
143,1,0.5297878527348533
54,0,0.5128636795303462
83,0,0.20552695418352476
108,0,0.15399343171125532
83,0,0.005083507829503253
109,0,0.11322766053612306
119,0,0.03883087442226597
123,0,0.04483692999989474
11,1,0.5360466239833299
217,0,0.25292114610714983
90,0,0.0
138,0,0.053920014440848735
70,0,0.10403845331458796
89,1,0.5302492984277092
60,0,0.25964964219734804
126,0,0.005083507829503253
12,0,0.5209494688964694
113,0,0.005083507829503253
77,0,0.3175194365518687
130,1,0.09079859934506762
67,0,0.007447489565301627
164,0,0.06331832464434374
191,1,0.4104274441445494
101,0,0.0018623909635057995
113,0,0.4178436417707299
129,0,0.006870778971613106
77,0,0.0036364747585869695
232,0,0.007447489565301627
93,0,0.22611004869036755
132,0,0.04595468204472162
11,0,0.040717749817892675
159,0,0.20926302290381335
80,1,0.5918964776190713
95,0,0.005083507829503253
90,0,0.2542722517402877
144,0,0.017352166565497644
59,0,0.06329249421091525
104,1,0.6824425817425372
127,0,0.36407385702309153
149,0,0.10325115955615706
53,0,0.13555226592027347
62,1,0.5992229762740319
26,0,0.1157204290735969
203,0,0.0949545597185315
45,0,0.1157204290735969
151,0,0.005083507829503253
17,0,0.10753988777296712
77,0,0.09786037574443603
147,0,0.2873102780282752
132,0,0.06757516888016639
23,0,0.0032382270485113024
109,0,0.019370576786468627
196,0,0.01396694181283338
105,0,0.001450955906401451
48,0,0.018275225844661597
93,1,0.6144224106434177
129,0,0.047718459493060646
38,1,0.6751085499865987
21,0,0.0783202266455855
73,0,0.03978472451768953
204,1,0.5257022957039971
86,0,0.2867725634870771
84,0,0.11203988746841016
168,0,0.13180422318971888
15,0,0.4079975918712444
90,1,0.6557198233826823
104,0,0.022984575321997158
230,0,0.022611489823151292
110,0,0.07274605603974728
125,0,0.0
174,0,0.010308728376174097
6,0,0.009370674373479137
66,0,0.005083507829503253
158,1,0.6587319636100124
78,0,0.00589871790598814
57,0,0.0514475864460952
144,0,0.12027113261681165
146,0,0.1327253450710241
201,0,0.00055005500550055
87,0,0.024289675291266393
149,0,0.033487268908031616
33,0,0.0018623909635057995
51,1,0.36766007240282295
176,0,0.5007733229463297
171,0,0.024987989466002395
161,0,0.4764896430800321
141,1,0.6292901209195308
215,0,0.02305002625378738
127,0,0.006870778971613106
85,0,0.039199270549038066
91,0,0.5432387365152066
39,0,0.02313135725647314
66,0,0.0
2,1,0.388874171790024
111,0,0.2630249136024714
138,0,0.113944169860558
82,1,0.6965025965530591
159,1,0.5160136322262442
207,0,0.02313135725647314
144,0,0.03537967315353027
83,0,0.07146620755624714
50,0,0.12641576296742943
16,1,0.7358434254709428
187,1,0.6429981457709314
3,0,0.5365414853548834
177,0,0.0020759890325107717
58,0,0.010308728376174097
136,0,0.3954933064368238
10,1,0.6322045694355594
85,1,0.4972061853513643
126,0,0.1989621649312158
14,0,0.001725143137110421
4,0,0.36529764087519867
166,0,0.2840304232443447
130,0,0.037683575432712224
169,0,0.0018623909635057995
120,0,0.08016049693460199
89,0,0.06862638406014598
132,0,0.015419970149897768
192,0,0.04729298607468993
89,0,0.054555872422917255
219,0,0.26993849384938495
9,0,0.021167785900750913
203,0,0.04704857948987783
140,0,0.01758094034836191
31,0,0.2534056611469125
129,1,0.5089491405280878
141,0,0.00055005500550055
116,0,0.008932892291168594
20,0,0.0032382270485113024
8,1,0.49720444346354736
230,0,0.08261805804443782
37,0,0.04783358791056667
139,0,0.07274605603974728
38,1,0.5297878527348533
98,0,0.16820837244001638
17,1,0.5682296769253291
8,0,0.01407839278282499
135,1,0.5543351665016449
85,0,0.19914701899061357
71,0,0.04094373468904538
72,0,0.02566137262564502
150,0,0.44835590685827337
60,1,0.7089699759169902
71,0,0.00055005500550055
39,1,0.7416531165311654
38,0,0.1725330252331295
154,0,0.09950573384655599
142,0,0.2614546184974458
128,0,0.0
80,0,0.10154765916233806
141,0,0.031057954783250154
211,0,0.02018878744291491
106,1,0.45076100304920724
186,1,0.015600912379817733
223,0,0.23115344884491762
115,0,0.022117693090146832
68,0,0.005083507829503253
15,1,0.41895870649276384
172,0,0.016114255646197454
43,0,0.030132400217458794
181,1,0.5245526439164014
69,0,0.02305002625378738
16,0,0.16880071356468537
112,0,0.012808623778040129
53,0,0.03419446966597132
68,0,0.0
228,0,0.432446964799906
39,0,0.00055005500550055
23,0,0.012231913184351606
152,0,0.008932892291168594
85,1,0.530269487105187
183,0,0.018212258751675373
59,0,0.00055005500550055
3,1,0.22049210535586192
195,1,0.6282375060625555
139,0,0.002626044038011322
110,1,0.7416531165311654
128,1,0.43529668658203985
138,0,0.001725143137110421
56,1,0.45525057444562095
113,0,0.08253905431669287
229,0,0.06601503768828834
223,0,0.01221980613562341
220,0,0.019370576786468627
128,0,0.0011750881316098707
47,0,0.4933324618039845
35,0,0.001725143137110421
52,1,0.4961193214675834
45,1,0.2520431982902119
151,0,0.07887076560240952
150,0,0.09079859934506762
217,0,0.09786037574443603
102,0,0.15168158994398073
111,0,0.11762305112814098
207,0,0.00303747909511567
59,0,0.44145619497943334
112,1,0.29461690517035066
123,0,0.008356181697480071
98,0,0.02018878744291491
0,0,0.008356181697480071
186,0,0.6452822539779062
107,0,0.012739673568945264
19,0,0.22734892292648068
176,1,0.39940106807628917
95,0,0.007447489565301627
64,1,0.5702693930542031
181,1,0.5992229762740319
22,0,0.007607496078286892
44,1,0.2877222375830031
132,1,0.5734139854523687
154,1,0.3299160623230547
48,0,0.040717749817892675
49,1,0.6207515851123925
26,0,0.03390708654539443
193,0,0.09145609365684514
20,0,0.5337549161078573
68,0,0.034911004676243265
98,0,0.003584229390681004
129,0,0.002626044038011322
2,0,0.5118309663046506
6,0,0.21695675182050841
123,0,0.2176178443231954
86,0,0.029007546311668117
72,0,0.25826752962822225
216,0,0.3647862113065145
68,1,0.17307347460389785
74,0,0.10184914661311839
105,0,0.1199870548508114
12,0,0.15698968048777587
143,0,0.03759122538478695
90,0,0.027849228276874863
12,1,0.5582264439490378
190,1,0.5408454960931742
164,0,0.02964813796680224
125,0,0.009732017782485575
127,0,0.08054205516325014
103,1,0.3855169991973397
150,1,0.6073191962853215
168,0,0.006071653480296125
216,0,0.17276673633130277
169,0,0.3532317181226039
84,1,0.5989464082624685
60,0,0.1892453633467754
20,0,0.00303747909511567
15,0,0.054555872422917255
49,0,0.32426224814189797
168,0,0.004182606928602352
123,0,0.012162962975256743
113,0,0.001725143137110421
7,0,0.07950300262282449
120,1,0.803399148277197
56,0,0.01407839278282499
229,0,0.05428594803125872
27,0,0.035585272013509535
82,0,0.47568188516464377
107,0,0.0433730136015839
25,0,0.45280849863936795
187,0,0.12972909629450355
135,0,0.02727251768318634
61,0,0.09145609365684514
209,1,0.40664144038969313
107,0,0.016759230414610984
201,0,0.03545990643236017
34,1,0.7206053959168149
161,0,0.0
18,0,0.07870357609762803
102,0,0.016759230414610984
44,1,0.30303192290317726
176,0,0.02305002625378738
187,0,0.005083507829503253
39,0,0.03794234310530784
88,0,0.0032382270485113024
96,1,0.5730313471658758
47,1,0.31871425094316663
94,1,0.600167031647494
39,1,0.6818101438791094
47,0,0.008356181697480071
15,1,0.5096952002892596
51,0,0.2825838778914695
56,0,0.016759230414610984
35,0,0.0030075187969924814
6,0,0.039039446975268656
66,0,0.4659662223581484
27,1,0.54472661754725
90,0,0.3161928751583259
149,1,0.42628828724607604
103,0,0.015413987033789128
100,0,0.09673081893157041
44,1,0.4994461368042093
227,0,0.09786037574443603
57,0,0.13500382156922883
72,0,0.004182606928602352
204,0,0.07354548256494375
151,0,0.09420555286264126
70,0,0.3282521133154208
230,0,0.06740797937538488
139,1,0.4157491608084493
127,0,0.044210217904714307
15,0,0.04702542754626184
35,0,0.12428992649067795
46,0,0.3021752950606706
69,0,0.010308728376174097
30,0,0.4667600078217138
114,1,0.5722456336181957
212,0,0.1740667038305239
57,1,0.47880239831212035
158,0,0.031300429545610554
165,1,0.64701108868009
31,0,0.16512797188038822
70,0,0.05430021419705494
168,0,0.43779053784100785
19,1,0.6786564835345322
128,0,0.5249165322694734
62,0,0.1471858630320347
45,0,0.07359604032768424
182,1,0.33239232944271097
140,0,0.13613337838209444
175,0,0.10929223034486191
170,0,0.5673728902676273
155,0,0.004182606928602352
96,0,0.0062724014336917565
73,1,0.43716857979657614
118,0,0.00055005500550055
97,0,0.04704857948987783
164,0,0.24689153614579148
99,0,0.009732017782485575
41,0,0.036069322711036515
203,0,0.3160454381471045
210,1,0.693213601532567
208,0,0.07180898920304113
63,0,0.021314997625305605
146,0,0.6409498048178708
174,0,0.015600912379817733
123,0,0.0514475864460952
139,0,0.40783194369365683
137,0,0.007944746640375722
80,0,0.14489465724033626
34,1,0.30820121316255333
58,0,0.001725143137110421
147,0,0.07870357609762803
203,0,0.37082225766436294
117,0,0.1323039832880508
87,0,0.02775893389006714
130,0,0.00055005500550055
19,0,0.17873706038296314
3,0,0.011799988498260597
202,0,0.045490066388214456
141,0,0.22593059280080705
78,0,0.047234530528221776
30,0,0.39355828674429044
9,0,0.032667617830582564
122,0,0.01763554815798685
114,1,0.33157534246575343
22,0,0.15141661909077456
90,0,0.21223538324047309
54,0,0.13094898492844578
38,0,0.0
52,0,0.06057674387043511
27,1,0.5960256342573571
112,0,0.00055005500550055
160,0,0.036069322711036515
195,1,0.3794364568188706
8,0,0.46108822444074593
161,0,0.2915912783188916
74,1,0.6409498048178708
109,0,0.001725143137110421
75,0,0.19948294724508522
142,0,0.001725143137110421
151,0,0.2257479256240084
113,0,0.010091210325961846
126,1,0.43597013224893294
188,0,0.05333937532905422
183,1,0.5331526814749119
90,0,0.021891708218994128
209,0,0.001725143137110421
60,0,0.00055005500550055
66,0,0.0032382270485113024
23,1,0.5992229762740319
18,0,0.2782354902557262
163,0,0.0585093628454636
194,1,0.5337549161078573
174,0,0.022984575321997158
47,0,0.07275541763909595
82,0,0.006870778971613106
24,1,0.7272124675743873
63,0,0.001725143137110421
178,0,0.012739673568945264
195,0,0.031634665376938674
72,0,0.0009009009009009009
200,0,0.1794276121277164
87,1,0.6010776740246747
4,1,0.4650455025770417
86,0,0.3609872960476124
215,0,0.01407839278282499
218,0,0.14188738654489275
53,1,0.442637030200482
35,0,0.00303747909511567
190,0,0.42787286325610746
26,0,0.07900188120263267
70,0,0.012231913184351606
206,0,0.031634665376938674
169,1,0.6225532118429234
156,1,0.2878366437111812
41,0,0.01657828818469102
25,0,0.005083507829503253
141,0,0.2309440034912582
128,0,0.0
79,0,0.0783754016663543
14,1,0.6292901209195308
123,0,0.10753988777296712
184,0,0.09673081893157041
85,0,0.0
124,1,0.5277244700132955
133,1,0.5978205128205129
143,0,0.05277105800540414
141,0,0.113944169860558
25,1,0.18546968958093038
206,0,0.007944746640375722
117,1,0.5879294142460674
104,0,0.4462769642195479
115,0,0.3561012010213614
23,0,0.5610804216941792
34,1,0.48077191371449746
70,0,0.11761125393727305
142,0,0.589473348121261
92,1,0.5099325054385572
142,0,0.14715129207882832
32,0,0.006870778971613106
188,0,0.02942215309564954
120,0,0.21194906365939847
67,0,0.5563196438449989
131,0,0.022984575321997158
56,0,0.09419365364222204
29,1,0.42251833428422003
38,1,0.6008183549620013
137,0,0.417307494238842
33,0,0.19862239586213215
10,0,0.012808623778040129
102,0,0.07359604032768424
21,0,0.40935721539218983
73,1,0.5384239733157479
21,1,0.7206405275875419
109,0,0.021891708218994128
218,0,0.03492583544393114
76,0,0.028408488929323225
128,1,0.6818101438791094
69,0,0.016759230414610984
15,1,0.6050447373976785
158,0,0.001725143137110421
2,0,0.010967528069337712
216,0,0.059560673305984
59,1,0.20123705485081142
76,0,0.03433429408255474
129,0,0.045490066388214456
134,0,0.40781086729362587
5,0,0.02380278597844344
186,0,0.07887076560240952
202,0,0.019370576786468627
33,0,0.009947384967167659
115,1,0.4523701354713447
112,0,0.13063055039452218
218,0,0.013897991603738516
29,0,0.0
44,0,0.08484107928718689
120,1,0.38438248042957884
88,0,0.05680154393401465
46,0,0.26454383595646086
53,0,0.028408488929323225
8,0,0.17255898281281123
140,0,0.05423524020338975
23,0,0.05476499993276155
109,0,0.005660218423191776
143,0,0.011282005994955685
2,1,0.3351408683349672
187,0,0.0514475864460952
6,0,0.1847403677814439
83,1,0.3532317181226039
205,0,0.012162962975256743
114,0,0.006994839450979802
138,0,0.001450955906401451
64,0,0.03999716198684088
146,0,0.011799988498260597
90,0,0.05523866720607271
39,0,0.19014952235457028
48,0,0.015809323225215065
106,0,0.24679620559770374
12,0,0.03433429408255474
117,0,0.012808623778040129
190,0,0.03442695397871628
25,0,0.04702542754626184
101,0,0.3652622718412191
126,1,0.44832309455028585
102,0,0.021891708218994128
162,0,0.015024201786129213
104,0,0.02976030603632418
46,0,0.08552035755705661
92,0,0.045490066388214456
187,0,0.005660218423191776
12,0,0.2826025757885795
128,0,0.0530562217604628
201,0,0.24927882709791013
151,1,0.4204700854700855
50,0,0.027347498832962794
125,1,0.5383157944133554
76,0,0.001725143137110421
205,0,0.1418984084638157
181,0,0.007447489565301627
149,0,0.008356181697480071
37,0,0.009732017782485575
220,1,0.6893915113719699
129,0,0.5337549161078573
113,0,0.3526257847969771
31,0,0.021314997625305605
118,0,0.031300429545610554
140,0,0.011467046410967347
133,1,0.6556690077164214
131,1,0.43068853928109135
88,0,0.015600912379817733
88,0,0.03598935065940448
126,0,0.007447489565301627
202,0,0.1467801174591298
182,0,0.01407839278282499
54,0,0.018212258751675373
63,0,0.1411429780417813
100,0,0.03933890256333756
85,0,0.053920014440848735
126,1,0.6852090345250947
72,0,0.30768852017997395
176,0,0.021314997625305605
188,1,0.8720289855072464
177,0,0.6650877358523535
127,1,0.54472661754725
142,0,0.011467046410967347
208,1,0.5961373789434457
200,1,0.5789818164508759
96,0,0.02666402478931591
9,1,0.6583046507080544
67,0,0.011276098232619972
202,0,0.18199491908757578
60,0,0.29579329884207933
170,0,0.0
128,0,0.11816482797785623
23,0,0.00055005500550055
86,0,0.0047593175222908745
120,0,0.14217626337234787
78,0,0.527943469785575
28,1,0.5757856701374031
196,0,0.3025883425491012
182,1,0.6982072829131654
58,0,0.06057674387043511
140,0,0.015600912379817733
125,0,0.33972902872424404
16,0,0.003908419697893383
41,1,0.42580167107619854
32,0,0.09595001700264859
112,0,0.09523666398197467
165,0,0.04014103922420415
75,0,0.09079859934506762
103,0,0.06057674387043511
114,0,0.059296895386934965
71,0,0.477336016809701
7,0,0.17467779134445802
58,0,0.3234036269123988
204,0,0.4667600078217138
218,0,0.15163606003639543
29,0,0.02666402478931591
178,1,0.6010776740246747
88,0,0.039199270549038066
133,0,0.16067171308386316
149,0,0.09689438747469836
16,0,0.25834080804756926
154,0,0.07864888325608789
2,0,0.37256802794119753
220,1,0.8426984126984127
145,0,0.07003056618797678
56,1,0.6550156556875623
125,0,0.2721941925993366
157,0,0.00453737565948787
87,0,0.015419970149897768
39,0,0.23624100761862254
188,0,0.010641670463467345
159,0,0.11294738894850387
82,0,0.11554848660111816
60,0,0.012162962975256743
51,0,0.0
89,0,0.0
17,0,0.03262154484719665
142,1,0.5695200059770021
51,0,0.451144387701545
16,0,0.015600912379817733
185,0,0.271418968878134
64,1,0.39806602611480657
136,0,0.036826934693979525
24,0,0.2516764207616116
81,0,0.3521563046504263
68,0,0.04014103922420415
162,1,0.7089699759169902
82,1,0.6798069387509043
160,0,0.0018623909635057995
166,0,0.032531250460388926
107,0,0.012702556697819486
74,0,0.0514475864460952
166,0,0.016316555233348014
66,0,0.11402466905327491
107,0,0.4871794871794872
35,0,0.08164568051739511
77,1,0.5046457607433218
88,0,0.007944746640375722
57,0,0.31558663558663563
193,1,0.5473523476885851
52,0,0.022984575321997158
71,0,0.44487872354114394
147,0,0.03593893380597863
158,0,0.010641670463467345
129,0,0.005494942886607602
194,0,0.0
132,1,0.5072414264111296
187,0,0.007447489565301627
200,0,0.017839173252829507
105,0,0.15408386446187136
132,0,0.09478737021375
217,0,0.16198903791292382
30,0,0.028408488929323225
167,0,0.07180898920304113
143,0,0.027903673826794928
230,0,0.010641670463467345
103,0,0.014843259556209248
21,0,0.05111941201482149
107,1,0.5271304112877835
213,0,0.377539326691869
116,0,0.014719701537489438
203,0,0.18901996554170464
184,0,0.009732017782485575
52,0,0.0
20,0,0.03794234310530784
154,0,0.05622483334032613
50,0,0.2947783671881151
41,0,0.0658514691451604
59,0,0.5128636795303462
167,0,0.09341057670426794
65,1,0.4866792929292929
68,0,0.013897991603738516
181,1,0.7093469655595775
81,0,0.137471383996954
40,1,0.6556690077164214
73,0,0.0
87,0,0.03150477017633149
17,0,0.2721941925993366
179,0,0.015024201786129213
195,0,0.17276673633130277
191,0,0.36168178211339924
89,0,0.4490994280150907
217,1,0.6600014568764568
140,1,0.46760383678728523
81,0,0.23058629062995872
71,0,0.43058253474920144
9,0,0.18720922832516737
98,0,0.015024201786129213
143,0,0.477336016809701
98,0,0.011858716588644208
199,0,0.06707980494411117
57,1,0.2083970821084223
183,0,0.013073714250225429
9,0,0.4724110550337954
55,0,0.5047854461271514
129,0,0.08543522220932727
43,0,0.0
46,0,0.027479550385705778
7,1,0.509349412645623
89,0,0.018997491287622757
155,1,0.6574051188275326
44,0,0.2803451332844216
223,0,0.002626044038011322
6,1,0.6587319636100124
49,0,0.1157204290735969
127,0,0.002626044038011322
180,0,0.43779053784100785
209,0,0.1478449066027735
93,1,0.2660053424347362
170,0,0.19683383245976316
114,0,0.05333937532905422
167,0,0.3526953211668438
183,1,0.7217285966066455
62,0,0.0032382270485113024
139,0,0.04928114714819198
202,0,0.6600014568764568
231,1,0.693213601532567
62,0,0.21076536477973531
56,0,0.00055005500550055
124,0,0.03058047113044279
173,0,0.005660218423191776
14,0,0.1576728753470308
43,1,0.5569745584060761
1,0,0.01758094034836191
35,0,0.05298294760414258
184,0,0.13613337838209444
205,1,0.6179965588915665
0,0,0.002626044038011322
78,0,0.006994839450979802
158,0,0.10092487340330887
54,1,0.6409498048178708
61,0,0.19468157066361336
211,0,0.3058194408944175
168,0,0.42008533511139184
68,0,0.01407839278282499
109,0,0.001725143137110421
36,0,0.06825734577883696
109,0,0.0824797035323351
215,0,0.05031956870127494
78,0,0.036826934693979525
45,0,0.01758094034836191
116,1,0.6704025152805642
109,0,0.00055005500550055
21,1,0.5773732738709519
111,0,0.10848306053221601
158,0,0.04019806270723797
106,0,0.016759230414610984
158,0,0.01657828818469102
54,0,0.05373704627514181
172,0,0.07354646431662805
169,0,0.4667035639485991
214,0,0.09245321029074645
153,1,0.587445354035743
130,0,0.1418984084638157
23,1,0.6735384828545431
94,0,0.015600912379817733
7,1,0.7416531165311654
88,0,0.03419446966597132
131,0,0.07666053798655709
197,0,0.01396694181283338
32,0,0.007447489565301627
92,0,0.050326710865480434
12,0,0.02149738668948879
96,0,0.047234530528221776
231,0,0.015024201786129213
181,0,0.10184914661311839
35,0,0.015024201786129213
5,0,0.13535377296845186
62,0,0.001725143137110421
51,0,0.0059176355570841254
77,0,0.01903046940812166
218,0,0.036826934693979525
43,0,0.016759230414610984
47,0,0.018212258751675373
24,0,0.004485130291581905
41,0,0.08967983444380623
120,0,0.009732017782485575
174,0,0.3692252379958667
32,0,0.09478737021375
46,0,0.32046333288299594
102,0,0.04928114714819198
80,0,0.320142568858437
15,0,0.021891708218994128
38,1,0.4256875419052217
43,0,0.005494942886607602
134,0,0.24873837772714177
207,0,0.2228950169802079
192,1,0.56091795986129
137,0,0.19975779099403454
172,0,0.00303747909511567
194,0,0.008932892291168594
198,0,0.03598935065940448
192,0,0.36434661009960645
188,1,0.64701108868009
23,0,0.23366448617005084
67,0,0.052194347411715615
129,1,0.5277244700132955
136,0,0.24837466809011524
33,0,0.21087167399557086
106,0,0.012808623778040129
12,0,0.14744879621589146
18,0,0.631704583742967
137,1,0.5990744688964695
120,0,0.002626044038011322
68,0,0.00055005500550055
2,1,0.6934806955496611
28,0,0.008521457234064245
0,0,0.2630338672005339
130,0,0.008932892291168594
14,0,0.024289675291266393
44,0,0.057716661696122544
202,0,0.14726791855122734
73,0,0.5059655576660305
1,0,0.2864347036542689
102,0,0.005494942886607602
181,0,0.012926198680651294
210,1,0.5617377851379114
172,0,0.05031956870127494
25,0,0.08967983444380623
220,0,0.006071653480296125
0,0,0.02018878744291491
38,0,0.24545305694730982
19,0,0.0
41,0,0.1235687739951538
93,1,0.6103623188405797
150,0,0.22734892292648068
68,0,0.016759230414610984
198,0,0.06653426392831585
4,0,0.06635867178630335
44,0,0.23723173356830943
133,0,0.04667526987577342
185,0,0.00055005500550055
144,0,0.1157204290735969
74,0,0.10325115955615706
18,1,0.33209362422845573
6,0,0.22049210535586192
14,0,0.0
13,1,0.7709836893399991
158,0,0.6311448186701737
21,0,0.02566137262564502
194,1,0.438839263400667
221,0,0.5601807196634784
173,1,0.6587319636100124
52,0,0.11999580417367596
14,0,0.11402466905327491
73,0,0.27198653060261396
67,0,0.0
66,0,0.005660218423191776
21,0,0.011858716588644208
82,0,0.0
205,0,0.0963880372847764
185,1,0.6650877358523535
11,0,0.016464165677496756
137,0,0.4782576098365572
98,0,0.44134337000579044
47,0,0.4032713177609595
154,0,0.5190722242099755
10,1,0.49200970548862116
160,0,0.08576535249699642
71,0,0.2398183688569641
159,1,0.693213601532567
75,0,0.012231913184351606
116,0,0.02838045128660668
61,1,0.7093469655595775
152,0,0.41588966588966586
108,0,0.0
9,0,0.032667617830582564
82,1,0.6282375060625555
131,0,0.22415583232107208
142,0,0.003908419697893383
122,0,0.03336190332688225
41,0,0.002626044038011322
168,0,0.015537545052508933
141,0,0.1128146130476924
204,0,0.36392759007701536
63,0,0.008521457234064245
112,1,0.41781955418319056
190,0,0.013017034623437458
31,0,0.09321384586951163
134,0,0.003908419697893383
104,0,0.040717749817892675
82,0,0.2336549295453405
83,0,0.225951534940299
61,0,0.0
71,0,0.00055005500550055
182,0,0.009141303136565923
67,0,0.09245321029074645
148,0,0.32038510227016087
223,0,0.03883087442226597
156,0,0.001725143137110421
119,0,0.18429216655613834
3,1,0.64701108868009
93,0,0.009732017782485575
6,0,0.0072745539909936435
100,0,0.05428594803125872
68,0,0.0009009009009009009
77,0,0.007944746640375722
130,0,0.05523866720607271
46,0,0.002626044038011322
6,0,0.533418215771157
1,1,0.6256018630709225
40,0,0.018997491287622757
20,0,0.31394316867145283
84,0,0.05065488529675414
113,0,0.05754337457572593
39,0,0.024289675291266393
210,0,0.3874123698034078
206,1,0.5380498291115351
4,1,0.23890326073468948
219,0,0.10216725036742595
51,0,0.148502400914551
42,0,0.07105887503833587
104,0,0.08972058908375362
14,1,0.5367763387005978
31,0,0.015600912379817733
86,0,0.007229971515089376
125,0,0.0452964226212183
11,0,0.012231913184351606
60,0,0.14123287099669105
22,0,0.5883223293709228
39,0,0.36740693236541105
13,1,0.396376402346117
190,1,0.5352682724412792
70,1,0.7272124675743873
120,0,0.18666076689384625
107,0,0.09619390749279692
210,0,0.07354548256494375
63,0,0.07633762110159288
151,0,0.4808034579201627
155,1,0.48182005563936037
4,0,0.06725468672576736
100,0,0.17127287009888922
55,0,0.07870357609762803
50,1,0.6322045694355594
2,0,0.017511990139267047
51,0,0.1552003217258917
73,0,0.1973754446475884
128,1,0.7858773410497548
49,1,0.616943944034591
154,0,0.00055005500550055
132,0,0.016464165677496756
215,1,0.37599773963410327
97,1,0.7036911538809072
216,0,0.113944169860558
85,0,0.13180422318971888
21,0,0.004413315180121173
6,0,0.0
28,0,0.27966228175917657
120,1,0.554652295700889
56,0,0.03593893380597863
25,0,0.07636941617462448
31,0,0.35906432748538003
118,0,0.04187606785268593
29,1,0.5441949042453668
82,0,0.09079859934506762
50,0,0.448902694360883
178,0,0.06233558822096958
151,0,0.2915912783188916
15,0,0.09235305411176181
86,0,0.001725143137110421
60,1,0.4710703526492999
40,0,0.24808090460264373
116,0,0.047234530528221776
4,0,0.0
144,0,0.021891708218994128
16,0,0.25417319944253647
96,0,0.012162962975256743
114,0,0.02943213160505047
41,1,0.64701108868009
162,0,0.008889871738168952
212,1,0.3244475353216871
153,1,0.584707547480333
170,0,0.2398183688569641
111,0,0.001725143137110421
19,1,0.6207515851123925
117,0,0.12403835513465485
144,0,0.040734631707085446
142,0,0.1128146130476924
138,0,0.40111175539949456
70,1,0.5000848824378236
117,1,0.5759386597734939
131,0,0.2466637369337287
19,0,0.031019835301180868
76,0,0.6385603416779005
88,1,0.6587319636100124
84,0,0.5904956612602789
92,0,0.001725143137110421
58,0,0.07250106109980747
209,0,0.3389124936542541
129,0,0.6547649002370085
60,0,0.004413315180121173
13,0,0.0611418278734718
144,0,0.03129071825225205
50,0,0.04299035130901558
200,0,0.022117693090146832
89,0,0.0
10,0,0.005083507829503253
125,1,0.4224493768980255
106,0,0.013705208861490376
214,0,0.02724375582881906
4,1,0.43245664370278175
4,0,0.451144387701545
47,0,0.015600912379817733
56,0,0.11938313172881075
49,0,0.08656477902219288
127,0,0.0
166,1,0.6385603416779005
65,1,0.3483935344697313
28,1,0.730359554503201
141,1,0.4284708598682457
72,0,0.12325239675474801
219,0,0.001725143137110421
16,1,0.5943297581978242
47,0,0.013705208861490376
109,0,0.001725143137110421
6,0,0.019762358061007016
15,0,0.06004472400351097
165,1,0.3935585585585586
38,0,0.04187606785268593
216,0,0.006870778971613106
136,0,0.48058022156846375
217,0,0.018275225844661597
77,0,0.012808623778040129
79,0,0.0
189,0,0.05428594803125872
123,0,0.0754179271329667
102,0,0.40783194369365683
11,0,0.3207780047667688
12,1,0.5872409737375613
99,0,0.2995440482006188
107,0,0.022117693090146832
127,0,0.050126471144509105
96,0,0.12556961940775394
218,0,0.1128146130476924
50,0,0.012162962975256743
43,0,0.05528306466516004
231,0,0.10092487340330887
35,0,0.0062724014336917565
9,0,0.03710126744356015
63,1,0.49776634970322203
203,1,0.3489799960388196
32,0,0.3434445464748495
48,0,0.38353069631960235
142,0,0.009358821186778176
49,0,0.008932892291168594
126,0,0.1534021831660032
146,0,0.005083507829503253
126,0,0.5883223293709228
48,1,0.41288546111785357
107,0,0.005695690840003234
30,0,0.08118625640539213
13,0,0.09145609365684514
33,0,0.006870778971613106
137,0,0.00055005500550055
48,1,0.7089699759169902
27,1,0.6824425817425372
128,0,0.07633762110159288
108,1,0.4178436417707299
125,0,0.04187606785268593
100,0,0.6587319636100124
163,1,0.6175218775376776
195,0,0.012739673568945264
91,0,0.039039446975268656
169,0,0.09673081893157041
3,0,0.04094373468904538
134,0,0.055558933080424276
188,0,0.02909750008759031
99,0,0.030167722428716532
169,0,0.10642987316151709
52,0,0.08484107928718689
196,0,0.019762358061007016
32,0,0.03868066908289416
31,0,0.37771950271950266
91,1,0.577640367888046
19,0,0.11697657873528644
207,1,0.43229767170322875
38,0,0.43779053784100785
102,1,0.487966454678129
53,0,0.00055005500550055
134,0,0.0036364747585869695
32,0,0.001450955906401451
108,0,0.13240680960756107
196,0,0.08376306902587287
0,0,0.007430719468485007
7,0,0.029134769975072642
175,0,0.06753138056221718
20,0,0.234894713415612
51,0,0.004182606928602352
169,1,0.3654656814961466
229,0,0.018212258751675373
189,0,0.006870778971613106
120,0,0.28118243721080605
171,1,0.46304229744883657
205,1,0.4793736730360935
112,0,0.03385024338502776
120,0,0.009732017782485575
150,1,0.2838683544254155
159,0,0.09673081893157041
85,1,0.49850231212871715
20,0,0.07207654773146922
129,0,0.30111525285230295
91,0,0.5047854461271514
218,0,0.17713022589732116
219,0,0.03593893380597863
80,0,0.00055005500550055
149,0,0.18112848022989228
135,0,0.22440477697361452
167,0,0.06927584470222449
14,0,0.15765613436646916
9,0,0.013705208861490376
72,0,0.061163076196927256
89,1,0.6322045694355594
124,0,0.08925225924364859
46,0,0.20800957568373116
216,0,0.5297878527348533
171,1,0.4718038529656237
51,0,0.015419970149897768
205,0,0.02666402478931591
82,1,0.5553407362093951
6,0,0.07616641080827966
5,0,0.5642828022298029
59,0,0.1221112304298947
211,0,0.012231913184351606
178,0,0.1128146130476924
80,0,0.11763866758880344
101,1,0.36575296276584307
41,0,0.2517278779213192
181,0,0.005494942886607602
124,0,0.004413315180121173
133,0,0.000419171856089511
16,0,0.22039012526930027
77,0,0.033706366147664486
103,0,0.37042501101876585
87,0,0.5615495175618274
55,1,0.5383004790012826
31,1,0.3155961529167271
52,0,0.02094180102959821
87,1,0.7275894572169745
151,0,0.12286154391417548
25,0,0.009732017782485575
186,0,0.0
9,0,0.21403598774548172
168,0,0.08656477902219288
0,0,0.06601503768828834
129,1,0.6137011674772311
138,0,0.18687069585945992
96,0,0.21057308825584617
120,0,0.0
37,0,0.6409498048178708
159,0,0.013705208861490376
143,0,0.21602003617813892
55,0,0.38573099415204676
86,0,0.06237478704156624
24,1,0.46174759187124453
62,1,0.6778463565420086
101,0,0.059560673305984
93,0,0.01771350997450408
141,1,0.5854078808548941
138,0,0.05528306466516004
124,0,0.3775904210957786
143,0,0.5776411328135467
169,1,0.3868587839176075
78,0,0.009732017782485575
36,0,0.2524529458167902
96,0,0.36982190449592883
30,1,0.25498705485081147
123,0,0.01407839278282499
42,1,0.5634631551702532
127,0,0.3794364568188706
88,0,0.015449673001497693
116,0,0.12371603527526541
148,0,0.3409746564857839
110,0,0.041750702271536565
213,0,0.012739673568945264
175,0,0.03786535624706249
116,0,0.012808623778040129
98,0,0.04244144955289867
17,1,0.29461690517035066
181,0,0.5684674329501916
22,1,0.21959739741648043
21,1,0.3926540352080476
7,0,0.23072236827944592
15,0,0.00055005500550055
83,0,0.21959739741648043
132,0,0.0
159,1,0.5503419508733028
183,0,0.40230010952902523
138,0,0.6815430498620154
66,1,0.5644921081094387
91,0,0.00055005500550055
53,0,0.004413315180121173
50,0,0.10688239346118959
227,0,0.1229928067872732
159,0,0.6308777246530797
11,0,0.018275225844661597
161,0,0.04702542754626184
48,1,0.6429981457709314
184,0,0.008356181697480071
126,0,0.09245321029074645
71,1,0.43464390742871756
199,0,0.38668709567585974
52,0,0.015024201786129213
79,0,0.41654998157603834
132,0,0.1235687739951538
203,0,0.00055005500550055
23,0,0.00055005500550055
194,1,0.49093499093499093
46,1,0.2804529194516019
59,0,0.031019835301180868
144,1,0.6291416135419685
53,0,0.11483192647279335
179,0,0.07354548256494375
8,0,0.13028049188218316
231,0,0.02019228672021955
130,0,0.002626044038011322
225,0,0.04015198972385206
5,0,0.1327253450710241
70,0,0.0
108,0,0.005083507829503253
27,0,0.00055005500550055
195,1,0.7501430679798801
213,0,0.026435251006451648
104,1,0.7089699759169902
164,0,0.113944169860558
27,0,0.125625149800283
186,0,0.00055005500550055
89,0,0.02727251768318634
110,0,0.11545189087827067
65,0,0.06025382698547091
205,0,0.0
3,0,0.1725330252331295
147,1,0.6824425817425372
154,0,0.09683801789064946
92,1,0.5594960917972494
39,0,0.13063055039452218
125,0,0.3274032715944533
98,1,0.7333991482771971
150,0,0.1798490912420847
35,0,0.005083507829503253
73,0,0.1235687739951538
195,0,0.40701284835455365
82,0,0.007944746640375722
113,0,0.004413315180121173
96,0,0.3780119641812556
143,0,0.01396694181283338
66,1,0.43402907163963667
186,0,0.5503419508733028
92,0,0.06943656344093464
153,0,0.05476999872878569
228,0,0.02566137262564502
117,0,0.017210220145512906
42,0,0.4901027542292695
26,0,0.017649584316250983
214,0,0.007447489565301627
67,0,0.00303747909511567
136,1,0.5208562556900661
52,0,0.38112022350813407
42,0,0.012808623778040129
15,0,0.016114255646197454
36,0,0.010556093012233363
48,0,0.011467046410967347
212,0,0.04993403750114974
79,0,0.06025382698547091
221,0,0.022611489823151292
41,1,0.4897455239405704
26,0,0.02305002625378738
62,1,0.7038411261940674
102,0,0.16082966735249873
137,0,0.0699076680145971
136,0,0.015024201786129213
222,0,0.20594000167195545
144,0,0.06331832464434374
41,0,0.01110570300196091
110,0,0.038889463460664096
222,0,0.5096952002892596
29,0,0.04231578627457325
79,0,0.07855028344801049
117,0,0.015600912379817733
0,0,0.49846794762049
134,0,0.37266670435942784
191,0,0.13613337838209444
177,0,0.009732017782485575
19,1,0.5992229762740319
7,0,0.1352753509388103
90,0,0.0325986676214877
12,0,0.23029909775903382
50,0,0.43792439444613357
110,0,0.022984575321997158
91,0,0.016759230414610984
25,0,0.015024201786129213
73,0,0.00055005500550055
168,0,0.009370674373479137
119,1,0.5766588966588966
220,0,0.28147407437372957
143,0,0.225109003706126
6,0,0.015024201786129213
51,0,0.0069132105819872045
123,1,0.6064627380416854
113,0,0.2082090159091202
133,0,0.5716337039866453
14,0,0.03545990643236017
46,0,0.047629218601672345
174,0,0.08484107928718689
54,0,0.14904417776426623
156,0,0.4765194871051868
163,1,0.5008443774826133
32,1,0.48713025793234604
47,0,0.006870778971613106
179,0,0.005083507829503253
105,0,0.1036254058261573
141,0,0.26454383595646086
192,0,0.04512167026144236
118,1,0.6311448186701737
31,0,0.1864540941953455
50,0,0.007406274508084151
174,0,0.09245321029074645
52,0,0.012231913184351606
80,0,0.5047403863193337
69,1,0.5213274210847793
114,0,0.28793298834790776
133,0,0.00303747909511567
67,1,0.8775128564749882
77,0,0.00055005500550055
156,1,0.6976764138890258
87,0,0.1729616188450601
198,0,0.03868066908289416
50,0,0.002626044038011322
200,0,0.0009009009009009009
47,1,0.5641874465403878
152,1,0.6081448536169618
32,0,0.21819290329835384
91,0,0.0047593175222908745
17,0,0.08967983444380623
58,0,0.1921252217929982
61,0,0.2316882875561511
173,0,0.5903927227456639
20,1,0.407869760527065
212,0,0.00303747909511567
139,0,0.264274322169059
116,0,0.3302738944444159
7,0,0.32046333288299594
120,0,0.002626044038011322
18,0,0.012588434190625221
208,1,0.6110521662245799
55,0,0.012926198680651294
197,0,0.0
99,0,0.021891708218994128
120,0,0.2524529458167902
69,0,0.33947015096440386
0,1,0.6208773410497549
127,0,0.2808427143816408
88,0,0.12251366727763906
4,1,0.6735384828545431
126,0,0.42622937158177204
132,0,0.3205607482995975
98,0,0.09419767443075377
87,0,0.05031956870127494
77,0,0.004413315180121173
52,1,0.5439981209888034
196,0,0.001450955906401451
80,0,0.00055005500550055
76,0,0.09145609365684514
188,0,0.00055005500550055
143,0,0.07719588147722704
36,1,0.526907413760577
47,1,0.5098179877086864
175,0,0.016051902110719652
46,0,0.04928114714819198
51,1,0.4994461368042093
135,0,0.07666053798655709
178,0,0.007944746640375722
129,0,0.07790477733267186
146,0,0.5716337039866453
23,0,0.3595628034099974
48,0,0.012566737994637278
100,0,0.46447905030991965
17,0,0.009774449392859675
62,0,0.013502909274339815
44,0,0.0011750881316098707
215,0,0.2398183688569641
207,0,0.00055005500550055
61,1,0.6965025965530591
82,1,0.3730196562137551
104,0,0.2380465581877386
62,0,0.2965076833497886
166,1,0.6952012024321924
172,1,0.5961128034708759
176,0,0.2721941925993366
149,0,0.03472998657391448
137,0,0.0
153,0,0.21269867741412454
202,1,0.7047565648070274
100,0,0.26723919398083723
25,1,0.27600506256806767
43,0,0.113944169860558
183,0,0.029806379019710092
13,0,0.14880913918714608
195,0,0.13655064787666696
41,0,0.25460923965723836
165,0,0.001725143137110421
88,0,0.3494616870251388
46,0,0.002626044038011322
20,0,0.3231417748619026
221,0,0.036069322711036515
156,0,0.10753988777296712
135,0,0.0018623909635057995
0,0,0.4989795717643819
91,1,0.4307200834867566
164,1,0.4307200834867566
55,0,0.4748833010327263
89,0,0.189759855137862
93,1,0.5747567171982177
72,0,0.001725143137110421
211,0,0.001725143137110421
212,0,0.08293072054539945
83,0,0.5308855273996463
120,0,0.00055005500550055
23,1,0.33652281990415195
48,1,0.5688792636169694
41,0,0.442637030200482
166,0,0.02313135725647314
100,0,0.24917152905070405
78,0,0.13118412443510538
71,0,0.018375497298973305
86,0,0.05489536430993506
65,0,0.0658514691451604
91,1,0.3541077728462502
41,1,0.5943297581978242
58,0,0.022611489823151292
23,0,0.047234530528221776
1,0,0.03304810672416116
36,0,0.04928114714819198
21,0,0.030991797658464323
124,0,0.004101504413596185
219,0,0.64701108868009
76,1,0.707987056343366
34,0,0.24719827441838657
160,1,0.6372494169229102
171,0,0.17543884125903406
149,0,0.008098629220741432
30,0,0.020213405376370116
220,0,0.02666402478931591
127,0,0.053221868213893735
38,1,0.5049997330704676
0,0,0.015024201786129213
197,0,0.001450955906401451
181,0,0.06377902751458592
31,0,0.14133805121465182
0,0,0.015600912379817733
101,1,0.5199156500337826
76,0,0.031019835301180868
65,0,0.09833206105135929
158,0,0.06051339248079799
102,0,0.009732017782485575
53,1,0.4400024067963433
55,0,0.03819740713571509
21,0,0.059560673305984
114,0,0.08576535249699642
22,0,0.06653426392831585
141,1,0.7384195867758964
212,0,0.36740693236541105
6,0,0.11373104393699358
56,0,0.005083507829503253
214,0,0.027903673826794928
214,0,0.2463385330685072
79,0,0.26567402838779347
84,0,0.014651005190421812
61,0,0.04094373468904538
95,0,0.001450955906401451
229,0,0.6694444444444446
29,1,0.45312389116890905
33,0,0.3226583386628364
9,0,0.011799988498260597
168,0,0.20383218054251537
78,0,0.18352853487786022
88,0,0.16772425424708562
6,1,0.5382828282828283
76,0,0.11714376824006793
58,1,0.5386521108251175
171,0,0.007944746640375722
217,0,0.01657828818469102
120,0,0.06620608949704214
110,0,0.021891708218994128
79,0,0.001725143137110421
172,1,0.5367763387005978
1,0,0.022611489823151292
12,0,0.0069132105819872045
226,0,0.06927584470222449
32,0,0.6212970036499449
51,0,0.00055005500550055
25,0,0.015024201786129213
62,0,0.14904417776426623
82,0,0.061573860504336435
219,0,0.3305482736214738
79,0,0.18961920618461345
57,0,0.001725143137110421
22,0,0.03442695397871628
94,0,0.09673081893157041
74,0,0.0664552602005709
8,0,0.16067171308386316
105,1,0.565958489611858
105,0,0.006870778971613106
60,0,0.007944746640375722
204,0,0.15399343171125532
163,0,0.005083507829503253
62,0,0.27198653060261396
101,1,0.5854078808548941
117,1,0.07963892531793766
28,0,0.2659125485855232
36,1,0.5772520516398225
12,0,0.003584229390681004
218,0,0.045490066388214456
44,0,0.2369331480855644
89,0,0.03175224027954984
27,0,0.04469736523887341
132,0,0.27353734124973045
125,0,0.04380993015515133
108,0,0.035585272013509535
12,1,0.46330876152342887
97,0,0.004319854754997731
67,1,0.275738448363576
107,1,0.5625827718988321
16,0,0.27268193040348493
100,0,0.05489536430993506
50,0,0.00055005500550055
129,0,0.06689939815158627
163,1,0.5642828022298029
70,0,0.17627307298340777
105,0,0.582930628909975
58,0,0.005494942886607602
137,0,0.012566737994637278
111,0,0.02942215309564954
6,1,0.7008350457130946
65,1,0.6848320448825075
97,0,0.056717251115217526
22,0,0.5203892493049119
98,0,0.001450955906401451
218,1,0.4077991313856693
38,0,0.002626044038011322
24,0,0.018275225844661597
78,0,0.02566137262564502
160,0,0.024289675291266393
13,0,0.015289077545886884
114,0,0.1478449066027735
119,0,0.08543522220932727
115,0,0.047234530528221776
4,0,0.001450955906401451
8,0,0.02305002625378738
31,0,0.2854663378094455
183,1,0.6751085499865987
50,0,0.03752235104810091
74,0,0.06292362890379671
133,0,0.258551866064651
39,0,0.028408488929323225
15,0,0.4307200834867566
80,0,0.19041903614197211
21,0,0.19862239586213215
10,0,0.2516764207616116
104,0,0.010064959869778824
34,0,0.019762358061007016
64,0,0.006093938550078902
21,1,0.24417337836958886
181,0,0.601863194864556
75,0,0.0
152,0,0.6583046507080544
209,0,0.0510791903193231
192,0,0.2248178244620452
164,1,0.39598751090922785
73,0,0.4421008826685941
122,0,0.05111941201482149
65,0,0.011467046410967347
79,0,0.06275906399189539
55,0,0.005494942886607602
145,0,0.0
157,0,0.13969762299131425
44,0,0.1816429720209789
82,0,0.002626044038011322
153,0,0.07887076560240952
60,0,0.2380465581877386
117,0,0.18607967151230173
117,0,0.04702542754626184
172,0,0.3004506933211674
3,0,0.24927882709791013
2,0,0.058140966718691504
164,1,0.39806602611480657
3,0,0.010308728376174097
10,0,0.25286599330522086
158,0,0.04015198972385206
153,0,0.05987753449872948
193,0,0.014852271163631614
95,1,0.3978027222082792
183,0,0.13242700894874807
30,0,0.0455853661268743
88,1,0.5420930799220273
75,0,0.22811092631780952
54,0,0.35332608567902685
108,0,0.15900303137094218
188,0,0.001725143137110421
170,0,0.16725829995840422
83,0,0.06757516888016639
219,0,0.012162962975256743
12,0,0.001725143137110421
60,0,0.015600912379817733
115,0,0.05641726698368551
185,0,0.047629218601672345
70,0,0.006870778971613106
146,0,0.6608743247423907
52,0,0.005083507829503253
110,1,0.5297878527348533
32,0,0.009732017782485575
32,1,0.36788196363496
69,0,0.13602073895529074
50,1,0.7206405275875419
133,0,0.03537967315353027
25,0,0.21403598774548172
36,0,0.169909160853987
142,1,0.5760302076091549
180,0,0.38048820789941784
67,1,0.6921705745235157
108,0,0.0
57,0,0.019370576786468627
82,0,0.5392353358142832
209,0,0.3788174139051332
112,0,0.2054823291427589
189,0,0.11450897745821194
149,0,0.0
223,0,0.08261805804443782
91,0,0.012808623778040129
185,0,0.1128146130476924
18,0,0.5136622636622636
41,0,0.031019835301180868
81,0,0.001725143137110421
1,0,0.08552035755705661
139,0,0.5515410515410516
172,0,0.2342435098210676
129,0,0.011467046410967347
87,0,0.18199084865751533
56,0,0.07633762110159288
35,0,0.23499004022764747
98,0,0.03058047113044279
21,0,0.35722847818288406
200,0,0.004485130291581905
54,0,0.0
11,0,0.23499004022764747
37,0,0.09582519224136926
136,0,0.007944746640375722
52,1,0.5473523476885851
25,0,0.053160335681453286
72,0,0.00055005500550055
54,1,0.6311448186701737
118,0,0.03868066908289416
117,1,0.6074309409714101
47,0,0.02666402478931591
44,0,0.17229394548030794
70,0,0.045490066388214456
202,0,0.004182606928602352
190,0,0.008772296835557787
130,1,0.661737567987568
30,0,0.09075422079788892
67,0,0.19297425840688862
88,0,0.04512167026144236
92,1,0.3713144865708186
122,0,0.23092494118515763
151,0,0.3419266970403334
107,0,0.012722903472128644
118,0,0.04299035130901558
76,0,0.002626044038011322
191,0,0.38770716340760175
87,1,0.6322045694355594
167,0,0.02018878744291491
122,1,0.6273379741820335
230,0,0.1798490912420847
96,0,0.3609872960476124
15,0,0.009679775268857497
53,0,0.001725143137110421
58,0,0.05428594803125872
76,0,0.002626044038011322
155,0,0.3168061136918871
52,0,0.011467046410967347
111,1,0.2716734353847756
122,1,0.5408688952518946
5,1,0.3045454545454545
41,0,0.13180422318971888
222,0,0.0
106,1,0.48972533526309264
134,0,0.006870778971613106
125,0,0.001450955906401451
135,0,0.20753899967383113
28,1,0.2851471445221445
120,1,0.49577453761023743
152,0,0.0477082223294173
207,0,0.5345798319327731
65,0,0.4249213697455476
138,0,0.22469595621769534
75,0,0.0
8,0,0.23499004022764747
11,0,0.18080494623757648
147,1,0.4808034579201627
65,0,0.07016384559022537
35,0,0.04142778538657236
118,0,0.009732017782485575
137,0,0.40783194369365683
101,0,0.019436855458360835
32,0,0.09339106510610469
116,0,0.030293088009865896
228,0,0.03884573158356746
181,0,0.0
21,0,0.00055005500550055
35,0,0.005660218423191776
160,0,0.09245321029074645
193,1,0.47460232355139326
119,0,0.24174637186283113
93,0,0.33908111424569326
125,0,0.426281104464915
105,0,0.001725143137110421
197,0,0.027903673826794928
179,0,0.041750702271536565
194,0,0.26960473472838725
203,0,0.1773174398745175
66,0,0.17832814600230149
24,0,0.3337713593720458
102,1,0.08384945703786283
79,1,0.6282375060625555
214,0,0.003908419697893383
24,0,0.015600912379817733
102,0,0.006870778971613106
144,0,0.18024638451750805
64,0,0.013017034623437458
48,0,0.4463220240273656
159,0,0.004182606928602352
208,0,0.007406274508084151
206,0,0.09786037574443603
31,0,0.40701284835455365
97,1,0.29461690517035066
71,0,0.0
14,0,0.3399745931620562
60,0,0.24927882709791013
57,1,0.6242611794335933
123,0,0.280340846221064
133,0,0.08576535249699642
185,1,0.5319034300727664
178,0,0.5337549161078573
22,0,0.005083507829503253
70,0,0.0072745539909936435
20,1,0.2842265527654792
174,0,0.38237675084827355
125,0,0.06757745354560309
65,0,0.058140966718691504
44,0,0.015081044946495878
79,1,0.707987056343366
202,1,0.5256377659123653
197,0,0.10929223034486191
129,0,0.03419446966597132
153,1,0.4442953649577818
65,0,0.00055005500550055
114,1,0.7416531165311654
118,0,0.03545990643236017
120,0,0.41934137706974967
44,0,0.17307347460389785
30,0,0.64701108868009
102,0,0.022568682821048753
206,0,0.4982867882538132
135,1,0.38749586815885156
103,0,0.09145609365684514
116,0,0.02305002625378738
147,0,0.05434242352862806
21,0,0.045490066388214456
89,1,0.6848320448825075
119,0,0.03433429408255474
105,0,0.007447489565301627
179,0,0.007229971515089376
28,0,0.09186914114527579
210,0,0.14269590320651546
17,1,0.5942241909379394
70,0,0.22440477697361452
116,0,0.0072745539909936435
148,0,0.005660218423191776
91,0,0.05892762730933356
65,1,0.7333991482771971
227,0,0.02305002625378738
224,1,0.6673395593869732
202,1,0.7089699759169902
48,0,0.007607496078286892
190,1,0.4379008664902555
93,0,0.07666053798655709
122,1,0.5843552659979188
135,0,0.0
101,0,0.018997491287622757
213,0,0.18930877767597246
5,1,0.6175218775376776
74,0,0.01563793058008388
182,0,0.3434445464748495
33,1,0.2463385330685072
231,0,0.0949545597185315
182,0,0.2221687096767231
10,0,0.09481632242826273
156,0,0.06653426392831585
189,0,0.10770956607859306
34,1,0.5297878527348533
75,0,0.008932892291168594
161,0,0.12251366727763906
170,0,0.030293088009865896
177,0,0.015600912379817733
186,0,0.06057674387043511
108,0,0.1576728753470308
143,0,0.04492713264643089
203,0,0.3660426012021112
214,0,0.2951873655164526
185,0,0.01407839278282499
27,1,0.4752914940080715
28,0,0.10442483235135376
57,0,0.17955950730075862
109,0,0.027903673826794928
79,0,0.16802397322992288
162,0,0.016825509086503196
206,0,0.00055005500550055
162,0,0.2758303258383392
189,0,0.12539278350274996
128,0,0.009370674373479137
136,0,0.012808623778040129
12,1,0.41611355854147636
76,0,0.02450305459085177
181,0,0.009947384967167659
58,0,0.3367971653399735
132,0,0.02879188634371103
119,0,0.04189645386385937
154,0,0.3503405830431259
3,1,0.6848320448825075
21,0,0.07870357609762803
188,1,0.7581889623796876
29,0,0.00055005500550055
181,0,0.012343364154343214
123,1,0.6943016705516705
163,0,0.0
107,0,0.4490994280150907
121,1,0.5598549973803523
149,1,0.4421120789541842
45,1,0.43515792200002723
208,0,0.008521457234064245
106,0,0.13608782836006159
68,0,0.002626044038011322
219,1,0.5057118009646104
176,0,0.011467046410967347
207,1,0.48713025793234604
179,0,0.04187606785268593
167,0,0.1128146130476924
199,0,0.2721941925993366
1,1,0.7217285966066455
134,0,0.2878285467988387
32,0,0.009370674373479137
77,0,0.019370576786468627
205,0,0.06399709863896748
177,0,0.34870263895031695
115,1,0.6282375060625555
99,0,0.27492362374414686
2,0,0.30862847943498134
13,0,0.03442695397871628
96,0,0.00055005500550055
117,0,0.4662436329102995
166,0,0.45525057444562095
69,1,0.4969866551872579
47,1,0.49720444346354736
79,0,0.05476999872878569
119,1,0.6735384828545431
1,0,0.22066098086925715
71,0,0.6767582875229051
112,0,0.012162962975256743
212,0,0.029134769975072642
189,0,0.5136622636622636
99,0,0.004413315180121173
114,0,0.19362613950958077
209,0,0.1623953506733954
45,0,0.09075818042696744
27,1,0.5918049297834104
24,0,0.13009373692516563
110,0,0.0
138,0,0.1461775310412876
70,0,0.1297589202655188
178,0,0.02088657221651924
54,0,0.04721376612322045
161,0,0.018212258751675373
209,0,0.015809323225215065
132,0,0.024289675291266393
127,0,0.03545990643236017
85,0,0.603900668045405
88,0,0.054555872422917255
147,1,0.6312435865435283
176,0,0.06653426392831585
96,0,0.005188067444876783
185,0,0.06237478704156624
42,0,0.016759230414610984
67,1,0.5486258380995223
155,0,0.16615470072522034
28,1,0.6824425817425372
124,0,0.06145045931750415
13,0,0.11381007033180945
30,0,0.04015198972385206
54,0,0.007620556333163345
90,1,0.5695200059770021
72,0,0.3952183994485179
205,0,0.048122531416222664
174,0,0.033487268908031616
41,0,0.1128146130476924
200,0,0.15141661909077456
171,1,0.7272124675743873
46,0,0.0013123359580052493
43,1,0.6854486622235102
123,0,0.3602120723264099
160,1,0.5885073477491539
1,0,0.005695690840003234
34,0,0.2615758650333118
124,0,0.13546692584493272
177,0,0.005695690840003234
38,1,0.3168061136918871
39,1,0.6583046507080544
91,0,0.0579598619688079
60,0,0.007043845739474822
146,0,0.2929769089814067
209,0,0.05031956870127494
92,0,0.03262154484719665
175,0,0.12972909629450355
156,1,0.6735384828545431
126,0,0.13180422318971888
69,0,0.022117693090146832
45,0,0.04015198972385206
159,1,0.49850824232169405
37,0,0.002626044038011322
57,1,0.6322045694355594
88,0,0.07359604032768424
125,0,0.015081044946495878
100,0,0.2947084524130846
18,0,0.6063069114793253
2,0,0.05928783871573324
110,1,0.7333991482771971
185,0,0.012343364154343214
27,0,0.37523003312477
143,1,0.39837073380096194
129,0,0.001725143137110421
58,0,0.3360312049076262
2,0,0.009732017782485575
82,0,0.028558059381384126
28,0,0.0521879449257808
104,0,0.34718320024298527
67,0,0.019370576786468627
16,0,0.004413315180121173
110,0,0.5602823102823103
43,0,0.12403835513465485
134,1,0.5806727595836507
150,0,0.07900188120263267
20,0,0.08807250003990554
150,0,0.07180898920304113
8,0,0.1792619758046016
176,0,0.02305002625378738
161,0,0.6767582875229051
51,1,0.38910260475012853
100,0,0.0018623909635057995
196,0,0.5158118104602317
128,0,0.00055005500550055
111,1,0.43529668658203985
214,1,0.738883019244939
51,0,0.4589319158462606
143,1,0.5097958741566816
113,1,0.42989870732401086
144,0,0.1157204290735969
121,1,0.09117907060871062
114,0,0.00055005500550055
44,0,0.1157204290735969
119,1,0.5319451744872422
107,0,0.00055005500550055
196,0,0.17276673633130277
72,0,0.12756533116245347
145,0,0.0325986676214877
136,0,0.21403598774548172
85,0,0.0930479905397813
145,0,0.13868326520500432
62,0,0.07811388031463179
29,0,0.0754179271329667
108,1,0.6711490197145729
132,0,0.005695690840003234
137,0,0.3043566445133178
161,1,0.587445354035743
24,0,0.10929223034486191
3,1,0.6474384015820479
209,0,0.18806896967504672
92,0,0.17715447320710478
69,1,0.41430828823537635
186,0,0.03825269784683357
132,0,0.008356181697480071
185,0,0.03348038127651179
19,0,0.049571063024153594
46,0,0.02088657221651924
56,0,0.25650474939092827
37,0,0.03545990643236017
158,0,0.00055005500550055
157,1,0.5737411473357737
137,0,0.4718038529656237
105,0,0.08484107928718689
188,0,0.6526203564884224
57,0,0.001725143137110421
76,1,0.594349946875302
204,0,0.0030075187969924814
173,0,0.4533126143019192
185,0,0.372887772995377
136,0,0.006870778971613106
73,0,0.004413315180121173
128,0,0.0072745539909936435
13,0,0.07146620755624714
95,0,0.006071653480296125
157,1,0.5007733229463297
101,0,0.3287340394717271
3,0,0.0
188,1,0.4170533678869585
117,0,0.0
146,0,0.13612883218146377
71,0,0.00055005500550055
7,1,0.6711490197145729
73,0,0.09079859934506762
144,0,0.012739673568945264
22,0,0.0530562217604628
14,0,0.031119487315690596
163,0,0.009358821186778176
61,0,0.00055005500550055
70,0,0.015537545052508933
39,0,0.05319205058610251
120,0,0.11186904296534265
152,1,0.465480205947758
79,0,0.07108192154305461
97,0,0.20060778727445394
180,0,0.5628379764643815
197,0,0.10837258126145773
110,0,0.04299035130901558
109,0,0.06145982091685281
92,0,0.10809778331691904
189,0,0.002626044038011322
177,0,0.04512167026144236
47,1,0.6010776740246747
180,0,0.06025382698547091
127,1,0.03868066908289416
64,0,0.1036254058261573
176,0,0.005083507829503253
89,1,0.4362322044106152
140,0,0.42714393449687565
78,0,0.015600912379817733
195,0,0.5099325054385572
120,1,0.36191239923505797
126,0,0.005083507829503253
101,0,0.00055005500550055
120,0,0.03868066908289416
23,0,0.009679775268857497
117,0,0.08421872511546424
203,0,0.26492475420324557
132,0,0.001450955906401451
106,0,0.04990981919453167
46,1,0.4667600078217138
97,0,0.14037372060679995
91,0,0.19345856105463977
175,0,0.001450955906401451
3,1,0.6062283155097132
66,0,0.00303747909511567
80,1,0.46297334006264196
36,0,0.004182606928602352
30,0,0.002626044038011322
164,0,0.10848306053221601
155,0,0.00055005500550055
148,1,0.7206405275875419
176,1,0.7651739982797765
126,0,0.15141661909077456
5,0,0.0
56,1,0.5403569688109161
117,0,0.45076100304920724
183,0,0.454775543176072
214,1,0.4856393371964945
178,0,0.05298294760414258
61,1,0.80640522875817
119,0,0.010064959869778824
167,1,0.5650611537718535
17,1,0.7206405275875419
67,0,0.2649568834448915
110,1,0.5161917852356993
126,0,0.3931497479615936
165,0,0.12379417360446326
29,0,0.09673081893157041
168,1,0.3957082412459987
43,0,0.0069132105819872045
41,1,0.5158061116965227
31,0,0.16108478296541462
186,0,0.047234530528221776
55,0,0.00055005500550055
187,0,0.001725143137110421
91,0,0.030536138854803125
174,0,0.021314997625305605
44,0,0.010091210325961846
66,0,0.027521053845601152
97,0,0.061573860504336435
55,0,0.028845442501961017
2,0,0.06222017385663301
2,0,0.06653426392831585
73,0,0.0068185364579850275
145,0,0.05559429397600022
179,1,0.6824425817425372
87,0,0.2804648991880678
106,0,0.015024201786129213
80,0,0.06265607037536862
132,1,0.5976350038850039
86,1,0.7582250686503439
75,1,0.530874477133581
162,0,0.16079230667574793
38,0,0.018453758814433136
124,0,0.012808623778040129
179,0,0.19014952235457028
99,0,0.09079859934506762
73,0,0.07148081477176742
133,0,0.019370576786468627
66,1,0.5668695084516974
199,1,0.5985345357655257
204,1,0.44419354401620276
81,1,0.6314571273198043
199,0,0.3021752950606706
3,1,0.6184676892323068
127,1,0.6250619299399788
152,0,0.17036561520920976
196,0,0.3978027222082792
218,0,0.0
114,0,0.014843259556209248
74,0,0.1163868829522902
196,0,0.17904519489736467
0,0,0.16067171308386316
3,0,0.05489536430993506
115,0,0.07887076560240952
136,1,0.5360466239833299
127,0,0.015600912379817733
122,0,0.0
104,0,0.33402044321825386
76,0,0.02018878744291491
72,0,0.43666378699273434
157,0,0.009358821186778176
69,0,0.054555872422917255
82,0,0.041750702271536565
70,0,0.016759230414610984
228,0,0.4348965953325899
13,0,0.03818058452854431
2,0,0.047234530528221776
117,0,0.19379184136380992
108,0,0.0
87,1,0.5206164206164207
98,0,0.0
8,1,0.25052931057297867
81,0,0.001725143137110421
101,0,0.5096952002892596
218,0,0.04187606785268593
199,0,0.03262154484719665
171,0,0.010308728376174097
64,1,0.5512820512820512
0,0,0.42787286325610746
147,0,0.001450955906401451
21,0,0.03523289121905429
25,0,0.12371603527526541
6,0,0.06331832464434374
94,0,0.06331430385581202
164,0,0.03982381529257834
80,0,0.015449673001497693
3,0,0.044797017253383135
145,0,0.10848306053221601
38,0,0.07105887503833587
66,0,0.2326362724128015
76,0,0.004413315180121173
77,1,0.4362322044106152
127,0,0.1352753509388103
55,0,0.045490066388214456
176,0,0.02019228672021955
137,0,0.07633762110159288
112,1,0.5227556929130407
120,0,0.001450955906401451
96,0,0.19152263537515601
49,0,0.4343593378681098
114,0,0.2650016198728742
187,0,0.34851008192485255
71,0,0.005494942886607602
113,1,0.5510221566130334
66,0,0.03807125280421781
85,0,0.39355828674429044
9,0,0.07695487014327594
7,0,0.2167479684766872
29,0,0.001450955906401451
43,0,0.06275906399189539
8,0,0.20639722329456722
48,0,0.2198846786861768
98,0,0.023926343997163247
119,0,0.0
61,0,0.10338041088621748
87,0,0.5063505465982246
29,0,0.005695690840003234
34,0,0.004319854754997731
121,0,0.021936750860226867
209,1,0.5582264439490378
216,1,0.5652096611494158
118,0,0.005487282848883792
171,0,0.010064959869778824
175,0,0.03565155068540174
216,1,0.64701108868009
95,0,0.47175614047271797
68,0,0.02450305459085177
197,0,0.0
89,1,0.5380498291115351
125,0,0.0
119,0,0.009732017782485575
204,0,0.07459315696158557
106,0,0.7333991482771971
64,0,0.19307215187365
118,0,0.06051339248079799
83,1,0.6178020237856287
85,0,0.015600912379817733
144,0,0.012231913184351606
20,0,0.0611418278734718
100,0,0.0
193,0,0.4847841826789196
223,0,0.275738448363576
33,0,0.02018878744291491
80,0,0.3104435443544355
82,1,0.43890469090768724
137,0,0.02666402478931591
179,0,0.010308728376174097
192,0,0.567985798579858
0,1,0.6952012024321924
214,0,0.010308728376174097
102,1,0.693463002779063
84,0,0.08261805804443782
15,0,0.016114255646197454
26,0,0.08729661677009552
28,1,0.49987236292690046
125,0,0.007447489565301627
20,0,0.03653799118832352
131,0,0.007944746640375722
126,0,0.047234530528221776
163,0,0.5308855273996463
126,0,0.11768793132872175
104,0,0.22339789982316946
211,0,0.014661227309133065
153,0,0.001725143137110421
172,0,0.09881262598990491
50,0,0.016825509086503196
65,0,0.002626044038011322
1,0,0.15958214624881292
87,0,0.10955720119806807
73,0,0.20762306962761481
220,0,0.5012549573166633
26,0,0.012808623778040129
220,1,0.6311448186701737
1,0,0.059560673305984
182,1,0.5582264439490378
205,0,0.0011750881316098707
45,0,0.6925655594405594
71,0,0.015024201786129213
104,0,0.17827968919891893
66,0,0.12012224743070994
105,0,0.025714117599919987
211,0,0.03442695397871628
34,1,0.33262877554902665
119,0,0.018212258751675373
6,0,0.10184914661311839
58,0,0.002626044038011322
69,0,0.019325404488369224
216,0,0.022100119064391455
49,1,0.5895632364427484
193,1,0.43597013224893294
215,1,0.37082225766436294
214,1,0.4284708598682457
15,0,0.04928114714819198
40,0,0.05489536430993506
111,1,0.6583046507080544
7,0,0.32708091251114063
117,0,0.002626044038011322
198,0,0.1323805060918463
108,0,0.03632233122036644
132,0,0.08990311165362053
143,1,0.616943944034591
112,0,0.1549066830021419
205,1,0.5380498291115351
29,0,0.02666402478931591
45,0,0.02305002625378738
115,0,0.006093938550078902
57,0,0.2609633771810569
7,0,0.012997525795698248
24,0,0.38112022350813407
112,1,0.6292901209195308
78,0,0.004485130291581905
18,0,0.13180422318971888
141,1,0.48495881350801695
130,0,0.00055005500550055
133,0,0.00589871790598814
41,0,0.132738052992019
164,0,0.021314997625305605
151,1,0.6952012024321924
134,0,0.24703559258736177
39,0,0.1658733436924267
26,0,0.04094373468904538
80,1,0.7059722222222223
116,0,0.001450955906401451
38,0,0.017262462659140984
44,0,0.21602003617813892
168,1,0.6583046507080544
152,0,0.07564446742210597
172,0,0.008605807600094878
177,0,0.24036947211012374
5,0,0.004413315180121173
112,0,0.03336190332688225
176,0,0.030926923101666892
129,0,0.03490471678778058
130,0,0.00055005500550055
153,0,0.20800957568373116
208,0,0.02666402478931591
34,1,0.6976764138890258
178,1,0.5038940125896648
71,0,0.001725143137110421
59,0,0.016825509086503196
148,0,0.10338041088621748
185,1,0.42538967092742835
97,1,0.5475739881680476
47,0,0.021314997625305605
165,0,0.5815508526085822
87,0,0.07180898920304113
59,1,0.20876258994970334
177,1,0.6032590996168582
73,0,0.004182606928602352
130,0,0.00055005500550055
41,0,0.07363462791597347
1,0,0.0
122,1,0.13221727067814956
222,0,0.05111941201482149
209,0,0.027903673826794928
97,0,0.047234530528221776
115,0,0.11554848660111816
214,0,0.02136312245037733
27,0,0.09508567531875466
120,1,0.6818101438791094
180,0,0.05022530165912519
176,0,0.247760977663394
156,0,0.5119996447689817
72,0,0.08261805804443782
96,0,0.06145982091685281
184,0,0.17428478202603337
14,1,0.6824425817425372
153,0,0.6409498048178708
9,0,0.5158118104602317
84,0,0.1157204290735969
135,0,0.004182606928602352
215,0,0.02666402478931591
204,0,0.13612883218146377
28,0,0.0
105,1,0.7217285966066455
76,0,0.17276673633130277
142,0,0.07250106109980747
14,0,0.5389637608028414
119,0,0.005083507829503253
33,0,0.012926198680651294
144,0,0.02666402478931591
81,1,0.6367004467690967
123,0,0.15045938050304863
118,0,0.2511553998647153
158,0,0.2221687096767231
59,0,0.008521457234064245
91,1,0.620911007407595
144,0,0.018453758814433136
70,1,0.6805924209543407
109,0,0.009732017782485575
105,0,0.0878927833191631
65,0,0.025519212475734212
19,0,0.0
2,0,0.03752235104810091
232,0,0.010517139221571428
127,0,0.27625929164182644
145,0,0.2517278779213192
133,1,0.5598549973803523
114,0,0.026612874843646873
81,0,0.006994839450979802
185,0,0.03419446966597132
46,0,0.17832814600230149
206,0,0.5298589072711369
8,0,0.33853893142430697
14,0,0.38864813464355796
22,1,0.5337549161078573
183,0,0.5716337039866453
66,1,0.5942241909379394
34,0,0.021891708218994128
3,1,0.6534280519540135
14,0,0.0018623909635057995
72,1,0.1592241460319931
49,1,0.5308855273996463
46,1,0.5049997330704676
1,0,0.1157204290735969
175,0,0.1207576953433307
170,0,0.3785476717032287
105,0,0.5297878527348533
80,0,0.26779300709119525
103,1,0.571374703727645
183,1,0.6850122557768734
98,0,0.34718320024298527
141,0,0.5339738234475077
213,0,0.6285936285936287
100,0,0.030132400217458794
182,1,0.6583046507080544
208,0,0.43832668537289576
75,0,0.26478769383976536
38,0,0.4136675602197761
203,0,0.001725143137110421
197,0,0.006071653480296125
220,1,0.5593077995823991
60,1,0.6824425817425372
133,0,0.4621417007679274
28,0,0.0047593175222908745
103,0,0.00055005500550055
92,0,0.38732782369146007
48,1,0.4897455239405704
97,1,0.693463002779063
67,0,0.06689939815158627
232,0,0.04704857948987783
49,1,0.707987056343366
27,0,0.007944746640375722
138,0,0.02920242644013264
103,0,0.011544238663026235
106,1,0.26580889720740924
16,0,0.010517139221571428
101,1,0.5535671737049251
119,0,0.45280849863936795
33,0,0.036945640454412385
58,0,0.02472903946200447
67,1,0.5843552659979188
171,0,0.018997491287622757
97,1,0.2855697014158731
43,0,0.045490066388214456
186,0,0.23459289248762935
74,0,0.5648398205942963
172,1,0.6017790638480293
148,0,0.08729661677009552
144,0,0.23499004022764747
13,0,0.03058047113044279
23,0,0.004485130291581905
45,0,0.06720320613094345
188,0,0.1168232860856689
90,0,0.00055005500550055
18,0,0.4338774662868972
198,0,0.37266670435942784
27,0,0.23002636877702357
83,0,0.015600912379817733
102,0,0.037603873934855786
189,0,0.5012050327839801
213,0,0.05024056497352999
66,0,0.012162962975256743
3,0,0.008605807600094878
133,0,0.02666402478931591
23,1,0.6976764138890258
49,0,0.0514475864460952
133,0,0.00055005500550055
81,0,0.00055005500550055
91,0,0.0030075187969924814
57,0,0.005494942886607602
62,0,0.00303747909511567
145,0,0.009370674373479137
92,0,0.47919364586031254
188,1,0.15440647919968598
10,0,0.1549066830021419
133,0,0.0
127,0,0.006870778971613106
223,0,0.02666402478931591
178,0,0.01396694181283338
157,0,0.12403835513465485
63,0,0.018453758814433136
20,0,0.03304810672416116
167,0,0.1549066830021419
147,0,0.37042501101876585
25,0,0.01407429459673329
14,0,0.006071653480296125
12,0,0.00970549918376481
81,0,0.3827955179715876
24,0,0.38374680164645686
6,0,0.5563196438449989
167,1,0.6965025965530591
121,0,0.05597371029309628
82,0,0.01758094034836191
42,0,0.35039352441313226
230,0,0.015600912379817733
9,0,0.01110570300196091
110,0,0.012739673568945264
180,0,0.15325583121116523
94,0,0.005660218423191776
54,0,0.09786037574443603
6,0,0.06927584470222449
217,0,0.06358920759541493
59,0,0.10092487340330887
221,0,0.004182606928602352
218,0,0.4136675602197761
185,0,0.00055005500550055
127,0,0.015024201786129213
197,0,0.00055005500550055
222,1,0.36788196363496
69,0,0.007043845739474822
13,0,0.00303747909511567
48,0,0.10770956607859306
39,0,0.021891708218994128
176,0,0.012920074748031737
150,1,0.36788196363496
17,1,0.5854078808548941
183,0,0.007944746640375722
147,0,0.012392872903485126
144,0,0.035585272013509535
192,0,0.014661227309133065
71,1,0.5879294142460674
123,0,0.015024201786129213
203,1,0.7217285966066455
3,0,0.4817779686200739
91,0,0.2140128128042936
126,0,0.1366306119034347
133,0,0.26889253144960906
106,0,0.16766976765637512
95,0,0.01110570300196091
78,0,0.18487168352825412
2,1,0.5204310038631611
92,1,0.37563577747788274
217,0,0.010843970050617905
202,1,0.46386606531329583
86,1,0.6587319636100124
97,0,0.006071653480296125
44,1,0.38237675084827355
163,0,0.004948810716592218
31,0,0.008521457234064245
52,1,0.6583046507080544
142,0,0.27298439172371197
162,0,0.009370674373479137
72,0,0.12505918392565932
117,1,0.7040199929703621
58,0,0.02305002625378738
32,1,0.3972665746763913
162,0,0.19723888173933402
47,0,0.13180422318971888
116,0,0.0
205,0,0.007043845739474822
90,0,0.012739673568945264
63,0,0.24703559258736177
180,0,0.01396694181283338
164,0,0.011467046410967347
151,0,0.23906926406926407
28,1,0.3066099483312286
215,0,0.1794276121277164
16,0,0.44836654682899507
152,0,0.06051339248079799
118,0,0.04492713264643089
142,0,0.16706322978629654
88,0,0.010091210325961846
206,0,0.11714376824006793
13,1,0.6260011258990387
53,0,0.047234530528221776
4,1,0.38597513597513594
4,1,0.21371184389669243
129,0,0.018212258751675373
81,0,0.07887076560240952
221,0,0.010091210325961846
0,0,0.0
220,0,0.06653426392831585
130,0,0.18630817917206174
217,0,0.7221055862492327
142,0,0.017839173252829507
73,0,0.27268193040348493
77,0,0.22762328003543011
22,0,0.0
104,0,0.009774449392859675
89,1,0.513392135956835
95,0,0.0069132105819872045
76,0,0.14849060372368306
154,0,0.02450305459085177
190,0,0.1909899220862218
18,1,0.4077991313856693
48,0,0.00055005500550055
4,0,0.016825509086503196
183,0,0.41581961320679856
143,1,0.6638149879586344
191,0,0.0011750881316098707
80,1,0.38883763389692244
8,1,0.4922767995057152
140,0,0.18720922832516737
136,1,0.7709836893399991
5,0,0.005494942886607602
67,0,0.015600912379817733
103,0,0.011467046410967347
140,0,0.04814256186805207
28,0,0.03161889268352576
92,0,0.09448204359097535
151,0,0.018212258751675373
141,0,0.07180898920304113
212,1,0.6848320448825075
196,0,0.2548597390506267
0,1,0.4600811215957943
104,0,0.027849228276874863
22,0,0.020373228950139516
50,0,0.10753988777296712
170,1,0.6282375060625555
54,0,0.01046873488915936
176,0,0.009947384967167659
15,0,0.05111941201482149
14,0,0.008356181697480071
77,0,0.03825269784683357
11,0,0.02305002625378738
223,0,0.019256454279274363
79,0,0.02305002625378738
82,0,0.07275541763909595
172,1,0.6242611794335933
116,1,0.29303827466761784
38,0,0.1798490912420847
14,1,0.6735384828545431
122,0,0.008605807600094878
201,0,0.08967983444380623
19,0,0.06189918508759088
195,0,0.09786037574443603
5,0,0.22046379287354081
156,1,0.6250619299399788
30,1,0.6818101438791094
123,0,0.03336190332688225
146,0,0.005660218423191776
175,0,0.010843970050617905
211,0,0.001725143137110421
180,0,0.600167031647494
62,0,0.13221727067814956
162,0,0.038406569399697006
77,0,0.19260684411013765
121,0,0.00055005500550055
112,0,0.015081044946495878
82,0,0.16588518693781848
73,0,0.6526203564884224
228,0,0.009774449392859675
105,0,0.43108264817777425
51,0,0.012739673568945264
106,0,0.027189585437335392
190,1,0.38792288319741064
56,0,0.02775893389006714
152,0,0.20768136557610242
51,1,0.5682296769253291
191,0,0.19466206911885328
106,0,0.045490066388214456
79,0,0.2824029874689633
50,0,0.003908419697893383
1,0,0.06025382698547091
125,0,0.20452519793597132
136,0,0.005494942886607602
79,0,0.24133332437440047
73,0,0.020339068654695536
229,0,0.016759230414610984
37,0,0.3197180446334335
205,0,0.13730250497666044
204,1,0.5254827766726334
32,0,0.3305482736214738
107,0,0.13897713310332904
75,0,0.19041903614197211
163,1,0.5977337852591402
22,0,0.0
64,0,0.02313135725647314
13,0,0.0949545597185315
95,0,0.001725143137110421
133,0,0.12048973709496184
100,0,0.001725143137110421
128,0,0.11410137635818568
163,0,0.07180898920304113
19,1,0.5383004790012826
35,0,0.5256377659123653
73,0,0.005494942886607602
134,0,0.06057674387043511
208,0,0.003908419697893383
18,0,0.3361301512843105
21,0,0.19504637760345522
49,1,0.39497627321454165
10,0,0.0611418278734718
0,0,0.09145609365684514
73,0,0.06635867178630335
103,0,0.3056689887100648
43,0,0.1526750832624992
98,0,0.03442695397871628
43,0,0.4180757119205123
22,0,0.012755301672094455
77,0,0.47592555421219945
179,0,0.267224283043325
40,0,0.34050425244544663
183,1,0.4144174375304548
229,0,0.00055005500550055
202,0,0.09572071467950166
167,0,0.07473513234981125
17,0,0.08484107928718689
116,1,0.4526925402756889
129,0,0.06955065726995552
32,1,0.4770123294343116
87,0,0.45102276001152414
113,0,0.44263906366948785
160,0,0.4307200834867566
138,0,0.06399709863896748
211,0,0.11238067524813118
140,0,0.002626044038011322
179,0,0.0
170,0,0.20506928165432825
124,0,0.018453758814433136
100,0,0.0463470954444997
70,0,0.02843919073473809
43,0,0.018212258751675373
30,0,0.08882985015586926
111,1,0.44054319664075764
30,0,0.03545990643236017
4,0,0.03150477017633149
228,0,0.00055005500550055
98,0,0.4113462208289795
90,0,0.002626044038011322
151,0,0.027903673826794928
29,1,0.5319451744872422
83,0,0.04413810458642505
59,1,0.5266122766122766
21,0,0.08484107928718689
45,0,0.013502909274339815
5,0,0.0
204,0,0.007944746640375722
131,0,0.5405999468753019
164,1,0.738883019244939
69,0,0.23875261690774016
173,0,0.45233859126567943
49,0,0.3966346153846154
114,0,0.26454383595646086
71,0,0.00055005500550055
3,0,0.07666053798655709
71,0,0.0011750881316098707
163,0,0.050126471144509105
229,0,0.07887076560240952
133,0,0.2775102590328016
171,0,0.07458390411802672
157,0,0.015600912379817733
30,1,0.4835324936458547
47,1,0.6852090345250947
185,0,0.1429192372548202
10,0,0.0
192,0,0.007229971515089376
202,0,0.008356181697480071
120,0,0.0030075187969924814
3,0,0.36118174754538385
4,0,0.001725143137110421
134,0,0.02305002625378738
43,1,0.7093469655595775
86,0,0.04436204864339421
208,0,0.08967983444380623
118,0,0.004319854754997731
121,0,0.10320357498121353
91,1,0.6848320448825075
130,0,0.1541772923060897
18,0,0.04019806270723797
107,0,0.07197255774616908
139,0,0.13063055039452218
130,0,0.5362826724490942
123,1,0.4969866551872579
121,1,0.18977612270295197
195,1,0.49376010868182557
89,0,0.2849891225525743
36,0,0.03140323271556867
82,0,0.3995693842793922
174,0,0.17719325222678808
71,0,0.02472903946200447
74,1,0.6895169082125604
42,0,0.015038237944393342
133,0,0.0
18,0,0.009947384967167659
160,0,0.0
141,1,0.5025817192821921
41,0,0.06057674387043511
218,0,0.3575890820534049
114,0,0.005487282848883792
48,0,0.04229466761842268
73,0,0.14569408376553272
220,0,0.001450955906401451
74,0,0.1065542190299159
56,0,0.16097845135645825
121,0,0.06237478704156624
55,1,0.55364849489018
177,0,0.01657828818469102
50,0,0.07645228034253257
162,0,0.29923500103126766
125,0,0.007944746640375722
135,0,0.019370576786468627
94,1,0.4806328369905956
140,0,0.007447489565301627
95,1,0.537782735094441
138,0,0.04783358791056667
12,0,0.1824606384566494
213,1,0.5802711089335294
157,0,0.017839173252829507
37,0,0.06753138056221718
106,0,0.001725143137110421
123,1,0.584707547480333
33,0,0.3075057076199988
49,0,0.041750702271536565
175,0,0.0455853661268743
33,0,0.02614630750079565
99,0,0.4433705305168057
71,0,0.6409498048178708
21,1,0.3876009834913945
111,0,0.39090805462093164
139,1,0.6815430498620154
63,1,0.34743910096233926
106,1,0.683907640404228
171,0,0.15406381058554972
156,1,0.3958567489183664
111,0,0.03463869931130504
35,0,0.22772334560952448
192,0,0.18541870109771344
105,0,0.01588662657413548
2,0,0.007828967178560674
20,0,0.11502251584371921
158,0,0.001450955906401451
110,1,0.5652096611494158
173,1,0.5553407362093951
78,1,0.4922767995057152
66,0,0.008521457234064245
53,0,0.05489536430993506
122,1,0.18945311686526692
209,1,0.6282375060625555
28,0,0.41313100601638153
35,0,0.20038207009712206
24,0,0.015600912379817733
136,0,0.3234036269123988
207,0,0.012739673568945264
15,0,0.404870573264223
113,1,0.529149107101239
119,0,0.34439333428422003
10,0,0.026899321087478945
105,0,0.013897991603738516
22,0,0.014843259556209248
142,0,0.0
100,0,0.1447028757991755
89,1,0.6269184362344964
147,0,0.26401778368251616
102,0,0.016759230414610984
170,0,0.47165359345801144
57,0,0.003584229390681004
127,0,0.29312788430815523
150,0,0.05528306466516004
60,0,0.21194906365939847
60,0,0.15765613436646916
95,0,0.03593893380597863
160,0,0.001725143137110421
172,1,0.6824425817425372
112,0,0.007944746640375722
161,0,0.07359604032768424
133,0,0.00055005500550055
139,0,0.015600912379817733
192,0,0.045831917383251625
216,0,0.04826507658374086
46,0,0.0658514691451604
136,1,0.2985740306166793
219,1,0.6583046507080544
198,0,0.6144224106434177
27,0,0.005660218423191776
5,0,0.2463385330685072
28,0,0.29372219723096915
184,0,0.30469261409064446
130,0,0.12907160198272605
104,0,0.001725143137110421
28,0,0.001725143137110421
23,0,0.02727251768318634
106,0,0.14393713730090135
98,0,0.032667617830582564
50,0,0.3058130873706398
130,0,0.035585272013509535
94,0,0.16725829995840422
69,0,0.25460923965723836
96,0,0.009370674373479137
142,0,0.25379867046533716
87,0,0.015600912379817733
54,0,0.005660218423191776
131,0,0.024289675291266393
118,0,0.00055005500550055
104,0,0.006071653480296125
223,0,0.3267410344735507
145,1,0.5333698115751858
156,0,0.4447890831875045
179,0,0.5676666406136412
105,0,0.004182606928602352
189,0,0.3095830403324958
97,0,0.11763866758880344
53,0,0.02422097439985707
137,0,0.001725143137110421
11,0,0.14464966230039647
11,0,0.24719827441838657
122,0,0.018453758814433136
34,0,0.012926198680651294
31,0,0.2452755798460995
18,0,0.007944746640375722
109,0,0.004182606928602352
103,0,0.0
43,0,0.035585272013509535
59,0,0.06507381945238135
63,0,0.028408488929323225
113,0,0.025555614870351035
187,0,0.15377712618927628
164,0,0.002626044038011322
157,0,0.015081044946495878
133,0,0.13180422318971888
122,1,0.4186051452960464
29,0,0.012739673568945264
39,0,0.20194096449804214
13,0,0.37807212565557075
74,0,0.01396694181283338
85,1,0.4469527559691375
80,0,0.08967983444380623
137,1,0.7272124675743873
62,1,0.5469717064544651
189,0,0.13063055039452218
5,1,0.19152263537515601
209,0,0.22734892292648068
13,0,0.1135963112726792
75,0,0.6324221367829442
173,0,0.04187606785268593
108,0,0.001450955906401451
20,0,0.3266508678936793
121,0,0.001450955906401451
193,0,0.3305482736214738
212,0,0.012162962975256743
68,0,0.6282375060625555
109,0,0.22546239251044742
131,0,0.234712807337935
158,0,0.37266670435942784
172,0,0.3496388032067527
187,0,0.005494942886607602
39,1,0.56091795986129
97,0,0.17307347460389785
121,0,0.002626044038011322
27,0,0.03759122538478695
221,0,0.05653136081270638
115,0,0.2516764207616116
187,0,0.004182606928602352
69,1,0.4750633282085072
80,1,0.1931127145174968
83,1,0.6848320448825075
37,0,0.0229801178781531
118,0,0.21712998689848662
132,0,0.019256454279274363
29,0,0.012162962975256743
7,0,0.19268587050495353
192,0,0.13180422318971888
167,0,0.33980971699024437
33,0,0.007944746640375722
65,0,0.27541727834990853
85,0,0.48400609291698404
102,0,0.2923011298330758
107,1,0.549594041029247
215,0,0.001450955906401451
154,0,0.016759230414610984
136,1,0.5136622636622636
116,0,0.5118309663046506
148,1,0.577640367888046
142,0,0.2539181141022736
112,1,0.46009007501179194
114,1,0.2349520078686745
45,0,0.0
68,0,0.005083507829503253
190,0,0.30469261409064446
169,0,0.05528306466516004
2,1,0.4788633796318394
32,0,0.24034325041822702
137,0,0.3877392912480631
62,0,0.07180898920304113
204,1,0.2681737825697949
203,1,0.4224493768980255
88,1,0.7077626452880003
217,0,0.03973373247156835
146,0,0.0
113,1,0.6211285747549798
6,1,0.5741315384923459
106,1,0.616943944034591
60,1,0.5717960502190569
212,0,0.031019835301180868
113,0,0.16097845135645825
43,0,0.008605807600094878
97,0,0.009732017782485575
43,0,0.5349308059885356
7,0,0.02666402478931591
26,0,0.025617040350005362
18,1,0.3531414438797447
168,0,0.007447489565301627
0,0,0.00055005500550055
81,0,0.010308728376174097
197,1,0.15698968048777587
27,0,0.015024201786129213
207,0,0.2935673893203857
99,0,0.14849060372368306
77,1,0.36788196363496
163,0,0.34870263895031695
19,0,0.036069322711036515
56,0,0.3382698219654741
105,1,0.6144224106434177
96,1,0.29724648229015044
100,0,0.06757516888016639
45,0,0.08967983444380623
48,0,0.26960456063597343
136,0,0.020373228950139516
199,0,0.1461775310412876
84,0,0.1773174398745175
216,1,0.6144224106434177
142,0,0.05428594803125872
114,0,0.0658514691451604
181,0,0.001725143137110421
47,0,0.27492362374414686
33,0,0.10845160765627361
200,0,0.2140128128042936
174,0,0.05111941201482149
39,1,0.6976764138890258
179,0,0.018212258751675373
89,0,0.2510318784188968
51,0,0.011467046410967347
71,0,0.008356181697480071
34,0,0.5598549973803523
113,1,0.48904185388777116
152,1,0.38980313501844593
160,0,0.014843259556209248
205,1,0.6269184362344964
145,0,0.05190875991791322
90,1,0.5008443774826133
6,0,0.0
75,0,0.23072236827944592
142,0,0.001725143137110421
110,1,0.4650455025770417
66,0,0.03545990643236017
90,0,0.33803740208083016
65,0,0.03229337041592294
109,0,0.023926343997163247
79,0,0.07722562198959378
165,0,0.481219310583068
25,1,0.470223978919631
226,0,0.06057674387043511
67,1,0.6029713315784568
103,0,0.08882985015586926
124,0,0.001450955906401451
61,0,0.005660218423191776
111,0,0.001725143137110421
165,0,0.008356181697480071
43,0,0.004413315180121173
61,0,0.004413315180121173
60,0,0.391115865130686
224,0,0.028508140943832954
13,0,0.030460574648732506
133,0,0.0018623909635057995
218,0,0.021891708218994128
82,1,0.601863194864556
212,0,0.10184914661311839
160,0,0.1128146130476924
114,0,0.011467046410967347
93,1,0.5213274210847793
31,0,0.001725143137110421
22,0,0.6324221367829442
183,0,0.058944712271813714
145,1,0.3085773489872645
138,1,0.6574051188275326
92,0,0.0585093628454636
145,0,0.004182606928602352
84,0,0.00055005500550055
208,0,0.0878927833191631
113,0,0.016759230414610984
221,0,0.09673081893157041
121,0,0.13932159584333495
142,0,0.08484107928718689
31,0,0.2906554081282156
230,0,0.005083507829503253
147,0,0.0664552602005709
160,0,0.2663447685232681
80,0,0.6295689264439265
210,1,0.5137090632140138
81,0,0.26831378891831686
109,0,0.31217135800222734
144,1,0.5410866835281841
170,0,0.06331832464434374
5,0,0.015081044946495878
107,0,0.6347083632670812
21,0,0.012231913184351606
107,0,0.021891708218994128
113,0,0.021891708218994128
56,0,0.00055005500550055
98,0,0.23386523521456057
183,0,0.005494942886607602
132,0,0.00055005500550055
142,1,0.6534280519540135
150,0,0.01758094034836191
85,0,0.07666053798655709
144,0,0.5980529432253571
78,0,0.015024201786129213
217,0,0.07666053798655709
62,0,0.004485130291581905
165,0,0.02300569397814772
151,0,0.057716661696122544
88,0,0.007447489565301627
87,0,0.001725143137110421
85,1,0.6591089532525997
121,0,0.0229801178781531
62,0,0.01758094034836191
168,0,0.27314211754763346
113,0,0.015024201786129213
61,0,0.01407429459673329
38,0,0.5213274210847793
133,0,0.009679775268857497
39,0,0.005660218423191776
105,0,0.06278718597559177
131,0,0.27335719125684643
99,0,0.005083507829503253
151,1,0.6694415323885329
136,0,0.012808623778040129
69,0,0.29285093995341976
153,1,0.465480205947758
91,0,0.010641670463467345
110,0,0.3182935519958185
169,1,0.22864671655287197
202,1,0.6382119982624608
42,1,0.3894327894327894
18,0,0.02018878744291491
220,0,0.004413315180121173
3,0,0.0030075187969924814
141,1,0.513392135956835
67,0,0.007229971515089376
44,0,0.03825269784683357
69,1,0.6178730091829777
15,0,0.001450955906401451
49,1,0.6409498048178708
175,0,0.32046333288299594
11,1,0.6322045694355594
116,1,0.5509234003355651
22,0,0.039199270549038066
57,1,0.7217285966066455
60,1,0.6322045694355594
172,1,0.5682296769253291
165,0,0.2756148036293809
75,0,0.041750702271536565
193,0,0.05111941201482149
12,0,0.0068185364579850275
14,0,0.14880913918714608
99,1,0.47801926852655136
111,1,0.31651990892949683
107,0,0.48709549609317415
192,1,0.6282375060625555
58,0,0.00303747909511567
89,1,0.16789203160337182
68,0,0.0
75,0,0.029296489817324117
95,0,0.06927584470222449
79,0,0.004413315180121173
99,0,0.16615470072522034
107,0,0.031019835301180868
158,0,0.045490066388214456
54,0,0.55364849489018
87,0,0.009370674373479137
161,0,0.23318468970642883
52,0,0.034911004676243265
39,0,0.07105887503833587
124,0,0.03442695397871628
222,0,0.13063055039452218
58,0,0.07790477733267186
25,1,0.4329387664792357
100,0,0.001725143137110421
205,1,0.6048001999259268
95,0,0.00055005500550055
43,0,0.04089234820353766
91,0,0.7272124675743873
213,0,0.009141303136565923
33,1,0.6385603416779005
157,0,0.00055005500550055
131,0,0.0
138,0,0.09786037574443603
139,0,0.2113292189718099
167,0,0.148373069425701
51,0,0.002626044038011322
207,0,0.5967515491044902
13,1,0.554652295700889
199,0,0.49723796941097614
227,1,0.6929059829059829
43,0,0.07105887503833587
231,0,0.0018623909635057995
203,0,0.013502909274339815
219,0,0.0611418278734718
44,0,0.04295290109886609
226,0,0.0
65,0,0.03759122538478695
45,0,0.032792983411731924
9,0,0.0
138,0,0.0
157,0,0.0018623909635057995
71,0,0.24917152905070405
114,1,0.6664354519075602
136,0,0.016759230414610984
23,0,0.013502909274339815
116,0,0.03348038127651179
166,0,0.005494942886607602
47,0,0.059587708828624804
55,0,0.06601503768828834
174,0,0.0579598619688079
134,0,0.10184914661311839
113,0,0.04244144955289867
66,0,0.09673081893157041
38,1,0.4914877815749454
232,0,0.02305002625378738
18,0,0.0030075187969924814
96,0,0.230377760680791
209,0,0.12343041948305106
37,1,0.5621020140388864
107,0,0.028845442501961017
111,0,0.20459685302156153
41,0,0.4249213697455476
19,0,0.021891708218994128
193,0,0.365495397848339
28,0,0.005083507829503253
61,0,0.041750702271536565
198,0,0.2431147330268831
115,0,0.007607496078286892
74,0,0.2420657720292947
205,0,0.020339068654695536
97,0,0.027849228276874863
163,1,0.5007733229463297
8,0,0.005487282848883792
42,1,0.5707896538252138
67,1,0.4160525041531906
133,0,0.13541686905765948
194,0,0.20639722329456722
228,1,0.4746527483744573
80,0,0.09245321029074645
55,0,0.2874647880575481
181,0,0.010064959869778824
43,0,0.017839173252829507
56,1,0.2386215380047576
85,0,0.02305002625378738
115,0,0.16512797188038822
47,0,0.001725143137110421
76,0,0.216000430085621
51,1,0.5553407362093951
134,0,0.014661227309133065
185,0,0.17955950730075862
73,0,0.6144224106434177
161,0,0.02305002625378738
215,0,0.09786037574443603
76,0,0.2664758399781912
38,1,0.5336075753277294
19,0,0.008195586241869265
61,0,0.3463370505352563
189,0,0.26454383595646086
160,0,0.37868369882487923
40,1,0.467569817603875
100,0,0.5008183827541474
25,0,0.04186473895921015
137,1,0.6566858237547893
5,0,0.05319205058610251
165,1,0.554368490825487
45,1,0.486946386946387
69,0,0.26317873707431944
188,0,0.03419446966597132
105,0,0.12111121288531794
207,1,0.6207515851123925
207,0,0.00055005500550055
47,0,0.0339117759174682
184,0,0.5047403863193337
196,0,0.014843259556209248
200,0,0.036069322711036515
216,0,0.14849060372368306
146,1,0.5081430695156316
162,1,0.5007733229463297
28,0,0.06941566381363022
195,0,0.113944169860558
0,0,0.05319205058610251
115,1,0.38166479114754975
162,1,0.6322045694355594
221,0,0.007944746640375722
11,0,0.047629218601672345
74,1,0.49651567944250874
143,0,0.0
6,1,0.477336016809701
94,0,0.11613347656202756
77,0,0.18773022789035532
107,0,0.08484107928718689
164,0,0.009947384967167659
31,1,0.5883223293709228
227,1,0.4486717492715222
208,1,0.7917285966066454
186,0,0.113944169860558
10,0,0.010641670463467345
56,0,0.0658514691451604
223,0,0.04738004789814359
45,0,0.031019835301180868
166,1,0.5789818164508759
81,0,0.02313135725647314
122,0,0.0
136,0,0.021891708218994128
7,0,0.07207654773146922
46,0,0.0369773553590616
51,0,0.00055005500550055
65,0,0.10748497987903181
226,0,0.00303747909511567
207,0,0.010308728376174097
62,0,0.0
104,0,0.247760977663394
112,0,0.05704340421732595
17,1,0.46760383678728523
6,0,0.0
1,0,0.031019835301180868
219,0,0.07870357609762803
113,0,0.522654183050308
105,0,0.09893872172759723
171,0,0.059560673305984
143,0,0.007447489565301627
115,0,0.1373129249685334
132,0,0.006870778971613106
202,1,0.1833859739413702
191,0,0.08293072054539945
119,0,0.04278445475186026
163,1,0.620911007407595
74,0,0.06025382698547091
5,0,0.041750702271536565
52,0,0.5642828022298029
118,1,0.3859476460226226
115,0,0.018453758814433136
67,1,0.5092978966313196
77,1,0.3713735269549525
33,0,0.2376447810567401
64,1,0.6474384015820479
61,0,0.01396694181283338
165,1,0.6735384828545431
212,0,0.22771329609462812
61,0,0.22129897393055284
94,0,0.05373704627514181
143,0,0.1353631345678005
60,0,0.08741071059911638
181,0,0.022117693090146832
119,0,0.061573860504336435
98,1,0.7217285966066455
67,0,0.04015198972385206
38,0,0.04928114714819198
58,0,0.010967528069337712
199,0,0.24703559258736177
228,0,0.01396694181283338
212,1,0.4984940688766433
21,0,0.24202393584323056
6,0,0.006870778971613106
201,0,0.3691482588911923
111,1,0.4724110550337954
19,0,0.02838045128660668
136,0,0.001725143137110421
34,0,0.07180898920304113
102,0,0.18731718040192466
190,0,0.005083507829503253
58,0,0.03545990643236017
22,1,0.4424192419241924
219,0,0.022117693090146832
60,0,0.06025382698547091
132,0,0.18466134138662804
39,0,0.001450955906401451
140,0,0.008889871738168952
74,0,0.005083507829503253
35,0,0.5088966161573422
193,0,0.06331832464434374
3,0,0.007229971515089376
164,1,0.47458169383817356
40,0,0.06057674387043511
85,0,0.0059176355570841254
199,1,0.5901353874883287
36,0,0.001725143137110421
187,0,0.6409498048178708
81,0,0.26501203624682046
33,0,0.06025382698547091
31,1,0.5098179877086864
141,0,0.1726714095192673
123,0,0.2878366437111812
140,0,0.6429755892255892
123,0,0.012162962975256743
120,0,0.11448792922477131
123,0,0.054080051474103406
57,0,0.0030075187969924814
114,0,0.07575799484623288
100,1,0.5854078808548941
126,0,0.00589871790598814
16,1,0.2008729577043864
40,0,0.5363453818831393
105,1,0.6824425817425372
8,1,0.5598549973803523
70,0,0.005083507829503253
89,0,0.012231913184351606
113,1,0.5311192670991237
160,0,0.001450955906401451
111,0,0.02305002625378738
104,1,0.17896267965427315
216,1,0.5417730027313076
68,0,0.36722411980543596
41,0,0.05928783871573324
32,0,0.20506928165432825
93,1,0.22109469177370414
21,0,0.00303747909511567
104,1,0.56091795986129
79,0,0.0020759890325107717
39,0,0.009679775268857497
100,0,0.07855028344801049
65,0,0.4462769642195479
196,0,0.004182606928602352
203,0,0.030950103618683247
140,1,0.29439794906572553
151,0,0.23179767516151953
48,1,0.6295689264439265
81,0,0.015419970149897768
182,0,0.113944169860558
132,0,0.07197255774616908
166,0,0.3094884181840703
84,0,0.00303747909511567
231,0,0.17857175639083941
102,0,0.06653426392831585
27,1,0.54472661754725
166,1,0.5424066657453586
120,0,0.15399343171125532
91,1,0.7217285966066455
217,0,0.09023186309890792
22,0,0.07359604032768424
102,0,0.009370674373479137
84,0,0.02566137262564502
69,0,0.002626044038011322
72,0,0.041750702271536565
32,1,0.19260684411013765
11,0,0.04858224672547312
31,1,0.451917584746063
3,1,0.40580583728629954
83,0,0.009732017782485575
180,1,0.6409498048178708
55,0,0.02666402478931591
88,0,0.1505770801570213
85,0,0.21375303573149007
58,0,0.006870778971613106
83,0,0.12312124683258703
137,0,0.003908419697893383
116,0,0.002626044038011322
18,1,0.43832668537289576
197,1,0.4124306492727545
139,1,0.4005399296835761
40,0,0.4817779686200739
162,0,0.161146596040648
123,0,0.09786037574443603
173,0,0.15807293020897895
60,0,0.3213789946246086
96,1,0.7302185480553601
123,0,0.00055005500550055
27,1,0.2855697014158731
115,1,0.5007733229463297
166,0,0.007944746640375722
140,0,0.03058047113044279
119,0,0.09420555286264126
126,0,0.04319755487832097
198,1,0.4632635274082643
22,1,0.41592921268648236
221,1,0.7206405275875419
64,0,0.001450955906401451
67,0,0.03188978868936791
170,0,0.0069132105819872045
15,0,0.11775371873778621
87,0,0.4391016766651284
10,0,0.059560673305984
126,0,0.18731718040192466
102,0,0.012920074748031737
19,0,0.2775102590328016
220,0,0.013502909274339815
135,1,0.34114082798293327
160,0,0.26831378891831686
44,0,0.008782110593089655
209,0,0.17159306353610607
191,0,0.09627293388761278
43,1,0.31415027467659046
127,0,0.113944169860558
131,0,0.005487282848883792
9,0,0.10753988777296712
102,0,0.005083507829503253
75,0,0.07459315696158557
136,0,0.4025078369905956
139,0,0.07845858115768821
177,1,0.34832457708353665
82,0,0.031019835301180868
137,1,0.6952012024321924
101,0,0.03593893380597863
157,1,0.6144224106434177
50,1,0.49005769442145186
50,0,0.02666402478931591
47,0,0.3854800533410956
141,0,0.012808623778040129
202,0,0.012162962975256743
117,0,0.27599310785823866
153,0,0.2398183688569641
47,0,0.010091210325961846
188,1,0.31785723076165745
69,0,0.28410103242707035
64,0,0.29372219723096915
218,1,0.34529167872968386
187,0,0.34857589130725497
2,0,0.05065488529675414
108,0,0.06331832464434374
73,0,0.009774449392859675
77,0,0.010064959869778824
49,0,0.02472903946200447
217,0,0.007447489565301627
2,0,0.01396694181283338
37,1,0.23914596034204483
65,0,0.00303747909511567
7,0,0.00589871790598814
171,0,0.28180804783846164
44,0,0.3025883425491012
183,0,0.012231913184351606
46,0,0.00055005500550055
123,1,0.35499222999222996
6,0,0.021314997625305605
115,0,0.006670649143767423
90,0,0.04187606785268593
67,0,0.010641670463467345
36,0,0.00055005500550055
104,0,0.007447489565301627
100,1,0.10753988777296712
54,0,0.2744539411206078
136,0,0.047234530528221776
60,0,0.00970549918376481
39,1,0.6308777246530797
97,0,0.38770716340760175
42,0,0.020339068654695536
124,1,0.7104350345786811
101,0,0.3256507293131497
23,0,0.32046333288299594
131,0,0.5012050327839801
146,1,0.5221671149742723
27,0,0.04512167026144236
106,0,0.0
9,0,0.19168532188709275
135,0,0.17307347460389785
31,0,0.5598549973803523
114,0,0.4207706860499851
37,0,0.28816078755997043
23,0,0.00055005500550055
213,1,0.6818101438791094
132,0,0.11101905867740569
126,1,0.5139268514903033
102,0,0.13180422318971888
129,1,0.5757856701374031
145,0,0.04783358791056667
78,0,0.0047593175222908745
133,0,0.09419767443075377
101,0,0.07636941617462448
103,0,0.015600912379817733
213,1,0.6282375060625555
124,0,0.12972909629450355
133,0,0.08069265240769198
132,0,0.004319854754997731
111,0,0.012926198680651294
200,0,0.09786037574443603
201,1,0.5644921081094387
13,0,0.1036254058261573
100,0,0.001450955906401451
177,0,0.02942215309564954
69,0,0.013964270275630726
61,0,0.1381636388888773
85,0,0.5854078808548941
191,0,0.07354548256494375
151,0,0.19152263537515601
35,0,0.0
125,0,0.2316882875561511
154,0,0.00055005500550055
120,0,0.010308728376174097
78,0,0.001725143137110421
143,0,0.005494942886607602
97,0,0.021891708218994128
99,0,0.2877222375830031
178,0,0.1036254058261573
171,1,0.7217285966066455
137,0,0.18632375220397
195,0,0.0011750881316098707
85,1,0.537209215904868
213,0,0.4841557520983358
32,1,0.6108700232040762
28,0,0.05523866720607271
57,0,0.002626044038011322
45,0,0.006994839450979802
5,0,0.19152263537515601
133,0,0.008605807600094878
174,1,0.6952012024321924
110,0,0.05319205058610251
171,0,0.013897991603738516
66,0,0.0
34,0,0.2316882875561511
33,1,0.5495714844839048
90,0,0.4291340664323993
173,0,0.031634665376938674
108,0,0.022117693090146832
176,0,0.5156461515500551
229,0,0.11186904296534265
122,0,0.018453758814433136
66,0,0.0069132105819872045
86,0,0.040202571756644594
16,0,0.002626044038011322
41,0,0.030926923101666892
219,0,0.4690169365848669
95,0,0.012392872903485126
71,0,0.13546692584493272
76,0,0.27919408146881697
60,1,0.4356815100870672
131,0,0.05235819902058669
18,0,0.05538240437726178
136,1,0.7062393162393162
76,0,0.3398281553958668
221,0,0.1417035203006426
19,0,0.16843702071835354
205,0,0.007944746640375722
30,0,0.29294567217579065
177,0,0.017511990139267047
47,0,0.006870778971613106
36,0,0.011976291491255371
132,0,0.012291121640715136
23,0,0.02566137262564502
172,0,0.01110570300196091
113,1,0.4266073044622911
154,0,0.030460574648732506
10,0,0.039176751214516754
27,0,0.04359976758769193
134,0,0.008932892291168594
76,1,0.6090489610963749
213,0,0.04403913175843
59,0,0.004182606928602352
115,0,0.0047593175222908745
48,0,0.16616365059266294
117,0,0.07900188120263267
86,0,0.0514475864460952
168,0,0.03058047113044279
6,0,0.06620608949704214
208,0,0.02450305459085177
110,0,0.25292114610714983
122,0,0.015600912379817733
199,0,0.09513427643927395
101,0,0.008521457234064245
104,0,0.045490066388214456
77,0,0.1592241460319931
77,0,0.041750702271536565
4,0,0.012231913184351606
201,0,0.012231913184351606
181,0,0.01396694181283338
132,0,0.001725143137110421
115,1,0.42784005094811994
74,0,0.001725143137110421
26,1,0.5458715151279949
215,0,0.4498329283314144
50,1,0.5582264439490378
53,0,0.009370674373479137
64,0,0.06827173904190277
140,0,0.012739673568945264
22,0,0.0949545597185315
58,0,0.0030075187969924814
10,0,0.0
71,0,0.00055005500550055
14,0,0.2872369996089281
9,0,0.06265607037536862
10,0,0.10045284150547307
94,0,0.006870778971613106
69,0,0.012808623778040129
108,0,0.045490066388214456
41,0,0.007620556333163345
81,0,0.08484107928718689
201,1,0.2380465581877386
48,0,0.00055005500550055
164,0,0.42430603958533863
45,0,0.002626044038011322
188,0,0.3609059520603914
182,1,0.5843552659979188
93,0,0.022117693090146832
102,1,0.5648398205942963
181,0,0.4061884520193213
72,0,0.05428594803125872
77,0,0.0
36,1,0.6943016705516705
6,0,0.03463869931130504
201,1,0.3133838383838384
149,0,0.015600912379817733
90,1,0.7764675603077409
19,0,0.006870778971613106
27,1,0.4405683787135577
143,0,0.0
162,0,0.06057674387043511
156,0,0.18632375220397
6,0,0.014661227309133065
122,0,0.3993166963755199
214,1,0.7217285966066455
28,1,0.5298589072711369
61,0,0.27625929164182644
19,0,0.49654952890247
103,0,0.10688239346118959
130,0,0.22811092631780952
122,0,0.0
64,0,0.02927537116117355
20,0,0.005083507829503253
76,0,0.19996554451252604
69,0,0.05481539225830303
159,0,0.10447909213470057
76,1,0.60213028888165
85,0,0.00589871790598814
159,0,0.006071653480296125
191,1,0.622304432579032
6,0,0.0514475864460952
158,0,0.010308728376174097
52,0,0.04094373468904538
135,1,0.6409498048178708
100,0,0.1199870548508114
96,0,0.13868326520500432
5,0,0.33181626556451826
103,0,0.28441436840313244
120,0,0.02305002625378738
86,0,0.41745162468054037
136,0,0.04257104510443848
70,0,0.017839173252829507
1,0,0.05149365942948111
78,0,0.5190722242099755
221,1,0.39375568128722044
178,1,0.5391762933199398
139,0,0.0
81,0,0.45280849863936795
81,1,0.5047403863193337
210,0,0.10688239346118959
2,0,0.08484107928718689
116,0,0.13979982939138738
181,0,0.015600912379817733
11,1,0.6352106499165323
64,0,0.012553002084943893
178,1,0.25381585404653123
78,0,0.024289675291266393
65,0,0.4846927936815577
86,0,0.020373228950139516
9,1,0.5297878527348533
92,0,0.008605807600094878
29,0,0.14363480061199005
55,0,0.06237478704156624
8,1,0.7206405275875419
39,0,0.031300429545610554
82,1,0.6291416135419685
204,1,0.20129450078986344
185,0,0.007447489565301627
77,1,0.5682498656028069
7,1,0.7144932844932845
140,1,0.48339764385583256
61,0,0.00055005500550055
0,0,0.2303982244306566
133,1,0.6322045694355594
2,0,0.12012224743070994
11,0,0.021891708218994128
125,1,0.693463002779063
133,0,0.16821961818314088
125,0,0.039199270549038066
219,0,0.021891708218994128
95,1,0.6311448186701737
185,1,0.6148497235453757
15,0,0.14726791855122734
154,1,0.7333991482771971
72,0,0.19526268312543427
88,0,0.03807125280421781
15,1,0.5426191741981216
42,1,0.5854078808548941
121,0,0.429917386057737
76,1,0.7047565648070274
102,0,0.006071653480296125
10,0,0.07459315696158557
166,1,0.6292901209195308
100,0,0.08261805804443782
96,0,0.02942215309564954
196,0,0.1641830318066363
84,0,0.0
8,0,0.004319854754997731
51,0,0.5598549973803523
140,0,0.06391738202668863
116,0,0.001725143137110421
110,0,0.1864540941953455
140,1,0.43536367831291284
103,0,0.19468157066361336
97,0,0.05476999872878569
103,0,0.06894767027095078
17,1,0.6308777246530797
53,0,0.03982381529257834
184,0,0.012231913184351606
27,0,0.001725143137110421
75,0,0.1991970923830961
121,0,0.11396937528517233
114,0,0.009732017782485575
83,0,0.01396694181283338
156,0,0.35243324900516165
95,0,0.00055005500550055
67,1,0.4311301264592135
150,0,0.113944169860558
104,0,0.036406981947260456
170,1,0.3616356862123775
130,1,0.5203892493049119
114,0,0.07016384559022537
105,1,0.5297878527348533
73,0,0.25826752962822225
0,1,0.5854078808548941
80,1,0.6513189623675557
0,0,0.04783358791056667
130,1,0.28533909683334974
100,0,0.01763554815798685
232,0,0.004182606928602352
30,0,0.021891708218994128
147,1,0.5510221566130334
127,0,0.012808623778040129
42,0,0.07036974214738069
118,0,0.12152415794468359
117,0,0.1418984084638157
144,0,0.0
55,1,0.578950355481787
128,0,0.08967983444380623
182,0,0.0658514691451604
193,0,0.36722411980543596
155,0,0.17719325222678808
69,0,0.08811633983137941
8,0,0.3951545530492899
171,0,0.21349553837471338
124,0,0.1326155410823603
9,0,0.06507755814373706
87,1,0.7292828022298029
27,1,0.6313275941003798
63,0,0.0
110,1,0.54472661754725
171,1,0.6260011258990387
157,0,0.23718380385047053
84,1,0.07666053798655709
145,0,0.13010846316939687
123,0,0.4711154124571177
46,0,0.005083507829503253
104,1,0.44333399262370415
6,0,0.0
158,0,0.3344945989183626
30,0,0.009370674373479137
55,0,0.004182606928602352
121,0,0.05265477317286887
177,1,0.620911007407595
191,1,0.6050447373976785
140,0,0.03229337041592294
106,0,0.009370674373479137
43,1,0.5256797391586548
34,0,0.4668050676295315
70,0,0.05489536430993506
205,0,0.01903046940812166
60,0,0.04187606785268593
32,0,0.0018623909635057995
46,0,0.010091210325961846
138,0,0.040961198513023205
8,0,0.0204566435573067
150,0,0.006870778971613106
178,0,0.6513189623675557
63,0,0.27305840042849655
183,0,0.11668776840280798
15,0,0.11273418807321367
57,0,0.009732017782485575
3,1,0.45845740489313486
78,0,0.1989621649312158
59,0,0.3117695808712288
46,0,0.08261805804443782
115,0,0.00055005500550055
107,0,0.21333998824305941
48,0,0.18607967151230173
144,0,0.0018623909635057995
199,0,0.0072745539909936435
84,0,0.005494942886607602
173,0,0.001725143137110421
193,0,0.3578344590342744
217,0,0.1004395636488561
122,0,0.001725143137110421
197,0,0.007406274508084151
205,0,0.001725143137110421
152,0,0.11970919994227928
101,0,0.693213601532567
51,0,0.012808623778040129
166,1,0.7119760563979631
107,0,0.045490066388214456
123,0,0.16154230554853286
114,0,0.4421008826685941
52,1,0.7471369874989072
6,0,0.5736396374730409
50,0,0.05298294760414258
52,0,0.012231913184351606
49,0,0.03752235104810091
7,0,0.013502909274339815
16,0,0.02666402478931591
124,0,0.5731087094723458
167,0,0.02666402478931591
22,1,0.46162437197263384
36,0,0.19268587050495353
92,0,0.0579598619688079
184,0,0.14195995785036883
117,0,0.035585272013509535
14,0,0.7179739503328214
84,0,0.02255464666278462
68,0,0.010308728376174097
70,0,0.3745035990650026
91,1,0.45156569177994016
181,0,0.015600912379817733
163,0,0.00055005500550055
101,0,0.014661227309133065
173,0,0.2572892875923179
120,1,0.6650877358523535
129,0,0.005660218423191776
148,0,0.07016384559022537
101,1,0.19814685839922433
50,0,0.002626044038011322
63,0,0.014661227309133065
79,0,0.008356181697480071
215,0,0.022984575321997158
163,0,0.028408488929323225
101,0,0.045531215496194426
36,1,0.582930628909975
217,1,0.6576722128446266
152,0,0.0013123359580052493
135,0,0.3761526702236912
217,0,0.03058047113044279
56,0,0.3269586668188854
7,0,0.047234530528221776
94,0,0.0
122,0,0.31486815354818537
98,0,0.00055005500550055
45,0,0.5598549973803523
34,1,0.33652281990415195
203,1,0.3972665746763913
51,0,0.0
107,0,0.01046873488915936
96,0,0.23002636877702357
192,0,0.31003713019523294
138,0,0.06862638406014598
153,0,0.38856368758329546
86,1,0.5667972648829647
74,0,0.16173893716531695
1,0,0.08484107928718689
95,0,0.2869707172737476
124,0,0.03759122538478695
93,1,0.3287340394717271
3,0,0.007043845739474822
29,1,0.6272364228458575
159,0,0.39090805462093164
51,0,0.2965076833497886
86,0,0.28410103242707035
66,0,0.0068185364579850275
141,0,0.058604662584123425
131,0,0.002626044038011322
75,0,0.0
102,0,0.03277906880057418
139,0,0.007447489565301627
5,1,0.4157491608084493
87,0,0.554652295700889
9,0,0.4462769642195479
69,0,0.0
140,0,0.001725143137110421
54,0,0.00970549918376481
132,0,0.040717749817892675
143,0,0.1921717171717172
123,0,0.22762328003543011
82,1,0.3261746886440891
162,0,0.34050425244544663
55,0,0.285703003948618
87,0,0.01657828818469102
211,0,0.10092487340330887
47,0,0.02755013486132432
84,1,0.7062393162393162
47,0,0.006870778971613106
113,1,0.6250619299399788
8,0,0.01396694181283338
45,0,0.29294567217579065
193,0,0.13973464333176563
81,0,0.4178436417707299
3,0,0.5352682724412792
27,0,0.1140309974838913
164,0,0.11970919994227928
80,0,0.047234530528221776
1,0,0.3466072883374068
78,0,0.06693931089809788
104,1,0.7093469655595775
146,0,0.13180422318971888
83,0,0.00055005500550055
212,0,0.07855028344801049
125,1,0.5854078808548941
215,1,0.7206405275875419
44,0,0.021891708218994128
26,0,0.28137494770210675
57,0,0.0
0,0,0.007944746640375722
225,0,0.06051339248079799
26,0,0.021891708218994128
79,0,0.016759230414610984
90,1,0.6650877358523535
205,0,0.3380163627813138
15,0,0.0018623909635057995
127,0,0.29062217085768877
21,0,0.27305840042849655
100,1,0.21371184389669243
171,0,0.14123287099669105
9,1,0.5096165066627171
16,0,0.018453758814433136
134,0,0.010091210325961846
99,0,0.14726791855122734
6,1,0.2441555600017317
75,0,0.009732017782485575
230,0,0.008356181697480071
76,0,0.00055005500550055
83,0,0.26811644493908854
67,0,0.005660218423191776
217,0,0.13800007034574938
79,1,0.571374703727645
33,0,0.05318506155968212
128,0,0.016759230414610984
69,0,0.15281248738300698
68,0,0.0
71,0,0.3226583386628364
78,0,0.10184914661311839
68,0,0.18907565282630764
187,0,0.4922391840748839
80,0,0.08193526326128237
164,0,0.039199270549038066
53,1,0.5143393192173681
75,0,0.008605807600094878
21,0,0.07557671502528342
209,0,0.015419970149897768
168,0,0.06507381945238135
18,0,0.00055005500550055
39,1,0.33239232944271097
119,0,0.2827216894564351
4,1,0.5386334945743682
94,0,0.20027228278512113
64,0,0.43779053784100785
129,0,0.21627469567280153
82,0,0.1418984084638157
49,0,0.002626044038011322
33,0,0.01806101937335533
165,1,0.5458715151279949
174,0,0.038889463460664096
176,1,0.5056666347014448
132,0,0.0369773553590616
157,0,0.10184914661311839
144,1,0.489371951273008
11,0,0.4302660916978491
104,0,0.2466637369337287
87,1,0.47847571531782057
157,0,0.3226583386628364
23,1,0.7279715843264093
142,0,0.00589871790598814
17,0,0.022984575321997158
51,0,0.14362164362164362
156,0,0.0
210,0,0.36874077597426186
10,0,0.5298828622358034
116,0,0.054555872422917255
138,0,0.13284005643717875
181,1,0.7333991482771971
31,0,0.007607496078286892
206,1,0.6119390931807783
105,0,0.27199286009354656
83,0,0.42622937158177204
199,1,0.2589757245028053
179,0,0.0369773553590616
77,0,0.10223045394549353
105,0,0.004413315180121173
133,1,0.7089699759169902
108,0,0.0047593175222908745
96,0,0.0030075187969924814
62,1,0.683907640404228
180,0,0.05928783871573324
96,0,0.006093938550078902
69,0,0.31968810916179335
125,0,0.1984146423436406
116,1,0.46076352067868503
96,0,0.0
84,0,0.047234530528221776
206,0,0.008521457234064245
180,0,0.5000848824378236
24,0,0.020373228950139516
131,0,0.269387482939923
184,0,0.4002381878341897
196,0,0.08484107928718689
71,0,0.008195586241869265
92,0,0.11510150229945508
56,1,0.6638149879586344
183,1,0.6148497235453757
171,0,0.6409498048178708
62,0,0.23002636877702357
201,0,0.07633762110159288
17,0,0.07666053798655709
73,0,0.0
15,0,0.03545990643236017
116,1,0.5114736625364873
77,0,0.01396694181283338
16,1,0.33907064273306314
91,0,0.3213789946246086
88,0,0.008932892291168594
121,0,0.29372219723096915
202,0,0.039199270549038066
107,0,0.5055653021442496
109,1,0.42229695963470487
172,0,0.02927537116117355
199,1,0.6179965588915665
180,1,0.7221055862492327
36,0,0.009732017782485575
62,1,0.5478420391058714
105,0,0.13382153661481985
196,0,0.012739673568945264
98,0,0.0579598619688079
76,1,0.7596901273120347
63,0,0.28252136752136753
129,0,0.03436600898720396
56,0,0.18841815851453012
183,0,0.028408488929323225
36,0,0.06275906399189539
2,1,0.6144224106434177
175,1,0.6661866726436688
199,0,0.07359604032768424
89,1,0.2878132224442616
91,1,0.7236291091753616
111,0,0.008605807600094878
23,0,0.17307347460389785
11,0,0.10442483235135376
122,0,0.16333218656331772
118,0,0.001450955906401451
78,0,0.0
100,0,0.010308728376174097
48,0,0.02566137262564502
99,0,0.05481539225830303
119,0,0.12371603527526541
87,0,0.07170854704757267
153,0,0.391115865130686
156,0,0.04721376612322045
152,0,0.024289675291266393
209,1,0.46908875338753386
18,0,0.005660218423191776
39,0,0.19526268312543427
32,0,0.15141661909077456
106,0,0.007944746640375722
2,0,0.010308728376174097
94,0,0.057381345100643334
36,0,0.05526611954472651
114,0,0.3949317161908201
89,1,0.5593077995823991
116,1,0.5756371627598408
75,0,0.05373704627514181
175,0,0.07265644962612627
32,0,0.010308728376174097
141,0,0.09478737021375
87,0,0.13979982939138738
110,0,0.15998611650785563
117,0,0.2463385330685072
82,0,0.007447489565301627
69,0,0.2539181141022736
211,1,0.594349946875302
15,1,0.6008105800075806
83,1,0.39401862642561875
93,0,0.005643448326375156
194,0,0.08193526326128237
17,0,0.3489577715941529
19,0,0.002626044038011322
84,0,0.016759230414610984
49,0,0.06331832464434374
5,1,0.620911007407595
66,0,0.016759230414610984
93,0,0.0044104848066766995
41,0,0.4757709163386277
125,0,0.13118412443510538
103,0,0.15024294629557788
129,0,0.022984575321997158
7,0,0.6129530535471129
211,1,0.5061380270873015
222,0,0.012808623778040129
217,1,0.738883019244939
21,0,0.4809117725869581
21,0,0.002626044038011322
93,0,0.02305002625378738
0,0,0.12412234803573698
19,0,0.007043845739474822
94,1,0.265042312826517
143,1,0.33945121316255333
205,0,0.17832401289453248
19,0,0.132738052992019
89,0,0.03304810672416116
69,0,0.09673081893157041
25,0,0.3670308925698375
213,0,0.5958988927738927
55,0,0.2785009849824884
215,1,0.7206405275875419
141,0,0.010308728376174097
21,0,0.016759230414610984
70,0,0.27600506256806767
57,0,0.018453758814433136
123,0,0.4735517361845041
35,0,0.02450305459085177
22,0,0.04508076265326121
58,0,0.01396694181283338
20,1,0.44970034246575347
115,0,0.001725143137110421
201,0,0.3104435443544355
83,1,0.33543828193481556
95,0,0.3504492479856421
216,0,0.22772334560952448
70,0,0.04928114714819198
196,0,0.029296489817324117
39,1,0.6735384828545431
143,0,0.0369773553590616
132,0,0.002626044038011322
227,0,0.09627293388761278
146,0,0.10033975686149599
136,1,0.5943297581978242
54,0,0.5913193575824286
62,1,0.5368583596431699
118,0,0.029134769975072642
114,0,0.11186904296534265
207,0,0.009947384967167659
149,0,0.001450955906401451
181,1,0.47486337837967824
141,0,0.006870778971613106
35,1,0.3735683474639298
25,0,0.16046809267314058
3,0,0.001725143137110421
204,1,0.6144224106434177
116,0,0.00055005500550055
155,0,0.007406274508084151
95,0,0.015024201786129213
83,1,0.6385603416779005
60,0,0.09094998743430338
131,0,0.009732017782485575
118,0,0.08934189356048883
122,1,0.41717729784028124
11,0,0.1418984084638157
114,0,0.09079859934506762
62,0,0.00055005500550055
52,0,0.20418380553313087
228,0,0.0949545597185315
58,1,0.30225832680015063
111,0,0.014088330754997422
10,0,0.17150134525121716
65,0,0.021897401433691756
71,1,0.5717960502190569
137,0,0.5164754570695165
39,0,0.008729868079461576
18,0,0.02380278597844344
88,0,0.00055005500550055
34,0,0.5682498656028069
195,1,0.2747385311199892
35,1,0.661737567987568
63,0,0.00055005500550055
196,1,0.6179965588915665
57,0,0.00303747909511567
105,0,0.02305002625378738
20,0,0.2816839948714579
174,1,0.6824425817425372
87,0,0.015024201786129213
33,0,0.021891708218994128
149,0,0.0
67,0,0.00055005500550055
211,1,0.5213274210847793
119,0,0.1837452402669794
177,0,0.05428594803125872
32,0,0.004182606928602352
194,0,0.045490066388214456
170,0,0.1576728753470308
108,0,0.034037834555930256
219,0,0.4462769642195479
58,0,0.05489536430993506
84,0,0.5943094732982374
134,0,0.003908419697893383
40,1,0.5883223293709228
52,0,0.11799871367772602
85,0,0.004182606928602352
11,0,0.09936809676214868
203,0,0.02566137262564502
210,0,0.01758094034836191
166,0,0.012808623778040129
67,1,0.3764399851356373
170,0,0.05515966347832776
108,0,0.5098515393030162
73,0,0.3161928751583259
91,0,0.3978027222082792
205,0,0.27495391016218645
144,1,0.3248385813192585
46,1,0.7217285966066455
6,1,0.5245526439164014
35,0,0.6144224106434177
189,0,0.01763554815798685
161,1,0.49720444346354736
132,1,0.5380498291115351
141,0,0.3609872960476124
77,0,0.6409498048178708
121,0,0.005494942886607602
41,0,0.004319854754997731
101,0,0.11500111525348118
9,0,0.008356181697480071
146,0,0.001450955906401451
131,0,0.022611489823151292
200,0,0.08576535249699642
87,0,0.00055005500550055
219,0,0.3314490539963087
93,0,0.013502909274339815
134,0,0.007944746640375722
224,0,0.09478737021375
170,1,0.5883223293709228
33,0,0.007430719468485007
132,0,0.113944169860558
128,0,0.03653799118832352
95,0,0.17307347460389785
3,0,0.25066394279877424
97,0,0.015600912379817733
140,0,0.06391738202668863
52,0,0.2874647880575481
116,1,0.341852787683657
29,1,0.5262215688352052
12,0,0.2596839566979631
89,0,0.3389124936542541
179,0,0.22858643181610364
169,0,0.03229337041592294
75,0,0.014823127725121297
130,0,0.001725143137110421
189,0,0.071470828302257
168,0,0.19260684411013765
197,0,0.07020889075039892
141,0,0.002626044038011322
145,1,0.5503419508733028
75,0,0.41934137706974967
222,0,0.007944746640375722
105,1,0.6315721315721315
42,0,0.07467998458491887
28,0,0.005494942886607602
46,1,0.44221047815399556
13,0,0.08421872511546424
122,0,0.006870778971613106
93,0,0.015600912379817733
134,0,0.6673395593869732
16,0,0.49005769442145186
62,0,0.07567150294474678
221,1,0.8216858237547893
29,1,0.5137090632140138
10,0,0.022117693090146832
67,0,0.25936769441136254
137,1,0.13723659406802277
178,0,0.01110570300196091
68,0,0.12246086210251943
27,0,0.19591455243629152
49,0,0.04702542754626184
220,1,0.7221055862492327
174,0,0.5262524991994998
24,0,0.05538240437726178
129,0,0.06316961123590957
28,1,0.5343487310403515
132,0,0.1576598827205483
32,0,0.5883223293709228
8,0,0.015024201786129213
124,0,0.49005769442145186
98,0,0.13180422318971888
211,0,0.001450955906401451
118,0,0.008932892291168594
84,0,0.2764776352791334
79,0,0.10815853577047607
112,0,0.006870778971613106
28,0,0.07845858115768821
153,1,0.6952012024321924
103,0,0.32495723635281876
185,0,0.001725143137110421
86,0,0.053016458444090024
84,0,0.08656477902219288
209,1,0.6711490197145729
90,0,0.28793298834790776
190,0,0.4746527483744573
16,0,0.07458390411802672
77,0,0.048122531416222664
58,0,0.005083507829503253
26,1,0.29312788430815523
228,0,0.11970919994227928
59,0,0.00055005500550055
156,0,0.013711320119737145
17,1,0.40935721539218983
34,0,0.04547278798196325
211,0,0.6408018609742748
94,0,0.012162962975256743
124,0,0.11358076800866253
41,0,0.01758094034836191
49,1,0.5883223293709228
121,0,0.05641726698368551
16,0,0.002626044038011322
100,0,0.23880607783342822
73,1,0.5262733017183482
27,1,0.5410866835281841
55,1,0.3516630253430571
73,0,0.013897991603738516
94,1,0.6051892476307482
147,0,0.13180422318971888
160,0,0.08016049693460199
79,1,0.5738763339267965
17,0,0.0
28,0,0.3041353708020375
63,0,0.3094657833613657
204,0,0.015081044946495878
49,0,0.2308884575987924
185,0,0.02019228672021955
74,0,0.002626044038011322
143,0,0.016759230414610984
211,1,0.662004662004662
118,0,0.09786037574443603
182,0,0.30072510714168704
45,0,0.03450999924296425
46,0,0.1297589202655188
119,1,0.64701108868009
107,0,0.11970919994227928
33,0,0.009370674373479137
68,0,0.45525057444562095
131,1,0.4307200834867566
65,0,0.1327253450710241
39,0,0.17255898281281123
77,0,0.2788870580379739
59,0,0.11714376824006793
134,0,0.17832814600230149
21,0,0.14956994433391613
15,0,0.009732017782485575
80,0,0.13800007034574938
166,1,0.5920511154926431
131,1,0.43832668537289576
70,0,0.120783799464998
229,0,0.1157204290735969
23,0,0.48342183683986467
68,0,0.021891708218994128
165,0,0.02019228672021955
41,0,0.05523866720607271
201,0,0.012231913184351606
137,0,0.07180898920304113
42,0,0.09245321029074645
0,0,0.19948294724508522
61,0,0.17832814600230149
97,0,0.0857436347668709
84,0,0.04436204864339421
38,0,0.11294738894850387
208,0,0.29359566932100783
187,0,0.3054198780450057
178,1,0.4670291848390861
94,1,0.31809242513525243
152,0,0.009732017782485575
14,0,0.15087279929750783
56,1,0.46882544948100646
78,0,0.009370674373479137
128,0,0.018275225844661597
206,1,0.477759706351534
60,0,0.007447489565301627
9,0,0.01396694181283338
46,0,0.011467046410967347
61,0,0.391115865130686
23,0,0.4546570118859276
19,1,0.5915885479463066
5,0,0.30202787040920237
113,0,0.035585272013509535
136,0,0.24268131387739833
76,0,0.002626044038011322
195,0,0.012231913184351606
106,0,0.5883223293709228
96,1,0.48276946168512436
97,0,0.00055005500550055
102,0,0.07565444591823489
23,1,0.5408688952518946
167,1,0.5337549161078573
58,0,0.4370330251782042
213,0,0.005083507829503253
113,0,0.012808623778040129
183,1,0.7217285966066455
113,0,0.010843970050617905
187,1,0.6583046507080544
55,0,0.06621026526063108
110,0,0.00055005500550055
182,1,0.56091795986129
162,1,0.5007733229463297
18,0,0.001450955906401451
87,0,0.08883921175521792
124,0,0.19286565148173485
75,0,0.011544238663026235
57,0,0.6552827497046564
86,0,0.23499004022764747
194,0,0.012231913184351606
155,1,0.06507381945238135
67,0,0.3515672071593124
203,0,0.00055005500550055
8,0,0.00055005500550055
195,0,0.2535247016879019
22,0,0.036069322711036515
207,1,0.7272124675743873
83,0,0.3008398114271292
21,0,0.07146620755624714
216,0,0.027903673826794928
184,0,0.30043349866665764
139,0,0.225951534940299
136,0,0.553700227773323
80,0,0.2316882875561511
39,0,0.00055005500550055
62,0,0.012808623778040129
199,0,0.09786037574443603
72,0,0.042790749750045286
101,0,0.007944746640375722
163,0,0.38660361184192854
43,0,0.001725143137110421
189,1,0.6273379741820335
141,1,0.2698928964122334
149,0,0.005494942886607602
86,0,0.001450955906401451
218,0,0.03058047113044279
141,1,0.5420930799220273
159,0,0.08376306902587287
157,0,0.017272573680990708
13,0,0.33894077365487624
28,0,0.06506513049889241
18,0,0.007043845739474822
104,0,0.040717749817892675
108,1,0.6952012024321924
206,0,0.5080636669383473
129,1,0.3390021379733706
39,0,0.013502909274339815
186,1,0.178536400877182
194,0,0.0585093628454636
127,0,0.012739673568945264
160,0,0.0018623909635057995
224,1,0.6385603416779005
107,0,0.16013481236397042
128,0,0.14726791855122734
180,0,0.00055005500550055
72,0,0.4427416106841944
120,0,0.10753988777296712
63,1,0.6848320448825075
69,0,0.08729661677009552
84,1,0.42633318326773395
6,0,0.0
177,0,0.0658514691451604
54,0,0.0
42,0,0.007944746640375722
22,0,0.0
37,0,0.04015198972385206
24,0,0.005083507829503253
58,1,0.40188576258803343
82,0,0.005083507829503253
73,0,0.621871716293623
135,0,0.5943297581978242
8,1,0.40643068962478845
111,1,0.3204916128836181
115,0,0.39885833346758387
213,0,0.5262524991994998
50,0,0.03058047113044279
142,0,0.062300443605441104
164,0,0.02313135725647314
107,0,0.47999222999222996
132,0,0.0
22,0,0.010064959869778824
172,0,0.24831473168240695
217,0,0.19591455243629152
185,1,0.6313275941003798
131,0,0.05987753449872948
134,0,0.4256236730360934
65,0,0.13028269180664337
90,0,0.020373228950139516
179,0,0.06057674387043511
115,0,0.0
48,0,0.004948810716592218
158,0,0.477336016809701
55,0,0.016759230414610984
141,0,0.24570146585956856
40,0,0.148502400914551
108,0,0.5124363666283883
131,0,0.001450955906401451
38,0,0.0658514691451604
22,1,0.5942241909379394
3,0,0.08261805804443782
95,0,0.49005769442145186
0,1,0.5151262867160098
38,0,0.027903673826794928
197,0,0.008605807600094878
56,0,0.3798081828384859
129,0,0.012722903472128644
188,0,0.028845442501961017
74,0,0.0
108,0,0.3008398114271292
187,0,0.031907836189181756
8,0,0.06025382698547091
36,0,0.09594448028530243
88,1,0.6308777246530797
26,0,0.0
64,0,0.3958647620645775
37,0,0.16836673956282402
196,0,0.013502909274339815
97,1,0.5003354159157355
7,0,0.004413315180121173
176,1,0.5695200059770021
90,0,0.17276673633130277
165,0,0.007944746640375722
11,0,0.00055005500550055
147,1,0.6421344899260492
208,0,0.3161928751583259
152,1,0.7272124675743873
94,1,0.5396976760613125
107,0,0.21403598774548172
228,1,0.7059722222222223
180,0,0.3609872960476124
39,0,0.38237675084827355
170,0,0.04094373468904538
76,1,0.3486137075245986
8,0,0.021314997625305605
111,1,0.6311448186701737
94,0,0.06834332859569453
185,0,0.06331832464434374
35,0,0.12771779877043035
216,0,0.12251366727763906
188,0,0.005083507829503253
74,0,0.0
202,0,0.08293072054539945
7,1,0.477336016809701
113,1,0.6711490197145729
105,0,0.006994839450979802
172,0,0.016759230414610984
87,0,0.0030075187969924814
154,1,0.459212704487232
199,0,0.012343364154343214
37,0,0.022117693090146832
111,0,0.19854911744278514
229,0,0.012808623778040129
221,0,0.009947384967167659
54,0,0.02305002625378738
49,0,0.00055005500550055
22,0,0.42623604465709725
81,1,0.5918964776190713
133,1,0.3491527742277509
20,0,0.00055005500550055
128,0,0.21600518188539963
80,1,0.7333991482771971
98,0,0.15399343171125532
182,0,0.3665626922794778
143,0,0.18731718040192466
53,0,0.1534063162737722
208,1,0.7206405275875419
108,0,0.040717749817892675
53,0,0.012926198680651294
50,0,0.04667526987577342
4,0,0.5981610981610982
52,0,0.004413315180121173
217,0,0.06248888087058712
3,1,0.4553650921754917
163,0,0.0477082223294173
51,0,0.20588273150348058
203,0,0.01221980613562341
70,1,0.5652096611494158
212,0,0.4495207958827338
192,0,0.17727227862160397
100,1,0.4101877511374506
67,0,0.061573860504336435
21,1,0.15485001942284152
171,0,0.02472903946200447
136,0,0.0204566435573067
165,0,0.06457162066166024
54,0,0.087064750068457
213,0,0.15141661909077456
133,0,0.012755301672094455
78,0,0.02305002625378738
152,0,0.10688239346118959
145,0,0.00055005500550055
202,0,0.3322990960497509
2,0,0.34430316770434866
197,0,0.17067981224521947
16,1,0.668087765233565
63,0,0.29524922831266176
125,0,0.5879294142460674
24,1,0.42161286780852
34,0,0.03428642988332526
223,0,0.03759122538478695
134,0,0.01657828818469102
96,0,0.693213601532567
176,1,0.5128991766495036
56,0,0.39885833346758387
162,0,0.013897991603738516
137,0,0.38543499353327787
117,0,0.002626044038011322
45,0,0.20389560885913152
12,0,0.04469736523887341
201,1,0.7089699759169902
163,0,0.6347742434698956
128,1,0.5757856701374031
14,0,0.010641670463467345
104,0,0.34743910096233926
225,0,0.005494942886607602
170,0,0.5097662548255434
5,0,0.388874171790024
13,0,0.010556093012233363
7,0,0.10338041088621748
50,0,0.005494942886607602
110,1,0.6513435378401254
50,1,0.5695200059770021
185,1,0.5942241909379394
29,1,0.388874171790024
2,1,0.477336016809701
37,1,0.28254742298665053
139,0,0.012162962975256743
55,0,0.04630559198460432
107,0,0.031907836189181756
230,0,0.27902052030789415
152,0,0.061573860504336435
219,1,0.6179965588915665
117,0,0.08576535249699642
148,0,0.008521457234064245
117,0,0.004485130291581905
71,0,0.34877495903417777
92,1,0.6735384828545431
164,0,0.02313135725647314
83,0,0.008932892291168594
158,0,0.00055005500550055
183,0,0.010439474972199958
100,0,0.25292114610714983
85,0,0.007447489565301627
61,0,0.24053879642428266
130,0,0.02450305459085177
188,0,0.029007546311668117
145,0,0.2687268364067475
6,0,0.0658514691451604
141,1,0.43402907163963667
170,0,0.2710308059891748
68,0,0.006994839450979802
110,0,0.17832814600230149
191,0,0.3526257847969771
88,0,0.2362837779504446
49,1,0.5569510120887634
165,0,0.004182606928602352
42,0,0.015600912379817733
129,1,0.4061635956076944
194,1,0.7104350345786811
63,0,0.006071653480296125
165,0,0.004319854754997731
167,0,0.3033537623425264
78,0,0.0009009009009009009
207,0,0.020365090435909686
159,1,0.6591751301578405
136,0,0.21653060831372692
101,1,0.506739594303046
21,0,0.16347618041922296
17,0,0.11697657873528644
56,0,0.04999139427000123
175,1,0.7221055862492327
98,0,0.007571550044668324
113,1,0.5498385785009989
126,1,0.27257479239745114
14,0,0.0036364747585869695
181,1,0.34686316075506785
76,0,0.02255464666278462
173,0,0.6011042097998619
137,0,0.009370674373479137
92,0,0.04899376402761508
134,0,0.00055005500550055
79,0,0.30206839437749333
14,0,0.1157204290735969
58,0,0.00303747909511567
53,0,0.26454383595646086
108,0,0.4221749177208391
220,0,0.13340853993027904
104,0,0.43108264817777425
112,0,0.06366297159879329
168,0,0.007447489565301627
123,1,0.46188590449954087
71,1,0.519436631543596
0,0,0.006870778971613106
149,0,0.08967983444380623
97,0,0.05584834471194691
125,0,0.1455778520995912
122,0,0.05111941201482149
69,0,0.005083507829503253
52,0,0.3375481624909542
204,1,0.5408688952518946
154,0,0.15134627383061008
211,1,0.6314571273198043
174,0,0.0009009009009009009
86,0,0.015419970149897768
11,0,0.004182606928602352
18,0,0.2630873930991388
11,1,0.6167888219544846
99,0,0.12556961940775394
46,0,0.07678246366305515
47,0,0.03752235104810091
118,0,0.011276098232619972
202,0,0.6902048975512244
15,0,0.08552035755705661
140,0,0.02566137262564502
26,1,0.40489101906961816
162,0,0.015081044946495878
92,0,0.001725143137110421
40,0,0.008782110593089655
105,0,0.2517278779213192
105,1,0.14849060372368306
137,0,0.09673081893157041
72,0,0.08193526326128237
204,0,0.03058047113044279
121,0,0.10184914661311839
123,0,0.05659346738633001
6,0,0.34004864636209814
119,0,0.012926198680651294
174,0,0.041750702271536565
71,1,0.6295689264439265
218,1,0.4922767995057152
147,0,0.03523289121905429
143,0,0.01396694181283338
116,0,0.01903046940812166
147,0,0.012231913184351606
123,0,0.030536138854803125
211,1,0.6377533501948508
129,0,0.005494942886607602
72,0,0.004182606928602352
158,1,0.5653354170867783
41,0,0.008356181697480071
157,0,0.3512648711129396
147,1,0.5319034300727664
158,1,0.4453673408255295
3,0,0.017272573680990708
91,1,0.6262682199161328
37,0,0.020373228950139516
199,1,0.33541664546031363
142,0,0.00055005500550055
29,0,0.20861523105475754
85,0,0.38237675084827355
114,0,0.021314997625305605
169,0,0.00055005500550055
75,1,0.5478420391058714
14,0,0.04229466761842268
39,0,0.009370674373479137
41,1,0.41678917450657016
56,0,0.3917173953145176
34,0,0.3518804965474147
71,0,0.5044487457904511
79,1,0.5390180320412599
144,0,0.11186904296534265
73,0,0.007447489565301627
43,0,0.03262154484719665
116,0,0.001725143137110421
108,1,0.40273887528613006
86,0,0.10688239346118959
15,0,0.014843259556209248
54,0,0.0514475864460952
171,0,0.09627293388761278
5,1,0.2947783671881151
163,0,0.0
8,0,0.0
23,0,0.09673081893157041
20,0,0.2249011185010048
125,1,0.5695200059770021
129,0,0.19526268312543427
95,1,0.6021645569342938
34,0,0.045490066388214456
81,0,0.011276098232619972
136,0,0.0
126,1,0.4018139160325391
111,0,0.14880913918714608
3,0,0.09786037574443603
147,0,0.5328779407726777
88,0,0.061573860504336435
192,0,0.022117693090146832
51,1,0.38394986449864504
188,1,0.4782426150847203
91,0,0.009774449392859675
26,0,0.001725143137110421
113,0,0.1398789091200391
34,0,0.008356181697480071
55,0,0.040717749817892675
124,0,0.28137494770210675
185,0,0.04702542754626184
171,0,0.4748833010327263
96,0,0.03868066908289416
55,0,0.35243324900516165
79,0,0.13180422318971888
104,0,0.28816078755997043
50,1,0.648399110468076
2,0,0.33652281990415195
69,0,0.5883223293709228
40,1,0.3899900327213965
12,0,0.03442695397871628
183,1,0.3979409052016312
86,0,0.029007546311668117
97,0,0.012162962975256743
178,0,0.391115865130686
132,1,0.7089699759169902
162,1,0.4224493768980255
40,0,0.047234530528221776
65,0,0.12845918607386497
119,0,0.07274605603974728
156,0,0.47919364586031254
19,1,0.6313050375550375
118,0,0.07359604032768424
95,0,0.148502400914551
86,0,0.021891708218994128
89,0,0.2463385330685072
47,0,0.018046452061797332
117,1,0.6050447373976785
58,0,0.2965076833497886
179,1,0.5553407362093951
46,0,0.04080079508214064
51,0,0.009370674373479137
65,0,0.004319854754997731
96,0,0.001725143137110421
225,0,0.02964813796680224
84,0,0.4988717916076572
114,0,0.015600912379817733
91,0,0.189759855137862
42,1,0.7206405275875419
37,0,0.053221868213893735
96,0,0.11132045809809665
16,0,0.19504637760345522
209,0,0.07359604032768424
77,0,0.016759230414610984
25,1,0.5499234246544146
140,0,0.007944746640375722
102,0,0.519436631543596
141,0,0.43229767170322875
179,1,0.5824272803220173
199,0,0.46849763297131714
175,0,0.022117693090146832
155,0,0.2744539411206078
105,0,0.5046488384836727
16,0,0.0047593175222908745
136,0,0.028408488929323225
221,0,0.5328779407726777
184,0,0.5245342312008979
79,0,0.029007546311668117
58,0,0.001450955906401451
35,1,0.7709836893399991
170,1,0.7217285966066455
123,0,0.47999222999222996
133,1,0.5772520516398225
158,1,0.5768693450477559
121,0,0.045490066388214456
163,0,0.3912060317105574
129,1,0.49556201809931427
85,0,0.10795293526139778
42,0,0.5763108213701099
119,0,0.0
19,0,0.36874355851276763
1,0,0.0068185364579850275
30,0,0.012162962975256743
7,0,0.00055005500550055
129,0,0.013897991603738516
153,0,0.26416426839438684
31,0,0.4667600078217138
88,0,0.040717749817892675
172,0,0.38770716340760175
92,0,0.07458390411802672
152,0,0.03653799118832352
83,0,0.20506928165432825
120,0,0.001725143137110421
102,1,0.543629821787333
120,0,0.27968450620384316
136,0,0.4825638376774741
41,0,0.2607670328375524
67,1,0.6311448186701737
173,0,0.016463337167824003
97,0,0.005660218423191776
229,0,0.6526203564884224
90,0,0.27511685565224586
161,0,0.09714386642000107
121,0,0.31217135800222734
56,0,0.09079859934506762
99,0,0.17699329602572822
195,0,0.041750702271536565
28,0,0.05528306466516004
222,0,0.007944746640375722
103,0,0.019370576786468627
7,1,0.6786564835345322
69,1,0.19268587050495353
192,0,0.013502909274339815
224,0,0.012162962975256743
185,0,0.6148497235453757
36,0,0.002626044038011322
210,0,0.18977165232872995
143,0,0.005083507829503253
37,0,0.21944258950589698
175,1,0.6542581945058726
59,0,0.10688239346118959
30,0,0.07446975577475329
53,0,0.16075537394283698
154,0,0.013711320119737145
18,0,0.14904417776426623
70,0,0.021891708218994128
115,0,0.010308728376174097
74,1,0.64701108868009
45,0,0.2380465581877386
26,0,0.009732017782485575
166,0,0.0
105,0,0.08576535249699642
32,0,0.2386527428828613
31,0,0.2391956477738888
198,0,0.040596219369185775
164,1,0.6587319636100124
46,0,0.001725143137110421
124,1,0.3291118546653002
120,0,0.07887076560240952
207,0,0.001725143137110421
219,0,0.23111448030226459
54,0,0.07425572968675301
116,0,0.3521563046504263
8,0,0.23022085127348282
12,1,0.48088125479214594
84,0,0.065486866940812
26,0,0.016759230414610984
185,0,0.1036254058261573
206,1,0.7288944958415101
171,0,0.001725143137110421
3,0,0.021891708218994128
129,0,0.3952183994485179
17,0,0.018046452061797332
210,0,0.10748497987903181
151,1,0.7206405275875419
45,0,0.4343593378681098
206,0,0.13180422318971888
198,0,0.13613337838209444
117,0,0.005494942886607602
50,0,0.00453737565948787
156,1,0.6587319636100124
56,0,0.058140966718691504
120,0,0.00055005500550055
174,1,0.6322045694355594
218,0,0.03161889268352576
127,0,0.004413315180121173
218,0,0.0
86,0,0.113944169860558
223,1,0.6552827497046564
35,0,0.005083507829503253
33,0,0.006870778971613106
163,0,0.007944746640375722
12,1,0.40612141481706693
144,0,0.21959739741648043
62,0,0.010641670463467345
98,0,0.010308728376174097
197,0,0.47458169383817356
118,0,0.025111385225017314
157,1,0.4754827235772358
84,0,0.14575798251669023
158,1,0.6292901209195308
39,0,0.010308728376174097
141,0,0.06653426392831585
27,0,0.5256377659123653
141,0,0.11228964042479313
202,1,0.6459455128205128
196,0,0.012739673568945264
140,0,0.007447489565301627
35,0,0.08193526326128237
2,0,0.2828107290295619
105,0,0.09419767443075377
65,0,0.02927537116117355
97,0,0.20884997541538267
96,0,0.005083507829503253
166,0,0.014661227309133065
83,0,0.001725143137110421
172,0,0.6778709320145784
174,0,0.17276673633130277
141,0,0.02094180102959821
60,0,0.012739673568945264
74,0,0.09079859934506762
111,0,0.010064959869778824
34,0,0.00055005500550055
120,1,0.19231328799230032
79,0,0.0011750881316098707
65,0,0.049636773918119485
70,0,0.20027228278512113
1,0,0.004319854754997731
51,0,0.022100119064391455
98,0,0.0
21,0,0.011467046410967347
30,0,0.005494942886607602
78,1,0.524537190607237
3,0,0.009732017782485575
74,0,0.12556961940775394
68,0,0.04721376612322045
33,0,0.03545990643236017
200,0,0.031019835301180868
113,0,0.19041903614197211
66,0,0.08145122725859828
111,0,0.10769371135383103
113,1,0.20217626337234784
96,0,0.1446537997337519
91,1,0.5297931215002197
45,0,0.06941566381363022
116,0,0.035585272013509535
42,0,0.04702542754626184
63,0,0.004413315180121173
152,0,0.045490066388214456
52,0,0.028408488929323225
88,1,0.6442157480094595
130,0,0.06927182391369276
104,0,0.001450955906401451
199,0,0.019436855458360835
44,0,0.0
15,0,0.10840770647400481
48,0,0.04187606785268593
126,0,0.1075013400482245
143,0,0.19472223375466594
119,0,0.07359604032768424
229,0,0.15049068045420314
193,0,0.013017034623437458
33,0,0.012739673568945264
193,0,0.4447890831875045
59,0,0.35700167108445985
161,0,0.17317978381973342
148,0,0.2530170620058261
217,0,0.011467046410967347
166,0,0.02313135725647314
176,0,0.022117693090146832
176,0,0.012808623778040129
17,0,0.004413315180121173
60,0,0.15406381058554972
52,0,0.2782449232125433
183,0,0.001725143137110421
39,1,0.5008443774826133
127,1,0.3105857633989563
118,0,0.0
88,0,0.18541838612308073
127,0,0.06015472094758357
74,0,0.05489536430993506
127,1,0.12670447362350623
202,1,0.22111834265626365
180,0,0.26723919398083723
115,0,0.006870778971613106
154,0,0.12403835513465485
113,0,0.035585272013509535
1,1,0.44584117032392895
101,0,0.05489536430993506
34,0,0.30787756327363186
127,0,0.06025382698547091
90,0,0.007447489565301627
146,1,0.5096165066627171
133,0,0.2856883547520954
1,0,0.16067171308386316
109,0,0.07636941617462448
85,0,0.07274605603974728
127,1,0.5648398205942963
213,0,0.10184914661311839
17,0,0.04229466761842268
45,0,0.04436204864339421
92,0,0.013705208861490376
116,0,0.06611902767358847
58,0,0.17040302692476605
49,1,0.5707896538252138
79,1,0.4685588102856053
35,0,0.1831676598779947
125,1,0.4796957480893978
137,1,0.2942148363496678
66,1,0.6704025152805642
4,1,0.49335219871535735
161,0,0.0
110,1,0.3892897553791444
137,1,0.6144224106434177
212,0,0.01221980613562341
128,0,0.013502909274339815
150,0,0.006870778971613106
215,0,0.047141748899372136
178,0,0.013502909274339815
93,0,0.00055005500550055
88,0,0.14744879621589146
99,0,0.282613429165645
161,0,0.01396694181283338
203,0,0.22596994256665828
165,0,0.031019835301180868
57,0,0.3522890353301114
93,1,0.6008183549620013
196,0,0.009947384967167659
127,0,0.009679775268857497
181,0,0.02850581686775604
122,0,0.2872369996089281
109,1,0.48972533526309264
97,0,0.0068185364579850275
53,0,0.02450305459085177
219,0,0.07036974214738069
75,0,0.10092487340330887
73,0,0.005494942886607602
6,0,0.19472223375466594
14,0,0.38237675084827355
102,0,0.17428478202603337
188,0,0.03433429408255474
166,0,0.09478737021375
26,0,0.018212258751675373
182,0,0.132738052992019
59,0,0.02694434325191263
212,0,0.0
177,0,0.6208773410497549
36,0,0.04765799576855417
215,0,0.013502909274339815
75,0,0.05928783871573324
85,1,0.5408688952518946
94,0,0.18500533863465007
147,0,0.00970549918376481
43,0,0.001450955906401451
109,0,0.14147848253111409
142,0,0.0514475864460952
20,0,0.027903673826794928
29,0,0.0011750881316098707
129,0,0.45525057444562095
67,1,0.6474384015820479
120,1,0.6110521662245799
123,0,0.11008199184069956
165,0,0.015600912379817733
169,1,0.41993322438017705
228,0,0.5007733229463297
25,1,0.6008200522620805
224,0,0.1989421267612098
129,0,0.24522733976997793
1,0,0.5363138376774741
12,0,0.2107257048108957
66,0,0.028845442501961017
85,1,0.6965025965530591
28,1,0.6159428608178931
43,0,0.06018521804952428
90,0,0.04512167026144236
50,0,0.004182606928602352
49,0,0.15698968048777587
35,0,0.07887076560240952
137,0,0.025111385225017314
9,0,0.0658514691451604
79,1,0.6282375060625555
42,0,0.1989621649312158
56,1,0.3585268208987495
107,1,0.34131393720434816
161,1,0.5137090632140138
20,0,0.008521457234064245
137,0,0.005660218423191776
52,0,0.02666402478931591
105,0,0.3388627404035307
65,0,0.06145982091685281
104,0,0.3322990960497509
43,0,0.02282475174822775
52,0,0.2795840511463415
89,1,0.3578623685413809
109,0,0.052194347411715615
18,0,0.0
204,0,0.13591707286011537
72,0,0.34779040404040407
46,0,0.002626044038011322
94,1,0.34832457708353665
117,0,0.22359238471309528
103,0,0.05641726698368551
82,0,0.2785009849824884
2,0,0.04895823026322777
78,0,0.0
53,1,0.6534280519540135
31,0,0.04295290109886609
219,0,0.08967983444380623
98,0,0.07097915842605704
215,1,0.5772137857211895
28,1,0.6583046507080544
44,0,0.22013856085655803
135,0,0.16079230667574793
197,0,0.020339068654695536
88,0,0.09852682962312932
143,0,0.016759230414610984
67,0,0.00055005500550055
169,0,0.07915075367752317
144,1,0.35622269358076614
57,0,0.08967983444380623
198,0,0.006994839450979802
8,1,0.16531302556539149
57,0,0.0510791903193231
182,1,0.5166811861909083
200,1,0.5610400256724429
122,0,0.00055005500550055
127,0,0.09786037574443603
107,0,0.07636941617462448
23,0,0.009732017782485575
191,0,0.10184914661311839
177,0,0.2775102590328016
156,0,0.5446251076845173
27,0,0.005487282848883792
56,0,0.014843259556209248
128,0,0.09622257100469105
74,0,0.16802397322992288
222,0,0.07811388031463179
87,0,0.006071653480296125
103,0,0.0658514691451604
150,0,0.03232895087323836
125,0,0.0057381224503773335
122,0,0.07636941617462448
48,0,0.010308728376174097
178,0,0.05641726698368551
36,0,0.12251366727763906
185,0,0.03436600898720396
194,1,0.5199254216336103
181,0,0.012231913184351606
213,0,0.02964813796680224
27,0,0.0068185364579850275
129,0,0.29923500103126766
40,0,0.0
128,1,0.3785344660979179
181,0,0.2785009849824884
101,0,0.07274605603974728
21,1,0.64701108868009
128,0,0.001725143137110421
171,0,0.13281985709599173
7,0,0.004182606928602352
17,0,0.08193526326128237
198,1,0.7358434254709428
130,0,0.09786037574443603
210,1,0.4130059681977707
62,0,0.01407429459673329
111,0,0.06681828359238866
160,0,0.0949545597185315
216,0,0.0824797035323351
45,1,0.346420946243605
195,0,0.05489536430993506
40,0,0.021891708218994128
38,1,0.36788196363496
159,0,0.189759855137862
4,1,0.5695200059770021
130,0,0.001450955906401451
80,0,0.0030075187969924814
224,0,0.10734742840006
166,0,0.02927537116117355
88,0,0.04783358791056667
39,0,0.007944746640375722
132,0,0.4667600078217138
219,1,0.21076536477973531
38,0,0.031019835301180868
66,0,0.11714376824006793
172,0,0.0
207,0,0.47165359345801144
22,0,0.00303747909511567
163,0,0.0
102,0,0.42098697821589387
169,0,0.07180898920304113
83,1,0.531209212061747
132,1,0.5883223293709228
194,0,0.005660218423191776
43,1,0.5883223293709228
95,1,0.39917335122985315
222,0,0.007043845739474822
37,0,0.022117693090146832
28,0,0.00055005500550055
204,1,0.6144224106434177
12,0,0.0047593175222908745
212,1,0.7372589410852463
146,0,0.017692391318353522
162,1,0.5553407362093951
215,1,0.13800007034574938
26,0,0.009370674373479137
46,0,0.021891708218994128
77,1,0.5829488798238799
10,0,0.030167722428716532
142,0,0.2176178443231954
18,0,0.02666402478931591
54,1,0.5829488798238799
171,0,0.3234036269123988
110,0,0.477336016809701
210,0,0.006870778971613106
175,0,0.009732017782485575
31,0,0.036826934693979525
31,0,0.15408386446187136
176,0,0.4526662516858595
11,0,0.26949282840371946
187,0,0.005494942886607602
88,0,0.009732017782485575
196,1,0.2922994731934747
66,0,0.0
10,0,0.13221727067814956
62,0,0.007944746640375722
43,0,0.008605807600094878
31,1,0.46073099415204677
215,0,0.02666402478931591
4,0,0.007447489565301627
145,0,0.17874119349073214
186,0,0.03505149872225657
26,0,0.4675349991139464
100,0,0.015600912379817733
34,0,0.020019689984668913
31,0,0.03769816730537195
102,0,0.00589871790598814
38,0,0.3745035990650026
153,0,0.012231913184351606
25,0,0.15399343171125532
125,0,0.0018623909635057995
113,0,0.30667825583079816
38,0,0.07036974214738069
96,0,0.04354874544266769
191,0,0.13118412443510538
47,1,0.36058434124732464
44,1,0.31275140879476476
149,0,0.1157204290735969
65,0,0.04999139427000123
174,0,0.00055005500550055
150,0,0.3098484848484848
202,1,0.6613107311890274
196,0,0.004182606928602352
207,1,0.4806328369905956
23,0,0.005487282848883792
155,0,0.148373069425701
2,0,0.03565155068540174
60,1,0.39011528736933476
137,0,0.0047593175222908745
149,0,0.005083507829503253
108,0,0.28816078755997043
216,0,0.005494942886607602
200,1,0.05970088620416391
17,1,0.584952084952085
128,0,0.005494942886607602
128,1,0.5367763387005978
206,0,0.054910492774799
83,0,0.3160454381471045
128,0,0.23399285405616146
48,1,0.18687069585945992
51,0,0.269387482939923
125,0,0.030293088009865896
15,0,0.15399343171125532
118,0,0.16067171308386316
41,0,0.005487282848883792
136,0,0.16880071356468537
45,0,0.04721376612322045
14,0,0.010308728376174097
136,0,0.13180422318971888
202,1,0.3920799457994581
68,0,0.18318665323032135
148,0,0.05523866720607271
198,0,0.014661227309133065
204,1,0.5477762526543014
165,0,0.15399343171125532
9,1,0.5515410515410516
27,1,0.2037740580065525
100,0,0.01763554815798685
146,0,0.3942673686729257
103,0,0.001725143137110421
164,1,0.29461690517035066
206,0,0.047234530528221776
68,0,0.06927584470222449
70,0,0.1798490912420847
74,0,0.04667526987577342
219,0,0.44215258542568564
36,0,0.00055005500550055
166,0,0.23723173356830943
88,0,0.08261805804443782
9,0,0.10949437082038993
126,0,0.0036364747585869695
203,0,0.027849228276874863
80,0,0.42430603958533863
225,0,0.05515966347832776
144,0,0.24251421640979876
167,0,0.572063144236151
30,1,0.738883019244939
161,1,0.6583046507080544
92,0,0.1700926968077364
95,1,0.5007733229463297
114,1,0.08057354442303266
54,0,0.001450955906401451
158,0,0.006994839450979802
219,1,0.5883223293709228
105,0,0.0018623909635057995
18,1,0.3279956632106524
136,0,0.005083507829503253
189,0,0.1128146130476924
185,0,0.00055005500550055
55,0,0.03525400987520485
34,0,0.34718320024298527
41,0,0.034911004676243265
9,0,0.11613347656202756
151,1,0.5442293344770125
16,0,0.008932892291168594
144,1,0.48011444447525187
79,0,0.0
189,0,0.12219055349555101
123,0,0.040202571756644594
115,0,0.06725468672576736
40,0,0.006054883383479505
100,0,0.015600912379817733
231,0,0.004182606928602352
30,0,0.021033354150995224
190,0,0.0020759890325107717
98,0,0.05428594803125872
98,1,0.2756621050367696
14,1,0.5008443774826133
4,0,0.2183809542894617
110,0,0.19152263537515601
206,0,0.007447489565301627
151,1,0.5012549573166633
78,0,0.031019835301180868
139,0,0.22111834265626365
120,0,0.6512295574795575
222,0,0.03442695397871628
167,0,0.006870778971613106
117,0,0.001725143137110421
173,0,0.02380278597844344
154,0,0.34050425244544663
82,0,0.004413315180121173
24,0,0.05489536430993506
142,1,0.7217285966066455
30,0,0.11373104393699358
194,0,0.006071653480296125
172,0,0.14820697862131232
68,0,0.06331832464434374
78,0,0.21627469567280153
21,1,0.0320497658653708
181,0,0.04645659873826671
216,1,0.6513435378401254
154,0,0.01407839278282499
35,0,0.05232330476460311
50,0,0.06653426392831585
92,0,0.04616009181452533
181,0,0.37771950271950266
70,0,0.3526876475931863
165,1,0.459212704487232
49,0,0.48625789415263104
100,0,0.10748497987903181
103,0,0.036662105259689694
93,0,0.18823043169281126
112,0,0.010091210325961846
75,0,0.10770956607859306
178,0,0.05928783871573324
170,0,0.4526662516858595
118,1,0.47124404665137315
98,1,0.6547649002370085
221,0,0.047234530528221776
148,0,0.13221727067814956
22,0,0.02472903946200447
98,1,0.571374703727645
150,1,0.19862239586213215
192,0,0.09517811623074779
93,0,0.04187606785268593
45,0,0.08253905431669287
112,0,0.09079859934506762
135,1,0.683907640404228
8,0,0.09478737021375
10,1,0.42161286780852
123,1,0.45886576609468177
61,0,0.2316882875561511
6,0,0.005494942886607602
185,0,0.0
168,0,0.13118412443510538
39,0,0.4738006632743475
147,1,0.4157491608084493
218,0,0.391115865130686
120,0,0.1235687739951538
23,0,0.017692391318353522
179,0,0.13557323506076832
156,0,0.3609059520603914
9,0,0.036069322711036515
130,0,0.24838786627404516
75,0,0.016759230414610984
182,0,0.061163076196927256
66,0,0.0018623909635057995
104,0,0.10753988777296712
138,0,0.002626044038011322
19,0,0.0030075187969924814
169,1,0.7173020527859237
28,0,0.049571063024153594
150,0,0.40783194369365683
86,1,0.6291416135419685
11,0,0.001725143137110421
200,0,0.011467046410967347
38,0,0.3952183994485179
140,0,0.012231913184351606
90,0,0.0
71,0,0.3234036269123988
170,0,0.009732017782485575
28,0,0.12428992649067795
90,0,0.15399343171125532
79,1,0.64701108868009
36,0,0.567985798579858
60,0,0.07811388031463179
44,1,0.45378874136814756
18,0,0.14880913918714608
155,1,0.43068853928109135
95,0,0.15406381058554972
143,0,0.388874171790024
162,1,0.5203892493049119
0,1,0.1145467562784002
115,0,0.3231417748619026
155,0,0.011467046410967347
54,0,0.27966228175917657
13,0,0.005487282848883792
206,0,0.3043566445133178
174,0,0.0
22,0,0.21189550508150878
134,0,0.07811388031463179
35,1,0.7089699759169902
119,0,0.012808623778040129
107,0,0.028679371880394405
107,0,0.1478449066027735
133,0,0.22082875871493757
106,0,0.1868471035137702
209,1,0.5781561591192356
182,0,0.02472903946200447
101,0,0.001725143137110421
36,0,0.5716337039866453
109,0,0.007447489565301627
54,0,0.21313073143487146
201,0,0.0047593175222908745
42,0,0.002626044038011322
75,0,0.6359317311041449
208,0,0.01221980613562341
29,0,0.00055005500550055
124,0,0.07021825234974757
57,0,0.007944746640375722
198,0,0.13254897822799058
166,1,0.635210173813115
212,0,0.26567402838779347
127,0,0.18977165232872995
23,1,0.6006455311528139
86,0,0.486553852703278
211,0,0.25540463878808
123,0,0.05373704627514181
101,0,0.03262154484719665
124,0,0.07111843837943248
70,0,0.2989712674427901
45,1,0.2811106726300097
86,1,0.44134337000579044
212,0,0.1541772923060897
128,1,0.7333991482771971
197,0,0.15134099616858235
105,0,0.00303747909511567
84,1,0.6223290080516017
169,0,0.23675166297117514
48,0,0.12428992649067795
119,0,0.0
130,1,0.43464390742871756
70,0,0.038151446087267775
27,0,0.02450305459085177
218,0,0.31483953855540664
227,0,0.2054823291427589
180,0,0.06515641807038662
70,1,0.6159428608178931
173,1,0.3348470048368229
135,0,0.021891708218994128
47,0,0.006071653480296125
69,0,0.0579598619688079
13,1,0.1327253450710241
110,0,0.4835943775100402
69,0,0.07146620755624714
93,0,0.0069132105819872045
184,0,0.003584229390681004
32,0,0.32512507817385866
179,0,0.38216482571556504
189,0,0.18121799372600714
225,0,0.009370674373479137
41,0,0.16341748561583497
69,1,0.5486258380995223
5,0,0.001450955906401451
38,1,0.5410866835281841
180,0,0.07633762110159288
118,0,0.1271522836740228
16,1,0.6144224106434177
120,1,0.6167888219544846
118,0,0.0
215,0,0.06366297159879329
41,1,0.17627307298340777
99,0,0.03593893380597863
88,0,0.00055005500550055
127,0,0.5481572131572131
35,0,0.005695690840003234
161,0,0.031019835301180868
171,0,0.028347903472128646
203,0,0.018453758814433136
95,0,0.02774385025302552
129,0,0.16173893716531695
31,0,0.09079859934506762
97,0,0.05954936006745576
202,0,0.06927584470222449
78,0,0.005494942886607602
95,0,0.27457783913582823
44,0,0.004586381947982891
28,0,0.0783754016663543
95,0,0.2303982244306566
9,0,0.00055005500550055
137,0,0.00055005500550055
61,0,0.2677279878691683
55,0,0.00970549918376481
5,0,0.009947384967167659
138,0,0.012702556697819486
16,0,0.03771437532905422
12,1,0.5942241909379394
110,1,0.41557693375534455
54,1,0.6965025965530591
160,0,0.0949545597185315
182,0,0.3877127380416854
67,0,0.6314874988297426
38,0,0.031671637657800726
97,0,0.00055005500550055
149,0,0.011467046410967347
86,0,0.001725143137110421
232,0,0.028408488929323225
100,0,0.005660218423191776
114,1,0.5682296769253291
203,1,0.27779639143275503
189,0,0.00055005500550055
112,1,0.5670643589000587
139,0,0.17066454827648855
62,0,0.012231913184351606
179,0,0.06862638406014598
141,0,0.002626044038011322
37,1,0.32426224814189797
181,1,0.47124404665137315
92,0,0.4846927936815577
79,0,0.46108822444074593
158,0,0.5249165322694734
180,1,0.4972587719298245
159,0,0.4261107182455497
6,0,0.42931639619989714
159,0,0.4738006632743475
98,0,0.20123705485081142
121,0,0.1833849116664589
202,0,0.14102993126539523
101,0,0.009732017782485575
74,0,0.016759230414610984
21,0,0.015600912379817733
27,0,0.013293773804386027
20,0,0.001725143137110421
31,0,0.002626044038011322
38,0,0.04783358791056667
75,0,0.004182606928602352
222,0,0.3058130873706398
216,0,0.47158016270263997
13,0,0.02305002625378738
90,0,0.005494942886607602
38,1,0.6587319636100124
18,0,0.002626044038011322
214,0,0.07666053798655709
25,0,0.01413733704349244
16,0,0.3049939920315366
144,0,0.11970919994227928
36,0,0.03759122538478695
6,0,0.009732017782485575
228,0,0.013897991603738516
66,0,0.07164438331489537
112,0,0.33402044321825386
35,0,0.018453758814433136
26,0,0.0579598619688079
31,0,0.19439539694456212
88,1,0.5256377659123653
52,0,0.1332079699138388
142,0,0.012739673568945264
126,0,0.015413987033789128
10,0,0.036069322711036515
210,1,0.5174315891152659
108,1,0.49137515640121315
83,1,0.5423549328622156
179,1,0.7858773410497548
41,0,0.035585272013509535
117,0,0.001450955906401451
129,1,0.582930628909975
150,0,0.19109820644960965
52,1,0.47800416143468877
91,0,0.6452822539779062
8,0,0.13613337838209444
182,0,0.05654072241205504
62,0,0.007447489565301627
150,0,0.28519067913007307
218,1,0.6232789432789433
182,0,0.3122697293116657
88,0,0.07359604032768424
68,0,0.06862638406014598
215,0,0.041750702271536565
161,0,0.2624828158883887
4,0,0.5481572131572131
5,0,0.01413113775709996
209,0,0.3160220317605112
112,1,0.7093469655595775
194,0,0.4710703526492999
0,0,0.0
8,1,0.5757856701374031
194,1,0.49464324311384394
204,0,0.02666402478931591
4,0,0.19117358511297908
109,0,0.08261805804443782
119,0,0.03304810672416116
66,0,0.4526662516858595
32,0,0.016759230414610984
193,0,0.5569510120887634
87,0,0.08193526326128237
135,0,0.17832814600230149
156,1,0.08484107928718689
129,0,0.06057674387043511
103,0,0.113944169860558
147,0,0.004182606928602352
95,0,0.3627725883316642
210,0,0.016316555233348014
219,0,0.1734494561224307
28,0,0.009732017782485575
94,0,0.021314997625305605
25,0,0.09145609365684514
182,1,0.4237934904601571
10,0,0.015419970149897768
95,0,0.06033124965074605
23,0,0.09433749354215949
35,0,0.005083507829503253
118,0,0.2004400094287735
11,0,0.47526704477676684
108,0,0.42172047853221767
50,1,0.5707896538252138
115,0,0.0
0,0,0.001725143137110421
52,0,0.13613337838209444
223,0,0.06894767027095078
126,0,0.12037966605867839
105,0,0.005494942886607602
152,0,0.031961902007657174
60,1,0.6409498048178708
15,1,0.7217285966066455
25,0,0.22811823152574404
164,0,0.07870357609762803
82,0,0.005695690840003234
4,1,0.4307200834867566
26,0,0.005487282848883792
34,0,0.39650906201358765
86,0,0.001725143137110421
71,0,0.06913749019012176
37,0,0.1989621649312158
118,0,0.009370674373479137
97,0,0.06653426392831585
209,0,0.002626044038011322
94,0,0.13180422318971888
90,0,0.009947384967167659
66,0,0.01407429459673329
158,1,0.42569696511393423
1,0,0.001450955906401451
39,0,0.4547304833682542
136,0,0.009679775268857497
75,0,0.001725143137110421
174,0,0.02666402478931591
118,0,0.07722562198959378
2,1,0.5992229762740319
126,0,0.0
59,0,0.047505413479292956
206,0,0.005083507829503253
97,0,0.20634207049263828
111,0,0.04187606785268593
51,0,0.2685263334502452
113,0,0.002626044038011322
25,0,0.17307347460389785
22,0,0.03459436703566538
12,0,0.22596994256665828
92,1,0.7089699759169902
77,0,0.17984635502448568
41,0,0.039199270549038066
79,0,0.7093469655595775
204,1,0.40935721539218983
129,1,0.5340649686208515
16,1,0.2595944893954191
97,0,0.1313155117897398
98,1,0.44296070050081343
67,0,0.2527663381965663
149,0,0.004896565348686253
127,1,0.34430316770434866
37,0,0.013502909274339815
151,0,0.06057674387043511
73,1,0.43402907163963667
90,1,0.6965025965530591
50,0,0.05523075864915056
128,0,0.015600912379817733
97,0,0.3337713593720458
25,0,0.0
184,1,0.745094567879378
20,1,0.4113462208289795
210,0,0.00055005500550055
97,0,0.010641670463467345
18,1,0.6557198233826823
52,0,0.20894340548603127
109,0,0.04895823026322777
157,0,0.18606842576917723
11,0,0.026855849365024637
71,0,0.11938313172881075
175,0,0.005494942886607602
215,1,0.6273379741820335
125,0,0.7333991482771971
20,0,0.03856654657569989
113,0,0.002626044038011322
14,0,0.17307347460389785
174,0,0.04702542754626184
53,0,0.03653799118832352
142,0,0.01396694181283338
186,0,0.08491365059266294
4,0,0.6144224106434177
139,0,0.002626044038011322
140,0,0.07148081477176742
111,0,0.15408386446187136
106,0,0.00055005500550055
90,0,0.001725143137110421
144,0,0.4579216239833299
0,1,0.4302660916978491
100,0,0.001725143137110421
201,0,0.23860186780306467
82,0,0.0698208403912638
67,1,0.23111448030226459
134,0,0.25606990847690086
28,0,0.035585272013509535
114,0,0.1204582429095487
94,0,0.22030233085577633
163,0,0.3287340394717271
43,0,0.09419767443075377
58,0,0.03390708654539443
78,0,0.0030075187969924814
161,0,0.3320400505115732
51,0,0.0030075187969924814
51,1,0.41310747806050346
121,0,0.005494942886607602
161,0,0.06051339248079799
118,0,0.002626044038011322
68,0,0.19501452653626564
69,1,0.4728216348678453
18,0,0.2303449042404866
2,0,0.00303747909511567
190,0,0.008195586241869265
212,1,0.7221055862492327
67,1,0.3537139219363487
103,0,0.030460574648732506
140,0,0.012702556697819486
166,0,0.25936769441136254
164,0,0.3942673686729257
211,0,0.010641670463467345
26,0,0.21824212342628294
116,0,0.19041903614197211
77,0,0.012162962975256743
53,0,0.029169613405879567
79,0,0.14037372060679995
10,1,0.620911007407595
142,0,0.040734631707085446
67,0,0.012808623778040129
207,0,0.021314997625305605
57,0,0.11970919994227928
124,0,0.02942215309564954
132,0,0.01413733704349244
8,0,0.08729661677009552
119,0,0.022117693090146832
164,0,0.04334597807894309
14,0,0.2874647880575481
40,0,0.3573300768565036
48,0,0.020728425557544436
119,0,0.013502909274339815
60,0,0.10099744470878491
119,0,0.13180422318971888
207,1,0.7471369874989072
18,0,0.583026211761844
216,0,0.049636773918119485
54,0,0.11761125393727305
209,0,0.2630249136024714
136,0,0.0030075187969924814
86,0,0.02305002625378738
39,0,0.0579598619688079
162,0,0.13180422318971888
30,1,0.5373368749481898
137,0,0.4817231723172317
159,0,0.4827225406172775
50,0,0.27744240734482367
135,0,0.02305002625378738
88,0,0.0
81,0,0.3688332522275733
95,0,0.09532321045508767
67,0,0.14960267956620224
139,0,0.027903673826794928
200,0,0.08193526326128237
189,0,0.004182606928602352
26,1,0.6547649002370085
94,1,0.6282375060625555
62,0,0.004182606928602352
112,0,0.04928114714819198
125,1,0.511264141277867
43,0,0.08484107928718689
58,0,0.1725330252331295
67,0,0.010308728376174097
13,0,0.021167785900750913
96,0,0.4622765695372956
143,0,0.001450955906401451
194,1,0.3842004964698979
213,0,0.19299211926647994
103,0,0.018857533833813677
51,0,0.0579598619688079
181,0,0.5337549161078573
46,0,0.003908419697893383
176,0,0.06446239812398975
19,0,0.005494942886607602
132,0,0.008932892291168594
132,0,0.0
168,0,0.26723919398083723
152,0,0.014661227309133065
5,0,0.00055005500550055
39,0,0.03525400987520485
42,0,0.2712956201912025
79,1,0.6282375060625555
139,0,0.005660218423191776
129,0,0.328032201103754
55,0,0.07016384559022537
154,0,0.002626044038011322
65,0,0.00055005500550055
17,1,0.5384239733157479
77,0,0.02018878744291491
153,1,0.22049210535586192
81,0,0.07275541763909595
209,1,0.48713025793234604
32,0,0.3932116107578028
216,0,0.0521879449257808
9,0,0.36722411980543596
190,0,0.16650684455562503
121,0,0.02566137262564502
228,0,0.015419970149897768
35,0,0.05928783871573324
43,0,0.02313135725647314
68,0,0.04187606785268593
81,1,0.3784636792941629
225,0,0.4421008826685941
206,1,0.5144871794871796
52,0,0.020373228950139516
187,0,0.25650474939092827
95,0,0.0
54,1,0.47458169383817356
50,0,0.2424650083554193
85,0,0.015600912379817733
162,0,0.2840304232443447
167,1,0.6767582875229051
20,0,0.1929097087287507
18,0,0.2982764098181769
200,0,0.00970549918376481
222,0,0.03593893380597863
179,0,0.015024201786129213
117,0,0.1029274925962796
121,0,0.6409498048178708
176,0,0.23002636877702357
13,0,0.5598549973803523
181,0,0.010091210325961846
143,0,0.13800412989053965
62,0,0.0
79,0,0.10688239346118959
11,0,0.10753988777296712
7,0,0.0949545597185315
86,0,0.06681828359238866
47,0,0.045831917383251625
52,0,0.006870778971613106
105,1,0.6574051188275326
84,0,0.0579598619688079
71,0,0.38077615943857984
114,0,0.3213789946246086
162,0,0.16198903791292382
125,1,0.4472710453283996
22,1,0.5373368749481898
106,0,0.039199270549038066
106,0,0.07641393983507035
65,0,0.6223007628627251
123,0,0.02879188634371103
149,0,0.002626044038011322
121,0,0.00055005500550055
4,0,0.08967983444380623
124,1,0.43500000000000005
71,0,0.04187606785268593
82,0,0.001725143137110421
205,0,0.27922236146943913
144,0,0.024810333543614425
10,0,0.005083507829503253
41,0,0.01657828818469102
57,1,0.5663371928305373
92,1,0.6704025152805642
201,0,0.001725143137110421
69,0,0.12556164360069283
22,1,0.3028579645674421
90,0,0.11200959098905183
219,0,0.0
107,0,0.07359604032768424
216,0,0.3826307120829829
134,0,0.5334330555192857
41,0,0.02927537116117355
49,0,0.3344891131515335
223,0,0.01657828818469102
17,0,0.0
84,0,0.010843970050617905
197,0,0.021314997625305605
202,0,0.00055005500550055
220,0,0.02305002625378738
166,0,0.15281975891605862
209,1,0.6613107311890274
212,0,0.027903673826794928
75,0,0.0
90,0,0.31394316867145283
144,0,0.14020614215185898
211,0,0.23092494118515763
26,0,0.04299035130901558
154,0,0.10753988777296712
197,0,0.040717749817892675
221,0,0.5098179877086864
43,0,0.14114520222194393
128,0,0.14726791855122734
2,0,0.3908631772268136
98,0,0.3342461603955857
127,0,0.03442695397871628
24,1,0.2476909135370852
115,1,0.516767978190392
3,0,0.04982739789369623
215,0,0.594349946875302
64,0,0.12403835513465485
133,0,0.15399343171125532
110,0,0.2500219354593372
106,0,0.2113253491117598
43,0,0.02666402478931591
4,0,0.038151446087267775
40,0,0.012231913184351606
103,0,0.0528638761548288
49,0,0.021936750860226867
203,0,0.2780988029686062
228,0,0.00055005500550055
145,0,0.0068185364579850275
120,0,0.37807212565557075
174,0,0.07870357609762803
116,0,0.09572271943405963
209,0,0.2386215380047576
85,0,0.00055005500550055
212,0,0.059560673305984
68,1,0.4362322044106152
14,1,0.7217285966066455
124,1,0.5883223293709228
94,0,0.2775102590328016
65,0,0.004182606928602352
68,0,0.009774449392859675
152,0,0.16608713194764235
44,0,0.06507755814373706
189,0,0.013705208861490376
29,0,0.07641406753628305
97,0,0.001450955906401451
207,0,0.005494942886607602
71,0,0.4227006911217437
125,0,0.10742615282540292
11,0,0.044210217904714307
10,0,0.061573860504336435
42,0,0.005083507829503253
127,0,0.003908419697893383
24,0,0.24857219857662538
29,1,0.5682661879259979
190,0,0.004182606928602352
164,1,0.6513435378401254
10,0,0.014843259556209248
11,1,0.5918964776190713
38,0,0.13868326520500432
75,0,0.34718320024298527
107,0,0.017692391318353522
156,0,0.2947084524130846
85,0,0.02305002625378738
7,1,0.08479936422725876
103,0,0.02305002625378738
81,0,0.06653426392831585
125,0,0.04994405287088214
68,0,0.07359604032768424
62,0,0.3287340394717271
14,0,0.5132973478070698
185,0,0.020373228950139516
169,0,0.10688239346118959
120,0,0.05489536430993506
189,1,0.5669152210588674
33,0,0.027521053845601152
163,0,0.03436600898720396
72,0,0.0011750881316098707
210,1,0.6711490197145729
112,0,0.4503846153846154
225,0,0.06057674387043511
50,0,0.21028786028786026
18,0,0.22611004869036755
103,1,0.5883223293709228
126,0,0.1128146130476924
73,1,0.5475490813427928
153,0,0.1418984084638157
55,0,0.23817335851666252
176,0,0.09079859934506762
184,1,0.6440492717121306
55,0,0.390146831575
21,0,0.0013123359580052493
106,0,0.028845442501961017
42,0,0.10064778967922465
25,0,0.001725143137110421
28,1,0.7217285966066455
141,0,0.016759230414610984
33,0,0.001725143137110421
221,0,0.002626044038011322
102,0,0.016759230414610984
136,0,0.19504637760345522
152,0,0.015081044946495878
83,1,0.6673395593869732
74,0,0.036069322711036515
111,1,0.7144932844932845
84,1,0.5883223293709228
135,0,0.3463370505352563
88,0,0.009732017782485575
107,1,0.6322045694355594
221,0,0.16859404086618465
187,0,0.0579598619688079
173,0,0.6551441589449506
90,0,0.06331430385581202
207,0,0.00303747909511567
74,1,0.6526203564884224
207,0,0.0047593175222908745
148,0,0.014843259556209248
28,0,0.018212258751675373
118,0,0.015024201786129213
57,1,0.5990744688964695
113,0,0.013502909274339815
107,0,0.09463407756413246
170,0,0.33206365220483264
189,0,0.4473375938898097
84,0,0.1732884808815538
222,0,0.20389560885913152
216,0,0.42787286325610746
13,0,0.04469736523887341
37,0,0.021033354150995224
45,0,0.001725143137110421
99,0,0.005660218423191776
96,1,0.6030415322694734
11,1,0.31443580779015146
74,1,0.23146822435359984
56,1,0.42430603958533863
60,1,0.19503724521612795
55,0,0.05174878274191035
191,0,0.1408781753745486
62,0,0.05972424184911194
112,0,0.015600912379817733
179,0,0.23275369863473774
24,0,0.14849060372368306
164,0,0.2874115705252258
218,0,0.005494942886607602
34,0,0.01104471800401354
81,1,0.33618171325811147
32,0,0.015024201786129213
118,0,0.012162962975256743
81,0,0.10688239346118959
40,0,0.03593893380597863
2,0,0.07108192154305461
197,0,0.03786535624706249
164,1,0.5915885479463066
4,0,0.45880098908028816
118,0,0.08228988361316411
100,0,0.001725143137110421
46,1,0.38491729744883657
9,0,0.2104586265071402
83,1,0.38597513597513594
202,0,0.16046809267314058
27,0,0.16623312275486188
188,0,0.26297266419217635
160,0,0.31188659646936695
32,0,0.012808623778040129
65,0,0.003908419697893383
137,0,0.010308728376174097
115,0,0.392017508235188
41,0,0.035585272013509535
139,0,0.001725143137110421
58,1,0.5380498291115351
183,0,0.23718380385047053
22,0,0.015600912379817733
7,0,0.04187606785268593
60,0,0.10929223034486191
176,1,0.5985345357655257
130,0,0.2898465839317748
86,0,0.126359887648555
167,0,0.6242611794335933
144,0,0.229114027887891
203,0,0.012808623778040129
76,0,0.13221727067814956
176,0,0.3953365696046327
187,1,0.5653354170867783
44,1,0.7089699759169902
167,0,0.005083507829503253
191,1,0.26889253144960906
122,0,0.023926343997163247
31,0,0.17276673633130277
94,0,0.05423524020338975
102,1,0.42098697821589387
112,0,0.05489536430993506
15,0,0.004182606928602352
170,0,0.061332172968632116
144,0,0.23919834376646124
63,0,0.03759122538478695
94,0,0.016759230414610984
30,0,0.29243789246498914
215,1,0.2996001837894721
42,0,0.24927882709791013
174,0,0.14575798251669023
112,0,0.008356181697480071
158,0,0.028408488929323225
215,0,0.01221980613562341
45,0,0.12707325727920693
39,0,0.08768089372042466
29,0,0.00055005500550055
1,0,0.1447028757991755
44,0,0.11970919994227928
227,0,0.001725143137110421
30,0,0.37082225766436294
73,0,0.016759230414610984
20,0,0.09145609365684514
51,0,0.40783194369365683
210,0,0.06943656344093464
172,1,0.554652295700889
132,0,0.43108264817777425
56,0,0.012808623778040129
132,0,0.010308728376174097
16,0,0.40474552394057034
148,0,0.19504637760345522
30,0,0.015600912379817733
106,1,0.4276763319181278
52,0,0.012926198680651294
184,0,0.1128146130476924
9,1,0.5734139854523687
39,0,0.032792983411731924
26,0,0.36394447281675096
111,0,0.047234530528221776
77,0,0.05653136081270638
30,0,0.1694571270727638
24,0,0.015600912379817733
54,0,0.001725143137110421
27,0,0.06601503768828834
113,0,0.0
123,0,0.230377760680791
86,1,0.7089699759169902
37,0,0.06057674387043511
209,0,0.20800957568373116
11,0,0.0
182,0,0.22175566218829243
31,0,0.22347327104523962
175,0,0.5131702818868594
39,0,0.12972909629450355
91,0,0.3117695808712288
141,0,0.04094373468904538
191,0,0.22111834265626365
75,0,0.008356181697480071
207,1,0.5410866835281841
45,0,0.020373228950139516
118,0,0.3429424805571595
37,0,0.15168158994398073
108,0,0.001725143137110421
122,0,0.006870778971613106
21,0,0.1438934792605241
135,0,0.3526953211668438
167,0,0.2688971141383654
24,1,0.2730669265756985
22,1,0.38164832577420604
119,0,0.020019689984668913
163,1,0.3914144465174032
24,0,0.018857533833813677
173,0,0.6574051188275326
72,0,0.3279149441326239
183,0,0.29372219723096915
217,0,0.3324003425889221
56,0,0.034911004676243265
216,0,0.0
191,0,0.29198650202098864
29,0,0.24342147129947822
141,0,0.025111385225017314
125,0,0.10642315519025043
219,0,0.024289675291266393
232,0,0.009732017782485575
35,1,0.7089699759169902
24,0,0.045770384850811176
53,1,0.4706065176653412
136,1,0.5773732738709519
100,0,0.3375481624909542
120,1,0.1798490912420847
56,0,0.1128146130476924
11,0,0.41993322438017705
73,1,0.6965025965530591
47,0,0.00055005500550055
121,0,0.047234530528221776
181,0,0.12251366727763906
119,0,0.08576535249699642
108,0,0.05489536430993506
49,0,0.20800957568373116
45,1,0.6852090345250947
12,0,0.021314997625305605
150,0,0.05319205058610251
8,0,0.027849228276874863
171,0,0.11665425887589702
144,0,0.2533445516950179
134,0,0.0009009009009009009
37,0,0.003908419697893383
188,0,0.0068185364579850275
142,1,0.6878381253634803
134,1,0.5410866835281841
77,0,0.020019689984668913
32,0,0.007944746640375722
93,0,0.04783358791056667
30,0,0.021314997625305605
81,0,0.15941607885937284
31,0,0.08967983444380623
10,0,0.001450955906401451
86,0,0.053920014440848735
82,1,0.7104350345786811
89,0,0.02566137262564502
128,0,0.02149738668948879
124,0,0.2827216894564351
188,0,0.15341231924943435
216,0,0.015024201786129213
88,0,0.6225532118429234
138,0,0.04299035130901558
120,1,0.3659067264601719
43,0,0.477336016809701
205,0,0.010308728376174097
100,1,0.5693714985994398
18,0,0.056931953247334334
93,1,0.532515627253333
86,0,0.01396694181283338
81,0,0.017158451173796444
122,0,0.004413315180121173
21,0,0.009370674373479137
92,0,0.001450955906401451
78,0,0.008356181697480071
118,0,0.3314071726554766
37,0,0.05489536430993506
52,0,0.05031956870127494
20,0,0.005660218423191776
142,1,0.6798069387509043
66,0,0.0032382270485113024
101,0,0.0
5,0,0.07855028344801049
230,1,0.648399110468076
94,0,0.012920074748031737
145,0,0.6144224106434177
214,0,0.016759230414610984
14,0,0.05319205058610251
138,1,0.6976764138890258
5,0,0.34577191371449745
26,0,0.4456122238574676
60,0,0.128855296460747
186,0,0.2463385330685072
22,0,0.0
49,0,0.02472903946200447
126,0,0.012231913184351606
66,0,0.06620608949704214
14,0,0.00055005500550055
202,0,0.02566137262564502
150,1,0.7093469655595775
33,0,0.019325404488369224
104,0,0.3618937072461077
173,0,0.16664617024329254
47,1,0.3824509432030972
128,0,0.050326710865480434
119,0,0.0
45,1,0.738883019244939
128,0,0.000190451305347074
178,0,0.06051339248079799
130,0,0.04451880908727112
90,0,0.06025382698547091
232,1,0.25826752962822225
120,1,0.48886636904345715
193,1,0.35700167108445985
42,0,0.18731718040192466
128,0,0.2869707172737476
103,0,0.0
135,1,0.47854875721117757
175,1,0.44165637872685437
161,1,0.4039622049916248
36,0,0.021891708218994128
190,0,0.20027228278512113
129,0,0.026669718004013538
147,1,0.05538240437726178
103,0,0.03593893380597863
217,0,0.15404468471770436
74,0,0.11730013424317677
70,1,0.5812191150128264
51,0,0.04738004789814359
207,0,0.13783229250006893
200,0,0.403790088753339
20,0,0.2433919591897876
199,0,0.4568607236663517
154,0,0.047234530528221776
65,1,0.5337549161078573
54,0,0.1591981045438127
64,0,0.22734892292648068
103,0,0.2455033120728981
229,1,0.49850231212871715
102,0,0.005494942886607602
115,0,0.04403913175843
109,0,0.03442695397871628
31,0,0.47460232355139326
111,0,0.4820028877887789
183,0,0.5297878527348533
107,0,0.05523866720607271
5,1,0.4984940688766433
83,1,0.477336016809701
58,1,0.35355202371379474
65,1,0.3769827643819308
131,0,0.1950782731270536
20,0,0.04334597807894309
203,1,0.5515410515410516
4,0,0.00589871790598814
130,0,0.005083507829503253
133,0,0.012231913184351606
39,0,0.004182606928602352
16,1,0.6008567984707128
45,0,0.012231913184351606
217,0,0.010308728376174097
134,0,0.008098629220741432
60,0,0.3710749455682352
225,0,0.07887076560240952
141,0,0.005487282848883792
108,0,0.08193526326128237
7,0,0.012808623778040129
125,0,0.012392872903485126
46,0,0.005083507829503253
116,0,0.00055005500550055
86,0,0.2516764207616116
215,1,0.529149107101239
194,1,0.5968512915889974
33,1,0.7416531165311654
9,0,0.002626044038011322
178,1,0.6815430498620154
0,0,0.07790477733267186
80,0,0.002626044038011322
68,0,0.009947384967167659
55,0,0.13613337838209444
52,0,0.3978121551650964
72,1,0.6137683679120144
217,1,0.7206405275875419
24,0,0.021891708218994128
98,0,0.09673081893157041
8,0,0.001450955906401451
65,0,0.11186904296534265
180,0,0.001725143137110421
35,0,0.006071653480296125
108,0,0.25713447968173436
26,0,0.001725143137110421
212,1,0.7217285966066455
99,0,0.11792968847119663
46,0,0.2514449259073275
103,0,0.3058130873706398
126,0,0.0
23,0,0.007607496078286892
106,0,0.00055005500550055
87,0,0.3079015878264976
168,1,0.6534280519540135
121,1,0.25926485494386725
92,0,0.008932892291168594
119,0,0.30693000559242595
223,0,0.05024056497352999
24,1,0.4166766333883077
48,0,0.012926198680651294
123,0,0.0062724014336917565
78,0,0.0
111,1,0.7217285966066455
219,0,0.13180422318971888
24,0,0.006870778971613106
54,1,0.22198416984805244
110,1,0.47919364586031254
9,0,0.007571550044668324
76,1,0.3493457804511806
1,0,0.22859293283966328
101,1,0.26580889720740924
83,0,0.3155772378567449
205,0,0.17198517555892476
63,0,0.5018188881825245
176,0,0.09508567531875466
170,0,0.09786037574443603
203,0,0.09532321045508767
183,1,0.6421344899260492
26,1,0.30825078307344184
191,0,0.08230391399783853
124,0,0.00303747909511567
186,0,0.31785723076165745
127,0,0.012808623778040129
32,1,0.4237215967226485
18,0,0.16615470072522034
127,1,0.19717094269835903
190,0,0.22546239251044742
57,0,0.14173818544952566
132,0,0.016114255646197454
104,1,0.35210527084459114
217,0,0.33893661586378493
66,0,0.035585272013509535
62,0,0.621871716293623
204,0,0.0047593175222908745
172,1,0.2485949722791828
65,0,0.041750702271536565
5,0,0.0
232,0,0.008932892291168594
50,0,0.07159709960430269
20,0,0.012231913184351606
97,0,0.3972665746763913
84,0,0.03463869931130504
143,0,0.07359604032768424
153,1,0.7333991482771971
138,0,0.008356181697480071
124,1,0.6385603416779005
69,0,0.06057674387043511
209,0,0.24306378475851384
82,0,0.028408488929323225
161,0,0.05428594803125872
27,0,0.12520748172922083
176,0,0.23554560781775158
142,0,0.028845442501961017
53,0,0.018453758814433136
40,0,0.44263906366948785
223,0,0.018212258751675373
66,0,0.0
31,1,0.6854486622235102
53,0,0.01763554815798685
103,0,0.43832668537289576
81,0,0.001450955906401451
205,0,0.18500533863465007
98,0,0.1157204290735969
83,0,0.002626044038011322
92,0,0.035585272013509535
83,0,0.008356181697480071
195,0,0.00055005500550055
111,0,0.32165271721256405
71,1,0.5652096611494158
138,0,0.12371603527526541
29,0,0.010987874843646871
168,0,0.07645228034253257
115,0,0.08484107928718689
103,0,0.00055005500550055
122,0,0.09673081893157041
50,0,0.08193526326128237
202,0,0.015600912379817733
200,0,0.008932892291168594
66,0,0.0585093628454636
59,1,0.2380465581877386
93,0,0.14580224783571702
106,0,0.08788554440728354
229,1,0.5007733229463297
26,1,0.5652096611494158
55,0,0.388874171790024
168,0,0.04738004789814359
138,1,0.25644142837044065
119,0,0.24180258061707494
199,0,0.015024201786129213
134,0,0.021033354150995224
75,0,0.07036974214738069
204,0,0.015024201786129213
27,0,0.015024201786129213
4,0,0.047234530528221776
84,0,0.010641670463467345
49,0,0.4077802108105139
68,0,0.0658514691451604
133,0,0.08193526326128237
10,0,0.054555872422917255
31,1,0.5089491405280878
17,1,0.4018139160325391
65,0,0.15399343171125532
113,0,0.034911004676243265
4,1,0.5172996914922752
17,0,0.6093055555555555
14,1,0.6291416135419685
157,0,0.2595944893954191
32,0,0.5843552659979188
61,0,0.005083507829503253
0,0,0.005494942886607602
102,0,0.004182606928602352
198,1,0.6250619299399788
26,0,0.233468286099865
171,1,0.6767582875229051
97,0,0.017272573680990708
102,1,0.6852090345250947
3,0,0.07458390411802672
111,0,0.19268587050495353
26,0,0.02927537116117355
1,0,0.021891708218994128
38,0,0.007944746640375722
189,0,0.016463337167824003
140,0,0.1029274925962796
19,0,0.14949062126825982
39,0,0.15729254510638893
4,0,0.001725143137110421
89,1,0.24867399867399867
136,0,0.33402044321825386
5,0,0.06017583960373413
64,0,0.12053726930436455
146,0,0.009732017782485575
75,0,0.02566137262564502
197,0,0.6576722128446266
203,0,0.00055005500550055
25,1,0.6677742763772175
200,0,0.01407429459673329
118,0,0.29294567217579065
123,0,0.00055005500550055
5,0,0.00970549918376481
127,0,0.06057674387043511
20,0,0.045490066388214456
35,1,0.2804648991880678
197,0,0.008605807600094878
54,0,0.028408488929323225
95,0,0.12251366727763906
31,0,0.22638299005508897
204,0,0.3002572086097198
71,0,0.2816621405730317
136,0,0.42239962364730205
13,0,0.05654072241205504
42,1,0.5003354159157355
20,0,0.004182606928602352
137,0,0.001450955906401451
30,0,0.05489536430993506
2,1,0.37625239912876585
133,0,0.02566137262564502
186,0,0.02305002625378738
6,1,0.31607746981594714
165,0,0.0
51,0,0.05319205058610251
36,0,0.03632233122036644
45,0,0.13730250497666044
63,1,0.3491843184334161
81,1,0.45645317585109885
18,0,0.012920074748031737
69,0,0.001725143137110421
50,0,0.012231913184351606
165,0,0.002626044038011322
69,1,0.572063144236151
171,0,0.3768874088333745
144,1,0.5408688952518946
114,1,0.64701108868009
115,0,0.026435251006451648
49,1,0.5410866835281841
209,0,0.015600912379817733
38,0,0.4621417007679274
211,1,0.5730313471658758
89,0,0.14701502895553262
36,0,0.009358821186778176
167,0,0.2435595376447285
2,0,0.2902350141305965
226,0,0.38374680164645686
180,0,0.036662105259689694
26,0,0.015600912379817733
138,0,0.26598635567506396
200,1,0.7319005763224831
116,0,0.08479936422725876
187,0,0.18806896967504672
78,1,0.5864256593726599
213,0,0.34430316770434866
205,0,0.03262154484719665
140,0,0.00055005500550055
167,0,0.37636376278428846
6,0,0.035278964202440206
140,0,0.13500382156922883
10,0,0.22484638406582536
118,0,0.3161928751583259
212,1,0.551048951048951
69,0,0.1716969845283737
85,1,0.5773732738709519
41,1,0.73640522875817
159,0,0.21098900546260832
146,0,0.16949611336555634
211,0,0.616920116920117
15,0,0.17832814600230149
50,0,0.3091242729989533
67,0,0.0
77,0,0.001725143137110421
109,0,0.2082090159091202
137,1,0.39373831392007136
139,0,0.006870778971613106
110,1,0.6474384015820479
178,0,0.05149365942948111
24,0,0.3518066894578739
144,1,0.23691166441222522
95,0,0.582930628909975
174,1,0.6048001999259268
166,0,0.4421008826685941
94,1,0.616943944034591
122,1,0.13975601939546795
117,1,0.4236517218973359
146,0,0.42012995803438474
59,0,0.40783194369365683
26,0,0.21488162492529306
167,1,0.2808427143816408
124,0,0.0
174,0,0.2140128128042936
46,0,0.00055005500550055
27,0,0.3136752434070415
7,0,0.01396694181283338
172,0,0.14849060372368306
112,1,0.7333991482771971
17,0,0.13240680960756107
224,0,0.15399343171125532
42,0,0.28493952767089137
78,0,0.3054198780450057
152,0,0.016759230414610984
187,1,0.5992229762740319
53,0,0.06057674387043511
150,0,0.001450955906401451
63,0,0.0030075187969924814
189,0,0.5297878527348533
1,0,0.014661227309133065
54,0,0.19041903614197211
136,0,0.009732017782485575
216,0,0.005083507829503253
213,0,0.0
192,0,0.006870778971613106
141,0,0.0805161237045295
4,0,0.018212258751675373
8,0,0.05492952569968943
13,0,0.20060778727445394
55,0,0.017158451173796444
102,0,0.08656477902219288
67,1,0.7089699759169902
24,0,0.08936904066519148
15,0,0.0209076908726698
101,1,0.6409498048178708
84,0,0.04189645386385937
180,0,0.20635238378189943
62,0,0.4580809663046505
186,0,0.019370576786468627
194,1,0.47117237874964957
159,1,0.2920325824105893
191,0,0.001725143137110421
50,0,0.007406274508084151
81,0,0.001725143137110421
13,0,0.0030075187969924814
40,1,0.593871110130214
84,0,0.29533782709272954
33,0,0.0
138,0,0.23718380385047053
174,1,0.6650877358523535
14,0,0.01396694181283338
114,0,0.07666053798655709
157,0,0.001725143137110421
44,0,0.04334597807894309
139,1,0.6010776740246747
113,0,0.0
160,0,0.3311158353459538
49,0,0.1352753509388103
116,0,0.03433429408255474
54,0,0.011282005994955685
231,0,0.036826934693979525
119,0,0.022055786788751797
194,0,0.36973728414970103
126,0,0.015024201786129213
70,0,0.00853041105215494
80,0,0.2468660336572548
169,1,0.5337549161078573
123,0,0.02313135725647314
16,0,0.005083507829503253
148,1,0.5535469850274474
193,0,0.047234530528221776
68,0,0.02255464666278462
85,0,0.007607496078286892
29,1,0.6078325916215316
111,0,0.20727665699170897
87,0,0.016759230414610984
84,0,0.0878927833191631
166,0,0.01407429459673329
178,0,0.004182606928602352
45,0,0.4463220240273656
32,0,0.36722411980543596
45,0,0.007447489565301627
199,0,0.012808623778040129
124,0,0.009774449392859675
219,0,0.4738006632743475
29,0,0.028408488929323225
27,0,0.0030075187969924814
182,0,0.15141661909077456
8,1,0.7093469655595775
24,0,0.027903673826794928
183,0,0.00303747909511567
75,1,0.49850231212871715
115,0,0.012739673568945264
135,0,0.009947384967167659
62,0,0.04895823026322777
61,0,0.007043845739474822
159,0,0.010308728376174097
151,0,0.021314997625305605
91,1,0.5352682724412792
218,0,0.002626044038011322
216,0,0.0878927833191631
28,1,0.45699786324786323
112,0,0.07274605603974728
37,1,0.5539160991214515
144,0,0.0069132105819872045
124,0,0.009679775268857497
158,1,0.661737567987568
97,1,0.5198601899543206
34,0,0.12289777640286625
44,0,0.38792288319741064
67,0,0.11970919994227928
92,0,0.0
106,0,0.34114082798293327
192,0,0.05319205058610251
207,0,0.1981403767564601
111,0,0.009732017782485575
160,0,0.001725143137110421
23,0,0.00453737565948787
77,0,0.0030075187969924814
7,1,0.5410866835281841
173,0,0.029806379019710092
22,1,0.40619610741561957
66,0,0.03545990643236017
57,0,0.31155700690940735
179,1,0.5613070075661115
140,0,0.05641726698368551
29,0,0.0514475864460952
136,0,0.004948810716592218
101,1,0.4948260556738191
139,0,0.11389930347212555
39,0,0.04702542754626184
125,0,0.11346357424139136
73,1,0.6311448186701737
63,0,0.001450955906401451
197,0,0.24963439652016992
78,0,0.02305002625378738
13,0,0.2195119228059097
174,0,0.31262633276242496
118,1,0.4224178326923602
119,0,0.00055005500550055
201,0,0.057716661696122544
52,0,0.18128812948830508
52,1,0.4906904534632391
35,0,0.10654457824755387
137,0,0.07274605603974728
136,0,0.3234036269123988
165,0,0.04512167026144236
179,0,0.0949545597185315
120,0,0.00055005500550055
85,0,0.11032918572913329
56,0,0.011132803605921886
99,0,0.040717749817892675
131,0,0.02314700673109445
118,0,0.0032382270485113024
202,0,0.36609991315873663
130,0,0.08699754351928264
13,1,0.49475125450973145
141,0,0.6409498048178708
12,0,0.02942215309564954
163,0,0.017158451173796444
99,0,0.007043845739474822
39,0,0.018857533833813677
126,0,0.015024201786129213
86,1,0.6282375060625555
111,0,0.009370674373479137
127,0,0.3670308925698375
72,1,0.6965025965530591
189,1,0.5245526439164014
150,0,0.045490066388214456
98,0,0.3146847214291541
135,0,0.5553407362093951
88,0,0.045490066388214456
189,0,0.3231342883418032
134,0,0.007229971515089376
214,1,0.7236466080685148
24,0,0.20842262317216184
40,1,0.31217135800222734
185,0,0.07633762110159288
101,0,0.2595944893954191
93,0,0.03545990643236017
191,0,0.001725143137110421
212,0,0.05528306466516004
47,0,0.43779053784100785
168,0,0.008932892291168594
50,0,0.3104435443544355
32,0,0.01657828818469102
17,0,0.010641670463467345
190,1,0.5339724834552421
99,0,0.008932892291168594
107,0,0.29084010205144223
97,1,0.7089699759169902
104,0,0.14686734666442136
17,0,0.021953815080821944
125,1,0.5652096611494158
93,0,0.12641576296742943
111,0,0.1503128901060686
130,0,0.006870778971613106
137,1,0.6081448536169618
33,0,0.004182606928602352
38,1,0.6207515851123925
125,0,0.08484107928718689
55,1,0.27599310785823866
148,0,0.0
57,0,0.07666053798655709
111,1,0.6048001999259268
138,0,0.1157204290735969
140,1,0.6600014568764568
30,0,0.0
117,1,0.6187548598034532
112,1,0.5481572131572131
30,0,0.012231913184351606
184,0,0.07069447612549945
30,0,0.0
45,0,0.18059084725751395
65,0,0.006870778971613106
64,0,0.10688239346118959
225,0,0.0
150,1,0.5693714985994398
87,0,0.08552035755705661
115,0,0.014661227309133065
15,0,0.0
23,0,0.009947384967167659
13,0,0.22111834265626365
146,0,0.3291557596045869
19,0,0.0
131,0,0.005083507829503253
97,0,0.39346122112211224
105,0,0.010091210325961846
43,0,0.001450955906401451
51,0,0.40783194369365683
49,1,0.34752426006792825
221,0,0.011544238663026235
142,0,0.12251366727763906
12,1,0.6322045694355594
112,0,0.011564585437335392
203,0,0.23999814350691542
50,0,0.09412652646782539
121,0,0.4817779686200739
109,1,0.3692252379958667
95,0,0.0
161,0,0.001725143137110421
169,0,0.010308728376174097
95,0,0.1722274812162453
75,0,0.10742615282540292
143,0,0.4225043013460066
17,1,0.22381939048605715
143,1,0.6385603416779005
94,0,0.23248514851673988
165,0,0.001725143137110421
60,0,0.0
168,0,0.1204582429095487
130,0,0.02600824554196692
94,0,0.002626044038011322
184,0,0.2840304232443447
73,0,0.40004441554894116
14,0,0.3351356905353457
60,0,0.005083507829503253
132,0,0.38237675084827355
166,0,0.3398281553958668
126,1,0.6587319636100124
11,0,0.017511990139267047
113,0,0.18184068851613247
142,0,0.007944746640375722
0,0,0.48652234088609836
119,1,0.5068012609449073
93,0,0.5027624950310573
9,0,0.6265202752159275
129,0,0.42623604465709725
14,0,0.15555494207777346
83,0,0.015600912379817733
150,1,0.60213028888165
231,1,0.5038327246880454
39,0,0.033706366147664486
77,0,0.07917482819155078
206,0,0.007447489565301627
135,0,0.3113565333827982
135,0,0.08491365059266294
41,0,0.03511941552164059
56,0,0.5136622636622636
117,0,0.0514475864460952
208,1,0.5136622636622636
15,1,0.6680413703943117
26,0,0.058140966718691504
95,0,0.020373228950139516
1,0,0.3244414369494504
12,0,0.07467438631084546
153,0,0.29118849384938494
85,0,0.17832814600230149
217,0,0.021891708218994128
185,0,0.02439729683555779
37,0,0.07887076560240952
176,0,0.010091210325961846
163,0,0.062300443605441104
125,0,0.002626044038011322
213,0,0.43229767170322875
95,0,0.00055005500550055
56,0,0.03545990643236017
101,1,0.5486258380995223
74,1,0.6870826491516148
65,1,0.529149107101239
143,0,0.021314997625305605
56,0,0.027479550385705778
175,0,0.20418380553313087
53,1,0.4809117725869581
188,0,0.06620608949704214
162,0,0.012739673568945264
183,0,0.013897991603738516
93,0,0.012808623778040129
18,1,0.11101905867740569
36,0,0.03232895087323836
194,0,0.4897455239405704
162,0,0.005083507829503253
60,0,0.3095830403324958
12,0,0.17067981224521947
183,0,0.009732017782485575
142,0,0.0
123,0,0.036945640454412385
121,0,0.02472903946200447
72,0,0.00055005500550055
124,0,0.017272573680990708
9,0,0.0047593175222908745
162,0,0.03807125280421781
40,0,0.08967983444380623
111,0,0.08775442880706037
115,0,0.021891708218994128
84,0,0.040202571756644594
84,0,0.1576598827205483
181,0,0.012808623778040129
93,0,0.054555872422917255
1,0,0.08741071059911638
23,0,0.17763594852635947
28,0,0.06983567115895166
11,0,0.001450955906401451
41,0,0.00055005500550055
70,1,0.34484938698421846
81,1,0.3713735269549525
197,0,0.03320808390016405
47,1,0.3908631772268136
19,0,0.005083507829503253
33,0,0.001450955906401451
89,1,0.6008567984707128
153,0,0.2589672341453648
63,0,0.0949545597185315
9,0,0.02566137262564502
42,0,0.03868066908289416
216,1,0.631226309921962
187,1,0.6175218775376776
224,0,0.005660218423191776
54,0,0.001725143137110421
86,0,0.012553002084943893
158,0,0.225951534940299
7,0,0.2831473365529093
108,1,0.08550753316588018
71,0,0.04094373468904538
118,1,0.39346181778907613
151,0,0.02774385025302552
11,0,0.012231913184351606
149,0,0.13979982939138738
166,1,0.26935778236914604
139,0,0.010064959869778824
168,0,0.035585272013509535
151,0,0.011467046410967347
167,0,0.17627307298340777
40,0,0.001725143137110421
72,0,0.03807125280421781
32,0,0.40783194369365683
33,1,0.551048951048951
78,0,0.21194906365939847
77,1,0.5652096611494158
15,0,0.07616641080827966
203,0,0.02666402478931591
121,0,0.0
128,0,0.0
18,0,0.02566137262564502
114,0,0.0611418278734718
20,0,0.016759230414610984
75,0,0.034911004676243265
81,1,0.6534280519540135
43,0,0.6429755892255892
154,1,0.5007733229463297
8,0,0.07359604032768424
106,0,0.56091795986129
203,0,0.6144224106434177
194,0,0.21025817819658318
29,0,0.035278964202440206
9,0,0.07359604032768424
90,1,0.6144224106434177
123,0,0.0
217,0,0.3972665746763913
128,0,0.3749644785450412
16,1,0.6452822539779062
114,1,0.7947346770876184
12,0,0.15399343171125532
14,0,0.03419446966597132
167,0,0.41159890873285176
23,0,0.5336075753277294
138,0,0.001725143137110421
104,1,0.6934806955496611
8,1,0.32187901547156755
90,0,0.10848671020174978
28,0,0.05523866720607271
148,1,0.6952012024321924
176,0,0.21403598774548172
71,0,0.06927584470222449
117,0,0.07359604032768424
44,0,0.31180043473783653
92,1,0.601863194864556
16,0,0.007982985101772673
35,0,0.03336190332688225
49,0,0.004182606928602352
51,0,0.02727251768318634
148,0,0.22479778629203917
0,1,0.7221055862492327
71,0,0.09463407756413246
137,0,0.07359604032768424
191,0,0.00055005500550055
125,0,0.00055005500550055
171,1,0.5883223293709228
6,0,0.14489465724033626
190,0,0.021314997625305605
14,0,0.01903046940812166
124,1,0.30247958401560276
146,1,0.4798523723135697
48,0,0.24679620559770374
163,0,0.3580021295418356
230,1,0.4653643029277547
185,1,0.5008443774826133
34,0,0.594349946875302
137,0,0.006870778971613106
219,0,0.04895823026322777
46,0,0.0
125,0,0.23002636877702357
4,0,0.3333116797189842
138,0,0.005660218423191776
155,0,0.06653426392831585
120,0,0.4236517218973359
1,0,0.18901996554170464
35,0,0.0875872393022789
64,1,0.5392353358142832
32,0,0.002626044038011322
103,0,0.021891708218994128
105,0,0.0030075187969924814
209,0,0.14880913918714608
110,1,0.6179965588915665
25,1,0.6200340320724154
83,0,0.19862239586213215
92,0,0.05654072241205504
135,1,0.45076100304920724
132,0,0.01396694181283338
115,0,0.05476999872878569
160,0,0.6148497235453757
144,1,0.6292901209195308
107,0,0.08883921175521792
64,0,0.18059084725751395
106,0,0.15408386446187136
190,1,0.13800007034574938
174,0,0.001450955906401451
81,0,0.5455996183844285
12,0,0.006870778971613106
126,1,0.44249029646047605
46,0,0.0510791903193231
20,0,0.3735683474639298
134,0,0.07354548256494375
115,0,0.17832814600230149
41,0,0.00303747909511567
117,1,0.5190722242099755
87,1,0.5942241909379394
153,0,0.1128146130476924
30,0,0.008932892291168594
210,0,0.01758094034836191
177,0,0.012702556697819486
148,0,0.3337071438791681
146,0,0.1281889873566341
6,0,0.20639722329456722
142,0,0.11938313172881075
139,0,0.007944746640375722
232,0,0.010091210325961846
114,0,0.011467046410967347
25,0,0.00055005500550055
90,0,0.0009009009009009009
203,1,0.29022181028511773
94,0,0.015996295022941205
94,1,0.41898193578756376
146,1,0.5810914559695047
80,0,0.036069322711036515
10,0,0.38770716340760175
102,0,0.005494942886607602
135,0,0.1411429780417813
79,0,0.029296489817324117
32,0,0.005494942886607602
166,0,0.046842682932722514
5,0,0.19501452653626564
149,1,0.4277251710963214
123,0,0.3287340394717271
52,1,0.24626030245567213
62,0,0.0949545597185315
122,0,0.07870357609762803
26,0,0.038151446087267775
65,0,0.02313135725647314
222,0,0.6409498048178708
92,0,0.033706366147664486
119,0,0.003908419697893383
157,1,0.5885398967183075
10,0,0.008932892291168594
53,0,0.04853263511216895
97,0,0.3665626922794778
34,0,0.03175224027954984
50,0,0.5018709976111227
104,0,0.015809323225215065
205,0,0.05928783871573324
0,0,0.3974215828832572
32,1,0.6250619299399788
150,1,0.1381636388888773
186,0,0.06015472094758357
94,0,0.06653426392831585
62,0,0.39090805462093164
193,0,0.42245924153818887
56,0,0.015024201786129213
121,0,0.05051074809483826
143,0,0.04187606785268593
159,0,0.17362728771425584
36,0,0.028408488929323225
108,0,0.17832814600230149
186,0,0.1642776415503688
108,0,0.0325986676214877
109,0,0.0
102,0,0.061163076196927256
96,0,0.2951873655164526
42,0,0.0585093628454636
46,0,0.002626044038011322
49,0,0.09146505322376093
24,0,0.007406274508084151
43,0,0.02380278597844344
140,0,0.001725143137110421
75,0,0.004586381947982891
173,1,0.5007733229463297
120,0,0.036069322711036515
44,0,0.0
107,0,0.03433429408255474
99,0,0.2869707172737476
53,0,0.14880913918714608
164,0,0.09047042491379391
62,1,0.2917819266456832
0,0,0.00055005500550055
206,1,0.6322045694355594
65,0,0.5446606813385787
82,0,0.008778874367956595
196,0,0.08484107928718689
101,0,0.023926343997163247
80,1,0.5730313471658758
54,0,0.028408488929323225
188,0,0.021891708218994128
18,0,0.0
40,0,0.007944746640375722
63,0,0.04704857948987783
85,0,0.016759230414610984
40,0,0.1163868829522902
82,0,0.10795293526139778
110,1,0.5769984105388798
73,0,0.06620608949704214
50,0,0.15399343171125532
75,0,0.009370674373479137
116,0,0.27960712895724765
183,0,0.5863823915548053
80,0,0.03807125280421781
64,0,0.033087927366534334
173,0,0.001725143137110421
80,0,0.22858643181610364
154,0,0.03593893380597863
34,0,0.005083507829503253
158,1,0.5792067464861247
44,0,0.10770956607859306
107,1,0.5172833773338399
171,0,0.014651005190421812
71,1,0.5734139854523687
168,1,0.4993564964505699
106,0,0.002626044038011322
183,0,0.005660218423191776
46,0,0.0030075187969924814
115,0,0.001450955906401451
36,1,0.4798523723135697
139,1,0.3333116797189842
5,0,0.005487282848883792
30,0,0.005494942886607602
19,0,0.02300569397814772
124,0,0.6242611794335933
170,1,0.6148497235453757
200,0,0.0949545597185315
57,0,0.30183809590911687
37,0,0.13118412443510538
150,0,0.07250106109980747
78,0,0.07575799484623288
87,0,0.012739673568945264
41,1,0.5634369562206848
212,0,0.03593893380597863
116,0,0.07359604032768424
171,0,0.0949545597185315
14,0,0.020373228950139516
133,0,0.012231913184351606
14,1,0.5883223293709228
131,0,0.040717749817892675
146,0,0.002626044038011322
21,0,0.02475555940122869
19,1,0.4405683787135577
51,1,0.64701108868009
144,0,0.00055005500550055
1,1,0.519436631543596
76,0,0.46108822444074593
84,0,0.4675349991139464
53,0,0.009531634092612656
139,0,0.07275541763909595
227,0,0.44054254923820135
36,0,0.1398789091200391
163,0,0.09079859934506762
180,0,0.005494942886607602
68,0,0.007406274508084151
45,1,0.3739461626575029
110,0,0.3877392912480631
204,1,0.2704835673585673
28,0,0.3575890820534049
6,0,0.018212258751675373
116,1,0.48400609291698404
60,0,0.23499004022764747
37,0,0.04014103922420415
93,0,0.047234530528221776
209,0,0.03188978868936791
53,0,0.07359604032768424
215,1,0.594349946875302
12,0,0.012920074748031737
12,1,0.5711055043441408
38,0,0.07963892531793766
34,0,0.034911004676243265
44,0,0.0069132105819872045
95,1,0.30671136653895276
13,0,0.00055005500550055
160,0,0.004413315180121173
152,0,0.05319205058610251
79,1,0.480175810161463
218,0,0.005494942886607602
102,0,0.015419970149897768
88,0,0.14880913918714608
146,1,0.17307347460389785
134,0,0.35211124484260853
153,0,0.06635867178630335
17,0,0.5190722242099755
139,0,0.06015472094758357
46,0,0.015600912379817733
199,0,0.06784272740859448
112,0,0.06653426392831585
209,0,0.021891708218994128
6,0,0.05803957858108674
23,1,0.7159189055464229
104,0,0.013705208861490376
104,0,0.13180422318971888
67,1,0.5299940938621598
50,0,0.01758094034836191
9,0,0.01110570300196091
4,0,0.19591455243629152
200,0,0.23386523521456057
9,0,0.00055005500550055
124,0,0.020373228950139516
181,0,0.44671241518393784
20,0,0.053920014440848735
150,0,0.0611418278734718
38,0,0.008932892291168594
118,0,0.1128146130476924
66,0,0.06927584470222449
200,1,0.6322045694355594
197,0,0.1036254058261573
121,1,0.5308404675918287
14,0,0.0369773553590616
216,0,0.011467046410967347
174,0,0.47919364586031254
97,0,0.1128146130476924
17,0,0.27855202371379467
140,0,0.007043845739474822
88,0,0.41539502350647867
197,0,0.18806896967504672
207,0,0.005660218423191776
199,1,0.529149107101239
142,0,0.5980529432253571
148,0,0.08576535249699642
131,0,0.009732017782485575
198,1,0.4492617457307664
199,0,0.006071653480296125
171,1,0.23092494118515763
73,0,0.005083507829503253
149,0,0.004182606928602352
148,0,0.11665425887589702
32,1,0.6952012024321924
105,0,0.00970549918376481
173,0,0.010987874843646871
100,0,0.12845918607386497
154,1,0.6638855645985359
84,1,0.7217285966066455
219,0,0.032162854333616826
94,0,0.006870778971613106
84,0,0.011544238663026235
170,0,0.5363453818831393
103,0,0.03348038127651179
74,0,0.07591202595053406
68,0,0.10709797839412921
49,0,0.027903673826794928
193,0,0.009732017782485575
75,1,0.49321205110678795
217,0,0.6200340320724154
127,0,0.05333937532905422
86,0,0.06275906399189539
46,0,0.045490066388214456
10,0,0.010064959869778824
103,0,0.005660218423191776
129,0,0.00055005500550055
10,0,0.002626044038011322
149,0,0.0
85,0,0.015419970149897768
13,0,0.040717749817892675
44,0,0.35243324900516165
30,0,0.05641726698368551
168,1,0.6767582875229051
77,0,0.004182606928602352
107,0,0.05319205058610251
129,0,0.13180422318971888
103,0,0.3692580026363436
114,0,0.02666402478931591
87,0,0.113944169860558
177,1,0.7272124675743873
79,1,0.4444110681224083
51,0,0.08934189356048883
194,0,0.013502909274339815
157,0,0.08967983444380623
27,0,0.38848044696068523
177,0,0.015413987033789128
168,0,0.3661799430282274
141,0,0.001450955906401451
6,0,0.07666053798655709
160,0,0.018212258751675373
140,0,0.04015198972385206
198,1,0.6008567984707128
168,0,0.007607496078286892
206,0,0.015419970149897768
113,1,0.6164928040181591
46,0,0.21657907310081223
106,1,0.5642828022298029
7,0,0.011467046410967347
48,0,0.028408488929323225
93,0,0.21959739741648043
85,0,0.031300429545610554
30,0,0.3351356905353457
90,0,0.013897991603738516
57,1,0.55638630144559
226,0,0.006870778971613106
206,0,0.00055005500550055
13,0,0.28106708106708106
152,0,0.0
102,0,0.00055005500550055
0,1,0.6848320448825075
76,0,0.004182606928602352
89,0,0.07887076560240952
166,0,0.010308728376174097
34,1,0.19031342917844526
36,0,0.06057674387043511
110,0,0.004182606928602352
52,0,0.16173893716531695
127,0,0.02942215309564954
87,0,0.1415760886044263
14,0,0.0
140,1,0.4098130930517294
82,0,0.005083507829503253
96,0,0.2463385330685072
103,0,0.11613347656202756
16,0,0.11761125393727305
34,0,0.04783358791056667
44,0,0.001725143137110421
131,0,0.00055005500550055
219,1,0.4306707947396165
84,0,0.0
104,0,0.22440477697361452
209,0,0.5642626135523251
88,0,0.31483953855540664
31,0,0.002626044038011322
11,1,0.7131572131572131
134,0,0.08584826969775794
211,0,0.174359255880995
53,0,0.11831289483463396
32,0,0.0030075187969924814
138,0,0.022984575321997158
169,1,0.6409498048178708
12,0,0.005695690840003234
53,0,0.035278964202440206
7,1,0.22587311291065745
48,0,0.3972665746763913
134,0,0.001725143137110421
72,0,0.012231913184351606
22,0,0.0032382270485113024
40,0,0.015024201786129213
63,0,0.021891708218994128
131,1,0.7333991482771971
27,1,0.6848320448825075
155,0,0.024289675291266393
62,1,0.6311448186701737
156,0,0.022117693090146832
47,0,0.11818813513117765
117,0,0.038053794075299456
107,0,0.04142778538657236
68,1,0.616943944034591
168,0,0.3953365696046327
111,0,0.005083507829503253
187,0,0.08639553405388108
98,0,0.02927537116117355
121,0,0.625438919582566
50,0,0.031300429545610554
62,0,0.012926198680651294
93,0,0.06316961123590957
105,0,0.1418984084638157
38,0,0.06275906399189539
39,1,0.39615190478720574
3,1,0.45420154584519223
133,0,0.4748833010327263
69,0,0.5843552659979188
152,0,0.058604662584123425
220,0,0.035585272013509535
186,0,0.42331378141206577
143,1,0.32555520360398416
136,0,0.053880101694337136
108,1,0.22284515091052692
180,0,0.09079859934506762
29,0,0.012739673568945264
203,0,0.020373228950139516
8,0,0.0
44,0,0.010308728376174097
172,0,0.003908419697893383
51,0,0.04183173557704626
121,0,0.04187606785268593
181,0,0.113944169860558
155,0,0.001450955906401451
3,0,0.07811388031463179
116,0,0.02305002625378738
160,0,0.016759230414610984
113,0,0.10715680544775809
140,0,0.04189645386385937
61,0,0.22801208692297803
69,0,0.04999139427000123
112,0,0.1157204290735969
16,0,0.016759230414610984
13,0,0.015081044946495878
154,0,0.15408386446187136
174,0,0.37983401162433084
169,0,0.594349946875302
106,0,0.00055005500550055
133,1,0.554652295700889
5,0,0.03593893380597863
92,0,0.21627469567280153
182,0,0.00055005500550055
141,1,0.7032547474342706
35,0,0.07285217882032836
78,0,0.23499004022764747
137,0,0.07845858115768821
95,0,0.010308728376174097
38,0,0.01110570300196091
22,1,0.5883223293709228
121,1,0.19152263537515601
153,0,0.2431742193185963
96,0,0.12972909629450355
92,0,0.08261805804443782
115,0,0.4190716348678452
33,0,0.27353734124973045
217,0,0.019256454279274363
120,0,0.001725143137110421
108,0,0.0
59,0,0.0325986676214877
48,0,0.015537545052508933
129,1,0.3897082815980326
214,0,0.11799871367772602
73,0,0.0
6,0,0.0586141006037795
105,0,0.027849228276874863
11,0,0.06620608949704214
19,1,0.26754522191988644
72,1,0.4523701354713447
72,0,0.004182606928602352
143,0,0.005083507829503253
101,0,0.021314997625305605
30,0,0.00055005500550055
66,1,0.4453899976381672
99,1,0.3272605925566553
51,0,0.1235687739951538
13,0,0.005494942886607602
45,1,0.4632594727762888
57,0,0.05428594803125872
72,0,0.16067171308386316
197,0,0.054555872422917255
23,0,0.02305002625378738
30,0,0.17362728771425584
210,1,0.6292901209195308
131,0,0.4771319796954315
38,0,0.19892913413472724
222,0,0.16256292912833636
64,0,0.1235687739951538
39,0,0.19510734482239678
9,0,0.001725143137110421
56,1,0.4820028877887789
98,0,0.1888500827946797
59,1,0.5623157186409978
155,0,0.11938313172881075
112,0,0.07180898920304113
47,0,0.0579598619688079
65,1,0.6207515851123925
63,0,0.012231913184351606
72,0,0.02450305459085177
18,1,0.6409498048178708
16,0,0.002626044038011322
31,0,0.33824114769220054
64,1,0.448902694360883
178,0,0.2376447810567401
45,0,0.004444104963473029
84,0,0.02019228672021955
22,0,0.3056997931637117
198,0,0.038053794075299456
101,0,0.02313135725647314
138,0,0.08484107928718689
150,0,0.0611418278734718
126,0,0.6569528056484578
200,0,0.03472998657391448
86,1,0.6952012024321924
53,0,0.3526876475931863
13,0,0.06358920759541493
172,0,0.13979982939138738
148,1,0.4232542819499341
75,0,0.041750702271536565
11,0,0.07002549107812266
51,0,0.002626044038011322
116,0,0.00303747909511567
96,0,0.38077615943857984
26,1,0.37512816156266293
45,0,0.004413315180121173
77,0,0.049636773918119485
105,0,0.04607552035686593
8,1,0.4978254704217144
98,0,0.26906429371191015
130,0,0.03794234310530784
173,0,0.07275541763909595
63,0,0.02666402478931591
133,0,0.06025382698547091
49,0,0.06753138056221718
203,1,0.5872409737375613
192,0,0.015600912379817733
228,0,0.050126471144509105
149,0,0.25553081421502477
69,0,0.20842262317216184
88,0,0.3034580998230498
48,0,0.012162962975256743
133,0,0.36731428638530733
79,1,0.4225077103996095
105,0,0.1526750832624992
174,0,0.3844532282322782
0,0,0.06057674387043511
180,0,0.002626044038011322
61,0,0.14188738654489275
114,0,0.001725143137110421
170,1,0.398283172395589
19,0,0.128855296460747
32,0,0.29755106318683655
4,0,0.00055005500550055
197,0,0.08484107928718689
58,1,0.46865117323723643
206,0,0.3817261568337609
84,0,0.3075057076199988
34,0,0.26561067982101466
77,0,0.417307494238842
104,0,0.04667526987577342
109,0,0.10955720119806807
224,1,0.24956364107352277
65,1,0.6583046507080544
173,1,0.3854800533410956
175,0,0.148502400914551
224,0,0.29754375797890215
142,0,0.00055005500550055
81,0,0.009370674373479137
105,0,0.4213837312113175
181,0,0.05641726698368551
122,0,0.6232789432789433
153,0,0.0062724014336917565
56,0,0.4748833010327263
208,0,0.04999139427000123
61,0,0.006071653480296125
88,0,0.5642828022298029
102,0,0.09627293388761278
24,0,0.45420154584519223
89,0,0.009358821186778176
112,0,0.15182966657920524
30,0,0.008356181697480071
211,0,0.00055005500550055
18,0,0.00055005500550055
107,0,0.009732017782485575
78,1,0.6735384828545431
24,0,0.036069322711036515
37,0,0.02927537116117355
55,0,0.02149738668948879
122,0,0.036069322711036515
54,0,0.25268729250212923
97,0,0.05428594803125872
63,0,0.2463385330685072
161,0,0.010641670463467345
126,0,0.4547304833682542
142,0,0.23295457330127176
194,1,0.6144224106434177
219,0,0.38668709567585974
120,0,0.22593059280080705
120,0,0.0
97,0,0.03710126744356015
97,0,0.6526203564884224
113,0,0.01758094034836191
25,0,0.2836879849386397
89,0,0.30693000559242595
7,0,0.15399343171125532
126,0,0.0069132105819872045
185,1,0.6650877358523535
101,1,0.6475295881236476
49,0,0.0664552602005709
58,1,0.7297615610325158
184,0,0.06331832464434374
130,0,0.5863823915548053
95,0,0.04808293375368892
35,0,0.5977337852591402
88,0,0.009370674373479137
43,1,0.6137683679120144
211,0,0.013502909274339815
95,0,0.07887076560240952
188,0,0.42826325441267965
130,0,0.04826507658374086
128,0,0.08356123080368673
231,0,0.113944169860558
155,0,0.06331832464434374
96,0,0.06653426392831585
52,0,0.015024201786129213
116,0,0.04089234820353766
5,1,0.553700227773323
73,1,0.5128019546376544
86,0,0.25218155303750805
61,1,0.601863194864556
89,0,0.03723294150169814
157,0,0.009732017782485575
192,0,0.08656477902219288
149,0,0.014651005190421812
205,0,0.00303747909511567
51,1,0.24917152905070405
201,1,0.7089699759169902
15,0,0.034037834555930256
45,1,0.3906012686500491
9,0,0.08261805804443782
185,0,0.005660218423191776
38,1,0.5883223293709228
50,0,0.21194906365939847
117,0,0.0
99,0,0.00055005500550055
228,0,0.008521457234064245
214,1,0.27569813252956127
67,0,0.02472903946200447
156,0,0.007571550044668324
34,0,0.012739673568945264
151,1,0.44487872354114394
38,0,0.1794276121277164
218,1,0.2785331110542287
81,0,0.0
49,1,0.5883223293709228
79,0,0.006870778971613106
161,0,0.08356123080368673
118,0,0.06025382698547091
222,0,0.19854911744278514
229,0,0.012231913184351606
98,0,0.23002636877702357
89,1,0.5392353358142832
201,1,0.5386334945743682
79,0,0.55638630144559
214,0,0.008932892291168594
77,1,0.5297931215002197
3,1,0.6048001999259268
139,0,0.19504637760345522
166,0,0.01407429459673329
95,1,0.40578903151437
31,0,0.005083507829503253
40,0,0.040717749817892675
196,0,0.4897455239405704
80,0,0.001725143137110421
34,0,0.2693801777319886
34,1,0.5503419508733028
128,0,0.0069132105819872045
111,0,0.5007733229463297
114,0,0.04187606785268593
145,0,0.05319205058610251
2,1,0.5040493800238662
44,0,0.20027228278512113
79,1,0.4224493768980255
187,1,0.5918964776190713
114,0,0.031019835301180868
83,0,0.0
55,0,0.15900303137094218
54,0,0.03442695397871628
100,0,0.24661605560481967
145,1,0.3656892023539664
131,1,0.5644921081094387
21,0,0.0069132105819872045
19,0,0.10674403894908686
32,0,0.11322766053612306
10,0,0.00055005500550055
80,0,0.007620556333163345
10,1,0.3168061136918871
48,0,0.05559429397600022
50,1,0.42139786100422466
133,1,0.4710703526492999
26,1,0.7089699759169902
84,0,0.021891708218994128
11,0,0.009370674373479137
122,0,0.02566137262564502
122,0,0.00055005500550055
18,1,0.7089699759169902
104,0,0.05702752880516735
31,0,0.0
108,0,0.05298294760414258
213,0,0.43599552394057034
117,0,0.09145609365684514
205,0,0.005660218423191776
100,0,0.017210220145512906
90,0,0.012162962975256743
17,0,0.035442447703441814
109,0,0.0658514691451604
119,0,0.41596095631752966
170,0,0.19472223375466594
198,1,0.6583046507080544
160,1,0.5098179877086864
187,0,0.0011750881316098707
36,0,0.05641726698368551
14,0,0.113944169860558
21,0,0.3665626922794778
92,0,0.13180422318971888
193,0,0.014843259556209248
131,0,0.113944169860558
53,0,0.32585400693309047
135,1,0.34943351794793037
8,0,0.001725143137110421
49,0,0.07900188120263267
65,0,0.001725143137110421
195,0,0.054910492774799
119,0,0.0069132105819872045
33,0,0.03262154484719665
51,1,0.21184622419190324
64,0,0.018212258751675373
90,0,0.008605807600094878
52,0,0.46700284364758055
198,0,0.005083507829503253
178,0,0.01771350997450408
47,0,0.34870263895031695
32,1,0.5903927227456639
102,0,0.1811922398924786
190,0,0.002626044038011322
128,1,0.6311448186701737
63,0,0.006071653480296125
102,0,0.004413315180121173
100,0,0.02305002625378738
2,0,0.11970919994227928
12,0,0.2670160281684445
131,0,0.35718155106300914
39,0,0.32798875122216464
37,0,0.03348038127651179
96,0,0.05987753449872948
28,1,0.5301857131125424
36,0,0.426281104464915
8,0,0.5947772597772598
9,1,0.3941525953721076
225,0,0.02566137262564502
71,0,0.005494942886607602
175,0,0.09627293388761278
109,1,0.4366110063034332
70,0,0.6626370998680898
19,0,0.012739673568945264
52,0,0.08882985015586926
150,0,0.3271382086938855
228,0,0.42272687986171137
54,0,0.02305002625378738
41,0,0.0658514691451604
72,0,0.12161759727302801
105,0,0.05166906612963151
4,0,0.1581963030398976
189,1,0.5682498656028069
200,0,0.004485130291581905
28,0,0.05641726698368551
229,0,0.011467046410967347
180,0,0.23226587545187916
0,1,0.6583046507080544
51,0,0.021936750860226867
39,1,0.6583046507080544
7,0,0.1542635811826138
146,0,0.39552807168048804
192,0,0.1850743888750587
90,0,0.010308728376174097
176,0,0.012231913184351606
9,0,0.02380278597844344
90,0,0.01396694181283338
190,0,0.3398281553958668
81,0,0.05983762175221787
64,0,0.00055005500550055
208,0,0.23072236827944592
173,0,0.06653426392831585
20,0,0.13180422318971888
139,1,0.39650906201358765
218,1,0.38727127825702995
10,1,0.4224493768980255
16,0,0.05065488529675414
127,0,0.00055005500550055
5,0,0.20418380553313087
165,0,0.0514475864460952
72,1,0.35261148066026116
5,0,0.21145578447304358
91,0,0.29923500103126766
100,0,0.028408488929323225
225,0,0.01407839278282499
36,0,0.10753988777296712
129,0,0.0
83,0,0.029007546311668117
41,0,0.43832668537289576
99,0,0.47293958478169
66,1,0.6715220362338483
31,0,0.23499004022764747
109,0,0.40708665544409434
71,0,0.015081044946495878
102,0,0.010091210325961846
172,0,0.19996554451252604
55,1,0.41867257377911704
8,1,0.7709836893399991
128,1,0.5466226329713172
125,1,0.5118309663046506
122,0,0.007043845739474822
95,0,0.001450955906401451
10,0,0.00055005500550055
27,0,0.02255464666278462
168,0,0.49577453761023743
10,0,0.03348038127651179
184,0,0.398283172395589
83,0,0.02313135725647314
102,0,0.012739673568945264
211,0,0.049990880661516406
60,1,0.6852090345250947
122,0,0.003908419697893383
111,1,0.5297878527348533
204,0,0.001725143137110421
191,1,0.4755543914789593
176,1,0.6225532118429234
81,0,0.01221980613562341
107,0,0.0068185364579850275
7,0,0.3435290674561556
77,0,0.479297916413715
111,0,0.30203628425173146
206,0,0.2668370270453033
90,0,0.08543522220932727
146,1,0.5028126569563034
30,0,0.012566737994637278
204,0,0.0072745539909936435
35,0,0.02094180102959821
3,0,0.5256377659123653
205,0,0.07459315696158557
192,0,0.5262524991994998
128,0,0.09603290570169272
144,0,0.03304810672416116
200,0,0.17719325222678808
22,0,0.07359604032768424
90,0,0.02305002625378738
59,1,0.5628379764643815
79,0,0.07722562198959378
2,1,0.5689340599198116
95,0,0.05987753449872948
98,0,0.18176741009678543
170,0,0.0
23,0,0.012739673568945264
106,0,0.1157204290735969
54,0,0.0
93,1,0.6576722128446266
189,0,0.6976764138890258
198,1,0.29680442332376034
80,0,0.10442483235135376
182,0,0.016759230414610984
48,0,0.02313135725647314
118,0,0.0510791903193231
207,0,0.06420632553234464
190,1,0.24719827441838657
124,1,0.543629821787333
5,0,0.341852787683657
124,1,0.479225812766282
105,0,0.015600912379817733
104,1,0.6110521662245799
28,1,0.36790608584449086
83,0,0.26960473472838725
197,0,0.00055005500550055
76,0,0.3854800533410956
114,0,0.05523866720607271
43,0,0.006994839450979802
27,1,0.39837073380096194
205,0,0.01396694181283338
29,0,0.02920242644013264
214,0,0.19871901977165132
184,0,0.113944169860558
21,0,0.23999814350691542
136,0,0.004182606928602352
73,0,0.006724498985493093
213,0,0.30533803692322786
40,1,0.8216858237547893
59,0,0.10782238493224809
221,1,0.581179689875342
51,0,0.031019835301180868
1,0,0.06411226215515316
100,0,0.012162962975256743
36,0,0.00055005500550055
91,0,0.14173818544952566
204,0,0.15377712618927628
87,1,0.5625827718988321
206,0,0.3110579479000532
199,0,0.11705255794929707
64,1,0.3499914652707643
142,1,0.5254827766726334
184,0,0.21333998824305941
191,0,0.33760547444757966
220,1,0.4351278877887789
102,1,0.4798523723135697
220,1,0.3679102436355821
104,0,0.00055005500550055
69,1,0.3160965685948213
101,0,0.036406981947260456
40,0,0.03968332124656505
115,0,0.014661227309133065
64,0,0.00055005500550055
211,0,0.005083507829503253
218,0,0.06653426392831585
97,0,0.5008443774826133
123,0,0.4311301264592135
66,0,0.027903673826794928
194,0,0.2712956201912025
159,0,0.5063505465982246
131,0,0.04704857948987783
137,1,0.24943059198460435
216,0,0.18731718040192466
108,0,0.02300569397814772
98,0,0.5000848824378236
193,0,0.15399343171125532
77,0,0.002626044038011322
165,1,0.5918049297834104
94,0,0.0009009009009009009
220,1,0.4524254462585948
169,0,0.002626044038011322
14,0,0.048122531416222664
51,1,0.37359162968919063
72,0,0.35895341321670476
153,0,0.08811633983137941
138,0,0.06025382698547091
115,0,0.2751344866287395
34,0,0.035585272013509535
84,0,0.13823633477896058
156,0,0.010308728376174097
19,0,0.039199270549038066
28,0,0.6409498048178708
121,1,0.28617453268402865
148,0,0.09786037574443603
93,0,0.20418380553313087
22,1,0.49312936232440885
33,0,0.005083507829503253
149,0,0.12403835513465485
49,1,0.16555917790485694
101,0,0.04015198972385206
31,0,0.388393287237748
188,0,0.006870778971613106
129,0,0.018275225844661597
212,0,0.11938313172881075
11,0,0.012739673568945264
32,0,0.001450955906401451
136,0,0.054555872422917255
2,1,0.5992229762740319
20,1,0.5679131652661065
78,0,0.018453758814433136
76,0,0.003908419697893383
132,0,0.015600912379817733
155,0,0.011858716588644208
92,0,0.27966228175917657
79,0,0.038053794075299456
95,0,0.23248514851673988
75,0,0.11714376824006793
21,0,0.24689153614579148
53,0,0.0030075187969924814
153,0,0.4922391840748839
54,0,0.002626044038011322
37,0,0.09673081893157041
81,0,0.0
207,0,0.09203443060604731
65,1,0.3970236839443815
63,0,0.0
109,0,0.02305002625378738
199,0,0.004182606928602352
143,1,0.44584117032392895
13,0,0.07564446742210597
143,0,0.08882985015586926
163,0,0.03807125280421781
100,0,0.0072745539909936435
58,0,0.00719772831984053
36,1,0.6891644940425428
20,0,0.03505149872225657
53,0,0.09145609365684514
121,1,0.7709836893399991
111,0,0.23187286613345445
196,0,0.1798490912420847
80,0,0.06057674387043511
5,0,0.019370576786468627
107,1,0.09689438747469836
113,0,0.02964813796680224
47,0,0.06025382698547091
131,0,0.08550753316588018
167,0,0.001725143137110421
69,0,0.2848287890589075
124,0,0.004948810716592218
142,0,0.0949545597185315
58,0,0.41644743456133176
56,0,0.3234036269123988
207,0,0.015081044946495878
24,0,0.013502909274339815
9,0,0.09079859934506762
87,0,0.22175566218829243
192,0,0.035585272013509535
130,0,0.2222813413137735
51,0,0.04186473895921015
197,1,0.6824425817425372
76,0,0.009732017782485575
64,0,0.002626044038011322
33,0,0.2688971141383654
52,0,0.45645317585109885
97,0,0.004757207040869296
125,0,0.448902694360883
86,0,0.31075029060433396
150,0,0.009732017782485575
107,1,0.738883019244939
67,0,0.01763554815798685
99,0,0.6179965588915665
189,0,0.0009009009009009009
108,0,0.029296489817324117
194,0,0.007229971515089376
175,0,0.00055005500550055
62,1,0.6547649002370085
35,0,0.0032382270485113024
110,0,0.38896433836989536
94,0,0.010091210325961846
192,0,0.10753988777296712
178,0,0.0229801178781531
35,0,0.08883921175521792
0,0,0.27919408146881697
121,0,0.09145609365684514
48,0,0.03537967315353027
97,0,0.4544002574305605
120,0,0.0047593175222908745
140,0,0.12403835513465485
220,1,0.6474384015820479
105,0,0.0032382270485113024
88,0,0.18068906411362426
69,0,0.002626044038011322
44,0,0.10092487340330887
130,0,0.00055005500550055
222,0,0.2578483245149912
86,0,0.021314997625305605
12,0,0.08845278624323287
7,0,0.0
231,0,0.08883921175521792
5,0,0.03545990643236017
213,0,0.29533782709272954
60,0,0.2303982244306566
86,0,0.35038409145631516
99,0,0.0
86,0,0.005083507829503253
30,0,0.06693931089809788
70,0,0.03593893380597863
88,1,0.3349406173163012
82,0,0.10753988777296712
39,0,0.06653426392831585
85,1,0.7272124675743873
213,0,0.23520838386495443
103,0,0.17627307298340777
71,0,0.018212258751675373
117,0,0.01396694181283338
85,1,0.6050447373976785
51,0,0.12403835513465485
108,0,0.02942215309564954
166,0,0.006870778971613106
182,0,0.005494942886607602
191,1,0.1960263534346126
224,0,0.047234530528221776
31,0,0.0477082223294173
163,0,0.03769816730537195
66,0,0.03565155068540174
221,0,0.1790178324562021
195,0,0.41854759160618427
215,1,0.407869760527065
76,0,0.022191672185788474
194,1,0.4755543914789593
3,0,0.05373704627514181
82,0,0.001725143137110421
141,0,0.038889463460664096
37,0,0.1335565657616137
212,0,0.08193526326128237
50,0,0.011976291491255371
69,0,0.021314997625305605
107,0,0.13355901901898903
33,1,0.5623157186409978
63,0,0.008772296835557787
187,0,0.41313100601638153
80,1,0.4224493768980255
108,1,0.6976764138890258
223,0,0.27305840042849655
96,0,0.015419970149897768
172,0,0.08164568051739511
175,0,0.13180422318971888
132,0,0.014719701537489438
37,1,0.2722191426459719
19,0,0.08768089372042466
81,0,0.031300429545610554
182,0,0.356465523552572
42,0,0.07870357609762803
127,0,0.03188978868936791
212,0,0.4462769642195479
204,0,0.4405683787135577
120,0,0.008782110593089655
141,0,0.17362728771425584
100,0,0.45525057444562095
80,0,0.0068185364579850275
67,0,0.004182606928602352
61,0,0.010091210325961846
115,0,0.02927537116117355
124,1,0.7206405275875419
52,1,0.4728216348678453
138,0,0.0009009009009009009
8,1,0.7176009338135457
53,0,0.00055005500550055
10,1,0.5942241909379394
121,0,0.3034580998230498
36,0,0.0069132105819872045
137,0,0.06620608949704214
116,0,0.04702542754626184
33,0,0.01407429459673329
62,1,0.5337549161078573
205,1,0.6604729431142572
78,0,0.0514475864460952
