id,y_true,p_right
0,0,0.055112984
1,0,0.056414597
2,0,0.054072022
3,0,0.63433504
4,1,0.62031406
5,0,0.054966457
6,0,0.054199122
7,0,0.05476414
8,0,0.054552764
9,0,0.05433466
10,0,0.23602691
11,0,0.065411225
12,0,0.054276597
13,0,0.054269265
14,0,0.06053857
15,0,0.17413986
16,0,0.62541157
17,1,0.23642015
18,0,0.05443636
19,0,0.6205794
20,0,0.05446783
21,0,0.52870226
22,0,0.054252163
23,1,0.63857526
24,0,0.23394486
25,0,0.05510534
26,0,0.22120933
27,0,0.34574735
28,0,0.05635934
29,0,0.056465063
30,0,0.05445046
31,0,0.05499821
32,0,0.05456526
33,0,0.054919727
34,0,0.05502182
35,0,0.05444524
36,0,0.05403628
37,0,0.39279827
38,0,0.063217066
39,0,0.056309152
40,1,0.33370823
41,0,0.05395514
42,0,0.06389938
43,0,0.6406796
44,0,0.63985103
45,1,0.068910375
46,0,0.054784633
47,0,0.63184863
48,1,0.6219238
49,1,0.6400385
50,0,0.24251923
51,1,0.29868132
52,0,0.055722732
53,0,0.23904496
54,0,0.24677335
55,0,0.054450385
56,0,0.27866307
57,1,0.6081263
58,0,0.054266345
59,0,0.055182464
60,1,0.64020705
61,0,0.054218262
62,0,0.21963602
63,0,0.054890756
64,0,0.05422627
65,0,0.054962944
66,0,0.6275039
67,0,0.056481976
68,1,0.23323782
69,0,0.055073652
70,0,0.07159638
71,0,0.12504181
72,0,0.05516954
73,1,0.63993955
74,1,0.2309026
75,0,0.63964766
76,0,0.05437378
77,0,0.05429432
78,1,0.6390636
79,0,0.05883936
80,0,0.05421451
81,0,0.05448312
82,0,0.61498183
83,0,0.05544638
84,0,0.39841685
85,1,0.2684375
86,1,0.4433865
87,0,0.060477413
88,0,0.23400617
89,0,0.05505767
90,0,0.05622046
91,0,0.62217164
92,0,0.05457843
93,0,0.25649098
94,0,0.6077073
95,0,0.054324552
96,1,0.63532156
97,0,0.054117247
98,0,0.055733863
99,0,0.23374811
100,0,0.05422351
101,0,0.05467421
102,0,0.054536115
103,0,0.058144614
104,0,0.05437782
105,0,0.055601873
106,0,0.18057719
107,0,0.05433237
108,1,0.6238476
109,0,0.054300945
110,0,0.05580272
111,0,0.05416338
112,0,0.054965883
113,0,0.055784635
114,0,0.054174423
115,0,0.45958105
116,0,0.05406678
117,0,0.054395884
118,1,0.24019097
119,0,0.0545533
120,0,0.07254008
121,0,0.067051604
122,1,0.63165003
123,1,0.33314902
124,0,0.62340724
125,0,0.05466678
126,0,0.23817784
127,0,0.22670071
128,0,0.17329125
129,1,0.6366241
130,1,0.6422881
131,0,0.05436891
132,0,0.085998245
133,1,0.058310837
134,0,0.0615183
135,1,0.5731029
136,0,0.09485595
137,0,0.23077206
138,0,0.63835305
139,0,0.05522345
140,0,0.6376603
141,0,0.05468993
142,1,0.6404824
143,0,0.3130933
144,1,0.45109794
145,0,0.37738597
146,0,0.1906737
147,0,0.05485839
148,0,0.054136246
149,0,0.054880723
150,0,0.23630206
151,0,0.054268736
152,0,0.054588642
153,0,0.056486983
154,0,0.054513868
155,1,0.18422244
156,0,0.054977354
157,0,0.054711696
158,0,0.054156788
159,0,0.05523174
160,0,0.054676503
161,0,0.05528182
162,1,0.62245053
163,1,0.62651306
164,1,0.07070222
165,0,0.05604391
166,0,0.054251246
167,0,0.054311965
168,0,0.14054635
169,1,0.054678116
170,0,0.054652702
171,0,0.054710895
172,0,0.05540886
173,1,0.6403482
174,0,0.054431006
175,0,0.05412221
176,0,0.05498003
177,0,0.055722117
178,1,0.6379189
179,0,0.054994617
180,0,0.054332405
181,0,0.054158963
182,0,0.05522195
183,1,0.19403346
184,0,0.0573892
185,0,0.05492917
186,0,0.05609272
187,0,0.6329076
188,0,0.091681585
189,0,0.054177515
190,0,0.054596175
191,0,0.63808775
192,0,0.054087196
193,0,0.05471281
194,0,0.058636807
195,0,0.054757304
196,0,0.056903314
197,1,0.22050792
198,1,0.6373968
199,0,0.057835396
200,0,0.05406707
201,0,0.055714276
202,0,0.05512985
203,0,0.19513659
204,1,0.6410643
205,0,0.07123799
206,0,0.058944315
207,1,0.27590945
208,1,0.16251634
209,0,0.054855246
210,0,0.61790174
211,0,0.38215563
212,0,0.054282572
213,1,0.055805996
214,1,0.056565832
215,0,0.07864299
216,0,0.21392621
217,0,0.05441117
218,0,0.0674991
219,0,0.0542753
220,0,0.054133564
221,0,0.055020224
222,1,0.21299177
223,0,0.054670982
224,1,0.63920146
225,0,0.05562365
226,0,0.059134994
227,0,0.054484494
228,1,0.43615362
229,1,0.6372017
230,0,0.05468524
231,0,0.054184906
232,0,0.055111814
233,0,0.05580305
234,0,0.6164649
235,0,0.05565342
236,0,0.061294455
237,0,0.2263212
238,1,0.5927495
239,0,0.056959175
240,0,0.10030823
241,0,0.05427312
242,1,0.18001355
243,0,0.054331448
244,1,0.2663763
245,0,0.056596145
246,1,0.056450076
247,0,0.056850545
248,0,0.63693583
249,0,0.25279284
250,0,0.054693688
251,1,0.53473616
252,1,0.6372188
253,0,0.05422028
254,1,0.059591006
255,0,0.054186508
256,1,0.6377381
257,0,0.055641975
258,1,0.63927746
259,0,0.055368543
260,0,0.05421524
261,0,0.05438322
262,0,0.22285429
263,0,0.054618612
264,0,0.054539137
265,0,0.057367455
266,0,0.06583429
267,0,0.057061337
268,0,0.054312993
269,0,0.05435478
270,0,0.05451362
271,1,0.0566569
272,0,0.055617373
273,0,0.05403098
274,0,0.055601995
275,0,0.05409196
276,0,0.055766143
277,0,0.05443778
278,0,0.05404937
279,1,0.14615725
280,0,0.055056244
281,1,0.34798238
282,1,0.5600056
283,0,0.054150168
284,0,0.5264683
285,1,0.6269317
286,0,0.055575307
287,0,0.5647865
288,0,0.079174735
289,0,0.27196258
290,0,0.36122444
291,0,0.6386537
292,0,0.05611988
293,0,0.054947995
294,1,0.6367225
295,1,0.6353664
296,0,0.05433644
297,0,0.054164726
298,0,0.054075863
299,1,0.60536116
300,0,0.054254804
301,0,0.18241031
302,0,0.054920103
303,0,0.05507698
304,0,0.055225708
305,0,0.054358847
306,0,0.32940975
307,0,0.054284222
308,0,0.05507516
309,1,0.057844076
310,0,0.05439895
311,0,0.05420082
312,1,0.05652412
313,0,0.054606576
314,0,0.05543315
315,0,0.22490467
316,0,0.054269694
317,0,0.055292316
318,0,0.05450229
319,0,0.05467739
320,0,0.639245
321,0,0.05430578
322,0,0.055217605
323,1,0.41471377
324,0,0.05436202
325,0,0.05450764
326,0,0.054260638
327,0,0.054422762
328,0,0.05623264
329,0,0.05413015
330,0,0.054689094
331,0,0.055173393
332,0,0.054168485
333,0,0.054365896
334,1,0.6371719
335,0,0.054207142
336,1,0.27399963
337,0,0.054739732
338,0,0.05450114
339,1,0.073876746
340,1,0.17300452
341,0,0.1115382
342,0,0.6313582
343,0,0.054364666
344,0,0.054194428
345,0,0.055622783
346,0,0.056676194
347,0,0.055238478
348,1,0.26561
349,0,0.064907774
350,0,0.061260678
351,0,0.35589084
352,1,0.63262415
353,0,0.057378538
354,1,0.6235488
355,0,0.054200865
356,0,0.11247429
357,0,0.17799309
358,0,0.30530438
359,0,0.05434852
360,0,0.6110664
361,0,0.055633053
362,0,0.055154253
363,1,0.5801203
364,0,0.056651827
365,0,0.055118755
366,0,0.52514124
367,1,0.06765892
368,0,0.054589827
369,0,0.055264045
370,0,0.054356065
371,0,0.1555172
372,0,0.056135327
373,0,0.05461708
374,0,0.05429797
375,0,0.05624674
376,0,0.2392995
377,0,0.2419143
378,0,0.05547534
379,0,0.05456505
380,0,0.18927082
381,0,0.62993896
382,0,0.054120567
383,0,0.056559827
384,0,0.054581527
385,0,0.60431767
386,0,0.05443504
387,1,0.6365022
388,0,0.054198742
389,0,0.2544666
390,1,0.6281501
391,0,0.05946468
392,0,0.055605706
393,0,0.6168926
394,0,0.23586906
395,0,0.053957548
396,0,0.15903069
397,0,0.054134987
398,0,0.063178346
399,0,0.054628562
400,0,0.06373266
401,0,0.054966856
402,0,0.05833286
403,0,0.054613937
404,1,0.07132554
405,0,0.060919058
406,0,0.054407965
407,0,0.0542118
408,0,0.23865099
409,0,0.054301787
410,0,0.054300725
411,0,0.055039737
412,0,0.05448928
413,0,0.054543
414,0,0.09493868
415,0,0.058588922
416,0,0.22367889
417,0,0.054351076
418,0,0.06861856
419,0,0.4650584
420,0,0.055486854
421,0,0.05629965
422,0,0.05564032
423,1,0.3346457
424,1,0.05452537
425,0,0.09884046
426,0,0.05695395
427,0,0.056943603
428,0,0.054291885
429,0,0.056969404
430,1,0.23038082
431,0,0.055815477
432,0,0.081095785
433,0,0.060671933
434,0,0.24174123
435,0,0.054559585
436,0,0.054300144
437,0,0.05644998
438,0,0.05456467
439,0,0.05499997
440,0,0.05582564
441,0,0.05636847
442,1,0.6195277
443,0,0.05443396
444,1,0.2530503
445,1,0.6225571
446,0,0.054781318
447,0,0.054236934
448,1,0.63366556
449,0,0.054573882
450,0,0.056905277
451,1,0.45752966
452,0,0.054990184
453,0,0.05431944
454,1,0.28032237
455,0,0.054956716
456,0,0.054088607
457,0,0.054503918
458,0,0.054165717
459,1,0.63348794
460,0,0.054628663
461,1,0.055413365
462,0,0.3261833
463,0,0.32875192
464,1,0.59885705
465,0,0.5866403
466,0,0.054427102
467,0,0.055048667
468,0,0.054217592
469,0,0.22999804
470,0,0.060723312
471,0,0.055495963
472,0,0.40045646
473,1,0.23946154
474,0,0.05435267
475,0,0.056236867
476,1,0.056170743
477,0,0.054317534
478,0,0.0551532
479,0,0.056618035
480,0,0.23281701
481,0,0.05420162
482,0,0.059075516
483,0,0.054470886
484,0,0.6402068
485,1,0.28796053
486,0,0.05420238
487,0,0.24685015
488,0,0.056680474
489,0,0.056303892
490,0,0.05480807
491,0,0.057802383
492,0,0.058559995
493,1,0.56972337
494,0,0.6321402
495,0,0.054639127
496,0,0.640725
497,0,0.05626038
498,1,0.6072676
499,0,0.05493751
500,1,0.6331812
501,1,0.5987511
502,0,0.6384084
503,1,0.27883723
504,0,0.05799428
505,0,0.35392085
506,1,0.055727795
507,0,0.05459508
508,1,0.6315962
509,0,0.055233456
510,0,0.054320604
511,1,0.6321821
512,1,0.22679582
513,0,0.054653782
514,0,0.060540237
515,0,0.054123174
516,0,0.05409982
517,0,0.3539064
518,0,0.36972916
519,0,0.05434919
520,1,0.3618586
521,0,0.2197322
522,0,0.2286429
523,0,0.2443987
524,1,0.057068713
525,0,0.054049578
526,0,0.6363501
527,0,0.6414228
528,0,0.05414627
529,0,0.054209344
530,0,0.25815022
531,0,0.05447478
532,0,0.05538406
533,0,0.05452675
534,0,0.054713212
535,0,0.3503133
536,0,0.054234713
537,0,0.055126783
538,1,0.5288255
539,0,0.054389335
540,1,0.38275328
541,0,0.055325903
542,0,0.05467702
543,0,0.055505216
544,0,0.054317214
545,0,0.054553967
546,0,0.054815564
547,0,0.054326575
548,0,0.6388268
549,0,0.055646446
550,0,0.59655267
551,1,0.35199976
552,0,0.054307323
553,1,0.64061016
554,0,0.60666436
555,1,0.06176478
556,0,0.054125853
557,0,0.33550015
558,0,0.063763656
559,0,0.054356605
560,1,0.44668612
561,0,0.072246894
562,0,0.20153627
563,0,0.05479663
564,0,0.054465912
565,0,0.054301508
566,1,0.63103145
567,0,0.05427371
568,1,0.42135558
569,0,0.055012465
570,1,0.45614415
571,0,0.6400875
572,0,0.054254256
573,0,0.20086055
574,0,0.056196462
575,0,0.05437387
576,0,0.63593996
577,0,0.056809444
578,0,0.05583007
579,0,0.05433841
580,0,0.058524493
581,0,0.6281378
582,1,0.35949123
583,0,0.06390052
584,1,0.5883612
585,0,0.1900867
586,0,0.26561135
587,1,0.6191203
588,0,0.05443326
589,0,0.054493397
590,0,0.54475033
591,1,0.356567
592,0,0.054005124
593,0,0.25453532
594,0,0.054433703
595,0,0.6377537
596,1,0.6313507
597,0,0.6261191
598,1,0.25065514
599,1,0.054305043
600,0,0.054133262
601,0,0.05906106
602,0,0.05416162
603,0,0.05723138
604,1,0.35036245
605,0,0.055563744
606,0,0.054235056
607,0,0.054078363
608,0,0.07469813
609,0,0.35869083
610,0,0.6361499
611,0,0.0550768
612,0,0.05426625
613,0,0.054698344
614,1,0.60538584
615,0,0.054406025
616,0,0.05888717
617,0,0.062077507
618,0,0.056145143
619,0,0.63337255
620,1,0.32421893
621,0,0.055167455
622,0,0.05435544
623,1,0.63952357
624,0,0.055314824
625,0,0.05462728
626,0,0.05427021
627,0,0.054528542
628,0,0.05509985
629,0,0.058164544
630,0,0.055008322
631,1,0.62592566
632,0,0.054878246
633,0,0.05655779
634,1,0.117622554
635,0,0.057276864
636,0,0.05609796
637,0,0.054704994
638,0,0.054470982
639,1,0.45391312
640,1,0.07267415
641,0,0.19866668
642,0,0.16952623
643,0,0.054164775
644,0,0.055447593
645,0,0.054556105
646,0,0.29251072
647,0,0.054294977
648,1,0.45479435
649,1,0.62083
650,0,0.121766485
651,0,0.054301057
652,0,0.054647204
653,1,0.6175155
654,1,0.05511004
655,0,0.055223078
656,1,0.57442737
657,1,0.25682566
658,0,0.6128805
659,1,0.079262696
660,0,0.05418111
661,0,0.1391869
662,0,0.43848193
663,0,0.6186882
664,0,0.05804974
665,0,0.05425656
666,0,0.054075703
667,0,0.057130303
668,1,0.05752848
669,0,0.41620755
670,0,0.054893583
671,0,0.054603335
672,0,0.27625874
673,0,0.05491213
674,0,0.054229792
675,1,0.59500635
676,0,0.05661863
677,0,0.054184295
678,0,0.06815459
679,1,0.28632703
680,1,0.24146189
681,0,0.5122122
682,0,0.055784486
683,1,0.62977546
684,0,0.057559386
685,0,0.054556675
686,0,0.05421675
687,0,0.3376568
688,0,0.2007528
689,0,0.05451449
690,0,0.0546655
691,1,0.08025201
692,0,0.05508469
693,0,0.054785777
694,0,0.05401934
695,0,0.054060485
696,0,0.23993553
697,0,0.05526108
698,1,0.05430449
699,1,0.6027204
700,0,0.6024837
701,0,0.054908477
702,0,0.054325595
703,0,0.27869326
704,0,0.057201624
705,0,0.055457834
706,0,0.05407575
707,0,0.054108642
708,0,0.05458122
709,0,0.055011377
710,0,0.3051138
711,0,0.054421753
712,0,0.057936005
713,0,0.058786515
714,0,0.054192092
715,0,0.05602468
716,0,0.056307226
717,0,0.20717086
718,0,0.05477626
719,0,0.055267617
720,1,0.6405344
721,0,0.054188553
722,0,0.06176107
723,0,0.055172775
724,0,0.054341152
725,0,0.23617736
726,0,0.0549697
727,0,0.054674998
728,0,0.054534797
729,1,0.63242894
730,0,0.07531302
731,0,0.054529205
732,0,0.056471583
733,0,0.054317117
734,1,0.17095499
735,1,0.06575168
736,1,0.53432447
737,0,0.054268267
738,0,0.05442601
739,0,0.054237057
740,0,0.44048792
741,0,0.05544053
742,0,0.054682296
743,1,0.6425242
744,0,0.21765956
745,0,0.055109344
746,1,0.63693213
747,0,0.058087267
748,1,0.63818973
749,0,0.054386314
750,0,0.26398265
751,0,0.23813075
752,0,0.056224275
753,1,0.20268747
754,0,0.18073606
755,0,0.059965983
756,0,0.054398607
757,0,0.1913769
758,1,0.31500033
759,0,0.076232634
760,0,0.055048343
761,1,0.6298263
762,0,0.054392483
763,1,0.2913248
764,0,0.10214832
765,0,0.054962706
766,0,0.054817516
767,0,0.055188145
768,0,0.054147758
769,0,0.05508267
770,0,0.054201785
771,0,0.2989478
772,0,0.054211263
773,0,0.054276735
774,0,0.22411193
775,0,0.054780312
776,0,0.05408205
777,0,0.36409843
778,0,0.054307006
779,0,0.054421615
780,1,0.62269884
781,1,0.3301114
782,0,0.32184884
783,1,0.50702214
784,0,0.25376463
785,1,0.25816098
786,0,0.054356545
787,0,0.071038544
788,0,0.07172387
789,0,0.0550058
790,0,0.054357756
791,0,0.16475362
792,0,0.054218747
793,0,0.054086365
794,0,0.054074485
795,0,0.056605592
796,0,0.05430174
797,0,0.054117013
798,0,0.22900897
799,0,0.05517112
800,1,0.63968426
801,1,0.5967512
802,0,0.45696425
803,1,0.33806354
804,0,0.058038633
805,0,0.054275952
806,0,0.054863274
807,0,0.05641148
808,0,0.24517392
809,0,0.054101177
810,0,0.18447523
811,0,0.58265555
812,1,0.08204661
813,1,0.055681035
814,1,0.055408288
815,0,0.24147993
816,0,0.054212935
817,0,0.054681104
818,0,0.056457967
819,0,0.05532858
820,0,0.05425827
821,0,0.055544812
822,0,0.05414643
823,0,0.054722648
824,0,0.35082474
825,0,0.058376536
826,0,0.05522881
827,0,0.056171026
828,1,0.35112253
829,1,0.61915016
830,0,0.054140616
831,0,0.053929936
832,0,0.06863738
833,0,0.057159092
834,0,0.057327785
835,0,0.057371065
836,0,0.054356545
837,0,0.22269559
838,0,0.44271407
839,0,0.05438542
840,0,0.05655369
841,0,0.05467943
842,1,0.059474204
843,0,0.05496594
844,0,0.054366544
845,1,0.60886127
846,0,0.058145374
847,1,0.6381902
848,0,0.52957076
849,0,0.05441211
850,0,0.057291955
851,0,0.1889449
852,0,0.23362017
853,0,0.054181237
854,0,0.05403287
855,0,0.054691542
856,0,0.05620262
857,0,0.055059284
858,0,0.054780345
859,0,0.054392513
860,0,0.24679804
861,0,0.054392524
862,0,0.055356577
863,0,0.06003388
864,0,0.05432348
865,0,0.05440263
866,1,0.41606528
867,0,0.05934892
868,0,0.055811983
869,0,0.055143237
870,1,0.63696736
871,0,0.05464479
872,0,0.055253986
873,0,0.061913475
874,0,0.08241492
875,0,0.05437265
876,0,0.05420166
877,0,0.05450431
878,0,0.057295766
879,0,0.056498475
880,0,0.054911237
881,0,0.18381418
882,1,0.63709426
883,0,0.09751064
884,1,0.47635946
885,0,0.05451663
886,0,0.056969367
887,0,0.056506183
888,0,0.08406957
889,0,0.057207465
890,0,0.63016665
891,1,0.63336384
892,0,0.054301016
893,0,0.105419435
894,0,0.06752061
895,1,0.51698726
896,0,0.05493629
897,0,0.057228398
898,0,0.05483091
899,0,0.054741062
900,0,0.056054194
901,0,0.055883124
902,0,0.30478615
903,0,0.05423909
904,1,0.5924693
905,0,0.061055817
906,0,0.28910297
907,1,0.49055132
908,0,0.057713017
909,1,0.61943424
910,0,0.05467833
911,1,0.36913967
912,0,0.20299022
913,0,0.054015417
914,0,0.51522493
915,0,0.05511544
916,1,0.061583083
917,0,0.058017377
918,0,0.6229767
919,0,0.05699876
920,0,0.06414305
921,0,0.05653833
922,0,0.05474654
923,0,0.055064235
924,0,0.057427157
925,0,0.056482334
926,0,0.05407012
927,0,0.054422244
928,0,0.054618046
929,0,0.05506948
930,0,0.2727623
931,0,0.056209616
932,1,0.5932308
933,0,0.060606256
934,0,0.054712202
935,0,0.054201346
936,0,0.05415715
937,0,0.05494062
938,0,0.054449778
939,1,0.41545838
940,0,0.054302327
941,0,0.055628784
942,0,0.055393465
943,0,0.060141813
944,0,0.054528322
945,1,0.055361014
946,1,0.6042234
947,0,0.0814166
948,0,0.055191167
949,0,0.054530457
950,0,0.05574962
951,0,0.6280723
952,0,0.054295827
953,0,0.05748337
954,0,0.056269847
955,1,0.05869466
956,0,0.05405716
957,1,0.35157153
958,0,0.6402805
959,0,0.05453728
960,0,0.27354184
961,0,0.05633386
962,0,0.05562072
963,0,0.054665785
964,1,0.6221513
965,0,0.055147517
966,0,0.054675568
967,0,0.054110814
968,1,0.26267514
969,0,0.055295747
970,0,0.07445986
971,0,0.055201028
972,1,0.31937346
973,1,0.64149255
974,0,0.05409522
975,0,0.57914764
976,0,0.06188192
977,1,0.63822615
978,0,0.26405057
979,0,0.054264262
980,0,0.39038715
981,0,0.059661504
982,0,0.060074437
983,1,0.6142367
984,1,0.63568026
985,0,0.05593404
986,0,0.054627575
987,0,0.05856297
988,1,0.6381129
989,0,0.054718588
990,0,0.0710278
991,0,0.51748574
992,1,0.05883917
993,1,0.6231925
994,0,0.054233428
995,0,0.1669972
996,0,0.058099985
997,0,0.05439895
998,0,0.05752025
999,0,0.054130413
1000,0,0.05404387
1001,0,0.6332191
1002,0,0.056609668
1003,1,0.22965562
1004,0,0.06008564
1005,0,0.05391556
1006,0,0.054427594
1007,1,0.2746401
1008,0,0.054736376
1009,0,0.054186713
1010,0,0.23761371
1011,0,0.05572464
1012,0,0.055039737
1013,1,0.64047885
1014,1,0.63786685
1015,0,0.054975566
1016,0,0.6396687
1017,0,0.054139428
1018,0,0.6362615
1019,0,0.05435061
1020,1,0.36505592
1021,0,0.07258266
1022,1,0.14117804
1023,0,0.054015763
1024,0,0.05455349
1025,0,0.10040447
1026,1,0.63969666
1027,0,0.054200023
1028,0,0.054138348
1029,0,0.057637952
1030,1,0.17159829
1031,0,0.055495813
1032,0,0.05471484
1033,0,0.054255776
1034,0,0.05443737
1035,1,0.064231955
1036,0,0.05897492
1037,1,0.054194976
1038,0,0.056489807
1039,1,0.59037566
1040,1,0.6391671
1041,0,0.055230755
1042,1,0.05551296
1043,0,0.05416239
1044,0,0.054705814
1045,0,0.054760348
1046,0,0.23242289
1047,0,0.054994144
1048,0,0.054132953
1049,0,0.054280587
1050,1,0.6382395
1051,0,0.05411706
1052,0,0.054229915
1053,0,0.054252617
1054,1,0.6269136
1055,0,0.05651229
1056,0,0.42955774
1057,0,0.20824859
1058,0,0.055306368
1059,0,0.49285412
1060,0,0.054258026
1061,0,0.054229133
1062,1,0.5999656
1063,0,0.46090555
1064,0,0.054513954
1065,1,0.6401646
1066,1,0.3687332
1067,0,0.071784645
1068,0,0.056640808
1069,0,0.054093387
1070,0,0.054237545
1071,0,0.05490983
1072,1,0.22150996
1073,0,0.054563966
1074,1,0.27719137
1075,1,0.6367316
1076,0,0.054692477
1077,0,0.054182317
1078,0,0.054352526
1079,0,0.3554039
1080,1,0.4097291
1081,0,0.05491646
1082,0,0.054874852
1083,0,0.05978437
1084,0,0.054885723
1085,0,0.63711613
1086,0,0.25946343
1087,1,0.25517595
1088,0,0.055286724
1089,1,0.06227848
1090,0,0.59150475
1091,0,0.21695614
1092,0,0.2659469
1093,1,0.25084096
1094,0,0.054910507
1095,0,0.054385226
1096,0,0.05686657
1097,0,0.25175014
1098,0,0.05434641
1099,0,0.054326314
1100,0,0.054519616
1101,0,0.058107648
1102,0,0.055105448
1103,1,0.36026663
1104,0,0.054453123
1105,0,0.054521807
1106,0,0.055016108
1107,0,0.05416805
1108,0,0.054861337
1109,1,0.6376694
1110,0,0.054513942
1111,0,0.48615125
1112,1,0.6054791
1113,0,0.054320753
1114,0,0.06537405
1115,0,0.055137362
1116,0,0.24006051
1117,1,0.056674104
1118,0,0.0544246
1119,0,0.055921815
1120,0,0.05436978
1121,0,0.05573307
1122,0,0.34080583
1123,0,0.05522218
1124,0,0.21434408
1125,0,0.05506521
1126,0,0.054203287
1127,0,0.054742828
1128,0,0.64032793
1129,0,0.05422593
1130,0,0.07037653
1131,1,0.22791038
1132,1,0.14779264
1133,0,0.20092855
1134,0,0.64063025
1135,1,0.056712046
1136,0,0.63548654
1137,0,0.054206654
1138,0,0.05618548
1139,1,0.6348427
1140,1,0.19001384
1141,0,0.05421444
1142,0,0.054929383
1143,1,0.6219518
1144,1,0.6363501
1145,0,0.05521064
1146,0,0.06945976
1147,0,0.05433498
1148,0,0.05467182
1149,0,0.055683006
1150,0,0.05420062
1151,1,0.06204473
1152,0,0.054425925
1153,1,0.08197675
1154,0,0.061839163
1155,0,0.0568787
1156,0,0.054666005
1157,0,0.054380126
1158,1,0.09355057
1159,0,0.27704677
1160,0,0.6399833
1161,0,0.05486517
1162,0,0.054034933
1163,0,0.054304667
1164,0,0.08667182
1165,0,0.054249607
1166,0,0.055771325
1167,0,0.057780046
1168,0,0.062768824
1169,0,0.054998696
1170,0,0.24206083
1171,0,0.05424386
1172,0,0.054261707
1173,0,0.120874636
1174,0,0.054811276
1175,0,0.053903427
1176,0,0.054686744
1177,0,0.05430408
1178,0,0.054418735
1179,0,0.05472008
1180,0,0.054958794
1181,0,0.054859493
1182,0,0.055447735
1183,0,0.61583793
1184,0,0.054889113
1185,1,0.37505245
1186,0,0.054600097
1187,1,0.34115893
1188,1,0.14687529
1189,0,0.19498822
1190,0,0.054322336
1191,0,0.054949522
1192,1,0.4097662
1193,0,0.05422921
1194,0,0.35074198
1195,1,0.25678676
1196,0,0.054497305
1197,0,0.07094792
1198,1,0.37164253
1199,0,0.05418909
1200,0,0.055160664
1201,0,0.05418888
1202,0,0.36437762
1203,0,0.05404636
1204,0,0.63317055
1205,1,0.633391
1206,0,0.4006615
1207,0,0.05405343
1208,0,0.27697456
1209,0,0.05547601
1210,0,0.15043482
1211,0,0.054190293
1212,0,0.056091826
1213,0,0.054343056
1214,0,0.05405525
1215,0,0.05440259
1216,0,0.05837131
1217,0,0.05429572
1218,0,0.054582294
1219,0,0.057737045
1220,0,0.61111367
1221,1,0.6276555
1222,0,0.05492277
1223,1,0.4779472
1224,0,0.0551992
1225,1,0.6316153
1226,0,0.054535672
1227,0,0.05409495
1228,0,0.05959872
1229,0,0.591065
1230,0,0.055192195
1231,0,0.05449602
1232,0,0.055152964
1233,0,0.05466746
1234,1,0.6157295
1235,1,0.116067596
1236,0,0.055379573
1237,0,0.054410156
1238,0,0.05498783
1239,0,0.054453712
1240,0,0.054176368
1241,1,0.091173545
1242,0,0.05480278
1243,0,0.05444593
1244,0,0.055448003
1245,1,0.24126793
1246,0,0.6326194
1247,0,0.055998385
1248,0,0.0614773
1249,0,0.06352723
1250,0,0.059938494
1251,0,0.057698548
1252,0,0.054610755
1253,1,0.6387804
1254,1,0.30539182
1255,1,0.0653129
1256,0,0.054408368
1257,0,0.64090914
1258,1,0.63972974
1259,0,0.054608047
1260,0,0.0542637
1261,0,0.056807734
1262,0,0.06355496
1263,0,0.05424027
1264,1,0.3441818
1265,0,0.054617815
1266,0,0.05421642
1267,0,0.05420412
1268,0,0.32923076
1269,1,0.6346676
1270,1,0.31922904
1271,0,0.054413263
1272,0,0.3237869
1273,0,0.055389196
1274,0,0.054310102
1275,0,0.05422488
1276,0,0.054323904
1277,0,0.055773664
1278,0,0.062365152
1279,0,0.054240312
1280,0,0.054725423
1281,0,0.054497417
1282,0,0.05506458
1283,0,0.05521292
1284,0,0.054302152
1285,0,0.1774591
1286,1,0.6014631
1287,1,0.1998446
1288,0,0.054640602
1289,1,0.054490894
1290,0,0.054306716
1291,0,0.054551043
1292,0,0.054652426
1293,0,0.05427099
1294,0,0.41783395
1295,0,0.64124274
1296,0,0.20223607
1297,0,0.054465313
1298,0,0.054211386
1299,0,0.054229245
1300,0,0.054303505
1301,1,0.17271838
1302,1,0.6362464
1303,0,0.055303592
1304,0,0.05432376
1305,1,0.63382584
1306,0,0.054914616
1307,1,0.6233178
1308,0,0.054341592
1309,0,0.055592082
1310,0,0.05496984
1311,0,0.6255126
1312,0,0.09241735
1313,0,0.0648496
1314,0,0.054194365
1315,0,0.35354134
1316,0,0.055217285
1317,0,0.057358537
1318,0,0.05516868
1319,0,0.0719909
1320,0,0.054301176
1321,0,0.07099526
1322,0,0.08366439
1323,0,0.060730178
1324,0,0.05414047
1325,1,0.3854227
1326,0,0.06150501
1327,0,0.05590298
1328,0,0.18418479
1329,0,0.053934317
1330,0,0.06011887
1331,0,0.054125763
1332,0,0.05553068
1333,0,0.054033156
1334,1,0.23380312
1335,0,0.056989323
1336,0,0.060683742
1337,0,0.054348335
1338,0,0.054323096
1339,0,0.054958623
1340,1,0.055879302
1341,1,0.25482246
1342,0,0.05421302
1343,1,0.05434805
1344,0,0.06939156
1345,0,0.05471551
1346,0,0.071506955
1347,1,0.056311417
1348,0,0.055894107
1349,1,0.5965675
1350,0,0.054215267
1351,0,0.05721371
1352,0,0.25811273
1353,0,0.054679517
1354,0,0.14294757
1355,0,0.05409522
1356,0,0.054192238
1357,0,0.054228168
1358,0,0.055029523
1359,0,0.055244107
1360,0,0.2397548
1361,0,0.055028398
1362,1,0.09490757
1363,0,0.056397326
1364,0,0.05420758
1365,0,0.05938869
1366,1,0.0545984
1367,0,0.05581373
1368,1,0.6391328
1369,0,0.054146018
1370,0,0.054387275
1371,0,0.3276769
1372,0,0.36163992
1373,0,0.08761007
1374,0,0.05530354
1375,1,0.06594207
1376,0,0.054550793
1377,0,0.054399215
1378,0,0.054906674
1379,0,0.057589658
1380,0,0.054300122
1381,0,0.054750957
1382,0,0.05401521
1383,1,0.14933056
1384,0,0.06038008
1385,0,0.18066922
1386,0,0.63496524
1387,0,0.05508565
1388,0,0.06333065
1389,1,0.09030632
1390,0,0.06386885
1391,0,0.07245364
1392,0,0.16996148
1393,1,0.25134483
1394,0,0.05424059
1395,0,0.057891205
1396,0,0.5195857
1397,1,0.27361244
1398,0,0.054017927
1399,0,0.057645917
1400,0,0.05487566
1401,1,0.4063826
1402,1,0.64000046
1403,0,0.056782488
1404,1,0.6414508
1405,0,0.058887143
1406,1,0.25280517
1407,1,0.31945765
1408,0,0.054289643
1409,1,0.05634153
1410,1,0.056619957
1411,0,0.06771767
1412,1,0.05739814
1413,0,0.6304946
1414,0,0.05546063
1415,1,0.38509238
1416,0,0.056564745
1417,1,0.6136801
1418,1,0.6174231
1419,0,0.1447786
1420,0,0.63913304
1421,1,0.33898237
1422,0,0.054014504
1423,0,0.054396473
1424,0,0.31612873
1425,1,0.6046138
1426,0,0.62791705
1427,1,0.6378481
1428,0,0.054162968
1429,0,0.055289354
1430,0,0.3319327
1431,1,0.35800508
1432,0,0.25858748
1433,0,0.05600141
1434,0,0.055013504
1435,1,0.5981067
1436,0,0.098007046
1437,1,0.32835016
1438,0,0.22807378
1439,0,0.054590933
1440,0,0.055046845
1441,0,0.054177575
1442,0,0.1799416
1443,0,0.05686072
1444,0,0.054283157
1445,0,0.058659397
1446,0,0.05476268
1447,0,0.21420957
1448,0,0.0545309
1449,0,0.05651038
1450,0,0.0542552
1451,0,0.056314807
1452,0,0.054907355
1453,0,0.20409742
1454,0,0.06366704
1455,0,0.59212023
1456,0,0.17667514
1457,0,0.13842256
1458,0,0.23044443
1459,0,0.24216385
1460,0,0.056177814
1461,0,0.054022312
1462,0,0.62378114
1463,0,0.054271422
1464,0,0.055219
1465,0,0.054932214
1466,0,0.08670527
1467,0,0.055285648
1468,1,0.6273295
1469,0,0.63426745
1470,0,0.05525203
1471,0,0.054507922
1472,1,0.639097
1473,0,0.4569061
1474,0,0.05423609
1475,0,0.05649677
1476,0,0.054303505
1477,1,0.6384682
1478,0,0.06060173
1479,0,0.055115517
1480,1,0.56943315
1481,1,0.629761
1482,0,0.054832377
1483,0,0.05414853
1484,0,0.055285927
1485,0,0.0543823
1486,0,0.43326208
1487,0,0.05557181
1488,0,0.054006748
1489,0,0.05438621
1490,0,0.5526853
1491,0,0.083074145
1492,1,0.060546394
1493,0,0.39785323
1494,0,0.63812196
1495,0,0.054238796
1496,1,0.06489577
1497,0,0.054439466
1498,1,0.05643906
1499,0,0.05439377
1500,0,0.054774817
1501,0,0.05489439
1502,0,0.6261513
1503,0,0.054143816
1504,0,0.05445435
1505,0,0.060608633
1506,0,0.054476205
1507,0,0.06511627
1508,0,0.055012316
1509,0,0.055197287
1510,0,0.054266956
1511,0,0.056853108
1512,0,0.056532603
1513,0,0.060941372
1514,0,0.05416773
1515,0,0.19438809
1516,0,0.057223488
1517,0,0.6331683
1518,1,0.22967497
1519,0,0.054264065
1520,0,0.31370735
1521,0,0.060056534
1522,0,0.05490034
1523,0,0.054363087
1524,1,0.6306659
1525,0,0.0575759
1526,0,0.05401135
1527,0,0.054627758
1528,0,0.07238466
1529,0,0.054635443
1530,0,0.05708024
1531,0,0.054308403
1532,0,0.054713298
1533,1,0.062930256
1534,0,0.054250717
1535,0,0.22931065
1536,0,0.25059906
1537,1,0.404463
1538,1,0.25090194
1539,1,0.6330741
1540,0,0.054985464
1541,0,0.26733
1542,0,0.056588173
1543,0,0.21171151
1544,0,0.21698716
1545,0,0.06055566
1546,0,0.20227969
1547,0,0.054170735
1548,1,0.6170163
1549,1,0.6400797
1550,1,0.50325376
1551,0,0.05418532
1552,0,0.054153904
1553,0,0.3984055
1554,0,0.05480216
1555,0,0.05549516
1556,0,0.10718024
1557,1,0.377161
1558,0,0.05435549
1559,0,0.05957087
1560,0,0.054216884
1561,1,0.58566755
1562,0,0.05464129
1563,0,0.055595897
1564,0,0.054338016
1565,0,0.58293
1566,0,0.053961255
1567,0,0.25709885
1568,0,0.054066412
1569,1,0.25529525
1570,1,0.6228058
1571,0,0.06271815
1572,0,0.054242097
1573,0,0.054279644
1574,0,0.055349384
1575,0,0.05526083
1576,0,0.054597527
1577,0,0.054656062
1578,1,0.058488756
1579,0,0.05433672
1580,1,0.05477006
1581,0,0.054200698
1582,0,0.05410491
1583,0,0.055161413
1584,0,0.055194475
1585,0,0.05406601
1586,0,0.054433238
1587,0,0.19643596
1588,1,0.6398733
1589,0,0.05449108
1590,0,0.05469678
1591,0,0.05669932
1592,0,0.06006251
1593,0,0.054051414
1594,0,0.05623174
1595,0,0.37399587
1596,0,0.055256177
1597,0,0.055444576
1598,0,0.055197112
1599,0,0.336509
1600,0,0.055940486
1601,1,0.5852238
1602,0,0.054037713
1603,1,0.57177746
1604,1,0.4237507
1605,0,0.054000013
1606,1,0.56245214
1607,0,0.05431006
1608,0,0.054942675
1609,1,0.15360902
1610,0,0.18451393
1611,0,0.054221433
1612,0,0.5950238
1613,1,0.34975237
1614,0,0.054596346
1615,0,0.23435694
1616,0,0.054614898
1617,0,0.18305135
1618,0,0.05429745
1619,0,0.05519318
1620,1,0.20708117
1621,0,0.054005213
1622,0,0.054258905
1623,0,0.05487037
1624,0,0.05422522
1625,0,0.05422576
1626,0,0.05810128
1627,0,0.054424785
1628,0,0.16434878
1629,0,0.05412839
1630,0,0.24841169
1631,0,0.05570321
1632,0,0.21137756
1633,0,0.05415526
1634,0,0.05448937
1635,0,0.25251636
1636,1,0.4466982
1637,1,0.6173783
1638,1,0.20280436
1639,0,0.054949015
1640,1,0.28445593
1641,0,0.61046714
1642,0,0.055005178
1643,0,0.054317906
1644,0,0.056193992
1645,0,0.054140348
1646,1,0.59693724
1647,0,0.35060063
1648,0,0.057403315
1649,0,0.054121476
1650,0,0.054423027
1651,0,0.055616494
1652,0,0.054117013
1653,0,0.05494453
1654,0,0.15108436
1655,0,0.05436847
1656,0,0.054691426
1657,1,0.6413222
1658,0,0.057564467
1659,1,0.07114103
1660,0,0.05683687
1661,0,0.05418313
1662,0,0.056591954
1663,0,0.05425686
1664,0,0.59980303
1665,0,0.05671677
1666,1,0.6298294
1667,0,0.054428294
1668,0,0.36458945
1669,0,0.054544806
1670,0,0.054335564
1671,1,0.6075785
1672,1,0.6358191
1673,0,0.05414963
1674,0,0.054425213
1675,0,0.05432671
1676,0,0.43526843
1677,0,0.05458201
1678,0,0.17987463
1679,0,0.054146092
1680,0,0.057526052
1681,0,0.6252425
1682,0,0.05427319
1683,0,0.0541697
1684,0,0.63829553
1685,0,0.055033397
1686,0,0.054344643
1687,1,0.25943977
1688,1,0.6347983
1689,0,0.054284222
1690,0,0.059189375
1691,1,0.34996364
1692,0,0.055078834
1693,1,0.25573662
1694,0,0.22087444
1695,0,0.054127656
1696,0,0.0542095
1697,0,0.05499453
1698,0,0.05438302
1699,0,0.05711179
1700,0,0.17866583
1701,0,0.6067033
1702,1,0.20129628
1703,0,0.28938046
1704,0,0.054759536
1705,0,0.059453167
1706,0,0.054329123
1707,0,0.054281127
1708,0,0.05431168
1709,0,0.06317668
1710,0,0.054733906
1711,0,0.05958781
1712,0,0.61470497
1713,0,0.054408405
1714,0,0.05414362
1715,0,0.05445236
1716,0,0.053952906
1717,0,0.056289982
1718,0,0.054089036
1719,0,0.055095244
1720,0,0.054058257
1721,0,0.3654821
1722,0,0.0544172
1723,0,0.05493369
1724,0,0.23419985
1725,0,0.055878848
1726,0,0.29777887
1727,0,0.18102986
1728,0,0.05473756
1729,1,0.34163588
1730,0,0.054044873
1731,0,0.054126266
1732,1,0.056103915
1733,0,0.055236988
1734,0,0.11778635
1735,1,0.47300646
1736,0,0.055792063
1737,1,0.48285395
1738,0,0.05413448
1739,0,0.054236434
1740,0,0.055411935
1741,0,0.056107026
1742,0,0.054980177
1743,1,0.63348997
1744,0,0.05555582
1745,1,0.60406524
1746,0,0.05416011
1747,0,0.054856896
1748,0,0.06666009
1749,0,0.055351544
1750,0,0.05437683
1751,0,0.055032898
1752,0,0.05611161
1753,0,0.054947827
1754,0,0.057775375
1755,0,0.05429747
1756,0,0.054794777
1757,0,0.49433455
1758,0,0.05418205
1759,0,0.054152925
1760,1,0.62365276
1761,0,0.056355815
1762,0,0.6212995
1763,1,0.054594204
1764,1,0.22371325
1765,0,0.2057661
1766,0,0.05674495
1767,0,0.054741286
1768,1,0.6004095
1769,0,0.054511618
1770,0,0.05443104
1771,0,0.055304997
1772,0,0.05424606
1773,1,0.6404634
1774,0,0.054143883
1775,0,0.05526016
1776,1,0.32071778
1777,0,0.059908908
1778,0,0.05498483
1779,0,0.37096924
1780,0,0.05440144
1781,0,0.054862812
1782,0,0.06384108
1783,0,0.06661769
1784,0,0.30528244
1785,0,0.054234184
1786,0,0.055198878
1787,0,0.3301678
1788,0,0.05418483
1789,0,0.055444773
1790,1,0.23868258
1791,0,0.056818254
1792,1,0.59058815
1793,0,0.054303207
1794,0,0.05430314
1795,0,0.58902615
1796,0,0.6389443
1797,0,0.05417587
1798,0,0.3388437
1799,0,0.055083714
1800,0,0.054571234
1801,0,0.056007206
1802,0,0.05447996
1803,0,0.054141156
1804,1,0.3603827
1805,0,0.05411944
1806,0,0.0544735
1807,1,0.36561814
1808,0,0.35577676
1809,0,0.055654354
1810,0,0.18673679
1811,1,0.6359251
1812,0,0.06802151
1813,1,0.6357367
1814,0,0.06713311
1815,0,0.054571025
1816,1,0.6211129
1817,1,0.13357556
1818,0,0.054305095
1819,0,0.61162364
1820,0,0.054226227
1821,0,0.055235993
1822,0,0.05488302
1823,1,0.63196015
1824,1,0.64218724
1825,0,0.054396212
1826,1,0.5384852
1827,0,0.055038996
1828,0,0.056810312
1829,0,0.054275043
1830,0,0.054329872
1831,0,0.054679632
1832,0,0.05596175
1833,0,0.05482032
1834,1,0.5894056
1835,0,0.05390307
1836,0,0.054281443
1837,0,0.05623927
1838,0,0.054120526
1839,0,0.33349332
1840,0,0.056226134
1841,0,0.6212376
1842,0,0.19006181
1843,0,0.05445047
1844,0,0.06060117
1845,0,0.054522138
1846,0,0.054529477
1847,1,0.62163365
1848,0,0.054474805
1849,0,0.055655643
1850,0,0.054531973
1851,0,0.0548994
1852,0,0.05475894
1853,0,0.6345595
1854,0,0.3333038
1855,1,0.05513336
1856,0,0.05419842
1857,0,0.05812592
1858,0,0.054927945
1859,0,0.15116979
1860,0,0.054264754
1861,0,0.2439102
1862,0,0.054113377
1863,0,0.054851916
1864,0,0.3352701
1865,1,0.05812592
1866,0,0.0541981
1867,0,0.059407562
1868,0,0.0578703
1869,0,0.31711712
1870,0,0.59748995
1871,0,0.054227065
1872,1,0.3174273
1873,0,0.055716194
1874,0,0.054241206
1875,0,0.05643416
1876,0,0.054448932
1877,0,0.10168852
1878,0,0.056488864
1879,1,0.64089227
1880,0,0.13824292
1881,1,0.05797227
1882,0,0.054574337
1883,0,0.21732908
1884,0,0.055026792
1885,0,0.05486534
1886,0,0.054527942
1887,1,0.33010945
1888,0,0.055650894
1889,0,0.05489872
1890,1,0.6381565
1891,0,0.054775182
1892,0,0.054378826
1893,0,0.05507442
1894,0,0.054387547
1895,1,0.058118556
1896,0,0.05480767
1897,1,0.6332311
1898,1,0.23602352
1899,0,0.054480355
1900,0,0.23166308
1901,0,0.054089583
1902,0,0.0574753
1903,0,0.30128717
1904,1,0.24332845
1905,0,0.076992095
1906,1,0.3414848
1907,0,0.6320455
1908,1,0.63289404
1909,1,0.05670067
1910,0,0.054334108
1911,0,0.05522257
1912,1,0.6053066
1913,0,0.05410337
1914,0,0.05554343
1915,1,0.61183906
1916,0,0.05533403
1917,0,0.05514983
1918,0,0.054124057
1919,0,0.05425434
1920,0,0.051163286
1921,0,0.26973346
1922,1,0.055023905
1923,1,0.19360492
1924,0,0.6320115
1925,0,0.24267843
1926,0,0.055023666
1927,0,0.63974726
1928,1,0.054392476
1929,0,0.055053037
1930,0,0.054877546
1931,1,0.056580972
1932,0,0.054196846
1933,1,0.6411335
1934,0,0.056054622
1935,0,0.05594084
1936,1,0.3141679
1937,0,0.05937207
1938,0,0.26997125
1939,0,0.216737
1940,0,0.05572695
1941,0,0.05520498
1942,0,0.061108846
1943,0,0.05437647
1944,0,0.23251244
1945,1,0.63228106
1946,1,0.3891049
1947,0,0.054255906
1948,0,0.054085452
1949,0,0.63183594
1950,0,0.055554815
1951,0,0.05421814
1952,1,0.6075675
1953,0,0.054162454
1954,1,0.63946414
1955,0,0.24189882
1956,0,0.054051414
1957,0,0.05538188
1958,1,0.63938653
1959,1,0.33125746
1960,1,0.31829318
1961,0,0.054220904
1962,0,0.054776855
1963,0,0.055164564
1964,1,0.20411168
1965,0,0.054351766
1966,0,0.055830557
1967,0,0.055109918
1968,0,0.054769516
1969,0,0.054399848
1970,0,0.6055346
1971,0,0.058120828
1972,0,0.054350223
1973,0,0.054452233
1974,0,0.054410603
1975,0,0.09355733
1976,0,0.054398544
1977,1,0.593413
1978,1,0.6286426
1979,0,0.054687276
1980,0,0.05550077
1981,0,0.054305952
1982,0,0.057378575
1983,0,0.054344203
1984,0,0.054355867
1985,0,0.3683881
1986,0,0.054196123
1987,0,0.05436025
1988,0,0.05453985
1989,0,0.056460533
1990,0,0.055682153
1991,0,0.054363724
1992,0,0.059632853
1993,0,0.055779662
1994,0,0.054622307
1995,0,0.055369403
1996,0,0.054311268
1997,0,0.40632662
1998,0,0.2400663
1999,1,0.33776563
2000,0,0.054493017
2001,1,0.2787479
2002,0,0.57097226
2003,0,0.08819644
2004,1,0.19819406
2005,1,0.462759
2006,0,0.05556641
2007,0,0.053948104
2008,1,0.64001065
2009,0,0.054818593
2010,1,0.062471308
2011,0,0.054496862
2012,0,0.31510755
2013,1,0.2904759
2014,0,0.054602902
2015,0,0.057028625
2016,1,0.28513587
2017,0,0.056137055
2018,1,0.62115574
2019,0,0.056411844
2020,0,0.06741884
2021,0,0.054294977
2022,0,0.05421332
2023,1,0.16948633
2024,0,0.056319702
2025,0,0.05772288
2026,0,0.05422948
2027,0,0.33377883
2028,1,0.6255678
2029,0,0.054260433
2030,0,0.054447796
2031,0,0.057843477
2032,0,0.62966496
2033,0,0.054774925
2034,0,0.05585118
2035,0,0.054818418
2036,0,0.054516647
2037,0,0.22253655
2038,0,0.33086768
2039,1,0.44186234
2040,1,0.6311573
2041,1,0.33843094
2042,0,0.054845415
2043,1,0.6297109
2044,1,0.22645126
2045,0,0.055439305
2046,1,0.45556292
2047,0,0.05450047
2048,0,0.5948513
2049,0,0.05470224
2050,0,0.20199555
2051,0,0.05564919
2052,0,0.054857317
2053,0,0.3283201
2054,0,0.054365393
2055,0,0.054383315
2056,0,0.14279482
2057,0,0.054228734
2058,0,0.056142733
2059,1,0.48728022
2060,0,0.05715801
2061,0,0.054379616
2062,0,0.054291796
2063,1,0.36434886
2064,0,0.05466046
2065,0,0.054939337
2066,0,0.0547773
2067,1,0.58285826
2068,0,0.066723086
2069,0,0.075853884
2070,0,0.06042508
2071,0,0.21602543
2072,0,0.36764526
2073,0,0.24321635
2074,0,0.055506874
2075,0,0.054412697
2076,0,0.05797163
2077,0,0.054231435
2078,1,0.5958164
2079,0,0.055337284
2080,0,0.055231128
2081,0,0.054216564
2082,0,0.058861885
2083,0,0.054227762
2084,0,0.058023795
2085,0,0.058240052
2086,0,0.6107814
2087,0,0.056969415
2088,0,0.055499773
2089,1,0.4334677
2090,1,0.055370554
2091,0,0.054176338
2092,0,0.055161286
2093,0,0.055139277
2094,0,0.054802362
2095,1,0.39321846
2096,0,0.05435848
2097,0,0.062395554
2098,0,0.054246183
2099,0,0.3341349
2100,0,0.05463296
2101,1,0.30837163
2102,0,0.06547081
2103,0,0.21529597
2104,0,0.28520355
2105,0,0.054071035
2106,1,0.32627693
2107,0,0.056185335
2108,0,0.056140244
2109,0,0.05489621
2110,0,0.070802554
2111,0,0.055643782
2112,1,0.054821078
2113,0,0.053988278
2114,1,0.6357714
2115,0,0.63872683
2116,0,0.42321247
2117,1,0.634519
2118,0,0.4701785
2119,0,0.17771998
2120,1,0.16525485
2121,1,0.6400474
2122,1,0.4472932
2123,0,0.054165605
2124,0,0.054888193
2125,0,0.0590057
2126,0,0.05850935
2127,1,0.62310106
2128,0,0.05622588
2129,1,0.054945115
2130,0,0.6191276
2131,0,0.054366007
2132,0,0.24241833
2133,0,0.104965165
2134,0,0.054158695
2135,0,0.054423846
2136,0,0.054967646
2137,1,0.6383129
2138,0,0.05417144
2139,0,0.054064695
2140,0,0.6332961
2141,0,0.054111533
2142,0,0.056989804
2143,0,0.054244656
2144,1,0.1674097
2145,0,0.055007312
2146,0,0.32227677
2147,0,0.054799285
2148,1,0.061147563
2149,0,0.054392
2150,0,0.05434647
2151,0,0.057594843
2152,0,0.054837942
2153,0,0.05483427
2154,0,0.054344144
2155,0,0.23280938
2156,0,0.0545148
2157,0,0.055159446
2158,0,0.18184109
2159,0,0.05922786
2160,0,0.054516032
2161,0,0.24511608
2162,0,0.054549146
2163,0,0.06883863
2164,1,0.631214
2165,0,0.05493385
2166,1,0.055857193
2167,0,0.054440364
2168,0,0.05446284
2169,1,0.37216896
2170,0,0.05425387
2171,0,0.054419655
2172,0,0.055480734
2173,0,0.054214533
2174,0,0.0542836
2175,0,0.05495486
2176,1,0.6383147
2177,0,0.054211896
2178,0,0.63012666
2179,0,0.07116422
2180,1,0.64014935
2181,0,0.05408561
2182,0,0.05421238
2183,0,0.05429398
2184,0,0.05426889
2185,0,0.055120915
2186,0,0.06948097
2187,0,0.11965946
2188,0,0.057174552
2189,1,0.63755876
2190,0,0.05521803
2191,0,0.31705067
2192,0,0.3437224
2193,0,0.054559894
2194,0,0.41003507
2195,0,0.05468894
2196,0,0.31249198
2197,0,0.054081786
2198,1,0.6357656
2199,0,0.054347046
2200,0,0.055987507
2201,0,0.060954224
2202,0,0.05497424
2203,0,0.05414625
2204,1,0.06257401
2205,0,0.062993035
2206,0,0.1952214
2207,0,0.6075652
2208,1,0.09431998
2209,0,0.05418695
2210,0,0.060871918
2211,0,0.054023564
2212,0,0.054325916
2213,1,0.05637132
2214,0,0.10890512
2215,1,0.25141424
2216,0,0.054256663
2217,0,0.05475106
2218,0,0.054108176
2219,0,0.05442321
2220,0,0.05447159
2221,0,0.45793983
2222,0,0.054998662
2223,0,0.36165342
2224,0,0.054480035
2225,0,0.055618275
2226,0,0.054972354
2227,0,0.22307736
2228,0,0.33690774
2229,0,0.07237598
2230,0,0.05603573
2231,0,0.0542878
2232,0,0.05558631
2233,0,0.3456014
2234,0,0.055084396
2235,1,0.6281498
2236,1,0.5207156
2237,0,0.054373536
2238,0,0.21330456
2239,0,0.32356
2240,0,0.05422339
2241,0,0.05820363
2242,1,0.6271772
2243,0,0.46453047
2244,0,0.05652484
2245,0,0.05783183
2246,0,0.056443837
2247,1,0.57014567
2248,0,0.055317566
2249,0,0.3223289
2250,0,0.05771431
2251,0,0.056113493
2252,0,0.060357228
2253,1,0.5716884
2254,0,0.05547345
2255,0,0.055258103
2256,1,0.5938617
2257,0,0.060337625
2258,1,0.5847283
2259,0,0.0548138
2260,1,0.24828063
2261,0,0.06539992
2262,0,0.3114211
2263,0,0.055154443
2264,0,0.49362522
2265,1,0.6121873
2266,0,0.05479954
2267,0,0.057632294
2268,0,0.057288747
2269,0,0.36990643
2270,0,0.27630037
2271,0,0.054903504
2272,0,0.055458453
2273,1,0.23772997
2274,0,0.054414075
2275,0,0.15602084
2276,0,0.054409266
2277,0,0.05502083
2278,0,0.054920856
2279,0,0.054187946
2280,1,0.6233345
2281,0,0.31602585
2282,0,0.05499717
2283,1,0.5296122
2284,1,0.5945634
2285,0,0.36428937
2286,1,0.40934175
2287,0,0.27589527
2288,0,0.05505622
2289,1,0.061469052
2290,0,0.054086875
2291,0,0.059650075
2292,0,0.24727534
2293,0,0.05503155
2294,1,0.32024583
2295,0,0.07106506
2296,0,0.054345366
2297,1,0.055052534
2298,1,0.13011095
2299,0,0.07527016
2300,0,0.054301985
2301,0,0.5895948
2302,0,0.0546
2303,0,0.054490108
2304,0,0.05448055
2305,0,0.058542386
2306,1,0.22766292
2307,0,0.054470822
2308,0,0.30125168
2309,0,0.05428097
2310,0,0.057144325
2311,0,0.056733586
2312,0,0.058044188
2313,0,0.0542014
2314,0,0.054576118
2315,0,0.056412455
2316,0,0.054188978
2317,0,0.10190922
2318,1,0.6037331
2319,0,0.26271072
2320,0,0.100152425
2321,0,0.071322195
2322,0,0.05434897
2323,0,0.05471881
2324,0,0.25674272
2325,0,0.57195544
2326,0,0.054522984
2327,1,0.09260824
2328,0,0.22000676
2329,0,0.2526588
2330,0,0.6395201
2331,0,0.054200612
2332,0,0.05517817
2333,0,0.06335294
2334,1,0.2841166
2335,0,0.056640636
2336,0,0.05835071
2337,0,0.05484564
2338,0,0.055017967
2339,0,0.36432508
2340,0,0.61497325
2341,1,0.63889104
2342,0,0.24078377
2343,0,0.05735289
2344,0,0.0542591
2345,0,0.60108703
2346,0,0.057728775
2347,0,0.05464269
2348,1,0.6253532
2349,0,0.05452196
2350,0,0.059582908
2351,0,0.27476555
2352,0,0.0541851
2353,1,0.6314301
2354,0,0.06065629
2355,0,0.054295946
2356,0,0.054842737
2357,1,0.5990157
2358,0,0.05414675
2359,0,0.08042164
2360,0,0.054378435
2361,0,0.054802436
2362,0,0.061569247
2363,0,0.054727457
2364,0,0.07090941
2365,0,0.05504408
2366,1,0.055191495
2367,0,0.054572076
2368,0,0.3981649
2369,1,0.23512866
2370,0,0.056911446
2371,0,0.054728232
2372,0,0.055955775
2373,0,0.056206934
2374,0,0.39390296
2375,0,0.41715184
2376,0,0.18484326
2377,1,0.27755132
2378,0,0.055019207
2379,1,0.6235361
2380,0,0.19734888
2381,0,0.20170364
2382,1,0.27085185
2383,0,0.41842934
2384,0,0.05466354
2385,1,0.5972511
2386,0,0.060427617
2387,0,0.58550346
2388,1,0.07215084
2389,0,0.05506106
2390,0,0.05394198
2391,0,0.16995686
2392,0,0.34346488
2393,0,0.05602455
2394,1,0.6356737
2395,0,0.05405756
2396,0,0.05543355
2397,1,0.22992945
2398,0,0.056010146
2399,1,0.1467068
2400,0,0.054635853
2401,0,0.055510875
2402,0,0.19034652
2403,0,0.056223515
2404,0,0.055109434
2405,0,0.05542371
2406,0,0.06284924
2407,0,0.6394888
2408,0,0.058487352
2409,0,0.05437031
2410,1,0.6072074
2411,0,0.05567453
2412,0,0.17592868
2413,0,0.056745343
2414,0,0.05430937
2415,0,0.054387003
2416,0,0.0542488
2417,0,0.05478854
2418,1,0.24224553
2419,1,0.2058447
2420,1,0.6356123
2421,0,0.054853287
2422,0,0.054353308
2423,0,0.4397579
2424,0,0.05417914
2425,1,0.30988556
2426,1,0.17482439
2427,1,0.29824555
2428,0,0.613091
2429,0,0.054571256
2430,1,0.44473767
2431,0,0.058179952
2432,0,0.34473988
2433,0,0.23215914
2434,0,0.054366153
2435,0,0.05859839
2436,0,0.05655648
2437,1,0.2750044
2438,0,0.05426965
2439,0,0.054017536
2440,0,0.055258393
2441,0,0.06865959
2442,0,0.056980845
2443,0,0.054269526
2444,0,0.054819677
2445,0,0.054615017
2446,0,0.054125987
2447,0,0.3535985
2448,0,0.35965163
2449,0,0.055102244
2450,0,0.059237845
2451,0,0.054300714
2452,0,0.058377586
2453,0,0.05419827
2454,0,0.059533842
2455,1,0.5815659
2456,0,0.05674356
2457,1,0.31270328
2458,0,0.05706552
2459,0,0.39775625
2460,0,0.054181315
2461,0,0.05655377
2462,1,0.59681463
2463,0,0.054907594
2464,0,0.06840281
2465,0,0.054374415
2466,1,0.34286088
2467,1,0.27861
2468,0,0.05908027
2469,0,0.056129918
2470,0,0.056018952
2471,0,0.05415522
2472,0,0.0542799
2473,0,0.054107103
2474,0,0.054895997
2475,0,0.056798626
2476,0,0.054063085
2477,1,0.19075799
2478,0,0.055686645
2479,0,0.059039913
2480,0,0.36840323
2481,0,0.054787368
2482,0,0.6198569
2483,0,0.05403764
2484,0,0.0561481
2485,0,0.06917104
2486,1,0.3450358
2487,0,0.055881713
2488,0,0.05434105
2489,0,0.2097508
2490,0,0.055394664
2491,0,0.059780907
2492,1,0.6164601
2493,0,0.07486296
2494,0,0.05512765
2495,1,0.63900936
2496,1,0.21534406
2497,1,0.58128655
2498,0,0.6109311
2499,0,0.054200865
2500,0,0.055390842
2501,0,0.054466207
2502,0,0.3186923
2503,0,0.055856675
2504,0,0.18583424
2505,1,0.63585204
2506,1,0.56934875
2507,0,0.05471279
2508,0,0.6405655
2509,0,0.056263596
2510,1,0.2241261
2511,1,0.6348151
2512,0,0.056116674
2513,0,0.07302417
2514,0,0.054428183
2515,1,0.64186233
2516,0,0.17944384
2517,0,0.056464456
2518,0,0.20873697
2519,1,0.32274184
2520,0,0.054413233
2521,0,0.059087407
2522,1,0.2966986
2523,0,0.17331806
2524,0,0.053992275
2525,1,0.63822585
2526,0,0.055036392
2527,0,0.055307604
2528,0,0.05409022
2529,1,0.4282688
2530,0,0.47406024
2531,0,0.08015316
2532,1,0.63690907
2533,0,0.3209737
2534,1,0.63398814
2535,0,0.059852578
2536,0,0.054731194
2537,0,0.054975912
2538,0,0.05466934
2539,0,0.054272596
2540,0,0.058777045
2541,1,0.054905992
2542,0,0.054296773
2543,0,0.05433125
2544,0,0.054268934
2545,0,0.05653108
2546,1,0.29502562
2547,0,0.055582643
2548,0,0.054218717
2549,1,0.62363464
2550,1,0.3673616
2551,0,0.05417213
2552,1,0.4038995
2553,1,0.23754083
2554,0,0.089621834
2555,0,0.0542753
2556,0,0.18421131
2557,0,0.054841675
2558,1,0.05724633
2559,0,0.05502693
2560,0,0.055375133
2561,0,0.5311749
2562,0,0.054309856
2563,0,0.055276018
2564,0,0.054123018
2565,1,0.36371464
2566,0,0.21834137
2567,1,0.58538926
2568,0,0.054284163
2569,0,0.05539892
2570,0,0.05497243
2571,0,0.05506727
2572,0,0.18369545
2573,0,0.056351125
2574,1,0.41321298
2575,0,0.054412134
2576,0,0.056127988
2577,0,0.28698453
2578,0,0.23712938
2579,0,0.20181577
2580,0,0.055541705
2581,0,0.055536352
2582,0,0.054176845
2583,0,0.055291295
2584,0,0.054536175
2585,1,0.05830509
2586,0,0.05535101
2587,1,0.51100564
2588,1,0.6236332
2589,0,0.05559117
2590,0,0.055033006
2591,0,0.0576037
2592,0,0.07108307
2593,0,0.05583147
2594,0,0.05454059
2595,1,0.63801223
2596,0,0.05523502
2597,0,0.054319594
2598,0,0.21769612
2599,0,0.09576171
2600,0,0.63795596
2601,0,0.055120915
2602,0,0.054780547
2603,1,0.63405484
2604,0,0.057009168
2605,0,0.055954494
2606,0,0.5818629
2607,0,0.054528553
2608,0,0.054789666
2609,0,0.054196443
2610,0,0.0560842
2611,1,0.3341498
2612,0,0.64033514
2613,0,0.14446922
2614,0,0.05422949
2615,0,0.054278802
2616,0,0.054561533
2617,0,0.45422527
2618,1,0.60840607
2619,0,0.43386456
2620,0,0.054152086
2621,0,0.27467233
2622,0,0.16876419
2623,0,0.05677907
2624,0,0.054761425
2625,1,0.062595844
2626,0,0.054646604
2627,0,0.056000076
2628,0,0.054131366
2629,0,0.054385457
2630,1,0.45826617
2631,0,0.054312933
2632,0,0.6333902
2633,0,0.054443423
2634,0,0.054382395
2635,0,0.054939087
2636,0,0.23332056
2637,0,0.054405563
2638,0,0.054411445
2639,0,0.05608266
2640,0,0.053985275
2641,0,0.058228698
2642,0,0.053948525
2643,1,0.056862585
2644,0,0.29837644
2645,0,0.054879144
2646,0,0.054151025
2647,0,0.61700517
2648,0,0.05454097
2649,0,0.054395255
2650,1,0.33075857
2651,0,0.054381736
2652,0,0.05526479
2653,0,0.0544489
2654,0,0.069789894
2655,1,0.056432888
2656,0,0.05519077
2657,1,0.64043576
2658,0,0.054938715
2659,0,0.054241385
2660,1,0.3667838
2661,0,0.054381426
2662,0,0.054347888
2663,0,0.054705396
2664,0,0.6117632
2665,0,0.5765346
2666,1,0.23942693
2667,0,0.05429481
2668,1,0.6336483
2669,1,0.63430387
2670,0,0.05436382
2671,0,0.054756586
2672,0,0.0662919
2673,1,0.40917405
2674,0,0.05409244
2675,0,0.078941055
2676,0,0.0551911
2677,0,0.05465729
2678,0,0.05570467
2679,1,0.055887338
2680,0,0.05516719
2681,0,0.054347523
2682,0,0.05752288
2683,0,0.3405304
2684,0,0.054299522
2685,0,0.056127623
2686,0,0.18062136
2687,0,0.054985337
2688,0,0.05424662
2689,0,0.36073637
2690,1,0.35587084
2691,0,0.28674683
2692,0,0.055325255
2693,0,0.054743417
2694,0,0.05427182
2695,0,0.05584168
2696,0,0.05489815
2697,0,0.054655652
2698,1,0.056875218
2699,0,0.05432442
2700,0,0.054158337
2701,0,0.055435423
2702,0,0.055930335
2703,1,0.054720912
2704,0,0.054809403
2705,0,0.054815464
2706,0,0.054263998
2707,0,0.054395474
2708,0,0.054365095
2709,0,0.21144354
2710,0,0.054356962
2711,0,0.055081166
2712,0,0.09743526
2713,0,0.054449968
2714,1,0.63845193
2715,1,0.33716205
2716,0,0.18312407
2717,0,0.054168146
2718,0,0.064546674
2719,1,0.056642603
2720,0,0.05518891
2721,0,0.08569627
2722,0,0.055145297
2723,0,0.19993733
2724,0,0.054810524
2725,0,0.37854758
2726,0,0.3359994
2727,0,0.054854453
2728,0,0.05408234
2729,1,0.62020326
2730,0,0.054182217
2731,1,0.056520768
2732,0,0.054669157
2733,0,0.055114463
2734,1,0.056690473
2735,0,0.0550539
2736,0,0.057686713
2737,0,0.054102235
2738,0,0.055766884
2739,0,0.2878744
2740,0,0.054532386
2741,0,0.054914653
2742,0,0.0540463
2743,0,0.05437559
2744,0,0.21924563
2745,0,0.054917958
2746,1,0.23380437
2747,1,0.06037395
2748,0,0.5819675
2749,0,0.06834759
2750,0,0.6404194
2751,0,0.3621558
2752,0,0.054150913
2753,0,0.054173704
2754,0,0.21938343
2755,0,0.056018583
2756,0,0.09454763
2757,0,0.054245874
2758,0,0.31683666
2759,0,0.054307126
2760,0,0.05508518
2761,0,0.2274992
2762,1,0.43026733
2763,1,0.40062773
2764,0,0.054374393
2765,0,0.17114966
2766,0,0.41364884
2767,0,0.055413328
2768,0,0.06663827
2769,0,0.054592203
2770,0,0.05447919
2771,0,0.19510329
2772,1,0.078539185
2773,0,0.05476779
2774,0,0.05440413
2775,0,0.6093351
2776,0,0.054046843
2777,0,0.05405108
2778,0,0.05446157
2779,0,0.056574255
2780,1,0.62908393
2781,0,0.63794917
2782,0,0.05567849
2783,0,0.05490493
2784,0,0.054378435
2785,0,0.055697598
2786,0,0.057055194
2787,0,0.05433204
2788,0,0.26423544
2789,0,0.054257628
2790,0,0.4740192
2791,0,0.34840867
2792,1,0.2218331
2793,1,0.0559821
2794,1,0.630333
2795,1,0.63560104
2796,0,0.06188547
2797,0,0.055186022
2798,1,0.24572583
2799,0,0.05454932
2800,0,0.055052336
2801,1,0.6352044
2802,0,0.057768337
2803,0,0.054481093
2804,1,0.3418911
2805,0,0.055699773
2806,1,0.4576401
2807,0,0.054916482
2808,0,0.3239919
2809,0,0.05485515
2810,0,0.33652878
2811,0,0.054821998
2812,0,0.5226113
2813,1,0.6380638
2814,0,0.056017697
2815,0,0.05412369
2816,0,0.6298683
2817,0,0.05396416
2818,0,0.055170685
2819,0,0.054319557
2820,0,0.054112226
2821,0,0.054274075
2822,0,0.053982526
2823,0,0.05598135
2824,0,0.05399637
2825,0,0.5700369
2826,0,0.054559376
2827,0,0.054293405
2828,0,0.054422338
2829,0,0.20375925
2830,1,0.64017653
2831,0,0.054424085
2832,0,0.054566883
2833,0,0.055093084
2834,0,0.6196877
2835,0,0.055399515
2836,1,0.51422846
2837,1,0.3183675
2838,0,0.054095045
2839,0,0.05450599
2840,0,0.054428965
2841,0,0.054300696
2842,0,0.05617144
2843,0,0.0545325
2844,0,0.20203815
2845,0,0.055729005
2846,0,0.11772599
2847,0,0.05431652
2848,0,0.054352205
2849,0,0.07026754
2850,0,0.6401908
2851,0,0.63875264
2852,0,0.1508957
2853,0,0.0542351
2854,0,0.07439566
2855,0,0.05509441
2856,1,0.062699884
2857,0,0.05415349
2858,0,0.054787293
2859,0,0.054493472
2860,1,0.22419833
2861,1,0.6354726
2862,0,0.054375723
2863,0,0.055621725
2864,0,0.08906748
2865,0,0.054369412
2866,1,0.05483865
2867,0,0.054676183
2868,0,0.05420723
2869,1,0.076005965
2870,0,0.06632689
2871,0,0.05474148
2872,1,0.24007343
2873,0,0.054953497
2874,0,0.054089066
2875,1,0.3698939
2876,1,0.6399409
2877,0,0.054270107
2878,0,0.054277796
2879,0,0.38491407
2880,1,0.63851553
2881,0,0.06211999
2882,0,0.054348107
2883,0,0.57717985
2884,1,0.5151948
2885,0,0.054374706
2886,0,0.054640654
2887,0,0.054020703
2888,0,0.05451706
2889,0,0.5124947
2890,1,0.62586164
2891,0,0.054344192
2892,0,0.054427028
2893,0,0.055902373
2894,1,0.0570991
2895,0,0.05445835
2896,0,0.054170735
2897,0,0.062907696
2898,0,0.63976896
2899,0,0.0542317
2900,0,0.19764715
2901,0,0.05497896
2902,0,0.054241672
2903,0,0.1514412
2904,0,0.054488227
2905,0,0.055905614
2906,0,0.054600637
2907,0,0.05520114
2908,0,0.05416209
2909,0,0.05745087
2910,0,0.3151382
2911,1,0.6381478
2912,0,0.24189709
2913,1,0.6358523
2914,0,0.22415137
2915,0,0.18026718
2916,0,0.054824226
2917,0,0.05433939
2918,1,0.635581
2919,0,0.054029353
2920,0,0.054141536
2921,0,0.054819997
2922,0,0.05430571
2923,0,0.34997016
2924,0,0.059614465
2925,1,0.056945264
2926,0,0.054110523
2927,0,0.22166362
2928,1,0.57543707
2929,0,0.054279394
2930,0,0.054510143
2931,0,0.054700468
2932,0,0.05423508
2933,0,0.054731376
2934,0,0.054324076
2935,0,0.6343436
2936,1,0.63642967
2937,0,0.054175694
2938,1,0.24073811
2939,0,0.06073686
2940,0,0.054459736
2941,0,0.057255544
2942,0,0.05777182
2943,0,0.054168515
2944,0,0.05469039
2945,0,0.056297876
2946,0,0.054478806
2947,1,0.6219136
2948,0,0.06272358
2949,0,0.054618847
2950,0,0.054400142
2951,0,0.33480892
2952,1,0.6318718
2953,0,0.054608542
2954,1,0.59397644
2955,0,0.05403968
2956,0,0.054249987
2957,1,0.3535216
2958,0,0.05405217
2959,0,0.05612525
2960,0,0.05444107
2961,1,0.44919366
2962,0,0.3373337
2963,0,0.058161985
2964,1,0.6341784
2965,0,0.054035135
2966,0,0.36137122
2967,0,0.17000632
2968,0,0.054127753
2969,0,0.57806396
2970,0,0.054616224
2971,0,0.05447935
2972,0,0.05577281
2973,0,0.054554198
2974,0,0.054067265
2975,0,0.05404782
2976,0,0.055571154
2977,0,0.60574836
2978,0,0.05438297
2979,1,0.24980944
2980,1,0.23573051
2981,0,0.054851767
2982,1,0.055421267
2983,1,0.62606514
2984,0,0.054373384
2985,0,0.054563954
2986,1,0.57547635
2987,0,0.054268964
2988,0,0.055378098
2989,0,0.0543277
2990,0,0.05512347
2991,0,0.054352842
2992,1,0.57076526
2993,1,0.056526385
2994,0,0.0547645
2995,0,0.05557546
2996,0,0.26623654
2997,0,0.20688954
2998,1,0.25462538
2999,0,0.5828774
3000,0,0.054772705
3001,0,0.23268901
3002,0,0.16162646
3003,1,0.054685548
3004,1,0.60593337
3005,0,0.054094035
3006,0,0.36431885
3007,1,0.054824866
3008,0,0.37836158
3009,0,0.076798245
3010,0,0.055576663
3011,0,0.05430625
3012,0,0.05501276
3013,0,0.05431048
3014,0,0.05476969
3015,0,0.63486564
3016,1,0.28590328
3017,0,0.055959657
3018,0,0.055063315
3019,0,0.054932427
3020,1,0.6268994
3021,0,0.06540314
3022,0,0.054298826
3023,0,0.055503123
3024,1,0.08648738
3025,0,0.33917636
3026,0,0.054592174
3027,0,0.0541227
3028,1,0.07105765
3029,0,0.6007805
3030,0,0.2022944
3031,0,0.059520405
3032,0,0.05496479
3033,1,0.45240316
3034,0,0.32025906
3035,0,0.05420458
3036,0,0.21228977
3037,0,0.054235667
3038,0,0.05418659
3039,0,0.05418987
3040,1,0.51987195
3041,0,0.05459666
3042,0,0.0601959
3043,1,0.057285
3044,1,0.38098553
3045,0,0.055596087
3046,1,0.055750925
3047,0,0.054473847
3048,0,0.05450765
3049,1,0.6417807
3050,0,0.22109692
3051,0,0.30644274
3052,0,0.05485466
3053,0,0.11706242
3054,0,0.054814663
3055,0,0.054173596
3056,0,0.17816609
3057,1,0.59665936
3058,0,0.05453423
3059,0,0.05432043
3060,0,0.054614205
3061,1,0.64042974
3062,0,0.06376042
3063,0,0.05520533
3064,0,0.054522887
3065,0,0.31487608
3066,0,0.06476666
3067,0,0.16073325
3068,0,0.19988303
3069,1,0.3981083
3070,0,0.63656396
3071,0,0.055403396
3072,0,0.054395158
3073,0,0.054279312
3074,0,0.07513151
3075,1,0.64078933
3076,0,0.054044057
3077,0,0.28641728
3078,1,0.24475113
3079,1,0.05832337
3080,0,0.055293903
3081,0,0.19223733
3082,0,0.05424062
3083,1,0.6242467
3084,1,0.63946825
3085,0,0.3662202
3086,0,0.05464647
3087,0,0.054637942
3088,0,0.054202147
3089,0,0.22923797
3090,0,0.110069215
3091,0,0.054382395
3092,1,0.6199136
3093,0,0.054042447
3094,0,0.059552237
3095,0,0.05634912
3096,0,0.054470133
3097,1,0.05880823
3098,0,0.23056121
3099,0,0.055718772
3100,1,0.23611477
3101,1,0.39063162
3102,1,0.054679073
3103,0,0.056048498
3104,0,0.05420419
3105,1,0.6402961
3106,1,0.3531609
3107,0,0.053979203
3108,0,0.06388724
3109,0,0.054872625
3110,1,0.60009414
3111,0,0.05410366
3112,0,0.054405708
3113,0,0.054315746
3114,0,0.054587733
3115,0,0.054050516
3116,0,0.055133015
3117,0,0.054941464
3118,0,0.060259
3119,0,0.05475893
3120,0,0.05515447
3121,0,0.05417616
3122,0,0.054388855
3123,0,0.054989263
3124,0,0.054843575
3125,0,0.05541293
3126,0,0.054411598
3127,0,0.054626886
3128,0,0.21196651
3129,0,0.28941163
3130,1,0.61643195
3131,0,0.06821205
3132,1,0.25545415
3133,0,0.05547843
3134,0,0.07412984
3135,0,0.054354668
3136,0,0.058922734
3137,1,0.38325363
3138,1,0.20180789
3139,0,0.05508035
3140,0,0.054793004
3141,0,0.05463904
3142,0,0.22968322
3143,0,0.055653024
3144,0,0.05417275
3145,0,0.05738559
3146,0,0.05699202
3147,1,0.42065188
3148,0,0.05855411
3149,1,0.05491829
3150,0,0.054186974
3151,0,0.06552854
3152,0,0.05553719
3153,0,0.33050814
3154,0,0.054082107
3155,1,0.18072863
3156,0,0.24006213
3157,0,0.056999244
3158,1,0.05805858
3159,1,0.6391644
3160,0,0.05431181
3161,1,0.38646898
3162,0,0.05505897
3163,0,0.5887078
3164,0,0.07751123
3165,0,0.054723922
3166,1,0.2130135
3167,0,0.05492059
3168,0,0.6033087
3169,0,0.05517005
3170,1,0.6139202
3171,1,0.6223456
3172,1,0.43395913
3173,1,0.64088035
3174,0,0.59697795
3175,1,0.6377793
3176,0,0.3034727
3177,0,0.054806933
3178,0,0.05411075
3179,0,0.054592162
3180,0,0.054682273
3181,0,0.057583123
3182,0,0.16539404
3183,1,0.52354574
3184,1,0.29178557
3185,0,0.054157056
3186,0,0.05396329
3187,0,0.05565495
3188,0,0.05581799
3189,0,0.054444775
3190,1,0.5037251
3191,0,0.054331128
3192,0,0.05454526
3193,0,0.054907456
3194,0,0.055273432
3195,1,0.39606628
3196,1,0.6325499
3197,0,0.4337392
3198,0,0.058012567
3199,0,0.05655662
3200,0,0.05429337
3201,0,0.056514986
3202,0,0.054361798
3203,0,0.054200463
3204,0,0.6309508
3205,0,0.2088308
3206,0,0.6362277
3207,1,0.31856608
3208,0,0.05564535
3209,0,0.05514547
3210,0,0.26443946
3211,0,0.054153968
3212,0,0.056822613
3213,0,0.21078542
3214,0,0.23100285
3215,0,0.05736519
3216,0,0.05543899
3217,0,0.055881668
3218,1,0.63896036
3219,1,0.63556165
3220,0,0.054318942
3221,0,0.0545207
3222,0,0.43784547
3223,0,0.05437921
3224,0,0.054065797
3225,0,0.062919885
3226,0,0.054559086
3227,0,0.34617203
3228,0,0.054151926
3229,0,0.1718269
3230,0,0.054782726
3231,0,0.054803904
3232,1,0.5787217
3233,0,0.05555001
3234,0,0.05427256
3235,0,0.054421123
3236,0,0.054630637
3237,0,0.6217808
3238,0,0.05449227
3239,0,0.058388803
3240,0,0.054402508
3241,1,0.12827651
3242,1,0.6348978
3243,0,0.45620513
3244,0,0.057277814
3245,0,0.05454369
3246,0,0.1930505
3247,0,0.637355
3248,0,0.054119896
3249,0,0.05824536
3250,0,0.05519347
3251,0,0.054288425
3252,0,0.054314215
3253,0,0.05507596
3254,0,0.05413588
3255,1,0.631211
3256,0,0.05421945
3257,0,0.055355575
3258,0,0.054582357
3259,1,0.6222248
3260,0,0.57673913
3261,0,0.054222714
3262,0,0.054540306
3263,0,0.074766956
3264,0,0.057275172
3265,0,0.054226395
3266,0,0.054197274
3267,0,0.06531653
3268,0,0.1242473
3269,0,0.59313947
3270,0,0.19140352
3271,1,0.055135984
3272,1,0.058341652
3273,0,0.054843057
3274,0,0.054463852
3275,0,0.054456163
3276,0,0.09996315
3277,0,0.053989064
3278,0,0.29910615
3279,1,0.51637787
3280,0,0.28944358
3281,0,0.054296743
3282,0,0.20768957
3283,1,0.24602205
3284,0,0.05477567
3285,0,0.05660647
3286,0,0.05490712
3287,1,0.6053192
3288,0,0.05429662
3289,0,0.05516965
3290,0,0.05439219
3291,0,0.054283034
3292,0,0.054151222
3293,1,0.58477193
3294,0,0.1815535
3295,1,0.63852334
3296,0,0.17980401
3297,0,0.05427615
3298,0,0.0548179
3299,1,0.06895256
3300,0,0.059114896
3301,1,0.38699868
3302,0,0.055037484
3303,1,0.5881936
3304,1,0.6263838
3305,0,0.058316257
3306,0,0.05402604
3307,0,0.055621065
3308,1,0.6278369
3309,1,0.13734123
3310,1,0.18178764
3311,0,0.054868076
3312,0,0.055249903
3313,0,0.08851988
3314,0,0.23551258
3315,0,0.05577714
3316,0,0.05835614
3317,0,0.054427836
3318,0,0.054323185
3319,0,0.054333605
3320,1,0.055254687
3321,0,0.19742496
3322,0,0.055642545
3323,0,0.055325843
3324,0,0.22997174
3325,0,0.054253083
3326,0,0.05487406
3327,0,0.05833325
3328,0,0.054363526
3329,0,0.05610422
3330,0,0.055191517
3331,0,0.054245643
3332,0,0.055375807
3333,0,0.20540647
3334,0,0.055139247
3335,0,0.63676316
3336,1,0.5786067
3337,0,0.05396544
3338,0,0.054633114
3339,0,0.6393193
3340,0,0.054169293
3341,0,0.6395857
3342,0,0.059127737
3343,0,0.054617997
3344,0,0.054422967
3345,0,0.05500126
3346,0,0.055155896
3347,0,0.054351065
3348,0,0.05797451
3349,0,0.054238938
3350,0,0.054307777
3351,0,0.3569815
3352,0,0.054139566
3353,0,0.05489434
3354,1,0.056654297
3355,0,0.05547077
3356,0,0.27147767
3357,0,0.14246735
3358,1,0.28636515
3359,0,0.3859452
3360,1,0.6261995
3361,0,0.054402124
3362,0,0.5088769
3363,1,0.25774404
3364,1,0.055956457
3365,1,0.6319317
3366,0,0.054452997
3367,0,0.05408158
3368,1,0.61755127
3369,0,0.058462728
3370,0,0.3800712
3371,0,0.3595436
3372,0,0.05406029
3373,0,0.060944375
3374,0,0.05425462
3375,0,0.05506301
3376,0,0.055370893
3377,0,0.054850385
3378,0,0.05434387
3379,0,0.23138937
3380,0,0.63551515
3381,0,0.055767134
3382,0,0.05442321
3383,0,0.17057012
3384,0,0.05441858
3385,0,0.054259464
3386,0,0.054112542
3387,0,0.054973163
3388,0,0.060551155
3389,1,0.36091113
3390,0,0.33959186
3391,0,0.05473476
3392,1,0.6386803
3393,0,0.054643422
3394,0,0.054516617
3395,0,0.054140143
3396,0,0.055322178
3397,0,0.20601296
3398,0,0.05727856
3399,0,0.26960143
3400,0,0.054768875
3401,0,0.055410635
3402,0,0.07696038
3403,0,0.058023863
3404,0,0.054766756
3405,0,0.05584022
3406,0,0.054451164
3407,0,0.24151406
3408,0,0.3309503
3409,0,0.054147825
3410,0,0.09422711
3411,0,0.1506837
3412,0,0.05644117
3413,0,0.054074705
3414,0,0.054911476
3415,0,0.05411584
3416,1,0.13506775
3417,0,0.059064396
3418,1,0.31655827
3419,0,0.054069903
3420,0,0.05643929
3421,0,0.056199584
3422,0,0.054490134
3423,0,0.05497128
3424,0,0.05443562
3425,0,0.056415994
3426,0,0.055207767
3427,0,0.23743084
3428,0,0.054616623
3429,0,0.05502838
3430,0,0.054347917
3431,0,0.05583668
3432,0,0.054735415
3433,0,0.05481695
3434,1,0.63576156
3435,0,0.054498397
3436,0,0.054210503
3437,0,0.35788268
3438,1,0.6003812
3439,0,0.6228918
3440,0,0.6009678
3441,0,0.055690806
3442,1,0.53715277
3443,0,0.056586128
3444,0,0.0545007
3445,0,0.054282572
3446,0,0.054721083
3447,0,0.05414663
3448,0,0.054212607
3449,0,0.054923963
3450,0,0.058815703
3451,1,0.21106896
3452,0,0.6403717
3453,0,0.054208864
3454,0,0.055681348
3455,0,0.054844663
3456,1,0.6279406
3457,0,0.05432845
3458,0,0.24015784
3459,0,0.054173153
3460,0,0.056214876
3461,0,0.054054283
3462,0,0.43651372
3463,1,0.41567856
3464,0,0.055249456
3465,0,0.056050282
3466,0,0.055045515
3467,1,0.6345826
3468,0,0.05415574
3469,0,0.35348645
3470,0,0.054413535
3471,1,0.4900641
3472,0,0.596687
3473,0,0.054344453
3474,0,0.23566122
3475,0,0.06415577
3476,0,0.41168988
3477,1,0.50282836
3478,0,0.05416018
3479,0,0.0545929
3480,0,0.05536649
3481,0,0.23347533
3482,0,0.24528725
3483,0,0.061120864
3484,0,0.05416901
3485,0,0.05442178
3486,1,0.05607028
3487,0,0.054182123
3488,0,0.05538309
3489,0,0.22840814
3490,0,0.05614234
3491,0,0.054519065
3492,0,0.2381342
3493,0,0.05520534
3494,0,0.05496874
3495,0,0.0658604
3496,0,0.055260696
3497,0,0.058578894
3498,1,0.64037585
3499,0,0.05427959
3500,0,0.054118477
3501,0,0.06009209
3502,0,0.054564837
3503,0,0.05858261
3504,0,0.2351209
3505,0,0.056310974
3506,0,0.054318856
3507,0,0.054496568
3508,0,0.055681046
3509,0,0.19445167
3510,0,0.055544812
3511,1,0.24724956
3512,0,0.21286462
3513,0,0.23183905
3514,0,0.056891594
3515,0,0.05577237
3516,0,0.066125914
3517,0,0.055089932
3518,0,0.054831862
3519,0,0.634966
3520,0,0.054737672
3521,0,0.06726193
3522,0,0.20715486
3523,0,0.054834377
3524,0,0.055464476
3525,1,0.15261543
3526,0,0.055394027
3527,0,0.054430895
3528,0,0.054435816
3529,0,0.055371713
3530,0,0.2162542
3531,0,0.05452096
3532,0,0.06069972
3533,0,0.054613713
3534,0,0.054260913
3535,0,0.21247555
3536,0,0.05457575
3537,0,0.05464627
3538,0,0.055222113
3539,0,0.054533776
3540,0,0.054316826
3541,0,0.054899335
3542,0,0.055057462
3543,0,0.05430244
3544,0,0.056678332
3545,0,0.13773622
3546,0,0.05521171
3547,0,0.054561272
3548,0,0.05509173
3549,0,0.5913117
3550,0,0.05519782
3551,0,0.054368064
3552,1,0.3608345
3553,0,0.054535367
3554,0,0.054214522
3555,0,0.055953108
3556,1,0.6402077
3557,0,0.054519616
3558,0,0.05440078
3559,1,0.6076204
3560,1,0.1384309
3561,0,0.21834421
3562,0,0.055486653
3563,0,0.05426857
3564,0,0.05807172
3565,0,0.05422603
3566,0,0.05421852
3567,0,0.05482951
3568,0,0.5220252
3569,1,0.56989884
3570,0,0.054497477
3571,0,0.23002392
3572,1,0.6371309
3573,0,0.6393988
3574,0,0.05396442
3575,1,0.50089574
3576,0,0.32383233
3577,0,0.054358736
3578,0,0.25049484
3579,0,0.05706007
3580,0,0.05394916
3581,0,0.05430824
3582,0,0.05413586
3583,0,0.05975389
3584,0,0.066005565
3585,1,0.34284738
3586,0,0.055604324
3587,1,0.6346467
3588,0,0.2176333
3589,1,0.63691807
3590,1,0.63933533
3591,0,0.054859716
3592,0,0.0545914
3593,0,0.6314992
3594,0,0.27749586
3595,0,0.05519902
3596,0,0.44141132
3597,1,0.63946307
3598,1,0.5563389
3599,0,0.054881364
3600,0,0.05581423
3601,0,0.054302692
3602,1,0.634397
3603,0,0.055259362
3604,0,0.054183695
3605,1,0.28924602
3606,0,0.05481829
3607,0,0.05437568
3608,0,0.05472336
3609,0,0.055136308
3610,0,0.054218158
3611,0,0.05441969
3612,0,0.20857154
3613,0,0.055533584
3614,0,0.6282563
3615,0,0.6163721
3616,1,0.63646936
3617,0,0.055718426
3618,0,0.057629302
3619,0,0.27956557
3620,0,0.05414221
3621,0,0.05474871
3622,0,0.24993514
3623,0,0.054214645
3624,0,0.05702716
3625,0,0.05416203
3626,0,0.054269806
3627,0,0.05420512
3628,0,0.6324468
3629,0,0.055048272
3630,0,0.054228716
3631,0,0.11953026
3632,0,0.1862531
3633,0,0.054224867
3634,1,0.062080875
3635,0,0.6392028
3636,0,0.068571106
3637,0,0.22223409
3638,0,0.06709813
3639,0,0.054268006
3640,1,0.16291676
3641,0,0.05467167
3642,0,0.058617454
3643,0,0.054168124
3644,0,0.05424151
3645,1,0.6328839
3646,0,0.05930189
3647,1,0.6014814
3648,0,0.32803467
3649,0,0.055862922
3650,0,0.05463648
3651,1,0.23547015
3652,0,0.24353036
3653,0,0.3450579
3654,0,0.053902086
3655,0,0.054184616
3656,0,0.26432133
3657,0,0.055390697
3658,0,0.26847452
3659,0,0.25003764
3660,1,0.6145014
3661,0,0.0554446
3662,0,0.22657572
3663,0,0.054216333
3664,0,0.055932306
3665,0,0.053961508
3666,0,0.054156065
3667,0,0.35982645
3668,1,0.6377702
3669,0,0.05462494
3670,0,0.31140187
3671,0,0.059502263
3672,0,0.054487772
3673,0,0.05403566
3674,0,0.057032883
3675,0,0.58763146
3676,0,0.05443186
3677,0,0.054755732
3678,0,0.07321209
3679,1,0.27915803
3680,1,0.056532532
3681,0,0.054775607
3682,1,0.60359824
3683,0,0.05462312
3684,0,0.3022368
3685,0,0.05444286
3686,0,0.056271937
3687,1,0.21802165
3688,0,0.47991627
3689,0,0.054525178
3690,0,0.07428357
3691,0,0.056860637
3692,1,0.32634923
3693,0,0.21723825
3694,0,0.05491546
3695,1,0.4441678
3696,1,0.0579021
3697,1,0.3034988
3698,1,0.4001649
3699,1,0.5759854
3700,0,0.54247606
3701,0,0.05414924
3702,0,0.054320157
3703,1,0.6262148
3704,0,0.6303391
3705,0,0.071104445
3706,0,0.0598098
3707,0,0.054345313
3708,0,0.05456649
3709,0,0.054535553
3710,0,0.05423021
3711,0,0.05429283
3712,0,0.054332774
3713,0,0.05483637
3714,0,0.05481214
3715,0,0.05411706
3716,1,0.21229449
3717,1,0.64118284
3718,0,0.054214366
3719,1,0.6169043
3720,0,0.054777775
3721,0,0.05607534
3722,1,0.05506989
3723,0,0.054825187
3724,0,0.054340206
3725,0,0.6375686
3726,0,0.053937513
3727,1,0.05424081
3728,0,0.054164086
3729,0,0.054696392
3730,0,0.64049053
3731,0,0.16351531
3732,0,0.61254007
3733,1,0.6007903
3734,0,0.23194692
3735,0,0.054192007
3736,1,0.6350383
3737,1,0.3653629
3738,0,0.055014744
3739,0,0.36613265
3740,0,0.05459307
3741,0,0.23285487
3742,0,0.054876912
3743,0,0.07651287
3744,0,0.05467977
3745,0,0.44321895
3746,0,0.05770984
3747,0,0.054425333
3748,0,0.05439121
3749,0,0.4244064
3750,1,0.5870111
3751,0,0.055878673
3752,0,0.054324627
3753,1,0.6302702
3754,0,0.05485768
3755,0,0.054214828
3756,0,0.054743256
3757,0,0.05424769
3758,0,0.054110974
3759,0,0.05588461
3760,0,0.63384485
3761,0,0.6320329
3762,0,0.0557818
3763,0,0.05416322
3764,0,0.056438435
3765,0,0.054906536
3766,0,0.63884586
3767,0,0.055837937
3768,0,0.10294444
3769,0,0.047420826
3770,0,0.05436218
3771,1,0.6054862
3772,0,0.055257555
3773,1,0.6276351
3774,0,0.054107323
3775,1,0.5895278
3776,0,0.25602445
3777,0,0.05617907
3778,0,0.060772177
3779,1,0.62833697
3780,0,0.05504321
3781,0,0.62589574
3782,0,0.054274075
3783,0,0.05433819
3784,0,0.5958731
3785,0,0.22261319
3786,0,0.055021837
3787,0,0.054292753
3788,0,0.057930764
3789,0,0.19640611
3790,0,0.17744355
3791,0,0.055734485
3792,0,0.05401432
3793,0,0.054203752
3794,0,0.36916366
3795,0,0.056484353
3796,0,0.054410294
3797,0,0.05410198
3798,1,0.628863
3799,0,0.24348153
3800,0,0.054788508
3801,0,0.054308735
3802,0,0.407288
3803,0,0.3157628
3804,0,0.24481973
3805,0,0.054247677
3806,1,0.05827173
3807,0,0.054343738
3808,0,0.055392116
3809,0,0.054628275
3810,0,0.053999193
3811,0,0.05443861
3812,0,0.054428954
3813,0,0.3236741
3814,0,0.05467128
3815,0,0.054486398
3816,1,0.58620274
3817,0,0.6030865
3818,0,0.05433218
3819,1,0.32471243
3820,0,0.05923766
3821,1,0.3271418
3822,0,0.17753442
3823,0,0.07056862
3824,1,0.34958714
3825,0,0.05406485
3826,0,0.20389257
3827,1,0.33664322
3828,0,0.05721731
3829,0,0.055126708
3830,0,0.055370145
3831,1,0.61221457
3832,0,0.0544856
3833,0,0.3654225
3834,0,0.05453254
3835,0,0.059581377
3836,0,0.055242512
3837,0,0.05421273
3838,0,0.17977862
3839,1,0.31806853
3840,0,0.0641582
3841,0,0.2108326
3842,0,0.0722871
3843,0,0.05435515
3844,0,0.2335101
3845,1,0.63909495
3846,0,0.05464967
3847,0,0.21480346
3848,0,0.23168224
3849,1,0.6169846
3850,0,0.054246206
3851,0,0.054949757
3852,0,0.055246644
3853,0,0.056425717
3854,0,0.058700692
3855,0,0.05433565
3856,0,0.055210568
3857,0,0.054267004
3858,0,0.054625202
3859,0,0.3698628
3860,0,0.054203235
3861,0,0.05414769
3862,0,0.32391423
3863,0,0.05861551
3864,1,0.32348096
3865,0,0.054886922
3866,1,0.6319547
3867,1,0.6404443
3868,0,0.17117058
3869,0,0.054528195
3870,0,0.054253083
3871,0,0.05403284
3872,0,0.06542365
3873,0,0.054420423
3874,0,0.056936458
3875,0,0.054096743
3876,1,0.54587203
3877,0,0.05407495
3878,0,0.056679662
3879,0,0.05425076
3880,0,0.63752526
3881,0,0.06219867
3882,0,0.054416128
3883,0,0.055614255
3884,0,0.056105055
3885,0,0.054903172
3886,0,0.05594656
3887,0,0.05647282
3888,0,0.054843463
3889,1,0.6194869
3890,0,0.0541711
3891,1,0.5363884
3892,0,0.30638555
3893,0,0.054969966
3894,0,0.18740942
3895,0,0.15008207
3896,0,0.05636612
3897,0,0.054253217
3898,0,0.05601568
3899,0,0.054637033
3900,0,0.055156816
3901,1,0.6315304
3902,0,0.05432932
3903,0,0.05613476
3904,1,0.5981052
3905,1,0.61927557
3906,0,0.054998256
3907,1,0.43943626
3908,0,0.05431384
3909,0,0.054624595
3910,1,0.63762164
3911,0,0.28373775
3912,1,0.054373704
3913,0,0.055258255
3914,0,0.055110846
3915,1,0.56985223
3916,0,0.62368554
3917,0,0.054235786
3918,0,0.05633666
3919,0,0.0767383
3920,0,0.06837519
3921,0,0.057945333
3922,0,0.41670486
3923,0,0.6219762
3924,0,0.054141793
3925,1,0.31978565
3926,1,0.63838756
3927,0,0.05492282
3928,0,0.2114379
3929,0,0.14398435
3930,0,0.05428151
3931,0,0.055869285
3932,0,0.19611269
3933,0,0.06133164
3934,0,0.055150464
3935,0,0.055877086
3936,0,0.056929942
3937,0,0.054365855
3938,0,0.05467569
3939,0,0.5147582
3940,0,0.05434167
3941,0,0.23215091
3942,0,0.055462245
3943,0,0.057259947
3944,0,0.18556222
3945,0,0.05416609
3946,1,0.055459373
3947,0,0.054330386
3948,1,0.6400447
3949,1,0.33945033
3950,1,0.6334867
3951,0,0.054028258
3952,0,0.20372339
3953,1,0.6344994
3954,0,0.054177526
3955,0,0.05420167
3956,0,0.054473795
3957,0,0.078304656
3958,0,0.05577047
3959,0,0.05449641
3960,0,0.63346773
3961,0,0.054358162
3962,0,0.054286294
3963,0,0.6345617
3964,0,0.055462163
3965,0,0.054729
3966,0,0.4732877
3967,0,0.23653527
3968,0,0.054502774
3969,1,0.6064408
3970,0,0.054187767
3971,0,0.054240055
3972,0,0.055197448
3973,0,0.23620896
3974,0,0.054472007
3975,1,0.62455183
3976,0,0.054201566
3977,0,0.054434415
3978,0,0.054276586
3979,1,0.2832609
3980,0,0.62565637
3981,0,0.05627694
3982,0,0.056415904
3983,0,0.06218064
3984,1,0.51100945
3985,0,0.055363037
3986,0,0.6179171
3987,0,0.054683123
3988,0,0.05603053
3989,0,0.055891126
3990,0,0.054207765
3991,0,0.054270957
3992,0,0.26548025
3993,0,0.055759553
3994,0,0.055041943
3995,0,0.05411216
3996,1,0.6216443
3997,1,0.5745846
3998,0,0.32123402
3999,0,0.05526775
4000,0,0.054561887
4001,1,0.23371597
4002,0,0.64092314
4003,0,0.05429282
4004,0,0.07080688
4005,0,0.054616988
4006,0,0.056185875
4007,0,0.05411077
4008,1,0.33858
4009,0,0.05597953
4010,0,0.05477708
4011,0,0.055512775
4012,0,0.054364964
4013,1,0.6383092
4014,0,0.05415249
4015,0,0.05417893
4016,0,0.6330376
4017,0,0.054184396
4018,0,0.05432605
4019,0,0.6103623
4020,0,0.054838028
4021,0,0.053957652
4022,0,0.06536819
4023,0,0.30778316
4024,1,0.63683206
4025,0,0.1442906
4026,0,0.054386146
4027,0,0.069619246
4028,1,0.3989597
4029,0,0.064090386
4030,1,0.59761935
4031,0,0.0542484
4032,1,0.05488729
4033,0,0.054693926
4034,0,0.05623302
4035,0,0.061758075
4036,0,0.054604676
4037,0,0.0545828
4038,1,0.13935065
4039,0,0.06685346
4040,0,0.05494924
4041,0,0.36751655
4042,0,0.060398202
4043,0,0.0544326
4044,0,0.05552564
4045,0,0.054357853
4046,0,0.070337094
4047,1,0.6358453
4048,0,0.25935927
4049,0,0.24349123
4050,0,0.055463903
4051,0,0.2353323
4052,0,0.054249316
4053,1,0.24265711
4054,0,0.056743436
4055,0,0.22772917
4056,0,0.054906264
4057,0,0.057421245
4058,0,0.054230176
4059,0,0.59332937
4060,0,0.05512423
4061,0,0.05924327
4062,0,0.23874855
4063,0,0.05499021
4064,0,0.055680957
4065,0,0.34752735
4066,1,0.06073596
4067,0,0.054378103
4068,0,0.054088295
4069,0,0.054541696
4070,0,0.05624965
4071,0,0.054578096
4072,0,0.33135346
4073,0,0.18720275
4074,0,0.054174766
4075,0,0.05649287
4076,0,0.2120408
4077,0,0.0542564
4078,0,0.063603096
4079,1,0.63357383
4080,1,0.63987356
4081,1,0.22388446
4082,0,0.054258756
4083,0,0.054143853
4084,0,0.05441991
4085,0,0.056373507
4086,1,0.60456276
4087,0,0.054978166
4088,0,0.072022855
4089,0,0.054273877
4090,0,0.054429825
4091,0,0.05609286
4092,0,0.054563265
4093,0,0.058324184
4094,0,0.05651127
4095,0,0.6257034
4096,0,0.080419526
4097,0,0.060445003
4098,0,0.055673726
4099,0,0.054336585
4100,0,0.05420884
4101,1,0.21816757
4102,0,0.23118857
4103,0,0.056899562
4104,0,0.6348785
4105,0,0.05665674
4106,1,0.25093704
4107,0,0.3809227
4108,0,0.054279745
4109,1,0.64114404
4110,1,0.054782264
4111,0,0.055143084
4112,0,0.054838285
4113,0,0.092759356
4114,0,0.05679263
4115,0,0.05899908
4116,0,0.05649973
4117,0,0.06045882
4118,1,0.6403341
4119,1,0.05495044
4120,0,0.32156718
4121,0,0.054188203
4122,0,0.05487244
4123,0,0.056180403
4124,0,0.055544294
4125,0,0.22054827
4126,0,0.054540526
4127,0,0.05428412
4128,0,0.09147689
4129,0,0.05545812
4130,0,0.054449316
4131,0,0.05444524
4132,1,0.63833094
4133,0,0.21514997
4134,0,0.0549661
4135,0,0.0542297
4136,0,0.20102976
4137,0,0.06234604
4138,1,0.5656111
4139,0,0.055050664
4140,0,0.62266475
4141,0,0.055622026
4142,0,0.058892533
4143,0,0.056514394
4144,0,0.054605395
4145,0,0.054327987
4146,0,0.1696335
4147,1,0.2118763
4148,0,0.055911638
4149,0,0.054983776
4150,0,0.27441067
4151,0,0.056212854
4152,0,0.05428759
4153,0,0.6348328
4154,1,0.6294376
4155,0,0.053998977
4156,0,0.19543485
4157,0,0.058844596
4158,1,0.5652513
4159,0,0.054306604
4160,0,0.05438347
4161,0,0.22126296
4162,0,0.056601137
4163,0,0.23428525
4164,0,0.05424562
4165,0,0.057923093
4166,0,0.054680187
4167,0,0.058911882
4168,0,0.057747684
4169,0,0.053894255
4170,1,0.6414216
4171,0,0.6381311
4172,0,0.055403486
4173,0,0.054156076
4174,1,0.1988901
4175,0,0.05432605
4176,0,0.054920245
4177,0,0.054473627
4178,0,0.055114854
4179,1,0.33368307
4180,0,0.055509046
4181,0,0.17351839
4182,1,0.5916843
4183,0,0.05614678
4184,0,0.07387236
4185,1,0.52500707
4186,0,0.05476236
4187,0,0.055839717
4188,1,0.056037217
4189,0,0.0847654
4190,0,0.3404191
4191,0,0.05483942
4192,1,0.057092685
4193,0,0.057627097
4194,0,0.6284871
4195,0,0.23652776
4196,0,0.054904997
4197,1,0.05624377
4198,0,0.36683816
4199,0,0.63461155
4200,0,0.24381813
4201,0,0.054779194
4202,0,0.054923363
4203,0,0.055933617
4204,0,0.058064904
4205,0,0.056223273
4206,0,0.05415874
4207,0,0.1861101
4208,0,0.055851635
4209,0,0.05655461
4210,0,0.054383438
4211,1,0.31179923
4212,0,0.6271308
4213,1,0.624215
4214,0,0.054498337
4215,0,0.6196065
4216,0,0.057166018
4217,1,0.618517
4218,0,0.05675013
4219,0,0.05453635
4220,1,0.63953274
4221,0,0.05510358
4222,0,0.060348954
4223,0,0.054706886
4224,0,0.14913061
4225,0,0.054538473
4226,1,0.255275
4227,1,0.058483176
4228,0,0.05453502
4229,0,0.055400826
4230,1,0.63763136
4231,1,0.4627254
4232,0,0.059998356
4233,0,0.2006543
4234,0,0.05511847
4235,0,0.054268643
4236,0,0.6188338
4237,0,0.06091382
4238,0,0.05818284
4239,0,0.054356385
4240,1,0.059007023
4241,1,0.63754314
4242,0,0.055959217
4243,0,0.05452616
4244,0,0.48586276
4245,0,0.06554441
4246,0,0.2368776
4247,0,0.2631165
4248,0,0.1684988
4249,0,0.055448327
4250,0,0.053788178
4251,0,0.21419391
4252,0,0.054363944
4253,0,0.35761836
4254,0,0.056228586
4255,0,0.053961683
4256,0,0.1763498
4257,1,0.0601097
4258,0,0.18805957
4259,0,0.3731977
4260,1,0.32805273
4261,0,0.63958913
4262,0,0.054808743
4263,0,0.054654736
4264,0,0.054410197
4265,0,0.05660903
4266,1,0.6340832
4267,0,0.054150168
4268,0,0.10542045
4269,0,0.054187592
4270,0,0.06032484
4271,0,0.3325919
4272,1,0.056340866
4273,1,0.3393906
4274,0,0.05481264
4275,0,0.054942995
4276,0,0.055222407
4277,0,0.05478152
4278,0,0.057722446
4279,0,0.56649446
4280,0,0.30544952
4281,0,0.6068833
4282,0,0.24853432
4283,0,0.0542408
4284,1,0.38118345
4285,0,0.590486
4286,0,0.05891323
4287,0,0.054397676
4288,0,0.054272205
4289,1,0.055372912
4290,1,0.19485597
4291,0,0.6347529
4292,0,0.055163853
4293,0,0.27207834
4294,0,0.05437262
4295,0,0.054232817
4296,1,0.5742554
4297,0,0.05668562
4298,0,0.05487464
4299,0,0.05429738
4300,0,0.059293427
4301,0,0.24725541
4302,0,0.18699309
4303,1,0.6154339
4304,0,0.16896366
4305,0,0.056421466
4306,0,0.054108094
4307,0,0.054158352
4308,0,0.05419692
4309,1,0.4868989
4310,0,0.054240968
4311,1,0.598376
4312,0,0.057345394
4313,0,0.05404454
4314,0,0.054318897
4315,0,0.054755595
4316,0,0.2990293
4317,0,0.054284625
4318,0,0.054162823
4319,0,0.19169232
4320,0,0.24002965
4321,1,0.31145012
4322,0,0.6261053
4323,1,0.6360229
4324,1,0.56083196
4325,0,0.6405185
4326,0,0.054529723
4327,0,0.054957878
4328,1,0.6409249
4329,0,0.05661929
4330,0,0.055411074
4331,0,0.055388954
4332,1,0.08052755
4333,0,0.05467124
4334,0,0.055056874
4335,0,0.055622134
4336,0,0.054077316
4337,0,0.1973353
4338,0,0.05449637
4339,1,0.055172775
4340,0,0.62568223
4341,0,0.19731973
4342,0,0.054526232
4343,0,0.056689553
4344,0,0.05514401
4345,0,0.05443751
4346,0,0.056271594
4347,0,0.05483502
4348,0,0.054230526
4349,0,0.05426933
4350,0,0.054469522
4351,0,0.64102304
4352,1,0.34046194
4353,0,0.054933194
4354,0,0.055631053
4355,0,0.19878699
4356,0,0.05419512
4357,0,0.055139605
4358,0,0.05505329
4359,1,0.35273936
4360,0,0.055987183
4361,0,0.38783768
4362,0,0.055401113
4363,0,0.066349424
4364,1,0.63634175
4365,1,0.054345842
4366,0,0.054319315
4367,0,0.0616005
4368,0,0.05425193
4369,0,0.05423906
4370,1,0.6322584
4371,1,0.35428727
4372,0,0.3227235
4373,0,0.20520262
4374,0,0.05733206
4375,0,0.05425609
4376,0,0.05449079
4377,0,0.63223
4378,0,0.23776144
4379,0,0.23130059
4380,0,0.054785445
4381,0,0.119135514
4382,0,0.054126926
4383,1,0.62784576
4384,0,0.054359436
4385,1,0.31609744
4386,0,0.34062648
4387,0,0.054729022
4388,0,0.054460883
4389,0,0.06248379
4390,0,0.055986412
4391,0,0.058273166
4392,1,0.62461394
4393,1,0.61963254
4394,0,0.055342168
4395,0,0.0543531
4396,0,0.054309
4397,0,0.055140216
4398,0,0.05469624
4399,0,0.054608777
4400,1,0.06327399
4401,1,0.21589516
4402,0,0.057566546
4403,0,0.05544565
4404,0,0.05441677
4405,0,0.05542262
4406,1,0.055916544
4407,0,0.054226354
4408,0,0.6139052
4409,1,0.63806367
4410,0,0.22999315
4411,0,0.05470287
4412,0,0.055755068
4413,0,0.054672003
4414,0,0.05893353
4415,0,0.054763693
4416,0,0.63347834
4417,1,0.22165516
4418,0,0.05597447
4419,0,0.054530237
4420,0,0.212696
4421,0,0.054151814
4422,0,0.05702566
4423,0,0.054606143
4424,0,0.05444809
4425,0,0.055453252
4426,1,0.6245711
4427,0,0.054384403
4428,0,0.24230212
4429,0,0.22413626
4430,0,0.060511153
4431,0,0.0540689
4432,1,0.6206123
4433,1,0.19280484
4434,0,0.0628379
4435,0,0.05435006
4436,0,0.054440208
4437,0,0.3028058
4438,0,0.06662012
4439,0,0.05420393
4440,0,0.054472312
4441,0,0.054600872
4442,0,0.055330064
4443,0,0.05453931
4444,0,0.05434462
4445,0,0.20637631
4446,0,0.24408574
4447,0,0.05440577
4448,0,0.22674154
4449,1,0.58026856
4450,0,0.05417765
4451,1,0.63295966
4452,1,0.6336804
4453,0,0.054247793
4454,1,0.64086074
4455,0,0.056388367
4456,0,0.05446614
4457,1,0.056738917
4458,0,0.05480837
4459,0,0.054371867
4460,0,0.05426233
4461,0,0.054212324
4462,1,0.5895763
4463,1,0.058224626
4464,1,0.2771014
4465,0,0.055107012
4466,0,0.2526713
4467,0,0.05413313
4468,1,0.6003129
4469,0,0.06182643
4470,1,0.5901578
4471,0,0.35450423
4472,0,0.055683006
4473,1,0.056124095
4474,0,0.065532945
4475,0,0.05433837
4476,1,0.05534042
4477,0,0.14775622
4478,1,0.6392833
4479,1,0.05633258
4480,1,0.20866324
4481,0,0.055146504
4482,0,0.6073828
4483,0,0.057419475
4484,0,0.6270836
4485,0,0.054735497
4486,0,0.054949038
4487,1,0.07943489
4488,0,0.056609284
4489,0,0.05416674
4490,1,0.628212
4491,0,0.054253317
4492,0,0.055020906
4493,0,0.05418145
4494,0,0.23860814
4495,1,0.3550579
4496,0,0.05428751
4497,0,0.058880277
4498,1,0.6342628
4499,0,0.23158096
4500,1,0.55177975
4501,0,0.05539811
4502,0,0.06066891
4503,0,0.58709705
4504,1,0.29678684
4505,1,0.6374762
4506,0,0.054198887
4507,1,0.054352593
4508,1,0.17916372
4509,0,0.054195132
4510,1,0.35576493
4511,0,0.44728914
4512,0,0.055494916
4513,1,0.43310884
4514,1,0.6105902
4515,0,0.05537832
4516,0,0.056351848
4517,0,0.054180603
4518,0,0.055794947
4519,0,0.06105192
4520,0,0.10503203
4521,0,0.6383095
4522,0,0.054278947
4523,0,0.054154463
4524,0,0.24099821
4525,0,0.056693494
4526,0,0.17365435
4527,0,0.31607902
4528,0,0.056593128
4529,0,0.056457117
4530,0,0.46020085
4531,0,0.055571478
4532,0,0.055164367
4533,0,0.054029893
4534,1,0.343286
4535,0,0.054271694
4536,1,0.6380267
4537,0,0.15612032
4538,0,0.054610584
4539,0,0.05486528
4540,0,0.059437435
4541,1,0.35983825
4542,0,0.055039767
4543,0,0.05488041
4544,0,0.054787997
4545,0,0.22820437
4546,1,0.6398267
4547,0,0.054199755
4548,0,0.05399064
4549,0,0.059179552
4550,0,0.24218275
4551,0,0.054162577
4552,0,0.08792776
4553,0,0.05621856
4554,0,0.055872157
4555,0,0.060204264
4556,0,0.055469852
4557,0,0.62860554
4558,1,0.58808005
4559,0,0.3724739
4560,0,0.055346403
4561,0,0.054242045
4562,0,0.05483716
4563,0,0.4144933
4564,0,0.054875046
4565,0,0.05412268
4566,0,0.05415793
4567,0,0.054308303
4568,0,0.36039558
4569,0,0.054930642
4570,0,0.05556005
4571,0,0.054268714
4572,1,0.055028733
4573,1,0.44172376
4574,1,0.6402332
4575,0,0.17433068
4576,1,0.1710044
4577,0,0.056566972
4578,0,0.054109167
4579,1,0.07279501
4580,1,0.40587178
4581,1,0.2735001
4582,0,0.06944103
4583,0,0.05537321
4584,0,0.054836333
4585,0,0.056946497
4586,0,0.054328073
4587,1,0.16383263
4588,0,0.05648077
4589,0,0.6378521
4590,0,0.0541362
4591,0,0.06220827
4592,0,0.054379795
4593,0,0.49930716
4594,0,0.24496572
4595,0,0.056214876
4596,0,0.054388046
4597,0,0.056004513
4598,0,0.05509261
4599,0,0.05533987
4600,0,0.0549881
4601,0,0.05418197
4602,0,0.054857615
4603,0,0.059002984
4604,0,0.054311622
4605,1,0.055957515
4606,0,0.6116961
4607,0,0.05425633
4608,0,0.055126596
4609,1,0.45115897
4610,0,0.05497445
4611,1,0.05722127
4612,1,0.085659675
4613,1,0.61376995
4614,0,0.054166704
4615,0,0.06732944
4616,0,0.05435518
4617,1,0.084390156
4618,0,0.05441844
4619,0,0.054122526
4620,0,0.05820672
4621,0,0.05565489
4622,0,0.054274626
4623,1,0.27676156
4624,0,0.055419367
4625,1,0.64020646
4626,0,0.6349314
4627,1,0.6252419
4628,0,0.054704815
4629,0,0.054572772
4630,0,0.055702347
4631,0,0.054130904
4632,0,0.054370686
4633,0,0.05654573
4634,0,0.05461925
4635,0,0.055392954
4636,0,0.06515366
4637,0,0.05437971
4638,0,0.054418415
4639,0,0.054536562
4640,1,0.3225734
4641,0,0.054111566
4642,0,0.059092633
4643,0,0.054496642
4644,1,0.41216472
4645,0,0.054793783
4646,0,0.60290325
4647,0,0.63468075
4648,0,0.18745092
4649,1,0.06970342
4650,0,0.05629167
4651,0,0.05438542
4652,0,0.06006399
4653,1,0.17525256
4654,0,0.056168877
4655,0,0.5880785
4656,1,0.21769978
4657,0,0.05422948
4658,1,0.0964625
4659,0,0.2300162
4660,0,0.054363236
4661,0,0.05614724
4662,0,0.054479457
4663,0,0.27240938
4664,0,0.1688506
4665,0,0.20163992
4666,0,0.06221947
4667,0,0.632911
4668,0,0.07137344
4669,1,0.3348504
4670,1,0.058042437
4671,0,0.054204535
4672,0,0.054253694
4673,1,0.43890175
4674,0,0.05632767
4675,0,0.05569381
4676,0,0.058120344
4677,1,0.21558827
4678,1,0.6404753
4679,0,0.05589003
4680,1,0.6364999
4681,0,0.35654414
4682,0,0.055204846
4683,1,0.60059595
4684,0,0.05439571
4685,0,0.17183346
4686,0,0.054427657
4687,0,0.1391182
4688,1,0.32075822
4689,0,0.05484698
4690,0,0.06620297
4691,0,0.06071691
4692,0,0.054587524
4693,1,0.6256616
4694,0,0.05499192
4695,0,0.05452058
4696,0,0.058116518
4697,0,0.054280013
4698,0,0.64021504
4699,0,0.057286877
4700,0,0.25236064
4701,0,0.5926865
4702,0,0.2369977
4703,0,0.05607838
4704,0,0.16468011
4705,0,0.06004026
4706,0,0.5315482
4707,0,0.057124678
4708,1,0.0549826
4709,0,0.05415555
4710,0,0.34774327
4711,1,0.5196326
4712,0,0.3377156
4713,0,0.05482694
4714,0,0.639763
4715,0,0.054932807
4716,0,0.054286573
4717,0,0.054237034
4718,0,0.054797
4719,0,0.054421615
4720,1,0.62892437
4721,1,0.63564914
4722,0,0.05394103
4723,0,0.054752663
4724,1,0.2425516
4725,0,0.055299092
4726,0,0.05583894
4727,0,0.054412376
4728,0,0.053955935
4729,0,0.054894138
4730,0,0.055078693
4731,0,0.055302173
4732,0,0.056131057
4733,0,0.055173267
4734,0,0.26948383
4735,0,0.05399147
4736,0,0.17020257
4737,0,0.054721452
4738,0,0.6355392
4739,0,0.5918199
4740,0,0.05823849
4741,1,0.61733925
4742,0,0.054144796
4743,0,0.641122
4744,0,0.054552194
4745,0,0.34509563
4746,0,0.05505189
4747,0,0.056725692
4748,0,0.6321823
4749,0,0.05808471
4750,0,0.055752788
4751,0,0.0544729
4752,0,0.054353934
4753,0,0.054947432
4754,0,0.057006087
4755,0,0.06000181
4756,1,0.44111732
4757,0,0.054543786
4758,0,0.056609232
4759,0,0.05435555
4760,0,0.3949449
4761,0,0.6398142
4762,0,0.3967642
4763,1,0.45428595
4764,1,0.62797177
4765,0,0.05496525
4766,0,0.05941893
4767,0,0.054230414
4768,0,0.05430673
4769,0,0.05444591
4770,0,0.054968942
4771,0,0.05641872
4772,0,0.05472888
4773,0,0.054468933
4774,0,0.2406762
4775,0,0.054272704
4776,0,0.63051707
4777,0,0.056663703
4778,0,0.068575725
4779,0,0.054192405
4780,0,0.055181593
4781,0,0.054888055
4782,1,0.38132894
4783,0,0.055420242
4784,0,0.054694496
4785,0,0.055167425
4786,0,0.23920687
4787,1,0.586194
4788,0,0.054373924
4789,0,0.05420248
4790,0,0.05497705
4791,0,0.055569295
4792,0,0.054243635
4793,0,0.05525041
4794,0,0.05420889
4795,1,0.055115364
4796,0,0.20395622
4797,0,0.054453563
4798,0,0.05436466
4799,1,0.24064827
4800,0,0.35313454
4801,0,0.05673135
4802,0,0.054014906
4803,0,0.39611083
4804,0,0.05416961
4805,0,0.058904257
4806,1,0.640544
4807,0,0.19968897
4808,0,0.054641396
4809,0,0.054296136
4810,0,0.27614498
4811,0,0.054300297
4812,0,0.054218158
4813,0,0.29732633
4814,0,0.05444246
4815,0,0.055524662
4816,0,0.057184365
4817,1,0.38146064
4818,0,0.056190103
4819,0,0.054502584
4820,0,0.054108374
4821,1,0.6344205
4822,0,0.054349042
4823,0,0.054677635
4824,1,0.507849
4825,0,0.24786875
4826,0,0.18553893
4827,1,0.19568928
4828,0,0.25017494
4829,0,0.054427102
4830,0,0.05504387
4831,0,0.054380544
4832,1,0.35764745
4833,0,0.062084224
4834,0,0.05429278
4835,0,0.054156628
4836,0,0.055028282
4837,0,0.20464563
4838,0,0.054119382
4839,0,0.15657203
4840,1,0.23408572
4841,0,0.05871044
4842,0,0.054083474
4843,0,0.056256134
4844,0,0.05538427
4845,0,0.054555085
4846,0,0.0545251
4847,0,0.054324813
4848,1,0.23703487
4849,0,0.054077107
4850,0,0.056041494
4851,0,0.057052035
4852,0,0.054288756
4853,0,0.054729395
4854,1,0.4119762
4855,1,0.054483276
4856,0,0.056754284
4857,0,0.054298043
4858,1,0.63089657
4859,0,0.41864017
4860,0,0.054407977
4861,0,0.05474657
4862,0,0.054621566
4863,0,0.05427256
4864,0,0.05479873
4865,0,0.16533023
4866,0,0.054387826
4867,0,0.054383364
4868,1,0.30491456
4869,0,0.05548863
4870,0,0.054564565
4871,0,0.054004468
4872,1,0.24323353
4873,1,0.33140472
4874,0,0.07741432
4875,0,0.21371958
4876,0,0.05796236
4877,0,0.05411445
4878,1,0.61064684
4879,0,0.05423432
4880,0,0.20267896
4881,0,0.20215626
4882,0,0.054279145
4883,0,0.069517635
4884,0,0.05706748
4885,0,0.0546375
4886,0,0.17269312
4887,0,0.63818806
4888,0,0.05468816
4889,0,0.054220725
4890,0,0.62062216
4891,0,0.16625878
4892,0,0.055829868
4893,1,0.62881
4894,0,0.054336693
4895,0,0.054940596
4896,1,0.6314682
4897,0,0.054441925
4898,1,0.5061929
4899,0,0.054300837
4900,0,0.056025863
4901,0,0.054907948
4902,1,0.6159329
4903,0,0.056228172
4904,0,0.054933816
4905,0,0.05582187
4906,0,0.055741318
4907,0,0.054173764
4908,0,0.05616631
4909,0,0.30169553
4910,0,0.34630105
4911,1,0.62785554
4912,0,0.083726265
4913,1,0.06571914
4914,1,0.58669233
4915,0,0.054530483
4916,0,0.05430976
4917,0,0.05473479
4918,0,0.060444914
4919,0,0.22890194
4920,0,0.05411624
4921,0,0.05501114
4922,0,0.0551052
4923,0,0.0551588
4924,0,0.054212485
4925,0,0.05396286
4926,1,0.64086986
4927,0,0.05554305
4928,0,0.05409728
4929,0,0.054122604
4930,0,0.054379325
4931,1,0.62480253
4932,1,0.6375884
4933,0,0.055895112
4934,1,0.6346545
4935,0,0.21297471
4936,0,0.054285545
4937,0,0.06056228
4938,0,0.054414574
4939,0,0.05552314
4940,0,0.054336775
4941,0,0.17124157
4942,0,0.054574262
4943,0,0.10307937
4944,0,0.2274904
4945,0,0.058663726
4946,0,0.23128487
4947,0,0.05434016
4948,0,0.054661214
4949,1,0.57094526
4950,0,0.05743082
4951,0,0.055117104
4952,0,0.055447683
4953,0,0.058458634
4954,0,0.056637835
4955,0,0.5818443
4956,0,0.054313887
4957,0,0.19851948
4958,0,0.05512775
4959,0,0.058247685
4960,0,0.05425987
4961,0,0.054312516
4962,0,0.05532411
4963,1,0.63797206
4964,1,0.06107431
4965,0,0.060103707
4966,0,0.05524562
4967,0,0.06027248
4968,0,0.055233676
4969,0,0.054848295
4970,0,0.05424721
4971,0,0.054987777
4972,0,0.63558173
4973,0,0.059081413
4974,0,0.05480592
4975,0,0.055892117
4976,0,0.055399492
4977,1,0.57338685
4978,1,0.60745674
4979,0,0.055671547
4980,0,0.054631688
4981,1,0.054971952
4982,0,0.054914363
4983,0,0.055265676
4984,1,0.14227097
4985,0,0.31440088
4986,0,0.5866211
4987,0,0.33642077
4988,1,0.054946736
4989,0,0.054222144
4990,0,0.056243293
4991,0,0.23656489
4992,0,0.057617676
4993,0,0.056425456
4994,0,0.32968765
4995,1,0.5837478
4996,0,0.054800212
4997,0,0.0542193
4998,0,0.055449583
4999,1,0.24237566
5000,1,0.05447159
5001,0,0.33988076
5002,0,0.058081586
5003,0,0.6367643
5004,1,0.6061374
5005,0,0.23022407
5006,1,0.24613489
5007,1,0.61680496
5008,0,0.054898817
5009,0,0.057073504
5010,0,0.054225355
5011,1,0.21754089
5012,0,0.054711502
5013,1,0.58680546
5014,1,0.06029096
5015,0,0.054242708
5016,0,0.05923039
5017,0,0.314374
5018,0,0.23484087
5019,1,0.054759048
5020,0,0.054571517
5021,0,0.054413315
5022,0,0.060541037
5023,0,0.055026226
5024,0,0.05678035
5025,0,0.054540135
5026,1,0.6362697
5027,0,0.061421495
5028,1,0.6363879
5029,0,0.19595006
5030,0,0.054763425
5031,1,0.6244648
5032,0,0.05423991
5033,0,0.054234196
5034,0,0.054302234
5035,0,0.348523
5036,1,0.6356477
5037,0,0.08336878
5038,0,0.055135958
5039,1,0.6252531
5040,1,0.6048116
5041,0,0.054451793
5042,0,0.31364053
5043,0,0.054738004
5044,0,0.05451878
5045,0,0.05772353
5046,1,0.41366693
5047,0,0.054177772
5048,1,0.33160093
5049,0,0.2821474
5050,0,0.3678671
5051,0,0.056090157
5052,1,0.06673393
5053,1,0.6402763
5054,0,0.05429792
5055,0,0.055304766
5056,0,0.054199986
5057,0,0.054097246
5058,1,0.21726188
5059,1,0.29479235
5060,1,0.6337123
5061,0,0.05460351
5062,0,0.0542463
5063,0,0.056360964
5064,0,0.054404255
5065,0,0.05431815
5066,0,0.07370765
5067,0,0.19607984
5068,0,0.054618664
5069,1,0.62201166
5070,0,0.05414376
5071,0,0.054072607
5072,0,0.30152366
5073,1,0.058142368
5074,0,0.055022564
5075,0,0.056355167
5076,0,0.056177218
5077,0,0.05428831
5078,0,0.055235434
5079,0,0.055586208
5080,0,0.056398943
5081,0,0.05492614
5082,0,0.054551594
5083,0,0.25931242
5084,0,0.05437059
5085,0,0.0555095
5086,0,0.054029036
5087,0,0.51758397
5088,0,0.054205365
5089,0,0.066132404
5090,0,0.64074636
5091,0,0.4621068
5092,0,0.054273013
5093,0,0.054536562
5094,0,0.16821969
5095,0,0.05435738
5096,0,0.06496389
5097,0,0.05751716
5098,0,0.055077285
5099,1,0.63564384
5100,0,0.0569419
5101,0,0.055365656
5102,0,0.054489393
5103,0,0.36248183
5104,0,0.05432856
5105,0,0.056042485
5106,1,0.32128942
5107,0,0.054397196
5108,0,0.054175965
5109,0,0.054215983
5110,0,0.05733174
5111,0,0.05687999
5112,1,0.21538705
5113,1,0.63696724
5114,0,0.055013776
5115,0,0.054739
5116,0,0.054737315
5117,0,0.054337062
5118,0,0.6187862
5119,0,0.05544084
5120,0,0.06496912
5121,0,0.054290563
5122,0,0.054471366
5123,0,0.061770655
5124,0,0.057666708
5125,1,0.6190162
5126,0,0.054848347
5127,0,0.054418694
5128,0,0.37513137
5129,1,0.059810232
5130,0,0.23985727
5131,0,0.14368932
5132,0,0.054295227
5133,0,0.25697604
5134,0,0.05507603
5135,0,0.5918917
5136,0,0.055496175
5137,0,0.056415692
5138,1,0.17342825
5139,0,0.05508981
5140,0,0.054480292
5141,0,0.054221895
5142,0,0.054249655
5143,0,0.05421644
5144,1,0.37411025
5145,0,0.054510325
5146,0,0.054155663
5147,0,0.055253997
5148,0,0.6348556
5149,1,0.63951766
5150,0,0.058172483
5151,0,0.06844801
5152,0,0.059177537
5153,0,0.0544821
5154,1,0.23700735
5155,0,0.054320157
5156,0,0.05451087
5157,0,0.29079503
5158,0,0.054317106
5159,0,0.3497137
5160,0,0.24381366
5161,0,0.054629818
5162,1,0.61952716
5163,0,0.055653337
5164,1,0.6043744
5165,0,0.05537619
5166,1,0.3277489
5167,0,0.054401033
5168,0,0.05437086
5169,0,0.07321209
5170,0,0.05559029
5171,1,0.24090238
5172,0,0.22067954
5173,0,0.056167837
5174,0,0.56947476
5175,0,0.05449449
5176,0,0.054324366
5177,1,0.5889188
5178,0,0.056572907
5179,1,0.6191908
5180,1,0.6335225
5181,0,0.05420961
5182,0,0.057948235
5183,0,0.054504924
5184,0,0.056834754
5185,0,0.054867778
5186,0,0.054538894
5187,0,0.05515106
5188,0,0.2716404
5189,0,0.061346
5190,0,0.054747295
5191,0,0.054139886
5192,0,0.18747938
5193,0,0.09831344
5194,0,0.059806302
5195,0,0.055886373
5196,0,0.062026408
5197,0,0.32552177
5198,0,0.054834086
5199,0,0.35072634
5200,1,0.27580726
5201,0,0.05541483
5202,0,0.054214355
5203,1,0.5061524
5204,0,0.2329716
5205,0,0.05437965
5206,0,0.056516606
5207,1,0.63072175
5208,1,0.633538
5209,0,0.05449745
5210,0,0.054882072
5211,0,0.41943526
5212,1,0.6002142
5213,0,0.054242708
5214,0,0.2360837
5215,0,0.464305
5216,0,0.055807147
5217,0,0.055428553
5218,0,0.05432965
5219,0,0.054220915
5220,0,0.05435975
5221,0,0.054240387
5222,0,0.05424748
5223,0,0.054506093
5224,1,0.62427336
5225,0,0.054743286
5226,1,0.6371247
5227,0,0.17245518
5228,0,0.054169565
5229,0,0.054036543
5230,1,0.63944453
5231,0,0.05492898
5232,0,0.054174177
5233,1,0.6093178
5234,0,0.062188946
5235,0,0.6311401
5236,1,0.63728267
5237,0,0.054236386
5238,0,0.0596096
5239,0,0.054371793
5240,0,0.15084793
5241,0,0.055384304
5242,0,0.054183774
5243,1,0.6409908
5244,0,0.054892547
5245,0,0.056241713
5246,0,0.054348744
5247,0,0.05414177
5248,0,0.36110786
5249,0,0.05436224
5250,0,0.054538883
5251,0,0.36728492
5252,1,0.33261287
5253,0,0.20811547
5254,0,0.05442871
5255,0,0.055396236
5256,1,0.6216834
5257,0,0.40059873
5258,0,0.08084111
5259,0,0.055020843
5260,0,0.05780858
5261,1,0.35961807
5262,0,0.054360095
5263,0,0.054330226
5264,0,0.056706205
5265,0,0.056271702
5266,0,0.054523155
5267,1,0.42238697
5268,0,0.21279314
5269,1,0.61703515
5270,0,0.05588906
5271,0,0.060841218
5272,0,0.05500701
5273,1,0.6361031
5274,1,0.63049924
5275,0,0.055556346
5276,0,0.27012095
5277,0,0.05435837
5278,0,0.6378058
5279,0,0.05637253
5280,0,0.054794766
5281,0,0.05504477
5282,1,0.32784942
5283,0,0.054716
5284,0,0.054523654
5285,0,0.055614606
5286,0,0.054235786
5287,0,0.056000542
5288,0,0.3558018
5289,0,0.056315467
5290,0,0.054379135
5291,0,0.18899398
5292,0,0.053949617
5293,1,0.35059577
5294,0,0.054056488
5295,0,0.055870246
5296,0,0.054079216
5297,0,0.057532787
5298,1,0.26171324
5299,0,0.054715257
5300,0,0.054254755
5301,1,0.40437868
5302,0,0.054446425
5303,1,0.6339163
5304,0,0.054815985
5305,0,0.054149788
5306,0,0.057495076
5307,0,0.596284
5308,0,0.054740902
5309,0,0.05472266
5310,0,0.06978358
5311,0,0.05422542
5312,0,0.055094104
5313,1,0.63523823
5314,0,0.05865191
5315,0,0.055378363
5316,0,0.05440816
5317,0,0.05431566
5318,1,0.0581358
5319,1,0.32306567
5320,0,0.05532086
5321,0,0.054801077
5322,0,0.054009445
5323,0,0.054291654
5324,0,0.18828258
5325,0,0.05509058
5326,0,0.05991941
5327,0,0.055963602
5328,1,0.23290437
5329,0,0.05464797
5330,1,0.637645
5331,0,0.05499317
5332,0,0.054261424
5333,0,0.054076802
5334,0,0.63488775
5335,0,0.054247458
5336,0,0.05641126
5337,0,0.05396945
5338,0,0.12849817
5339,0,0.06734489
5340,1,0.17525645
5341,0,0.05730762
5342,0,0.05516478
5343,0,0.35319132
5344,0,0.49691823
5345,0,0.3275377
5346,0,0.054384466
5347,0,0.24307378
5348,1,0.61919755
5349,0,0.05970382
5350,0,0.34904024
5351,0,0.32294476
5352,0,0.054437496
5353,0,0.054006185
5354,1,0.49507394
5355,0,0.05831679
5356,0,0.054442476
5357,0,0.056096412
5358,1,0.2602293
5359,0,0.05429354
5360,0,0.054452285
5361,0,0.59673107
5362,0,0.0542817
5363,1,0.5528889
5364,0,0.05657216
5365,0,0.054483045
5366,0,0.15042226
5367,0,0.05428683
5368,0,0.054896686
5369,0,0.054876357
5370,0,0.054031294
5371,0,0.22636642
5372,0,0.054233562
5373,0,0.054600086
5374,0,0.63651127
5375,0,0.21257667
5376,0,0.05429251
5377,0,0.054913837
5378,0,0.055466454
5379,1,0.6393304
5380,1,0.07317528
5381,0,0.05496605
5382,0,0.053949695
5383,0,0.054372516
5384,0,0.054582626
5385,0,0.6313942
5386,0,0.6394853
5387,1,0.62767655
5388,0,0.05825109
5389,0,0.3176705
5390,0,0.23179902
5391,0,0.0550842
5392,0,0.056817953
5393,1,0.06367662
5394,0,0.054955352
5395,1,0.4976553
5396,0,0.055894647
5397,1,0.17840138
5398,1,0.3445375
5399,1,0.20274225
5400,1,0.438752
5401,0,0.05457079
5402,0,0.24286237
5403,1,0.6403874
5404,0,0.05577767
5405,0,0.054668322
5406,0,0.054284748
5407,1,0.21635665
5408,1,0.62555534
5409,1,0.1656904
5410,0,0.05414587
5411,0,0.055614274
5412,0,0.06216268
5413,0,0.054732673
5414,1,0.30977818
5415,0,0.059686158
5416,0,0.054139566
5417,0,0.05503396
5418,0,0.054513354
5419,1,0.6355422
5420,0,0.05558184
5421,0,0.2336182
5422,0,0.055132765
5423,0,0.054238383
5424,0,0.05754588
5425,0,0.05785232
5426,0,0.054056864
5427,0,0.6400666
5428,1,0.34524065
5429,0,0.6001869
5430,0,0.054326657
5431,0,0.23571233
5432,0,0.05879355
5433,1,0.6367568
5434,0,0.054270677
5435,0,0.055312272
5436,1,0.6346495
5437,0,0.054319814
5438,1,0.6391085
5439,0,0.056751937
5440,0,0.17027603
5441,0,0.054073997
5442,0,0.05412673
5443,1,0.5699501
5444,0,0.3919059
5445,0,0.05452284
5446,0,0.056379825
5447,0,0.05438042
5448,0,0.054144766
5449,0,0.63026977
5450,0,0.054255158
5451,0,0.055346005
5452,1,0.6037368
5453,0,0.28050864
5454,0,0.26928544
5455,0,0.054165773
5456,0,0.29178235
5457,1,0.5873675
5458,0,0.22892386
5459,0,0.05725674
5460,0,0.06700277
5461,0,0.054285824
5462,0,0.0542547
5463,0,0.6249902
5464,1,0.060267698
5465,0,0.057592947
5466,0,0.055069383
5467,1,0.21404868
5468,0,0.054023266
5469,0,0.45984322
5470,0,0.6288721
5471,0,0.054150313
5472,1,0.6411119
5473,0,0.059547108
5474,0,0.0550324
5475,0,0.62478524
5476,0,0.05515927
5477,1,0.60060734
5478,0,0.060389828
5479,0,0.055792164
5480,0,0.054367844
5481,0,0.054904792
5482,0,0.054372672
5483,1,0.06468572
5484,1,0.6378946
5485,0,0.05433967
5486,0,0.054336224
5487,1,0.6409761
5488,0,0.21864603
5489,0,0.40910974
5490,0,0.05419273
5491,0,0.057522934
5492,0,0.06316212
5493,0,0.05670956
5494,0,0.07176774
5495,0,0.22283567
5496,0,0.055075984
5497,0,0.26902807
5498,0,0.054770228
5499,0,0.054046188
5500,1,0.43790203
5501,0,0.06259113
5502,0,0.5431365
5503,0,0.05417208
5504,0,0.054536745
5505,0,0.6099024
5506,0,0.055406068
5507,0,0.06603936
5508,0,0.23583984
5509,0,0.61712605
5510,0,0.06688646
5511,0,0.055561744
5512,0,0.054417178
5513,0,0.054648668
5514,0,0.054417655
5515,0,0.054129366
5516,0,0.056422304
5517,1,0.6411763
5518,0,0.054672644
5519,0,0.054223377
5520,0,0.055121634
5521,0,0.05439835
5522,1,0.6072493
5523,1,0.63567173
5524,0,0.06750164
5525,0,0.05473771
5526,1,0.57908624
5527,0,0.054656163
5528,0,0.054306332
5529,0,0.05436826
5530,0,0.35479727
5531,1,0.22776824
5532,0,0.05430355
5533,1,0.63662523
5534,0,0.22459748
5535,0,0.62715703
5536,0,0.2633964
5537,0,0.056330867
5538,0,0.05489256
5539,0,0.054704547
5540,0,0.23250037
5541,0,0.05525508
5542,0,0.05448496
5543,0,0.055451483
5544,0,0.054395773
5545,1,0.35565135
5546,1,0.6240421
5547,0,0.054303948
5548,1,0.37720263
5549,0,0.13527717
5550,0,0.21095087
5551,0,0.054791223
5552,0,0.054255906
5553,1,0.3883704
5554,0,0.05501053
5555,0,0.05471066
5556,0,0.055075787
5557,0,0.05427475
5558,0,0.44141173
5559,0,0.054486312
5560,0,0.05491191
5561,0,0.31946018
5562,0,0.059967823
5563,0,0.06217722
5564,0,0.05460939
5565,0,0.054100465
5566,0,0.088156514
5567,0,0.05426835
5568,0,0.055907268
5569,1,0.0549679
5570,0,0.05487893
5571,0,0.059218924
5572,0,0.62335986
5573,0,0.05505777
5574,1,0.62665087
5575,0,0.054262824
5576,0,0.05435039
5577,0,0.054549083
5578,0,0.05425137
5579,0,0.42753404
5580,0,0.056570116
5581,0,0.055584043
5582,0,0.054294124
5583,1,0.2191239
5584,1,0.62722504
5585,0,0.054559574
5586,0,0.056655604
5587,1,0.42308944
5588,0,0.055862173
5589,0,0.05696194
5590,0,0.055426147
5591,1,0.36703995
5592,0,0.054888118
5593,0,0.054340247
5594,1,0.054475464
5595,0,0.18319957
5596,1,0.42039916
5597,0,0.055764806
5598,1,0.6118136
5599,0,0.05534476
5600,0,0.059284788
5601,0,0.054829437
5602,0,0.05438146
5603,0,0.41085407
5604,0,0.054950375
5605,0,0.06669243
5606,0,0.0912104
5607,0,0.25305903
5608,0,0.05429482
5609,0,0.054105345
5610,1,0.6292012
5611,0,0.055680968
5612,1,0.2635844
5613,0,0.054220095
5614,0,0.054733712
5615,0,0.054381914
5616,0,0.05426556
5617,0,0.33805823
5618,0,0.05425886
5619,1,0.056003276
5620,1,0.62026614
5621,1,0.054849874
5622,1,0.12501788
5623,0,0.054162733
5624,0,0.05438979
5625,0,0.05437239
5626,0,0.05559989
5627,0,0.055401154
5628,0,0.17656536
5629,0,0.054165386
5630,1,0.63859355
5631,1,0.64034736
5632,0,0.05484596
5633,0,0.054466072
5634,0,0.05422109
5635,0,0.062833115
5636,0,0.057057854
5637,0,0.054324936
5638,0,0.0559753
5639,0,0.05423174
5640,0,0.21595068
5641,1,0.36289847
5642,0,0.24052396
5643,0,0.23535213
5644,0,0.05723398
5645,0,0.0624227
5646,0,0.0624777
5647,0,0.12347992
5648,0,0.054690626
5649,1,0.40871552
5650,0,0.05548993
5651,0,0.054226127
5652,0,0.054510105
5653,1,0.6411279
5654,0,0.05420687
5655,0,0.054122593
5656,0,0.60946816
5657,0,0.6403017
5658,1,0.59394747
5659,0,0.095025696
5660,0,0.054231357
5661,0,0.05416729
5662,0,0.060589924
5663,0,0.0552501
5664,0,0.06186368
5665,0,0.6393299
5666,0,0.054385573
5667,1,0.227826
5668,0,0.062901825
5669,0,0.05462984
5670,0,0.05412706
5671,0,0.054734256
5672,0,0.05435837
5673,0,0.15931484
5674,0,0.0543228
5675,0,0.05435333
5676,0,0.059011497
5677,1,0.5956458
5678,1,0.5644318
5679,0,0.054038934
5680,0,0.22761384
5681,0,0.05512924
5682,0,0.054718528
5683,0,0.057168957
5684,0,0.05432486
5685,1,0.07130665
5686,0,0.34418994
5687,0,0.054301057
5688,0,0.054097082
5689,0,0.054316804
5690,0,0.055294663
5691,1,0.6319124
5692,0,0.061838258
5693,0,0.056918386
5694,0,0.05519134
5695,0,0.054283332
5696,0,0.058126364
5697,0,0.054149654
5698,0,0.05698961
5699,0,0.05454017
5700,0,0.055065636
5701,0,0.05677449
5702,0,0.22909012
5703,0,0.06341988
5704,0,0.054022957
5705,0,0.054765668
5706,0,0.054889638
5707,0,0.0543719
5708,0,0.056558084
5709,0,0.054469965
5710,0,0.5154265
5711,0,0.059512217
5712,1,0.06473178
5713,0,0.23422481
5714,0,0.62398285
5715,0,0.05597041
5716,0,0.054240413
5717,0,0.622126
5718,0,0.05439587
5719,0,0.05686372
5720,0,0.058410283
5721,0,0.054771595
5722,1,0.18062598
5723,0,0.32214725
5724,0,0.6219191
5725,0,0.05528711
5726,1,0.639136
5727,1,0.63759047
5728,1,0.056342896
5729,0,0.64031523
5730,1,0.33130836
5731,0,0.05436914
5732,0,0.054499555
5733,0,0.05487893
5734,0,0.057639863
5735,0,0.51766324
5736,0,0.05459343
5737,0,0.062635265
5738,0,0.05470303
5739,0,0.05514463
5740,1,0.4995922
5741,0,0.054165985
5742,0,0.19899195
5743,0,0.2422659
5744,0,0.059835434
5745,0,0.054296672
5746,0,0.18075849
5747,0,0.054461177
5748,0,0.054682072
5749,0,0.060904134
5750,1,0.29766002
5751,1,0.23375988
5752,0,0.6399027
5753,0,0.054976482
5754,0,0.07131385
5755,0,0.05486864
5756,0,0.055307005
5757,0,0.054052938
5758,0,0.30980462
5759,0,0.054327384
5760,0,0.059387643
5761,0,0.054543834
5762,0,0.054261643
5763,1,0.64085346
5764,0,0.05629347
5765,0,0.05485741
5766,0,0.054957878
5767,0,0.054381914
5768,0,0.2857617
5769,0,0.054205436
5770,0,0.05674019
5771,0,0.059799816
5772,0,0.054284748
5773,0,0.05895345
5774,0,0.054446813
5775,0,0.055394687
5776,0,0.05519684
5777,0,0.059579022
5778,0,0.23462316
5779,0,0.054828726
5780,0,0.059807993
5781,0,0.14133589
5782,0,0.6404461
5783,0,0.054551214
5784,0,0.054082878
5785,0,0.055500973
5786,0,0.06970989
5787,0,0.056001388
5788,0,0.092828974
5789,0,0.05537049
5790,0,0.054257732
5791,0,0.05434583
5792,0,0.05511265
5793,0,0.05430333
5794,0,0.054280233
5795,0,0.05441233
5796,0,0.060514953
5797,0,0.05451527
5798,0,0.054238573
5799,0,0.6031818
5800,0,0.054371867
5801,0,0.054772876
5802,1,0.60098827
5803,0,0.054312415
5804,0,0.08544241
5805,0,0.056395154
5806,0,0.054605585
5807,0,0.05459908
5808,0,0.3529987
5809,0,0.054582402
5810,0,0.34850198
5811,0,0.054340206
5812,1,0.6409897
5813,0,0.05434909
5814,0,0.059836008
5815,0,0.05410586
5816,1,0.054740947
5817,1,0.054585442
5818,1,0.28595707
5819,0,0.053990707
5820,0,0.05712418
5821,0,0.05427962
5822,0,0.054358162
5823,1,0.6404103
5824,0,0.05425843
5825,0,0.05468976
5826,0,0.05550465
5827,0,0.30805758
5828,0,0.05617267
5829,0,0.05406566
5830,0,0.0541819
5831,0,0.054952558
5832,0,0.05430828
5833,0,0.05561853
5834,0,0.3429052
5835,0,0.054298375
5836,0,0.05429907
5837,0,0.6394165
5838,0,0.054086708
5839,0,0.054308448
5840,0,0.054554556
5841,0,0.05422258
5842,1,0.26196817
5843,0,0.22530553
5844,0,0.06211949
5845,0,0.054424476
5846,1,0.6356912
5847,0,0.055560607
5848,0,0.054060414
5849,0,0.054895934
5850,0,0.054341912
5851,0,0.05420166
5852,0,0.22570714
5853,0,0.05435576
5854,0,0.055124544
5855,0,0.06636229
5856,0,0.20688199
5857,1,0.6389008
5858,0,0.054082986
5859,1,0.25783017
5860,0,0.054236878
5861,0,0.05573016
5862,0,0.054896504
5863,0,0.057797965
5864,0,0.05792005
5865,0,0.054876
5866,0,0.054380715
5867,1,0.056245483
5868,0,0.054690503
5869,1,0.6196576
5870,0,0.056748457
5871,0,0.054293025
5872,1,0.059135832
5873,0,0.054685164
5874,0,0.054714445
5875,1,0.08043453
5876,0,0.054434195
5877,0,0.055366877
5878,1,0.064271785
5879,1,0.6396627
5880,0,0.3867907
5881,1,0.20047474
5882,0,0.055159323
5883,0,0.6054823
5884,0,0.054933764
5885,0,0.05438925
5886,0,0.05694944
5887,0,0.057773776
5888,0,0.054913986
5889,0,0.14527598
5890,0,0.23234284
5891,0,0.05425993
5892,0,0.056069
5893,0,0.054905523
5894,0,0.054171078
5895,0,0.054881033
5896,0,0.2003987
5897,0,0.054886524
5898,0,0.05511328
5899,0,0.1122941
5900,0,0.22303504
5901,0,0.10990742
5902,0,0.054600958
5903,0,0.054144554
5904,0,0.05440666
5905,0,0.05439143
5906,0,0.054123204
5907,1,0.22488344
5908,0,0.23059382
5909,0,0.06839905
5910,0,0.21421312
5911,0,0.055137917
5912,1,0.4467651
5913,0,0.24540019
5914,0,0.05640212
5915,0,0.05522454
5916,0,0.06752301
5917,0,0.054438688
5918,0,0.054311182
5919,0,0.054342914
5920,1,0.6300708
5921,0,0.058272254
5922,1,0.6145913
5923,0,0.0544665
5924,0,0.055232048
5925,0,0.054367058
5926,0,0.05979045
5927,0,0.053941615
5928,0,0.055384222
5929,0,0.20316322
5930,0,0.05430571
5931,1,0.20903534
5932,0,0.64030397
5933,0,0.054872476
5934,0,0.054333292
5935,0,0.5888127
5936,1,0.62787235
5937,0,0.05482981
5938,0,0.054202944
5939,0,0.058202837
5940,0,0.05749837
5941,0,0.05462619
5942,1,0.63987416
5943,0,0.53534377
5944,0,0.23608272
5945,0,0.053960595
5946,1,0.64091194
5947,0,0.054957926
5948,0,0.054189257
5949,0,0.054387078
5950,0,0.054412883
5951,0,0.05947541
5952,0,0.05468687
5953,0,0.3206596
5954,1,0.2419462
5955,1,0.05433171
5956,0,0.0547773
5957,1,0.5243149
5958,0,0.07950102
5959,0,0.25339046
5960,0,0.055087823
5961,0,0.054100078
5962,0,0.0540618
5963,0,0.06480229
5964,1,0.63583094
5965,0,0.054647233
5966,0,0.054899175
5967,1,0.605308
5968,0,0.064030945
5969,0,0.058938444
5970,0,0.05448485
5971,0,0.05491442
5972,0,0.054088317
5973,0,0.06376538
5974,0,0.6065833
5975,0,0.27109203
5976,1,0.40946606
5977,0,0.057585824
5978,0,0.054543454
5979,1,0.067953676
5980,0,0.05549706
5981,0,0.056248773
5982,0,0.054398544
5983,0,0.054470446
5984,1,0.63878155
5985,0,0.05567178
5986,1,0.46755812
5987,1,0.6292799
5988,1,0.32553124
5989,0,0.054947097
5990,0,0.23971763
5991,0,0.05513782
5992,0,0.2194004
5993,0,0.05527582
5994,0,0.0546664
5995,0,0.061175246
5996,0,0.05482509
5997,0,0.054252297
5998,0,0.33611292
5999,1,0.2810288
6000,0,0.6119567
6001,0,0.05480393
6002,0,0.05419446
6003,0,0.0542089
6004,0,0.055669844
6005,0,0.056354105
6006,0,0.28805992
6007,1,0.6369514
6008,0,0.058617678
6009,0,0.05449243
6010,0,0.054078415
6011,1,0.64095575
6012,0,0.05469742
6013,0,0.2085269
6014,1,0.61153054
6015,0,0.05429596
6016,1,0.4055491
6017,0,0.0548271
6018,0,0.6190639
6019,0,0.5754654
6020,0,0.05458196
6021,0,0.28456414
6022,0,0.15791084
6023,0,0.05562987
6024,1,0.61833376
6025,0,0.639008
6026,1,0.5567271
6027,0,0.054205593
6028,0,0.27335384
6029,0,0.05406018
6030,0,0.22588266
6031,0,0.055077694
6032,1,0.3171407
6033,1,0.057502802
6034,1,0.055246186
6035,0,0.05519808
6036,1,0.4138306
6037,1,0.33237886
6038,0,0.056490958
6039,0,0.057563353
6040,1,0.6280947
6041,0,0.054473087
6042,0,0.055231117
6043,1,0.6104472
6044,1,0.6388236
6045,0,0.12408223
6046,0,0.6048601
6047,0,0.054749254
6048,0,0.05464754
6049,1,0.20717782
6050,0,0.3439759
6051,0,0.20663346
6052,1,0.6068804
6053,0,0.05486021
6054,0,0.06962191
6055,0,0.17955112
6056,0,0.055688743
6057,1,0.23442914
6058,0,0.054188937
6059,0,0.054170188
6060,0,0.054469794
6061,0,0.09558021
6062,0,0.056808528
6063,1,0.63230944
6064,0,0.05486936
6065,0,0.05457763
6066,0,0.05568041
6067,0,0.05956943
6068,1,0.64148235
6069,0,0.05477611
6070,0,0.33694097
6071,0,0.054913785
6072,1,0.6327246
6073,0,0.05497938
6074,1,0.33277267
6075,0,0.10549757
6076,1,0.2776042
6077,0,0.6268193
6078,0,0.054136034
6079,0,0.05596948
6080,1,0.40817323
6081,1,0.20232265
6082,0,0.054398544
6083,0,0.060252365
6084,0,0.054287758
6085,0,0.05430779
6086,0,0.59972554
6087,0,0.05606921
6088,0,0.07518021
6089,1,0.6162082
6090,0,0.054203544
6091,0,0.058830407
6092,0,0.055094972
6093,0,0.054030318
6094,0,0.06764483
6095,0,0.054386735
6096,0,0.26524365
6097,0,0.054205447
6098,0,0.05468525
6099,0,0.056075618
6100,0,0.054120053
6101,1,0.23540698
6102,1,0.6390871
6103,0,0.05470966
6104,0,0.0768097
6105,0,0.05785872
6106,0,0.054723486
6107,0,0.22727042
6108,0,0.1928763
6109,0,0.059151873
6110,0,0.05527105
6111,0,0.42857614
6112,1,0.6405833
6113,0,0.053973988
6114,1,0.17845015
6115,1,0.6116737
6116,0,0.055161435
6117,1,0.05443585
6118,1,0.5763588
6119,0,0.056792963
6120,0,0.05391708
6121,0,0.63247424
6122,0,0.64165014
6123,0,0.05435377
6124,0,0.4009728
6125,0,0.521079
6126,1,0.5918124
6127,0,0.09399054
6128,0,0.22026205
6129,0,0.057416756
6130,1,0.51567906
6131,0,0.05429776
6132,0,0.054413132
6133,0,0.06251711
6134,0,0.054808665
6135,0,0.60130596
6136,0,0.05430034
6137,0,0.30281952
6138,1,0.43598983
6139,1,0.06771712
6140,1,0.63732743
6141,0,0.25162393
6142,0,0.6411755
6143,0,0.055354707
6144,1,0.3917813
6145,0,0.054584462
6146,0,0.055203628
6147,0,0.6285914
6148,1,0.3020983
6149,0,0.054710165
6150,0,0.054442346
6151,0,0.05420681
6152,0,0.06518626
6153,0,0.054326158
6154,0,0.05476189
6155,0,0.071509786
6156,0,0.062281244
6157,0,0.05447517
6158,0,0.054446936
6159,0,0.054250926
6160,1,0.6389825
6161,0,0.05429354
6162,0,0.056561947
6163,0,0.06657241
6164,0,0.05495718
6165,0,0.05599664
6166,0,0.054973766
6167,0,0.06450726
6168,0,0.05452156
6169,1,0.07799583
6170,0,0.054454815
6171,0,0.054735415
6172,0,0.053960014
6173,0,0.057099618
6174,0,0.32541904
6175,0,0.20344324
6176,0,0.054666508
6177,0,0.055119056
6178,0,0.23535128
6179,1,0.4089028
6180,1,0.3416847
6181,0,0.056632727
6182,0,0.05447796
6183,0,0.14674349
6184,0,0.059331585
6185,0,0.054157328
6186,1,0.36418253
6187,0,0.054173533
6188,0,0.054473944
6189,0,0.05954797
6190,1,0.39886287
6191,0,0.05421727
6192,0,0.054075412
6193,1,0.62076545
6194,0,0.055767085
6195,0,0.05630658
6196,0,0.05401693
6197,1,0.58240145
6198,0,0.0543978
6199,0,0.059472524
6200,0,0.05467001
6201,0,0.054307368
6202,0,0.05421151
6203,0,0.054325595
6204,0,0.05491024
6205,0,0.066713035
6206,0,0.0560889
6207,1,0.63192785
6208,1,0.22836201
6209,0,0.055283926
6210,0,0.054724902
6211,0,0.07779143
6212,0,0.055108182
6213,1,0.6107118
6214,0,0.05417296
6215,1,0.18984535
6216,1,0.62968624
6217,0,0.0851425
6218,0,0.05449389
6219,0,0.054772906
6220,0,0.054858625
6221,0,0.08909978
6222,0,0.05896457
6223,0,0.05440505
6224,0,0.05507336
6225,1,0.6147928
6226,0,0.05477377
6227,0,0.056279536
6228,0,0.05417235
6229,0,0.054611694
6230,0,0.05577038
6231,1,0.2920791
6232,0,0.63991815
6233,0,0.05560669
6234,0,0.054266367
6235,0,0.055036195
6236,1,0.066943355
6237,0,0.056283172
6238,0,0.05534543
6239,0,0.054093778
6240,1,0.17803574
6241,0,0.1684249
6242,0,0.055199
6243,0,0.05836931
6244,1,0.6316685
6245,0,0.055282306
6246,0,0.055105258
6247,0,0.6362643
6248,0,0.23470213
6249,0,0.63546264
6250,0,0.05463084
6251,0,0.05982645
6252,0,0.054259785
6253,0,0.054289795
6254,1,0.3903139
6255,0,0.05411355
6256,0,0.0545765
6257,0,0.20736517
6258,0,0.054224674
6259,0,0.2248778
6260,0,0.05417929
6261,0,0.054274905
6262,0,0.068269946
6263,0,0.055863958
6264,1,0.30347157
6265,0,0.057498123
6266,0,0.24195743
6267,0,0.054078005
6268,0,0.05551886
6269,0,0.054238506
6270,0,0.054309968
6271,0,0.056935433
6272,0,0.054814074
6273,0,0.060238227
6274,0,0.63562936
6275,1,0.5755724
6276,0,0.054133523
6277,0,0.05510814
6278,0,0.054277457
6279,0,0.05472631
6280,0,0.055483527
6281,0,0.054232515
6282,0,0.056054812
6283,0,0.056099977
6284,1,0.43329757
6285,0,0.05630203
6286,0,0.055250596
6287,0,0.060003977
6288,0,0.05804746
6289,0,0.05442796
6290,0,0.055742823
6291,0,0.05587387
6292,0,0.054740615
6293,0,0.054412674
6294,0,0.3600637
6295,0,0.0894078
6296,0,0.054925483
6297,0,0.061612412
6298,0,0.055291176
6299,0,0.057918098
6300,0,0.054442752
6301,0,0.23930918
6302,1,0.35842618
6303,1,0.17913546
6304,0,0.05497905
6305,0,0.44432524
6306,0,0.054170564
6307,0,0.1769979
6308,0,0.05514608
6309,1,0.05548759
6310,0,0.055142418
6311,0,0.05389744
6312,0,0.054405853
6313,0,0.05541483
6314,0,0.054046977
6315,0,0.056448862
6316,0,0.055254336
6317,0,0.055204272
6318,0,0.055340916
6319,1,0.061814386
6320,0,0.055600144
6321,0,0.29489657
6322,0,0.64154184
6323,0,0.054993838
6324,1,0.58971995
6325,0,0.23158953
6326,0,0.37734795
6327,0,0.05430763
6328,0,0.05432142
6329,0,0.630206
6330,0,0.6006219
6331,0,0.24202321
6332,0,0.054803696
6333,0,0.054743204
6334,0,0.054276023
6335,0,0.05480967
6336,0,0.05482619
6337,1,0.6223802
6338,0,0.31980857
6339,0,0.054695494
6340,0,0.05407491
6341,0,0.058246493
6342,1,0.6239323
6343,0,0.05481875
6344,0,0.054514017
6345,0,0.27706546
6346,0,0.18340504
6347,1,0.20089783
6348,0,0.055470575
6349,0,0.055850707
6350,1,0.59202224
6351,0,0.054915283
6352,0,0.054479778
6353,0,0.0741158
6354,0,0.31878272
6355,0,0.054244492
6356,1,0.6088299
6357,0,0.05402827
6358,0,0.6415052
6359,0,0.055190347
6360,0,0.05403896
6361,0,0.055611536
6362,0,0.05410269
6363,0,0.05440605
6364,0,0.0543918
6365,0,0.23765971
6366,0,0.22386515
6367,0,0.05430492
6368,0,0.054775212
6369,1,0.63906735
6370,0,0.060184278
6371,0,0.0597976
6372,1,0.5661423
6373,0,0.23318294
6374,0,0.055403147
6375,0,0.61026365
6376,1,0.34391275
6377,1,0.3650754
6378,0,0.05446675
6379,0,0.05445413
6380,0,0.59920436
6381,0,0.44419253
6382,0,0.22865988
6383,0,0.05524567
6384,1,0.6403695
6385,0,0.056755092
6386,0,0.054230135
6387,0,0.057461724
6388,1,0.36726305
6389,0,0.05546755
6390,0,0.2048651
6391,0,0.055268537
6392,0,0.05437319
6393,0,0.055081856
6394,1,0.6340992
6395,0,0.05395478
6396,1,0.34150717
6397,1,0.06564482
6398,0,0.056042336
6399,1,0.31013566
6400,0,0.054524288
6401,0,0.05471738
6402,0,0.054370172
6403,0,0.06058495
6404,0,0.054523908
6405,0,0.20994669
6406,0,0.054227542
6407,0,0.05407256
6408,1,0.608506
6409,0,0.054664057
6410,0,0.054252286
6411,0,0.22284041
6412,0,0.05429586
6413,1,0.20809281
6414,1,0.63727665
6415,0,0.055927847
6416,0,0.05422693
6417,0,0.054176867
6418,0,0.054239213
6419,1,0.51194924
6420,0,0.3676356
6421,0,0.05556561
6422,0,0.055388503
6423,0,0.054286804
6424,0,0.05443071
6425,1,0.19810504
6426,0,0.05408772
6427,1,0.056310527
6428,1,0.6390938
6429,0,0.48432466
6430,0,0.05436429
6431,0,0.054770455
6432,0,0.05944223
6433,0,0.054652046
6434,0,0.057684377
6435,0,0.055170488
6436,0,0.060712527
6437,0,0.055198926
6438,0,0.057926908
6439,0,0.42567363
6440,0,0.07793836
6441,0,0.05688489
6442,0,0.054544974
6443,1,0.6409097
6444,0,0.0543577
6445,0,0.055308487
6446,0,0.054807547
6447,1,0.6408186
6448,0,0.054256286
6449,0,0.05446972
6450,0,0.05524556
6451,1,0.42366248
6452,0,0.054170478
6453,0,0.054477554
6454,0,0.23926304
6455,0,0.05492349
6456,0,0.060682625
6457,0,0.054327823
6458,0,0.055803653
6459,0,0.20006521
6460,1,0.5985982
6461,0,0.05474531
6462,0,0.0546278
6463,1,0.63151145
6464,0,0.05397754
6465,0,0.054529663
6466,1,0.29439792
6467,0,0.055107556
6468,0,0.13330749
6469,0,0.054138996
6470,0,0.055156283
6471,0,0.05459386
6472,1,0.26763022
6473,0,0.058172323
6474,0,0.055137657
6475,1,0.6358723
6476,0,0.05412236
6477,0,0.056614045
6478,1,0.30296946
6479,0,0.24013077
6480,0,0.22993565
6481,0,0.63687587
6482,0,0.62616456
6483,0,0.056127254
6484,0,0.200284
6485,0,0.054200303
6486,0,0.2165529
6487,0,0.054960143
6488,0,0.058875952
6489,0,0.3496266
6490,0,0.6182517
6491,1,0.055991292
6492,0,0.059078205
6493,0,0.055892937
6494,0,0.054700956
6495,0,0.060709074
6496,0,0.054769285
6497,0,0.05511559
6498,1,0.58087426
6499,0,0.17500333
6500,0,0.05425528
6501,0,0.05419991
6502,0,0.5785163
6503,0,0.055046845
6504,0,0.05494841
6505,0,0.27071562
6506,0,0.6107069
6507,0,0.054885358
6508,1,0.46333128
6509,0,0.2322605
6510,0,0.05495257
6511,0,0.05475386
6512,0,0.05578278
6513,0,0.054270945
6514,1,0.2854955
6515,0,0.054463133
6516,0,0.05429753
6517,1,0.63783914
6518,0,0.054247584
6519,0,0.055938922
6520,0,0.056877594
6521,0,0.054356318
6522,0,0.055624895
6523,0,0.054446064
6524,0,0.05430212
6525,0,0.0543266
6526,0,0.057538603
6527,0,0.6338768
6528,0,0.05835319
6529,1,0.056859847
6530,0,0.054423112
6531,0,0.6031984
6532,1,0.3240043
6533,0,0.5905951
6534,0,0.054048516
6535,1,0.05606623
6536,0,0.055345677
6537,0,0.2146751
6538,0,0.22860079
6539,0,0.05432882
6540,1,0.6419214
6541,0,0.055105362
6542,0,0.05463435
6543,0,0.059366256
6544,0,0.36372703
6545,0,0.054402288
6546,1,0.05635542
6547,0,0.33068365
6548,1,0.63912874
6549,1,0.054405916
6550,0,0.6178212
6551,0,0.055510722
6552,0,0.05444917
6553,0,0.11851975
6554,0,0.05517051
6555,0,0.054231312
6556,1,0.2298045
6557,0,0.054862898
6558,0,0.25327218
6559,0,0.054188304
6560,0,0.062630676
6561,0,0.17739035
6562,1,0.601773
6563,0,0.3435041
6564,0,0.056689117
6565,1,0.070837244
6566,1,0.067153916
6567,0,0.6398606
6568,0,0.05431392
6569,1,0.629577
6570,0,0.068651296
6571,0,0.054120455
6572,0,0.05427258
6573,0,0.2026103
6574,0,0.05807196
6575,0,0.0549452
6576,0,0.1809156
6577,0,0.058616307
6578,1,0.630545
6579,0,0.06884558
6580,1,0.6411903
6581,0,0.053927317
6582,0,0.05474351
6583,0,0.61943954
6584,1,0.6390921
6585,0,0.054583892
6586,0,0.054461453
6587,0,0.054979105
6588,0,0.054268546
6589,0,0.23356889
6590,0,0.054466918
6591,0,0.054209303
6592,0,0.054954164
6593,1,0.05595003
6594,1,0.59125495
6595,0,0.24241102
6596,0,0.17738819
6597,0,0.057422444
6598,1,0.63333035
6599,0,0.05519111
6600,0,0.05620209
6601,0,0.13437232
6602,1,0.06478308
6603,0,0.054541327
6604,0,0.056232363
6605,0,0.054306626
6606,0,0.05437646
6607,0,0.054727692
6608,0,0.08349351
6609,0,0.6326176
6610,0,0.055918075
6611,0,0.21832615
6612,0,0.059834983
6613,0,0.054257646
6614,0,0.054423865
6615,0,0.24017374
6616,0,0.056161795
6617,0,0.0541224
6618,1,0.39960083
6619,0,0.21680595
6620,0,0.05562509
6621,0,0.18615787
6622,0,0.05827852
6623,0,0.058584556
6624,0,0.054388884
6625,0,0.27069983
6626,0,0.054166347
6627,0,0.054386992
6628,0,0.42984548
6629,0,0.072420225
6630,1,0.35951293
6631,0,0.05485319
6632,0,0.07213462
6633,1,0.64155513
6634,1,0.25889006
6635,1,0.5779134
6636,1,0.3008163
6637,0,0.1683884
6638,0,0.05567168
6639,0,0.054354668
6640,1,0.6413086
6641,0,0.060046256
6642,0,0.5409827
6643,1,0.29257765
6644,0,0.059219394
6645,0,0.05506298
6646,1,0.5912134
6647,1,0.6385471
6648,0,0.5874646
6649,0,0.054133803
6650,0,0.054450154
6651,0,0.05598025
6652,0,0.17968443
6653,0,0.5998694
6654,0,0.05422187
6655,0,0.05434919
6656,0,0.054038398
6657,0,0.05468872
6658,0,0.060812466
6659,1,0.3990555
6660,0,0.054379806
6661,0,0.059129428
6662,1,0.05504016
6663,1,0.24626786
6664,0,0.054527555
6665,0,0.054720204
6666,0,0.054403156
6667,0,0.054161496
6668,1,0.6351641
6669,0,0.05389377
6670,0,0.3270201
6671,0,0.054037835
6672,0,0.055806026
6673,1,0.2477186
6674,0,0.055934973
6675,0,0.054673325
6676,0,0.061743688
6677,0,0.3059226
6678,0,0.055354882
6679,0,0.054150656
6680,0,0.05429329
6681,0,0.06042101
6682,0,0.072414234
6683,0,0.05841162
6684,1,0.29378662
6685,0,0.055887807
6686,0,0.05440767
6687,1,0.061159253
6688,1,0.63629085
6689,0,0.054289017
6690,0,0.074561484
6691,0,0.054292373
6692,0,0.054352988
6693,1,0.60610485
6694,0,0.055259943
6695,0,0.05572317
6696,0,0.05416402
6697,0,0.054454226
6698,1,0.626114
6699,0,0.06158174
6700,0,0.1885381
6701,0,0.054177627
6702,0,0.3249159
6703,0,0.06381547
6704,0,0.054454673
6705,0,0.054873493
6706,0,0.3784922
6707,0,0.26851818
6708,0,0.054266874
6709,0,0.054072328
6710,0,0.05436696
6711,0,0.23608616
6712,0,0.054282792
6713,0,0.05458482
6714,0,0.24283703
6715,0,0.6400245
6716,0,0.055663783
6717,0,0.054000385
6718,0,0.05515033
6719,1,0.6404147
6720,0,0.05436072
6721,1,0.6078209
6722,1,0.6346257
6723,0,0.056114502
6724,0,0.054183684
6725,0,0.05468714
6726,0,0.054580364
6727,0,0.054744225
6728,0,0.054545015
6729,0,0.063307576
6730,0,0.05424268
6731,1,0.45716238
6732,0,0.055553965
6733,0,0.05492842
6734,0,0.055190347
6735,1,0.40384513
6736,0,0.05429039
6737,0,0.6376702
6738,0,0.054246027
6739,0,0.060843688
6740,0,0.060195982
6741,0,0.0542346
6742,0,0.054214146
6743,0,0.06453219
6744,0,0.055988733
6745,0,0.05896983
6746,0,0.055116918
6747,0,0.054896306
6748,0,0.054520212
6749,0,0.054491013
6750,0,0.19095188
6751,0,0.17777395
6752,0,0.054287165
6753,0,0.05409134
6754,0,0.1490991
6755,0,0.05742363
6756,0,0.054364976
6757,0,0.17728868
6758,0,0.05442526
6759,0,0.16538243
6760,1,0.36301652
6761,0,0.05862087
6762,0,0.054519102
6763,0,0.055350218
6764,0,0.05590003
6765,1,0.6396773
6766,1,0.51378
6767,0,0.2011962
6768,1,0.1754568
6769,0,0.05448416
6770,1,0.5845865
6771,0,0.3108525
6772,0,0.05435311
6773,0,0.054379035
6774,0,0.15265052
6775,0,0.05747888
6776,0,0.058879033
6777,0,0.05450679
6778,0,0.05590585
6779,0,0.1813262
6780,0,0.16192868
6781,0,0.054950874
6782,1,0.64085436
6783,0,0.054986328
6784,0,0.5945055
6785,0,0.057818636
6786,0,0.058431264
6787,0,0.054175425
6788,0,0.056209676
6789,0,0.054178685
6790,0,0.066568255
6791,1,0.14588894
6792,0,0.26972437
6793,0,0.054532595
6794,0,0.08781972
6795,0,0.055343036
6796,0,0.05548879
6797,0,0.05500427
6798,0,0.054263126
6799,1,0.23312709
6800,0,0.05476131
6801,1,0.63068265
6802,0,0.054620378
6803,0,0.054263238
6804,1,0.6362329
6805,0,0.055250946
6806,0,0.059363555
6807,0,0.16245139
6808,0,0.054673817
6809,1,0.5556003
6810,0,0.054509588
6811,0,0.054649055
6812,0,0.0605188
6813,0,0.05507544
6814,1,0.20467496
6815,0,0.26322678
6816,0,0.05435114
6817,0,0.054209948
6818,0,0.21519414
6819,0,0.054677192
6820,0,0.054348525
6821,0,0.6354496
6822,0,0.060630817
6823,0,0.054099564
6824,0,0.054360468
6825,0,0.59101677
6826,0,0.60134673
6827,0,0.053926162
6828,0,0.054335684
6829,1,0.6407825
6830,0,0.054314423
6831,1,0.059266333
6832,1,0.05628216
6833,1,0.6328887
6834,0,0.62992764
6835,0,0.0770027
6836,0,0.054396756
6837,0,0.31594938
6838,0,0.054067705
6839,1,0.58751184
6840,1,0.5855801
6841,0,0.31850523
6842,0,0.05465181
6843,0,0.058773346
6844,0,0.056526247
6845,0,0.6317822
6846,0,0.05477565
6847,0,0.061593268
6848,0,0.05431621
6849,0,0.054193716
6850,0,0.056231868
6851,0,0.054015797
6852,0,0.067915544
6853,0,0.056748316
6854,0,0.0583412
6855,0,0.20657293
6856,0,0.05621366
6857,1,0.21207629
6858,0,0.05525682
6859,0,0.33458394
6860,0,0.19753654
6861,0,0.054347817
6862,0,0.05411229
6863,1,0.3213155
6864,0,0.05446698
6865,0,0.055527
6866,0,0.05654954
6867,0,0.056570612
6868,0,0.05524682
6869,1,0.62585175
6870,0,0.054279123
6871,0,0.05446503
6872,0,0.05588685
6873,0,0.05805125
6874,0,0.05409504
6875,0,0.054200336
6876,0,0.6404597
6877,0,0.05440757
6878,0,0.05557506
6879,0,0.0619413
6880,0,0.05438518
6881,0,0.05493059
6882,1,0.054346323
6883,0,0.05725001
6884,0,0.054432034
6885,1,0.20030145
6886,0,0.054251466
6887,0,0.054644752
6888,0,0.05637191
6889,0,0.054157205
6890,0,0.10476781
6891,0,0.054610033
6892,0,0.054330334
6893,0,0.266281
6894,0,0.056566693
6895,0,0.056510814
6896,0,0.45678106
6897,0,0.05491488
6898,0,0.055598762
6899,1,0.32361084
6900,0,0.0548358
6901,0,0.21517225
6902,0,0.058284212
6903,0,0.07050677
6904,0,0.054376587
6905,0,0.056898613
6906,0,0.054275744
6907,0,0.054852203
6908,0,0.054726273
6909,1,0.6355661
6910,0,0.05459732
6911,0,0.054625556
6912,0,0.27224612
6913,1,0.061525736
6914,1,0.5458881
6915,0,0.05432001
6916,0,0.059524953
6917,0,0.054989535
6918,0,0.63147694
6919,1,0.23280664
6920,1,0.59610236
6921,0,0.054774113
6922,0,0.6398492
6923,0,0.239086
6924,0,0.054471243
6925,0,0.055038027
6926,0,0.054296773
6927,0,0.24467626
6928,1,0.06007382
6929,1,0.6227522
6930,1,0.09146902
6931,0,0.058998123
6932,0,0.056440122
6933,1,0.056235246
6934,0,0.054752726
6935,0,0.05435598
6936,0,0.058468737
6937,0,0.05447323
6938,0,0.058641437
6939,0,0.054903027
6940,0,0.054996926
6941,0,0.055894725
6942,0,0.05755469
6943,1,0.34674886
6944,1,0.1657476
6945,0,0.19183038
6946,1,0.35956475
6947,0,0.056148455
6948,0,0.054202747
6949,0,0.14050092
6950,0,0.05445362
6951,0,0.062006965
6952,0,0.054104976
6953,0,0.054558605
6954,0,0.054351076
6955,0,0.3386724
6956,0,0.05397898
6957,1,0.6253766
6958,0,0.19504733
6959,1,0.32837874
6960,1,0.63325626
6961,0,0.12928264
6962,0,0.055108227
6963,0,0.054592542
6964,0,0.055064905
6965,0,0.05413027
6966,0,0.05443316
6967,0,0.055413328
6968,1,0.4516866
6969,1,0.5988654
6970,1,0.5651518
6971,0,0.05427091
6972,0,0.05448006
6973,0,0.055107914
6974,0,0.054651417
6975,0,0.054573324
6976,0,0.25264803
6977,1,0.21766073
6978,0,0.05474152
6979,0,0.63672197
6980,1,0.14170311
6981,0,0.054419886
6982,0,0.05437387
6983,1,0.46776128
6984,0,0.058628466
6985,0,0.056473654
6986,0,0.06132025
6987,0,0.057758737
6988,0,0.054826707
6989,0,0.05445819
6990,0,0.05418393
6991,0,0.17971897
6992,1,0.6404988
6993,0,0.05424738
6994,1,0.6341585
6995,0,0.054226972
6996,0,0.05412735
6997,0,0.054529592
6998,0,0.05497445
6999,1,0.6402889
7000,1,0.59907264
7001,0,0.054284174
7002,1,0.059253786
7003,0,0.5921529
7004,1,0.15593229
7005,0,0.054144874
7006,0,0.055234637
7007,1,0.22037436
7008,0,0.6392241
7009,0,0.05637731
7010,0,0.05443449
7011,1,0.6333733
7012,1,0.061686944
7013,0,0.054087512
7014,0,0.056175385
7015,0,0.05432432
7016,0,0.054168575
7017,0,0.054745898
7018,0,0.054410517
7019,0,0.054749433
7020,0,0.058493983
7021,0,0.16436787
7022,0,0.054442
7023,0,0.054411005
7024,0,0.3674553
7025,0,0.58302677
7026,0,0.07509878
7027,0,0.054139152
7028,0,0.058006965
7029,0,0.05731895
7030,0,0.05419951
7031,1,0.25118893
7032,0,0.0544447
7033,0,0.05684223
7034,0,0.055074804
7035,0,0.09064357
7036,1,0.6320775
7037,0,0.05889307
7038,0,0.054345094
7039,0,0.054090265
7040,0,0.56958497
7041,0,0.22541
7042,0,0.05421622
7043,0,0.054224364
7044,0,0.05464994
7045,0,0.054603964
7046,0,0.05395001
7047,0,0.05874432
7048,0,0.054585233
7049,1,0.6402837
7050,0,0.0549299
7051,1,0.064245805
7052,0,0.597069
7053,0,0.055260323
7054,1,0.51373327
7055,0,0.054646894
7056,0,0.05504648
7057,0,0.2064948
7058,0,0.054675344
7059,0,0.37398615
7060,1,0.29551643
7061,0,0.18241481
7062,0,0.0548853
7063,0,0.05449492
7064,0,0.06323773
7065,0,0.05480572
7066,1,0.6367187
7067,0,0.11579806
7068,0,0.06408975
7069,0,0.05680243
7070,0,0.05425942
7071,0,0.054155175
7072,0,0.121178865
7073,1,0.6153668
7074,0,0.1611062
7075,1,0.34845674
7076,1,0.5720628
7077,0,0.054249067
7078,0,0.05647721
7079,0,0.054049797
7080,0,0.054351527
7081,0,0.30506048
7082,0,0.06770774
7083,0,0.054674864
7084,1,0.056248542
7085,0,0.20315564
7086,0,0.05467215
7087,0,0.05757043
7088,1,0.6324094
7089,0,0.05558704
7090,0,0.054356396
7091,0,0.0542556
7092,1,0.60025054
7093,0,0.25149924
7094,1,0.33277485
7095,0,0.055174857
7096,1,0.4150046
7097,0,0.054416623
7098,0,0.05470906
7099,0,0.057898775
7100,0,0.054454066
7101,0,0.6378895
7102,0,0.054705605
7103,0,0.055035584
7104,0,0.0640106
7105,0,0.05451814
7106,0,0.054778147
7107,0,0.054237794
7108,0,0.05423855
7109,0,0.5823845
7110,0,0.054804143
7111,0,0.054063413
7112,0,0.056044735
7113,0,0.06138955
7114,0,0.6383385
7115,0,0.3261717
7116,0,0.054494802
7117,0,0.05462423
7118,0,0.055491503
7119,0,0.054919828
7120,0,0.054150157
7121,0,0.06809745
7122,0,0.05427393
7123,0,0.2342749
7124,0,0.05583175
7125,0,0.06801206
7126,0,0.05429217
7127,0,0.05515574
7128,0,0.055552796
7129,0,0.05411008
7130,0,0.055320058
7131,0,0.059071325
7132,0,0.055431448
7133,0,0.055085156
7134,0,0.058950283
7135,1,0.08215888
7136,0,0.054913465
7137,1,0.63837105
7138,1,0.0563342
7139,1,0.3523175
7140,0,0.0544001
7141,1,0.6175931
7142,0,0.0543399
7143,0,0.21144211
7144,0,0.054759696
7145,0,0.054338492
7146,0,0.05489346
7147,0,0.054183736
7148,0,0.054551214
7149,0,0.054329112
7150,1,0.060174596
7151,0,0.054289877
7152,0,0.057829574
7153,0,0.08422821
7154,0,0.25370565
7155,0,0.05437949
7156,0,0.054676034
7157,0,0.06794456
7158,0,0.054335907
7159,0,0.06262492
7160,1,0.6399626
7161,1,0.2612075
7162,0,0.061886784
7163,0,0.5943422
7164,0,0.05418245
7165,0,0.05487992
7166,0,0.059350003
7167,0,0.05643734
7168,0,0.054712076
7169,0,0.054762445
7170,0,0.05856549
7171,0,0.054252323
7172,0,0.50174767
7173,1,0.28211147
7174,0,0.054473355
7175,0,0.23315938
7176,0,0.054106105
7177,0,0.05434968
7178,0,0.054852225
7179,0,0.054293416
7180,0,0.054182038
7181,0,0.1324846
7182,0,0.23131059
7183,0,0.05638493
7184,0,0.05488217
7185,1,0.30450192
7186,0,0.054203887
7187,0,0.05582592
7188,0,0.056056842
7189,0,0.05405305
7190,0,0.054864313
7191,0,0.0550583
7192,0,0.054625954
7193,0,0.05420808
7194,0,0.054953616
7195,0,0.054306895
7196,0,0.06153176
7197,0,0.59281737
7198,0,0.05440617
7199,0,0.059742726
7200,1,0.08807734
7201,0,0.062972985
7202,0,0.054313056
7203,0,0.3345032
7204,1,0.35090056
7205,0,0.053985823
7206,0,0.054049417
7207,0,0.054319825
7208,0,0.60806644
7209,0,0.0626785
7210,0,0.34790263
7211,0,0.054860134
7212,1,0.29118863
7213,0,0.057845697
7214,0,0.3090064
7215,0,0.20235285
7216,1,0.07438707
7217,0,0.05536417
7218,1,0.6162889
7219,0,0.05425408
7220,0,0.054579552
7221,0,0.26336062
7222,1,0.6130168
7223,0,0.05423124
7224,0,0.05461874
7225,0,0.05521513
7226,1,0.5729509
7227,1,0.5162735
7228,1,0.05614201
7229,0,0.054958675
7230,0,0.054256704
7231,1,0.32244486
7232,1,0.34684625
7233,0,0.26198757
7234,1,0.638233
7235,0,0.054274727
7236,0,0.05422058
7237,0,0.4011122
7238,0,0.054225195
7239,0,0.056038834
7240,0,0.054419216
7241,0,0.61127657
7242,0,0.054317314
7243,0,0.05425903
7244,0,0.05418546
7245,1,0.37008798
7246,1,0.19247286
7247,0,0.05450354
7248,0,0.05415889
7249,0,0.05476409
7250,0,0.055194277
7251,1,0.64037645
7252,0,0.05469047
7253,0,0.05432746
7254,0,0.055226464
7255,0,0.056085512
7256,0,0.054344166
7257,1,0.058419015
7258,0,0.054370005
7259,0,0.054420646
7260,0,0.054193217
7261,0,0.05408302
7262,0,0.58912116
7263,0,0.05538146
7264,0,0.22967622
7265,0,0.054839548
7266,1,0.6300555
7267,0,0.5898664
7268,0,0.060473952
7269,1,0.3412951
7270,0,0.62127316
7271,0,0.18066336
7272,0,0.05476991
7273,0,0.056901835
7274,1,0.3227958
7275,0,0.56131375
7276,0,0.05411235
7277,0,0.4635653
7278,0,0.054530345
7279,0,0.055062633
7280,1,0.3253994
7281,0,0.056003198
7282,0,0.31611097
7283,1,0.3542516
7284,0,0.059468895
7285,0,0.28728124
7286,0,0.06450562
7287,0,0.05671914
7288,0,0.055019308
7289,0,0.054309737
7290,0,0.05459251
7291,0,0.11206679
7292,0,0.05428022
7293,0,0.054637358
7294,0,0.06831924
7295,0,0.054323614
7296,1,0.2738702
7297,1,0.26465052
7298,0,0.05421857
7299,0,0.054867357
7300,0,0.30525008
7301,1,0.44453102
7302,0,0.05430703
7303,0,0.055544462
7304,1,0.3151853
7305,0,0.25432986
7306,0,0.1376868
7307,0,0.09857337
7308,1,0.6401355
7309,1,0.055773914
7310,0,0.057530664
7311,0,0.054167133
7312,0,0.2090631
7313,0,0.055052266
7314,0,0.05426212
7315,0,0.06442586
7316,0,0.20128383
7317,0,0.05501063
7318,0,0.055012587
7319,0,0.055959743
7320,0,0.055037037
7321,1,0.1887966
7322,1,0.61940736
7323,0,0.059296764
7324,0,0.3242537
7325,0,0.054239627
7326,0,0.054431375
7327,0,0.05456719
7328,0,0.056620795
7329,0,0.05580031
7330,1,0.54041004
7331,0,0.056195915
7332,1,0.6306029
7333,1,0.1746765
7334,0,0.054361835
7335,0,0.054310862
7336,0,0.060322605
7337,0,0.054825462
7338,0,0.055146467
7339,0,0.05455827
7340,0,0.05415205
7341,0,0.054572437
7342,1,0.0552377
7343,0,0.054297846
7344,0,0.05599418
7345,0,0.055541985
7346,0,0.056480665
7347,1,0.06339954
7348,1,0.24773812
7349,1,0.6371363
7350,0,0.06522623
7351,0,0.054468
7352,1,0.4155812
7353,0,0.0542396
7354,0,0.21887556
7355,1,0.63331044
7356,1,0.6251955
7357,0,0.054156423
7358,0,0.32327366
7359,1,0.61146176
7360,0,0.06969161
7361,0,0.05457461
7362,0,0.054191884
7363,0,0.05509286
7364,1,0.124402545
7365,1,0.36319566
7366,0,0.05510711
7367,0,0.5825954
7368,0,0.63317543
7369,0,0.054265827
7370,0,0.059505418
7371,0,0.05506745
7372,0,0.05412837
7373,0,0.06937964
7374,1,0.5977437
7375,0,0.05513495
7376,0,0.055535708
7377,1,0.4969108
7378,0,0.054118566
7379,0,0.054719627
7380,0,0.055647418
7381,0,0.058239236
7382,0,0.2296894
7383,1,0.58963084
7384,0,0.054368623
7385,0,0.058215838
7386,0,0.054590847
7387,0,0.054308694
7388,0,0.58414775
7389,1,0.41791555
7390,0,0.23448718
7391,0,0.05694793
7392,0,0.05477816
7393,0,0.055962138
7394,0,0.24397415
7395,0,0.05427349
7396,0,0.055917725
7397,1,0.2204291
7398,0,0.056795277
7399,0,0.15907682
7400,0,0.053984277
7401,1,0.60093266
7402,0,0.055396438
7403,0,0.05556868
7404,1,0.6289457
7405,0,0.05425333
7406,1,0.6382402
7407,0,0.055329505
7408,0,0.05425665
7409,0,0.055095106
7410,0,0.0540424
7411,0,0.13486941
7412,0,0.054842878
7413,0,0.05482278
7414,0,0.32940564
7415,0,0.054934304
7416,0,0.05505239
7417,0,0.054551043
7418,1,0.61480814
7419,0,0.05413706
7420,0,0.14627695
7421,0,0.055119414
7422,0,0.054377515
7423,0,0.054302964
7424,0,0.054361522
7425,0,0.054044224
7426,1,0.59350383
7427,0,0.060694687
7428,0,0.2151747
7429,1,0.19095714
7430,0,0.057952028
7431,0,0.054188564
7432,1,0.056455567
7433,1,0.63416433
7434,1,0.2276996
7435,1,0.05624404
7436,0,0.05412437
7437,0,0.054323856
7438,0,0.054303918
7439,0,0.054606475
7440,0,0.05606092
7441,1,0.05605561
7442,0,0.0542217
7443,1,0.64044535
7444,0,0.055254225
7445,0,0.05565109
7446,0,0.6174803
7447,0,0.05476189
7448,0,0.05562496
7449,0,0.054559257
7450,0,0.05459562
7451,0,0.055104427
7452,0,0.061144225
7453,0,0.058781676
7454,0,0.054218665
7455,1,0.3435391
7456,0,0.054402787
7457,0,0.054420095
7458,0,0.05560002
7459,0,0.35517037
7460,0,0.05600368
7461,0,0.637538
7462,0,0.05456885
7463,0,0.054283306
7464,0,0.056202885
7465,0,0.26944536
7466,0,0.05436659
7467,0,0.054159965
7468,1,0.64039207
7469,1,0.05692111
7470,1,0.17868449
7471,0,0.056084074
7472,0,0.054577436
7473,0,0.056285568
7474,0,0.05468994
7475,0,0.19682944
7476,0,0.054270525
7477,1,0.6369844
7478,0,0.05485577
7479,1,0.07718859
7480,0,0.054105252
7481,0,0.058361873
7482,0,0.061106324
7483,0,0.055937227
7484,0,0.52710927
7485,0,0.054365966
7486,0,0.054232072
7487,0,0.05432901
7488,0,0.054439276
7489,0,0.05410444
7490,1,0.63768613
7491,0,0.05443316
7492,0,0.17901783
7493,0,0.18317072
7494,0,0.054269142
7495,0,0.055033833
7496,0,0.2379572
7497,1,0.63877827
7498,0,0.054400504
7499,0,0.058253076
7500,0,0.064585514
7501,0,0.06546299
7502,1,0.2779305
7503,0,0.22594973
7504,1,0.6067358
7505,1,0.20309012
7506,0,0.2403538
7507,1,0.068708085
7508,1,0.6367466
7509,0,0.060914163
7510,0,0.054258198
7511,0,0.054544427
7512,0,0.055915285
7513,0,0.054809608
7514,0,0.20130515
7515,0,0.055536706
7516,1,0.34763306
7517,1,0.064306796
7518,0,0.6002361
7519,0,0.05560565
7520,0,0.05553943
7521,0,0.05428256
7522,0,0.28288585
7523,0,0.05492557
7524,1,0.46171662
7525,0,0.20166391
7526,0,0.36685133
7527,0,0.05526076
7528,0,0.054586142
7529,0,0.3055579
7530,0,0.05427421
7531,0,0.11418963
7532,0,0.054351028
7533,0,0.054674752
7534,0,0.05737023
7535,0,0.05433107
7536,0,0.084907055
7537,1,0.3466494
7538,0,0.23860003
7539,0,0.06034328
7540,0,0.05486347
7541,0,0.054218207
7542,0,0.0542043
7543,0,0.29920873
7544,1,0.43708465
7545,0,0.0540482
7546,0,0.054780707
7547,0,0.056414817
7548,0,0.056553323
7549,0,0.055537708
7550,0,0.054240346
7551,0,0.05465376
7552,0,0.5907968
7553,1,0.63467056
7554,0,0.054218665
7555,0,0.054001797
7556,0,0.20255297
7557,0,0.056095384
7558,1,0.350179
7559,0,0.054218985
7560,0,0.054895762
7561,0,0.054619968
7562,0,0.05660213
7563,0,0.054158617
7564,0,0.17954014
7565,0,0.23656371
7566,0,0.054103006
7567,0,0.05987757
7568,0,0.05478106
7569,0,0.05959277
7570,0,0.054677192
7571,0,0.19374973
7572,0,0.44897848
7573,0,0.6168233
7574,1,0.6291186
7575,0,0.054879528
7576,0,0.054211356
7577,0,0.5205445
7578,0,0.18569161
7579,0,0.055502757
7580,0,0.054550413
7581,0,0.29300687
7582,0,0.05411789
7583,0,0.39896896
7584,0,0.44000918
7585,0,0.061375406
7586,0,0.054358352
7587,1,0.6107187
7588,0,0.15252557
7589,0,0.05647554
7590,1,0.28082085
7591,0,0.0554671
7592,1,0.6036951
7593,0,0.05469551
7594,0,0.054521833
7595,0,0.054014504
7596,0,0.055081468
7597,0,0.05469997
7598,0,0.05589041
7599,0,0.054957952
7600,0,0.056080006
7601,1,0.055505037
7602,0,0.20658962
7603,0,0.054314326
7604,0,0.05572741
7605,0,0.059357025
7606,0,0.60699
7607,0,0.2847845
7608,0,0.05404864
7609,0,0.05495352
7610,0,0.05411877
7611,0,0.05599673
7612,0,0.054258462
7613,0,0.23916401
7614,1,0.36122277
7615,0,0.349862
7616,0,0.060664825
7617,0,0.054187167
7618,0,0.05427696
7619,0,0.0547911
7620,0,0.05434983
7621,0,0.3172685
7622,1,0.6347051
7623,0,0.35152268
7624,0,0.054685637
7625,0,0.055902246
7626,1,0.6215968
7627,0,0.05433323
7628,0,0.05930274
7629,0,0.054629322
7630,0,0.19468187
7631,0,0.056717075
7632,0,0.21174665
7633,0,0.056819793
7634,0,0.11126961
7635,0,0.18286356
7636,0,0.21069175
7637,0,0.054244068
7638,1,0.6210972
7639,0,0.06908908
7640,0,0.19971237
7641,0,0.05784498
7642,0,0.054951727
7643,0,0.055908907
7644,1,0.6184891
7645,0,0.05393994
7646,0,0.06164836
7647,0,0.055698875
7648,0,0.054639794
7649,0,0.05652622
7650,0,0.45331106
7651,0,0.05477505
7652,0,0.21107091
7653,0,0.05418422
7654,0,0.05412977
7655,1,0.4476217
7656,1,0.45570546
7657,0,0.054768026
7658,0,0.054093976
7659,1,0.6323926
7660,0,0.054086752
7661,1,0.0550085
7662,0,0.2731817
7663,0,0.05551227
7664,0,0.056016207
7665,0,0.054232266
7666,0,0.054063637
7667,0,0.077767074
7668,1,0.054837395
7669,0,0.6207108
7670,0,0.056447666
7671,0,0.05563751
7672,0,0.055429704
7673,0,0.05545605
7674,0,0.054256536
7675,1,0.36439803
7676,0,0.19710548
7677,0,0.16440016
7678,0,0.054211136
7679,0,0.1835735
7680,0,0.5899111
7681,0,0.05426798
7682,1,0.6379058
7683,0,0.055330206
7684,0,0.054135006
7685,1,0.2336478
7686,0,0.0550717
7687,1,0.6380041
7688,0,0.6306216
7689,0,0.05467928
7690,0,0.2619955
7691,0,0.07857738
7692,1,0.6037456
7693,0,0.055938978
7694,0,0.054217104
7695,0,0.05423082
7696,0,0.0548547
7697,0,0.05435289
7698,0,0.0629484
7699,0,0.054462954
7700,0,0.05492988
7701,0,0.054160304
7702,0,0.054610312
7703,0,0.05747264
7704,0,0.055385955
7705,0,0.054148775
7706,0,0.20030205
7707,0,0.081239514
7708,0,0.34989497
7709,0,0.6332515
7710,0,0.0540003
7711,0,0.16842833
7712,0,0.05440123
7713,0,0.054404788
7714,0,0.05718143
7715,1,0.6023123
7716,0,0.61845803
7717,0,0.21289915
7718,0,0.057929073
7719,0,0.068430625
7720,0,0.05513776
7721,0,0.6083416
7722,0,0.07039334
7723,0,0.05582151
7724,0,0.05438838
7725,0,0.05439391
7726,0,0.25397685
7727,0,0.05561223
7728,1,0.054619364
7729,1,0.05712889
7730,0,0.054337014
7731,0,0.054175254
7732,1,0.5636643
7733,0,0.05500783
7734,0,0.6272403
7735,0,0.62239575
7736,0,0.055133633
7737,0,0.0545841
7738,0,0.05418107
7739,0,0.2918415
7740,0,0.054339733
7741,0,0.054481484
7742,0,0.055294324
7743,0,0.054279156
7744,0,0.055069312
7745,0,0.054213353
7746,0,0.059947155
7747,0,0.05483671
7748,0,0.05768708
7749,1,0.27556926
7750,1,0.32215694
7751,0,0.5346499
7752,0,0.55990195
7753,0,0.057281062
7754,1,0.62803435
7755,0,0.21699364
7756,0,0.054355867
7757,1,0.631838
7758,0,0.08140969
7759,0,0.0553378
7760,0,0.054488238
7761,0,0.21409358
7762,0,0.31291106
7763,0,0.21072146
7764,0,0.054275475
7765,0,0.05419175
7766,0,0.055185996
7767,0,0.05981828
7768,0,0.061061703
7769,0,0.05453545
7770,0,0.05907829
7771,0,0.23767106
7772,1,0.6228491
7773,1,0.069190785
7774,0,0.054796916
7775,0,0.23307225
7776,1,0.633782
7777,0,0.0546944
7778,0,0.34967276
7779,1,0.35180286
7780,0,0.25651318
7781,1,0.5987368
7782,0,0.05746289
7783,0,0.054223265
7784,0,0.056519557
7785,0,0.0546325
7786,1,0.30779552
7787,0,0.055217285
7788,0,0.05421423
7789,1,0.6297564
7790,0,0.054347377
7791,1,0.41296273
7792,0,0.26952475
7793,0,0.05440881
7794,0,0.057417654
7795,1,0.07695238
7796,0,0.054743703
7797,0,0.055591453
7798,0,0.056492742
7799,0,0.05547842
7800,1,0.59648365
7801,0,0.054498482
7802,0,0.05459988
7803,1,0.3342705
7804,0,0.055546932
7805,0,0.6059723
7806,1,0.5858811
7807,0,0.47546968
7808,0,0.056417603
7809,0,0.59621346
7810,0,0.05447532
7811,0,0.22938034
7812,0,0.054286044
7813,0,0.055982113
7814,0,0.05426069
7815,0,0.056420565
7816,0,0.054591708
7817,0,0.3416132
7818,0,0.05413
7819,1,0.058874536
7820,0,0.0542608
7821,0,0.054707132
7822,0,0.05925745
7823,1,0.64067435
7824,0,0.06900557
7825,0,0.059438284
7826,0,0.28466427
7827,0,0.07596152
7828,0,0.4179415
7829,0,0.054386746
7830,1,0.59656054
7831,0,0.055229545
7832,0,0.06023337
7833,0,0.056499694
7834,0,0.054061536
7835,1,0.60896224
7836,0,0.06271788
7837,0,0.057638142
7838,0,0.054290026
7839,0,0.05415497
7840,0,0.054037135
7841,1,0.59633017
7842,0,0.056691427
7843,0,0.09734218
7844,0,0.0542028
7845,0,0.060087934
7846,0,0.054949187
7847,1,0.44923902
7848,0,0.054453533
7849,0,0.055021733
7850,0,0.2430802
7851,0,0.06563312
7852,0,0.054203503
7853,1,0.612022
7854,0,0.05499764
7855,1,0.17720112
7856,1,0.3954697
7857,0,0.19822018
7858,0,0.15169954
7859,0,0.07160003
7860,0,0.056071922
7861,0,0.054158542
7862,1,0.62445706
7863,0,0.058860987
7864,0,0.22001655
7865,1,0.5843648
7866,0,0.054359924
7867,0,0.055212665
7868,1,0.07187043
7869,0,0.0562795
7870,0,0.055830218
7871,0,0.23375212
7872,0,0.06764649
7873,0,0.054302048
7874,0,0.07882422
7875,0,0.054527447
7876,0,0.44031715
7877,0,0.05496501
7878,0,0.054288518
7879,1,0.6311253
7880,0,0.054650307
7881,0,0.3472775
7882,0,0.05500509
7883,0,0.1529836
7884,1,0.3318056
7885,0,0.07130896
7886,0,0.05792375
7887,0,0.05454224
7888,0,0.05426922
7889,0,0.054439966
7890,0,0.05490587
7891,1,0.31317937
7892,0,0.05650049
7893,1,0.64150923
7894,0,0.054522373
7895,0,0.05431139
7896,0,0.06092143
7897,0,0.055435494
7898,1,0.22562787
7899,0,0.05429925
7900,0,0.05424636
7901,0,0.05434505
7902,0,0.056149215
7903,0,0.055060204
7904,0,0.054152098
7905,1,0.4902331
7906,0,0.055398755
7907,1,0.2526653
7908,0,0.054230087
7909,0,0.3130154
7910,0,0.05473906
7911,1,0.21148981
7912,0,0.0679318
7913,0,0.054445997
7914,1,0.33103278
7915,0,0.16225137
7916,0,0.096195936
7917,1,0.64060694
7918,0,0.05452333
7919,1,0.45049128
7920,0,0.055873137
7921,0,0.20064461
7922,0,0.056684937
7923,0,0.6103309
7924,1,0.55119103
7925,0,0.2732123
7926,0,0.054822642
7927,0,0.05420578
7928,0,0.056238025
7929,0,0.28160378
7930,0,0.054828312
7931,0,0.054312274
7932,0,0.05546197
7933,0,0.05417706
7934,1,0.054392584
7935,0,0.054464538
7936,1,0.41609722
7937,0,0.25944763
7938,1,0.42937216
7939,0,0.055013053
7940,0,0.054312024
7941,0,0.053934008
7942,0,0.05435034
7943,0,0.0545656
7944,0,0.2707485
7945,0,0.056588747
7946,0,0.054115906
7947,0,0.05430355
7948,0,0.05436196
7949,0,0.057135273
7950,0,0.054413177
7951,0,0.06606792
7952,0,0.054326437
7953,0,0.2593118
7954,1,0.623992
7955,0,0.26354894
7956,1,0.6393014
7957,1,0.18978266
7958,1,0.63584393
7959,0,0.05647709
7960,0,0.054362204
7961,0,0.055614192
7962,0,0.250982
7963,0,0.05520354
7964,0,0.054631542
7965,0,0.6390446
7966,0,0.05431359
7967,1,0.4165277
7968,0,0.054690972
7969,0,0.05419275
7970,1,0.05470832
7971,0,0.05501286
7972,1,0.6407064
7973,0,0.054230675
7974,1,0.6325456
7975,1,0.45019472
7976,1,0.32208693
7977,0,0.6376533
7978,0,0.6323156
7979,0,0.055915717
7980,1,0.45034546
7981,0,0.054317106
7982,1,0.6098598
7983,0,0.640442
7984,0,0.056517985
7985,0,0.054699995
7986,0,0.05982088
7987,0,0.057951912
7988,1,0.36881414
7989,0,0.6349824
7990,0,0.054605637
7991,0,0.055610634
7992,0,0.23266491
7993,0,0.054644004
7994,0,0.054292627
7995,0,0.055044226
7996,0,0.057279177
7997,0,0.05503055
7998,0,0.054352768
7999,0,0.05431729
8000,0,0.056472693
8001,0,0.054114863
8002,0,0.05466393
8003,0,0.63028425
8004,0,0.6415525
8005,0,0.05436055
8006,0,0.05478189
8007,0,0.054820664
8008,0,0.05433215
8009,0,0.59095806
8010,1,0.10216017
8011,0,0.056933768
8012,0,0.05925413
8013,1,0.3658845
8014,0,0.05422138
8015,0,0.054974895
8016,0,0.64109045
8017,0,0.061419684
8018,1,0.62818867
8019,0,0.054171223
8020,0,0.0543624
8021,0,0.44800946
8022,0,0.05551212
8023,1,0.41840273
8024,0,0.054250196
8025,0,0.05430003
8026,1,0.059479486
8027,0,0.05535426
8028,0,0.06105054
8029,0,0.05490758
8030,0,0.054648366
8031,1,0.62901515
8032,1,0.6217834
8033,0,0.05782585
8034,0,0.05467647
8035,0,0.054205436
8036,0,0.054109577
8037,0,0.054102276
8038,0,0.24325074
8039,0,0.37406012
8040,0,0.054980196
8041,0,0.05422603
8042,1,0.5779372
8043,1,0.36028105
8044,0,0.054165896
8045,1,0.23873235
8046,0,0.26742125
8047,0,0.060732156
8048,0,0.05438405
8049,0,0.054326303
8050,0,0.054227337
8051,1,0.07603441
8052,0,0.056201916
8053,0,0.054166365
8054,0,0.054653116
8055,0,0.05417468
8056,0,0.055834837
8057,0,0.054294713
8058,0,0.053943194
8059,0,0.05647208
8060,0,0.23282543
8061,0,0.055277165
8062,0,0.054898623
8063,0,0.054313898
8064,0,0.055337816
8065,0,0.05428415
8066,0,0.05468166
8067,0,0.05632262
8068,0,0.054313675
8069,0,0.22528148
8070,0,0.57830775
8071,0,0.6232635
8072,0,0.058491725
8073,0,0.54799443
8074,0,0.0562222
8075,0,0.595088
8076,0,0.054280307
8077,0,0.055061817
8078,0,0.054818835
8079,0,0.054409277
8080,0,0.05423191
8081,0,0.054563176
8082,1,0.05602761
8083,0,0.054199886
8084,0,0.1771719
8085,0,0.054203212
8086,0,0.42082232
8087,1,0.63353676
8088,1,0.6395082
8089,0,0.05734821
8090,1,0.59084624
8091,1,0.08656291
8092,1,0.6366081
8093,0,0.63548154
8094,0,0.05411308
8095,0,0.05562967
8096,1,0.6105838
8097,0,0.21415764
8098,0,0.054180447
8099,0,0.6387877
8100,0,0.054469302
8101,0,0.054166503
8102,0,0.054576624
8103,0,0.05425438
8104,0,0.054650802
8105,1,0.056601673
8106,1,0.6400253
8107,0,0.08932694
8108,0,0.054191016
8109,1,0.33923125
8110,0,0.054110423
8111,0,0.054468293
8112,0,0.054200202
8113,0,0.24582551
8114,0,0.055073205
8115,0,0.05416612
8116,0,0.054234236
8117,0,0.054230187
8118,0,0.054211307
8119,0,0.054203358
8120,0,0.6377998
8121,0,0.05633824
8122,0,0.05418564
8123,0,0.05511004
8124,0,0.3629865
8125,0,0.05449598
8126,1,0.6367138
8127,1,0.28107372
8128,1,0.5749731
8129,0,0.05410615
8130,0,0.6073068
8131,1,0.18319072
8132,1,0.63073
8133,1,0.62845355
8134,0,0.056653697
8135,0,0.056001738
8136,0,0.05806037
8137,1,0.26675698
8138,0,0.054328915
8139,0,0.1377561
8140,0,0.055543583
8141,0,0.054137968
8142,0,0.055167243
8143,0,0.05623065
8144,0,0.6393145
8145,0,0.055034433
8146,0,0.05420818
8147,0,0.6400093
8148,0,0.054761697
8149,0,0.18874712
8150,0,0.05559306
8151,0,0.05407781
8152,0,0.054629732
8153,0,0.48722708
8154,0,0.05529066
8155,1,0.6369979
8156,0,0.09396142
8157,0,0.06215234
8158,0,0.05480839
8159,0,0.05559436
8160,1,0.38561758
8161,1,0.6386202
8162,0,0.054328695
8163,0,0.21719126
8164,0,0.0543785
8165,0,0.3082651
8166,0,0.05450593
8167,0,0.05427601
8168,0,0.6333382
8169,0,0.07907756
8170,0,0.24725942
8171,0,0.054273784
8172,0,0.062043816
8173,0,0.054244347
8174,0,0.05427694
8175,0,0.06072572
8176,1,0.63604
8177,1,0.0824834
8178,0,0.060924646
8179,0,0.054252937
8180,0,0.055133317
8181,0,0.05491299
8182,0,0.05431159
8183,0,0.05511342
8184,0,0.06175393
8185,1,0.63724774
8186,0,0.05434004
8187,0,0.057681687
8188,0,0.054458156
8189,0,0.056795444
8190,0,0.05568183
8191,0,0.05420625
8192,1,0.056306276
8193,0,0.2391875
8194,0,0.054928716
8195,0,0.054967664
8196,0,0.054219596
8197,1,0.055971984
8198,0,0.05457569
8199,1,0.6004237
8200,0,0.34659746
8201,0,0.2418123
8202,1,0.5834984
8203,0,0.054145638
8204,0,0.6239978
8205,0,0.24116117
8206,1,0.24255347
8207,0,0.28476328
8208,1,0.3104564
8209,0,0.05644355
8210,0,0.05640108
8211,0,0.054149963
8212,0,0.21231887
8213,0,0.056925785
8214,0,0.05436136
8215,0,0.059821807
8216,1,0.05929353
8217,0,0.06051056
8218,0,0.054417543
8219,0,0.055433758
8220,0,0.054260172
8221,0,0.055226408
8222,0,0.058595765
8223,0,0.33500856
8224,1,0.17798287
8225,0,0.0543463
8226,0,0.054355647
8227,0,0.054152865
8228,0,0.05421927
8229,0,0.06018802
8230,0,0.059136707
8231,0,0.5797867
8232,0,0.055741176
8233,0,0.054790743
8234,1,0.46463194
8235,0,0.05747269
8236,0,0.23138565
8237,0,0.24336074
8238,1,0.63985074
8239,1,0.26282102
8240,0,0.05471738
8241,0,0.16232403
8242,0,0.054390915
8243,0,0.05435571
8244,0,0.05537008
8245,0,0.054588113
8246,0,0.054612078
8247,0,0.054212555
8248,0,0.056325722
8249,0,0.054413628
8250,1,0.6352312
8251,0,0.05630366
8252,0,0.056642853
8253,1,0.5943074
8254,0,0.055372484
8255,0,0.34062344
8256,1,0.6407553
8257,0,0.056053523
8258,0,0.34052023
8259,1,0.631397
8260,0,0.6226607
8261,1,0.24226797
8262,0,0.05493302
8263,0,0.05883623
8264,0,0.058980044
8265,0,0.05932739
8266,1,0.6325356
8267,0,0.05522609
8268,0,0.27467725
8269,0,0.054745898
8270,1,0.056687295
8271,1,0.6408559
8272,0,0.054584425
8273,0,0.054864906
8274,1,0.060025673
8275,1,0.63971335
8276,0,0.18821278
8277,1,0.6403416
8278,0,0.06003263
8279,0,0.054221936
8280,0,0.06356794
8281,0,0.054874167
8282,0,0.05547953
8283,0,0.054413997
8284,0,0.05899971
8285,0,0.16712992
8286,0,0.058172062
8287,0,0.054457612
8288,0,0.2384565
8289,1,0.62169015
8290,1,0.6394923
8291,0,0.05453587
8292,0,0.054490495
8293,0,0.056419104
8294,1,0.056440786
8295,0,0.055361304
8296,1,0.3587636
8297,0,0.28524542
8298,0,0.054372847
8299,0,0.17692658
8300,0,0.27084878
8301,0,0.054435294
8302,1,0.625938
8303,0,0.4498692
8304,0,0.05417521
8305,1,0.12180493
8306,0,0.054574676
8307,0,0.23939455
8308,0,0.054900244
8309,1,0.62878245
8310,0,0.054034766
8311,0,0.0553879
8312,0,0.0552649
8313,0,0.36348718
8314,0,0.63662094
8315,0,0.06443734
8316,0,0.054143816
8317,0,0.054436676
8318,0,0.05437452
8319,0,0.05409529
8320,0,0.05476777
8321,0,0.058909904
8322,0,0.054127388
8323,0,0.05568596
8324,1,0.6383822
8325,0,0.055004656
8326,0,0.059338696
8327,1,0.6306797
8328,0,0.6368735
8329,1,0.63821363
8330,0,0.055873364
8331,0,0.054397956
8332,1,0.60853267
8333,0,0.6386811
8334,0,0.05410493
8335,0,0.054118916
8336,0,0.05495285
8337,0,0.05994025
8338,0,0.06566141
8339,0,0.058389015
8340,0,0.054254588
8341,0,0.36925375
8342,0,0.05495191
8343,0,0.054231312
8344,0,0.054541916
8345,0,0.054515332
8346,0,0.055601943
8347,0,0.054735485
8348,0,0.057254788
8349,0,0.057779048
8350,0,0.054208692
8351,0,0.05509275
8352,1,0.18066436
8353,0,0.05412514
8354,0,0.05463028
8355,0,0.05441045
8356,1,0.31593803
8357,1,0.15768863
8358,1,0.27338025
8359,1,0.61412686
8360,0,0.054766297
8361,0,0.05465711
8362,0,0.54169786
8363,0,0.05488615
8364,0,0.054404285
8365,0,0.057283722
8366,1,0.05475103
8367,0,0.062681
8368,0,0.0604998
8369,0,0.5786235
8370,0,0.05423113
8371,0,0.05441679
8372,0,0.054273907
8373,0,0.05600986
8374,1,0.56509805
8375,0,0.054187078
8376,1,0.61350125
8377,1,0.29701346
8378,0,0.05596399
8379,0,0.05532154
8380,0,0.054404505
8381,0,0.64005387
8382,0,0.05434488
8383,0,0.05460478
8384,1,0.05498764
8385,0,0.06175888
8386,1,0.63596493
8387,0,0.31716168
8388,0,0.05461928
8389,1,0.40040377
8390,0,0.6378818
8391,0,0.054460317
8392,1,0.58047026
8393,0,0.055223327
8394,0,0.060350906
8395,0,0.057440992
8396,1,0.06913325
8397,1,0.2787106
8398,1,0.26449582
8399,0,0.054107226
8400,0,0.054923728
8401,1,0.055051394
8402,0,0.054412916
8403,0,0.055173986
8404,0,0.41662583
8405,1,0.28707823
8406,0,0.054518748
8407,0,0.05487433
8408,0,0.060949724
8409,1,0.6347561
8410,1,0.19969031
8411,0,0.055921037
8412,1,0.23661064
8413,0,0.055314895
8414,0,0.33035514
8415,1,0.2935299
8416,0,0.05441277
8417,0,0.054236557
8418,0,0.054849036
8419,0,0.054246426
8420,0,0.05533748
8421,0,0.054312494
8422,0,0.054126702
8423,1,0.35565203
8424,0,0.21780582
8425,1,0.62568814
8426,0,0.05416181
8427,0,0.27081975
8428,0,0.054074366
8429,0,0.059669
8430,0,0.6078709
8431,1,0.21102282
8432,0,0.63645965
8433,0,0.054727692
8434,0,0.05444534
8435,0,0.054116253
8436,0,0.053934388
8437,0,0.61562186
8438,1,0.23801559
8439,1,0.46167606
8440,0,0.058345918
8441,0,0.055379305
8442,0,0.054095253
8443,0,0.054218363
8444,1,0.26489037
8445,0,0.054549664
8446,0,0.07023695
8447,1,0.06148833
8448,0,0.054044403
8449,0,0.0558051
8450,0,0.054788135
8451,0,0.25433016
8452,0,0.058517713
8453,0,0.054262992
8454,0,0.054186128
8455,0,0.27198005
8456,0,0.6408074
8457,0,0.056303855
8458,0,0.062693946
8459,0,0.0540047
8460,0,0.62651974
8461,0,0.05408814
8462,1,0.6284104
8463,0,0.088324554
8464,0,0.056940492
8465,1,0.62937325
8466,0,0.054405097
8467,0,0.055260032
8468,0,0.054250818
8469,0,0.30471134
8470,0,0.06272379
8471,0,0.055175334
8472,0,0.62069845
8473,0,0.055945043
8474,0,0.05505086
8475,0,0.13097659
8476,1,0.34245735
8477,0,0.05418421
8478,1,0.6137153
8479,0,0.15099384
8480,0,0.0543374
8481,0,0.26892304
8482,0,0.10965407
8483,0,0.24929455
8484,0,0.24230509
8485,1,0.63828343
8486,0,0.056990787
8487,0,0.08619673
8488,0,0.05438363
8489,1,0.33941704
8490,0,0.054352842
8491,0,0.05832495
8492,0,0.15114804
8493,0,0.05565404
8494,0,0.23947565
8495,0,0.054604642
8496,0,0.05647213
8497,0,0.05419232
8498,0,0.053977005
8499,0,0.054372244
8500,0,0.23732507
8501,0,0.056451578
8502,0,0.63617575
8503,0,0.05432628
8504,0,0.054484066
8505,0,0.0559172
8506,0,0.054847762
8507,1,0.614334
8508,0,0.054439105
8509,0,0.05455542
8510,0,0.07083869
8511,0,0.05502822
8512,0,0.05626675
8513,0,0.05447009
8514,0,0.056163847
8515,0,0.06347438
8516,0,0.054758877
8517,0,0.26492566
8518,0,0.054732673
8519,0,0.05526755
8520,0,0.13834618
8521,1,0.6094218
8522,1,0.6398803
8523,0,0.054309428
8524,1,0.32582703
8525,0,0.056402594
8526,0,0.07197798
8527,0,0.054007437
8528,0,0.05585297
8529,1,0.60416454
8530,0,0.24268374
8531,0,0.05420341
8532,0,0.054854613
8533,0,0.2897054
8534,0,0.054393273
8535,0,0.24157542
8536,0,0.05427464
8537,0,0.33635274
8538,0,0.28113014
8539,0,0.055219
8540,0,0.054271974
8541,0,0.054175347
8542,0,0.05417617
8543,0,0.05422986
8544,0,0.056921635
8545,0,0.05425687
8546,0,0.6247283
8547,0,0.056082327
8548,0,0.05425635
8549,0,0.520976
8550,0,0.054146808
8551,1,0.3884842
8552,0,0.05500086
8553,0,0.054059394
8554,0,0.054114543
8555,0,0.17010838
8556,0,0.054150388
8557,0,0.054247282
8558,0,0.33771536
8559,1,0.06106139
8560,0,0.6373378
8561,0,0.2535362
8562,0,0.054429166
8563,0,0.054712962
8564,0,0.054778244
8565,1,0.45683953
8566,0,0.055139907
8567,0,0.057351615
8568,0,0.054473184
8569,0,0.05519588
8570,0,0.05410852
8571,0,0.05444203
8572,1,0.6332271
8573,0,0.054237556
8574,0,0.053926006
8575,0,0.054335628
8576,1,0.6385799
8577,1,0.59686476
8578,0,0.05756767
8579,0,0.05501745
8580,0,0.05654954
8581,0,0.054990657
8582,0,0.05425065
8583,0,0.054818146
8584,0,0.054750416
8585,0,0.054551348
8586,1,0.3877074
8587,1,0.3102781
8588,0,0.054283034
8589,0,0.6008289
8590,1,0.6184876
8591,0,0.055459294
8592,1,0.64152646
8593,0,0.05457841
8594,0,0.05420467
8595,0,0.058438767
8596,0,0.19666395
8597,0,0.054433007
8598,0,0.056789696
8599,0,0.5989786
8600,0,0.059171073
8601,0,0.057245236
8602,0,0.054334406
8603,1,0.6254684
8604,0,0.05460707
8605,0,0.0554317
8606,0,0.054282863
8607,0,0.05478489
8608,1,0.26032603
8609,0,0.054227374
8610,0,0.05457953
8611,0,0.6398149
8612,0,0.056644566
8613,0,0.056201354
8614,0,0.054218665
8615,1,0.2304425
8616,0,0.056244966
8617,0,0.05442656
8618,0,0.059188366
8619,1,0.4749831
8620,0,0.054300725
8621,1,0.64046234
8622,0,0.059028387
8623,0,0.055341974
8624,0,0.4212206
8625,0,0.05626008
8626,0,0.055870168
8627,1,0.59626204
8628,0,0.36787978
8629,0,0.054247614
8630,0,0.054558203
8631,1,0.0699794
8632,0,0.054684572
8633,0,0.054166142
8634,0,0.054634076
8635,0,0.05869719
8636,0,0.054234806
8637,0,0.055123623
8638,1,0.061081707
8639,1,0.62962896
8640,0,0.057195734
8641,0,0.054313485
8642,0,0.18317895
8643,1,0.6374984
8644,0,0.054128893
8645,0,0.05468948
8646,1,0.6259315
8647,1,0.63818336
8648,0,0.054239467
8649,0,0.0541509
8650,0,0.054881476
8651,0,0.4216551
8652,1,0.62198156
8653,0,0.05647602
8654,0,0.054691713
8655,0,0.060143
8656,0,0.6216699
8657,0,0.054428652
8658,0,0.054255124
8659,0,0.05416341
8660,1,0.5459109
8661,0,0.3875773
8662,1,0.06728428
8663,0,0.05491478
8664,0,0.63715285
8665,0,0.054383658
8666,0,0.054123238
8667,0,0.065934554
8668,1,0.20986392
8669,0,0.054091364
8670,0,0.05408112
8671,0,0.053975694
8672,0,0.054458044
8673,0,0.31635192
8674,0,0.056382705
8675,1,0.07368121
8676,0,0.32610902
8677,0,0.054994497
8678,0,0.06895543
8679,0,0.3074471
8680,0,0.05415922
8681,0,0.05411046
8682,0,0.054138143
8683,0,0.055789735
8684,0,0.054391924
8685,0,0.05529262
8686,0,0.05491573
8687,0,0.056428522
8688,0,0.054268155
8689,0,0.054075
8690,1,0.6202285
8691,0,0.055962335
8692,0,0.63430357
8693,0,0.05489129
8694,0,0.06035741
8695,0,0.05429567
8696,0,0.05402848
8697,0,0.05436483
8698,0,0.055794757
8699,0,0.3638304
8700,0,0.38264826
8701,0,0.0540502
8702,0,0.055344082
8703,0,0.054145433
8704,0,0.054717038
8705,0,0.054015417
8706,0,0.054303627
8707,0,0.05503066
8708,1,0.64156955
8709,0,0.0542683
8710,0,0.054363973
8711,0,0.053957652
8712,0,0.055195794
8713,0,0.054289877
8714,0,0.061040673
8715,1,0.34362325
8716,0,0.56640095
8717,0,0.054227408
8718,0,0.054332532
8719,0,0.32135105
8720,0,0.054156058
8721,1,0.42854184
8722,0,0.23216544
8723,1,0.056255773
8724,0,0.054388087
8725,0,0.5660088
8726,0,0.054506052
8727,0,0.05408112
8728,1,0.6215669
8729,1,0.080826715
8730,0,0.05715267
8731,0,0.054511975
8732,0,0.11080012
8733,0,0.054929774
8734,0,0.054420035
8735,1,0.2646347
8736,0,0.058504395
8737,0,0.056808256
8738,0,0.05407035
8739,0,0.057209413
8740,1,0.05543476
8741,0,0.36311024
8742,1,0.17705268
8743,1,0.6330373
8744,0,0.054248136
8745,1,0.640834
8746,1,0.1929398
8747,0,0.054304313
8748,1,0.2781409
8749,1,0.6372778
8750,0,0.05434016
8751,0,0.055898648
8752,0,0.054156154
8753,0,0.054470982
8754,0,0.05580187
8755,0,0.05498047
8756,0,0.05551407
8757,0,0.05648322
8758,0,0.054238647
8759,0,0.056237195
8760,0,0.056070164
8761,0,0.054263823
8762,0,0.054143183
8763,0,0.27163824
8764,0,0.41582263
8765,0,0.05421324
8766,0,0.054448947
8767,0,0.05557486
8768,0,0.26828203
8769,1,0.6304216
8770,0,0.05456584
8771,0,0.05591288
8772,0,0.05446327
8773,0,0.6377602
8774,1,0.23247622
8775,1,0.6263702
8776,0,0.43887118
8777,0,0.054260157
8778,0,0.055222977
8779,0,0.055364866
8780,0,0.0550511
8781,0,0.6401431
8782,0,0.055497624
8783,0,0.5944362
8784,0,0.058044795
8785,0,0.054738976
8786,0,0.055647146
8787,0,0.054067522
8788,0,0.055897426
8789,1,0.08479385
8790,0,0.6392964
8791,0,0.119254015
8792,0,0.054719403
8793,0,0.059002917
8794,1,0.6340309
8795,0,0.054353975
8796,0,0.33018067
8797,0,0.054009985
8798,0,0.054541823
8799,0,0.05422774
8800,0,0.05433993
8801,0,0.05589962
8802,0,0.054898053
8803,0,0.054206334
8804,0,0.057143275
8805,0,0.054201774
8806,1,0.35977525
8807,0,0.05436404
8808,0,0.054304887
8809,0,0.60646427
8810,0,0.49541715
8811,0,0.060466174
8812,0,0.0583731
8813,0,0.05516907
8814,0,0.17042094
8815,0,0.640305
8816,0,0.054146506
8817,1,0.055111494
8818,0,0.62074035
8819,0,0.054581273
8820,0,0.05463319
8821,0,0.20531861
8822,0,0.054369338
8823,1,0.607338
8824,1,0.06026403
8825,0,0.05490055
8826,1,0.5932607
8827,1,0.35302153
8828,0,0.054211825
8829,0,0.055769708
8830,0,0.05515413
8831,1,0.3519345
8832,0,0.055055514
8833,0,0.32195145
8834,0,0.054109834
8835,1,0.055245202
8836,1,0.07125293
8837,0,0.05511419
8838,0,0.054667704
8839,1,0.6063479
8840,0,0.24102192
8841,0,0.054962166
8842,0,0.054550856
8843,0,0.054166935
8844,0,0.23014988
8845,0,0.2288433
8846,0,0.055047363
8847,0,0.054581027
8848,1,0.32076874
8849,0,0.054471146
8850,0,0.31982303
8851,0,0.055808995
8852,0,0.19776076
8853,0,0.054170366
8854,0,0.05484093
8855,0,0.05418266
8856,1,0.6388655
8857,0,0.055048577
8858,0,0.05404025
8859,1,0.069218464
8860,0,0.64045084
8861,0,0.6256087
8862,0,0.05450953
8863,1,0.5992844
8864,0,0.054510772
8865,0,0.054168817
8866,1,0.39046207
8867,0,0.06138058
8868,0,0.05587182
8869,0,0.05872835
8870,0,0.054586142
8871,0,0.16722086
8872,0,0.05483974
8873,0,0.054022077
8874,0,0.2747659
8875,0,0.62418413
8876,1,0.058120694
8877,1,0.0545235
8878,0,0.054984484
8879,0,0.054119896
8880,0,0.0542799
8881,0,0.6406478
8882,0,0.054466404
8883,0,0.05657021
8884,0,0.21425776
8885,1,0.62904865
8886,0,0.054568753
8887,0,0.058740318
8888,0,0.054246217
8889,0,0.05445134
8890,0,0.0543777
8891,0,0.055049226
8892,0,0.05467671
8893,0,0.24117404
8894,1,0.07390718
8895,0,0.05459309
8896,0,0.055068776
8897,1,0.18035571
8898,0,0.22769415
8899,0,0.054285266
8900,0,0.28299665
8901,1,0.620077
8902,0,0.070826136
8903,1,0.622447
8904,0,0.0542162
8905,0,0.05487804
8906,1,0.34840563
8907,0,0.2760719
8908,0,0.054774605
8909,0,0.05422828
8910,0,0.05405335
8911,0,0.054072216
8912,0,0.058248598
8913,0,0.054213196
8914,1,0.06310849
8915,0,0.055010237
8916,0,0.054587767
8917,0,0.05457141
8918,0,0.054379806
8919,1,0.6385121
8920,0,0.0646599
8921,0,0.054634783
8922,1,0.47134128
8923,0,0.31457663
8924,1,0.61015266
8925,1,0.2376199
8926,0,0.054169588
8927,1,0.0548725
8928,0,0.054960404
8929,0,0.055137657
8930,1,0.33976093
8931,0,0.054345123
8932,0,0.058964908
8933,0,0.13902663
8934,0,0.21219125
8935,0,0.054272484
8936,0,0.054635074
8937,0,0.054246508
8938,0,0.055079084
8939,0,0.05557955
8940,1,0.63820535
8941,0,0.6392682
8942,0,0.054196905
8943,0,0.5270621
8944,1,0.055106364
8945,1,0.6260721
8946,0,0.05551183
8947,0,0.06354651
8948,0,0.054064423
8949,1,0.6384261
8950,1,0.632895
8951,0,0.058636073
8952,0,0.5933977
8953,0,0.055818003
8954,0,0.054798856
8955,0,0.059964303
8956,0,0.055758774
8957,0,0.054535553
8958,0,0.19618143
8959,0,0.05536109
8960,0,0.05434647
8961,0,0.057491086
8962,0,0.055447195
8963,0,0.05454986
8964,0,0.23881714
8965,0,0.054246683
8966,1,0.074885994
8967,1,0.26460642
8968,0,0.05489914
8969,0,0.2686644
8970,1,0.060163975
8971,0,0.23857324
8972,0,0.055625662
8973,1,0.4616402
8974,0,0.06364541
8975,1,0.34742203
8976,0,0.054270357
8977,0,0.068052776
8978,0,0.22396775
8979,0,0.25289097
8980,0,0.05491285
8981,0,0.61801136
8982,0,0.05458028
8983,0,0.055278886
8984,0,0.055315554
8985,0,0.05421384
8986,0,0.6404637
8987,0,0.05840488
8988,1,0.539938
8989,0,0.054130904
8990,0,0.054465752
8991,0,0.054536507
8992,0,0.5097668
8993,0,0.055851746
8994,0,0.054163672
8995,0,0.056101233
8996,0,0.072478436
8997,0,0.05441391
8998,0,0.17497005
8999,1,0.59316534
9000,0,0.05478189
9001,0,0.05421422
9002,0,0.054782927
9003,0,0.054147456
9004,0,0.055851586
9005,0,0.054395135
9006,0,0.054248236
9007,0,0.05495815
9008,0,0.5752812
9009,0,0.057226293
9010,1,0.6383098
9011,0,0.054452136
9012,1,0.07443166
9013,0,0.054180685
9014,0,0.054373275
9015,0,0.054113153
9016,0,0.1482599
9017,0,0.0677521
9018,1,0.05630623
9019,0,0.054359317
9020,0,0.3581463
9021,0,0.05423892
9022,0,0.0543639
9023,0,0.054378606
9024,0,0.054996174
9025,0,0.05400996
9026,0,0.056413237
9027,0,0.18094274
9028,1,0.26689923
9029,0,0.40310192
9030,0,0.060092993
9031,0,0.053999472
9032,1,0.6342066
9033,0,0.056247517
9034,0,0.054541107
9035,0,0.05495345
9036,0,0.05747284
9037,0,0.054222748
9038,1,0.056311913
9039,0,0.054457568
9040,0,0.35155624
9041,0,0.054513376
9042,1,0.6110947
9043,0,0.058545485
9044,0,0.054133367
9045,0,0.053952154
9046,0,0.0543326
9047,0,0.05749562
9048,0,0.6370199
9049,1,0.099415615
9050,0,0.05478059
9051,0,0.06743198
9052,0,0.055159204
9053,0,0.054612532
9054,0,0.05620066
9055,0,0.05504305
9056,0,0.054145847
9057,1,0.638924
9058,0,0.05459048
9059,1,0.6403518
9060,1,0.27527404
9061,0,0.05532501
9062,1,0.059784576
9063,0,0.05465621
9064,0,0.054203287
9065,0,0.05504239
9066,0,0.054364093
9067,1,0.055078465
9068,0,0.10640294
9069,0,0.0550824
9070,0,0.05479278
9071,0,0.055980816
9072,0,0.3220299
9073,0,0.05440725
9074,0,0.054234225
9075,0,0.056883123
9076,0,0.054171372
9077,0,0.054836083
9078,1,0.24133095
9079,0,0.05530018
9080,0,0.061196137
9081,0,0.055078413
9082,0,0.05423295
9083,1,0.36622277
9084,0,0.06110608
9085,0,0.6403339
9086,0,0.054030553
9087,0,0.054331575
9088,0,0.054745194
9089,0,0.055499062
9090,0,0.05496541
9091,0,0.0541798
9092,0,0.05502984
9093,0,0.05395478
9094,0,0.054429628
9095,0,0.63485664
9096,0,0.05486942
9097,0,0.054404117
9098,0,0.054226052
9099,0,0.054237626
9100,0,0.05557416
9101,1,0.21977843
9102,0,0.05446459
9103,0,0.4520406
9104,0,0.05438201
9105,0,0.05515413
9106,1,0.6420996
9107,1,0.4302501
9108,0,0.058806844
9109,0,0.055791333
9110,0,0.05555447
9111,0,0.054332845
9112,0,0.058166094
9113,0,0.055501226
9114,0,0.06687397
9115,0,0.055181693
9116,0,0.054722402
9117,0,0.21089403
9118,1,0.23807709
9119,0,0.05514784
9120,0,0.0549665
9121,0,0.36375535
9122,1,0.421207
9123,0,0.4001139
9124,0,0.055418637
9125,1,0.5244538
9126,0,0.060001507
9127,1,0.63985413
9128,0,0.055117145
9129,0,0.054864787
9130,0,0.054426733
9131,1,0.05941086
9132,1,0.5966059
9133,0,0.24728619
9134,0,0.40244076
9135,1,0.2823238
9136,0,0.21992299
9137,0,0.054160647
9138,0,0.060050886
9139,0,0.05466046
9140,0,0.05615744
9141,0,0.41142872
9142,0,0.054899283
9143,0,0.056376934
9144,0,0.22902341
9145,0,0.3640234
9146,0,0.2728287
9147,0,0.0548885
9148,0,0.41382873
9149,1,0.16521804
9150,1,0.6133968
9151,1,0.23527776
9152,0,0.05462819
9153,0,0.054189257
9154,0,0.055498954
9155,1,0.069719024
9156,0,0.2755185
9157,0,0.0541973
9158,0,0.18785022
9159,0,0.059206545
9160,0,0.57530946
9161,0,0.05581319
9162,0,0.055595137
9163,0,0.0551811
9164,0,0.6396673
9165,0,0.057633907
9166,0,0.078550786
9167,1,0.40446615
9168,0,0.054503474
9169,0,0.11798775
9170,1,0.64191276
9171,0,0.054577123
9172,1,0.059046216
9173,0,0.2359428
9174,0,0.23055416
9175,0,0.17938662
9176,1,0.055707604
9177,0,0.23206255
9178,0,0.41609648
9179,0,0.05422361
9180,0,0.05783963
9181,0,0.15390968
9182,0,0.054699183
9183,0,0.054387264
9184,0,0.056220558
9185,1,0.060704976
9186,0,0.055737413
9187,0,0.055112287
9188,0,0.054303173
9189,0,0.62897474
9190,1,0.22500935
9191,0,0.05439956
9192,0,0.0548089
9193,0,0.054147016
9194,0,0.054080244
9195,0,0.26097867
9196,1,0.44081092
9197,0,0.13207436
9198,0,0.05405577
9199,0,0.05442776
9200,0,0.054520085
9201,0,0.05505413
9202,0,0.05449512
9203,0,0.05434805
9204,0,0.31266457
9205,0,0.054425634
9206,0,0.05468644
9207,1,0.6193932
9208,0,0.054383755
9209,0,0.054296326
9210,0,0.22924182
9211,0,0.32629973
9212,0,0.05440962
9213,0,0.055983566
9214,0,0.054200407
9215,1,0.2956785
9216,0,0.05430236
9217,1,0.43212038
9218,0,0.23145235
9219,0,0.077981085
9220,0,0.054572813
9221,0,0.05443208
9222,0,0.05407642
9223,0,0.056059014
9224,1,0.6307278
9225,0,0.48578927
9226,0,0.05595703
9227,0,0.05612127
9228,0,0.054698754
9229,0,0.05431817
9230,0,0.054422293
9231,0,0.33843023
9232,0,0.0542107
9233,0,0.054338656
9234,0,0.054200575
9235,0,0.2347453
9236,0,0.057592396
9237,1,0.6408824
9238,1,0.3108429
9239,0,0.055115256
9240,0,0.05659291
9241,1,0.6404498
9242,0,0.055191692
9243,0,0.30349615
9244,0,0.06552008
9245,1,0.06546523
9246,0,0.05524472
9247,0,0.63104564
9248,1,0.64014506
9249,0,0.054347035
9250,0,0.05430904
9251,1,0.058885753
9252,0,0.17853571
9253,0,0.055190273
9254,1,0.6398742
9255,0,0.3936062
9256,1,0.35846007
9257,0,0.05476588
9258,1,0.054829367
9259,0,0.0543278
9260,0,0.054336034
9261,0,0.05425108
9262,0,0.30944365
9263,0,0.34129453
9264,0,0.3896681
9265,1,0.057166584
9266,0,0.059341807
9267,0,0.054256536
9268,0,0.23423055
9269,0,0.31526622
9270,0,0.05432001
9271,0,0.055449735
9272,0,0.24242839
9273,0,0.05618498
9274,0,0.055032898
9275,1,0.58063
9276,0,0.054398574
9277,0,0.05395466
9278,0,0.05438258
9279,0,0.22763538
9280,0,0.055035945
9281,0,0.054362033
9282,0,0.05570383
9283,0,0.05411909
9284,0,0.05534715
9285,0,0.054164942
9286,0,0.05626629
9287,1,0.06918919
9288,0,0.055426598
9289,0,0.05409142
9290,0,0.054388393
9291,0,0.055139434
9292,0,0.05550596
9293,0,0.054557033
9294,1,0.054605786
9295,0,0.6185557
9296,0,0.054231994
9297,0,0.17447497
9298,0,0.16139007
9299,0,0.056397036
9300,1,0.62871
9301,1,0.63972646
9302,0,0.054103006
9303,0,0.054099016
9304,0,0.054584876
9305,0,0.05414167
9306,0,0.33052173
9307,0,0.05551175
9308,0,0.054727096
9309,1,0.5932448
9310,1,0.6340559
9311,0,0.58522886
9312,0,0.05602826
9313,0,0.06448421
9314,1,0.054310214
9315,0,0.31562242
9316,0,0.05569627
9317,0,0.054159056
9318,0,0.054331228
9319,0,0.44331226
9320,0,0.054068167
9321,1,0.63951725
9322,0,0.05620377
9323,1,0.057242885
9324,0,0.055620775
9325,0,0.22144169
9326,1,0.63260645
9327,0,0.054155517
9328,0,0.05446912
9329,0,0.056452863
9330,0,0.056733787
9331,0,0.05402563
9332,1,0.31767547
9333,0,0.055382065
9334,0,0.05588139
9335,0,0.1807505
9336,0,0.0543351
9337,1,0.17775695
9338,0,0.06620968
9339,0,0.58886904
9340,1,0.63647556
9341,0,0.054449864
9342,0,0.054053437
9343,1,0.63513696
9344,0,0.054477446
9345,0,0.05515286
9346,0,0.05416552
9347,1,0.6361546
9348,0,0.6175333
9349,1,0.63879865
9350,0,0.22151099
9351,0,0.054054867
9352,1,0.26920936
9353,0,0.055812523
9354,1,0.3359809
9355,0,0.054151915
9356,0,0.20165654
9357,0,0.054540906
9358,0,0.16924652
9359,0,0.054211874
9360,0,0.41811785
9361,0,0.054185163
9362,0,0.05433895
9363,0,0.06243229
9364,1,0.63482714
9365,1,0.23176455
9366,1,0.6357745
9367,0,0.063189365
9368,0,0.0542823
9369,0,0.054519754
9370,0,0.055188406
9371,0,0.06974595
9372,1,0.058810867
9373,1,0.510595
9374,0,0.057784535
9375,0,0.054076903
9376,0,0.054756943
9377,0,0.054257855
9378,0,0.054244626
9379,0,0.05439202
9380,0,0.055419143
9381,0,0.05442264
9382,1,0.58347034
9383,1,0.054183636
9384,0,0.055432
9385,0,0.054060146
9386,0,0.05684257
9387,1,0.05716666
9388,0,0.054089755
9389,1,0.45995754
9390,0,0.054590426
9391,0,0.054267935
9392,0,0.054735634
9393,0,0.057696044
9394,0,0.056596797
9395,0,0.054169342
9396,0,0.22657868
9397,0,0.32227585
9398,1,0.06513203
9399,0,0.05453958
9400,0,0.054489836
9401,0,0.057884183
9402,0,0.05437705
9403,0,0.054129533
9404,0,0.0550774
9405,0,0.055089843
9406,1,0.6244904
9407,0,0.057861134
9408,0,0.054265182
9409,0,0.055598114
9410,0,0.061901253
9411,0,0.5725204
9412,0,0.056517888
9413,0,0.45676076
9414,1,0.2311196
9415,0,0.054339703
9416,0,0.24812582
9417,0,0.05585553
9418,0,0.2192521
9419,0,0.05467197
9420,1,0.330825
9421,0,0.05419225
9422,1,0.36531237
9423,0,0.3289224
9424,0,0.05447651
9425,0,0.05565612
9426,0,0.23878302
9427,1,0.61344457
9428,0,0.054555148
9429,1,0.23751864
9430,0,0.054212045
9431,0,0.05407117
9432,0,0.054048616
9433,0,0.057366796
9434,0,0.53902596
9435,1,0.056268748
9436,0,0.056796722
9437,0,0.054265935
9438,0,0.054185152
9439,0,0.0560412
9440,0,0.3646162
9441,0,0.054222323
9442,0,0.24324344
9443,0,0.0625381
9444,0,0.05419862
9445,1,0.3878986
9446,0,0.05454075
9447,1,0.31361705
9448,1,0.30097562
9449,0,0.054181926
9450,0,0.05415796
9451,0,0.22604993
9452,0,0.054175034
9453,0,0.61502415
9454,0,0.05472536
9455,0,0.27277166
9456,1,0.60221213
9457,0,0.054444432
9458,1,0.055750236
9459,1,0.29279247
9460,0,0.2881939
9461,1,0.35774755
9462,0,0.054718442
9463,0,0.059310958
9464,0,0.054252297
9465,0,0.054426894
9466,0,0.30655605
9467,0,0.05554515
9468,0,0.05470324
9469,0,0.0698787
9470,0,0.054261107
9471,0,0.3073975
9472,0,0.30098668
9473,0,0.054790307
9474,1,0.62029064
9475,0,0.057988726
9476,0,0.056853287
9477,0,0.05436663
9478,0,0.054384932
9479,0,0.20576629
9480,0,0.054621294
9481,0,0.055146884
9482,0,0.626577
9483,1,0.48038006
9484,0,0.05500093
9485,0,0.054656837
9486,1,0.58201355
9487,0,0.058250565
9488,0,0.05524392
9489,0,0.61566997
9490,1,0.1850716
9491,0,0.055435423
9492,0,0.054607708
9493,1,0.054923985
9494,0,0.054488562
9495,0,0.05816046
9496,0,0.05692741
9497,0,0.05412021
9498,0,0.05417243
9499,0,0.14952832
9500,1,0.62427455
9501,0,0.061965268
9502,0,0.15991469
9503,1,0.6014777
9504,0,0.076941706
9505,0,0.055532176
9506,0,0.055763204
9507,0,0.054391176
9508,0,0.19032933
9509,0,0.05398134
9510,1,0.6253368
9511,1,0.357322
9512,1,0.6312098
9513,0,0.056283977
9514,0,0.05417242
9515,1,0.6376712
9516,0,0.054289006
9517,0,0.057573367
9518,0,0.054319374
9519,1,0.6145305
9520,0,0.05422461
9521,0,0.21794385
9522,0,0.060856696
9523,0,0.20793165
9524,0,0.055021316
9525,0,0.062392272
9526,0,0.054262795
9527,0,0.054151203
9528,0,0.055299334
9529,0,0.3900557
9530,0,0.62454665
9531,0,0.054590117
9532,0,0.064739935
9533,0,0.057627033
9534,0,0.08195094
9535,1,0.23693013
9536,0,0.57205844
9537,1,0.38636836
9538,0,0.054853264
9539,0,0.056781825
9540,1,0.6160979
9541,0,0.22866471
9542,0,0.05422693
9543,0,0.05425271
9544,0,0.22842643
9545,0,0.054649055
9546,0,0.054086167
9547,0,0.35232392
9548,1,0.3436611
9549,1,0.2802539
9550,0,0.059030797
9551,0,0.05878069
9552,0,0.054158144
9553,1,0.63700956
9554,0,0.06306486
9555,0,0.33444813
9556,0,0.60250896
9557,0,0.05432746
9558,0,0.32353434
9559,0,0.05568923
9560,0,0.054312814
9561,0,0.31944185
9562,0,0.2056518
9563,0,0.05421876
9564,1,0.60437274
9565,1,0.6347319
9566,0,0.0565058
9567,0,0.05480767
9568,0,0.058609795
9569,0,0.054100197
9570,0,0.057646666
9571,0,0.43505496
9572,1,0.64008504
9573,0,0.06827743
9574,0,0.05453602
9575,0,0.05502759
9576,0,0.05519996
9577,1,0.06554359
9578,0,0.054231003
9579,0,0.05747745
9580,0,0.054446086
9581,1,0.63193125
9582,1,0.3952676
9583,0,0.057885613
9584,0,0.05513335
9585,0,0.64059174
9586,0,0.055929936
9587,1,0.32853776
9588,0,0.23084466
9589,1,0.60722834
9590,0,0.055004038
9591,1,0.068234816
9592,1,0.30385685
9593,0,0.40413976
9594,1,0.6387334
9595,0,0.055277936
9596,0,0.054774348
9597,0,0.056319565
9598,0,0.18917884
9599,0,0.61971843
9600,1,0.36642185
9601,0,0.05528223
9602,0,0.05429383
9603,0,0.0565114
9604,0,0.054775767
9605,0,0.32334098
9606,0,0.056236338
9607,0,0.054052927
9608,0,0.05395642
9609,0,0.054223936
9610,0,0.3611121
9611,0,0.43764132
9612,0,0.054545186
9613,0,0.055698752
9614,1,0.4227114
9615,0,0.054402445
9616,0,0.31557137
9617,0,0.056691464
9618,0,0.05429666
9619,0,0.054225087
9620,0,0.22061527
9621,0,0.05419721
9622,0,0.054378413
9623,0,0.05415784
9624,0,0.05410749
9625,0,0.05638114
9626,0,0.059805866
9627,0,0.05467993
9628,0,0.060431305
9629,1,0.397654
9630,0,0.14404976
9631,0,0.054346886
9632,0,0.05722755
9633,0,0.27614772
9634,0,0.05769341
9635,0,0.59706783
9636,0,0.054028988
9637,0,0.05405661
9638,0,0.6044359
9639,0,0.0550702
9640,0,0.1055301
9641,0,0.05413305
9642,0,0.054859366
9643,0,0.30166876
9644,0,0.054898445
9645,0,0.054508954
9646,0,0.057433713
9647,0,0.054371916
9648,1,0.07157502
9649,0,0.055187177
9650,0,0.05442548
9651,0,0.054326072
9652,0,0.054497283
9653,1,0.6265746
9654,0,0.05411867
9655,0,0.054628707
9656,0,0.2632601
9657,0,0.054564185
9658,1,0.27286306
9659,0,0.30585206
9660,0,0.06219407
9661,0,0.05406439
9662,1,0.585789
9663,0,0.06255466
9664,0,0.05428404
9665,0,0.05433662
9666,1,0.2306047
9667,0,0.05515243
9668,1,0.29162133
9669,1,0.3550853
9670,0,0.054718256
9671,1,0.4507629
9672,0,0.054732885
9673,0,0.05490124
9674,0,0.05611016
9675,1,0.3385689
9676,0,0.59403694
9677,0,0.054191947
9678,0,0.055964
9679,0,0.055619325
9680,0,0.36539122
9681,0,0.056303445
9682,0,0.05428635
9683,1,0.45304614
9684,0,0.071177095
9685,0,0.3077579
9686,0,0.6263616
9687,0,0.054359384
9688,1,0.6358772
9689,1,0.6379549
9690,0,0.05730145
9691,0,0.055231903
9692,1,0.6291488
9693,1,0.271665
9694,1,0.6358165
9695,0,0.055208035
9696,0,0.054350086
9697,0,0.061437547
9698,0,0.054418366
9699,0,0.6266185
9700,1,0.6235815
9701,0,0.054246284
9702,0,0.054564975
9703,0,0.054178372
9704,0,0.07441847
9705,1,0.23181209
9706,0,0.054442663
9707,0,0.05419808
9708,0,0.05420561
9709,0,0.054728124
9710,0,0.056141812
9711,0,0.28959116
9712,0,0.06872798
9713,0,0.23116398
9714,0,0.054069173
9715,0,0.054299455
9716,0,0.23551011
9717,0,0.054231334
9718,0,0.05451448
9719,0,0.63983744
9720,0,0.054353457
9721,0,0.06874041
9722,0,0.059940133
9723,1,0.621613
9724,1,0.63843894
9725,0,0.32774967
9726,0,0.05447544
9727,0,0.054472227
9728,1,0.62387466
9729,0,0.23134345
9730,0,0.05435571
9731,0,0.054989416
9732,0,0.05502052
9733,0,0.054644052
9734,0,0.055377737
9735,1,0.06346106
9736,0,0.3440718
9737,1,0.22916508
9738,0,0.061798323
9739,0,0.056880478
9740,0,0.4908414
9741,0,0.054811552
9742,0,0.06732186
9743,1,0.5961651
9744,0,0.054268446
9745,1,0.18992598
9746,0,0.09612245
9747,0,0.054035787
9748,0,0.054059606
9749,0,0.054292105
9750,0,0.054593407
9751,0,0.056966525
9752,0,0.054475907
9753,0,0.05413016
9754,1,0.63512236
9755,0,0.054507505
9756,0,0.054768927
9757,0,0.055406567
9758,0,0.36840355
9759,0,0.054342184
9760,0,0.05776139
9761,0,0.17206071
9762,1,0.34253863
9763,0,0.054084264
9764,1,0.05492734
9765,0,0.0677349
9766,0,0.058157537
9767,0,0.056257088
9768,1,0.4588088
9769,0,0.05454344
9770,0,0.16947374
9771,0,0.057522107
9772,0,0.05477137
9773,0,0.054303966
9774,1,0.31328553
9775,0,0.05412531
9776,1,0.4659998
9777,0,0.054071438
9778,0,0.054488204
9779,0,0.054727532
9780,0,0.054064337
9781,1,0.61562675
9782,0,0.17955673
9783,0,0.05451727
9784,0,0.058310077
9785,1,0.5482887
9786,0,0.05819448
9787,0,0.054869507
9788,0,0.054637372
9789,0,0.058479294
9790,0,0.054919876
9791,0,0.27694255
9792,0,0.054559343
9793,0,0.0543255
9794,0,0.30784956
9795,1,0.15785772
9796,0,0.056167763
9797,0,0.054443497
9798,0,0.05585224
9799,0,0.27003938
9800,0,0.054306574
9801,0,0.23183851
9802,0,0.6406799
9803,0,0.05390953
9804,0,0.054283
9805,0,0.05459412
9806,1,0.6400272
9807,0,0.42917323
9808,0,0.05681366
9809,1,0.6111584
9810,1,0.35384253
9811,1,0.63812655
9812,0,0.05405237
9813,0,0.054684862
9814,0,0.05529939
9815,1,0.63635594
9816,0,0.06270563
9817,1,0.21059161
9818,0,0.06160231
9819,0,0.1860669
9820,0,0.057068534
9821,0,0.054385006
9822,0,0.054200698
9823,0,0.055181146
9824,0,0.33912662
9825,1,0.63584155
9826,0,0.054312818
9827,0,0.34329173
9828,0,0.055022627
9829,0,0.055882975
9830,0,0.056276683
9831,0,0.32111987
9832,0,0.31156588
9833,0,0.6077002
9834,0,0.054335155
9835,0,0.054565463
9836,0,0.097269975
9837,0,0.059185244
9838,0,0.63990736
9839,0,0.078046046
9840,0,0.054359864
9841,0,0.06729929
9842,0,0.055953156
9843,0,0.05414565
9844,0,0.054189403
9845,0,0.46681783
9846,0,0.05827699
9847,1,0.2198161
9848,1,0.55375594
9849,0,0.054246027
9850,0,0.05420436
9851,0,0.056688406
9852,1,0.06141679
9853,0,0.054250706
9854,0,0.05566879
9855,1,0.63542736
9856,0,0.054416943
9857,0,0.41134283
9858,0,0.64024675
9859,0,0.3483794
9860,0,0.51628184
9861,1,0.2905561
9862,0,0.055628195
9863,0,0.055891562
9864,1,0.604254
9865,0,0.054807883
9866,0,0.054205436
9867,0,0.054301936
9868,0,0.054345332
9869,0,0.0546795
9870,1,0.6397996
9871,1,0.60351753
9872,0,0.61981606
9873,0,0.05430203
9874,0,0.60620433
9875,1,0.6079374
9876,1,0.6220428
9877,0,0.054315127
9878,0,0.05405098
9879,0,0.6379449
9880,0,0.054382145
9881,0,0.059398387
9882,1,0.11485324
9883,0,0.054231543
9884,0,0.054268546
9885,0,0.05573356
9886,0,0.054708097
9887,0,0.055130776
9888,0,0.054752484
9889,0,0.054302778
9890,0,0.63619995
9891,0,0.054327533
9892,0,0.05420462
9893,0,0.05631147
9894,0,0.078074016
9895,0,0.055832427
9896,0,0.054134797
9897,0,0.055560783
9898,1,0.25075305
9899,0,0.05555767
9900,0,0.063835695
9901,0,0.054220915
9902,0,0.24042171
9903,0,0.05425988
9904,0,0.05432923
9905,0,0.0575884
9906,0,0.6126999
9907,0,0.054257423
9908,0,0.054492813
9909,0,0.055330537
9910,0,0.0576753
9911,0,0.054265425
9912,1,0.46118397
9913,0,0.054149583
9914,0,0.054083277
9915,0,0.61260986
9916,0,0.054285973
9917,0,0.1273217
9918,1,0.63948023
9919,0,0.054203626
9920,1,0.46786624
9921,0,0.391195
9922,0,0.6352568
9923,1,0.6192084
9924,0,0.05438276
9925,0,0.054023754
9926,1,0.20692867
9927,0,0.054696597
9928,0,0.0547674
9929,0,0.05592928
9930,0,0.055251
9931,0,0.6154974
9932,0,0.05466737
9933,0,0.054912083
9934,0,0.0543545
9935,0,0.054173652
9936,1,0.6371161
9937,1,0.44422275
9938,0,0.054529436
9939,0,0.05446911
9940,0,0.30081743
9941,0,0.054272722
9942,0,0.054447643
9943,0,0.05825182
9944,0,0.62927425
9945,0,0.05705771
9946,0,0.055464264
9947,0,0.0549937
9948,0,0.054234173
9949,0,0.054637056
9950,0,0.054236684
9951,0,0.055066217
9952,0,0.05515398
9953,0,0.054378092
9954,0,0.054318666
9955,0,0.054275006
9956,0,0.055894673
9957,0,0.631382
9958,0,0.055033047
9959,0,0.057828195
9960,0,0.054035228
9961,0,0.05435163
9962,0,0.054193426
9963,1,0.6272904
9964,0,0.054210555
9965,0,0.061994575
9966,0,0.054625116
9967,0,0.054020375
9968,0,0.056178886
9969,0,0.24047023
9970,0,0.055301994
9971,0,0.2368513
9972,0,0.054699227
9973,0,0.054954637
9974,0,0.056014083
9975,1,0.38516715
9976,1,0.4053339
9977,0,0.1011495
9978,0,0.054427113
9979,0,0.23307736
9980,0,0.05712145
9981,0,0.09246816
9982,0,0.05435547
9983,1,0.63596493
9984,0,0.05493428
9985,0,0.05477277
9986,1,0.4308709
9987,0,0.054240968
9988,0,0.19820172
9989,0,0.0544073
9990,0,0.060487334
9991,0,0.054128524
9992,0,0.055611603
9993,0,0.05440232
9994,0,0.055184133
9995,0,0.054729406
9996,0,0.15628067
9997,0,0.17893143
9998,0,0.0545279
9999,0,0.054254577
10000,0,0.054185215
10001,0,0.05570986
10002,0,0.061100222
10003,0,0.23746963
10004,0,0.05425719
10005,0,0.054263033
10006,0,0.0566518
10007,0,0.05725636
10008,0,0.23154409
10009,0,0.054260366
10010,1,0.6335509
10011,0,0.06872289
10012,0,0.05467458
10013,0,0.054720107
10014,0,0.056361582
10015,0,0.6306491
10016,0,0.054238148
10017,1,0.58234596
10018,0,0.05518239
10019,1,0.6403329
10020,1,0.05512862
10021,1,0.58118224
10022,0,0.628252
10023,0,0.3609707
10024,0,0.054218963
10025,1,0.6242809
10026,0,0.054351702
10027,0,0.054718364
10028,0,0.05410965
10029,0,0.057861924
10030,1,0.5763623
10031,0,0.05929078
10032,0,0.054065607
10033,0,0.054507326
10034,1,0.15091406
10035,0,0.18690522
10036,0,0.055558123
10037,0,0.4970254
10038,0,0.055002037
10039,0,0.055730775
10040,1,0.32335544
10041,0,0.05439518
10042,1,0.5918883
10043,0,0.054469448
10044,0,0.3229424
10045,0,0.05425417
10046,1,0.5987222
10047,0,0.05406368
10048,0,0.054320134
10049,0,0.05586631
10050,0,0.055832405
10051,0,0.054170575
10052,0,0.60418916
10053,1,0.4475153
10054,0,0.05429016
10055,0,0.054788876
10056,0,0.054323208
10057,0,0.055377614
10058,0,0.054264873
10059,0,0.062484812
10060,0,0.4731347
10061,1,0.3308742
10062,0,0.05469812
10063,0,0.22137235
10064,0,0.056063414
10065,0,0.05421644
10066,0,0.054503754
10067,0,0.05920305
10068,0,0.054779362
10069,0,0.07186648
10070,0,0.05428263
10071,0,0.05624962
10072,0,0.24572536
10073,1,0.27163863
10074,0,0.054270945
10075,0,0.054230675
10076,0,0.5648753
10077,0,0.5893129
10078,0,0.054874305
10079,0,0.05447139
10080,0,0.055433027
10081,0,0.055162568
10082,0,0.23138858
10083,0,0.13508874
10084,0,0.07169743
10085,1,0.6058424
10086,0,0.0545506
10087,1,0.20611855
10088,1,0.054658428
10089,1,0.6357092
10090,0,0.054137494
10091,0,0.14187807
10092,0,0.06504568
10093,0,0.20453426
10094,0,0.0554974
10095,0,0.054339316
10096,0,0.056317743
10097,0,0.05451618
10098,0,0.062333968
10099,0,0.25245854
10100,1,0.090169966
10101,0,0.054388538
10102,0,0.05400218
10103,0,0.63249665
10104,1,0.6393973
10105,0,0.05424612
10106,0,0.07255829
10107,0,0.065874696
10108,0,0.059398998
10109,0,0.054982275
10110,0,0.054229822
10111,0,0.055713233
10112,0,0.054401565
10113,0,0.054788664
10114,0,0.054577965
10115,0,0.0554041
10116,1,0.4581456
10117,1,0.62824315
10118,0,0.057053655
10119,1,0.6292138
10120,0,0.05561036
10121,0,0.21581167
10122,0,0.05439571
10123,0,0.28370118
10124,0,0.08896641
10125,0,0.054109443
10126,0,0.07462646
10127,1,0.6409088
10128,0,0.2254023
10129,0,0.09343285
10130,0,0.6268186
10131,0,0.19599555
10132,0,0.054475516
10133,0,0.054441188
10134,0,0.058576524
10135,0,0.061221708
10136,0,0.055221815
10137,1,0.24240029
10138,1,0.60408723
10139,1,0.05679903
10140,0,0.23296672
10141,0,0.054702114
10142,0,0.05513907
10143,0,0.056012705
10144,0,0.054196272
10145,0,0.05542843
10146,0,0.057047833
10147,0,0.054179087
10148,1,0.5758551
10149,0,0.05905213
10150,0,0.056217507
10151,0,0.056807347
10152,1,0.0940403
10153,0,0.054453466
10154,0,0.054337513
10155,0,0.05411078
10156,1,0.058584686
10157,0,0.054009277
10158,0,0.05430879
10159,0,0.055537455
10160,0,0.05548428
10161,0,0.05422048
10162,0,0.055407576
10163,1,0.64177006
10164,0,0.054418977
10165,1,0.6147466
10166,0,0.217087
10167,0,0.05487819
10168,0,0.05446202
10169,0,0.23053063
10170,0,0.1833762
10171,0,0.05506923
10172,0,0.054925274
10173,0,0.0584395
10174,0,0.47176102
10175,1,0.05499328
10176,0,0.05631779
10177,0,0.32072377
10178,0,0.055120945
10179,0,0.055176385
10180,0,0.055156656
10181,1,0.058502626
10182,1,0.62698394
10183,0,0.07243176
10184,0,0.056478586
10185,0,0.054148804
10186,0,0.29789272
10187,0,0.054933526
10188,0,0.054639522
10189,1,0.63405704
10190,0,0.06031639
10191,0,0.4352626
10192,0,0.054201692
10193,0,0.054221824
10194,0,0.056101687
10195,0,0.055484727
10196,0,0.05489768
10197,0,0.059821103
10198,1,0.62575114
10199,1,0.31222865
10200,0,0.05797395
10201,1,0.6129723
10202,0,0.065968595
10203,0,0.054266956
10204,0,0.054077532
10205,1,0.209015
10206,1,0.18263817
10207,0,0.054501485
10208,0,0.054142453
10209,0,0.054089393
10210,0,0.19798042
10211,0,0.055319738
10212,0,0.2077798
10213,0,0.054239795
10214,0,0.0554161
10215,0,0.08033817
10216,0,0.05417125
10217,0,0.054798324
10218,0,0.053978916
10219,0,0.05656585
10220,0,0.054263335
10221,0,0.0543837
10222,0,0.23857386
10223,0,0.055408426
10224,0,0.0545931
10225,0,0.05429897
10226,0,0.054542273
10227,0,0.054206967
10228,1,0.44236827
10229,0,0.054772682
10230,1,0.06233328
10231,1,0.3201145
10232,0,0.054368556
10233,0,0.054223288
10234,0,0.060914557
10235,0,0.056492418
10236,0,0.23084101
10237,0,0.6097442
10238,0,0.054726273
10239,0,0.054429002
10240,1,0.61659676
10241,0,0.6085042
10242,1,0.057383277
10243,1,0.19274546
10244,0,0.06541184
10245,0,0.5898422
10246,0,0.05565162
10247,0,0.05442428
10248,0,0.055786394
10249,0,0.35157648
10250,1,0.63403684
10251,0,0.055200867
10252,0,0.17612854
10253,0,0.05936281
10254,0,0.055034306
10255,0,0.07328
10256,0,0.22048552
10257,0,0.2720081
10258,0,0.054304775
10259,0,0.054918986
10260,0,0.60543907
10261,0,0.066274054
10262,0,0.18128966
10263,0,0.054298043
10264,0,0.23533642
10265,0,0.05704491
10266,0,0.054395664
10267,0,0.6302037
10268,0,0.05410801
10269,0,0.05412912
10270,0,0.054173507
10271,0,0.05462394
10272,0,0.055528577
10273,0,0.05440573
10274,1,0.055423792
10275,0,0.054495435
10276,0,0.057629354
10277,1,0.05543686
10278,0,0.054372553
10279,0,0.058901314
10280,1,0.065096475
10281,0,0.18092872
10282,0,0.05611993
10283,1,0.24062605
10284,1,0.4620624
10285,1,0.6390507
10286,0,0.05661625
10287,0,0.10542283
10288,0,0.054446343
10289,0,0.054719534
10290,0,0.054547768
10291,1,0.2506484
10292,0,0.05412468
10293,0,0.054384932
10294,0,0.05609715
10295,0,0.054235544
10296,0,0.05455931
10297,0,0.17789558
10298,0,0.054468
10299,0,0.054197177
10300,1,0.6159922
10301,0,0.055547964
10302,0,0.62977403
10303,0,0.054133512
10304,1,0.6099742
10305,0,0.38707238
10306,0,0.054355524
10307,1,0.6019592
10308,1,0.61740196
10309,0,0.05433238
10310,0,0.23188527
10311,0,0.05445107
10312,0,0.054641046
10313,0,0.054203723
10314,0,0.054085582
10315,0,0.054229915
10316,1,0.60993266
10317,0,0.05665397
10318,0,0.054303724
10319,0,0.054826323
10320,0,0.054824546
10321,0,0.6347808
10322,0,0.06922825
10323,0,0.05406806
10324,0,0.053953126
10325,0,0.05535143
10326,1,0.05678939
10327,0,0.054110054
10328,0,0.054202054
10329,1,0.17741452
10330,0,0.067737006
10331,0,0.056063227
10332,0,0.054946315
10333,0,0.08254822
10334,0,0.05937005
10335,0,0.05467197
10336,0,0.054954607
10337,0,0.05692997
10338,1,0.18718669
10339,0,0.326673
10340,0,0.05455349
10341,0,0.1010426
10342,1,0.24001323
10343,0,0.5945553
10344,1,0.35133043
10345,0,0.05425574
10346,0,0.054373603
10347,0,0.054204755
10348,0,0.054698225
10349,0,0.054055046
10350,1,0.6333977
10351,0,0.054694008
10352,0,0.056697074
10353,1,0.34839773
10354,0,0.05504408
10355,1,0.31243137
10356,0,0.0552843
10357,0,0.05881961
10358,0,0.054919556
10359,0,0.05690373
10360,0,0.21545032
10361,0,0.05499695
10362,0,0.05427402
10363,0,0.3622452
10364,0,0.45400113
10365,0,0.054925445
10366,0,0.055939227
10367,0,0.054326978
10368,0,0.054196894
10369,0,0.17454009
10370,0,0.27185017
10371,0,0.060168047
10372,0,0.05419345
10373,0,0.055024996
10374,0,0.054688856
10375,0,0.054226175
10376,0,0.05416464
10377,0,0.058703236
10378,0,0.06278653
10379,0,0.05555993
10380,0,0.054028902
10381,0,0.05424919
10382,0,0.0542707
10383,0,0.057708543
10384,0,0.16657336
10385,0,0.054417826
10386,0,0.056413572
10387,0,0.61431384
10388,1,0.36123246
10389,0,0.05483688
10390,0,0.056929313
10391,0,0.23429164
10392,0,0.162266
10393,0,0.054137718
10394,1,0.33465847
10395,0,0.18088658
10396,1,0.63622105
10397,0,0.055726044
10398,0,0.055978905
10399,1,0.05528451
10400,0,0.056176256
10401,1,0.61678594
10402,0,0.05470902
10403,0,0.05586137
10404,0,0.05550411
10405,0,0.18924451
10406,0,0.05489371
10407,0,0.054766927
10408,1,0.59815496
10409,0,0.055681176
10410,0,0.23196597
10411,0,0.27204847
10412,1,0.5832408
10413,0,0.108443476
10414,0,0.05479554
10415,0,0.061593074
10416,0,0.055739645
10417,0,0.17248851
10418,0,0.054377403
10419,0,0.0543729
10420,0,0.0548202
10421,0,0.05587056
10422,0,0.05441434
10423,0,0.21326911
10424,1,0.6419268
10425,0,0.17869337
10426,0,0.14911954
10427,1,0.059896287
10428,0,0.055721555
10429,1,0.5876554
10430,1,0.57970726
10431,0,0.054859124
10432,0,0.05480809
10433,0,0.05415395
10434,1,0.35442707
10435,1,0.24221504
10436,0,0.057764392
10437,0,0.05617224
10438,0,0.054487597
10439,0,0.06449723
10440,0,0.17870046
10441,0,0.22607669
10442,0,0.05402486
10443,1,0.054990616
10444,0,0.05538436
10445,1,0.6344963
10446,1,0.087785706
10447,1,0.6336903
10448,0,0.05414725
10449,0,0.055123314
10450,0,0.054269034
10451,0,0.055581965
10452,0,0.054218426
10453,1,0.6345577
10454,0,0.19155046
10455,0,0.24443038
10456,1,0.62304145
10457,0,0.056335293
10458,0,0.054254614
10459,0,0.054363944
10460,0,0.060517833
10461,0,0.28507614
10462,0,0.23858802
10463,0,0.05431644
10464,0,0.19941759
10465,0,0.054632682
10466,1,0.280244
10467,0,0.055052683
10468,1,0.6423526
10469,0,0.0541092
10470,0,0.056882996
10471,0,0.054195356
10472,0,0.054074816
10473,0,0.055719096
10474,0,0.42013946
10475,1,0.63784456
10476,0,0.05525371
10477,0,0.3909877
10478,0,0.61261415
10479,0,0.6173658
10480,1,0.6385073
10481,0,0.054278895
10482,1,0.6337194
10483,0,0.05496023
10484,0,0.05976954
10485,1,0.35887605
10486,0,0.054855835
10487,0,0.054180335
10488,0,0.055019308
10489,0,0.6403029
10490,0,0.05450458
10491,0,0.05474432
10492,0,0.054245528
10493,0,0.05409351
10494,1,0.28687865
10495,1,0.6116515
10496,0,0.05444828
10497,1,0.07863946
10498,1,0.63460684
10499,0,0.05570328
10500,0,0.05465209
10501,0,0.05631367
10502,0,0.056329917
10503,0,0.05798455
10504,0,0.05668805
10505,1,0.64098644
10506,1,0.5490338
10507,0,0.054415386
10508,0,0.054591008
10509,0,0.1509542
10510,0,0.055863656
10511,0,0.054291137
10512,0,0.62806976
10513,0,0.16786318
10514,0,0.056836277
10515,0,0.054232195
10516,1,0.16225198
10517,1,0.6348724
10518,0,0.05441115
10519,0,0.055686902
10520,0,0.054052807
10521,0,0.436376
10522,0,0.05432821
10523,0,0.18247591
10524,0,0.3767812
10525,1,0.6333657
10526,1,0.2965744
10527,0,0.05777392
10528,0,0.23946242
10529,0,0.056706667
10530,1,0.061040804
10531,0,0.054370563
10532,0,0.054664526
10533,0,0.27362275
10534,1,0.19210815
10535,0,0.05436473
10536,1,0.6396047
10537,0,0.20363237
10538,0,0.05515545
10539,0,0.054148603
10540,0,0.05668677
10541,0,0.58425987
10542,1,0.06037752
10543,0,0.63948774
10544,0,0.055791605
10545,0,0.05472553
10546,0,0.13792664
10547,0,0.05422514
10548,0,0.62649065
10549,1,0.63929754
10550,0,0.05423662
10551,0,0.06281196
10552,1,0.25728515
10553,0,0.055555608
10554,0,0.058635622
10555,1,0.6015416
10556,0,0.054111544
10557,0,0.056480855
10558,1,0.23887368
10559,0,0.055108525
10560,0,0.05439018
10561,1,0.5262176
10562,0,0.054377977
10563,0,0.21774535
10564,0,0.22881618
10565,0,0.06915394
10566,0,0.05890044
10567,0,0.054228634
10568,1,0.41933534
10569,0,0.19717379
10570,1,0.6296456
10571,0,0.054509766
10572,0,0.05436412
10573,0,0.07517165
10574,0,0.056629803
10575,0,0.3313784
10576,1,0.6403152
10577,1,0.6069452
10578,0,0.05750784
10579,0,0.054072313
10580,1,0.064608976
10581,0,0.06198315
10582,0,0.055976585
10583,0,0.05638654
10584,1,0.584736
10585,0,0.055129435
10586,0,0.054755315
10587,0,0.054133993
10588,0,0.05596397
10589,1,0.6391294
10590,0,0.054495644
10591,0,0.05562824
10592,0,0.054246206
10593,1,0.6356144
10594,0,0.21321145
10595,0,0.21599804
10596,1,0.63949174
10597,0,0.39741254
10598,0,0.5931865
10599,1,0.22151467
10600,0,0.05439521
10601,0,0.06491915
10602,0,0.05679974
10603,1,0.19865222
10604,0,0.054734845
10605,0,0.0546861
10606,0,0.054416403
10607,0,0.054276217
10608,0,0.055060152
10609,0,0.05555708
10610,0,0.055561997
10611,0,0.05456565
10612,0,0.0539745
10613,0,0.056137364
10614,0,0.054608796
10615,0,0.054475266
10616,1,0.30837318
10617,0,0.28923026
10618,0,0.05428149
10619,0,0.054629177
10620,1,0.15376826
10621,1,0.05474363
10622,0,0.05587349
10623,0,0.6405373
10624,0,0.056888085
10625,0,0.057071883
10626,0,0.055403918
10627,1,0.064900845
10628,0,0.05547315
10629,0,0.060444057
10630,0,0.054837182
10631,0,0.21022601
10632,0,0.62418956
10633,0,0.054711193
10634,0,0.055137906
10635,0,0.05419048
10636,0,0.055375952
10637,0,0.05666355
10638,0,0.44412482
10639,0,0.05661069
10640,0,0.1693685
10641,0,0.087193966
10642,0,0.05503103
10643,0,0.07664753
10644,0,0.05437239
10645,1,0.63467187
10646,1,0.63981295
10647,0,0.05420578
10648,0,0.057052176
10649,1,0.62902015
10650,0,0.59445536
10651,0,0.05449738
10652,0,0.054313242
10653,0,0.13473237
10654,0,0.05393181
10655,0,0.054484677
10656,0,0.056092113
10657,0,0.06487001
10658,1,0.6173466
10659,0,0.05443017
10660,1,0.56914663
10661,0,0.05526086
10662,1,0.058540788
10663,0,0.2594329
10664,0,0.6404622
10665,0,0.05898944
10666,0,0.054123778
10667,0,0.05540517
10668,0,0.05435517
10669,0,0.05991789
10670,0,0.05590708
10671,0,0.054215886
10672,0,0.054583214
10673,0,0.0542133
10674,1,0.63981205
10675,0,0.5974093
10676,0,0.054334857
10677,0,0.055094562
10678,0,0.6098354
10679,0,0.05531301
10680,0,0.6399567
10681,0,0.63783216
10682,0,0.106602706
10683,0,0.35110903
10684,0,0.054060485
10685,0,0.054755624
10686,1,0.27366993
10687,0,0.054238524
10688,0,0.05588904
10689,0,0.056330908
10690,0,0.057206236
10691,0,0.053954925
10692,0,0.05434463
10693,0,0.054359876
10694,0,0.05432421
10695,0,0.06090869
10696,1,0.26129702
10697,0,0.633033
10698,0,0.056817215
10699,1,0.34630963
10700,0,0.054545436
10701,0,0.054381307
10702,0,0.054590356
10703,0,0.054336473
10704,0,0.22932135
10705,0,0.054521877
10706,0,0.059553202
10707,0,0.058386683
10708,0,0.05466199
10709,0,0.054114666
10710,0,0.05627807
10711,0,0.054663293
10712,0,0.054345783
10713,0,0.054754116
10714,0,0.2649352
10715,0,0.05469265
10716,0,0.07322822
10717,0,0.2319803
10718,1,0.055520363
10719,0,0.056267746
10720,0,0.0542514
10721,0,0.05475973
10722,0,0.054406345
10723,0,0.6389431
10724,0,0.4756328
10725,0,0.07492596
10726,0,0.212934
10727,1,0.42073464
10728,0,0.28922176
10729,0,0.05407767
10730,0,0.054788295
10731,0,0.054877076
10732,0,0.062128354
10733,0,0.19645901
10734,0,0.057278898
10735,0,0.054379303
10736,0,0.056233842
10737,0,0.18543151
10738,1,0.6278355
10739,1,0.6047545
10740,0,0.054254964
10741,0,0.054159056
10742,0,0.052363075
10743,0,0.25987187
10744,0,0.054343235
10745,0,0.054226007
10746,0,0.061514836
10747,0,0.59979486
10748,0,0.05644033
10749,1,0.6350166
10750,0,0.059493054
10751,1,0.62522304
10752,0,0.4382682
10753,0,0.22353564
10754,0,0.054479517
10755,0,0.054333657
10756,0,0.15944712
10757,0,0.054227903
10758,0,0.05718463
10759,0,0.054961186
10760,0,0.05473756
10761,0,0.05533833
10762,0,0.054365315
10763,0,0.055009615
10764,1,0.39588684
10765,0,0.56226724
10766,0,0.29039308
10767,0,0.05412202
10768,1,0.63991684
10769,0,0.054498114
10770,0,0.05519338
10771,0,0.054138802
10772,0,0.05458969
10773,0,0.054267105
10774,1,0.6076615
10775,0,0.0564506
10776,0,0.055844642
10777,0,0.17709343
10778,1,0.5822545
10779,0,0.055012535
10780,0,0.054794017
10781,1,0.05738592
10782,0,0.05413969
10783,1,0.060431767
10784,0,0.0559154
10785,0,0.054153845
10786,0,0.058682244
10787,0,0.054392144
10788,0,0.59337956
10789,1,0.6078575
10790,0,0.44759953
10791,0,0.058069896
10792,0,0.2568297
10793,0,0.05500752
10794,0,0.05493537
10795,0,0.24018219
10796,0,0.05411075
10797,0,0.05908455
10798,0,0.3370247
10799,0,0.05552942
10800,0,0.083511874
10801,0,0.48841763
10802,0,0.05874012
10803,0,0.05559378
10804,0,0.6189789
10805,0,0.05434179
10806,0,0.056730695
10807,0,0.26278412
10808,0,0.05460815
10809,0,0.30827594
10810,0,0.6399392
10811,0,0.054683357
10812,1,0.59088933
10813,0,0.054957632
10814,0,0.29635268
10815,0,0.054090343
10816,1,0.23318888
10817,0,0.17539027
10818,0,0.054634783
10819,1,0.6269269
10820,0,0.055293057
10821,0,0.059200402
10822,0,0.0545611
10823,0,0.054322094
10824,0,0.05631966
10825,0,0.59775764
10826,0,0.055009067
10827,0,0.05559691
10828,0,0.05451473
10829,0,0.054884594
10830,0,0.06252569
10831,0,0.05438665
10832,0,0.624854
10833,0,0.36473927
10834,1,0.2069408
10835,0,0.3996077
10836,1,0.2056133
10837,0,0.05429481
10838,0,0.054391332
10839,0,0.054086022
10840,0,0.05544569
10841,0,0.055329405
10842,0,0.055119798
10843,1,0.60607225
10844,0,0.054204725
10845,1,0.3107757
10846,0,0.23302554
10847,0,0.055790193
10848,0,0.05414973
10849,0,0.05549093
10850,0,0.05503174
10851,0,0.6406
10852,1,0.32464918
10853,0,0.054231387
10854,0,0.053968295
10855,1,0.33809125
10856,0,0.054151975
10857,0,0.50652874
10858,1,0.58366966
10859,0,0.07999959
10860,0,0.054185588
10861,0,0.26751196
10862,0,0.054420944
10863,0,0.05414807
10864,0,0.637655
10865,1,0.62993294
10866,0,0.05527241
10867,1,0.63911647
10868,1,0.63556534
10869,0,0.38701582
10870,0,0.05858416
10871,1,0.63816434
10872,0,0.21718088
10873,0,0.05472752
10874,0,0.054189917
10875,0,0.41511273
10876,0,0.51388323
10877,1,0.055781323
10878,0,0.18826523
10879,0,0.05414073
10880,0,0.054032356
10881,0,0.32338458
10882,1,0.35291466
10883,1,0.61236537
10884,1,0.06938489
10885,0,0.07336251
10886,0,0.054430183
10887,0,0.22704834
10888,1,0.63986135
10889,0,0.054291066
10890,0,0.05829179
10891,0,0.054429725
10892,1,0.6263979
10893,0,0.05419348
10894,1,0.6207392
10895,0,0.054528344
10896,1,0.38156456
10897,1,0.05483065
10898,1,0.6331736
10899,1,0.6354818
10900,0,0.63467205
10901,0,0.0545905
10902,0,0.074422345
10903,0,0.055792447
10904,0,0.057467844
10905,0,0.058011085
10906,0,0.49867648
10907,0,0.05434995
10908,1,0.6225717
10909,0,0.06002534
10910,0,0.23040064
10911,0,0.05496692
10912,0,0.054283697
10913,0,0.054327726
10914,0,0.30480203
10915,0,0.20946589
10916,0,0.062765546
10917,1,0.2272172
10918,1,0.63260454
10919,0,0.055618074
10920,0,0.054690443
10921,0,0.054819304
10922,0,0.05443952
10923,1,0.6350634
10924,0,0.056208387
10925,1,0.63269585
10926,0,0.055493824
10927,0,0.057609946
10928,1,0.6380301
10929,0,0.2822695
10930,0,0.05526109
10931,1,0.3380771
10932,0,0.06286112
10933,0,0.054891024
10934,0,0.057035755
10935,0,0.05648631
10936,0,0.16125686
10937,0,0.05684325
10938,0,0.055742905
10939,1,0.058289565
10940,0,0.055584747
10941,0,0.61449057
10942,0,0.055272307
10943,0,0.058700077
10944,0,0.05476894
10945,0,0.61265534
10946,1,0.45226857
10947,0,0.054255776
10948,0,0.19681832
10949,0,0.054224297
10950,1,0.3237372
10951,0,0.05573512
10952,0,0.055955335
10953,0,0.05422516
10954,0,0.054365832
10955,0,0.05462548
10956,0,0.056547318
10957,0,0.055701498
10958,0,0.05644913
10959,1,0.62385345
10960,1,0.06920992
10961,0,0.32377812
10962,0,0.27564603
10963,0,0.17532916
10964,0,0.055226143
10965,1,0.6398898
10966,0,0.05821688
10967,0,0.054205436
10968,0,0.055654164
10969,0,0.060334183
10970,0,0.054279145
10971,0,0.065271996
10972,0,0.4980979
10973,0,0.055181213
10974,0,0.6239184
10975,1,0.62617373
10976,0,0.31542873
10977,0,0.054121617
10978,1,0.2531277
10979,0,0.05494234
10980,0,0.054847255
10981,0,0.48696935
10982,0,0.06314078
10983,0,0.30227736
10984,0,0.6398339
10985,1,0.63142675
10986,0,0.0545943
10987,0,0.054552432
10988,0,0.42246437
10989,0,0.054687172
10990,0,0.0542494
10991,0,0.055112325
10992,1,0.46585053
10993,0,0.05430001
10994,0,0.060770802
10995,0,0.0540619
10996,0,0.059625298
10997,0,0.055100877
10998,0,0.054299757
10999,0,0.30907953
11000,0,0.054341536
11001,0,0.055017013
11002,1,0.056984507
11003,0,0.05417468
11004,0,0.636131
11005,0,0.054728232
11006,0,0.05801902
11007,0,0.054376796
11008,0,0.19223638
11009,1,0.6194995
11010,0,0.05441998
11011,1,0.31469125
11012,0,0.05501799
11013,0,0.054508954
11014,0,0.054360144
11015,0,0.61327064
11016,0,0.62570983
11017,1,0.214076
11018,0,0.055986095
11019,0,0.14370249
11020,0,0.056762803
11021,0,0.057288885
11022,0,0.19344622
11023,0,0.05427341
11024,0,0.05432518
11025,0,0.054985598
11026,0,0.05731723
11027,0,0.4396933
11028,0,0.054080877
11029,0,0.05544002
11030,0,0.059107833
11031,0,0.4910291
11032,0,0.054188013
11033,0,0.055370875
11034,1,0.5976066
11035,0,0.05453216
11036,0,0.057373777
11037,0,0.05461209
11038,0,0.05416393
11039,0,0.63100636
11040,0,0.05412297
11041,1,0.28373963
11042,0,0.054146554
11043,1,0.09584715
11044,0,0.055541832
11045,0,0.054831006
11046,0,0.05483214
11047,0,0.054028653
11048,1,0.64183
11049,0,0.076048166
11050,1,0.33517575
11051,0,0.06102834
11052,0,0.057898175
11053,1,0.06325683
11054,0,0.40758273
11055,0,0.054350026
11056,0,0.054426633
11057,0,0.05500514
11058,0,0.05419422
11059,0,0.05595633
11060,1,0.2012959
11061,0,0.054078825
11062,0,0.05420972
11063,1,0.35654795
11064,1,0.059693377
11065,0,0.62044495
11066,0,0.055222083
11067,0,0.05537483
11068,0,0.054190513
11069,0,0.083182305
11070,1,0.636308
11071,0,0.32417542
11072,0,0.24006283
11073,0,0.055135924
11074,0,0.055146698
11075,0,0.07338908
11076,0,0.05483648
11077,0,0.055242512
11078,0,0.062154926
11079,0,0.054375876
11080,0,0.05870939
11081,1,0.6395384
11082,0,0.059648905
11083,1,0.2200317
11084,0,0.054211676
11085,0,0.4568214
11086,0,0.054490928
11087,0,0.24153104
11088,0,0.055133697
11089,0,0.05452091
11090,0,0.43217418
11091,0,0.057415515
11092,0,0.05437895
11093,0,0.056452814
11094,0,0.058241934
11095,0,0.0543438
11096,1,0.35120955
11097,0,0.057074666
11098,0,0.054448184
11099,1,0.34698826
11100,0,0.054889113
11101,0,0.25005352
11102,0,0.20763071
11103,1,0.16110352
11104,0,0.054891616
11105,0,0.05520281
11106,0,0.054402787
11107,1,0.6391219
11108,0,0.06668945
11109,0,0.054537207
11110,0,0.05442017
11111,0,0.6321838
11112,0,0.054614846
11113,0,0.06553745
11114,0,0.054321114
11115,0,0.054339096
11116,0,0.054823283
11117,0,0.054177184
11118,0,0.6155734
11119,0,0.05419462
11120,0,0.05446456
11121,0,0.05489925
11122,0,0.054408427
11123,0,0.05670553
11124,0,0.12944253
11125,0,0.055114582
11126,0,0.6320117
11127,0,0.056140058
11128,0,0.05660837
11129,0,0.057914145
11130,0,0.05404665
11131,0,0.06171739
11132,0,0.057024397
11133,0,0.05904736
11134,1,0.3634347
11135,0,0.05461557
11136,0,0.054588825
11137,1,0.5474304
11138,1,0.06965928
11139,0,0.055091146
11140,0,0.055547163
11141,0,0.054403685
11142,0,0.59330183
11143,0,0.4665488
11144,0,0.26020312
11145,0,0.058681644
11146,0,0.08679292
11147,0,0.23080613
11148,0,0.058887247
11149,0,0.05468174
11150,0,0.05522759
11151,0,0.054946166
11152,0,0.2576165
11153,0,0.05426537
11154,0,0.1958889
11155,0,0.05403963
11156,0,0.054873835
11157,0,0.054272253
11158,0,0.05396651
11159,0,0.35246614
11160,0,0.06308842
11161,0,0.054709394
11162,0,0.054548286
11163,0,0.63988185
11164,0,0.055231586
11165,1,0.05648486
11166,0,0.05896893
11167,0,0.059008826
11168,0,0.2389378
11169,0,0.35000384
11170,0,0.056125373
11171,1,0.056205694
11172,0,0.056278575
11173,0,0.057408445
11174,0,0.054291286
11175,0,0.05928652
11176,0,0.055644542
11177,0,0.054276586
11178,0,0.054395135
11179,0,0.6238044
11180,1,0.23145585
11181,0,0.057164915
11182,1,0.44757012
11183,0,0.056366116
11184,0,0.054902267
11185,0,0.055205416
11186,0,0.054300956
11187,1,0.33518073
11188,0,0.058384296
11189,1,0.06741833
11190,0,0.054902676
11191,1,0.29045597
11192,0,0.054458387
11193,0,0.058366526
11194,0,0.054313462
11195,0,0.054155566
11196,0,0.055817146
11197,1,0.60300845
11198,1,0.6382982
11199,0,0.2423108
11200,1,0.63938713
11201,0,0.056310244
11202,0,0.054212864
11203,0,0.055178486
11204,0,0.054310642
11205,0,0.054263543
11206,0,0.054005597
11207,0,0.05391545
11208,0,0.20482999
11209,0,0.054168753
11210,0,0.05404303
11211,0,0.05433401
11212,0,0.05810748
11213,1,0.6209817
11214,1,0.23814008
11215,0,0.05455981
11216,0,0.05507025
11217,0,0.05629662
11218,0,0.05443434
11219,0,0.054707408
11220,0,0.055029187
11221,1,0.6404744
11222,1,0.05552205
11223,0,0.057715327
11224,0,0.49136442
11225,0,0.25162625
11226,1,0.6179153
11227,0,0.054338038
11228,0,0.20862524
11229,1,0.055640068
11230,1,0.62809736
11231,0,0.63534296
11232,0,0.055454854
11233,0,0.054753006
11234,0,0.054694213
11235,1,0.101319484
11236,0,0.054295704
11237,0,0.060253493
11238,0,0.06373205
11239,0,0.6356278
11240,0,0.05454075
11241,0,0.057463594
11242,0,0.6357848
11243,0,0.21059023
11244,0,0.055347774
11245,0,0.054361887
11246,0,0.059535366
11247,1,0.63803756
11248,0,0.054078557
11249,0,0.054203045
11250,0,0.2717745
11251,0,0.055071343
11252,0,0.055509225
11253,0,0.32486877
11254,1,0.5981066
11255,0,0.09454334
11256,0,0.05433503
11257,1,0.17654665
11258,0,0.62180674
11259,0,0.25133505
11260,0,0.05631441
11261,0,0.054538712
11262,0,0.060305037
11263,1,0.34610918
11264,0,0.08130919
11265,0,0.054977648
11266,0,0.05955033
11267,0,0.054631907
11268,0,0.054994233
11269,0,0.27658036
11270,0,0.0544138
11271,0,0.05502284
11272,0,0.056069728
11273,1,0.58485895
11274,0,0.054193165
11275,0,0.05449169
11276,1,0.64020205
11277,1,0.057701796
11278,0,0.058044758
11279,0,0.054212473
11280,0,0.054026995
11281,0,0.22444482
11282,1,0.20360771
11283,0,0.33440244
11284,0,0.0541355
11285,0,0.05537744
11286,0,0.054111764
11287,1,0.2602409
11288,0,0.05529064
11289,0,0.057098664
11290,0,0.055635545
11291,0,0.054647204
11292,0,0.05587334
11293,0,0.065040864
11294,1,0.63947713
11295,0,0.26605132
11296,0,0.05405661
11297,0,0.055193633
11298,0,0.47909075
11299,0,0.054607708
11300,0,0.25294647
11301,0,0.05622015
11302,0,0.054694053
11303,1,0.09697126
11304,0,0.3449342
11305,0,0.054036595
11306,0,0.34407037
11307,0,0.055999897
11308,0,0.0638188
11309,0,0.097319245
11310,1,0.45423183
11311,0,0.055136517
11312,0,0.23326482
11313,0,0.055478398
11314,1,0.05743462
11315,0,0.17280939
11316,0,0.059856486
11317,0,0.22038491
11318,0,0.054946538
11319,1,0.64099324
11320,1,0.6386332
11321,0,0.059642196
11322,0,0.05424398
11323,0,0.19764629
11324,0,0.05537856
11325,0,0.60518986
11326,0,0.18345341
11327,0,0.28970218
11328,0,0.0771492
11329,0,0.054667607
11330,0,0.6168434
11331,0,0.058083367
11332,1,0.22967964
11333,0,0.61039406
11334,0,0.26816416
11335,0,0.05456242
11336,0,0.057895884
11337,1,0.32592812
11338,0,0.064579576
11339,0,0.054208126
11340,0,0.055972856
11341,0,0.054417938
11342,1,0.35930142
11343,0,0.054725565
11344,0,0.063150115
11345,1,0.34012544
11346,0,0.22770603
11347,1,0.5967694
11348,0,0.05410127
11349,0,0.05743974
11350,0,0.05592354
11351,0,0.054434195
11352,0,0.05669639
11353,0,0.054457795
11354,0,0.061344657
11355,0,0.05464718
11356,0,0.3288816
11357,0,0.05410765
11358,0,0.054238714
11359,1,0.059091948
11360,1,0.30252758
11361,0,0.060173653
11362,1,0.056866422
11363,0,0.054285556
11364,0,0.054750837
11365,0,0.30564147
11366,0,0.054974206
11367,0,0.054264862
11368,0,0.6395871
11369,0,0.45495087
11370,0,0.22557949
11371,1,0.06431751
11372,1,0.36384046
11373,0,0.054841846
11374,0,0.05492004
11375,1,0.23042676
11376,0,0.057889875
11377,0,0.069166414
11378,0,0.06419885
11379,0,0.24361219
11380,0,0.054838315
11381,1,0.62909234
11382,0,0.27827454
11383,0,0.054103494
11384,1,0.6258827
11385,0,0.054362766
11386,0,0.6226498
11387,1,0.4532348
11388,0,0.05511673
11389,0,0.054145135
11390,1,0.6378048
11391,0,0.05519655
11392,0,0.14764228
11393,1,0.2839678
11394,0,0.05428485
11395,0,0.22789726
11396,0,0.05765067
11397,0,0.056317016
11398,1,0.32583195
11399,0,0.054730512
11400,0,0.054574177
11401,1,0.058138944
11402,0,0.054312613
11403,0,0.054552656
11404,0,0.05430594
11405,1,0.34188437
11406,0,0.055798676
11407,0,0.056875292
11408,0,0.05445997
11409,1,0.6414845
11410,0,0.054966707
11411,0,0.076033175
11412,0,0.055461418
11413,0,0.11471124
11414,0,0.20305492
11415,0,0.057143867
11416,0,0.05424786
11417,0,0.055615418
11418,0,0.055642545
11419,0,0.055641547
11420,1,0.36725545
11421,1,0.4576078
11422,0,0.054417003
11423,0,0.2328902
11424,0,0.05424043
11425,0,0.054580387
11426,0,0.054742966
11427,0,0.05412402
11428,0,0.055288896
11429,1,0.58883685
11430,1,0.07188452
11431,0,0.059055727
11432,0,0.054086864
11433,0,0.054056965
11434,1,0.35977516
11435,0,0.05494546
11436,1,0.6360686
11437,0,0.20560822
11438,0,0.3012729
11439,0,0.057047125
11440,0,0.05465466
11441,0,0.23556878
11442,0,0.05430185
11443,0,0.3176046
11444,0,0.061614614
11445,1,0.15387157
11446,1,0.07256513
11447,1,0.1004186
11448,0,0.054213334
11449,0,0.054375947
11450,1,0.6280523
11451,0,0.055352386
11452,0,0.05508494
11453,0,0.054479003
11454,0,0.055735983
11455,0,0.0542694
11456,0,0.055280004
11457,0,0.054776397
11458,0,0.054487664
11459,0,0.054008473
11460,1,0.054242708
11461,1,0.377105
11462,0,0.057337027
11463,0,0.058662094
11464,0,0.05417215
11465,0,0.054204486
11466,0,0.05476979
11467,0,0.055411063
11468,0,0.057366915
11469,0,0.51691085
11470,0,0.05706116
11471,0,0.056033555
11472,0,0.16330478
11473,0,0.21971372
11474,0,0.39611244
11475,0,0.05434575
11476,0,0.63786256
11477,1,0.32335252
11478,0,0.61817414
11479,0,0.056718808
11480,0,0.054991692
11481,1,0.6284471
11482,0,0.054105725
11483,1,0.632192
11484,1,0.23264708
11485,0,0.0551015
11486,0,0.054178383
11487,0,0.055168018
11488,1,0.19245778
11489,1,0.4494206
11490,0,0.056605108
11491,1,0.6400399
11492,0,0.05484909
11493,1,0.6012544
11494,0,0.054135054
11495,0,0.62702775
11496,0,0.054311704
11497,0,0.6394873
11498,1,0.6369855
11499,0,0.054197077
11500,0,0.22524615
11501,0,0.05418447
11502,0,0.055527132
11503,1,0.23893727
11504,1,0.4578832
11505,0,0.054197855
11506,0,0.055712145
11507,0,0.054113913
11508,0,0.054497108
11509,0,0.3882305
11510,0,0.054276425
11511,0,0.054054353
11512,1,0.057002846
11513,0,0.05409346
11514,0,0.05424058
11515,0,0.07725247
11516,0,0.055450127
11517,1,0.6268106
11518,1,0.6393706
11519,0,0.05407596
11520,1,0.3480562
11521,1,0.55197775
11522,0,0.056234967
11523,0,0.056346837
11524,1,0.59158885
11525,1,0.405887
11526,0,0.054684684
11527,0,0.05822373
11528,0,0.5231362
11529,0,0.061852556
11530,0,0.21723379
11531,1,0.05717149
11532,1,0.6390759
11533,0,0.054280087
11534,0,0.061706524
11535,0,0.054311108
11536,0,0.054041445
11537,0,0.20602335
11538,0,0.056047395
11539,0,0.05411274
11540,0,0.054084327
11541,0,0.0594642
11542,0,0.054242
11543,0,0.055149954
11544,0,0.05846866
11545,0,0.620195
11546,0,0.054735783
11547,0,0.06769642
11548,0,0.054224778
11549,0,0.055290613
11550,0,0.05427027
11551,0,0.63325584
11552,0,0.054327283
11553,1,0.1904626
11554,0,0.055777807
11555,0,0.056317482
11556,0,0.054559775
11557,0,0.05483984
11558,1,0.20530355
11559,0,0.22165528
11560,0,0.05415543
11561,0,0.054307986
11562,0,0.05604438
11563,0,0.056020934
11564,0,0.05693894
11565,1,0.20383759
11566,0,0.054088295
11567,1,0.37060353
11568,0,0.060744617
11569,1,0.24979351
11570,0,0.056302067
11571,0,0.05481045
11572,0,0.054472618
11573,0,0.05424303
11574,1,0.05502119
11575,0,0.055080168
11576,0,0.056861527
11577,0,0.05424337
11578,1,0.6167023
11579,0,0.055895906
11580,0,0.058780555
11581,0,0.05425553
11582,0,0.054728765
11583,0,0.054590426
11584,0,0.64160335
11585,1,0.22879015
11586,0,0.054379117
11587,0,0.0612495
11588,0,0.054550003
11589,0,0.054254524
11590,1,0.615734
11591,0,0.055200767
11592,0,0.05416893
11593,1,0.05580754
11594,0,0.05496095
11595,1,0.19355813
11596,0,0.054378986
11597,1,0.05518612
11598,0,0.3915723
11599,1,0.054433215
11600,1,0.6412674
11601,0,0.13075255
11602,0,0.054737464
11603,0,0.07032707
11604,0,0.06156436
11605,0,0.05591155
11606,0,0.06699352
11607,1,0.46235672
11608,0,0.06015268
11609,0,0.2283349
11610,0,0.39310816
11611,0,0.05438165
11612,0,0.054079313
11613,0,0.054237794
11614,0,0.054669306
11615,0,0.054566093
11616,1,0.30666986
11617,0,0.05706022
11618,1,0.60044414
11619,0,0.054612286
11620,0,0.056007534
11621,0,0.054298654
11622,0,0.054212335
11623,0,0.054802287
11624,0,0.055321366
11625,0,0.055555142
11626,0,0.055420622
11627,0,0.056257825
11628,0,0.14300983
11629,0,0.054218717
11630,0,0.307547
11631,0,0.0549622
11632,1,0.20859678
11633,0,0.054242417
11634,0,0.065091036
11635,0,0.6318444
11636,0,0.05514352
11637,0,0.20204547
11638,0,0.054355122
11639,0,0.05398385
11640,0,0.05470059
11641,0,0.05547476
11642,0,0.33102658
11643,1,0.41193765
11644,0,0.14128147
11645,1,0.63865614
11646,0,0.05427317
11647,0,0.054243114
11648,0,0.6074574
11649,0,0.054354116
11650,0,0.054414563
11651,0,0.05487855
11652,0,0.16814855
11653,0,0.054342914
11654,0,0.6375397
11655,0,0.054413218
11656,0,0.059603322
11657,0,0.05454337
11658,0,0.38300675
11659,0,0.05564746
11660,0,0.055136245
11661,0,0.6382228
11662,0,0.055748377
11663,0,0.056589168
11664,1,0.38968462
11665,0,0.05421902
11666,1,0.6055296
11667,0,0.062368758
11668,0,0.054785904
11669,0,0.05471114
11670,0,0.054327186
11671,0,0.054244254
11672,0,0.054153554
11673,1,0.49186897
11674,0,0.05492203
11675,0,0.055176787
11676,0,0.05415696
11677,0,0.05413674
11678,0,0.054306563
11679,1,0.6158901
11680,0,0.056149237
11681,0,0.05511528
11682,0,0.34269127
11683,0,0.26169804
11684,0,0.054203503
11685,0,0.055617247
11686,0,0.63415766
11687,0,0.2374858
11688,0,0.055099986
11689,0,0.27653813
11690,1,0.44883522
11691,0,0.05637684
11692,0,0.057753105
11693,0,0.2017524
11694,0,0.05440232
11695,1,0.23405118
11696,0,0.069744065
11697,0,0.22956304
11698,0,0.054608766
11699,0,0.054339807
11700,1,0.34011474
11701,0,0.055432796
11702,0,0.05451711
11703,1,0.5312586
11704,1,0.62972575
11705,0,0.054430358
11706,0,0.05444189
11707,0,0.060247205
11708,0,0.6117636
11709,0,0.33336347
11710,0,0.05508157
11711,0,0.05430579
11712,1,0.6389174
11713,0,0.0564558
11714,1,0.6060684
11715,0,0.054303758
11716,0,0.05756553
11717,0,0.6362737
11718,0,0.054205853
11719,0,0.054887783
11720,1,0.39139193
11721,0,0.054947443
11722,0,0.6331639
11723,0,0.054040592
11724,0,0.05603101
11725,0,0.52032125
11726,0,0.054175332
11727,0,0.05521183
11728,0,0.054643642
11729,0,0.4831524
11730,0,0.056702558
11731,0,0.054188844
11732,0,0.05487909
11733,1,0.36036995
11734,1,0.056532666
11735,0,0.05458329
11736,0,0.054354362
11737,0,0.14467475
11738,0,0.103562854
11739,1,0.60400575
11740,0,0.05514635
11741,0,0.05436603
11742,0,0.054712247
11743,0,0.05543295
11744,0,0.062146585
11745,0,0.05472701
11746,0,0.060070127
11747,1,0.5844884
11748,0,0.23472795
11749,0,0.24604093
11750,0,0.05502992
11751,0,0.057212655
11752,0,0.05419329
11753,0,0.054161284
11754,0,0.054422945
11755,0,0.05402882
11756,0,0.054347314
11757,0,0.055668466
11758,0,0.054517847
11759,0,0.05422454
11760,1,0.5977779
11761,0,0.05472051
11762,0,0.054229133
11763,0,0.054125957
11764,0,0.19570717
11765,0,0.34255368
11766,0,0.0550172
11767,0,0.2457152
11768,0,0.055155866
11769,0,0.23123296
11770,0,0.0544806
11771,1,0.2700078
11772,1,0.09195435
11773,0,0.054154616
11774,0,0.17859353
11775,0,0.06755646
11776,1,0.41980797
11777,0,0.22219548
11778,0,0.06037768
11779,0,0.054860435
11780,0,0.054211825
11781,0,0.05409954
11782,0,0.23972729
11783,0,0.05423428
11784,1,0.62226695
11785,1,0.41597766
11786,0,0.20532589
11787,0,0.05409487
11788,0,0.05732968
11789,0,0.054841273
11790,0,0.28105465
11791,0,0.054074604
11792,1,0.640297
11793,0,0.05764181
11794,0,0.07317273
11795,0,0.054861348
11796,0,0.056065775
11797,0,0.21888138
11798,0,0.05501032
11799,0,0.054231264
11800,0,0.054625493
11801,0,0.0541799
11802,0,0.05608824
11803,1,0.6243585
11804,1,0.055531677
11805,0,0.054350268
11806,0,0.05880311
11807,0,0.054458056
11808,0,0.054333426
11809,0,0.05400006
11810,0,0.054180946
11811,0,0.6391407
11812,1,0.31969944
11813,0,0.054315593
11814,0,0.054692745
11815,0,0.058165286
11816,0,0.07889908
11817,0,0.05467263
11818,0,0.05411904
11819,0,0.054382186
11820,0,0.2083302
11821,0,0.054318324
11822,0,0.054385364
11823,0,0.054455895
11824,0,0.20500976
11825,0,0.60405016
11826,1,0.59672207
11827,1,0.631828
11828,0,0.05428541
11829,0,0.05870744
11830,0,0.05425025
11831,0,0.054724053
11832,1,0.6186416
11833,0,0.2104343
11834,0,0.054612964
11835,1,0.58951104
11836,0,0.054327138
11837,0,0.63418514
11838,0,0.055936206
11839,0,0.074530475
11840,0,0.25460398
11841,1,0.63408506
11842,0,0.05590995
11843,0,0.054167658
11844,0,0.33206987
11845,1,0.24355972
11846,0,0.054138813
11847,0,0.05721286
11848,0,0.054686524
11849,0,0.6395905
11850,0,0.22119364
11851,0,0.054316055
11852,0,0.05429917
11853,0,0.054638833
11854,0,0.22560374
11855,0,0.05458554
11856,0,0.055936504
11857,0,0.23889229
11858,0,0.054652553
11859,0,0.054295726
11860,0,0.24563897
11861,1,0.6350022
11862,0,0.24362843
11863,0,0.05530596
11864,0,0.054633845
11865,0,0.054471094
11866,1,0.054491732
11867,0,0.35080504
11868,0,0.054541424
11869,0,0.05921049
11870,0,0.054077163
11871,0,0.0715327
11872,0,0.6124527
11873,1,0.063134305
11874,0,0.054516766
11875,0,0.05488633
11876,0,0.17083493
11877,0,0.23731595
11878,0,0.05437922
11879,0,0.05425716
11880,0,0.05416993
11881,0,0.054883767
11882,0,0.055201028
11883,0,0.055786233
11884,1,0.44181645
11885,0,0.054369632
11886,0,0.4166427
11887,0,0.05415205
11888,1,0.6260812
11889,0,0.055297427
11890,0,0.054327987
11891,1,0.054961767
11892,0,0.36316788
11893,0,0.05432072
11894,0,0.32387102
11895,0,0.057373438
11896,0,0.06671275
11897,1,0.60583067
11898,0,0.054007586
11899,0,0.055424437
11900,0,0.19578566
11901,0,0.05427677
11902,0,0.05540009
11903,0,0.06812488
11904,0,0.05410973
11905,0,0.055056803
11906,0,0.054748166
11907,0,0.2750281
11908,1,0.5391597
11909,0,0.37826824
11910,0,0.054819897
11911,0,0.05435304
11912,0,0.058263436
11913,0,0.05530993
11914,0,0.054394424
11915,0,0.05410505
11916,1,0.6356564
11917,0,0.05534483
11918,1,0.6331943
11919,1,0.18658325
11920,0,0.060524553
11921,0,0.05459481
11922,0,0.054529723
11923,1,0.056627315
11924,0,0.05426617
11925,0,0.057047144
11926,0,0.05439155
11927,1,0.19456755
11928,0,0.0544026
11929,0,0.05444615
11930,0,0.059186734
11931,0,0.054201465
11932,0,0.062378332
11933,0,0.055906788
11934,0,0.06884083
11935,1,0.21679625
11936,1,0.42634034
11937,0,0.5896274
11938,0,0.054121174
11939,0,0.05669333
11940,0,0.05747304
11941,0,0.05414136
11942,0,0.056076907
11943,0,0.054665755
11944,0,0.07026875
11945,0,0.05529679
11946,0,0.05431903
11947,1,0.40156087
11948,0,0.054205645
11949,0,0.0590731
11950,0,0.634523
11951,0,0.055074867
11952,1,0.5775462
11953,0,0.05764005
11954,1,0.63348657
11955,0,0.054437235
11956,0,0.054461233
11957,1,0.59292364
11958,1,0.5839995
11959,0,0.23583353
11960,0,0.055550776
11961,0,0.08715832
11962,0,0.05451539
11963,0,0.058289707
11964,0,0.056629557
11965,0,0.05463755
11966,0,0.05468482
11967,0,0.060384925
11968,0,0.054920707
11969,1,0.6131706
11970,0,0.6389256
11971,0,0.20487955
11972,0,0.054264996
11973,0,0.05688112
11974,1,0.62204295
11975,1,0.5284562
11976,0,0.054162957
11977,0,0.05443634
11978,0,0.054222167
11979,0,0.40486842
11980,1,0.4159023
11981,1,0.54833204
11982,1,0.6381821
11983,1,0.2670313
11984,0,0.05398592
11985,0,0.054293673
11986,0,0.05423822
11987,0,0.058923356
11988,0,0.63906145
11989,0,0.054074287
11990,0,0.05395623
11991,0,0.054820407
11992,0,0.23074837
11993,0,0.058391396
11994,0,0.0547574
11995,0,0.05588703
11996,1,0.62305784
11997,0,0.054744054
11998,0,0.055942606
11999,0,0.24965242
12000,1,0.60387486
12001,1,0.6225331
12002,0,0.054334033
12003,1,0.30209962
12004,0,0.0549675
12005,0,0.05615841
12006,0,0.056291323
12007,0,0.054895256
12008,0,0.0881988
12009,0,0.058279917
12010,0,0.054198544
12011,0,0.054609135
12012,0,0.05506609
12013,0,0.23249303
12014,0,0.05407745
12015,0,0.054298706
12016,0,0.34695694
12017,0,0.06092545
12018,0,0.05750996
12019,0,0.05627809
12020,1,0.63828516
12021,0,0.054450788
12022,0,0.10934882
12023,1,0.40809333
12024,1,0.6407277
12025,0,0.054322623
12026,0,0.053970166
12027,0,0.25904062
12028,0,0.054503705
12029,0,0.053954147
12030,1,0.52966726
12031,0,0.05431749
12032,0,0.055809446
12033,0,0.054758508
12034,0,0.055177536
12035,0,0.05455542
12036,0,0.054123215
12037,0,0.054216344
12038,1,0.19903962
12039,0,0.054075457
12040,0,0.054441605
12041,1,0.47712427
12042,0,0.054211125
12043,0,0.06504585
12044,1,0.29049265
12045,0,0.055500537
12046,0,0.054003943
12047,0,0.26556757
12048,0,0.25173268
12049,1,0.08052678
12050,0,0.055037282
12051,0,0.05539651
12052,0,0.05495466
12053,0,0.19809233
12054,1,0.26115254
12055,0,0.05577663
12056,0,0.15025367
12057,0,0.3882937
12058,1,0.6230236
12059,0,0.055859856
12060,1,0.52263683
12061,1,0.22637007
12062,0,0.055306006
12063,0,0.6358717
12064,0,0.63957137
12065,0,0.25365868
12066,1,0.6045905
12067,0,0.22453846
12068,1,0.054792527
12069,0,0.056728277
12070,0,0.054998137
12071,0,0.05413642
12072,0,0.054145098
12073,0,0.24115285
12074,1,0.63498545
12075,0,0.054331195
12076,0,0.055217367
12077,1,0.3437531
12078,0,0.05431561
12079,0,0.054264914
12080,0,0.054308154
12081,0,0.055178836
12082,0,0.23751533
12083,0,0.054295376
12084,0,0.24944085
12085,0,0.05411942
12086,0,0.08273651
12087,1,0.40938514
12088,0,0.075092085
12089,1,0.6342802
12090,0,0.05561965
12091,0,0.05637911
12092,0,0.054239504
12093,0,0.06822629
12094,0,0.05424201
12095,0,0.05414072
12096,1,0.62663573
12097,0,0.2835645
12098,0,0.054475024
12099,0,0.30216834
12100,0,0.05439121
12101,1,0.62481374
12102,1,0.62501913
12103,0,0.05400413
12104,0,0.05433676
12105,0,0.054287415
12106,0,0.19884244
12107,0,0.054331478
12108,0,0.05512761
12109,0,0.054122847
12110,0,0.054690693
12111,0,0.05431048
12112,0,0.054752216
12113,1,0.640303
12114,0,0.054701522
12115,0,0.054411303
12116,1,0.63325363
12117,0,0.056076594
12118,0,0.058998138
12119,0,0.34224877
12120,0,0.15323862
12121,0,0.05396409
12122,0,0.51980805
12123,0,0.054165017
12124,0,0.05475167
12125,0,0.054415878
12126,0,0.439576
12127,0,0.05592608
12128,1,0.6325843
12129,0,0.055077966
12130,0,0.055098332
12131,0,0.054262463
12132,0,0.07629797
12133,0,0.054532405
12134,0,0.0547348
12135,0,0.05666559
12136,1,0.6415141
12137,0,0.6123143
12138,0,0.055541538
12139,0,0.05415554
12140,0,0.0561047
12141,0,0.05414836
12142,0,0.05516939
12143,1,0.6183502
12144,0,0.054259464
12145,1,0.5623834
12146,1,0.6414134
12147,0,0.05538666
12148,0,0.054387297
12149,0,0.05431288
12150,0,0.058358822
12151,0,0.06120121
12152,0,0.056368534
12153,0,0.32874322
12154,0,0.06910471
12155,1,0.060616825
12156,0,0.054417018
12157,0,0.05490805
12158,1,0.637287
12159,0,0.05429697
12160,0,0.054452077
12161,0,0.060893904
12162,1,0.64119804
12163,0,0.3961161
12164,0,0.056135505
12165,0,0.05495792
12166,0,0.054323062
12167,1,0.060456127
12168,1,0.63792425
12169,1,0.054340757
12170,0,0.08123176
12171,1,0.63814557
12172,0,0.055374373
12173,0,0.056735042
12174,1,0.5823131
12175,1,0.19904448
12176,0,0.054408126
12177,0,0.055273704
12178,0,0.054584336
12179,0,0.22163971
12180,0,0.054052632
12181,1,0.338163
12182,0,0.053960185
12183,0,0.62167037
12184,0,0.055086143
12185,0,0.20859371
12186,1,0.0951428
12187,0,0.39932975
12188,1,0.64066976
12189,0,0.05448771
12190,0,0.36701334
12191,0,0.05429097
12192,0,0.054074213
12193,0,0.055268526
12194,0,0.054629028
12195,0,0.05440421
12196,0,0.0539167
12197,0,0.054461025
12198,0,0.056226145
12199,0,0.05590552
12200,0,0.6404552
12201,0,0.055197023
12202,0,0.05409239
12203,0,0.05427582
12204,0,0.059463147
12205,0,0.06241772
12206,0,0.057225224
12207,0,0.054178383
12208,0,0.061525866
12209,0,0.056210972
12210,0,0.09070211
12211,0,0.05740728
12212,0,0.23414892
12213,0,0.6342788
12214,1,0.22127734
12215,0,0.05565005
12216,0,0.055821296
12217,0,0.056440987
12218,1,0.05853261
12219,0,0.06922663
12220,0,0.05464787
12221,0,0.15867943
12222,0,0.05517737
12223,0,0.054470897
12224,1,0.31523246
12225,0,0.05818064
12226,1,0.6327218
12227,0,0.055107992
12228,0,0.054560166
12229,0,0.056380454
12230,0,0.05556232
12231,0,0.054372903
12232,0,0.05399943
12233,1,0.6375924
12234,0,0.054845598
12235,0,0.61382467
12236,1,0.5952858
12237,1,0.6184629
12238,0,0.054186787
12239,0,0.059792403
12240,0,0.05433783
12241,1,0.64073294
12242,0,0.054392856
12243,0,0.054382145
12244,0,0.46400422
12245,0,0.2542502
12246,1,0.596255
12247,0,0.05407196
12248,0,0.054871734
12249,0,0.054712735
12250,0,0.05560217
12251,0,0.053981926
12252,0,0.054410394
12253,1,0.62776744
12254,0,0.054152016
12255,0,0.074434444
12256,0,0.054959193
12257,0,0.05415825
12258,0,0.054645717
12259,0,0.05436928
12260,1,0.42578524
12261,0,0.054367084
12262,0,0.056801703
12263,0,0.054065134
12264,1,0.43533674
12265,0,0.20469445
12266,1,0.20422862
12267,0,0.35428804
12268,0,0.27205423
12269,0,0.054533605
12270,0,0.054500006
12271,0,0.59889823
12272,0,0.05429617
12273,1,0.6031466
12274,1,0.63745546
12275,0,0.3127765
12276,0,0.054053463
12277,0,0.32921952
12278,0,0.054717097
12279,1,0.32080707
12280,0,0.06022143
12281,1,0.6324328
12282,1,0.067306355
12283,0,0.05661536
12284,0,0.30470207
12285,0,0.11679235
12286,0,0.054392867
12287,0,0.08749641
12288,0,0.054402567
12289,0,0.054928254
12290,0,0.055357873
12291,0,0.27167436
12292,0,0.08963174
12293,0,0.05420251
12294,1,0.50353706
12295,0,0.055023026
12296,1,0.059358783
12297,0,0.054409336
12298,0,0.056098267
12299,0,0.054574557
12300,0,0.5315132
12301,0,0.05539559
12302,0,0.054459818
12303,0,0.0684907
12304,1,0.626078
12305,0,0.061621234
12306,0,0.054831948
12307,1,0.6392921
12308,0,0.11008094
12309,0,0.05400034
12310,0,0.056798063
12311,0,0.054131757
12312,1,0.05473428
12313,0,0.08426396
12314,0,0.05440031
12315,0,0.37952164
12316,0,0.05423234
12317,0,0.059326544
12318,0,0.05437098
12319,0,0.05418601
12320,1,0.6053829
12321,1,0.39428407
12322,0,0.07222595
12323,0,0.054259785
12324,0,0.22755168
12325,0,0.05420625
12326,0,0.06365014
12327,0,0.05400931
12328,0,0.05500026
12329,0,0.055022057
12330,1,0.6419894
12331,1,0.62226236
12332,0,0.44903266
12333,0,0.054283135
12334,0,0.054505758
12335,0,0.054686014
12336,0,0.055322703
12337,0,0.054913215
12338,0,0.6399988
12339,0,0.05440669
12340,0,0.05459456
12341,0,0.05492131
12342,0,0.20864004
12343,0,0.23473741
12344,0,0.05582152
12345,1,0.05623937
12346,0,0.061831284
12347,0,0.055335857
12348,1,0.6367148
12349,0,0.2660142
12350,0,0.055149253
12351,1,0.054362766
12352,0,0.14735742
12353,0,0.29282087
12354,0,0.05661456
12355,1,0.61562544
12356,0,0.055239648
12357,0,0.054799754
12358,1,0.338748
12359,0,0.056104977
12360,0,0.054291368
12361,0,0.1582795
12362,0,0.2296024
12363,1,0.48590806
12364,0,0.05450964
12365,1,0.6391058
12366,0,0.054220334
12367,0,0.05496413
12368,0,0.05423679
12369,0,0.0552877
12370,0,0.22771017
12371,0,0.30060217
12372,0,0.054206457
12373,0,0.22736806
12374,0,0.054506693
12375,0,0.054957908
12376,0,0.37099424
12377,0,0.054021142
12378,0,0.09669544
12379,0,0.06347055
12380,0,0.05821955
12381,1,0.61030746
12382,0,0.05650002
12383,0,0.054212578
12384,0,0.05443909
12385,0,0.054159842
12386,0,0.055294126
12387,0,0.054351725
12388,0,0.054887403
12389,1,0.61393124
12390,0,0.05543852
12391,1,0.60380226
12392,0,0.24212596
12393,0,0.24067263
12394,0,0.05477374
12395,0,0.054291848
12396,0,0.19604544
12397,0,0.05421732
12398,0,0.059339233
12399,0,0.054399133
12400,1,0.62610507
12401,1,0.087439075
12402,0,0.056526173
12403,0,0.06386508
12404,1,0.45620248
12405,1,0.22959661
12406,0,0.06630607
12407,1,0.6421779
12408,0,0.054326523
12409,0,0.057803724
12410,0,0.05426206
12411,0,0.05408843
12412,0,0.07935448
12413,1,0.40033
12414,0,0.05482394
12415,0,0.054410283
12416,1,0.6388181
12417,0,0.0552813
12418,0,0.05441091
12419,0,0.05422525
12420,0,0.054532353
12421,0,0.054208353
12422,0,0.4172934
12423,0,0.20612253
12424,1,0.63321996
12425,0,0.05441147
12426,0,0.056185562
12427,1,0.2706747
12428,0,0.05482877
12429,1,0.6123386
12430,0,0.056915734
12431,0,0.22724162
12432,0,0.055110835
12433,0,0.63828933
12434,0,0.054180425
12435,1,0.060021475
12436,1,0.61360914
12437,0,0.062463306
12438,1,0.6210267
12439,0,0.056259092
12440,1,0.07033438
12441,1,0.42374256
12442,0,0.054423917
12443,0,0.054232083
12444,1,0.59309417
12445,0,0.054250404
12446,0,0.05441589
12447,0,0.63259023
12448,0,0.05616596
12449,1,0.3896667
12450,0,0.054318734
12451,0,0.056434613
12452,0,0.055020377
12453,0,0.16003345
12454,0,0.054203812
12455,0,0.05396616
12456,0,0.054454815
12457,0,0.05426284
12458,1,0.59725845
12459,0,0.055713702
12460,0,0.06597603
12461,0,0.055203006
12462,1,0.0576037
12463,0,0.59255195
12464,0,0.05681131
12465,1,0.63391185
12466,0,0.054502994
12467,0,0.057533816
12468,0,0.103423916
12469,0,0.055343803
12470,1,0.27496165
12471,0,0.055734474
12472,1,0.6294396
12473,0,0.07313775
12474,0,0.2127719
12475,0,0.055351563
12476,0,0.3841746
12477,0,0.05442016
12478,0,0.05443541
12479,0,0.24080949
12480,0,0.054243114
12481,0,0.058028035
12482,1,0.6257217
12483,0,0.05686036
12484,0,0.054335847
12485,0,0.3457143
12486,0,0.054313246
12487,0,0.054476168
12488,0,0.054811798
12489,0,0.05705509
12490,0,0.58043647
12491,1,0.6251749
12492,0,0.05513963
12493,1,0.34016415
12494,0,0.05428777
12495,1,0.64018494
12496,0,0.05853863
12497,0,0.0547836
12498,0,0.057254426
12499,0,0.055811014
12500,1,0.6401523
12501,0,0.05417179
12502,0,0.2651509
12503,0,0.054335587
12504,0,0.055330187
12505,0,0.085960865
12506,1,0.055552665
12507,1,0.23788187
12508,0,0.054121476
12509,1,0.5920954
12510,0,0.05581878
12511,1,0.2148788
12512,1,0.06306922
12513,0,0.05510743
12514,1,0.056195807
12515,0,0.062539
12516,1,0.0644522
12517,1,0.6372425
12518,1,0.24362078
12519,0,0.05651257
12520,0,0.25024
12521,0,0.054116305
12522,0,0.4260089
12523,0,0.05561216
12524,0,0.2207515
12525,0,0.054088086
12526,0,0.05431536
12527,0,0.05429619
12528,1,0.6373595
12529,1,0.27401268
12530,0,0.054636862
12531,0,0.054188233
12532,0,0.054539178
12533,0,0.055171054
12534,1,0.6095441
12535,1,0.37080237
12536,0,0.05841504
12537,0,0.054233328
12538,0,0.056385785
12539,0,0.2724029
12540,0,0.057934403
12541,1,0.63790756
12542,0,0.054134585
12543,0,0.054834556
12544,0,0.055859428
12545,0,0.6391895
12546,0,0.6386649
12547,1,0.055714957
12548,0,0.054562744
12549,0,0.054200523
12550,0,0.054333095
12551,1,0.24130952
12552,0,0.39750597
12553,0,0.32746294
12554,1,0.6391854
12555,0,0.055467814
12556,0,0.054184347
12557,0,0.058568574
12558,0,0.39718208
12559,1,0.058858372
12560,0,0.054325446
12561,0,0.06995541
12562,0,0.05651375
12563,0,0.3066285
12564,1,0.34847382
12565,0,0.054288078
12566,0,0.05406829
12567,1,0.13652644
12568,0,0.054504193
12569,0,0.33345112
12570,0,0.055320982
12571,0,0.32688996
12572,1,0.16554414
12573,0,0.057852335
12574,0,0.05433524
12575,1,0.6272928
12576,0,0.054727595
12577,0,0.05462508
12578,0,0.05852542
12579,0,0.058443528
12580,1,0.058362123
12581,0,0.059543483
12582,0,0.05536878
12583,0,0.05409942
12584,0,0.05497496
12585,0,0.07534887
12586,1,0.33007038
12587,0,0.054962512
12588,0,0.054692402
12589,1,0.6201864
12590,0,0.056195434
12591,0,0.054767743
12592,0,0.36555663
12593,0,0.21862185
12594,0,0.054592647
12595,0,0.05552861
12596,0,0.23745589
12597,0,0.054597188
12598,0,0.05469947
12599,0,0.05675658
12600,0,0.4559259
12601,0,0.054531172
12602,0,0.16990891
12603,0,0.055673625
12604,0,0.054563858
12605,0,0.06119612
12606,0,0.054246493
12607,0,0.054397162
12608,0,0.47281313
12609,1,0.6231749
12610,0,0.054407142
12611,1,0.08239543
12612,0,0.367654
12613,0,0.056069
12614,0,0.054902554
12615,1,0.20995905
12616,1,0.21155904
12617,0,0.055118337
12618,0,0.05417198
12619,0,0.056605082
12620,0,0.05421172
12621,0,0.054201048
12622,1,0.056241784
12623,0,0.05522714
12624,0,0.058067027
12625,0,0.054530345
12626,0,0.055149436
12627,0,0.054412674
12628,0,0.054227848
12629,0,0.055153932
12630,0,0.19384131
12631,0,0.059023045
12632,0,0.055172026
12633,1,0.060797967
12634,0,0.05487653
12635,0,0.32422864
12636,0,0.054246474
12637,1,0.6196764
12638,0,0.0545572
12639,0,0.06153969
12640,0,0.05423497
12641,0,0.054466058
12642,0,0.05399768
12643,0,0.054234724
12644,0,0.054196734
12645,0,0.282197
12646,0,0.05447743
12647,0,0.0543969
12648,0,0.35932666
12649,0,0.21494119
12650,0,0.054017853
12651,0,0.0560481
12652,0,0.090125814
12653,0,0.059721146
12654,0,0.5157883
12655,0,0.058432553
12656,0,0.054152418
12657,0,0.31079945
12658,0,0.3547018
12659,0,0.40897194
12660,0,0.6387297
12661,0,0.054796185
12662,1,0.6042192
12663,0,0.055964947
12664,0,0.056738533
12665,0,0.05455157
12666,0,0.05546861
12667,0,0.23099135
12668,0,0.16386974
12669,0,0.05432217
12670,0,0.05679567
12671,0,0.05512329
12672,0,0.054509196
12673,0,0.055188954
12674,1,0.3009759
12675,0,0.054079328
12676,0,0.28461
12677,0,0.105341114
12678,0,0.18033679
12679,0,0.63015336
12680,0,0.10119156
12681,0,0.0621488
12682,0,0.056338284
12683,0,0.054522432
12684,0,0.05565537
12685,0,0.05541118
12686,0,0.05626438
12687,0,0.05427739
12688,0,0.05469132
12689,0,0.055034477
12690,0,0.05433449
12691,1,0.3026439
12692,0,0.072014235
12693,0,0.055937216
12694,0,0.39373916
12695,0,0.058639072
12696,0,0.054258462
12697,0,0.22269087
12698,0,0.05443189
12699,1,0.06485106
12700,0,0.054417312
12701,0,0.054573495
12702,0,0.05415967
12703,0,0.05668963
12704,1,0.50650996
12705,1,0.6383364
12706,0,0.28194004
12707,0,0.054421812
12708,1,0.054287456
12709,0,0.054457296
12710,1,0.15426812
12711,0,0.054406494
12712,0,0.054040216
12713,0,0.055742394
12714,0,0.05390192
12715,0,0.054541748
12716,0,0.05590597
12717,0,0.1746798
12718,0,0.5895846
12719,0,0.3210833
12720,0,0.055213615
12721,1,0.2793115
12722,0,0.0557773
12723,0,0.61482215
12724,0,0.056422748
12725,1,0.33235395
12726,0,0.25046337
12727,1,0.63521475
12728,0,0.3473026
12729,0,0.2565586
12730,0,0.054392826
12731,0,0.054618515
12732,0,0.05437123
12733,1,0.6349377
12734,1,0.6303484
12735,0,0.054701596
12736,1,0.3358455
12737,0,0.0543386
12738,0,0.054318722
12739,0,0.056347173
12740,0,0.05405873
12741,0,0.054113302
12742,0,0.054335
12743,0,0.054349754
12744,0,0.054482836
12745,0,0.07458646
12746,0,0.057959158
12747,0,0.055072777
12748,0,0.05601868
12749,0,0.055660583
12750,0,0.055448182
12751,0,0.054964766
12752,0,0.054291774
12753,0,0.054887325
12754,1,0.4502683
12755,0,0.063047454
12756,1,0.6088108
12757,0,0.058211327
12758,0,0.05446904
12759,0,0.054412905
12760,1,0.06136231
12761,0,0.24743055
12762,0,0.05518294
12763,0,0.054128513
12764,1,0.62443995
12765,0,0.055835195
12766,0,0.054538622
12767,0,0.054304138
12768,0,0.63203084
12769,1,0.6406957
12770,0,0.054415826
12771,0,0.054361865
12772,0,0.05454418
12773,1,0.29471976
12774,1,0.2741678
12775,0,0.055549562
12776,0,0.05607326
12777,1,0.055302273
12778,0,0.05732593
12779,0,0.05414731
12780,0,0.054338533
12781,0,0.05800545
12782,0,0.06635066
12783,0,0.05438507
12784,0,0.055725154
12785,0,0.63792866
12786,0,0.054784954
12787,0,0.62063986
12788,0,0.059027523
12789,0,0.20954292
12790,1,0.4000821
12791,1,0.103252
12792,0,0.054715827
12793,0,0.0540297
12794,0,0.0542061
12795,0,0.056705646
12796,0,0.055376925
12797,0,0.055685524
12798,1,0.611421
12799,0,0.055186212
12800,0,0.6295574
12801,0,0.054424632
12802,0,0.054370936
12803,0,0.05413936
12804,0,0.054768655
12805,0,0.056152496
12806,0,0.054996174
12807,0,0.054236643
12808,0,0.05921414
12809,0,0.055525202
12810,0,0.05493683
12811,0,0.054352537
12812,0,0.05406757
12813,0,0.24945572
12814,0,0.054353748
12815,1,0.6018734
12816,0,0.29360768
12817,0,0.055941544
12818,0,0.63755256
12819,0,0.27978662
12820,0,0.056151334
12821,0,0.05397894
12822,0,0.055063974
12823,0,0.056016624
12824,0,0.055173714
12825,1,0.19836234
12826,1,0.6380243
12827,1,0.4758203
12828,0,0.054847147
12829,0,0.054857884
12830,0,0.23935357
12831,0,0.054078523
12832,0,0.054778222
12833,0,0.056252845
12834,0,0.055840474
12835,0,0.054681394
12836,0,0.054209452
12837,0,0.054798633
12838,1,0.6288145
12839,0,0.6377317
12840,0,0.059320327
12841,1,0.05443368
12842,0,0.63989747
12843,1,0.6416404
12844,0,0.0651855
12845,1,0.63725364
12846,1,0.25304437
12847,0,0.054270316
12848,0,0.6286175
12849,0,0.05585568
12850,1,0.6350781
12851,0,0.23683621
12852,0,0.05443272
12853,0,0.055243384
12854,0,0.05455424
12855,0,0.05526292
12856,0,0.05616548
12857,0,0.057010356
12858,0,0.0638575
12859,0,0.18115108
12860,0,0.05510685
12861,0,0.05460101
12862,0,0.31474662
12863,0,0.054251343
12864,1,0.61907303
12865,0,0.056244127
12866,0,0.05428879
12867,0,0.23634103
12868,0,0.05417546
12869,0,0.06358454
12870,0,0.057194397
12871,0,0.62679416
12872,1,0.60461086
12873,0,0.05412346
12874,0,0.3090404
12875,0,0.05648781
12876,0,0.054472495
12877,0,0.06035145
12878,0,0.05601656
12879,0,0.20274691
12880,0,0.05416737
12881,1,0.24225575
12882,1,0.342377
12883,0,0.05502546
12884,1,0.05506881
12885,0,0.05425641
12886,0,0.054087207
12887,0,0.054238696
12888,0,0.05492114
12889,0,0.054722905
12890,0,0.057830755
12891,0,0.05533833
12892,0,0.054339796
12893,0,0.05438952
12894,0,0.06144329
12895,0,0.15312216
12896,0,0.05429462
12897,0,0.054711662
12898,0,0.05848134
12899,0,0.2899857
12900,0,0.05443
12901,1,0.055113304
12902,0,0.2860722
12903,0,0.05464027
12904,0,0.054343883
12905,0,0.05438596
12906,0,0.05424109
12907,0,0.054256774
12908,0,0.054713212
12909,0,0.054116696
12910,0,0.6142485
12911,0,0.054277625
12912,0,0.055288654
12913,0,0.054270945
12914,0,0.22273712
12915,0,0.18513206
12916,0,0.05465887
12917,0,0.05529608
12918,0,0.055076428
12919,0,0.05655494
12920,1,0.61058015
12921,0,0.05725512
12922,0,0.05447736
12923,0,0.055636156
12924,0,0.05492417
12925,1,0.61153895
12926,0,0.05487465
12927,0,0.054023754
12928,0,0.058463983
12929,1,0.054458875
12930,0,0.058892187
12931,0,0.055143945
12932,0,0.0543149
12933,0,0.21529418
12934,0,0.055786774
12935,1,0.6242784
12936,0,0.055779427
12937,0,0.05416232
12938,0,0.16463192
12939,1,0.055777527
12940,0,0.054252986
12941,1,0.12679935
12942,0,0.055677097
12943,0,0.054243207
12944,0,0.054175057
12945,0,0.6384195
12946,1,0.50045663
12947,0,0.05619029
12948,0,0.060262006
12949,1,0.4390896
12950,0,0.05398934
12951,0,0.054872613
12952,0,0.054166656
12953,0,0.05412381
12954,0,0.05540749
12955,0,0.19772962
12956,0,0.056670826
12957,1,0.58043396
12958,1,0.19581006
12959,0,0.056533854
12960,0,0.05417921
12961,0,0.054757226
12962,0,0.06798588
12963,0,0.05392818
12964,0,0.053900972
12965,0,0.054217838
12966,0,0.20356661
12967,0,0.054303918
12968,1,0.63632077
12969,0,0.05403036
12970,1,0.6420404
12971,1,0.6392655
12972,0,0.055206265
12973,0,0.05401525
12974,0,0.054610733
12975,0,0.055575814
12976,0,0.058222115
12977,0,0.26708683
12978,1,0.34283322
12979,1,0.07494397
12980,0,0.0791311
12981,0,0.2301917
12982,0,0.058373395
12983,0,0.63715196
12984,0,0.05442395
12985,0,0.054028504
12986,0,0.23761727
12987,0,0.055611424
12988,1,0.3495878
12989,0,0.21189843
12990,0,0.054051172
12991,1,0.58280444
12992,0,0.0542022
12993,0,0.054017413
12994,0,0.05514894
12995,0,0.05429061
12996,0,0.17317265
12997,0,0.06850978
12998,0,0.054344863
12999,1,0.63561684
13000,0,0.054169808
13001,0,0.05432825
13002,0,0.05535476
13003,0,0.05554774
13004,0,0.31880403
13005,0,0.25237226
13006,0,0.0542909
13007,0,0.20048377
13008,0,0.059610914
13009,0,0.057282183
13010,0,0.63543415
13011,0,0.054423623
13012,0,0.054735538
13013,0,0.055105112
13014,0,0.05465201
13015,0,0.05404874
13016,1,0.28016987
13017,0,0.060846943
13018,0,0.054329246
13019,1,0.22357121
13020,0,0.056730773
13021,0,0.05451448
13022,0,0.054729298
13023,0,0.26400363
13024,1,0.1123017
13025,0,0.19182396
13026,0,0.054250717
13027,1,0.38885543
13028,0,0.05471045
13029,1,0.40606847
13030,1,0.6199962
13031,0,0.05425141
13032,0,0.0542374
13033,1,0.1536828
13034,0,0.054302305
13035,0,0.056965064
13036,0,0.05418822
13037,0,0.054557793
13038,0,0.058117613
13039,0,0.05418475
13040,0,0.3366429
13041,0,0.05439825
13042,0,0.5951232
13043,0,0.055129547
13044,0,0.2222992
13045,1,0.59010106
13046,1,0.22139335
13047,1,0.36442173
13048,0,0.55288917
13049,0,0.054916214
13050,0,0.054936778
13051,0,0.055097427
13052,0,0.19609016
13053,0,0.055401225
13054,0,0.45127285
13055,1,0.6323441
13056,0,0.055969253
13057,0,0.05568285
13058,1,0.5787678
13059,1,0.6324187
13060,1,0.054799892
13061,1,0.6395209
13062,1,0.21760593
13063,0,0.05554072
13064,0,0.05474716
13065,0,0.05547592
13066,0,0.05437166
13067,1,0.26411477
13068,0,0.63972884
13069,0,0.055506684
13070,0,0.054146875
13071,0,0.42193007
13072,0,0.05481278
13073,0,0.054803193
13074,0,0.054931678
13075,0,0.36657274
13076,0,0.054297358
13077,0,0.054278012
13078,0,0.055199426
13079,0,0.056180183
13080,0,0.27569804
13081,0,0.054167606
13082,0,0.054249804
13083,0,0.054131746
13084,0,0.2520663
13085,0,0.05406522
13086,0,0.05424409
13087,0,0.05583786
13088,0,0.41961676
13089,1,0.6167353
13090,0,0.063411795
13091,0,0.054514214
13092,0,0.05457227
13093,1,0.6328016
13094,0,0.05435283
13095,0,0.23681782
13096,0,0.054138657
13097,0,0.05524906
13098,0,0.16671363
13099,0,0.62742895
13100,0,0.059565973
13101,0,0.054029476
13102,0,0.055463966
13103,1,0.6317163
13104,0,0.05402212
13105,0,0.5500007
13106,0,0.17933404
13107,0,0.5602394
13108,0,0.05414138
13109,0,0.107075125
13110,0,0.05402133
13111,0,0.07748861
13112,0,0.06593884
13113,0,0.05413781
13114,1,0.15479036
13115,1,0.6033034
13116,0,0.054155342
13117,0,0.054325815
13118,0,0.061316546
13119,0,0.054176066
13120,1,0.5987981
13121,0,0.63941455
13122,0,0.05979018
13123,0,0.05423058
13124,0,0.058033206
13125,0,0.05421071
13126,0,0.054285023
13127,0,0.60909545
13128,1,0.05566736
13129,0,0.05483515
13130,0,0.21972531
13131,0,0.054818593
13132,1,0.054152757
13133,0,0.34592184
13134,0,0.054229356
13135,0,0.058614146
13136,0,0.05591209
13137,0,0.054777645
13138,0,0.054396745
13139,0,0.059200745
13140,0,0.056180585
13141,0,0.054699674
13142,1,0.21176174
13143,0,0.054149583
13144,0,0.0563179
13145,0,0.054203045
13146,0,0.054069668
13147,0,0.4467745
13148,0,0.05608155
13149,0,0.21730947
13150,0,0.054312494
13151,0,0.054903027
13152,0,0.05507618
13153,0,0.056618556
13154,0,0.058761597
13155,0,0.29351646
13156,0,0.05458426
13157,0,0.0553005
13158,0,0.05427362
13159,1,0.61860126
13160,0,0.05409417
13161,0,0.054390304
13162,0,0.36457062
13163,0,0.058283955
13164,0,0.05422165
13165,0,0.054881655
13166,1,0.055729657
13167,0,0.054973323
13168,0,0.057776984
13169,0,0.63547206
13170,1,0.44371143
13171,0,0.05457313
13172,0,0.5405886
13173,0,0.05592153
13174,0,0.34881747
13175,0,0.058516245
13176,0,0.054288767
13177,0,0.17246021
13178,0,0.059809282
13179,0,0.09545215
13180,0,0.054529686
13181,0,0.05435071
13182,0,0.06284716
13183,0,0.054654237
13184,1,0.6355434
13185,1,0.6341956
13186,0,0.054277357
13187,0,0.07104437
13188,0,0.06620931
13189,0,0.05434245
13190,0,0.054256827
13191,0,0.054898202
13192,0,0.0561073
13193,1,0.05632066
13194,0,0.054470774
13195,0,0.05412935
13196,0,0.055067845
13197,0,0.05476188
13198,0,0.054423485
13199,1,0.06939981
13200,0,0.05398682
13201,0,0.05472087
13202,0,0.05603865
13203,1,0.63523215
13204,0,0.054982875
13205,0,0.054432288
13206,1,0.6381384
13207,0,0.055320933
13208,1,0.45846403
13209,0,0.054123845
13210,0,0.05438345
13211,0,0.054932848
13212,0,0.23378076
13213,0,0.055032756
13214,0,0.05453207
13215,0,0.055561908
13216,0,0.057593282
13217,0,0.4612009
13218,0,0.056558523
13219,0,0.12242506
13220,0,0.055636346
13221,1,0.05865384
13222,1,0.055708308
13223,0,0.05408334
13224,0,0.057097025
13225,1,0.23641749
13226,1,0.22956575
13227,0,0.05675988
13228,0,0.305202
13229,0,0.43516484
13230,0,0.054160036
13231,0,0.0548955
13232,0,0.056041062
13233,0,0.0631884
13234,0,0.23470822
13235,0,0.078823395
13236,0,0.06764252
13237,0,0.054467622
13238,0,0.05540065
13239,1,0.63468957
13240,0,0.055843454
13241,0,0.054135714
13242,0,0.08782583
13243,0,0.054671016
13244,0,0.054422904
13245,0,0.054734953
13246,1,0.3889581
13247,0,0.24139826
13248,0,0.21390094
13249,0,0.055095084
13250,0,0.05593925
13251,0,0.055699557
13252,0,0.095918976
13253,1,0.59885925
13254,0,0.6392089
13255,1,0.36949572
13256,0,0.05837385
13257,0,0.3356129
13258,0,0.054383494
13259,1,0.6366677
13260,0,0.055029504
13261,0,0.058437757
13262,0,0.05409438
13263,0,0.0545048
13264,0,0.05897918
13265,1,0.6168592
13266,1,0.64000183
13267,0,0.05522763
13268,0,0.054790966
13269,0,0.055042107
13270,1,0.057537567
13271,0,0.054355804
13272,0,0.054297727
13273,0,0.057735514
13274,0,0.16964927
13275,0,0.054182302
13276,1,0.060587894
13277,0,0.055565752
13278,1,0.63372684
13279,0,0.15104939
13280,0,0.1859613
13281,0,0.05459978
13282,0,0.05592533
13283,0,0.054350764
13284,0,0.05522171
13285,1,0.5905682
13286,0,0.05406923
13287,0,0.05422856
13288,0,0.05438118
13289,0,0.057812247
13290,0,0.10880379
13291,0,0.26012662
13292,0,0.05511667
13293,0,0.055633854
13294,0,0.05666256
13295,0,0.0540775
13296,0,0.054247573
13297,0,0.05507592
13298,0,0.054544427
13299,0,0.18975659
13300,0,0.05442018
13301,0,0.054280296
13302,0,0.054228924
13303,0,0.05429799
13304,0,0.055798136
13305,0,0.054108094
13306,0,0.054182746
13307,0,0.06147916
13308,0,0.30946565
13309,0,0.054991387
13310,0,0.055612575
13311,0,0.1392754
13312,1,0.626273
13313,1,0.4349307
13314,1,0.23462412
13315,0,0.07426857
13316,0,0.2160764
13317,0,0.055280082
13318,0,0.05446503
13319,0,0.05545455
13320,0,0.054170452
13321,0,0.054699775
13322,1,0.25812006
13323,0,0.05469536
13324,1,0.2628151
13325,0,0.05479794
13326,0,0.05666234
13327,0,0.19358344
13328,0,0.34267431
13329,0,0.636741
13330,0,0.05401963
13331,1,0.32071805
13332,0,0.055543233
13333,0,0.058229618
13334,0,0.2423987
13335,0,0.21359068
13336,0,0.056187052
13337,1,0.62771016
13338,0,0.23640424
13339,0,0.05714628
13340,0,0.05491443
13341,0,0.05478501
13342,0,0.055360667
13343,0,0.05428125
13344,0,0.05505643
13345,0,0.05881673
13346,0,0.054499123
13347,0,0.054482076
13348,0,0.62111354
13349,0,0.054211356
13350,0,0.6181199
13351,0,0.19532582
13352,0,0.05418614
13353,0,0.05404632
13354,0,0.054881934
13355,0,0.054292083
13356,0,0.055158008
13357,0,0.22288248
13358,0,0.057164855
13359,0,0.3322311
13360,0,0.05966247
13361,1,0.60109305
13362,1,0.054752566
13363,1,0.62759507
13364,0,0.054297358
13365,0,0.05404041
13366,0,0.26877278
13367,0,0.6258915
13368,0,0.34645143
13369,0,0.21726029
13370,0,0.054260224
13371,1,0.53958786
13372,0,0.054898743
13373,0,0.054318268
13374,0,0.054670736
13375,0,0.05516375
13376,0,0.054157067
13377,0,0.054215983
13378,1,0.64091057
13379,0,0.054139305
13380,0,0.057382103
13381,0,0.054440774
13382,1,0.53817123
13383,0,0.056192767
13384,0,0.054473553
13385,0,0.63872707
13386,1,0.62052804
13387,1,0.30778491
13388,0,0.6417557
13389,0,0.2303495
13390,0,0.054108847
13391,0,0.17505597
13392,0,0.055271752
13393,1,0.6365685
13394,0,0.054497417
13395,0,0.06158714
13396,1,0.27522886
13397,0,0.05474252
13398,0,0.055124655
13399,0,0.054090988
13400,1,0.632895
13401,1,0.054494727
13402,0,0.05455888
13403,0,0.054193396
13404,0,0.055073615
13405,0,0.054967392
13406,0,0.6394885
13407,0,0.46000817
13408,0,0.58191836
13409,0,0.054679535
13410,0,0.05539988
13411,1,0.57440054
13412,1,0.313044
13413,0,0.18310022
13414,0,0.05443611
13415,0,0.25489724
13416,0,0.054310765
13417,0,0.05450465
13418,0,0.057589523
13419,0,0.0541983
13420,0,0.054410797
13421,0,0.05566024
13422,0,0.054232974
13423,0,0.05441
13424,0,0.054444578
13425,0,0.24328458
13426,0,0.21118253
13427,1,0.63327765
13428,0,0.060996056
13429,0,0.057398796
13430,0,0.05429572
13431,0,0.054310337
13432,0,0.054472577
13433,1,0.2653755
13434,0,0.05433182
13435,1,0.5990266
13436,0,0.054248676
13437,1,0.2477748
13438,0,0.12367599
13439,0,0.3232507
13440,0,0.05420686
13441,0,0.29585943
13442,0,0.05410454
13443,0,0.6360281
13444,0,0.06283941
13445,0,0.05680878
13446,0,0.055338033
13447,0,0.054801684
13448,0,0.054271683
13449,0,0.06565956
13450,0,0.6415602
13451,0,0.05513786
13452,0,0.061792657
13453,0,0.054342404
13454,0,0.62612
13455,0,0.59772104
13456,1,0.5024391
13457,1,0.18601596
13458,0,0.054838635
13459,0,0.054493718
13460,1,0.60765445
13461,0,0.055141892
13462,0,0.06328029
13463,0,0.05433125
13464,0,0.28263122
13465,1,0.4587887
13466,0,0.054143894
13467,0,0.054386165
13468,0,0.054360732
13469,0,0.055109654
13470,0,0.23648053
13471,0,0.054435752
13472,0,0.054160804
13473,0,0.05574936
13474,0,0.056874614
13475,0,0.055795964
13476,0,0.053994454
13477,0,0.054734055
13478,0,0.054293696
13479,0,0.0548073
13480,1,0.2233323
13481,1,0.327072
13482,0,0.070237726
13483,0,0.05503585
13484,0,0.07446993
13485,0,0.05414696
13486,0,0.23963004
13487,0,0.05585347
13488,0,0.054321654
13489,0,0.22106056
13490,1,0.6392481
13491,0,0.054835234
13492,0,0.054089107
13493,0,0.40277585
13494,1,0.23174886
13495,0,0.32302317
13496,0,0.44128847
13497,0,0.05496913
13498,0,0.29015386
13499,1,0.056236077
13500,1,0.55111784
13501,0,0.054263797
13502,0,0.19326009
13503,0,0.055313345
13504,0,0.05879852
13505,0,0.34075248
13506,0,0.24043897
13507,0,0.055900615
13508,0,0.054283943
13509,1,0.10607851
13510,0,0.054530878
13511,0,0.22932409
13512,0,0.066624545
13513,0,0.0547422
13514,0,0.054584388
13515,1,0.5951352
13516,0,0.4448739
13517,1,0.2124397
13518,1,0.62550867
13519,1,0.23610291
13520,0,0.058457166
13521,0,0.05584233
13522,0,0.054237597
13523,0,0.056480337
13524,1,0.23900786
13525,0,0.4701502
13526,1,0.3238546
13527,0,0.0707365
13528,0,0.054278012
13529,0,0.07042853
13530,0,0.054401774
13531,0,0.054119527
13532,1,0.63556176
13533,1,0.63735116
13534,1,0.057638288
13535,0,0.054930534
13536,1,0.5904572
13537,0,0.63802326
13538,0,0.060295805
13539,0,0.054597273
13540,0,0.62305343
13541,0,0.42707843
13542,0,0.05423323
13543,0,0.056752298
13544,0,0.055318862
13545,0,0.054256372
13546,0,0.055179644
13547,0,0.054186985
13548,0,0.6211489
13549,1,0.22839576
13550,0,0.27907687
13551,0,0.6398812
13552,1,0.42505464
13553,1,0.23527765
13554,0,0.054380946
13555,0,0.05459891
13556,0,0.055147275
13557,0,0.055750284
13558,0,0.05419028
13559,1,0.6188706
13560,0,0.06095098
13561,0,0.31563982
13562,1,0.061450206
13563,0,0.0540102
13564,0,0.054512616
13565,0,0.21991895
13566,0,0.39685977
13567,0,0.6405255
13568,0,0.06469302
13569,0,0.054097515
13570,0,0.054874726
13571,0,0.055226956
13572,0,0.63147885
13573,1,0.056397863
13574,0,0.054131646
13575,0,0.05501804
13576,0,0.054513354
13577,0,0.19082937
13578,0,0.509783
13579,0,0.053953756
13580,1,0.5979186
13581,0,0.06008696
13582,0,0.054917578
13583,0,0.054783687
13584,0,0.054412596
13585,0,0.054991584
13586,0,0.054341678
13587,0,0.054046135
13588,0,0.54123753
13589,0,0.11775394
13590,0,0.054709833
13591,0,0.05411046
13592,0,0.054210503
13593,1,0.05501111
13594,0,0.054034986
13595,0,0.054893944
13596,0,0.05468454
13597,0,0.055539906
13598,0,0.054266367
13599,0,0.22069068
13600,0,0.21352874
13601,0,0.055114996
13602,0,0.06945959
13603,0,0.055141985
13604,0,0.054313164
13605,0,0.054361116
13606,0,0.054579455
13607,1,0.41825444
13608,0,0.05563704
13609,0,0.05420889
13610,0,0.23071642
13611,0,0.05800351
13612,0,0.06720604
13613,0,0.40619835
13614,0,0.0571151
13615,1,0.2134499
13616,1,0.2384948
13617,0,0.20021285
13618,0,0.054192226
13619,0,0.05507335
13620,0,0.0542251
13621,0,0.054374173
13622,0,0.054630656
13623,0,0.054007597
13624,1,0.05550119
13625,0,0.054565504
13626,0,0.05574941
13627,0,0.055695716
13628,0,0.056655265
13629,0,0.055948224
13630,0,0.055412583
13631,0,0.05653792
13632,1,0.5997848
13633,0,0.055779178
13634,1,0.071618825
13635,1,0.64077866
13636,0,0.23968284
13637,0,0.055195816
13638,0,0.05484486
13639,0,0.054397415
13640,0,0.05487847
13641,0,0.056500643
13642,1,0.22899617
13643,0,0.05621519
13644,0,0.055558223
13645,0,0.05429138
13646,1,0.6413045
13647,0,0.07234138
13648,1,0.6345708
13649,0,0.24752542
13650,0,0.07494277
13651,0,0.054092634
13652,0,0.054737855
13653,0,0.18344605
13654,1,0.4779625
13655,0,0.056898218
13656,1,0.33903646
13657,1,0.36923504
13658,0,0.06026673
13659,0,0.057487816
13660,0,0.47653317
13661,0,0.055248857
13662,0,0.05399147
13663,0,0.054062057
13664,0,0.062419735
13665,0,0.05428485
13666,0,0.054337673
13667,0,0.055620216
13668,1,0.6402973
13669,0,0.05417599
13670,1,0.075687885
13671,0,0.054293096
13672,0,0.6392092
13673,0,0.05419897
13674,0,0.05558468
13675,0,0.05422379
13676,0,0.054476608
13677,0,0.30817807
13678,0,0.05446612
13679,0,0.059837803
13680,0,0.2709875
13681,0,0.054561086
13682,0,0.17646705
13683,0,0.054363262
13684,0,0.055131633
13685,1,0.4150088
13686,0,0.054255787
13687,0,0.05963519
13688,1,0.3434582
13689,0,0.05410662
13690,0,0.4518795
13691,0,0.054378387
13692,0,0.055736613
13693,0,0.34054086
13694,0,0.58499366
13695,1,0.63743466
13696,0,0.060815644
13697,0,0.054786395
13698,0,0.054143205
13699,0,0.15882918
13700,0,0.06364481
13701,0,0.05691485
13702,0,0.05580735
13703,0,0.054377712
13704,0,0.058863737
13705,1,0.6263487
13706,1,0.056008846
13707,0,0.054304168
13708,0,0.055507027
13709,0,0.28595254
13710,1,0.5228202
13711,1,0.22209871
13712,0,0.0542643
13713,1,0.63456196
13714,1,0.6408303
13715,0,0.056680653
13716,1,0.1952547
13717,0,0.18091632
13718,1,0.2980694
13719,0,0.05423231
13720,1,0.6060251
13721,1,0.24941058
13722,0,0.055092163
13723,0,0.1734582
13724,1,0.23995736
13725,0,0.05581309
13726,0,0.33823526
13727,0,0.057681542
13728,1,0.6328894
13729,0,0.0543607
13730,0,0.059219353
13731,1,0.6323096
13732,0,0.055271037
13733,1,0.05492502
13734,0,0.054304752
13735,0,0.05939463
13736,0,0.06021069
13737,0,0.05434863
13738,0,0.05427447
13739,1,0.20750077
13740,0,0.24223803
13741,0,0.05489668
13742,0,0.23878655
13743,0,0.054574504
13744,0,0.05467445
13745,0,0.05770992
13746,0,0.05684662
13747,1,0.3405604
13748,0,0.054273367
13749,0,0.054175593
13750,1,0.2055518
13751,0,0.054074932
13752,0,0.05427511
13753,0,0.23883869
13754,0,0.059296805
13755,1,0.42735937
13756,0,0.05409605
13757,0,0.05539389
13758,0,0.054640334
13759,0,0.22483054
13760,1,0.602328
13761,0,0.086907916
13762,0,0.05432627
13763,0,0.055067398
13764,0,0.054284725
13765,0,0.2042769
13766,1,0.57990247
13767,0,0.054995447
13768,0,0.6392047
13769,0,0.05432868
13770,0,0.05426732
13771,1,0.32657543
13772,1,0.3927025
13773,0,0.19186486
13774,0,0.054255698
13775,1,0.14593042
13776,0,0.18491238
13777,0,0.05441865
13778,0,0.054153834
13779,0,0.19786495
13780,0,0.054137886
13781,0,0.056611594
13782,0,0.2223922
13783,0,0.058387417
13784,1,0.6208152
13785,0,0.64008266
13786,0,0.05409
13787,1,0.34096324
13788,1,0.2474048
13789,0,0.05431129
13790,0,0.17125487
13791,0,0.06074401
13792,0,0.054619696
13793,0,0.05435568
13794,1,0.63478243
13795,1,0.60751337
13796,0,0.05411982
13797,1,0.23330505
13798,0,0.6373493
13799,0,0.055463742
13800,0,0.055612616
13801,0,0.055398654
13802,1,0.5833577
13803,0,0.065197155
13804,0,0.05507452
13805,0,0.055559836
13806,0,0.057896078
13807,0,0.070852056
13808,0,0.054340735
13809,0,0.054386012
13810,0,0.31539294
13811,1,0.6333107
13812,0,0.6280194
13813,0,0.05434819
13814,0,0.633133
13815,0,0.056350034
13816,0,0.059408598
13817,0,0.6138772
13818,0,0.63836
13819,0,0.3041457
13820,0,0.07715144
13821,0,0.05428137
13822,0,0.06328835
13823,1,0.63653296
13824,0,0.23662339
13825,1,0.074135445
13826,0,0.055115998
13827,1,0.5750879
13828,0,0.055767726
13829,0,0.054691542
13830,0,0.054795854
13831,0,0.054525178
13832,0,0.1450582
13833,0,0.057395257
13834,1,0.63921
13835,0,0.05405061
13836,0,0.05466183
13837,0,0.057459246
13838,0,0.05426682
13839,1,0.6401067
13840,1,0.31857216
13841,0,0.055883877
13842,0,0.05407744
13843,0,0.054220993
13844,0,0.57393336
13845,0,0.05418444
13846,0,0.057444226
13847,0,0.05845278
13848,0,0.20979178
13849,0,0.055426333
13850,0,0.054309186
13851,0,0.061699174
13852,0,0.19149163
13853,0,0.055778507
13854,0,0.056540463
13855,0,0.054762408
13856,0,0.054764654
13857,0,0.06348907
13858,0,0.057536267
13859,0,0.0543689
13860,0,0.053994957
13861,1,0.60705554
13862,0,0.054590367
13863,1,0.63075477
13864,1,0.63957906
13865,0,0.054309882
13866,0,0.30539238
13867,0,0.05422038
13868,0,0.16938467
13869,0,0.6284313
13870,0,0.054169785
13871,1,0.63946605
13872,0,0.05469816
13873,0,0.21559091
13874,0,0.22785565
13875,0,0.054093596
13876,0,0.054866612
13877,0,0.22027163
13878,0,0.0542977
13879,0,0.055086978
13880,0,0.054027747
13881,0,0.054247137
13882,0,0.054846413
13883,0,0.055463683
13884,0,0.0543955
13885,0,0.054181255
13886,0,0.054332666
13887,1,0.5957037
13888,0,0.46573746
13889,0,0.05420426
13890,0,0.05669131
13891,1,0.0814307
13892,0,0.05489741
13893,1,0.067662366
13894,0,0.3994556
13895,0,0.06530069
13896,0,0.23228015
13897,0,0.054175157
13898,0,0.054345123
13899,1,0.065553024
13900,0,0.054872826
13901,0,0.05526062
13902,0,0.0542661
13903,0,0.15712337
13904,1,0.60873413
13905,0,0.05545666
13906,0,0.20849411
13907,1,0.20395617
13908,0,0.25751787
13909,0,0.19260906
13910,0,0.054143492
13911,0,0.054227117
13912,0,0.4994988
13913,0,0.055071864
13914,0,0.05499556
13915,0,0.06580651
13916,0,0.054902073
13917,1,0.60485935
13918,0,0.60757124
13919,1,0.2391705
13920,1,0.24021716
13921,1,0.6047209
13922,0,0.054738052
13923,0,0.058304235
13924,0,0.24773657
13925,0,0.054343455
13926,0,0.05427557
13927,0,0.054906983
13928,0,0.054224174
13929,0,0.0547921
13930,1,0.20136929
13931,0,0.50176895
13932,0,0.054405585
13933,0,0.05490622
13934,0,0.055092808
13935,0,0.05415901
13936,0,0.054524843
13937,0,0.054240968
13938,0,0.054647945
13939,0,0.054300077
13940,0,0.054369632
13941,1,0.60361856
13942,0,0.055552
13943,0,0.6396979
13944,0,0.054496937
13945,0,0.05666011
13946,1,0.24332912
13947,0,0.054176603
13948,1,0.06230112
13949,1,0.63799953
13950,1,0.3175103
13951,0,0.26529783
13952,0,0.30798423
13953,0,0.054410845
13954,0,0.16813166
13955,0,0.05458082
13956,1,0.632233
13957,0,0.05459695
13958,1,0.6342174
13959,0,0.05549032
13960,1,0.20097134
13961,0,0.054109093
13962,0,0.055470463
13963,0,0.055436146
13964,0,0.63987935
13965,0,0.05447581
13966,1,0.078652
13967,1,0.059204526
13968,1,0.06239199
13969,0,0.056043584
13970,0,0.054405563
13971,0,0.054381266
13972,0,0.05433446
13973,1,0.6414962
13974,0,0.056855142
13975,0,0.054260712
13976,0,0.058636226
13977,0,0.056454066
13978,0,0.6374503
13979,0,0.055146903
13980,0,0.32012475
13981,0,0.2427905
13982,0,0.056014154
13983,0,0.054124936
13984,0,0.0694175
13985,0,0.054149777
13986,0,0.054553427
13987,0,0.41619
13988,0,0.21214266
13989,0,0.054407887
13990,0,0.63686645
13991,0,0.12943362
13992,0,0.055169858
13993,0,0.3586684
13994,0,0.05450044
13995,0,0.22725978
13996,0,0.05460239
13997,0,0.6412984
13998,0,0.05666597
13999,0,0.6395574
14000,1,0.4929751
14001,0,0.3256849
14002,0,0.055525925
14003,0,0.13928853
14004,0,0.054944694
14005,0,0.054283332
14006,0,0.084215894
14007,0,0.09526236
14008,0,0.054145824
14009,0,0.054663196
14010,0,0.6317988
14011,0,0.054679893
14012,0,0.054447964
14013,0,0.054169282
14014,0,0.054386932
14015,0,0.06701337
14016,1,0.5815857
14017,0,0.05468481
14018,0,0.63704544
14019,0,0.05481118
14020,0,0.055246145
14021,1,0.4398202
14022,0,0.05517001
14023,0,0.05440801
14024,0,0.054257948
14025,1,0.64075184
14026,0,0.6254586
14027,0,0.05508084
14028,1,0.30085793
14029,0,0.05429596
14030,0,0.054617036
14031,0,0.054273866
14032,1,0.6342169
14033,0,0.368384
14034,1,0.5911503
14035,0,0.06545424
14036,0,0.05700714
14037,0,0.6359342
14038,0,0.054052893
14039,0,0.31483978
14040,0,0.60004693
14041,0,0.054656126
14042,0,0.05415725
14043,0,0.05431435
14044,0,0.054171078
14045,0,0.05479263
14046,1,0.3274911
14047,0,0.054580215
14048,0,0.05434963
14049,0,0.054081436
14050,0,0.054211386
14051,0,0.64042383
14052,0,0.5740423
14053,0,0.054425877
14054,0,0.054580905
14055,0,0.22165257
14056,0,0.054045822
14057,0,0.05418857
14058,1,0.05434233
14059,1,0.44875434
14060,0,0.05401481
14061,1,0.6340011
14062,0,0.056314662
14063,0,0.33795336
14064,0,0.054252066
14065,0,0.15916428
14066,1,0.6394626
14067,0,0.054200545
14068,0,0.054971687
14069,0,0.05557556
14070,0,0.05431313
14071,0,0.054993723
14072,0,0.055440962
14073,0,0.05715551
14074,0,0.061107337
14075,0,0.20238107
14076,0,0.058611505
14077,0,0.056572955
14078,0,0.23669647
14079,0,0.05415464
14080,0,0.58767575
14081,0,0.20860638
14082,0,0.054291088
14083,0,0.6086724
14084,0,0.26092532
14085,0,0.05523528
14086,0,0.054191258
14087,0,0.055034902
14088,0,0.21463616
14089,0,0.054203335
14090,0,0.60285896
14091,0,0.05441685
14092,0,0.05435525
14093,0,0.054585405
14094,0,0.05424141
14095,0,0.054223567
14096,0,0.057831794
14097,1,0.6379874
14098,0,0.054571286
14099,1,0.057214737
14100,0,0.054633547
14101,1,0.29443452
14102,1,0.05522572
14103,1,0.16702098
14104,1,0.63916844
14105,0,0.054337565
14106,0,0.05489188
14107,0,0.3337185
14108,0,0.32289395
14109,0,0.05415438
14110,0,0.054072935
14111,0,0.054107238
14112,0,0.05432747
14113,0,0.054400723
14114,0,0.14956027
14115,0,0.055099633
14116,0,0.33710715
14117,0,0.07342945
14118,0,0.054282285
14119,0,0.054757066
14120,0,0.055335164
14121,0,0.056513306
14122,0,0.054893438
14123,1,0.06533878
14124,0,0.055292457
14125,0,0.057803836
14126,0,0.0556017
14127,0,0.45098075
14128,0,0.055019654
14129,1,0.6266003
14130,0,0.25097921
14131,0,0.20627117
14132,0,0.19598368
14133,0,0.0539985
14134,0,0.05683605
14135,0,0.24720818
14136,0,0.054294735
14137,0,0.05420011
14138,0,0.054407623
14139,0,0.05444175
14140,0,0.054024775
14141,0,0.05473523
14142,0,0.055230767
14143,0,0.054308925
14144,0,0.054504517
14145,0,0.054901503
14146,0,0.054205544
14147,0,0.22951229
14148,1,0.53295213
14149,1,0.6239155
14150,0,0.054369662
14151,1,0.07496434
14152,0,0.054284405
14153,0,0.054809425
14154,0,0.054207988
14155,0,0.05459551
14156,1,0.3521178
14157,0,0.060447372
14158,0,0.054146405
14159,0,0.054190304
14160,0,0.05678418
14161,0,0.5948674
14162,0,0.06308687
14163,1,0.34836113
14164,0,0.055194765
14165,0,0.054180022
14166,0,0.054366644
14167,0,0.05550362
14168,0,0.16769621
14169,1,0.23243405
14170,0,0.33467832
14171,0,0.36676252
14172,0,0.05388352
14173,0,0.23816484
14174,0,0.055704016
14175,0,0.054463614
14176,0,0.054225318
14177,0,0.054623067
14178,1,0.14937314
14179,0,0.056016386
14180,0,0.06578045
14181,0,0.054116674
14182,0,0.3384303
14183,1,0.5986864
14184,0,0.06245378
14185,0,0.054026175
14186,0,0.054716244
14187,0,0.2877335
14188,0,0.22746103
14189,1,0.2497524
14190,0,0.05439202
14191,0,0.64166474
14192,1,0.6379427
14193,0,0.06723151
14194,1,0.3768009
14195,1,0.23108752
14196,0,0.05439359
14197,0,0.3411599
14198,0,0.05490608
14199,0,0.6366203
14200,0,0.636513
14201,0,0.05496662
14202,0,0.054204457
14203,0,0.05647823
14204,0,0.618585
14205,0,0.05471352
14206,0,0.055025443
14207,0,0.054673485
14208,0,0.054210134
14209,0,0.05429197
14210,0,0.05423457
14211,1,0.05589545
14212,0,0.24371007
14213,0,0.055074356
14214,0,0.05499613
14215,0,0.6365972
14216,1,0.2727074
14217,0,0.05417556
14218,1,0.6319016
14219,0,0.05625103
14220,0,0.054131966
14221,0,0.054222383
14222,1,0.21874307
14223,1,0.23184054
14224,0,0.058000322
14225,0,0.05415378
14226,1,0.6409859
14227,0,0.054802332
14228,0,0.054628696
14229,1,0.50313437
14230,0,0.05433294
14231,0,0.05404091
14232,0,0.05455024
14233,0,0.0542441
14234,0,0.15117705
14235,0,0.054450385
14236,1,0.482945
14237,0,0.054610837
14238,0,0.18956801
14239,0,0.23596977
14240,0,0.21885943
14241,0,0.053938817
14242,1,0.6141187
14243,1,0.06621344
14244,1,0.6376124
14245,0,0.054864418
14246,0,0.05442018
14247,0,0.05771826
14248,0,0.05485738
14249,1,0.612201
14250,0,0.054027725
14251,1,0.16583315
14252,0,0.054354362
14253,0,0.054349326
14254,0,0.05489204
14255,0,0.059731115
14256,0,0.34701833
14257,1,0.6406436
14258,0,0.054052774
14259,0,0.053927843
14260,1,0.2227687
14261,1,0.054368995
14262,0,0.068063855
14263,0,0.054228704
14264,1,0.6083113
14265,0,0.06030837
14266,0,0.064740494
14267,1,0.6142112
14268,0,0.055288196
14269,0,0.054087564
14270,0,0.3589062
14271,1,0.61947876
14272,0,0.054847106
14273,0,0.05428225
14274,0,0.45966387
14275,0,0.05481103
14276,0,0.055524096
14277,0,0.055332273
14278,0,0.24435553
14279,0,0.054376084
14280,0,0.05979109
14281,0,0.055679366
14282,0,0.05416012
14283,0,0.054215394
14284,0,0.055327512
14285,0,0.07225919
14286,0,0.18223403
14287,0,0.054217838
14288,1,0.3240366
14289,0,0.6271485
14290,1,0.26048934
14291,0,0.055772055
14292,0,0.053964835
14293,0,0.05717769
14294,0,0.05448141
14295,0,0.3607425
14296,1,0.46125704
14297,0,0.23732734
14298,1,0.63513213
14299,0,0.058267295
14300,0,0.27614236
14301,0,0.057161648
14302,0,0.24097323
14303,0,0.05428098
14304,0,0.05469447
14305,1,0.054742627
14306,0,0.28605416
14307,1,0.6254458
14308,0,0.05553453
14309,1,0.21240725
14310,0,0.054677118
14311,0,0.055167153
14312,0,0.055393394
14313,0,0.2335044
14314,0,0.05714979
14315,0,0.05650167
14316,0,0.05439921
14317,0,0.055073738
14318,0,0.054590724
14319,0,0.22173354
14320,1,0.05648503
14321,1,0.24307653
14322,0,0.055992804
14323,0,0.055479743
14324,0,0.05418414
14325,0,0.055847224
14326,1,0.056718107
14327,0,0.39994496
14328,0,0.6373245
14329,0,0.05410025
14330,0,0.054346018
14331,0,0.31919417
14332,0,0.054245766
14333,0,0.05405226
14334,0,0.05402355
14335,0,0.05583059
14336,0,0.05548695
14337,0,0.05621178
14338,0,0.05556765
14339,0,0.055878475
14340,1,0.6299113
14341,0,0.06199025
14342,1,0.40171832
14343,0,0.62138593
14344,0,0.060110234
14345,0,0.058958847
14346,0,0.053921897
14347,0,0.054219868
14348,0,0.05410691
14349,0,0.05466322
14350,0,0.2799734
14351,0,0.23020916
14352,0,0.05517829
14353,1,0.45638162
14354,0,0.054923553
14355,0,0.054044638
14356,0,0.05426424
14357,0,0.054228682
14358,0,0.054304138
14359,0,0.09804973
14360,0,0.05616519
14361,1,0.31573728
14362,0,0.6378422
14363,0,0.059654206
14364,0,0.054777768
14365,0,0.05426967
14366,0,0.062071312
14367,0,0.054851703
14368,0,0.2319393
14369,0,0.05438856
14370,0,0.16215676
14371,1,0.366777
14372,0,0.054099787
14373,0,0.055020593
14374,0,0.05423926
14375,0,0.19180045
14376,1,0.061841365
14377,0,0.0541901
14378,0,0.060334954
14379,1,0.63874894
14380,1,0.30934134
14381,1,0.3449879
14382,0,0.054812554
14383,0,0.055125743
14384,0,0.05413405
14385,1,0.24137338
14386,1,0.056004886
14387,0,0.45685485
14388,0,0.054344654
14389,0,0.30910537
14390,0,0.05435622
14391,0,0.054160077
14392,0,0.12523629
14393,0,0.05410137
14394,0,0.61780643
14395,1,0.40847847
14396,0,0.056544326
14397,0,0.054108385
14398,0,0.054460783
14399,0,0.3320344
14400,0,0.0542019
14401,0,0.055529106
14402,0,0.054630805
14403,0,0.058611702
14404,0,0.05598483
14405,0,0.054614626
14406,0,0.05584193
14407,1,0.6249926
14408,0,0.056420814
14409,0,0.05612243
14410,0,0.30634463
14411,0,0.6348152
14412,0,0.05425115
14413,0,0.05481627
14414,1,0.2312017
14415,0,0.49609634
14416,0,0.058189057
14417,0,0.3627697
14418,0,0.05420868
14419,1,0.60672957
14420,0,0.0543607
14421,1,0.37095353
14422,0,0.22296233
14423,1,0.05528735
14424,0,0.054469816
14425,0,0.05401188
14426,0,0.05454076
14427,0,0.056492716
14428,0,0.055951443
14429,0,0.59827626
14430,0,0.05407373
14431,0,0.054353505
14432,0,0.054337244
14433,0,0.056141924
14434,0,0.060182724
14435,0,0.3161625
14436,0,0.055270057
14437,1,0.595638
14438,1,0.6365643
14439,0,0.05629406
14440,1,0.25896072
14441,0,0.05632487
14442,0,0.14765966
14443,1,0.6284691
14444,0,0.054776333
14445,0,0.056790102
14446,1,0.22874758
14447,1,0.636625
14448,0,0.056576136
14449,0,0.13481212
14450,0,0.05691613
14451,0,0.054541178
14452,1,0.5131674
14453,0,0.07723432
14454,0,0.05429459
14455,0,0.055568893
14456,0,0.054257046
14457,1,0.054304212
14458,0,0.05547851
14459,0,0.054016963
14460,0,0.62666565
14461,0,0.21883015
14462,0,0.06042423
14463,0,0.05595012
14464,0,0.054450713
14465,0,0.61677265
14466,0,0.05445106
14467,0,0.054403838
14468,0,0.061576776
14469,1,0.44563138
14470,1,0.6380485
14471,1,0.6229929
14472,0,0.06134107
14473,0,0.05413874
14474,0,0.054530997
14475,0,0.05565924
14476,0,0.23409064
14477,1,0.27663237
14478,0,0.053970627
14479,0,0.64116657
14480,0,0.054091845
14481,0,0.05428825
14482,0,0.054356407
14483,0,0.6371077
14484,0,0.054100744
14485,0,0.055197757
14486,0,0.054285973
14487,0,0.054740164
14488,0,0.5037635
14489,1,0.62118113
14490,0,0.05630749
14491,0,0.63580877
14492,0,0.05415893
14493,1,0.36327183
14494,0,0.056205843
14495,0,0.055751115
14496,0,0.054662358
14497,0,0.054094717
14498,0,0.22489725
14499,1,0.05623579
14500,0,0.054925397
14501,1,0.24835084
14502,0,0.056306794
14503,0,0.05426288
14504,0,0.06909747
14505,1,0.055752046
14506,0,0.21150021
14507,0,0.054798774
14508,0,0.056503285
14509,1,0.6155347
14510,0,0.055423163
14511,0,0.054046463
14512,0,0.054828964
14513,0,0.054955166
14514,0,0.22926837
14515,0,0.057605002
14516,0,0.06015594
14517,0,0.05574761
14518,1,0.5752273
14519,0,0.2812873
14520,0,0.35035086
14521,0,0.63977647
14522,0,0.05524916
14523,0,0.054482836
14524,0,0.055795085
14525,0,0.054271974
14526,1,0.6007108
14527,0,0.053942565
14528,0,0.054309893
14529,1,0.61289966
14530,0,0.054058515
14531,1,0.17936538
14532,0,0.05410233
14533,0,0.054403745
14534,0,0.63663137
14535,0,0.054363444
14536,0,0.0615997
14537,0,0.054698367
14538,0,0.054443106
14539,0,0.27659243
14540,0,0.6311358
14541,0,0.054571256
14542,1,0.6269624
14543,1,0.6157078
14544,0,0.061931632
14545,0,0.18841468
14546,0,0.05439061
14547,1,0.63759077
14548,0,0.05982455
14549,0,0.05776599
14550,1,0.621276
14551,0,0.07716067
14552,0,0.054239824
14553,0,0.07273425
14554,0,0.054240897
14555,0,0.34845233
14556,1,0.5784282
14557,0,0.2619735
14558,0,0.05540372
14559,0,0.4585293
14560,0,0.054287497
14561,0,0.11578383
14562,0,0.054138694
14563,0,0.055270266
14564,0,0.068653695
14565,0,0.054156736
14566,0,0.056615677
14567,0,0.056021072
14568,0,0.054660525
14569,0,0.055396073
14570,0,0.054155342
14571,0,0.06472719
14572,0,0.054545783
14573,0,0.05577803
14574,0,0.056281906
14575,1,0.37435988
14576,0,0.054341067
14577,0,0.054315317
14578,0,0.054659966
14579,0,0.23189595
14580,0,0.64085925
14581,0,0.054442678
14582,0,0.062360737
14583,0,0.6412139
14584,0,0.05448753
14585,1,0.22506289
14586,0,0.055609368
14587,0,0.14734878
14588,0,0.054292627
14589,0,0.05505239
14590,0,0.05541016
14591,0,0.054290622
14592,0,0.25468126
14593,1,0.6045127
14594,1,0.054699183
14595,0,0.3612254
14596,0,0.054992057
14597,0,0.05451405
14598,0,0.056079708
14599,1,0.054445133
14600,0,0.05469156
14601,0,0.055346325
14602,0,0.054300662
14603,0,0.060126696
14604,0,0.05437341
14605,0,0.6178776
14606,0,0.05463609
14607,0,0.42481735
14608,0,0.05440977
14609,0,0.054019585
14610,0,0.054504726
14611,0,0.055425186
14612,0,0.24028592
14613,1,0.06482997
14614,0,0.054334905
14615,0,0.05610059
14616,0,0.054198887
14617,0,0.34470513
14618,0,0.06635529
14619,0,0.05533698
14620,0,0.054913763
14621,0,0.054169416
14622,0,0.055494275
14623,0,0.63340616
14624,0,0.054167647
14625,0,0.05399455
14626,0,0.054369226
14627,0,0.05471728
14628,0,0.054953195
14629,0,0.0548547
14630,0,0.05427098
14631,0,0.64030975
14632,0,0.054663144
14633,0,0.23415089
14634,0,0.054334782
14635,0,0.056792714
14636,1,0.6337274
14637,0,0.21008861
14638,1,0.14472783
14639,0,0.055176426
14640,0,0.05569816
14641,1,0.35433245
14642,1,0.15205428
14643,0,0.054469634
14644,1,0.48804426
14645,0,0.05422554
14646,0,0.055082075
14647,0,0.054053754
14648,0,0.054526597
14649,1,0.056776747
14650,1,0.09408329
14651,0,0.054848727
14652,0,0.23973392
14653,0,0.054325886
14654,1,0.32905537
14655,0,0.056636244
14656,0,0.055035535
14657,0,0.0598986
14658,0,0.06542317
14659,0,0.054262538
14660,0,0.05416485
14661,1,0.32514924
14662,0,0.05494682
14663,0,0.05583067
14664,0,0.054087166
14665,0,0.054175716
14666,0,0.054667618
14667,0,0.054595213
14668,1,0.6335147
14669,0,0.05433918
14670,0,0.055028748
14671,0,0.054784633
14672,0,0.05418872
14673,0,0.055700883
14674,0,0.054637995
14675,0,0.05625139
14676,0,0.055736493
14677,0,0.054530215
14678,0,0.05437431
14679,0,0.13872804
14680,1,0.2800942
14681,0,0.058943614
14682,0,0.05416261
14683,0,0.057561595
14684,0,0.054537
14685,0,0.054217592
14686,0,0.22462031
14687,0,0.054533016
14688,0,0.058591023
14689,0,0.054321293
14690,0,0.63992834
14691,0,0.0739598
14692,0,0.05427978
14693,0,0.31265846
14694,0,0.06132923
14695,0,0.2803782
14696,1,0.6288352
14697,1,0.088020876
14698,0,0.05449205
14699,0,0.05491359
14700,0,0.054785125
14701,0,0.05434848
14702,0,0.055864185
14703,0,0.16273744
14704,0,0.058624044
14705,0,0.63653314
14706,0,0.055293553
14707,1,0.33593762
14708,1,0.6393743
14709,0,0.055840213
14710,0,0.106554575
14711,1,0.3396189
14712,0,0.57071286
14713,0,0.05394687
14714,0,0.05411512
14715,1,0.21385165
14716,0,0.368177
14717,1,0.19049649
14718,0,0.05499275
14719,1,0.05471162
14720,0,0.63285583
14721,0,0.054288287
14722,0,0.05444215
14723,0,0.054111306
14724,0,0.070575
14725,0,0.05412199
14726,0,0.05487463
14727,1,0.63637584
14728,1,0.32348716
14729,0,0.05448146
14730,0,0.054799926
14731,0,0.05456639
14732,1,0.60728264
14733,0,0.16376147
14734,1,0.3499434
14735,0,0.23766409
14736,0,0.065007314
14737,1,0.5907299
14738,0,0.59066105
14739,0,0.05567197
14740,0,0.058089513
14741,0,0.056473907
14742,0,0.055525
14743,0,0.2794448
14744,0,0.05545834
14745,1,0.39061445
14746,0,0.054360814
14747,0,0.055390995
14748,0,0.056711998
14749,0,0.05565875
14750,0,0.05448792
14751,0,0.059541773
14752,0,0.05529019
14753,0,0.27529502
14754,0,0.05462729
14755,0,0.05500741
14756,0,0.054451205
14757,0,0.055184167
14758,0,0.05404608
14759,1,0.44827875
14760,0,0.05601452
14761,1,0.3056949
14762,0,0.22559161
14763,0,0.054328416
14764,0,0.054286763
14765,0,0.05425427
14766,0,0.054301653
14767,0,0.055257834
14768,1,0.19285417
14769,0,0.19584386
14770,0,0.054165717
14771,1,0.63990384
14772,0,0.054781433
14773,1,0.055733193
14774,0,0.054416448
14775,0,0.054348733
14776,0,0.054672882
14777,0,0.05431435
14778,0,0.6126703
14779,1,0.23345147
14780,0,0.05419834
14781,0,0.054386232
14782,0,0.05496064
14783,0,0.054791342
14784,0,0.52793056
14785,0,0.055430144
14786,1,0.28182372
14787,0,0.052187808
14788,0,0.39344463
14789,0,0.054257866
14790,1,0.63550156
14791,0,0.054600023
14792,0,0.054314766
14793,0,0.05450826
14794,0,0.054903183
14795,0,0.054094076
14796,0,0.0553509
14797,0,0.05527586
14798,0,0.05496152
14799,0,0.23966509
14800,0,0.054287147
14801,0,0.054305416
14802,0,0.055369917
14803,0,0.05486141
14804,0,0.63931763
14805,0,0.36979705
14806,1,0.6378995
14807,0,0.48798123
14808,0,0.36023977
14809,0,0.054185227
14810,1,0.62247247
14811,0,0.05430524
14812,0,0.05707087
14813,1,0.6100027
14814,1,0.33299473
14815,0,0.056128103
14816,1,0.054344937
14817,0,0.054693412
14818,0,0.058518525
14819,1,0.6304818
14820,0,0.05558819
14821,0,0.054541096
14822,0,0.05590134
14823,0,0.055762652
14824,0,0.058063477
14825,0,0.056231905
14826,0,0.19669643
14827,0,0.054092687
14828,1,0.63918465
14829,0,0.054268796
14830,0,0.054198395
14831,0,0.23751591
14832,0,0.2019146
14833,0,0.054243382
14834,0,0.3457409
14835,0,0.05488421
14836,0,0.2219109
14837,0,0.64007413
14838,0,0.054225855
14839,0,0.0551175
14840,0,0.059663676
14841,1,0.055863906
14842,0,0.054069713
14843,0,0.058879457
14844,1,0.5182441
14845,0,0.054413106
14846,0,0.05544146
14847,1,0.061955594
14848,0,0.588066
14849,0,0.054280683
14850,0,0.6340438
14851,0,0.20811449
14852,0,0.056278713
14853,0,0.05433077
14854,0,0.57597214
14855,0,0.054278705
14856,0,0.33070043
14857,0,0.056974337
14858,0,0.05831
14859,1,0.05729432
14860,1,0.18434924
14861,0,0.055536605
14862,0,0.2161556
14863,0,0.16014928
14864,0,0.3465897
14865,0,0.057271663
14866,0,0.066032894
14867,1,0.21042137
14868,0,0.05590314
14869,0,0.05432496
14870,0,0.4330241
14871,1,0.63954175
14872,1,0.054816686
14873,1,0.62873983
14874,1,0.25993758
14875,1,0.34267986
14876,0,0.05418052
14877,0,0.055171728
14878,0,0.054186933
14879,1,0.62861687
14880,0,0.054214563
14881,0,0.05946594
14882,0,0.054828502
14883,0,0.057452932
14884,0,0.17522702
14885,0,0.054467514
14886,0,0.42388183
14887,0,0.05465674
14888,0,0.06495552
14889,0,0.054686118
14890,1,0.056994107
14891,0,0.054820757
14892,1,0.054229915
14893,0,0.054900106
14894,0,0.21708837
14895,0,0.059477266
14896,0,0.054724976
14897,0,0.60836583
14898,1,0.059353597
14899,1,0.6381453
14900,1,0.063231155
14901,0,0.054141607
14902,0,0.054674998
14903,1,0.64061415
14904,0,0.054602318
14905,0,0.05430025
14906,0,0.054506715
14907,0,0.05493404
14908,0,0.05486087
14909,0,0.05521092
14910,0,0.05464531
14911,1,0.61934036
14912,0,0.22446495
14913,0,0.054907005
14914,0,0.055266455
14915,0,0.6341401
14916,0,0.64048976
14917,1,0.3348288
14918,0,0.19564462
14919,0,0.054532897
14920,0,0.05978581
14921,0,0.60814726
14922,0,0.05612636
14923,0,0.05480529
14924,0,0.05430775
14925,0,0.14584564
14926,1,0.6202898
14927,0,0.6242018
14928,0,0.35102355
14929,1,0.6363659
14930,0,0.2772834
14931,0,0.054882973
14932,0,0.05441067
14933,0,0.37443292
14934,1,0.6392533
14935,0,0.6064832
14936,0,0.054802533
14937,1,0.22777042
14938,0,0.62728673
14939,0,0.056154594
14940,0,0.22323787
14941,0,0.5973195
14942,0,0.055698123
14943,0,0.05563269
14944,0,0.6269071
14945,0,0.054462742
14946,0,0.05397245
14947,0,0.05406564
14948,0,0.05476589
14949,0,0.15733589
14950,0,0.054823324
14951,0,0.05424854
14952,1,0.32520992
14953,0,0.054785565
14954,0,0.05488069
14955,0,0.05462786
14956,0,0.055957615
14957,0,0.054360665
14958,0,0.054291125
14959,1,0.21657835
14960,0,0.054494016
14961,0,0.054331128
14962,0,0.054883197
14963,1,0.6203647
14964,0,0.056628145
14965,1,0.64154994
14966,0,0.05506703
14967,0,0.057379656
14968,0,0.23060197
14969,1,0.21471481
14970,0,0.054438636
14971,1,0.13132676
14972,0,0.36845118
14973,0,0.058379505
14974,0,0.368535
14975,0,0.054287333
14976,0,0.22833909
14977,0,0.054065313
14978,0,0.05462726
14979,0,0.056183957
14980,0,0.6357273
14981,1,0.6230347
14982,0,0.05629738
14983,0,0.05559063
14984,0,0.06067707
14985,0,0.25614944
14986,0,0.05767079
14987,0,0.055369496
14988,0,0.054381013
14989,0,0.054768827
14990,1,0.6357195
14991,0,0.0542604
14992,0,0.054478243
14993,0,0.56574005
14994,0,0.056142315
14995,0,0.054519814
14996,0,0.056369852
14997,0,0.5974498
14998,0,0.055530377
14999,0,0.055444065
15000,0,0.38339552
15001,0,0.05419725
15002,0,0.12269975
15003,0,0.059278436
15004,0,0.054690626
15005,0,0.054944765
15006,0,0.058041185
15007,1,0.07500043
15008,1,0.42753515
15009,0,0.05485497
15010,0,0.054299217
15011,0,0.09365807
15012,0,0.0550068
15013,1,0.60788655
15014,0,0.054487698
15015,0,0.05427665
15016,0,0.054161083
15017,0,0.0540727
15018,0,0.055523574
15019,1,0.63480115
15020,0,0.054531395
15021,0,0.05419758
15022,0,0.055020917
15023,0,0.60618764
15024,0,0.27895498
15025,0,0.054184977
15026,0,0.5761688
15027,0,0.055928502
15028,0,0.05485074
15029,1,0.6388258
15030,0,0.18169907
15031,0,0.054174434
15032,0,0.054777175
15033,0,0.59055465
15034,0,0.054209244
15035,0,0.059678305
15036,1,0.32449645
15037,0,0.23406376
15038,0,0.6210818
15039,0,0.054856353
15040,0,0.055334065
15041,0,0.05427395
15042,0,0.05440639
15043,0,0.05936022
15044,1,0.6129853
15045,1,0.6367854
15046,1,0.35924253
15047,0,0.058832534
15048,0,0.05408629
15049,0,0.6139797
15050,0,0.05557146
15051,0,0.058331992
15052,0,0.05474723
15053,0,0.056165136
15054,0,0.05494406
15055,0,0.63817173
15056,0,0.0548012
15057,0,0.3538993
15058,1,0.62332326
15059,0,0.057476938
15060,0,0.054154247
15061,1,0.058237176
15062,0,0.336686
15063,0,0.11245876
15064,0,0.05591751
15065,0,0.057630096
15066,0,0.054271694
15067,0,0.24354774
15068,0,0.054294392
15069,0,0.05461779
15070,0,0.05437197
15071,0,0.056881793
15072,0,0.110380135
15073,0,0.055828873
15074,0,0.22269973
15075,0,0.054309797
15076,0,0.17850585
15077,0,0.05479495
15078,0,0.2093422
15079,0,0.054016214
15080,0,0.18042369
15081,0,0.0575633
15082,1,0.57576585
15083,0,0.05585224
15084,0,0.05484716
15085,0,0.05851865
15086,0,0.05433412
15087,0,0.057448167
15088,0,0.054171648
15089,0,0.2608451
15090,0,0.23347783
15091,0,0.065309845
15092,0,0.055342026
15093,0,0.29068378
15094,0,0.056648307
15095,0,0.32139778
15096,0,0.05625769
15097,0,0.054997023
15098,0,0.18923298
15099,0,0.055977087
15100,0,0.055981576
15101,0,0.054619472
15102,1,0.4445495
15103,0,0.05480607
15104,0,0.18474779
15105,0,0.054330397
15106,0,0.3242383
15107,0,0.054205265
15108,1,0.63225687
15109,0,0.054221727
15110,0,0.20876937
15111,0,0.056692846
15112,1,0.1570722
15113,0,0.054957695
15114,0,0.05411059
15115,0,0.05431751
15116,1,0.6197928
15117,1,0.64036053
15118,1,0.055365104
15119,0,0.0541799
15120,0,0.6391592
15121,0,0.05529711
15122,1,0.2601254
15123,0,0.060015257
15124,0,0.054532386
15125,0,0.23384334
15126,0,0.053966306
15127,0,0.054333095
15128,0,0.054724645
15129,1,0.63628757
15130,0,0.054229915
15131,0,0.054453712
15132,0,0.0556185
15133,1,0.639845
15134,1,0.63976246
15135,1,0.6380675
15136,1,0.30431747
15137,0,0.055921506
15138,0,0.059409898
15139,0,0.6237772
15140,0,0.05464558
15141,0,0.05794264
15142,0,0.055292744
15143,0,0.05516325
15144,1,0.054627478
15145,0,0.28176317
15146,1,0.058263604
15147,0,0.055744115
15148,0,0.054306593
15149,0,0.4117493
15150,0,0.21236126
15151,0,0.35514954
15152,1,0.06584929
15153,0,0.055203114
15154,0,0.054683413
15155,0,0.054779053
15156,0,0.05534549
15157,0,0.05557724
15158,0,0.11666958
15159,0,0.054247603
15160,0,0.055137288
15161,0,0.054219905
15162,0,0.054139495
15163,1,0.63639504
15164,0,0.054764822
15165,0,0.36728632
15166,1,0.38684237
15167,0,0.17011972
15168,1,0.054485954
15169,1,0.055122435
15170,0,0.05423975
15171,1,0.058826104
15172,0,0.054180592
15173,0,0.6354209
15174,0,0.05551667
15175,0,0.054174397
15176,0,0.05505385
15177,0,0.05428433
15178,1,0.6064116
15179,0,0.30110002
15180,0,0.05430135
15181,0,0.055725142
15182,0,0.054241464
15183,0,0.0543016
15184,0,0.06435129
15185,0,0.055103168
15186,0,0.05780529
15187,1,0.286189
15188,0,0.33954114
15189,1,0.57611364
15190,1,0.061921753
15191,0,0.057026803
15192,1,0.63312805
15193,0,0.054715034
15194,1,0.6262001
15195,0,0.055465877
15196,1,0.058384616
15197,0,0.20368934
15198,0,0.054258805
15199,0,0.45307395
15200,0,0.2077902
15201,0,0.5867611
15202,0,0.20036103
15203,0,0.05423229
15204,0,0.054865226
15205,1,0.6066285
15206,0,0.05441206
15207,0,0.054108083
15208,0,0.06077083
15209,1,0.110075854
15210,0,0.08622144
15211,0,0.0542613
15212,0,0.18963124
15213,0,0.054168962
15214,0,0.05439201
15215,0,0.055652305
15216,0,0.055363294
15217,1,0.6262506
15218,0,0.0545852
15219,0,0.054031916
15220,0,0.053992305
15221,0,0.34512162
15222,0,0.443923
15223,0,0.20010439
15224,0,0.054347023
15225,0,0.054365404
15226,0,0.054231435
15227,0,0.054205477
15228,1,0.1564282
15229,0,0.109922536
15230,0,0.057725508
15231,0,0.05425771
15232,0,0.05760054
15233,0,0.05529679
15234,1,0.28274938
15235,0,0.054786332
15236,1,0.63153315
15237,1,0.48565438
15238,0,0.054253373
15239,1,0.08603534
15240,0,0.05424283
15241,0,0.05898616
15242,0,0.05419199
15243,0,0.05409317
15244,0,0.21731511
15245,0,0.054313105
15246,0,0.19858994
15247,0,0.056377005
15248,0,0.055917297
15249,1,0.6405557
15250,1,0.6360352
15251,0,0.18659283
15252,0,0.36257482
15253,0,0.054163847
15254,1,0.6353967
15255,0,0.63697124
15256,0,0.054410603
15257,0,0.055718694
15258,0,0.054413617
15259,1,0.060452003
15260,1,0.060949385
15261,0,0.054210626
15262,0,0.055007663
15263,1,0.6409262
15264,1,0.41090953
15265,0,0.5700971
15266,0,0.05768653
15267,0,0.08433073
15268,0,0.054615717
15269,0,0.054069206
15270,0,0.056550514
15271,0,0.06031894
15272,0,0.1617482
15273,0,0.054673202
15274,0,0.0555185
15275,0,0.054349117
15276,0,0.060957186
15277,0,0.054883566
15278,1,0.41560984
15279,0,0.060433704
15280,0,0.05435118
15281,0,0.17477909
15282,0,0.16704638
15283,0,0.054281846
15284,0,0.19347066
15285,0,0.054819655
15286,0,0.20299977
15287,0,0.055756487
15288,0,0.05518617
15289,0,0.05454194
15290,0,0.061484862
15291,1,0.61653906
15292,0,0.055304945
15293,0,0.2076262
15294,0,0.59563434
15295,0,0.05700778
15296,1,0.6377855
15297,0,0.074402064
15298,0,0.056771576
15299,0,0.054154318
15300,0,0.24317
15301,0,0.11168647
15302,0,0.62766826
15303,0,0.054882396
15304,0,0.06136146
15305,0,0.063847765
15306,0,0.056404024
15307,0,0.055846762
15308,1,0.63366354
15309,0,0.24525598
15310,0,0.056510333
15311,0,0.054183282
15312,1,0.6219917
15313,0,0.05452776
15314,1,0.16330782
15315,0,0.054439005
15316,1,0.635182
15317,0,0.6360186
15318,0,0.060644463
15319,0,0.054240778
15320,1,0.16158013
15321,1,0.2616282
15322,0,0.05431193
15323,1,0.6426792
15324,0,0.05787346
15325,0,0.05539229
15326,0,0.24097772
15327,1,0.60752094
15328,0,0.058095433
15329,0,0.059291627
15330,0,0.10438428
15331,0,0.054324146
15332,0,0.23096189
15333,1,0.42299157
15334,1,0.19817895
15335,0,0.054193206
15336,1,0.6226548
15337,0,0.4364453
15338,0,0.054403685
15339,1,0.6402652
15340,1,0.640996
15341,1,0.2776662
15342,1,0.24409318
15343,0,0.061922263
15344,0,0.05514858
15345,0,0.055239577
15346,1,0.26795515
15347,0,0.054125227
15348,1,0.10382329
15349,0,0.6312234
15350,0,0.054698788
15351,1,0.07934685
15352,0,0.4632346
15353,1,0.30846387
15354,0,0.053974316
15355,1,0.059992373
15356,0,0.6027416
15357,1,0.6158275
15358,0,0.056080632
15359,0,0.2529792
15360,0,0.055219393
15361,1,0.23580605
15362,0,0.61355263
15363,0,0.05426092
15364,0,0.058613256
15365,0,0.054820813
15366,0,0.054276355
15367,0,0.05423509
15368,0,0.05499757
15369,0,0.054129854
15370,0,0.054293852
15371,0,0.054327093
15372,1,0.25840285
15373,0,0.6186905
15374,0,0.054704275
15375,1,0.424246
15376,0,0.055594824
15377,0,0.22968125
15378,0,0.054429017
15379,0,0.054563176
15380,0,0.056335013
15381,1,0.3716311
15382,0,0.054371916
15383,0,0.39976645
15384,0,0.054550003
15385,0,0.0549554
15386,0,0.05431416
15387,0,0.054360647
15388,0,0.054377895
15389,0,0.054343604
15390,0,0.061419684
15391,0,0.054141965
15392,0,0.054219093
15393,0,0.054190774
15394,1,0.074888505
15395,0,0.054072134
15396,0,0.05484447
15397,0,0.055753328
15398,0,0.054851796
15399,0,0.055081826
15400,0,0.05554832
15401,0,0.4634347
15402,0,0.055903982
15403,1,0.3802015
15404,0,0.05431697
15405,0,0.05428514
15406,0,0.056565
15407,0,0.054720413
15408,1,0.39524657
15409,0,0.636098
15410,0,0.056051504
15411,0,0.056789096
15412,0,0.056299396
15413,0,0.054368433
15414,1,0.6359337
15415,0,0.6302873
15416,0,0.05568015
15417,0,0.16067243
15418,0,0.054737855
15419,1,0.6209986
15420,0,0.054208476
15421,1,0.62449235
15422,0,0.05479715
15423,0,0.05422126
15424,0,0.055143584
15425,0,0.054183394
15426,0,0.5765403
15427,0,0.24100226
15428,0,0.05712093
15429,0,0.05421847
15430,0,0.055099703
15431,1,0.61837214
15432,0,0.054213863
15433,0,0.055987976
15434,1,0.088773005
15435,0,0.058099613
15436,0,0.05527191
15437,1,0.6395074
15438,0,0.6369962
15439,1,0.6334044
15440,0,0.05633968
15441,0,0.058929488
15442,0,0.057290174
15443,0,0.058918323
15444,0,0.058185834
15445,0,0.346286
15446,0,0.05548344
15447,0,0.05446251
15448,0,0.054464635
15449,0,0.056334354
15450,0,0.6202222
15451,0,0.069861054
15452,0,0.054242108
15453,1,0.20254032
15454,0,0.05476235
15455,0,0.05568475
15456,1,0.61459184
15457,0,0.058282837
15458,0,0.22837962
15459,0,0.05412762
15460,0,0.05411002
15461,0,0.061562255
15462,0,0.056902718
15463,0,0.054807376
15464,0,0.055157397
15465,0,0.054746367
15466,0,0.32776904
15467,1,0.3611906
15468,1,0.6362551
15469,0,0.23167948
15470,0,0.05638028
15471,1,0.22909163
15472,0,0.63998896
15473,1,0.35121292
15474,0,0.23322776
15475,0,0.054428503
15476,0,0.24066429
15477,0,0.28081757
15478,0,0.054721795
15479,0,0.63852733
15480,1,0.054142255
15481,0,0.0542811
15482,0,0.63299894
15483,0,0.05501826
15484,0,0.055019245
15485,0,0.056078598
15486,1,0.055355202
15487,1,0.64056563
15488,1,0.27866438
15489,0,0.5958918
15490,1,0.24231617
15491,0,0.054166835
15492,0,0.059477326
15493,1,0.5061264
15494,0,0.2293062
15495,0,0.055557992
15496,0,0.054053184
15497,0,0.054532897
15498,0,0.060329825
15499,0,0.05435961
15500,0,0.61844903
15501,0,0.35974318
15502,0,0.054494392
15503,0,0.058369145
15504,0,0.058059175
15505,1,0.0657192
15506,0,0.6410062
15507,0,0.054240458
15508,1,0.056114722
15509,0,0.054668788
15510,0,0.6100105
15511,0,0.05604785
15512,0,0.056604777
15513,0,0.067759536
15514,0,0.056953896
15515,0,0.37226978
15516,0,0.05492318
15517,0,0.054684874
15518,0,0.62520397
15519,0,0.054173544
15520,0,0.054375272
15521,0,0.17417088
15522,0,0.05429564
15523,0,0.51503617
15524,0,0.054154072
15525,0,0.17590904
15526,0,0.0549759
15527,0,0.06363585
15528,0,0.0559424
15529,1,0.6343355
15530,0,0.62553245
15531,0,0.054345854
15532,0,0.054760978
15533,0,0.053967718
15534,1,0.60984313
15535,0,0.23447816
15536,0,0.054239713
15537,0,0.054172285
15538,1,0.641365
15539,0,0.058483567
15540,0,0.2680308
15541,0,0.17947859
15542,0,0.21524416
15543,1,0.05790975
15544,0,0.055439614
15545,1,0.05607688
15546,0,0.054651577
15547,0,0.055812772
15548,0,0.05816294
15549,0,0.059838165
15550,0,0.35544798
15551,0,0.30273202
15552,0,0.05429028
15553,0,0.054017894
15554,0,0.10332489
15555,0,0.18944292
15556,0,0.054479692
15557,0,0.054485638
15558,0,0.05439932
15559,0,0.59855676
15560,1,0.41961926
15561,0,0.05542405
15562,1,0.32352728
15563,0,0.054761104
15564,0,0.054849453
15565,0,0.35928965
15566,0,0.28687394
15567,0,0.05502336
15568,1,0.056032628
15569,0,0.054258168
15570,0,0.055740308
15571,0,0.05445154
15572,1,0.52293295
15573,0,0.05481244
15574,1,0.5191066
15575,0,0.054436266
15576,1,0.6411582
15577,0,0.054689318
15578,0,0.054604433
15579,0,0.08359402
15580,1,0.58603173
15581,0,0.6199482
15582,0,0.05423048
15583,1,0.35511017
15584,0,0.19278464
15585,1,0.35636505
15586,1,0.640018
15587,0,0.56833583
15588,0,0.05422116
15589,0,0.05894788
15590,0,0.05542808
15591,0,0.06994732
15592,0,0.055094536
15593,0,0.054091454
15594,0,0.054492354
15595,1,0.5321841
15596,1,0.27097738
15597,1,0.42430294
15598,0,0.054477163
15599,0,0.44619212
15600,1,0.6382547
15601,0,0.36877012
15602,0,0.054353528
15603,0,0.060355097
15604,0,0.35447943
15605,1,0.63587093
15606,0,0.05675964
15607,0,0.6309666
15608,1,0.60968983
15609,0,0.05786585
15610,0,0.054588825
15611,1,0.058872
15612,0,0.09602083
15613,1,0.41821048
15614,0,0.053923804
15615,0,0.054167166
15616,1,0.62932765
15617,0,0.054265503
15618,1,0.6394623
15619,0,0.054756116
15620,0,0.0540113
15621,1,0.058229722
15622,0,0.056158222
15623,0,0.63931865
15624,0,0.05416481
15625,0,0.054316875
15626,1,0.64041764
15627,0,0.34835157
15628,0,0.054238353
15629,0,0.056984898
15630,0,0.054455526
15631,0,0.06015454
15632,0,0.33468416
15633,0,0.055187304
15634,0,0.36095572
15635,1,0.6103383
15636,1,0.31595296
15637,0,0.054153275
15638,0,0.054036655
15639,0,0.6373711
15640,0,0.05428357
15641,0,0.053940736
15642,0,0.05448033
15643,0,0.6398922
15644,0,0.0543302
15645,0,0.2615309
15646,1,0.5751273
15647,0,0.054417115
15648,0,0.17006709
15649,0,0.054037508
15650,1,0.2813305
15651,0,0.11611276
15652,0,0.32592538
15653,0,0.054310337
15654,0,0.054307386
15655,0,0.062851615
15656,1,0.2294281
15657,0,0.08476342
15658,0,0.054865763
15659,0,0.5557404
15660,0,0.05418161
15661,0,0.05760349
15662,0,0.055484526
15663,1,0.32601526
15664,0,0.61935586
15665,0,0.054337796
15666,1,0.2978022
15667,1,0.6397064
15668,0,0.23626511
15669,0,0.05431804
15670,1,0.6402971
15671,0,0.056288037
15672,0,0.15217961
15673,1,0.6295796
15674,0,0.0555037
15675,1,0.0559609
15676,0,0.054270897
15677,1,0.43904832
15678,0,0.26306581
15679,0,0.15352613
15680,0,0.32514948
15681,0,0.054687202
15682,0,0.21791776
15683,0,0.054250095
15684,1,0.56821823
15685,0,0.054197334
15686,0,0.054632034
15687,0,0.60700923
15688,0,0.05539097
15689,0,0.3421573
15690,1,0.0547518
15691,1,0.32513496
15692,0,0.05749572
15693,0,0.23549172
15694,0,0.62754273
15695,0,0.61491895
15696,0,0.05794518
15697,0,0.054293465
15698,0,0.46853796
15699,1,0.42090952
15700,0,0.056851476
15701,1,0.6389691
15702,0,0.056372132
15703,0,0.055985384
15704,0,0.05427366
15705,0,0.054731194
15706,0,0.18358259
15707,0,0.41518968
15708,0,0.054244492
15709,0,0.055989232
15710,1,0.44713774
15711,0,0.07976288
15712,0,0.05455657
15713,0,0.054206066
15714,1,0.06565561
15715,0,0.6240417
15716,1,0.6242144
15717,0,0.055842824
15718,0,0.05410972
15719,0,0.054632403
15720,0,0.054310776
15721,1,0.35845158
15722,0,0.054664195
15723,0,0.0580143
15724,0,0.056573845
15725,0,0.05453459
15726,0,0.056554027
15727,0,0.10650649
15728,0,0.055828206
15729,0,0.055264067
15730,0,0.058047444
15731,0,0.05465661
15732,0,0.054208722
15733,0,0.05416448
15734,1,0.47266036
15735,1,0.05715988
15736,0,0.0543607
15737,0,0.054464158
15738,0,0.054122288
15739,0,0.054587107
15740,0,0.16395698
15741,1,0.102542415
15742,1,0.6405938
15743,1,0.6403686
15744,0,0.6408131
15745,0,0.054632306
15746,0,0.62001055
15747,0,0.43695062
15748,1,0.6377227
15749,1,0.6081627
15750,0,0.06932484
15751,0,0.054163445
15752,0,0.60381347
15753,0,0.05423926
15754,0,0.05797725
15755,0,0.104027145
15756,0,0.054744788
15757,0,0.05483198
15758,0,0.057310227
15759,0,0.06315384
15760,1,0.6000932
15761,0,0.056027055
15762,1,0.60995924
15763,0,0.05773248
15764,0,0.054470688
15765,0,0.054893237
15766,0,0.054197844
15767,0,0.05799816
15768,0,0.05477614
15769,0,0.05531784
15770,0,0.05412343
15771,0,0.054810043
15772,0,0.077970386
15773,0,0.05491849
15774,0,0.072435394
15775,0,0.09021442
15776,1,0.42922544
15777,0,0.05559724
15778,0,0.0805712
15779,1,0.26387528
15780,1,0.34123555
15781,0,0.060263377
15782,1,0.30806702
15783,0,0.061021764
15784,0,0.3522511
15785,0,0.054878425
15786,0,0.26741973
15787,0,0.054347012
15788,1,0.05924422
15789,0,0.056592874
15790,0,0.057060853
15791,0,0.055841807
15792,0,0.058899246
15793,1,0.06289127
15794,0,0.2332738
15795,0,0.061363325
15796,0,0.2515675
15797,0,0.054194365
15798,0,0.05419842
15799,0,0.058677647
15800,0,0.05439403
15801,1,0.15770203
15802,0,0.055447895
15803,0,0.3139577
15804,0,0.05785605
15805,0,0.05503138
15806,0,0.07746896
15807,1,0.6212471
15808,1,0.6289604
15809,0,0.0543937
15810,0,0.05614526
15811,0,0.054848123
15812,1,0.33358312
15813,1,0.05486083
15814,0,0.05485649
15815,0,0.054966636
15816,0,0.054450583
15817,1,0.058604233
15818,0,0.054396924
15819,0,0.055485655
15820,0,0.054350987
15821,0,0.056081664
15822,1,0.28216347
15823,0,0.05449351
15824,1,0.059895035
15825,0,0.6394071
15826,1,0.3139354
15827,0,0.06640226
15828,0,0.054224268
15829,0,0.06594337
15830,0,0.05433652
15831,1,0.63592637
15832,1,0.054501276
15833,0,0.24294703
15834,0,0.0546227
15835,1,0.6181597
15836,0,0.05434604
15837,0,0.055239264
15838,0,0.6050238
15839,0,0.24215266
15840,1,0.474037
15841,0,0.6190815
15842,0,0.05510179
15843,1,0.5818112
15844,0,0.05957639
15845,0,0.05857643
15846,0,0.05425044
15847,0,0.05845681
15848,0,0.055401254
15849,0,0.058166083
15850,1,0.31976217
15851,0,0.06631795
15852,0,0.054021116
15853,0,0.056383707
15854,0,0.054639384
15855,0,0.054291453
15856,1,0.2808062
15857,0,0.05518504
15858,1,0.29389563
15859,0,0.05562465
15860,0,0.054182857
15861,0,0.054860372
15862,0,0.054549243
15863,1,0.2886969
15864,0,0.05728481
15865,0,0.054678537
15866,0,0.054430194
15867,0,0.6396861
15868,0,0.05453958
15869,0,0.0565857
15870,0,0.054129574
15871,0,0.05419991
15872,0,0.054493036
15873,0,0.638311
15874,0,0.05501662
15875,0,0.60649437
15876,0,0.19437887
15877,0,0.053961206
15878,1,0.63896275
15879,0,0.26335263
15880,0,0.16094789
15881,0,0.05416136
15882,0,0.059086528
15883,0,0.055872396
15884,0,0.05467581
15885,0,0.05442174
15886,0,0.055265065
15887,0,0.054266345
15888,0,0.22899473
15889,1,0.07214569
15890,0,0.23169611
15891,0,0.58722216
15892,0,0.2201403
15893,1,0.20053084
15894,1,0.5893819
15895,1,0.25930423
15896,0,0.057679404
15897,0,0.054233894
15898,0,0.055654816
15899,0,0.056413632
15900,0,0.054027416
15901,0,0.05422228
15902,0,0.056671288
15903,0,0.055989437
15904,1,0.62960386
15905,0,0.05417247
15906,0,0.05412002
15907,1,0.6369304
15908,0,0.05440725
15909,0,0.05422714
15910,1,0.62345636
15911,0,0.054165263
15912,1,0.20842393
15913,0,0.054805346
15914,0,0.05701447
15915,1,0.36365226
15916,1,0.1767885
15917,0,0.05415251
15918,0,0.0556635
15919,0,0.2622636
15920,0,0.39323807
15921,0,0.32943663
15922,0,0.27087343
15923,0,0.05439121
15924,0,0.055172134
15925,0,0.5857158
15926,1,0.58079284
15927,1,0.07591681
15928,0,0.057468183
15929,0,0.21797256
15930,0,0.054177113
15931,0,0.059391018
15932,1,0.34740844
15933,0,0.058466014
15934,1,0.59901065
15935,0,0.0542525
15936,0,0.054232582
15937,0,0.0555476
15938,0,0.05585424
15939,0,0.054372672
15940,0,0.05409977
15941,1,0.0567774
15942,1,0.2612117
15943,0,0.05292572
15944,0,0.054316815
15945,0,0.054857146
15946,1,0.31886503
15947,0,0.6359134
15948,0,0.054066904
15949,0,0.054732673
15950,1,0.6333262
15951,0,0.05489566
15952,0,0.21423797
15953,0,0.4757051
15954,0,0.05878266
15955,0,0.055304963
15956,0,0.054204676
15957,0,0.054390453
15958,0,0.20630202
15959,0,0.055545337
15960,0,0.05433809
15961,0,0.054055475
15962,1,0.6357056
15963,0,0.0544642
15964,0,0.054401983
15965,0,0.054358777
15966,0,0.23812726
15967,1,0.32475826
15968,0,0.057864197
15969,1,0.26161826
15970,0,0.43347517
15971,1,0.63651353
15972,0,0.054374464
15973,0,0.05619698
15974,0,0.053915802
15975,0,0.054828152
15976,0,0.054235667
15977,0,0.054794576
15978,0,0.055361737
15979,1,0.60990006
15980,0,0.056569166
15981,1,0.23104736
15982,1,0.62738407
15983,0,0.6283477
15984,0,0.05427886
15985,0,0.05993167
15986,0,0.058447372
15987,0,0.07250475
15988,1,0.31036648
15989,0,0.056079406
15990,0,0.054723475
15991,1,0.47666624
15992,0,0.055107847
15993,0,0.05458782
15994,0,0.054350283
15995,0,0.05459609
15996,0,0.2074762
15997,1,0.6396832
15998,0,0.05491572
15999,1,0.57614136
16000,0,0.05440366
16001,0,0.05428538
16002,0,0.054238994
16003,0,0.05896163
16004,0,0.054105017
16005,0,0.055496577
16006,1,0.63646966
16007,0,0.05416424
16008,0,0.05785553
16009,0,0.054411273
16010,1,0.529229
16011,0,0.05902299
16012,1,0.32203153
16013,0,0.63251334
16014,0,0.0543241
16015,1,0.6353817
16016,0,0.055070944
16017,0,0.05413659
16018,0,0.05446398
16019,0,0.054150324
16020,0,0.061826166
16021,0,0.055828832
16022,1,0.6312977
16023,0,0.32464167
16024,0,0.05402843
16025,1,0.6375738
16026,0,0.057632267
16027,0,0.061335593
16028,0,0.055997062
16029,0,0.3374055
16030,0,0.0540579
16031,0,0.05692035
16032,0,0.054669764
16033,1,0.48986048
16034,0,0.055784974
16035,0,0.054626454
16036,0,0.05428432
16037,0,0.054006916
16038,0,0.055772662
16039,0,0.0542084
16040,0,0.0543439
16041,1,0.62478304
16042,0,0.19346142
16043,0,0.055007607
16044,1,0.21574207
16045,0,0.3540348
16046,0,0.05465361
16047,0,0.05741982
16048,0,0.054668937
16049,1,0.055009175
16050,1,0.5974361
16051,0,0.054185472
16052,0,0.05447452
16053,1,0.20662685
16054,0,0.15090935
16055,0,0.26974705
16056,0,0.15391304
16057,0,0.054168988
16058,1,0.62505424
16059,1,0.3545935
16060,0,0.054411083
16061,0,0.21938683
16062,0,0.3275391
16063,0,0.05440767
16064,0,0.054913666
16065,0,0.05447181
16066,0,0.05789772
16067,1,0.31777492
16068,0,0.05448974
16069,0,0.058628302
16070,0,0.14580914
16071,0,0.054358285
16072,0,0.054911256
16073,0,0.05436137
16074,0,0.054081198
16075,0,0.054425854
16076,0,0.59733516
16077,1,0.625512
16078,0,0.08296496
16079,0,0.054014247
16080,0,0.056158327
16081,0,0.054986514
16082,0,0.05502528
16083,0,0.05425625
16084,0,0.054133967
16085,0,0.05423938
16086,0,0.05470683
16087,0,0.054336
16088,1,0.055010542
16089,0,0.0779845
16090,1,0.34365916
16091,0,0.63160235
16092,0,0.52331537
16093,0,0.055015266
16094,1,0.181001
16095,0,0.059329845
16096,0,0.2606973
16097,0,0.062358312
16098,1,0.3920576
16099,0,0.05416492
16100,1,0.4609097
16101,0,0.061021734
16102,1,0.5910166
16103,0,0.05533399
16104,0,0.055663034
16105,0,0.60932785
16106,1,0.64182276
16107,0,0.054139584
16108,0,0.05436429
16109,0,0.054604933
16110,0,0.054985523
16111,0,0.05451888
16112,0,0.059656717
16113,0,0.05529847
16114,0,0.05438484
16115,1,0.62469
16116,0,0.05455645
16117,0,0.054176405
16118,1,0.63693583
16119,0,0.054314867
16120,0,0.36423907
16121,0,0.055702854
16122,0,0.054224562
16123,0,0.05634037
16124,0,0.055406664
16125,0,0.3066166
16126,0,0.24814267
16127,0,0.0581621
16128,0,0.054038715
16129,0,0.35947365
16130,0,0.05642857
16131,0,0.20980097
16132,1,0.62867206
16133,1,0.34207305
16134,0,0.17136459
16135,0,0.054172814
16136,0,0.1560821
16137,1,0.05512837
16138,1,0.45650092
16139,0,0.26633263
16140,0,0.26682585
16141,0,0.059059214
16142,0,0.05444746
16143,1,0.05450793
16144,0,0.054415397
16145,0,0.05566657
16146,0,0.05429141
16147,0,0.05409527
16148,0,0.056075353
16149,0,0.055015214
16150,0,0.056968037
16151,0,0.05528121
16152,0,0.05418299
16153,1,0.2135237
16154,0,0.054471634
16155,0,0.05422405
16156,0,0.06291345
16157,0,0.05422835
16158,0,0.054607116
16159,1,0.59835047
16160,1,0.63910913
16161,1,0.64106387
16162,1,0.63962424
16163,0,0.05516345
16164,0,0.63669974
16165,0,0.055330217
16166,0,0.054586023
16167,0,0.06383037
16168,0,0.05612137
16169,1,0.6381836
16170,0,0.05971609
16171,1,0.10194571
16172,0,0.32350639
16173,1,0.62002224
16174,0,0.06084422
16175,0,0.054107226
16176,0,0.055084158
16177,0,0.061676297
16178,1,0.060431406
16179,1,0.48704693
16180,0,0.36772567
16181,1,0.58003896
16182,0,0.056460246
16183,0,0.058627203
16184,0,0.15931149
16185,0,0.054221224
16186,0,0.2718173
16187,0,0.055096056
16188,0,0.22024024
16189,0,0.426986
16190,0,0.054348234
16191,0,0.05504841
16192,1,0.23195831
16193,0,0.6279482
16194,1,0.30079597
16195,0,0.056832496
16196,0,0.062366948
16197,1,0.61217767
16198,0,0.05797375
16199,0,0.22540027
16200,0,0.054235026
16201,0,0.054847106
16202,0,0.054195255
16203,0,0.641126
16204,0,0.057311192
16205,1,0.63827574
16206,1,0.05505106
16207,0,0.6404199
16208,0,0.055679623
16209,1,0.33472544
16210,0,0.053973716
16211,0,0.05542249
16212,0,0.32636508
16213,0,0.054647796
16214,0,0.056422684
16215,0,0.35305822
16216,1,0.62074775
16217,0,0.05438714
16218,1,0.075789355
16219,0,0.054691475
16220,1,0.21278138
16221,0,0.056067213
16222,1,0.47552958
16223,1,0.62362266
16224,0,0.054632183
16225,1,0.32624745
16226,0,0.0546378
16227,0,0.056023695
16228,0,0.056405563
16229,1,0.62589985
16230,1,0.054979578
16231,0,0.054818407
16232,0,0.054808527
16233,0,0.05409668
16234,0,0.054060046
16235,0,0.055987433
16236,0,0.6189695
16237,0,0.054955184
16238,0,0.05565657
16239,0,0.05394187
16240,0,0.05400064
16241,0,0.054414686
16242,0,0.054873664
16243,1,0.40863955
16244,0,0.054607127
16245,0,0.054193705
16246,0,0.054304764
16247,0,0.05456463
16248,0,0.18130645
16249,0,0.054717183
16250,0,0.055362087
16251,1,0.45011154
16252,0,0.054527182
16253,1,0.3424387
16254,0,0.05425757
16255,0,0.0540909
16256,0,0.3188718
16257,0,0.05442845
16258,0,0.055416826
16259,0,0.054135714
16260,0,0.071951
16261,1,0.5924777
16262,0,0.46033877
16263,0,0.054234557
16264,0,0.055472065
16265,0,0.054223485
16266,0,0.63536364
16267,0,0.077388264
16268,1,0.62818784
16269,0,0.054136522
16270,0,0.05448448
16271,1,0.61267155
16272,1,0.64050674
16273,1,0.6212009
16274,0,0.056970444
16275,0,0.05428592
16276,0,0.05544308
16277,0,0.054826844
16278,1,0.20410469
16279,0,0.06513891
16280,0,0.054309715
16281,0,0.054203387
16282,0,0.57113117
16283,0,0.23988056
16284,1,0.10715309
16285,0,0.056865934
16286,1,0.18190753
16287,0,0.054100364
16288,0,0.054039024
16289,0,0.054544255
16290,0,0.054726876
16291,0,0.055562362
16292,0,0.054302964
16293,0,0.055388723
16294,0,0.055667084
16295,0,0.054121476
16296,0,0.054709885
16297,0,0.10195659
16298,0,0.05407917
16299,0,0.30674618
16300,0,0.05495296
16301,0,0.05408151
16302,0,0.06549833
16303,1,0.3347519
16304,1,0.592646
16305,0,0.054756083
16306,1,0.24121179
16307,0,0.054007478
16308,0,0.05469182
16309,0,0.054182246
16310,0,0.05584056
16311,0,0.05557082
16312,1,0.63964474
16313,1,0.6406289
16314,1,0.6379669
16315,0,0.054198395
16316,0,0.054430917
16317,0,0.05510509
16318,1,0.064125486
16319,0,0.054776058
16320,0,0.36682153
16321,0,0.05529938
16322,0,0.056604978
16323,1,0.40142173
16324,0,0.23519118
16325,0,0.22801378
16326,0,0.19464989
16327,0,0.05441427
16328,0,0.2167103
16329,0,0.05649889
16330,0,0.21189201
16331,0,0.14100245
16332,0,0.054494508
16333,0,0.05417304
16334,1,0.34280452
16335,0,0.0543984
16336,0,0.24001333
16337,0,0.05509492
16338,0,0.19342646
16339,0,0.05527395
16340,0,0.21507588
16341,0,0.054899283
16342,0,0.056203164
16343,0,0.05431751
16344,0,0.36084864
16345,0,0.055882707
16346,0,0.054750144
16347,0,0.054347426
16348,0,0.05414963
16349,1,0.6393636
16350,1,0.63087183
16351,0,0.054522865
16352,0,0.05507839
16353,0,0.054149777
16354,0,0.35596743
16355,0,0.05425974
16356,0,0.054682467
16357,0,0.3246054
16358,1,0.27677804
16359,0,0.05413325
16360,0,0.1913408
16361,0,0.056790743
16362,0,0.054372966
16363,0,0.05430751
16364,0,0.27026162
16365,1,0.6396141
16366,0,0.05417764
16367,0,0.056228854
16368,0,0.05613241
16369,0,0.05425242
16370,0,0.055022236
16371,0,0.055924147
16372,0,0.35001704
16373,1,0.6314106
16374,0,0.23069441
16375,1,0.6386054
16376,0,0.23587868
16377,0,0.054304432
16378,0,0.05563131
16379,0,0.054229405
16380,0,0.24305163
16381,0,0.055673625
16382,0,0.057112418
16383,0,0.44462028
16384,0,0.054758854
16385,1,0.60376817
16386,0,0.27275452
16387,0,0.054136906
16388,0,0.05475846
16389,0,0.057193063
16390,0,0.05404475
16391,1,0.6068016
16392,0,0.6404913
16393,0,0.05428245
16394,0,0.23136882
16395,0,0.05401188
16396,0,0.05398894
16397,0,0.05467007
16398,1,0.60502374
16399,0,0.05443903
16400,1,0.63900197
16401,0,0.054758716
16402,0,0.054358896
16403,1,0.6394449
16404,0,0.054256983
16405,0,0.054201465
16406,1,0.059141822
16407,0,0.060973745
16408,1,0.63132113
16409,0,0.05657927
16410,0,0.054630235
16411,0,0.05460383
16412,1,0.23104215
16413,0,0.054332335
16414,0,0.0543462
16415,0,0.054967664
16416,0,0.054135285
16417,1,0.05639408
16418,0,0.054648537
16419,0,0.05598583
16420,0,0.054444578
16421,0,0.06755575
16422,0,0.05472979
16423,0,0.6359907
16424,0,0.05563781
16425,0,0.05416078
16426,0,0.06190813
16427,0,0.05449352
16428,0,0.055747427
16429,0,0.056402314
16430,1,0.054794285
16431,0,0.054461617
16432,0,0.056669306
16433,0,0.057280317
16434,1,0.22120447
16435,0,0.054201648
16436,0,0.054187447
16437,1,0.38798857
16438,0,0.054387778
16439,0,0.054381892
16440,0,0.054441914
16441,0,0.07314285
16442,0,0.28288832
16443,1,0.49808717
16444,0,0.054513205
16445,0,0.054967646
16446,0,0.05560866
16447,0,0.34528643
16448,0,0.05459213
16449,0,0.17249611
16450,0,0.054189183
16451,0,0.054178882
16452,0,0.05544054
16453,1,0.43505144
16454,1,0.058448713
16455,0,0.05769607
16456,0,0.34226072
16457,1,0.057661474
16458,0,0.19664916
16459,0,0.22842549
16460,0,0.05456137
16461,0,0.05482888
16462,1,0.426807
16463,0,0.23823032
16464,1,0.2667503
16465,0,0.05435014
16466,0,0.056005567
16467,1,0.3345525
16468,0,0.05502232
16469,0,0.05857868
16470,0,0.05424837
16471,0,0.054361787
16472,0,0.4220805
16473,0,0.551857
16474,0,0.054201037
16475,0,0.054503832
16476,0,0.055919617
16477,0,0.05444522
16478,0,0.05476394
16479,0,0.054388918
16480,0,0.6382102
16481,0,0.054221727
16482,0,0.054345936
16483,1,0.64054775
16484,0,0.054504443
16485,0,0.054582704
16486,1,0.32301196
16487,1,0.34397107
16488,0,0.62228554
16489,0,0.061918475
16490,0,0.22215174
16491,0,0.054302495
16492,1,0.6154982
16493,0,0.05414576
16494,0,0.055160556
16495,0,0.05413736
16496,0,0.054233894
16497,0,0.18744208
16498,0,0.054086775
16499,0,0.054969028
16500,0,0.054454226
16501,0,0.60967064
16502,1,0.6333262
16503,1,0.6322263
16504,0,0.05415879
16505,0,0.05431729
16506,0,0.05735998
16507,0,0.58367
16508,0,0.055851713
16509,1,0.6346693
16510,0,0.058921874
16511,1,0.3373089
16512,1,0.059362486
16513,0,0.08363821
16514,0,0.058778442
16515,1,0.5933636
16516,0,0.07588984
16517,0,0.23184076
16518,0,0.05468842
16519,0,0.056871265
16520,1,0.6245508
16521,0,0.41468516
16522,0,0.46364805
16523,0,0.054770313
16524,0,0.054723594
16525,0,0.054339744
16526,0,0.0542022
16527,0,0.055120047
16528,0,0.054968372
16529,0,0.07163902
16530,1,0.5993023
16531,0,0.39066187
16532,0,0.057893455
16533,0,0.05715014
16534,1,0.20721635
16535,0,0.46404755
16536,0,0.056083
16537,1,0.63959867
16538,0,0.5103012
16539,0,0.05587413
16540,1,0.6387537
16541,0,0.05672034
16542,0,0.054983318
16543,0,0.05432271
16544,0,0.6387359
16545,0,0.054823615
16546,0,0.05476071
16547,1,0.45004702
16548,0,0.23252012
16549,0,0.36110345
16550,0,0.055810135
16551,0,0.053987294
16552,0,0.070417024
16553,0,0.054122925
16554,0,0.055026498
16555,0,0.05425438
16556,1,0.11356209
16557,0,0.055518787
16558,0,0.6404135
16559,0,0.06179635
16560,0,0.055419818
16561,0,0.054228123
16562,0,0.054320134
16563,0,0.054881033
16564,1,0.36363208
16565,1,0.054484077
16566,0,0.054424893
16567,1,0.62221855
16568,0,0.05508385
16569,0,0.054114338
16570,0,0.05498969
16571,1,0.27513823
16572,0,0.057114482
16573,0,0.05761764
16574,0,0.05612337
16575,1,0.6069918
16576,0,0.058404915
16577,1,0.63091815
16578,1,0.20435481
16579,1,0.57201296
16580,1,0.25908777
16581,0,0.6292243
16582,0,0.056357134
16583,0,0.5854364
16584,0,0.05689058
16585,0,0.054361105
16586,0,0.054467905
16587,0,0.23540121
16588,0,0.058159668
16589,0,0.053919595
16590,1,0.05595865
16591,0,0.5964707
16592,1,0.6355521
16593,0,0.055198234
16594,0,0.054467496
16595,0,0.084108874
16596,0,0.5856425
16597,1,0.6008213
16598,1,0.5012352
16599,1,0.058752567
16600,0,0.054545287
16601,1,0.058242805
16602,1,0.53983355
16603,0,0.054099053
16604,0,0.35597393
16605,0,0.05514427
16606,1,0.64034396
16607,0,0.32242107
16608,0,0.054305084
16609,0,0.20738468
16610,1,0.18699041
16611,0,0.6321514
16612,1,0.055431478
16613,0,0.05425959
16614,0,0.05445236
16615,0,0.05425032
16616,0,0.061183035
16617,0,0.054541696
16618,1,0.62098837
16619,0,0.055321727
16620,0,0.054411303
16621,0,0.3412997
16622,0,0.15605801
16623,0,0.059730373
16624,0,0.21066464
16625,0,0.054252155
16626,0,0.23726225
16627,1,0.362663
16628,1,0.054342426
16629,0,0.054612618
16630,0,0.07229113
16631,0,0.05637918
16632,0,0.056592148
16633,0,0.05458014
16634,0,0.39477047
16635,1,0.5398601
16636,0,0.05720188
16637,1,0.6119433
16638,0,0.05488457
16639,0,0.054692365
16640,0,0.054011922
16641,0,0.054572437
16642,1,0.6417078
16643,0,0.054649968
16644,0,0.05407817
16645,0,0.05430704
16646,0,0.05533357
16647,0,0.062056087
16648,0,0.1675319
16649,0,0.055142406
16650,0,0.054139253
16651,1,0.2150394
16652,0,0.05424163
16653,0,0.054294445
16654,1,0.054957602
16655,0,0.054362424
16656,0,0.054077532
16657,0,0.054752994
16658,0,0.07112436
16659,0,0.05449996
16660,0,0.056535974
16661,0,0.09741464
16662,1,0.117331594
16663,0,0.06100736
16664,0,0.062568754
16665,0,0.054504998
16666,0,0.054956272
16667,0,0.057981882
16668,0,0.05427821
16669,0,0.055056844
16670,1,0.6178769
16671,0,0.054120455
16672,1,0.4640222
16673,1,0.44742507
16674,0,0.05487149
16675,0,0.055059012
16676,0,0.05446758
16677,0,0.05703186
16678,1,0.6401092
16679,1,0.4079479
16680,0,0.054575074
16681,0,0.611082
16682,0,0.07998213
16683,0,0.31106463
16684,0,0.0660323
16685,0,0.056663044
16686,0,0.64052546
16687,0,0.61341035
16688,0,0.05582511
16689,0,0.054438468
16690,0,0.05553683
16691,0,0.054683104
16692,0,0.60369503
16693,0,0.054088924
16694,0,0.054312024
16695,1,0.31921923
16696,0,0.05431599
16697,0,0.055753913
16698,0,0.055872753
16699,1,0.05569262
16700,1,0.05461696
16701,0,0.054196566
16702,0,0.053989
16703,0,0.0543987
16704,0,0.055390574
16705,0,0.05436679
16706,0,0.0541848
16707,0,0.054375462
16708,0,0.0542552
16709,0,0.054451022
16710,0,0.22948742
16711,0,0.0544008
16712,0,0.054746047
16713,0,0.6395324
16714,0,0.054986443
16715,0,0.053986665
16716,0,0.30269125
16717,0,0.06058648
16718,0,0.24242139
16719,1,0.3439568
16720,1,0.059719607
16721,0,0.054613616
16722,0,0.059321657
16723,0,0.05478346
16724,0,0.060503457
16725,0,0.535853
16726,0,0.6162512
16727,0,0.59601986
16728,0,0.0608958
16729,0,0.05428546
16730,1,0.62492096
16731,0,0.055093393
16732,0,0.054181132
16733,0,0.058462355
16734,1,0.31128797
16735,0,0.054603055
16736,0,0.05527953
16737,0,0.066115506
16738,0,0.05473756
16739,0,0.20138468
16740,0,0.623176
16741,0,0.054268766
16742,1,0.05718343
16743,0,0.6342334
16744,0,0.05419084
16745,0,0.5596471
16746,1,0.062267013
16747,0,0.05405471
16748,0,0.05414099
16749,0,0.054810215
16750,0,0.055337153
16751,1,0.51642513
16752,0,0.19824415
16753,0,0.054185677
16754,0,0.057187006
16755,0,0.05483985
16756,0,0.05495974
16757,0,0.5771032
16758,1,0.62830377
16759,0,0.26495618
16760,1,0.5779407
16761,0,0.05414597
16762,0,0.34569588
16763,0,0.057681013
16764,0,0.2310579
16765,1,0.6357718
16766,1,0.33451626
16767,0,0.06227024
16768,0,0.05758168
16769,0,0.05687967
16770,0,0.054292545
16771,0,0.05456553
16772,0,0.05435451
16773,1,0.22959779
16774,0,0.056309946
16775,1,0.22541174
16776,0,0.05701124
16777,0,0.615709
16778,0,0.05474999
16779,0,0.055369694
16780,1,0.6393057
16781,0,0.054242
16782,0,0.05458271
16783,0,0.18278104
16784,0,0.054892536
16785,0,0.054206304
16786,1,0.054472398
16787,1,0.0543255
16788,0,0.054204922
16789,1,0.47521654
16790,0,0.05507534
16791,0,0.055364467
16792,0,0.60347617
16793,0,0.13667884
16794,0,0.054329917
16795,0,0.17051467
16796,0,0.05426201
16797,0,0.05422133
16798,0,0.054197855
16799,0,0.054102298
16800,0,0.05520338
16801,0,0.0542719
16802,0,0.054211874
16803,0,0.19852369
16804,1,0.31499454
16805,0,0.054737363
16806,1,0.61528695
16807,0,0.06254649
16808,0,0.29187945
16809,0,0.19328757
16810,0,0.05475103
16811,0,0.46794632
16812,0,0.639011
16813,0,0.054075483
16814,0,0.6156449
16815,0,0.055201784
16816,0,0.056295913
16817,0,0.05847937
16818,1,0.62778586
16819,1,0.6388495
16820,1,0.63764143
16821,0,0.057543598
16822,0,0.05465898
16823,0,0.05403567
16824,1,0.22795077
16825,0,0.054318875
16826,0,0.05502759
16827,0,0.05928176
16828,0,0.055054422
16829,0,0.22872138
16830,0,0.27846193
16831,1,0.056777336
16832,0,0.6393028
16833,0,0.058782104
16834,1,0.070662126
16835,1,0.06942403
16836,0,0.057404306
16837,1,0.05856804
16838,0,0.0562062
16839,0,0.07401243
16840,0,0.054500584
16841,0,0.5566323
16842,1,0.39364788
16843,0,0.054553512
16844,0,0.059961293
16845,0,0.05453422
16846,0,0.056382716
16847,0,0.05420561
16848,0,0.05635207
16849,0,0.21781889
16850,0,0.05513875
16851,0,0.054412037
16852,0,0.62159675
16853,0,0.054868236
16854,0,0.3313126
16855,1,0.63754606
16856,0,0.054214906
16857,0,0.05493636
16858,1,0.6329998
16859,0,0.32008645
16860,1,0.63343185
16861,1,0.6373705
16862,0,0.25666913
16863,0,0.054268546
16864,0,0.16964266
16865,1,0.62936866
16866,0,0.055320486
16867,0,0.054664
16868,0,0.054197066
16869,0,0.05471874
16870,0,0.054866698
16871,0,0.0543962
16872,0,0.07046857
16873,0,0.593885
16874,0,0.054069836
16875,0,0.05467833
16876,1,0.58569145
16877,0,0.57945204
16878,0,0.054526053
16879,0,0.05426571
16880,1,0.05468339
16881,0,0.05539857
16882,0,0.055150278
16883,0,0.05438639
16884,0,0.054259066
16885,0,0.06384187
16886,0,0.05431385
16887,0,0.055340998
16888,0,0.27308357
16889,0,0.054924216
16890,0,0.26676297
16891,0,0.054289304
16892,0,0.27451506
16893,0,0.055180177
16894,0,0.060159847
16895,0,0.56954443
16896,0,0.054180633
16897,0,0.056016624
16898,0,0.055909455
16899,0,0.2268914
16900,0,0.05484088
16901,0,0.056648005
16902,1,0.12588194
16903,0,0.36626062
16904,1,0.48501894
16905,0,0.054696374
16906,1,0.63406175
16907,1,0.6010914
16908,1,0.64012164
16909,1,0.33352053
16910,0,0.63638693
16911,0,0.20111209
16912,0,0.054450765
16913,0,0.054874778
16914,0,0.053935096
16915,0,0.31225103
16916,0,0.062840536
16917,1,0.054480147
16918,1,0.42709622
16919,0,0.05421706
16920,0,0.059031904
16921,0,0.05459007
16922,0,0.054218292
16923,1,0.6400711
16924,0,0.053916473
16925,0,0.25746584
16926,0,0.054311637
16927,0,0.05446109
16928,0,0.054222934
16929,0,0.05475772
16930,0,0.053978518
16931,1,0.05567583
16932,0,0.057614863
16933,1,0.07339189
16934,1,0.6227371
16935,0,0.054271974
16936,1,0.06693625
16937,1,0.23553275
16938,0,0.05448288
16939,0,0.054914333
16940,0,0.057548147
16941,0,0.3102514
16942,0,0.057943862
16943,0,0.054959044
16944,0,0.5809834
16945,0,0.054291446
16946,0,0.05436483
16947,1,0.62960786
16948,0,0.20275287
16949,0,0.28042766
16950,0,0.32393026
16951,0,0.055798832
16952,1,0.21588834
16953,0,0.24140835
16954,1,0.6020197
16955,1,0.64133537
16956,0,0.05629011
16957,0,0.063810445
16958,0,0.05518857
16959,0,0.05423114
16960,0,0.054382134
16961,0,0.05432896
16962,0,0.054040942
16963,0,0.05426957
16964,0,0.054882124
16965,1,0.21060911
16966,0,0.05443964
16967,0,0.5559276
16968,0,0.0546933
16969,0,0.11503323
16970,0,0.05481938
16971,0,0.054538526
16972,1,0.63890624
16973,0,0.054528076
16974,0,0.05423445
16975,0,0.3112987
16976,1,0.055923086
16977,1,0.5882441
16978,0,0.055714715
16979,0,0.62921923
16980,0,0.05430135
16981,0,0.054380335
16982,1,0.4169353
16983,0,0.054082498
16984,1,0.6377203
16985,0,0.12150652
16986,0,0.21298343
16987,1,0.21727021
16988,0,0.054949984
16989,1,0.59500813
16990,0,0.054906264
16991,1,0.21044813
16992,0,0.075049825
16993,0,0.05405182
16994,0,0.054287955
16995,0,0.05423286
16996,0,0.17438631
16997,1,0.05720115
16998,0,0.054024775
16999,0,0.6073583
17000,0,0.3402433
17001,0,0.054135956
17002,0,0.055512533
17003,0,0.0546901
17004,0,0.05402397
17005,1,0.64091957
17006,0,0.07240019
17007,0,0.0561008
17008,0,0.24508688
17009,0,0.05455092
17010,0,0.05410287
17011,0,0.3473251
17012,1,0.63721657
17013,0,0.23285188
17014,0,0.05690999
17015,1,0.46655348
17016,0,0.054218665
17017,0,0.08509565
17018,0,0.05483469
17019,0,0.05401972
17020,0,0.054222643
17021,0,0.054978143
17022,1,0.6324562
17023,0,0.05622635
17024,0,0.054821305
17025,1,0.2827685
17026,1,0.35601896
17027,1,0.05848894
17028,0,0.45137706
17029,0,0.05430522
17030,1,0.23482597
17031,0,0.054892004
17032,0,0.054211996
17033,0,0.05485508
17034,0,0.056024168
17035,0,0.05405399
17036,1,0.3378791
17037,0,0.38428527
17038,0,0.054931805
17039,0,0.055488225
17040,0,0.054295275
17041,0,0.054371815
17042,0,0.056250583
17043,0,0.63464785
17044,0,0.060778867
17045,0,0.05430828
17046,0,0.6173629
17047,1,0.41361335
17048,1,0.3420435
17049,1,0.058802206
17050,0,0.6264797
17051,0,0.05400704
17052,0,0.053999826
17053,0,0.05582549
17054,0,0.064661145
17055,0,0.054521415
17056,0,0.05414951
17057,0,0.054269794
17058,0,0.14416948
17059,0,0.23277527
17060,0,0.054185856
17061,0,0.05435059
17062,0,0.054365724
17063,0,0.055544283
17064,0,0.05409112
17065,0,0.05424398
17066,0,0.05505896
17067,0,0.058036443
17068,0,0.054622453
17069,0,0.6341358
17070,0,0.05486977
17071,0,0.055657484
17072,1,0.05721713
17073,1,0.33118862
17074,0,0.2581108
17075,1,0.5167796
17076,0,0.054674063
17077,1,0.19006479
17078,0,0.056654427
17079,0,0.05498099
17080,0,0.05463068
17081,1,0.074706435
17082,0,0.054377686
17083,0,0.055344842
17084,0,0.5878076
17085,0,0.054212812
17086,0,0.5931876
17087,0,0.17647564
17088,1,0.42439523
17089,0,0.055343464
17090,0,0.114720024
17091,1,0.24163081
17092,0,0.3444749
17093,0,0.0549608
17094,0,0.05494872
17095,0,0.060136247
17096,0,0.08024006
17097,0,0.05426987
17098,0,0.054377258
17099,0,0.05483806
17100,1,0.26431596
17101,0,0.054475505
17102,0,0.20439346
17103,0,0.05458917
17104,0,0.054986786
17105,0,0.05408784
17106,0,0.05854783
17107,0,0.05425643
17108,0,0.63814163
17109,0,0.054539017
17110,0,0.055875063
17111,1,0.627307
17112,0,0.054381624
17113,0,0.054993976
17114,0,0.18105437
17115,0,0.054135073
17116,0,0.056274578
17117,0,0.054192994
17118,0,0.05416133
17119,0,0.054780677
17120,0,0.054377083
17121,0,0.054985065
17122,0,0.05508446
17123,0,0.055300027
17124,0,0.05706244
17125,0,0.33579624
17126,1,0.59511495
17127,0,0.055310365
17128,0,0.05499819
17129,0,0.054141026
17130,0,0.054164436
17131,0,0.055421144
17132,0,0.054221503
17133,0,0.05411172
17134,0,0.23117097
17135,0,0.63979477
17136,0,0.05528852
17137,0,0.07723802
17138,0,0.05436962
17139,1,0.096173875
17140,1,0.38695475
17141,0,0.21795496
17142,0,0.24928525
17143,0,0.054489233
17144,0,0.054430977
17145,0,0.057468336
17146,0,0.06513682
17147,0,0.054253962
17148,1,0.05625791
17149,0,0.05478569
17150,1,0.6083164
17151,0,0.05551161
17152,0,0.05463596
17153,0,0.05644763
17154,1,0.6397751
17155,0,0.05428591
17156,0,0.054034695
17157,0,0.05521391
17158,0,0.05419835
17159,1,0.38712877
17160,0,0.054789606
17161,0,0.05436659
17162,0,0.05557919
17163,0,0.05518565
17164,0,0.055093143
17165,1,0.6292663
17166,0,0.053963196
17167,0,0.058358625
17168,0,0.054242462
17169,0,0.24226047
17170,0,0.05439131
17171,0,0.053990446
17172,0,0.054748166
17173,0,0.055946503
17174,1,0.055043966
17175,0,0.35164133
17176,0,0.05592493
17177,0,0.06440845
17178,0,0.054104716
17179,0,0.054016586
17180,1,0.6382344
17181,0,0.056157958
17182,1,0.61828285
17183,0,0.20011035
17184,0,0.054070707
17185,0,0.055237647
17186,0,0.056500368
17187,0,0.054489467
17188,0,0.055133216
17189,0,0.0543121
17190,0,0.054981127
17191,0,0.6262664
17192,0,0.05572108
17193,1,0.3462443
17194,0,0.054283652
17195,0,0.054315127
17196,0,0.054897036
17197,0,0.5973969
17198,0,0.0541798
17199,0,0.44160703
17200,0,0.18189922
17201,0,0.055648256
17202,0,0.0559388
17203,0,0.05671793
17204,0,0.63772315
17205,0,0.059738103
17206,1,0.35635924
17207,0,0.055129472
17208,0,0.05623785
17209,0,0.1694356
17210,0,0.05466507
17211,0,0.056031
17212,0,0.054517467
17213,1,0.63415086
17214,0,0.055353858
17215,1,0.2127531
17216,0,0.058214825
17217,0,0.054087207
17218,1,0.057694364
17219,0,0.054162133
17220,0,0.05721196
17221,1,0.059658803
17222,0,0.054054745
17223,0,0.054872647
17224,0,0.05437661
17225,0,0.20623174
17226,0,0.05896884
17227,0,0.05424365
17228,0,0.055155303
17229,0,0.054355428
17230,0,0.059641767
17231,0,0.05415089
17232,1,0.090603
17233,0,0.054086413
17234,0,0.63792723
17235,0,0.3819006
17236,0,0.054194905
17237,0,0.054114632
17238,0,0.05440172
17239,0,0.055241242
17240,0,0.05429753
17241,0,0.23223513
17242,0,0.05428635
17243,0,0.054682836
17244,0,0.6392919
17245,1,0.6386326
17246,1,0.638925
17247,0,0.054457676
17248,0,0.054454327
17249,0,0.05540554
17250,0,0.05529492
17251,0,0.054800954
17252,0,0.055159092
17253,0,0.05411645
17254,1,0.38249508
17255,1,0.39780137
17256,0,0.62028706
17257,0,0.054716207
17258,0,0.060763314
17259,0,0.058038082
17260,0,0.054154146
17261,0,0.32396334
17262,0,0.054235924
17263,0,0.054238085
17264,0,0.057013743
17265,0,0.05529578
17266,0,0.061316203
17267,0,0.24838226
17268,0,0.639561
17269,1,0.23228046
17270,0,0.060365804
17271,0,0.05419153
17272,0,0.17822121
17273,0,0.055888034
17274,1,0.64122754
17275,0,0.056712866
17276,0,0.056048214
17277,0,0.054292947
17278,1,0.07577834
17279,0,0.054554794
17280,0,0.17511952
17281,0,0.05429586
17282,0,0.61564356
17283,0,0.05460895
17284,0,0.0545951
17285,0,0.6027579
17286,0,0.055882975
17287,0,0.05518165
17288,0,0.054087367
17289,1,0.2963299
17290,0,0.054607533
17291,1,0.2931484
17292,0,0.59412766
17293,1,0.6331455
17294,0,0.22817732
17295,0,0.057752017
17296,0,0.054960184
17297,0,0.055371076
17298,0,0.36587998
17299,1,0.63581604
17300,0,0.059449904
17301,0,0.054975115
17302,0,0.05903337
17303,0,0.05422402
17304,0,0.20186955
17305,0,0.054188535
17306,0,0.054875713
17307,0,0.18614724
17308,0,0.057160325
17309,0,0.054161552
17310,0,0.054776322
17311,0,0.06274852
17312,0,0.05528894
17313,0,0.05509729
17314,0,0.08571623
17315,0,0.054743063
17316,0,0.05435745
17317,0,0.05543404
17318,0,0.054109912
17319,0,0.05857943
17320,0,0.05413046
17321,0,0.055734046
17322,0,0.05451281
17323,0,0.08450524
17324,0,0.054562885
17325,0,0.05496013
17326,0,0.054260172
17327,0,0.058140486
17328,1,0.4050481
17329,0,0.054268423
17330,0,0.054271407
17331,0,0.05489402
17332,0,0.12523875
17333,0,0.21305327
17334,1,0.070125796
17335,0,0.055125665
17336,0,0.054841857
17337,0,0.23271725
17338,0,0.05431134
17339,0,0.054438774
17340,0,0.6307268
17341,0,0.054951835
17342,0,0.21809053
17343,1,0.3324532
17344,0,0.05715556
17345,0,0.054428097
17346,0,0.060218565
17347,0,0.1964328
17348,0,0.05427721
17349,1,0.56767726
17350,0,0.05491832
17351,0,0.056406945
17352,0,0.33124182
17353,0,0.0543968
17354,0,0.05461641
17355,0,0.05690829
17356,0,0.05423246
17357,0,0.05786944
17358,0,0.23894273
17359,0,0.07229647
17360,1,0.59502697
17361,0,0.055398356
17362,1,0.6348573
17363,0,0.056643236
17364,0,0.059902877
17365,0,0.05429283
17366,0,0.5777968
17367,0,0.6377637
17368,0,0.059275795
17369,0,0.06542002
17370,0,0.054099757
17371,0,0.054206025
17372,0,0.055290036
17373,0,0.05425553
17374,0,0.054471094
17375,1,0.63993126
17376,0,0.33448184
17377,1,0.33545414
17378,0,0.24098143
17379,0,0.054549515
17380,0,0.054898433
17381,0,0.06600144
17382,1,0.4377943
17383,0,0.05424502
17384,0,0.05547136
17385,0,0.23173942
17386,0,0.056631215
17387,0,0.23700966
17388,0,0.15005954
17389,0,0.055390958
17390,0,0.055933326
17391,0,0.05483671
17392,0,0.056367695
17393,0,0.05451807
17394,0,0.054488562
17395,0,0.055598214
17396,1,0.46050355
17397,0,0.05416646
17398,0,0.05421565
17399,0,0.054610956
17400,1,0.6393766
17401,0,0.32451877
17402,0,0.5918357
17403,0,0.0742519
17404,0,0.054232996
17405,0,0.23447569
17406,0,0.056158073
17407,0,0.05438584
17408,1,0.6002432
17409,0,0.055551905
17410,0,0.32117903
17411,0,0.054254256
17412,0,0.05505456
17413,0,0.055439267
17414,0,0.055200484
17415,0,0.061835654
17416,0,0.059628215
17417,0,0.0565047
17418,0,0.05476651
17419,0,0.054154392
17420,0,0.0541633
17421,1,0.60401297
17422,0,0.054477137
17423,0,0.6278509
17424,1,0.6396322
17425,0,0.056562062
17426,0,0.062457554
17427,1,0.1788304
17428,0,0.1678066
17429,0,0.05432141
17430,1,0.6031586
17431,0,0.054222405
17432,0,0.055306874
17433,0,0.062279847
17434,1,0.6400905
17435,0,0.05713208
17436,0,0.054440636
17437,0,0.05454612
17438,0,0.054795064
17439,0,0.05471594
17440,0,0.07399795
17441,0,0.05419058
17442,0,0.0542636
17443,0,0.055696342
17444,0,0.055698484
17445,1,0.63859314
17446,0,0.054631542
17447,0,0.24842627
17448,0,0.054204434
17449,0,0.05485722
17450,0,0.06995212
17451,0,0.05402202
17452,0,0.05589045
17453,1,0.3436531
17454,1,0.22856864
17455,0,0.05440204
17456,0,0.25166404
17457,0,0.3192092
17458,0,0.054558866
17459,0,0.05430059
17460,0,0.057612244
17461,0,0.054060537
17462,0,0.054343246
17463,0,0.054332808
17464,1,0.5479631
17465,0,0.054740198
17466,0,0.30561462
17467,0,0.055136245
17468,0,0.64080054
17469,1,0.6396769
17470,1,0.630054
17471,0,0.0568122
17472,0,0.05419813
17473,0,0.056545377
17474,0,0.054820433
17475,0,0.054319084
17476,0,0.054582857
17477,0,0.054320574
17478,0,0.055270344
17479,0,0.05441357
17480,0,0.054500595
17481,1,0.63127106
17482,0,0.61057323
17483,0,0.05465487
17484,0,0.091730535
17485,0,0.054328904
17486,0,0.070552595
17487,0,0.054282475
17488,0,0.05434873
17489,0,0.5818735
17490,0,0.05600345
17491,1,0.23249617
17492,1,0.23005995
17493,0,0.054694247
17494,1,0.29824695
17495,1,0.6356066
17496,0,0.055507973
17497,0,0.054171737
17498,0,0.055498328
17499,1,0.34559643
17500,0,0.06555604
17501,0,0.05567058
17502,1,0.58054674
17503,0,0.2888745
17504,0,0.17675328
17505,1,0.055078454
17506,1,0.2253832
17507,0,0.05427239
17508,0,0.05410159
17509,0,0.62751746
17510,0,0.054539137
17511,0,0.054374438
17512,0,0.056142252
17513,0,0.2666711
17514,1,0.31008515
17515,0,0.054277066
17516,1,0.64097726
17517,0,0.054123845
17518,0,0.05475667
17519,0,0.05497824
17520,0,0.4218535
17521,0,0.05445521
17522,0,0.38270432
17523,0,0.4075017
17524,0,0.055369202
17525,0,0.054225232
17526,0,0.33301333
17527,0,0.05405417
17528,0,0.06356559
17529,0,0.054472283
17530,0,0.05408444
17531,0,0.054713447
17532,0,0.33404502
17533,1,0.05545215
17534,0,0.055173866
17535,0,0.054251567
17536,0,0.058690194
17537,0,0.05417864
17538,1,0.32022554
17539,1,0.05686657
17540,1,0.05469593
17541,0,0.054964688
17542,0,0.055176724
17543,0,0.32163537
17544,0,0.054315817
17545,0,0.054169144
17546,0,0.15120855
17547,0,0.19584686
17548,0,0.05423448
17549,0,0.054559797
17550,1,0.33246806
17551,0,0.05435093
17552,0,0.054423295
17553,0,0.4548445
17554,0,0.054268498
17555,0,0.056061976
17556,0,0.055233676
17557,1,0.5338662
17558,0,0.3003327
17559,0,0.05419315
17560,0,0.06338981
17561,0,0.21512051
17562,0,0.054874156
17563,0,0.05471242
17564,0,0.24649473
17565,1,0.6065327
17566,0,0.055391133
17567,0,0.05420019
17568,0,0.32267365
17569,1,0.0668124
17570,1,0.5920841
17571,0,0.05484839
17572,0,0.05736683
17573,1,0.22342014
17574,1,0.3776364
17575,0,0.0707412
17576,0,0.06305027
17577,0,0.4297535
17578,0,0.054311268
17579,1,0.63310605
17580,0,0.054170243
17581,0,0.26843783
17582,0,0.05430725
17583,0,0.055666994
17584,0,0.05416204
17585,0,0.23716512
17586,0,0.058797624
17587,1,0.58208114
17588,0,0.637459
17589,0,0.054242343
17590,0,0.054169796
17591,0,0.055363838
17592,0,0.054257073
17593,1,0.05668221
17594,0,0.24954343
17595,0,0.27526936
17596,0,0.05586265
17597,0,0.054367576
17598,0,0.056421477
17599,0,0.054414783
17600,0,0.64022374
17601,1,0.05912709
17602,0,0.054095022
17603,0,0.05419611
17604,0,0.05427689
17605,1,0.6097853
17606,0,0.054615937
17607,0,0.054787837
17608,0,0.054417375
17609,0,0.054156628
17610,0,0.05426457
17611,0,0.05800233
17612,0,0.058638662
17613,0,0.05452634
17614,0,0.23869678
17615,0,0.054172873
17616,1,0.32281214
17617,0,0.24009345
17618,1,0.6181002
17619,0,0.265424
17620,0,0.054892756
17621,0,0.05440219
17622,0,0.05455891
17623,0,0.06003342
17624,0,0.054219574
17625,1,0.26355457
17626,0,0.055359293
17627,0,0.055572085
17628,0,0.0553968
17629,0,0.05415894
17630,0,0.054610465
17631,0,0.058783613
17632,0,0.05986346
17633,0,0.055395834
17634,1,0.37029368
17635,0,0.054291666
17636,0,0.05518746
17637,0,0.059953395
17638,0,0.065134615
17639,0,0.0542241
17640,0,0.0542443
17641,0,0.057936702
17642,0,0.066656396
17643,1,0.05928705
17644,1,0.055324033
17645,0,0.054183416
17646,0,0.05503823
17647,0,0.05421823
17648,0,0.05905482
17649,0,0.5509749
17650,0,0.054320794
17651,1,0.2647365
17652,0,0.053966537
17653,0,0.056477606
17654,1,0.5796912
17655,1,0.6252284
17656,0,0.054729216
17657,1,0.61814034
17658,1,0.33157685
17659,0,0.054405853
17660,0,0.056863137
17661,0,0.054813378
17662,1,0.5445242
17663,1,0.26591682
17664,0,0.054293748
17665,0,0.64014244
17666,1,0.27878794
17667,0,0.24140719
17668,0,0.054517813
17669,0,0.34324932
17670,0,0.32561162
17671,0,0.5958095
17672,0,0.058506403
17673,0,0.05407734
17674,0,0.054557156
17675,1,0.63425606
17676,0,0.05574507
17677,1,0.058335148
17678,0,0.34451568
17679,0,0.2202562
17680,0,0.05419395
17681,0,0.17172539
17682,0,0.21130386
17683,0,0.30623186
17684,0,0.054031342
17685,1,0.19996388
17686,0,0.05706697
17687,0,0.17682712
17688,0,0.12126758
17689,0,0.055965323
17690,0,0.07446436
17691,0,0.054305483
17692,0,0.054352697
17693,0,0.24137168
17694,1,0.6405855
17695,1,0.056187093
17696,0,0.05471997
17697,0,0.6398007
17698,0,0.0543531
17699,0,0.054293465
17700,1,0.63927996
17701,0,0.06119525
17702,0,0.054381892
17703,0,0.06324949
17704,0,0.05414234
17705,0,0.05599646
17706,0,0.3294094
17707,0,0.2736692
17708,0,0.054109577
17709,0,0.05513632
17710,0,0.6406061
17711,0,0.05692632
17712,0,0.055376116
17713,0,0.054622516
17714,0,0.15968911
17715,0,0.058811106
17716,0,0.19312482
17717,1,0.25924715
17718,0,0.054937005
17719,1,0.26273075
17720,0,0.054324895
17721,1,0.6373532
17722,1,0.055052117
17723,0,0.43508485
17724,0,0.63346106
17725,0,0.05397108
17726,0,0.05576404
17727,0,0.05424215
17728,0,0.056821298
17729,0,0.32541722
17730,0,0.054254822
17731,0,0.20180443
17732,0,0.59974223
17733,0,0.05508683
17734,0,0.063206874
17735,0,0.05441742
17736,1,0.22222896
17737,1,0.46993738
17738,0,0.054335944
17739,0,0.3567182
17740,1,0.056482602
17741,0,0.055543836
17742,0,0.21229996
17743,0,0.055134904
17744,1,0.17762321
17745,1,0.092773266
17746,1,0.5859477
17747,0,0.07685236
17748,0,0.23880859
17749,1,0.6093904
17750,0,0.054027006
17751,0,0.15584822
17752,0,0.05730094
17753,1,0.6280541
17754,0,0.05642327
17755,0,0.05415569
17756,1,0.61615866
17757,0,0.056355704
17758,0,0.054385718
17759,1,0.6178584
17760,0,0.054059867
17761,1,0.3828746
17762,1,0.6260709
17763,0,0.46000752
17764,0,0.054586206
17765,0,0.32563233
17766,0,0.05436713
17767,0,0.060591016
17768,0,0.054413535
17769,1,0.3255925
17770,0,0.06425736
17771,0,0.05421065
17772,0,0.054287713
17773,0,0.054329
17774,0,0.25040397
17775,0,0.05614513
17776,0,0.055341903
17777,0,0.054328095
17778,1,0.63382804
17779,0,0.16983253
17780,0,0.054575272
17781,1,0.239767
17782,0,0.56855315
17783,0,0.18309937
17784,0,0.054475557
17785,0,0.054086547
17786,0,0.19208817
17787,0,0.05633281
17788,0,0.16785315
17789,0,0.05430546
17790,0,0.054447904
17791,0,0.055514377
17792,0,0.054267358
17793,0,0.054267857
17794,1,0.63598645
17795,0,0.057245407
17796,0,0.055133644
17797,0,0.05412668
17798,0,0.054496497
17799,0,0.054639414
17800,1,0.19957443
17801,0,0.054380033
17802,0,0.054986767
17803,1,0.6401549
17804,0,0.058268946
17805,0,0.05685531
17806,0,0.05422017
17807,0,0.05434233
17808,0,0.05430965
17809,1,0.22858648
17810,1,0.62281466
17811,0,0.054743033
17812,0,0.29196367
17813,0,0.061380357
17814,0,0.05433303
17815,0,0.05486449
17816,0,0.054901812
17817,0,0.054705482
17818,0,0.054180685
17819,1,0.6379452
17820,0,0.054270383
17821,0,0.05465218
17822,0,0.055717286
17823,1,0.6308064
17824,0,0.5565068
17825,1,0.60621727
17826,0,0.6292948
17827,0,0.33811933
17828,1,0.19072373
17829,0,0.054201014
17830,0,0.054288685
17831,0,0.06444668
17832,0,0.054103687
17833,1,0.63741064
17834,0,0.05512695
17835,1,0.057670824
17836,0,0.06961554
17837,0,0.6248613
17838,0,0.054855984
17839,0,0.05439496
17840,0,0.05471341
17841,0,0.20768265
17842,0,0.054375518
17843,0,0.05486185
17844,0,0.054347426
17845,0,0.05491029
17846,0,0.057264064
17847,0,0.055848096
17848,0,0.5961611
17849,0,0.054603424
17850,0,0.05420711
17851,1,0.091305934
17852,0,0.36313057
17853,0,0.64013845
17854,1,0.22442923
17855,0,0.05502813
17856,1,0.31691667
17857,1,0.41508496
17858,0,0.055976003
17859,0,0.05944508
17860,0,0.054122087
17861,0,0.499134
17862,0,0.055028256
17863,0,0.05434064
17864,0,0.056261357
17865,0,0.05423765
17866,0,0.3557333
17867,0,0.055315852
17868,0,0.25993156
17869,0,0.058700036
17870,0,0.054693386
17871,0,0.059218295
17872,0,0.057861645
17873,0,0.05455906
17874,1,0.23223935
17875,1,0.62851703
17876,0,0.054061413
17877,0,0.054354187
17878,0,0.18263318
17879,0,0.23343432
17880,0,0.055532828
17881,1,0.6278357
17882,0,0.054980375
17883,0,0.054946873
17884,1,0.3355164
17885,0,0.0546786
17886,0,0.05646805
17887,0,0.05447875
17888,0,0.22810215
17889,0,0.058668133
17890,0,0.054797087
17891,0,0.05941864
17892,0,0.34296173
17893,0,0.08563777
17894,0,0.37240735
17895,0,0.05617224
17896,1,0.15342978
17897,0,0.054241464
17898,0,0.05423241
17899,0,0.17889436
17900,0,0.05496483
17901,0,0.30009884
17902,1,0.05707365
17903,0,0.054333016
17904,1,0.062531956
17905,0,0.054304723
17906,0,0.5931191
17907,0,0.054913085
17908,1,0.05573869
17909,0,0.0552295
17910,0,0.054484725
17911,0,0.05630645
17912,1,0.3402094
17913,0,0.24963582
17914,0,0.055071343
17915,0,0.059427865
17916,0,0.1868506
17917,0,0.05518398
17918,1,0.63814783
17919,0,0.23332703
17920,0,0.36649948
17921,0,0.05410326
17922,0,0.3187108
17923,1,0.46747825
17924,0,0.054251
17925,0,0.22909504
17926,0,0.054647267
17927,1,0.21036902
17928,0,0.054889753
17929,0,0.055387653
17930,0,0.0542799
17931,0,0.054237522
17932,0,0.05411833
17933,0,0.05418542
17934,0,0.05507767
17935,0,0.5913306
17936,0,0.05488714
17937,0,0.34554562
17938,0,0.05415011
17939,0,0.6357023
17940,0,0.17110825
17941,0,0.055177394
17942,0,0.05499122
17943,1,0.059041314
17944,0,0.056867927
17945,0,0.054376483
17946,0,0.100477666
17947,0,0.05430811
17948,1,0.6378881
17949,1,0.102162406
17950,1,0.61473954
17951,0,0.3435499
17952,0,0.056380656
17953,0,0.055885307
17954,0,0.057646215
17955,0,0.054586258
17956,0,0.06084177
17957,0,0.05747146
17958,0,0.06507847
17959,0,0.058514535
17960,0,0.054713175
17961,1,0.24173722
17962,0,0.289035
17963,0,0.59970456
17964,0,0.06410777
17965,0,0.23651569
17966,1,0.6000002
17967,0,0.067917645
17968,0,0.05425724
17969,1,0.6379207
17970,0,0.055795196
17971,0,0.23235357
17972,0,0.054558467
17973,0,0.0644215
17974,0,0.054159727
17975,0,0.054080535
17976,0,0.05434947
17977,0,0.05805366
17978,0,0.054534342
17979,1,0.6360943
17980,1,0.6165462
17981,0,0.17328002
17982,0,0.054458965
17983,1,0.63154787
17984,0,0.0541446
17985,0,0.62648433
17986,1,0.35184163
17987,0,0.054097597
17988,0,0.39111033
17989,1,0.5867953
17990,1,0.31860113
17991,1,0.05997288
17992,0,0.06540981
17993,0,0.056201242
17994,0,0.054950986
17995,0,0.054730415
17996,0,0.054779556
17997,0,0.62731284
17998,0,0.05432778
17999,1,0.20995189
18000,0,0.15106773
18001,0,0.054112338
18002,0,0.054309882
18003,0,0.054626368
18004,0,0.16944422
18005,0,0.05494742
18006,1,0.41014504
18007,0,0.05975654
18008,0,0.081268944
18009,0,0.054282274
18010,1,0.07762505
18011,0,0.058821615
18012,0,0.0540441
18013,0,0.055039417
18014,0,0.05421039
18015,0,0.35533646
18016,0,0.054233428
18017,0,0.05616339
18018,0,0.58696806
18019,0,0.05470679
18020,0,0.056545805
18021,0,0.054526944
18022,1,0.24187598
18023,1,0.05437053
18024,0,0.05471467
18025,0,0.37697297
18026,0,0.05427771
18027,0,0.23025529
18028,1,0.22993146
18029,0,0.05530344
18030,0,0.05519783
18031,1,0.6246872
18032,0,0.054400925
18033,0,0.054048955
18034,0,0.054744665
18035,0,0.63385826
18036,0,0.20444138
18037,0,0.05588617
18038,0,0.054396432
18039,0,0.05620109
18040,0,0.061174974
18041,0,0.054281667
18042,0,0.054339018
18043,0,0.06426507
18044,0,0.05606502
18045,0,0.23521961
18046,1,0.058758963
18047,1,0.6034093
18048,0,0.16040048
18049,0,0.05421732
18050,0,0.054066144
18051,0,0.22159298
18052,0,0.054147776
18053,0,0.23157638
18054,0,0.054491874
18055,0,0.12208324
18056,0,0.055949554
18057,0,0.055900812
18058,1,0.25786355
18059,0,0.05846471
18060,0,0.053962108
18061,0,0.055583574
18062,1,0.6097541
18063,0,0.069990456
18064,0,0.054317072
18065,0,0.05540572
18066,1,0.056749202
18067,0,0.054427408
18068,0,0.054364756
18069,0,0.05473253
18070,0,0.22993775
18071,0,0.05521395
18072,0,0.05632571
18073,0,0.055702493
18074,0,0.054127853
18075,0,0.054154515
18076,0,0.24260232
18077,0,0.09392239
18078,0,0.39667445
18079,0,0.056736324
18080,0,0.054157764
18081,0,0.05501735
18082,0,0.053981364
18083,0,0.05409251
18084,1,0.057713974
18085,0,0.060542095
18086,1,0.53446555
18087,0,0.05463882
18088,1,0.05468714
18089,1,0.34565064
18090,0,0.05846884
18091,0,0.2628088
18092,0,0.05413903
18093,0,0.054314524
18094,0,0.05902994
18095,0,0.05429672
18096,0,0.05479731
18097,0,0.054191895
18098,0,0.05747141
18099,0,0.056158908
18100,1,0.45758522
18101,1,0.36545858
18102,0,0.054656334
18103,0,0.05427332
18104,0,0.056869604
18105,0,0.058292586
18106,0,0.056310605
18107,0,0.0625598
18108,0,0.054397292
18109,0,0.07034794
18110,0,0.22614753
18111,0,0.2337291
18112,0,0.05475261
18113,1,0.6379092
18114,0,0.054028727
18115,1,0.59817296
18116,0,0.055152692
18117,0,0.05493993
18118,0,0.056490313
18119,0,0.6353774
18120,0,0.055547964
18121,0,0.05398218
18122,0,0.054190625
18123,0,0.05668926
18124,0,0.054114293
18125,1,0.5559453
18126,0,0.055401575
18127,0,0.053951446
18128,0,0.054013874
18129,0,0.05512788
18130,0,0.24139674
18131,0,0.6069758
18132,0,0.63447917
18133,0,0.055870067
18134,0,0.054659422
18135,1,0.63918465
18136,1,0.055209707
18137,1,0.62796205
18138,0,0.06751786
18139,0,0.058658794
18140,0,0.0544046
18141,0,0.055486478
18142,0,0.5787513
18143,0,0.05463919
18144,0,0.0975219
18145,0,0.054619733
18146,1,0.07257411
18147,0,0.054646023
18148,0,0.05426237
18149,0,0.054109912
18150,0,0.05417887
18151,0,0.055029284
18152,0,0.054266833
18153,0,0.099284604
18154,1,0.06301729
18155,1,0.6251812
18156,0,0.054871056
18157,0,0.64087737
18158,0,0.054384746
18159,0,0.20972866
18160,0,0.055178225
18161,0,0.05472419
18162,0,0.23602097
18163,0,0.06323585
18164,0,0.054693412
18165,0,0.054425977
18166,1,0.6193417
18167,0,0.06589738
18168,0,0.054637562
18169,0,0.05577676
18170,0,0.055607166
18171,0,0.058715794
18172,0,0.05463616
18173,1,0.6405937
18174,0,0.6255479
18175,0,0.054373827
18176,0,0.32677245
18177,0,0.611272
18178,0,0.18904707
18179,0,0.054309454
18180,0,0.054281957
18181,0,0.054668345
18182,0,0.1251202
18183,0,0.054354362
18184,0,0.057136748
18185,0,0.16398944
18186,0,0.22084625
18187,0,0.054420356
18188,0,0.05627241
18189,1,0.43374228
18190,0,0.0560019
18191,0,0.16103485
18192,0,0.2013942
18193,0,0.0543467
18194,0,0.054178663
18195,0,0.05443012
18196,0,0.05431492
18197,0,0.05597214
18198,0,0.056380037
18199,0,0.054380763
18200,0,0.05490289
18201,0,0.2565477
18202,0,0.054534543
18203,0,0.061046135
18204,1,0.6402782
18205,0,0.62812495
18206,0,0.054925878
18207,1,0.054888144
18208,0,0.05394849
18209,0,0.055179186
18210,0,0.056905463
18211,0,0.059034687
18212,0,0.05506169
18213,1,0.18431182
18214,0,0.05479467
18215,0,0.054326575
18216,0,0.6199055
18217,1,0.19809105
18218,0,0.054463767
18219,0,0.055094626
18220,1,0.63588303
18221,0,0.05813063
18222,0,0.05427525
18223,1,0.60864675
18224,0,0.054171544
18225,0,0.05494712
18226,0,0.05518754
18227,0,0.056986153
18228,0,0.05816941
18229,1,0.6412526
18230,1,0.630908
18231,0,0.6397244
18232,0,0.05561121
18233,0,0.3417837
18234,0,0.054426953
18235,1,0.637361
18236,0,0.060461942
18237,1,0.6342626
18238,0,0.054395895
18239,1,0.2054546
18240,1,0.5846102
18241,1,0.25348383
18242,1,0.22862011
18243,0,0.055308707
18244,1,0.6134366
18245,0,0.05467553
18246,1,0.23729269
18247,0,0.24486198
18248,0,0.275361
18249,0,0.054159842
18250,0,0.06172893
18251,0,0.054276586
18252,0,0.32583612
18253,0,0.14528477
18254,0,0.058086514
18255,0,0.05800108
18256,1,0.06506726
18257,0,0.054570496
18258,0,0.054316163
18259,0,0.05421616
18260,0,0.05647259
18261,0,0.054444578
18262,0,0.3909118
18263,1,0.39847833
18264,0,0.17837022
18265,1,0.35971716
18266,0,0.05446519
18267,0,0.054706067
18268,0,0.055782642
18269,0,0.21849407
18270,0,0.054244798
18271,0,0.054303795
18272,0,0.054453466
18273,0,0.054108936
18274,0,0.05518329
18275,0,0.058774117
18276,0,0.054444775
18277,0,0.05959805
18278,0,0.054117598
18279,0,0.2917071
18280,1,0.05686473
18281,0,0.22845781
18282,0,0.05446239
18283,0,0.054329075
18284,0,0.05432356
18285,0,0.055295244
18286,0,0.054506432
18287,0,0.05414693
18288,0,0.055535093
18289,0,0.45608103
18290,0,0.05450356
18291,1,0.27797288
18292,1,0.06989319
18293,0,0.05918631
18294,0,0.458985
18295,0,0.054803297
18296,0,0.34705114
18297,0,0.054426182
18298,1,0.15839976
18299,0,0.05436527
18300,0,0.1832067
18301,0,0.054229114
18302,0,0.05508916
18303,0,0.0898672
18304,0,0.0553272
18305,0,0.055429656
18306,0,0.0547517
18307,0,0.06551447
18308,0,0.054203924
18309,0,0.28627607
18310,0,0.05526398
18311,0,0.057581466
18312,0,0.05516246
18313,0,0.055010926
18314,1,0.6396229
18315,0,0.17958345
18316,1,0.055605125
18317,0,0.63806105
18318,0,0.05463376
18319,0,0.057703
18320,0,0.054919936
18321,0,0.054471366
18322,0,0.05460072
18323,0,0.05492502
18324,1,0.6413162
18325,0,0.05592067
18326,1,0.6191154
18327,0,0.05447119
18328,0,0.60615957
18329,0,0.05442907
18330,1,0.460011
18331,0,0.055490863
18332,0,0.055652045
18333,0,0.62020236
18334,0,0.054920856
18335,0,0.05506302
18336,0,0.054041814
18337,0,0.056994926
18338,0,0.054141257
18339,1,0.60602236
18340,0,0.24309513
18341,0,0.055260926
18342,1,0.64103925
18343,0,0.053879563
18344,0,0.054639075
18345,0,0.054248985
18346,0,0.63788325
18347,0,0.054143537
18348,0,0.05483093
18349,0,0.28373623
18350,0,0.6114751
18351,0,0.060650244
18352,0,0.05535215
18353,0,0.3969824
18354,0,0.23168041
18355,0,0.054145135
18356,0,0.054590195
18357,0,0.055132546
18358,1,0.63433796
18359,1,0.6364519
18360,0,0.05436767
18361,0,0.05439871
18362,0,0.05446046
18363,0,0.05457136
18364,0,0.05497979
18365,0,0.054830045
18366,0,0.05693277
18367,0,0.054930225
18368,1,0.40619537
18369,0,0.060041785
18370,0,0.23760402
18371,0,0.6389534
18372,1,0.38173467
18373,1,0.4449377
18374,0,0.05485581
18375,0,0.054548927
18376,0,0.053971138
18377,0,0.3224868
18378,1,0.5424988
18379,0,0.05700482
18380,0,0.62316155
18381,0,0.05411594
18382,0,0.05439634
18383,0,0.054576762
18384,1,0.63397753
18385,0,0.054960925
18386,1,0.49134105
18387,0,0.056716383
18388,0,0.6407619
18389,0,0.0914026
18390,0,0.63997304
18391,0,0.12767522
18392,0,0.056409992
18393,0,0.054823484
18394,0,0.05978835
18395,1,0.3087984
18396,0,0.05404195
18397,0,0.054330166
18398,0,0.055614114
18399,0,0.054657947
18400,1,0.19994439
18401,0,0.6367551
18402,0,0.056457445
18403,0,0.05446977
18404,0,0.055676736
18405,0,0.05452446
18406,0,0.06352162
18407,0,0.08527202
18408,0,0.054384686
18409,0,0.054155104
18410,0,0.059844352
18411,0,0.054277293
18412,0,0.054090198
18413,0,0.056716617
18414,1,0.631467
18415,0,0.066935375
18416,1,0.19784863
18417,1,0.32352638
18418,1,0.2767109
18419,0,0.054792598
18420,0,0.05417179
18421,0,0.34225821
18422,0,0.2693968
18423,0,0.054208644
18424,0,0.057158794
18425,1,0.055692658
18426,0,0.054298043
18427,0,0.059012447
18428,0,0.05405707
18429,0,0.05455074
18430,1,0.33738816
18431,1,0.3189055
18432,0,0.05483548
18433,1,0.060022574
18434,0,0.054368127
18435,0,0.055148516
18436,0,0.054668874
18437,0,0.054025996
18438,0,0.06852941
18439,1,0.42080423
18440,0,0.054302495
18441,0,0.05409521
18442,0,0.055439018
18443,0,0.055078205
18444,0,0.05455697
18445,1,0.62544084
18446,0,0.05469647
18447,1,0.581492
18448,0,0.054108657
18449,0,0.05486335
18450,0,0.05426714
18451,0,0.054676063
18452,1,0.61120296
18453,1,0.0584498
18454,1,0.6274525
18455,1,0.62877625
18456,0,0.23901282
18457,0,0.054184347
18458,0,0.057797406
18459,0,0.05658527
18460,0,0.22229709
18461,0,0.23824294
18462,0,0.054274447
18463,0,0.63903
18464,1,0.55833113
18465,0,0.054316543
18466,0,0.23245034
18467,0,0.05401312
18468,0,0.054335617
18469,0,0.05406695
18470,0,0.1705304
18471,0,0.054662507
18472,0,0.0542086
18473,0,0.18827705
18474,0,0.054980904
18475,0,0.05546759
18476,0,0.28230265
18477,0,0.08715934
18478,0,0.0541337
18479,0,0.32756966
18480,0,0.23066771
18481,0,0.054291938
18482,1,0.4116944
18483,0,0.05597632
18484,0,0.054108188
18485,1,0.3270253
18486,0,0.054233585
18487,0,0.054456953
18488,0,0.05454649
18489,0,0.19665246
18490,0,0.054981355
18491,0,0.05564629
18492,1,0.6355683
18493,0,0.0556663
18494,0,0.35752386
18495,0,0.05607688
18496,0,0.054029822
18497,0,0.05431229
18498,0,0.05584706
18499,1,0.63850737
18500,0,0.056514096
18501,1,0.6138846
18502,0,0.1598992
18503,0,0.061735705
18504,0,0.070517264
18505,1,0.6367082
18506,0,0.05642365
18507,1,0.440209
18508,1,0.62915796
18509,0,0.054400824
18510,0,0.054603122
18511,1,0.58148766
18512,0,0.054328594
18513,0,0.0549054
18514,0,0.054692574
18515,0,0.057850134
18516,0,0.05505581
18517,0,0.054651015
18518,1,0.6377117
18519,0,0.1764614
18520,1,0.6348721
18521,0,0.05693217
18522,1,0.4841299
18523,1,0.42487508
18524,0,0.06378848
18525,0,0.2301176
18526,0,0.05721294
18527,0,0.05511862
18528,0,0.05551255
18529,0,0.059900794
18530,0,0.45479202
18531,0,0.05403735
18532,0,0.055192795
18533,0,0.06323416
18534,1,0.4016278
18535,0,0.059617788
18536,0,0.05521285
18537,0,0.06377281
18538,0,0.05461765
18539,1,0.25723317
18540,1,0.30551705
18541,0,0.18726389
18542,1,0.065416984
18543,0,0.25387704
18544,1,0.25416735
18545,0,0.2762136
18546,0,0.054096352
18547,0,0.60764587
18548,0,0.058371875
18549,0,0.37572736
18550,0,0.054542337
18551,0,0.27554363
18552,0,0.054216098
18553,1,0.52938205
18554,1,0.30621564
18555,0,0.057277195
18556,1,0.61040276
18557,0,0.05675651
18558,0,0.055283763
18559,0,0.057960004
18560,0,0.05568925
18561,0,0.06725674
18562,1,0.6290073
18563,0,0.054220684
18564,0,0.054139163
18565,0,0.05424468
18566,0,0.055178784
18567,0,0.106586225
18568,0,0.054640334
18569,0,0.05968624
18570,0,0.054137006
18571,0,0.05399739
18572,0,0.23778662
18573,0,0.05430446
18574,0,0.054252572
18575,0,0.1411439
18576,0,0.05521825
18577,0,0.6203473
18578,0,0.24163504
18579,0,0.16864674
18580,0,0.054454308
18581,0,0.054003287
18582,0,0.054666042
18583,0,0.054980893
18584,0,0.05440718
18585,0,0.06639901
18586,1,0.05500831
18587,0,0.054837212
18588,0,0.054177113
18589,1,0.054394007
18590,1,0.05499437
18591,0,0.33642748
18592,0,0.088513754
18593,1,0.32440448
18594,0,0.054268714
18595,0,0.054066926
18596,0,0.054574385
18597,0,0.056242842
18598,0,0.054006197
18599,0,0.054673377
18600,0,0.054325897
18601,0,0.055009738
18602,0,0.057588216
18603,0,0.0618659
18604,0,0.069779664
18605,0,0.103329
18606,0,0.054208156
18607,0,0.63830173
18608,0,0.054148056
18609,0,0.5822129
18610,1,0.61849725
18611,1,0.059262875
18612,0,0.38792557
18613,0,0.05960415
18614,0,0.05446538
18615,1,0.3602081
18616,1,0.41045532
18617,0,0.06034082
18618,0,0.055131692
18619,0,0.44605297
18620,0,0.05414598
18621,0,0.054697897
18622,0,0.05475989
18623,0,0.054211944
18624,0,0.0565063
18625,1,0.18495634
18626,0,0.05799748
18627,1,0.2789606
18628,0,0.054219596
18629,0,0.054176047
18630,0,0.25455442
18631,0,0.056134075
18632,0,0.22928953
18633,0,0.41486776
18634,0,0.054597467
18635,0,0.05588198
18636,1,0.18356133
18637,0,0.056714483
18638,0,0.054479517
18639,1,0.6381563
18640,0,0.055974722
18641,0,0.05442286
18642,1,0.6230813
18643,0,0.05505555
18644,0,0.058816984
18645,0,0.23147817
18646,0,0.054342266
18647,0,0.05447413
18648,1,0.055090092
18649,0,0.054369215
18650,0,0.054335516
18651,0,0.07067452
18652,0,0.054929286
18653,0,0.05421292
18654,0,0.054620866
18655,0,0.054633424
18656,1,0.055138167
18657,1,0.32663476
18658,0,0.27984998
18659,0,0.28456262
18660,0,0.05439522
18661,1,0.6396089
18662,0,0.07489761
18663,0,0.41604763
18664,0,0.054858185
18665,0,0.05464963
18666,0,0.05498098
18667,0,0.2423789
18668,0,0.054931007
18669,0,0.6394203
18670,1,0.6076933
18671,0,0.05659467
18672,0,0.20733346
18673,0,0.17962392
18674,0,0.057069797
18675,0,0.054316532
18676,0,0.063730344
18677,0,0.3283378
18678,0,0.39883158
18679,0,0.05434674
18680,0,0.05566483
18681,0,0.05463538
18682,1,0.06035454
18683,0,0.055309348
18684,0,0.06150906
18685,0,0.3821302
18686,1,0.32713503
18687,0,0.054775063
18688,0,0.054908454
18689,0,0.053979255
18690,0,0.20433326
18691,0,0.054006487
18692,0,0.054056328
18693,0,0.05419682
18694,0,0.2239082
18695,0,0.22029643
18696,0,0.0541599
18697,0,0.6362697
18698,0,0.60704255
18699,0,0.0541279
18700,1,0.061083104
18701,0,0.2675641
18702,1,0.596083
18703,0,0.054019976
18704,1,0.22181419
18705,0,0.054557033
18706,0,0.055427086
18707,0,0.3148751
18708,0,0.24864393
18709,0,0.054575223
18710,1,0.39936182
18711,0,0.18350452
18712,0,0.054677807
18713,0,0.24388084
18714,0,0.055028033
18715,0,0.34533373
18716,1,0.64152914
18717,1,0.63981307
18718,0,0.05454666
18719,0,0.054931547
18720,0,0.24106985
18721,0,0.062046226
18722,0,0.054192595
18723,0,0.054069094
18724,0,0.64029586
18725,0,0.22964878
18726,0,0.05544294
18727,1,0.5609345
18728,0,0.31363183
18729,0,0.0582939
18730,0,0.05424441
18731,0,0.05429152
18732,0,0.056067515
18733,0,0.05445319
18734,0,0.054093953
18735,0,0.056219988
18736,0,0.05523327
18737,1,0.62802386
18738,0,0.05450824
18739,0,0.055172373
18740,0,0.056931976
18741,1,0.05948255
18742,0,0.63373286
18743,0,0.24602081
18744,0,0.18109326
18745,1,0.056694474
18746,0,0.054020364
18747,0,0.054800235
18748,0,0.054253682
18749,0,0.0569124
18750,0,0.0563805
18751,1,0.5023378
18752,0,0.06086676
18753,0,0.05723187
18754,1,0.061332326
18755,0,0.05434769
18756,0,0.23919219
18757,0,0.05431485
18758,0,0.055615094
18759,0,0.05438971
18760,0,0.054103907
18761,1,0.6250183
18762,0,0.05529518
18763,0,0.054368444
18764,0,0.24373251
18765,1,0.48774987
18766,0,0.05442687
18767,0,0.054558642
18768,1,0.6308659
18769,0,0.054573942
18770,1,0.06521774
18771,0,0.05457409
18772,0,0.05449662
18773,0,0.05421916
18774,1,0.054298848
18775,0,0.054382898
18776,1,0.49239588
18777,0,0.18056202
18778,0,0.054333407
18779,0,0.083034895
18780,0,0.058841895
18781,0,0.24271367
18782,0,0.054372575
18783,1,0.056563478
18784,0,0.054806635
18785,0,0.056259584
18786,0,0.059029717
18787,0,0.056262836
18788,0,0.06504962
18789,0,0.6359123
18790,0,0.054127976
18791,0,0.05418481
18792,1,0.26725623
18793,0,0.054936584
18794,0,0.05622291
18795,0,0.054011837
18796,0,0.054445647
18797,0,0.34590274
18798,0,0.25368637
18799,0,0.3452934
18800,0,0.05470146
18801,1,0.6403798
18802,0,0.054903172
18803,0,0.055059113
18804,0,0.14744125
18805,1,0.07227226
18806,1,0.59694237
18807,0,0.055708557
18808,0,0.6395703
18809,1,0.23540626
18810,0,0.33256587
18811,0,0.054419827
18812,1,0.63787323
18813,0,0.054783992
18814,0,0.054376338
18815,0,0.0544688
18816,1,0.0550357
18817,0,0.05425378
18818,0,0.05392569
18819,0,0.054302648
18820,0,0.054122277
18821,0,0.42526343
18822,0,0.054204848
18823,0,0.06599581
18824,1,0.64088964
18825,1,0.4190912
18826,0,0.05434597
18827,0,0.19993187
18828,0,0.054176647
18829,0,0.27974662
18830,0,0.0553754
18831,0,0.05504175
18832,0,0.054758437
18833,0,0.2659567
18834,0,0.46955204
18835,0,0.060749684
18836,0,0.06066329
18837,0,0.054026116
18838,0,0.27450848
18839,0,0.054906294
18840,0,0.05503597
18841,0,0.05429261
18842,0,0.05511857
18843,0,0.054580532
18844,0,0.28389195
18845,0,0.059807885
18846,0,0.159989
18847,0,0.054802094
18848,0,0.05422564
18849,0,0.054693412
18850,0,0.1048988
18851,1,0.6392864
18852,0,0.054158974
18853,1,0.2620225
18854,0,0.63241476
18855,1,0.20194222
18856,0,0.35613883
18857,0,0.05440285
18858,0,0.12774898
18859,1,0.05852749
18860,0,0.6144655
18861,0,0.054763332
18862,1,0.32477522
18863,0,0.056144156
18864,0,0.0544804
18865,0,0.5851121
18866,1,0.05777387
18867,0,0.054520268
18868,1,0.22375049
18869,1,0.56479496
18870,0,0.054477785
18871,1,0.089591205
18872,0,0.06386436
18873,0,0.35110152
18874,1,0.63300425
18875,0,0.056820225
18876,0,0.05745356
18877,0,0.054087486
18878,0,0.24107334
18879,0,0.07897618
18880,0,0.05450458
18881,0,0.05511339
18882,0,0.054619797
18883,1,0.21738762
18884,0,0.056488022
18885,1,0.48049954
18886,0,0.17868508
18887,0,0.6283061
18888,1,0.39428636
18889,1,0.32752115
18890,0,0.05611195
18891,0,0.055849023
18892,0,0.05485204
18893,0,0.05413417
18894,0,0.054203223
18895,0,0.054882705
18896,0,0.05444066
18897,1,0.541683
18898,0,0.056871794
18899,0,0.055300005
18900,0,0.054867618
18901,0,0.058302153
18902,0,0.2175159
18903,1,0.6371573
18904,1,0.6318331
18905,0,0.054404255
18906,0,0.054539558
18907,0,0.29658586
18908,0,0.05986149
18909,0,0.055186916
18910,0,0.055143822
18911,0,0.5766993
18912,1,0.5411958
18913,1,0.61747473
18914,0,0.05413443
18915,0,0.054868806
18916,0,0.05445151
18917,0,0.05581887
18918,0,0.05481662
18919,1,0.63570124
18920,0,0.05411029
18921,0,0.0644157
18922,1,0.2004564
18923,0,0.061850872
18924,0,0.054836012
18925,0,0.054729827
18926,0,0.05682245
18927,0,0.07392327
18928,0,0.056499884
18929,1,0.64127237
18930,0,0.05678887
18931,1,0.5973594
18932,0,0.055312138
18933,1,0.19500054
18934,0,0.17583212
18935,0,0.07743654
18936,0,0.054273587
18937,0,0.054694742
18938,1,0.6363657
18939,0,0.06393488
18940,1,0.3108278
18941,0,0.054270316
18942,1,0.24695742
18943,0,0.058159247
18944,0,0.061981075
18945,0,0.35371086
18946,1,0.054952506
18947,0,0.05428848
18948,0,0.0549054
18949,0,0.27286154
18950,0,0.054235715
18951,0,0.056757033
18952,0,0.63815135
18953,0,0.50971836
18954,0,0.054152332
18955,1,0.1900654
18956,0,0.2254471
18957,0,0.28755158
18958,0,0.05544796
18959,0,0.054197077
18960,0,0.08601785
18961,0,0.06019306
18962,0,0.0547588
18963,0,0.055553418
18964,0,0.054196063
18965,0,0.6389206
18966,0,0.05423141
18967,0,0.05453523
18968,0,0.21627267
18969,0,0.61149514
18970,0,0.05459855
18971,0,0.3293798
18972,0,0.05851543
18973,0,0.2707797
18974,0,0.054624993
18975,0,0.054257628
18976,0,0.055028975
18977,1,0.6202815
18978,0,0.43966392
18979,0,0.05422439
18980,0,0.06474776
18981,1,0.64033765
18982,0,0.05434059
18983,0,0.054441128
18984,0,0.055556428
18985,0,0.24228644
18986,0,0.059144717
18987,0,0.05427606
18988,0,0.05532655
18989,0,0.058462676
18990,0,0.054337822
18991,0,0.24342602
18992,0,0.05427134
18993,0,0.18443942
18994,1,0.25433096
18995,0,0.20918304
18996,0,0.2981027
18997,1,0.5982026
18998,1,0.6276848
18999,1,0.22867456
19000,0,0.20693898
19001,0,0.05481417
19002,0,0.05466265
19003,0,0.06782682
19004,0,0.061751753
19005,0,0.054985177
19006,0,0.054926213
19007,0,0.054690834
19008,0,0.19743283
19009,0,0.054922495
19010,0,0.054402884
19011,0,0.055194624
19012,0,0.10049573
19013,1,0.44062507
19014,0,0.054552417
19015,0,0.056273922
19016,0,0.054299425
19017,1,0.24704632
19018,0,0.27654248
19019,0,0.054985218
19020,0,0.054312464
19021,1,0.055892825
19022,0,0.63813454
19023,0,0.058328513
19024,0,0.0542058
19025,0,0.05599802
19026,0,0.054318678
19027,1,0.21601805
19028,0,0.055185806
19029,0,0.05489419
19030,1,0.056905374
19031,0,0.056023557
19032,0,0.05399873
19033,1,0.05697266
19034,0,0.056568652
19035,0,0.054303307
19036,0,0.097526394
19037,0,0.055490606
19038,0,0.08413154
19039,1,0.63888
19040,0,0.054172326
19041,0,0.07538169
19042,1,0.063714154
19043,0,0.19002724
19044,1,0.5777557
19045,0,0.2284435
19046,0,0.17687118
19047,0,0.054957803
19048,0,0.05555359
19049,0,0.054447167
19050,0,0.05461305
19051,0,0.05406295
19052,0,0.054951675
19053,1,0.10704753
19054,0,0.056335524
19055,0,0.05438222
19056,0,0.14935166
19057,0,0.054849323
19058,0,0.055857442
19059,0,0.056952696
19060,0,0.060117062
19061,0,0.054075927
19062,1,0.33116105
19063,0,0.05643906
19064,1,0.05899948
19065,0,0.057339177
19066,0,0.054861754
19067,0,0.05902683
19068,0,0.05414807
19069,0,0.28025132
19070,0,0.06263366
19071,0,0.5824119
19072,0,0.055121213
19073,0,0.058248404
19074,0,0.054359067
19075,1,0.6421635
19076,1,0.6392254
19077,0,0.054266807
19078,0,0.057453632
19079,0,0.054383952
19080,0,0.06799065
19081,0,0.054635677
19082,1,0.61368185
19083,0,0.05519181
19084,0,0.055421114
19085,0,0.23431496
19086,0,0.087582916
19087,0,0.23199092
19088,0,0.055834252
19089,0,0.056540262
19090,0,0.054210488
19091,0,0.054175388
19092,1,0.07088522
19093,0,0.05435908
19094,0,0.6286981
19095,0,0.26163837
19096,0,0.05429666
19097,0,0.05514408
19098,1,0.40127143
19099,1,0.25164828
19100,0,0.053994495
19101,0,0.62760574
19102,0,0.05431668
19103,0,0.32547668
19104,0,0.054496
19105,0,0.053941518
19106,0,0.05747222
19107,1,0.6370018
19108,0,0.10456716
19109,1,0.638846
19110,0,0.057429943
19111,0,0.055267353
19112,0,0.64017963
19113,1,0.46606714
19114,0,0.05880979
19115,1,0.5726886
19116,0,0.3357373
19117,0,0.64042234
19118,0,0.054222394
19119,0,0.054194782
19120,0,0.055313855
19121,1,0.08816168
19122,0,0.054088365
19123,1,0.4374419
19124,0,0.05661053
19125,0,0.077544205
19126,0,0.43291068
19127,0,0.054297037
19128,0,0.05409345
19129,1,0.2545452
19130,0,0.054301374
19131,0,0.20720111
19132,0,0.054790545
19133,0,0.5795825
19134,0,0.055334363
19135,1,0.30454198
19136,0,0.054359987
19137,1,0.62008554
19138,0,0.054114252
19139,0,0.2432641
19140,0,0.054372136
19141,0,0.054150656
19142,0,0.1963771
19143,0,0.061096285
19144,1,0.6283451
19145,0,0.058369774
19146,0,0.062427457
19147,0,0.2297276
19148,1,0.20455158
19149,0,0.054326158
19150,0,0.055056006
19151,0,0.05710668
19152,0,0.05412734
19153,0,0.063827276
19154,1,0.63752496
19155,1,0.597949
19156,0,0.055151526
19157,0,0.0541827
19158,0,0.054289732
19159,0,0.054286815
19160,0,0.6086237
19161,0,0.05610317
19162,0,0.16417672
19163,0,0.054640666
19164,0,0.05451377
19165,0,0.07501003
19166,0,0.054234516
19167,0,0.20718473
19168,0,0.05473445
19169,0,0.055350184
19170,0,0.054396827
19171,1,0.63748145
19172,0,0.054538134
19173,0,0.239107
19174,0,0.19850655
19175,0,0.054933567
19176,0,0.05616104
19177,0,0.054185957
19178,0,0.054259673
19179,0,0.39360377
19180,1,0.5188944
19181,0,0.05412574
19182,0,0.05469164
19183,1,0.35353372
19184,0,0.054456457
19185,0,0.057350896
19186,1,0.05433237
19187,1,0.06423205
19188,0,0.054189537
19189,0,0.054171614
19190,0,0.055855907
19191,0,0.19777411
19192,0,0.21347575
19193,0,0.057538502
19194,0,0.50818944
19195,0,0.055343136
19196,0,0.054745685
19197,0,0.055426046
19198,0,0.059301253
19199,0,0.055171154
19200,0,0.05417681
19201,0,0.056211587
19202,0,0.056379378
19203,0,0.10192794
19204,0,0.05432398
19205,0,0.05442283
19206,0,0.056061763
19207,0,0.054894116
19208,1,0.056698173
19209,0,0.05449036
19210,1,0.13950622
19211,0,0.054339636
19212,0,0.0543364
19213,0,0.054049
19214,0,0.26554376
19215,0,0.058531374
19216,0,0.054946166
19217,0,0.054215886
19218,0,0.16619302
19219,1,0.4259237
19220,0,0.5887934
19221,0,0.4613596
19222,0,0.055635408
19223,1,0.22639059
19224,0,0.35073486
19225,0,0.059014007
19226,0,0.05468497
19227,0,0.054507673
19228,1,0.05922591
19229,0,0.2120725
19230,1,0.3242643
19231,0,0.5549949
19232,0,0.23893075
19233,0,0.056913704
19234,1,0.60073334
19235,0,0.054583658
19236,0,0.055022825
19237,0,0.05480328
19238,0,0.05581584
19239,0,0.058557354
19240,0,0.13711974
19241,0,0.055341396
19242,0,0.30962268
19243,0,0.057084884
19244,0,0.3433974
19245,0,0.16367757
19246,0,0.05535398
19247,1,0.18602668
19248,1,0.057391725
19249,0,0.15741964
19250,0,0.05624111
19251,0,0.054117125
19252,0,0.06204455
19253,0,0.054417912
19254,0,0.064418785
19255,1,0.3313744
19256,0,0.054160975
19257,1,0.6332108
19258,0,0.061528973
19259,0,0.056127176
19260,0,0.057270385
19261,0,0.63802147
19262,0,0.054173496
19263,1,0.63553315
19264,0,0.24065802
19265,0,0.05438204
19266,0,0.055765994
19267,0,0.05620956
19268,0,0.056478366
19269,0,0.3432115
19270,0,0.055843115
19271,0,0.060528886
19272,0,0.054352526
19273,1,0.33976993
19274,0,0.055101115
19275,0,0.05491171
19276,0,0.054509368
19277,0,0.05457162
19278,0,0.054462552
19279,0,0.05552013
19280,1,0.5919827
19281,0,0.28245062
19282,0,0.056548707
19283,1,0.5973731
19284,1,0.6404764
19285,0,0.33983722
19286,0,0.05438356
19287,0,0.054325253
19288,1,0.6092415
19289,0,0.054970782
19290,0,0.054398447
19291,1,0.36860293
19292,0,0.054653782
19293,0,0.27083385
19294,0,0.3609466
19295,1,0.1580311
19296,0,0.0574006
19297,0,0.56068885
19298,0,0.21623227
19299,0,0.05522055
19300,0,0.0541243
19301,0,0.05674195
19302,1,0.057103932
19303,1,0.3235318
19304,0,0.05569268
19305,1,0.64120734
19306,0,0.054224744
19307,0,0.05406283
19308,0,0.23900667
19309,0,0.6388279
19310,0,0.057070393
19311,0,0.055178355
19312,0,0.05490577
19313,0,0.05692124
19314,0,0.5958424
19315,0,0.054193415
19316,0,0.44660735
19317,1,0.34426627
19318,0,0.0545402
19319,0,0.39870685
19320,0,0.18030475
19321,0,0.054382604
19322,0,0.054371838
19323,0,0.05440885
19324,0,0.25412917
19325,0,0.054206222
19326,0,0.054365832
19327,1,0.063244656
19328,0,0.14498833
19329,0,0.054298375
19330,1,0.054443277
19331,1,0.21002448
19332,0,0.24656782
19333,0,0.05408917
19334,0,0.055150058
19335,0,0.05791438
19336,0,0.054793764
19337,0,0.6389422
19338,0,0.05421505
19339,0,0.056288842
19340,0,0.23188975
19341,0,0.054403562
19342,1,0.63724315
19343,0,0.056533445
19344,0,0.06062037
19345,0,0.054082535
19346,0,0.05533219
19347,1,0.6321834
19348,0,0.36741897
19349,0,0.054962832
19350,0,0.054405596
19351,1,0.6290548
19352,0,0.05435767
19353,1,0.20004304
19354,0,0.054565925
19355,0,0.47581133
19356,1,0.3403632
19357,0,0.057680506
19358,0,0.0542086
19359,0,0.085693784
19360,0,0.07158255
19361,0,0.06765293
19362,0,0.2054637
19363,0,0.055842157
19364,0,0.23662554
19365,0,0.061399285
19366,1,0.39199576
19367,0,0.34531406
19368,0,0.35387635
19369,0,0.0552798
19370,0,0.05498399
19371,0,0.054915942
19372,0,0.31978476
19373,1,0.057327874
19374,0,0.057056554
19375,1,0.6112336
19376,0,0.054946527
19377,1,0.639157
19378,0,0.054261662
19379,0,0.31641808
19380,0,0.065685324
19381,0,0.05418051
19382,0,0.0540344
19383,1,0.58897704
19384,0,0.4511484
19385,0,0.3347522
19386,1,0.05426539
19387,1,0.63905334
19388,0,0.1669715
19389,0,0.6322798
19390,0,0.05476874
19391,1,0.33828354
19392,0,0.17351018
19393,0,0.054727875
19394,0,0.054153122
19395,0,0.054320782
19396,0,0.054240115
19397,0,0.14853826
19398,1,0.61534065
19399,0,0.05583088
19400,0,0.6324875
19401,0,0.6163447
19402,1,0.5240588
19403,0,0.054279123
19404,1,0.32294536
19405,1,0.5227105
19406,0,0.05432681
19407,1,0.6356997
19408,0,0.054563783
19409,0,0.05422735
19410,1,0.07853141
19411,0,0.05419803
19412,0,0.054278705
19413,1,0.63408345
19414,0,0.05420691
19415,0,0.17257528
19416,0,0.05705145
19417,0,0.05449352
19418,0,0.055606186
19419,0,0.0543365
19420,0,0.05458829
19421,0,0.23013847
19422,0,0.054660585
19423,1,0.4874273
19424,0,0.068763755
19425,0,0.61804533
19426,0,0.065534994
19427,1,0.31070927
19428,1,0.42340472
19429,1,0.6142478
19430,1,0.27784133
19431,0,0.055510852
19432,0,0.054837592
19433,1,0.624634
19434,0,0.054245573
19435,0,0.056564532
19436,0,0.059587073
19437,1,0.3193481
19438,0,0.05406339
19439,0,0.05519997
19440,0,0.055167206
19441,0,0.056194417
19442,0,0.0584435
19443,0,0.05431013
19444,1,0.6366406
19445,1,0.059037838
19446,1,0.055655073
19447,0,0.056794934
19448,0,0.054563608
19449,0,0.056253318
19450,0,0.055381715
19451,0,0.054741543
19452,0,0.056480795
19453,0,0.054962166
19454,0,0.51204103
19455,0,0.054276757
19456,0,0.05407917
19457,0,0.06697431
19458,0,0.054252263
19459,0,0.05419562
19460,0,0.054164324
19461,0,0.05447392
19462,0,0.054348093
19463,0,0.080638885
19464,1,0.058758512
19465,0,0.057157323
19466,0,0.05489189
19467,1,0.3944193
19468,1,0.63464546
19469,0,0.05588333
19470,0,0.27076286
19471,0,0.59559417
19472,1,0.054826707
19473,1,0.22160403
19474,0,0.0565817
19475,0,0.055879753
19476,0,0.055569258
19477,0,0.05585644
19478,1,0.6133769
19479,1,0.6081915
19480,0,0.055417
19481,0,0.05432082
19482,0,0.054081097
19483,0,0.5986633
19484,0,0.057011962
19485,0,0.05444341
19486,1,0.22530204
19487,0,0.13316575
19488,0,0.059468906
19489,0,0.054380972
19490,0,0.054233503
19491,0,0.054465923
19492,0,0.055839118
19493,0,0.05424727
19494,0,0.05398994
19495,1,0.56965566
19496,0,0.054387964
19497,1,0.6358775
19498,0,0.6297291
19499,0,0.054268923
19500,0,0.054217715
19501,0,0.057644606
19502,1,0.19883136
19503,0,0.07073941
19504,0,0.057686277
19505,0,0.054076195
19506,1,0.055219743
19507,0,0.055353332
19508,0,0.060198534
19509,1,0.05538351
19510,0,0.62286836
19511,0,0.054997705
19512,0,0.054567445
19513,0,0.073294766
19514,0,0.055258833
19515,0,0.5574704
19516,0,0.05446928
19517,0,0.05462641
19518,0,0.054670196
19519,0,0.0691641
19520,0,0.054758266
19521,0,0.05447797
19522,0,0.0559941
19523,0,0.42652804
19524,0,0.054487158
19525,1,0.5519358
19526,0,0.18720359
19527,0,0.1240686
19528,0,0.05492844
19529,0,0.30229235
19530,0,0.05503028
19531,0,0.6238519
19532,0,0.22098872
19533,0,0.054273613
19534,0,0.054134324
19535,0,0.055397257
19536,0,0.63485134
19537,0,0.61696625
19538,0,0.054087874
19539,1,0.15732989
19540,0,0.05695811
19541,1,0.05487584
19542,0,0.08892454
19543,0,0.055933986
19544,0,0.22098322
19545,0,0.07169397
19546,0,0.0805922
19547,0,0.64109284
19548,1,0.19868724
19549,0,0.07941687
19550,0,0.054113973
19551,0,0.055431433
19552,0,0.054880764
19553,0,0.054353714
19554,0,0.055482656
19555,0,0.05405565
19556,0,0.054488435
19557,1,0.24390112
19558,0,0.056458686
19559,0,0.16522586
19560,0,0.113365866
19561,0,0.054971114
19562,0,0.055282142
19563,0,0.054090023
19564,0,0.054894537
19565,0,0.055956673
19566,0,0.63253605
19567,1,0.5870916
19568,0,0.055068642
19569,1,0.36151
19570,1,0.6262494
19571,0,0.05502224
19572,0,0.054341495
19573,0,0.05761014
19574,0,0.054120626
19575,1,0.43744966
19576,0,0.05741277
19577,0,0.21612757
19578,1,0.6395082
19579,0,0.056739554
19580,0,0.056747746
19581,1,0.6390495
19582,0,0.05429572
19583,0,0.056686483
19584,0,0.05407974
19585,0,0.058713328
19586,0,0.07190324
19587,0,0.054275755
19588,0,0.05425033
19589,0,0.05423926
19590,0,0.054418266
19591,0,0.05430037
19592,0,0.2142968
19593,0,0.24134134
19594,0,0.054412026
19595,0,0.054448005
19596,1,0.35611162
19597,0,0.05563785
19598,0,0.054113325
19599,1,0.55097055
19600,1,0.0566273
19601,0,0.054987606
19602,0,0.2401538
19603,1,0.3812082
19604,0,0.0547755
19605,0,0.05785764
19606,0,0.0540956
19607,0,0.055423252
19608,1,0.63932025
19609,1,0.63020706
19610,1,0.2043999
19611,0,0.05409528
19612,0,0.059716698
19613,0,0.054461177
19614,1,0.056330554
19615,0,0.05427601
19616,1,0.5225006
19617,0,0.05546132
19618,0,0.22984847
19619,0,0.054764725
19620,0,0.43038228
19621,0,0.055149384
19622,1,0.60762066
19623,0,0.059346918
19624,0,0.19364266
19625,0,0.05607375
19626,0,0.054347206
19627,0,0.057459064
19628,1,0.45855775
19629,0,0.53873926
19630,0,0.055508364
19631,0,0.0546933
19632,0,0.054694083
19633,1,0.0837948
19634,0,0.055873692
19635,0,0.05435135
19636,0,0.6345106
19637,0,0.054301936
19638,0,0.054846086
19639,0,0.05425609
19640,0,0.05437098
19641,0,0.054256517
19642,0,0.054410666
19643,0,0.055377305
19644,0,0.33199507
19645,0,0.054296672
19646,0,0.054275423
19647,0,0.05413773
19648,0,0.054317806
19649,0,0.054759964
19650,0,0.054356262
19651,0,0.056282744
19652,0,0.055197023
19653,0,0.05511148
19654,0,0.05419593
19655,0,0.05937972
19656,0,0.05426803
19657,0,0.059771728
19658,0,0.05519241
19659,0,0.05423149
19660,0,0.6316717
19661,0,0.06382743
19662,0,0.055344
19663,1,0.6403254
19664,0,0.054415815
19665,0,0.054136246
19666,0,0.05478073
19667,0,0.0543199
19668,0,0.05460123
19669,0,0.057666384
19670,0,0.05426732
19671,0,0.21424682
19672,0,0.22899783
19673,1,0.2343757
19674,1,0.4221572
19675,1,0.068158574
19676,0,0.054155238
19677,1,0.5925316
19678,1,0.4495004
19679,0,0.6158571
19680,0,0.06126977
19681,0,0.059671417
19682,0,0.054085158
19683,1,0.05774729
19684,0,0.05443373
19685,0,0.0547104
19686,0,0.054166056
19687,0,0.054433912
19688,0,0.054480895
19689,0,0.6384087
19690,0,0.05592966
19691,0,0.054165233
19692,0,0.5642003
19693,1,0.20053491
19694,0,0.054434
19695,0,0.45579997
19696,0,0.3132855
19697,0,0.05764005
19698,0,0.05428718
19699,0,0.054493744
19700,0,0.05513357
19701,1,0.2950226
19702,0,0.05644109
19703,0,0.054235566
19704,0,0.05446839
19705,0,0.05419473
19706,0,0.054519225
19707,0,0.055028304
19708,0,0.058826644
19709,0,0.230241
19710,0,0.056238357
19711,1,0.32224873
19712,0,0.054814856
19713,1,0.34057537
19714,0,0.6367831
19715,0,0.06824391
19716,0,0.055393938
19717,1,0.61658275
19718,0,0.1932624
19719,0,0.055617638
19720,0,0.18638876
19721,1,0.23970744
19722,0,0.05439634
19723,0,0.24365549
19724,0,0.060429484
19725,0,0.054979034
19726,0,0.058016695
19727,0,0.23129386
19728,0,0.05489419
19729,0,0.054250404
19730,0,0.056403365
19731,1,0.33864835
19732,0,0.05869614
19733,1,0.46303946
19734,1,0.5017468
19735,0,0.59978807
19736,0,0.057206728
19737,0,0.054268155
19738,0,0.05453294
19739,1,0.23368706
19740,0,0.056561884
19741,0,0.05409991
19742,0,0.05456673
19743,0,0.05595119
19744,0,0.6128215
19745,0,0.054280464
19746,1,0.63329196
19747,0,0.56871146
19748,0,0.055614293
19749,0,0.054253817
19750,0,0.057977084
19751,0,0.059675258
19752,0,0.054683637
19753,0,0.2657166
19754,0,0.20235686
19755,0,0.054053504
19756,1,0.2825954
19757,0,0.054086916
19758,0,0.2135367
19759,0,0.05418937
19760,0,0.6301361
19761,0,0.05567019
19762,0,0.5653029
19763,0,0.056975417
19764,1,0.24079123
19765,0,0.18993996
19766,0,0.33936125
19767,0,0.05454252
19768,0,0.056275398
19769,0,0.05438389
19770,1,0.08792552
19771,1,0.16833988
19772,0,0.05480146
19773,1,0.057394203
19774,0,0.23448385
19775,0,0.057068944
19776,0,0.05428137
19777,1,0.61904037
19778,0,0.31076524
19779,1,0.6359895
19780,0,0.054098304
19781,1,0.06258231
19782,0,0.054801594
19783,0,0.054335155
19784,0,0.6139981
19785,0,0.054283697
19786,0,0.054370366
19787,0,0.19852814
19788,0,0.06610904
19789,0,0.054239128
19790,0,0.054427594
19791,0,0.22759363
19792,0,0.05616401
19793,0,0.054092195
19794,0,0.055620864
19795,0,0.053975184
19796,0,0.23174922
19797,0,0.06173877
19798,0,0.054655317
19799,0,0.054267507
19800,0,0.055631448
19801,0,0.056043673
19802,1,0.6355704
19803,0,0.6369701
19804,0,0.054247063
19805,0,0.054184563
19806,1,0.16942658
19807,0,0.054333348
19808,0,0.05423148
19809,0,0.6330368
19810,0,0.07570382
19811,0,0.16010682
19812,0,0.058537655
19813,0,0.21422936
19814,0,0.055153117
19815,0,0.054664455
19816,1,0.60673916
19817,0,0.6177029
19818,0,0.054061875
19819,0,0.054223303
19820,0,0.054178026
19821,0,0.05451792
19822,0,0.36981708
19823,0,0.05527604
19824,0,0.054423198
19825,0,0.059578363
19826,1,0.32054785
19827,0,0.054535817
19828,0,0.054228228
19829,0,0.62870884
19830,1,0.5980072
19831,0,0.060070116
19832,0,0.054020047
19833,0,0.054780174
19834,0,0.1372037
19835,0,0.6305211
19836,0,0.2359388
19837,0,0.054881975
19838,0,0.056377362
19839,0,0.05512921
19840,1,0.6351403
19841,0,0.054218348
19842,0,0.078503445
19843,1,0.57922286
19844,0,0.054113068
19845,0,0.23049745
19846,0,0.07687084
19847,0,0.054842643
19848,0,0.054277625
19849,1,0.6053683
19850,0,0.17520179
19851,0,0.05640078
19852,0,0.054837074
19853,0,0.05467246
19854,0,0.05428759
19855,1,0.39290753
19856,0,0.05429116
19857,0,0.054540675
19858,1,0.27324614
19859,1,0.0791224
19860,0,0.23730059
19861,0,0.054214317
19862,1,0.05598362
19863,0,0.05525239
19864,0,0.28775302
19865,0,0.05455966
19866,0,0.094786644
19867,0,0.05453549
19868,1,0.29362467
19869,1,0.2728359
19870,0,0.0576728
19871,0,0.054132517
19872,0,0.054255076
19873,1,0.6389934
19874,0,0.0594128
19875,0,0.05417975
19876,1,0.42301753
19877,0,0.054354362
19878,0,0.20914522
19879,0,0.06953983
19880,0,0.05934227
19881,0,0.054082066
19882,0,0.054307833
19883,0,0.055862725
19884,0,0.05517513
19885,0,0.62150055
19886,0,0.054056667
19887,0,0.0539047
19888,0,0.054216176
19889,1,0.6200413
19890,0,0.05604577
19891,0,0.056304116
19892,0,0.24545927
19893,0,0.054729298
19894,0,0.0547422
19895,1,0.05783621
19896,0,0.056552958
19897,0,0.054082703
19898,0,0.054266192
19899,1,0.43719596
19900,0,0.05405723
19901,0,0.15434046
19902,0,0.056933258
19903,0,0.05439818
19904,1,0.398873
19905,0,0.6385068
19906,0,0.05435135
19907,0,0.21952893
19908,0,0.056159787
19909,0,0.05679129
19910,0,0.054642994
19911,1,0.07322949
19912,1,0.6171071
19913,0,0.23746186
19914,0,0.057052713
19915,0,0.6248961
19916,0,0.057942275
19917,1,0.6245387
19918,0,0.054138947
19919,0,0.059301358
19920,1,0.31882903
19921,0,0.054413777
19922,0,0.05400745
19923,0,0.09275597
19924,1,0.6280577
19925,1,0.63245964
19926,0,0.05476426
19927,1,0.27670512
19928,0,0.05440144
19929,0,0.054812364
19930,0,0.05404259
19931,0,0.136932
19932,1,0.06015942
19933,1,0.3369629
19934,1,0.054414246
19935,0,0.05404246
19936,0,0.057080775
19937,0,0.055491615
19938,1,0.6294415
19939,0,0.056543235
19940,0,0.05559917
19941,1,0.5802699
19942,0,0.057015236
19943,0,0.056358412
19944,0,0.058372654
19945,0,0.054388657
19946,1,0.06046027
19947,0,0.055271786
19948,0,0.058312695
19949,1,0.054433797
19950,0,0.055897288
19951,1,0.4662645
19952,0,0.059062965
19953,0,0.054180864
19954,0,0.054269504
19955,1,0.05481447
19956,0,0.055235695
19957,0,0.054503612
19958,1,0.18247369
19959,0,0.12111314
19960,0,0.6262826
19961,1,0.12903774
19962,0,0.056125537
19963,0,0.05427471
19964,0,0.05405483
19965,0,0.054220084
19966,0,0.3309963
19967,0,0.6395551
19968,0,0.05837006
19969,0,0.054407842
19970,1,0.344716
19971,0,0.05671344
19972,0,0.5845345
19973,1,0.22737461
19974,0,0.05449268
19975,0,0.054137252
19976,0,0.6008819
19977,1,0.62936515
19978,0,0.054621004
19979,0,0.054799914
19980,0,0.054410808
19981,0,0.057371352
19982,1,0.6297164
19983,0,0.05640271
19984,0,0.05432044
19985,0,0.16044682
19986,0,0.05597836
19987,0,0.054286387
19988,0,0.23587239
19989,0,0.21570048
19990,0,0.05702534
19991,0,0.05422912
19992,0,0.05450276
19993,0,0.05515622
19994,0,0.054154888
19995,0,0.072009206
19996,0,0.05408278
19997,1,0.6351544
19998,0,0.054705843
19999,0,0.054414086
20000,0,0.0541573
20001,0,0.3545475
20002,0,0.05474653
20003,0,0.0542438
20004,1,0.25682563
20005,0,0.061602764
20006,0,0.054188523
20007,0,0.115745045
20008,0,0.054823805
20009,0,0.12882634
20010,0,0.05462767
20011,1,0.62065655
20012,0,0.055287402
20013,0,0.057070218
20014,0,0.35212743
20015,0,0.06589381
20016,0,0.054253664
20017,0,0.054966003
20018,1,0.28095287
20019,1,0.27546158
20020,0,0.054556645
20021,0,0.05570786
20022,1,0.1993161
20023,1,0.63757914
20024,0,0.20808981
20025,0,0.05939418
20026,0,0.057612624
20027,0,0.2677134
20028,0,0.35170266
20029,0,0.605641
20030,0,0.054007437
20031,0,0.054230746
20032,0,0.06209561
20033,0,0.054156076
20034,0,0.6386615
20035,0,0.054294102
20036,0,0.054138593
20037,0,0.054145332
20038,0,0.05394485
20039,0,0.054277543
20040,0,0.054629695
20041,0,0.054708183
20042,1,0.6394283
20043,0,0.34917894
20044,1,0.635005
20045,0,0.055032052
20046,0,0.0540924
20047,0,0.054626815
20048,0,0.07440416
20049,1,0.6404112
20050,0,0.054361835
20051,1,0.64030397
20052,0,0.05698743
20053,1,0.35468656
20054,0,0.2193786
20055,0,0.05497442
20056,0,0.327485
20057,0,0.120612
20058,0,0.37658033
20059,0,0.63434064
20060,1,0.06083584
20061,0,0.05456598
20062,1,0.60481626
20063,0,0.056558575
20064,0,0.42932278
20065,0,0.59271765
20066,0,0.6403996
20067,0,0.060372952
20068,1,0.1966962
20069,0,0.054235194
20070,0,0.054333065
20071,0,0.2742159
20072,0,0.24896267
20073,0,0.05498337
20074,0,0.054072484
20075,0,0.054774284
20076,0,0.054577556
20077,0,0.0547929
20078,0,0.20137183
20079,1,0.62262124
20080,1,0.6116297
20081,0,0.64071167
20082,0,0.055336382
20083,0,0.05423689
20084,0,0.05462105
20085,0,0.054984756
20086,0,0.05427655
20087,0,0.25806624
20088,0,0.07099625
20089,0,0.055180777
20090,0,0.05630526
20091,0,0.23621258
20092,0,0.055262
20093,1,0.43942392
20094,1,0.3488337
20095,0,0.053989
20096,0,0.069982536
20097,0,0.3449902
20098,1,0.4425153
20099,0,0.05609233
20100,0,0.054716095
20101,0,0.06800782
20102,0,0.57548815
20103,1,0.30462837
20104,0,0.056993518
20105,0,0.06703445
20106,0,0.05891688
20107,0,0.054439314
20108,0,0.055165604
20109,0,0.053986527
20110,0,0.06277989
20111,0,0.05451281
20112,0,0.19943534
20113,0,0.20303613
20114,0,0.64093244
20115,0,0.05403357
20116,1,0.3465376
20117,0,0.058386408
20118,0,0.05435473
20119,0,0.054736193
20120,0,0.055057522
20121,0,0.055471998
20122,0,0.05565014
20123,0,0.23892483
20124,0,0.054599103
20125,0,0.054931313
20126,1,0.23795141
20127,0,0.054147206
20128,0,0.20392437
20129,0,0.05462109
20130,0,0.05538591
20131,1,0.6142729
20132,0,0.0564367
20133,0,0.23084721
20134,0,0.054521758
20135,1,0.28174266
20136,0,0.33786282
20137,0,0.05912751
20138,0,0.058321428
20139,0,0.1305181
20140,0,0.059001245
20141,0,0.1944317
20142,0,0.054867145
20143,0,0.055160467
20144,1,0.24895783
20145,0,0.054793295
20146,1,0.26305893
20147,0,0.05465743
20148,1,0.6362763
20149,0,0.05428989
20150,0,0.61241645
20151,0,0.6261902
20152,1,0.3901713
20153,0,0.055337504
20154,0,0.054613505
20155,0,0.25037324
20156,1,0.24546508
20157,0,0.2945276
20158,1,0.4050116
20159,0,0.058969617
20160,0,0.21895444
20161,0,0.05503412
20162,1,0.056077387
20163,0,0.055225853
20164,1,0.2337603
20165,0,0.05446839
20166,0,0.05466958
20167,0,0.055511996
20168,1,0.3180166
20169,0,0.05477309
20170,0,0.054055363
20171,0,0.64124554
20172,0,0.05483468
20173,0,0.6370122
20174,1,0.6403704
20175,0,0.29308724
20176,1,0.63780344
20177,0,0.054572638
20178,0,0.056077853
20179,0,0.055642612
20180,1,0.6378221
20181,0,0.054276392
20182,0,0.23319308
20183,1,0.64132404
20184,0,0.6067808
20185,0,0.05438556
20186,0,0.05951142
20187,0,0.055914596
20188,0,0.05458917
20189,0,0.05448993
20190,0,0.055685554
20191,0,0.054656986
20192,0,0.054659847
20193,0,0.054725744
20194,0,0.61928666
20195,0,0.05592836
20196,0,0.05420778
20197,0,0.05415536
20198,0,0.054982923
20199,0,0.06172512
20200,0,0.0541624
20201,1,0.6116059
20202,1,0.14922138
20203,0,0.18243146
20204,0,0.054479633
20205,0,0.20306884
20206,0,0.05429249
20207,0,0.05584085
20208,0,0.05441412
20209,0,0.05493459
20210,0,0.071975976
20211,0,0.05850666
20212,0,0.4426093
20213,0,0.054271717
20214,0,0.05464893
20215,0,0.084562935
20216,0,0.056610633
20217,0,0.054173693
20218,0,0.05708794
20219,0,0.05412221
20220,0,0.05408351
20221,1,0.31780285
20222,0,0.05465334
20223,0,0.054754645
20224,0,0.054340247
20225,1,0.6177441
20226,0,0.24135451
20227,0,0.45300388
20228,1,0.6309645
20229,0,0.054277875
20230,0,0.054321457
20231,1,0.58742183
20232,1,0.37051958
20233,0,0.058323342
20234,0,0.06521614
20235,1,0.05478284
20236,0,0.05486626
20237,0,0.054139238
20238,0,0.05513408
20239,1,0.58580714
20240,0,0.054400723
20241,0,0.057680443
20242,0,0.05703103
20243,0,0.054412626
20244,1,0.64193916
20245,0,0.055145424
20246,0,0.054301962
20247,0,0.05448971
20248,0,0.056562483
20249,0,0.05450006
20250,0,0.05663009
20251,1,0.6326467
20252,0,0.05448446
20253,0,0.264935
20254,0,0.05488556
20255,1,0.29020026
20256,0,0.2564058
20257,0,0.054288007
20258,0,0.6389352
20259,1,0.31958923
20260,1,0.6189234
20261,0,0.06746652
20262,0,0.63978434
20263,0,0.055151638
20264,0,0.054963462
20265,0,0.056699496
20266,0,0.054186083
20267,0,0.054322373
20268,0,0.054118928
20269,0,0.05488365
20270,0,0.055492178
20271,0,0.054357033
20272,0,0.0550656
20273,0,0.056327544
20274,0,0.3281964
20275,0,0.6402172
20276,0,0.33183464
20277,0,0.23644333
20278,1,0.5799848
20279,1,0.42875725
20280,0,0.054989986
20281,0,0.054139372
20282,0,0.05427885
20283,0,0.05421962
20284,0,0.054482218
20285,1,0.24587564
20286,1,0.63933134
20287,0,0.054384526
20288,0,0.23476915
20289,1,0.64111036
20290,0,0.0541177
20291,0,0.054285347
20292,0,0.055369068
20293,1,0.05671545
20294,0,0.05422522
20295,0,0.05478537
20296,0,0.055901907
20297,0,0.0557205
20298,0,0.054860905
20299,0,0.055989854
20300,0,0.06067787
20301,0,0.05616167
20302,1,0.4485328
20303,0,0.054031063
20304,1,0.061121564
20305,0,0.07715631
20306,0,0.054947183
20307,0,0.064506136
20308,0,0.055892
20309,1,0.6298665
20310,0,0.054308545
20311,0,0.055287525
20312,1,0.34243757
20313,0,0.22113991
20314,0,0.05510153
20315,0,0.054019246
20316,0,0.054150313
20317,0,0.054301716
20318,0,0.054317877
20319,0,0.054254502
20320,0,0.05454123
20321,0,0.063182876
20322,0,0.05580031
20323,0,0.05663636
20324,0,0.054455526
20325,0,0.054926362
20326,0,0.054365613
20327,0,0.054689527
20328,0,0.05428275
20329,0,0.25281224
20330,0,0.055875305
20331,0,0.055534255
20332,1,0.36926752
20333,0,0.054950718
20334,0,0.23073542
20335,0,0.05516585
20336,1,0.061778326
20337,0,0.056469515
20338,0,0.05792541
20339,0,0.4474768
20340,0,0.054757945
20341,0,0.05508512
20342,1,0.6183931
20343,0,0.054271486
20344,0,0.06756944
20345,0,0.056064565
20346,0,0.054015283
20347,0,0.0542318
20348,0,0.054178506
20349,0,0.055716347
20350,0,0.054328196
20351,0,0.21825072
20352,1,0.36762774
20353,0,0.054451633
20354,0,0.24018976
20355,0,0.055187207
20356,0,0.23339136
20357,0,0.054315183
20358,0,0.05444319
20359,0,0.054226715
20360,0,0.059044354
20361,1,0.056289833
20362,0,0.054249387
20363,0,0.641536
20364,0,0.054407757
20365,0,0.055308603
20366,0,0.053928696
20367,1,0.510509
20368,0,0.05475751
20369,0,0.05406906
20370,0,0.1750657
20371,0,0.05430625
20372,0,0.056608543
20373,0,0.07028019
20374,0,0.054772854
20375,1,0.31867072
20376,0,0.054619934
20377,0,0.056678705
20378,0,0.1638898
20379,0,0.054594155
20380,0,0.0542454
20381,0,0.32195345
20382,0,0.19049191
20383,0,0.05425904
20384,0,0.054164805
20385,1,0.6372347
20386,1,0.34080204
20387,0,0.054978065
20388,1,0.05828017
20389,0,0.053980302
20390,0,0.054194294
20391,0,0.26074624
20392,1,0.63371766
20393,0,0.054108065
20394,1,0.6397335
20395,0,0.05935881
20396,0,0.6374353
20397,0,0.055351265
20398,1,0.23907578
20399,0,0.15711588
20400,0,0.17064026
20401,0,0.0557701
20402,0,0.056292415
20403,0,0.06961077
20404,0,0.45992905
20405,0,0.056764133
20406,0,0.21695894
20407,0,0.054543518
20408,0,0.054232582
20409,0,0.05594647
20410,0,0.05464982
20411,0,0.05612775
20412,1,0.39409047
20413,1,0.059564423
20414,0,0.054754436
20415,0,0.0548336
20416,1,0.2605638
20417,0,0.05457067
20418,0,0.05433936
20419,0,0.05405953
20420,0,0.056752723
20421,1,0.6227362
20422,0,0.054890048
20423,1,0.2059841
20424,0,0.05654485
20425,0,0.060834456
20426,0,0.054205544
20427,0,0.25745133
20428,0,0.05424282
20429,0,0.055267144
20430,1,0.26087278
20431,0,0.05424405
20432,0,0.6276412
20433,0,0.05561309
20434,1,0.22049299
20435,0,0.05461618
20436,0,0.055051845
20437,0,0.05541302
20438,0,0.05543623
20439,0,0.05549205
20440,0,0.054040324
20441,1,0.6276214
20442,1,0.628781
20443,0,0.054200232
20444,1,0.32700005
20445,0,0.05626463
20446,0,0.05644996
20447,0,0.05454494
20448,0,0.05427968
20449,0,0.08874393
20450,0,0.06536415
20451,0,0.055835646
20452,0,0.0635572
20453,0,0.4091335
20454,1,0.6305354
20455,0,0.05411718
20456,0,0.05414184
20457,0,0.054535996
20458,0,0.056298066
20459,0,0.25291052
20460,1,0.6018946
20461,0,0.054505497
20462,0,0.05414675
20463,1,0.2742455
20464,0,0.05424081
20465,0,0.05448899
20466,0,0.055486728
20467,0,0.05570922
20468,0,0.054199867
20469,0,0.054101024
20470,0,0.15339102
20471,0,0.055965483
20472,0,0.054040592
20473,0,0.054266784
20474,0,0.05436988
20475,0,0.6325339
20476,0,0.0540994
20477,0,0.054180287
20478,0,0.05421332
20479,0,0.19117555
20480,0,0.054200232
20481,0,0.06201368
20482,0,0.59224826
20483,0,0.057692338
20484,0,0.056347
20485,0,0.054617833
20486,1,0.587408
20487,0,0.054209832
20488,0,0.309287
20489,0,0.05400129
20490,0,0.19663928
20491,0,0.055064615
20492,0,0.05401173
20493,1,0.060338683
20494,0,0.054242875
20495,0,0.054342464
20496,0,0.22931643
20497,0,0.2867696
20498,0,0.33047298
20499,0,0.054148994
20500,0,0.054058656
20501,1,0.6382664
20502,1,0.3302996
20503,0,0.054617777
20504,0,0.4188742
20505,0,0.05469021
20506,0,0.05474501
20507,0,0.2011317
20508,0,0.054214533
20509,0,0.05446481
20510,0,0.12448527
20511,0,0.054199766
20512,1,0.6422734
20513,0,0.43998003
20514,0,0.056317434
20515,1,0.58344865
20516,0,0.104436144
20517,0,0.13996692
20518,0,0.055236865
20519,0,0.05427875
20520,0,0.5197781
20521,0,0.057060875
20522,0,0.062494084
20523,0,0.054790765
20524,1,0.05689523
20525,0,0.6349406
20526,0,0.054197367
20527,0,0.05430759
20528,0,0.31796566
20529,1,0.63996214
20530,0,0.054577954
20531,0,0.0547476
20532,0,0.054032195
20533,0,0.055641696
20534,0,0.5875568
20535,0,0.056636594
20536,0,0.054339208
20537,1,0.05466848
20538,1,0.5850877
20539,0,0.05407936
20540,0,0.054851275
20541,0,0.05424716
20542,1,0.057515312
20543,1,0.6403614
20544,1,0.087155476
20545,0,0.055765655
20546,1,0.60848236
20547,0,0.05542702
20548,0,0.054203603
20549,1,0.6121369
20550,0,0.05455271
20551,0,0.054437682
20552,0,0.054649968
20553,0,0.05408784
20554,0,0.17806469
20555,1,0.25689247
20556,0,0.05597903
20557,0,0.05784548
20558,0,0.05424704
20559,0,0.29365367
20560,0,0.055125438
20561,0,0.21050298
20562,0,0.054329123
20563,0,0.05429099
20564,0,0.054375395
20565,0,0.054713015
20566,0,0.05530877
20567,0,0.065256864
20568,0,0.054985944
20569,0,0.054155014
20570,0,0.05471885
20571,0,0.23802185
20572,0,0.05437087
20573,1,0.060918685
20574,1,0.5664406
20575,1,0.640003
20576,0,0.054864228
20577,0,0.079941176
20578,0,0.0546747
20579,0,0.20737116
20580,0,0.058770925
20581,0,0.056535248
20582,0,0.05726041
20583,0,0.054389723
20584,1,0.6239836
20585,0,0.05578456
20586,0,0.243842
20587,1,0.29440334
20588,0,0.23107071
20589,0,0.23346353
20590,0,0.6050348
20591,0,0.05759082
20592,0,0.05459627
20593,0,0.0595356
20594,0,0.054360647
20595,0,0.09674122
20596,1,0.24916098
20597,0,0.054075703
20598,1,0.05883408
20599,0,0.054506607
20600,0,0.15491253
20601,0,0.05477646
20602,0,0.59618765
20603,0,0.19521023
20604,0,0.25444993
20605,0,0.054291666
20606,0,0.05441194
20607,0,0.054465964
20608,0,0.60925764
20609,1,0.5927127
20610,0,0.05461524
20611,0,0.056137737
20612,0,0.05425957
20613,0,0.054478634
20614,0,0.05554046
20615,0,0.05900673
20616,1,0.48242375
20617,0,0.05432347
20618,0,0.055191297
20619,0,0.054630138
20620,0,0.05440179
20621,1,0.63253295
20622,0,0.059156477
20623,1,0.29571056
20624,0,0.05470685
20625,0,0.05445355
20626,0,0.055147234
20627,0,0.05543968
20628,0,0.05425165
20629,1,0.23727927
20630,1,0.52006507
20631,0,0.24061392
20632,0,0.23874496
20633,0,0.054779418
20634,0,0.05768915
20635,0,0.054125216
20636,0,0.08279786
20637,0,0.06535225
20638,1,0.6311521
20639,1,0.61133885
20640,0,0.054958247
20641,0,0.054676257
20642,1,0.6392375
20643,0,0.16266522
20644,0,0.13239716
20645,0,0.055775724
20646,0,0.59400994
20647,0,0.090382576
20648,0,0.05594464
20649,0,0.0549964
20650,0,0.057497244
20651,0,0.054740775
20652,0,0.22909524
20653,0,0.05985202
20654,0,0.05403734
20655,1,0.42391372
20656,0,0.054211386
20657,0,0.054426905
20658,0,0.099590264
20659,1,0.64092743
20660,1,0.63014346
20661,1,0.08299861
20662,0,0.05592576
20663,0,0.05553847
20664,0,0.054504417
20665,1,0.2514088
20666,0,0.18577655
20667,1,0.08482568
20668,0,0.05413417
20669,1,0.05961067
20670,0,0.05499389
20671,0,0.05472101
20672,0,0.05508571
20673,0,0.05445219
20674,0,0.054253902
20675,0,0.056601796
20676,0,0.055131763
20677,0,0.05417242
20678,0,0.63067174
20679,0,0.05417243
20680,0,0.054340463
20681,0,0.18195803
20682,0,0.054781616
20683,0,0.19485496
20684,0,0.054677587
20685,0,0.05565004
20686,0,0.05439337
20687,0,0.16700657
20688,0,0.054205533
20689,0,0.63890654
20690,0,0.4944302
20691,0,0.05413732
20692,1,0.6396734
20693,1,0.20821317
20694,0,0.05448286
20695,0,0.058191635
20696,0,0.06037416
20697,0,0.054250207
20698,0,0.054515038
20699,0,0.054763842
20700,1,0.4406428
20701,0,0.5796192
20702,0,0.054254107
20703,1,0.26780516
20704,0,0.054186676
20705,0,0.39977345
20706,1,0.6336416
20707,1,0.24233419
20708,1,0.23399833
20709,0,0.20530275
20710,0,0.05410824
20711,0,0.23390137
20712,0,0.19292313
20713,1,0.6074453
20714,0,0.05482991
20715,0,0.07629146
20716,0,0.05518808
20717,0,0.05522196
20718,0,0.5861192
20719,0,0.05434544
20720,0,0.63540655
20721,0,0.054090343
20722,0,0.058271676
20723,0,0.05406784
20724,0,0.054249875
20725,1,0.6139086
20726,0,0.055442076
20727,1,0.5192795
20728,1,0.47904623
20729,1,0.06823913
20730,0,0.054214463
20731,0,0.055238653
20732,0,0.05440352
20733,0,0.05562149
20734,0,0.054356314
20735,0,0.6145981
20736,0,0.05659986
20737,1,0.6214434
20738,1,0.62600106
20739,0,0.62294984
20740,0,0.23744078
20741,0,0.054130025
20742,1,0.60582346
20743,0,0.05442103
20744,0,0.22500597
20745,0,0.054411482
20746,0,0.19035655
20747,0,0.22396751
20748,0,0.05782129
20749,0,0.05483213
20750,0,0.05423548
20751,0,0.055240374
20752,1,0.14692777
20753,0,0.054078814
20754,0,0.054286487
20755,1,0.6404043
20756,0,0.058043934
20757,0,0.054844674
20758,0,0.05644038
20759,0,0.056017242
20760,0,0.054673
20761,1,0.28971988
20762,1,0.05580255
20763,0,0.054357633
20764,0,0.6001838
20765,0,0.27678394
20766,0,0.05414924
20767,0,0.056625143
20768,0,0.058798492
20769,1,0.6395623
20770,0,0.05470912
20771,0,0.22051793
20772,0,0.05403368
20773,0,0.07502989
20774,1,0.2436633
20775,0,0.37521312
20776,1,0.63603586
20777,1,0.3641251
20778,0,0.054110244
20779,0,0.51437926
20780,0,0.054661278
20781,0,0.055070747
20782,1,0.24401164
20783,0,0.054339483
20784,1,0.60149735
20785,1,0.6179994
20786,0,0.32690063
20787,0,0.054312933
20788,0,0.054346666
20789,0,0.05492427
20790,0,0.054782383
20791,0,0.05530953
20792,1,0.056645155
20793,0,0.2025455
20794,0,0.058024377
20795,0,0.20105582
20796,0,0.23112872
20797,0,0.054154225
20798,1,0.6006879
20799,0,0.15287036
20800,0,0.054257203
20801,1,0.32244644
20802,0,0.054748166
20803,0,0.0557206
20804,0,0.0539721
20805,1,0.6403353
20806,0,0.056600165
20807,0,0.056590457
20808,0,0.056528207
20809,1,0.34703857
20810,0,0.054167535
20811,1,0.36971316
20812,0,0.05481233
20813,0,0.054336105
20814,0,0.054380726
20815,0,0.05866792
20816,0,0.07395357
20817,1,0.5290156
20818,0,0.054929458
20819,0,0.054390047
20820,0,0.35835338
20821,0,0.05587012
20822,0,0.054792803
20823,0,0.07178475
20824,1,0.64107496
20825,0,0.056193314
20826,1,0.62659264
20827,0,0.059412383
20828,0,0.058189556
20829,0,0.055810716
20830,1,0.6330274
20831,0,0.05595487
20832,0,0.05549135
20833,0,0.63921344
20834,0,0.05571367
20835,0,0.05439955
20836,0,0.054120164
20837,0,0.6367656
20838,0,0.18993999
20839,0,0.05429328
20840,0,0.06569678
20841,0,0.054144226
20842,0,0.05399398
20843,0,0.055328384
20844,0,0.05448626
20845,0,0.24001594
20846,0,0.05869534
20847,1,0.64061564
20848,0,0.055220217
20849,0,0.054091927
20850,0,0.05416204
20851,0,0.055280924
20852,0,0.059742637
20853,0,0.054111645
20854,0,0.14356603
20855,1,0.41127437
20856,0,0.054263998
20857,0,0.20268285
20858,0,0.054817367
20859,1,0.070054784
20860,0,0.055683907
20861,0,0.0553874
20862,0,0.054838605
20863,1,0.60417974
20864,0,0.055874296
20865,0,0.056326523
20866,1,0.25503254
20867,1,0.058717765
20868,1,0.21506871
20869,0,0.05427015
20870,0,0.05415371
20871,0,0.05806965
20872,0,0.05429067
20873,0,0.5478474
20874,0,0.44832772
20875,1,0.05646112
20876,0,0.057837658
20877,0,0.05426341
20878,0,0.058287013
20879,0,0.061303314
20880,0,0.05477645
20881,0,0.22078878
20882,0,0.061454386
20883,0,0.3172459
20884,0,0.054337844
20885,0,0.054770347
20886,0,0.05508497
20887,0,0.054616224
20888,0,0.054721415
20889,0,0.21699722
20890,0,0.054337982
20891,0,0.054305814
20892,0,0.054510105
20893,0,0.053923976
20894,0,0.35120004
20895,0,0.05416827
20896,1,0.35583046
20897,1,0.6387779
20898,0,0.055800863
20899,0,0.34946522
20900,0,0.24326245
20901,0,0.053954825
20902,0,0.22596395
20903,0,0.059597977
20904,0,0.056396898
20905,0,0.054260742
20906,0,0.05427174
20907,1,0.4189089
20908,1,0.63389444
20909,0,0.05441368
20910,0,0.48348138
20911,0,0.05443256
20912,0,0.05545089
20913,0,0.054465447
20914,1,0.23125531
20915,0,0.054417804
20916,0,0.05449867
20917,1,0.6224169
20918,0,0.3247449
20919,0,0.056279954
20920,0,0.062434014
20921,0,0.054453712
20922,0,0.24031246
20923,0,0.2285863
20924,0,0.53022385
20925,0,0.054844897
20926,0,0.054350246
20927,0,0.056057017
20928,0,0.05605649
20929,0,0.06021599
20930,1,0.6127824
20931,1,0.23131289
20932,0,0.43197277
20933,1,0.6317257
20934,0,0.05433275
20935,1,0.056854658
20936,0,0.5786262
20937,0,0.06132563
20938,0,0.057107423
20939,0,0.054682456
20940,1,0.13366134
20941,1,0.058525436
20942,0,0.05470371
20943,0,0.054158572
20944,0,0.058738105
20945,0,0.056603782
20946,0,0.05412855
20947,0,0.6381133
20948,0,0.05420062
20949,1,0.64077425
20950,0,0.63545215
20951,0,0.054387607
20952,1,0.6358631
20953,0,0.05400583
20954,0,0.05451845
20955,0,0.22738196
20956,1,0.43355498
20957,0,0.05405544
20958,0,0.05616162
20959,1,0.351288
20960,0,0.05669524
20961,0,0.058522105
20962,0,0.055067018
20963,1,0.5232962
20964,0,0.05428147
20965,1,0.63810945
20966,0,0.05989121
20967,0,0.054299537
20968,0,0.56117713
20969,0,0.054588545
20970,0,0.05879013
20971,0,0.0568864
20972,0,0.05436027
20973,0,0.05397161
20974,0,0.055257667
20975,1,0.63897324
20976,0,0.638849
20977,0,0.17500086
20978,0,0.054065898
20979,0,0.17277142
20980,0,0.054286927
20981,0,0.054502156
20982,0,0.054052968
20983,0,0.054147664
20984,0,0.06131735
20985,1,0.5125667
20986,0,0.05487094
20987,0,0.05685995
20988,0,0.054385092
20989,0,0.06668179
20990,0,0.05494165
20991,0,0.05423445
20992,0,0.6343259
20993,0,0.054357715
20994,0,0.061520595
20995,0,0.055321444
20996,0,0.054702573
20997,1,0.63418853
20998,1,0.3811741
20999,0,0.054149777
21000,0,0.16847567
21001,1,0.056173805
21002,0,0.058095198
21003,0,0.05532766
21004,0,0.054572616
21005,0,0.056344327
21006,0,0.05462505
21007,0,0.054443333
21008,0,0.054296315
21009,1,0.34319562
21010,0,0.054184493
21011,0,0.055543885
21012,0,0.054472495
21013,0,0.059064876
21014,0,0.23790188
21015,0,0.054201808
21016,0,0.05451377
21017,0,0.056158233
21018,0,0.23180445
21019,0,0.05429432
21020,0,0.054385655
21021,0,0.054370005
21022,0,0.054046493
21023,0,0.054048352
21024,0,0.05620065
21025,0,0.054737672
21026,0,0.054994576
21027,0,0.054429617
21028,1,0.6344599
21029,0,0.05811438
21030,0,0.059169695
21031,0,0.06690599
21032,1,0.63180894
21033,0,0.054241206
21034,0,0.05678157
21035,0,0.05541346
21036,0,0.054123864
21037,0,0.054299112
21038,0,0.0539384
21039,0,0.061089978
21040,0,0.054366052
21041,0,0.054255255
21042,0,0.054579306
21043,0,0.25514185
21044,1,0.609156
21045,0,0.054471117
21046,0,0.057918962
21047,0,0.06152064
21048,0,0.054192483
21049,0,0.25804424
21050,0,0.32294235
21051,1,0.616908
21052,0,0.05463435
21053,0,0.2587422
21054,0,0.05487182
21055,0,0.23346981
21056,0,0.519442
21057,0,0.054068167
21058,0,0.054095376
21059,0,0.05507453
21060,0,0.054975115
21061,0,0.054285023
21062,0,0.38123438
21063,0,0.056296546
21064,0,0.05610057
21065,0,0.054260492
21066,0,0.054295972
21067,0,0.055034757
21068,1,0.3677023
21069,0,0.33562702
21070,0,0.64131796
21071,0,0.05417071
21072,0,0.055181883
21073,0,0.054094292
21074,0,0.054117315
21075,0,0.05445484
21076,0,0.2248751
21077,0,0.054275215
21078,0,0.05440919
21079,0,0.063285075
21080,0,0.061011735
21081,0,0.24306323
21082,0,0.055431403
21083,1,0.41652796
21084,1,0.3201801
21085,0,0.05499371
21086,0,0.07511597
21087,0,0.0540675
21088,1,0.058702376
21089,0,0.06134572
21090,0,0.055202384
21091,0,0.05400599
21092,0,0.23131365
21093,1,0.21119402
21094,0,0.43308765
21095,0,0.24634631
21096,0,0.1943839
21097,0,0.16915248
21098,0,0.054506972
21099,0,0.05410692
21100,0,0.055324595
21101,0,0.05639886
21102,0,0.05616735
21103,0,0.054969713
21104,1,0.05816803
21105,1,0.07770311
21106,0,0.05858065
21107,0,0.05466214
21108,0,0.054210734
21109,0,0.054205198
21110,0,0.05492646
21111,0,0.055325493
21112,0,0.055430487
21113,1,0.072411366
21114,0,0.054072946
21115,0,0.056011364
21116,0,0.076704375
21117,0,0.05423498
21118,0,0.0678284
21119,0,0.24695808
21120,1,0.6380727
21121,0,0.10497993
21122,0,0.05497647
21123,1,0.05911888
21124,0,0.05409884
21125,0,0.05423735
21126,0,0.07393391
21127,0,0.054802224
21128,0,0.05522939
21129,0,0.05419026
21130,1,0.062524885
21131,0,0.05425937
21132,0,0.23977607
21133,0,0.060067493
21134,0,0.5507554
21135,1,0.055406168
21136,0,0.05486783
21137,1,0.6147001
21138,1,0.5203605
21139,1,0.6355687
21140,0,0.055240095
21141,0,0.054581348
21142,0,0.054490045
21143,0,0.055547062
21144,0,0.054313775
21145,0,0.16684045
21146,0,0.21233349
21147,0,0.22111125
21148,0,0.05503025
21149,0,0.054725904
21150,0,0.05599259
21151,0,0.055381954
21152,0,0.32499444
21153,0,0.057382178
21154,0,0.06571401
21155,1,0.603942
21156,0,0.054424524
21157,0,0.05428748
21158,0,0.63734305
21159,1,0.35474992
21160,0,0.63531536
21161,0,0.054145012
21162,1,0.6160469
21163,0,0.60332173
21164,0,0.054547142
21165,0,0.055321157
21166,0,0.055203203
21167,0,0.05432877
21168,0,0.05569133
21169,0,0.054721083
21170,0,0.054886173
21171,1,0.24052441
21172,0,0.05410802
21173,0,0.055682454
21174,0,0.056362636
21175,0,0.055536866
21176,0,0.05445302
21177,0,0.11531189
21178,0,0.054223426
21179,1,0.54486656
21180,0,0.054987818
21181,0,0.055989765
21182,0,0.054267496
21183,0,0.14076631
21184,0,0.054393835
21185,0,0.055657912
21186,0,0.054123677
21187,0,0.18173993
21188,1,0.25094986
21189,0,0.63349557
21190,0,0.05573908
21191,1,0.6400091
21192,0,0.05562351
21193,0,0.57159585
21194,0,0.075807735
21195,0,0.054472353
21196,0,0.055574186
21197,1,0.35823566
21198,1,0.61492956
21199,0,0.056681268
21200,0,0.054148972
21201,0,0.059795137
21202,0,0.05515212
21203,0,0.638581
21204,0,0.054627758
21205,1,0.22686256
21206,1,0.24654822
21207,0,0.057508163
21208,1,0.59240717
21209,0,0.2658837
21210,0,0.054335065
21211,0,0.06205664
21212,0,0.29623404
21213,0,0.18947913
21214,0,0.05465952
21215,0,0.054254048
21216,0,0.054419324
21217,0,0.055104204
21218,0,0.1752417
21219,1,0.054993454
21220,1,0.6425727
21221,0,0.055747397
21222,0,0.054160718
21223,0,0.05476779
21224,0,0.4122231
21225,0,0.5951889
21226,0,0.60473317
21227,1,0.54838705
21228,0,0.057057872
21229,1,0.06600223
21230,1,0.62912923
21231,0,0.056960143
21232,0,0.21340941
21233,0,0.054993153
21234,0,0.055234335
21235,1,0.29866764
21236,0,0.05422003
21237,0,0.056884505
21238,0,0.05547119
21239,0,0.054065853
21240,0,0.055357575
21241,0,0.6353732
21242,0,0.20647116
21243,0,0.0548476
21244,0,0.0542354
21245,0,0.054321047
21246,0,0.06385265
21247,0,0.054714035
21248,1,0.06420812
21249,0,0.054291848
21250,0,0.054886173
21251,0,0.054052856
21252,0,0.054178163
21253,1,0.62604254
21254,0,0.05546713
21255,0,0.054287113
21256,0,0.05851139
21257,0,0.056751315
21258,1,0.3293181
21259,1,0.28853017
21260,1,0.25988483
21261,0,0.05489068
21262,0,0.07077001
21263,0,0.055621177
21264,0,0.054767568
21265,0,0.058623012
21266,1,0.21024059
21267,0,0.054348823
21268,0,0.05453806
21269,0,0.6392269
21270,0,0.05409605
21271,0,0.05426179
21272,1,0.058355268
21273,0,0.05393181
21274,0,0.055236317
21275,0,0.6118425
21276,0,0.055773664
21277,0,0.054807596
21278,1,0.53210455
21279,0,0.06360692
21280,0,0.27344495
21281,0,0.054136004
21282,1,0.30680695
21283,0,0.05486047
21284,1,0.05468238
21285,0,0.25206
21286,0,0.058286138
21287,0,0.08337003
21288,0,0.27314967
21289,0,0.06184253
21290,0,0.05438709
21291,1,0.18106388
21292,0,0.054572616
21293,0,0.055859633
21294,0,0.277864
21295,0,0.0541189
21296,0,0.05416321
21297,0,0.63329566
21298,1,0.08665005
21299,0,0.05454278
21300,0,0.055618536
21301,1,0.6310594
21302,0,0.05526765
21303,0,0.05467008
21304,0,0.05646686
21305,0,0.4350815
21306,0,0.27901828
21307,0,0.054518193
21308,0,0.060813054
21309,0,0.054435827
21310,0,0.05573024
21311,0,0.05461068
21312,1,0.6022756
21313,0,0.056325585
21314,0,0.054248825
21315,1,0.3664027
21316,0,0.05596154
21317,0,0.18014158
21318,0,0.63631934
21319,0,0.073115505
21320,0,0.054158777
21321,1,0.62369204
21322,0,0.054191794
21323,1,0.6096033
21324,0,0.1326665
21325,0,0.054477878
21326,0,0.054408334
21327,0,0.07556351
21328,0,0.05434697
21329,0,0.057524007
21330,1,0.59097105
21331,1,0.5956721
21332,1,0.59129953
21333,0,0.055059806
21334,0,0.05505152
21335,0,0.05421731
21336,0,0.05409532
21337,0,0.054230623
21338,0,0.061815232
21339,0,0.054128595
21340,1,0.37797672
21341,1,0.35012287
21342,0,0.6097846
21343,0,0.055040903
21344,0,0.05461438
21345,0,0.054852188
21346,0,0.054837715
21347,0,0.058804903
21348,0,0.24100192
21349,0,0.058833815
21350,1,0.63979906
21351,1,0.59922045
21352,1,0.30520913
21353,1,0.25578275
21354,1,0.05686297
21355,0,0.054780237
21356,0,0.61024356
21357,0,0.637723
21358,0,0.23963037
21359,0,0.05445343
21360,0,0.054237567
21361,0,0.6387085
21362,1,0.6311019
21363,0,0.31238854
21364,1,0.6301091
21365,0,0.6218542
21366,1,0.63632107
21367,1,0.19337288
21368,0,0.21150504
21369,0,0.3306557
21370,0,0.054173805
21371,0,0.2401645
21372,0,0.057805926
21373,0,0.054581
21374,0,0.056377236
21375,0,0.34851846
21376,0,0.05527263
21377,0,0.05459963
21378,0,0.053984083
21379,0,0.055294048
21380,0,0.054095168
21381,1,0.057219103
21382,1,0.6321582
21383,0,0.055045612
21384,0,0.23924568
21385,0,0.054223936
21386,0,0.05403121
21387,0,0.63921326
21388,0,0.054061852
21389,0,0.08566723
21390,0,0.08037952
21391,0,0.6364931
21392,0,0.33002055
21393,0,0.10560568
21394,0,0.05413746
21395,0,0.054224588
21396,0,0.054570496
21397,0,0.05414139
21398,0,0.05670274
21399,0,0.058479715
21400,1,0.056459237
21401,0,0.05410055
21402,0,0.056716155
21403,0,0.63102555
21404,0,0.05441185
21405,0,0.054062717
21406,0,0.058184188
21407,0,0.18435048
21408,0,0.054181293
21409,0,0.06315236
21410,0,0.05420143
21411,0,0.09081634
21412,0,0.054395817
21413,0,0.054336775
21414,1,0.5828732
21415,0,0.28351262
21416,0,0.054303024
21417,0,0.0941921
21418,0,0.054121114
21419,0,0.40800428
21420,0,0.054603152
21421,0,0.05454366
21422,0,0.054888204
21423,1,0.62000483
21424,0,0.06578532
21425,0,0.054687772
21426,1,0.49367312
21427,0,0.05430749
21428,1,0.50083315
21429,1,0.45266125
21430,0,0.054533754
21431,1,0.32651898
21432,0,0.054470666
21433,1,0.56819516
21434,1,0.6410522
21435,0,0.5967849
21436,1,0.2966501
21437,0,0.054656222
21438,0,0.63492703
21439,0,0.055352647
21440,0,0.056478366
21441,0,0.58205974
21442,0,0.054130536
21443,0,0.38521057
21444,0,0.058665603
21445,0,0.24610867
21446,1,0.059176754
21447,0,0.05581139
21448,1,0.33216426
21449,0,0.105594456
21450,0,0.054161564
21451,1,0.22541107
21452,0,0.05681066
21453,0,0.6368058
21454,0,0.05492985
21455,0,0.05473993
21456,0,0.05592931
21457,0,0.055512585
21458,0,0.5842049
21459,0,0.054493226
21460,0,0.13573496
21461,1,0.3635455
21462,0,0.05460111
21463,0,0.05434991
21464,0,0.05721469
21465,0,0.18326502
21466,1,0.058232494
21467,0,0.19989455
21468,0,0.05571154
21469,0,0.23029424
21470,0,0.054806903
21471,0,0.22945945
21472,1,0.055541895
21473,0,0.054385718
21474,0,0.55465966
21475,0,0.5954523
21476,0,0.054358896
21477,1,0.17492965
21478,0,0.055925254
21479,0,0.05553967
21480,1,0.08122094
21481,0,0.054183047
21482,1,0.26353487
21483,0,0.057972725
21484,0,0.10655163
21485,0,0.05606373
21486,0,0.23510511
21487,0,0.056055117
21488,0,0.59148777
21489,0,0.40561602
21490,0,0.05678612
21491,0,0.05535024
21492,0,0.05415061
21493,0,0.2560562
21494,0,0.055581015
21495,0,0.055600867
21496,1,0.6330004
21497,0,0.087535135
21498,0,0.05734967
21499,0,0.05468077
21500,0,0.05427471
21501,0,0.055822976
21502,0,0.054571286
21503,0,0.05405044
21504,0,0.17113253
21505,0,0.24944872
21506,0,0.055848956
21507,0,0.0543636
21508,0,0.056824517
21509,0,0.07897112
21510,0,0.054562233
21511,0,0.054938283
21512,0,0.054428503
21513,0,0.054338533
21514,1,0.63670284
21515,0,0.05511896
21516,1,0.64065593
21517,1,0.6289291
21518,0,0.054411203
21519,0,0.17487226
21520,0,0.055068765
21521,0,0.055210195
21522,0,0.054532915
21523,0,0.053995073
21524,0,0.054919124
21525,0,0.6078179
21526,0,0.05408446
21527,0,0.24333006
21528,0,0.20806433
21529,0,0.054931793
21530,0,0.055118732
21531,0,0.32406756
21532,0,0.054365247
21533,0,0.055037558
21534,0,0.05596801
21535,0,0.05418303
21536,0,0.21068066
21537,0,0.05506874
21538,0,0.056201372
21539,0,0.05437045
21540,0,0.05550655
21541,1,0.198348
21542,0,0.05423662
21543,0,0.05410586
21544,1,0.36253443
21545,0,0.05467804
21546,0,0.25962964
21547,1,0.62801486
21548,0,0.054329883
21549,0,0.22054349
21550,0,0.054809403
21551,0,0.055347577
21552,0,0.055592507
21553,0,0.41103736
21554,0,0.054551594
21555,0,0.05489674
21556,1,0.19418405
21557,0,0.054436993
21558,0,0.05507998
21559,1,0.60963845
21560,0,0.05616392
21561,0,0.05469537
21562,0,0.05421817
21563,0,0.060301222
21564,0,0.054652747
21565,0,0.054295927
21566,0,0.05426957
21567,0,0.16810602
21568,0,0.18366732
21569,0,0.05426743
21570,1,0.64105344
21571,0,0.054498326
21572,0,0.05489883
21573,1,0.23512016
21574,1,0.20875745
21575,1,0.35892302
21576,0,0.05409849
21577,0,0.054143496
21578,0,0.62484604
21579,1,0.6214242
21580,0,0.055286527
21581,0,0.20772251
21582,0,0.06052089
21583,1,0.6251371
21584,0,0.5712442
21585,0,0.05426884
21586,0,0.05425105
21587,0,0.05507802
21588,1,0.20177273
21589,1,0.6190655
21590,1,0.290218
21591,0,0.055028208
21592,1,0.6390071
21593,0,0.056981973
21594,0,0.054257628
21595,0,0.054694995
21596,1,0.59738714
21597,0,0.05447873
21598,0,0.05422939
21599,0,0.26350698
21600,0,0.05478359
21601,0,0.17428765
21602,0,0.059424356
21603,0,0.054379858
21604,0,0.05632978
21605,1,0.5992422
21606,0,0.055522528
21607,0,0.05519568
21608,0,0.6281968
21609,1,0.6183317
21610,0,0.05402713
21611,0,0.05410198
21612,0,0.055567805
21613,0,0.6323151
21614,0,0.05439291
21615,0,0.054119352
21616,0,0.054335322
21617,0,0.5992358
21618,1,0.6169914
21619,0,0.05429971
21620,0,0.054881517
21621,0,0.05429691
21622,0,0.054304723
21623,0,0.054537244
21624,1,0.63834715
21625,0,0.05454467
21626,0,0.054807376
21627,0,0.053931903
21628,0,0.054173004
21629,1,0.20500478
21630,0,0.055432826
21631,0,0.05428721
21632,0,0.4273321
21633,1,0.3365104
21634,0,0.059218712
21635,0,0.054325324
21636,0,0.05454883
21637,0,0.054248165
21638,0,0.0539679
21639,0,0.056601748
21640,0,0.15090574
21641,0,0.59915215
21642,1,0.3762879
21643,0,0.054189637
21644,0,0.05432756
21645,1,0.09153346
21646,0,0.055532254
21647,0,0.058552064
21648,0,0.42731923
21649,1,0.16160172
21650,0,0.055265732
21651,0,0.054227386
21652,0,0.63951564
21653,1,0.2231294
21654,1,0.3571592
21655,0,0.054039773
21656,0,0.05458271
21657,0,0.05440919
21658,0,0.05429951
21659,0,0.054817356
21660,0,0.055257544
21661,0,0.19939065
21662,1,0.07416001
21663,0,0.054946736
21664,0,0.05565941
21665,1,0.057496924
21666,0,0.64052945
21667,0,0.054631025
21668,0,0.5850035
21669,0,0.05482262
21670,0,0.0556994
21671,0,0.055287085
21672,0,0.05548428
21673,0,0.054924406
21674,0,0.0560038
21675,0,0.053917404
21676,0,0.05421741
21677,1,0.6276675
21678,0,0.054122113
21679,0,0.15887392
21680,1,0.15860613
21681,0,0.054078802
21682,1,0.054894242
21683,0,0.054369465
21684,0,0.2572817
21685,0,0.054118186
21686,0,0.23218356
21687,0,0.054479666
21688,0,0.05427317
21689,0,0.054307368
21690,0,0.055269245
21691,1,0.25438404
21692,0,0.054301716
21693,1,0.64008504
21694,0,0.05409912
21695,0,0.05529739
21696,0,0.054699205
21697,0,0.05574954
21698,0,0.055631522
21699,0,0.20913719
21700,0,0.3700925
21701,1,0.36589152
21702,0,0.054251272
21703,0,0.056196764
21704,0,0.05433805
21705,0,0.054416068
21706,0,0.05510762
21707,0,0.054331478
21708,0,0.05442776
21709,1,0.064326815
21710,0,0.055660617
21711,0,0.6287622
21712,0,0.054309256
21713,1,0.6389463
21714,0,0.054259297
21715,0,0.29916218
21716,0,0.05465871
21717,0,0.055625632
21718,0,0.20181794
21719,0,0.055940315
21720,0,0.05420773
21721,0,0.054157693
21722,0,0.2386077
21723,0,0.055946533
21724,0,0.3080035
21725,0,0.05464669
21726,0,0.2276528
21727,0,0.054674197
21728,0,0.054562896
21729,0,0.05680952
21730,0,0.055597514
21731,0,0.05446326
21732,0,0.054475676
21733,0,0.054877866
21734,0,0.28786406
21735,0,0.059058692
21736,1,0.058385894
21737,0,0.055218987
21738,0,0.19920333
21739,0,0.05477055
21740,0,0.054083657
21741,0,0.053997464
21742,0,0.05415271
21743,0,0.054945353
21744,0,0.28575996
21745,0,0.3066717
21746,0,0.6281574
21747,0,0.19305058
21748,0,0.058853824
21749,1,0.5663068
21750,1,0.63034654
21751,0,0.05446181
21752,0,0.55293095
21753,0,0.054777198
21754,1,0.34079078
21755,0,0.05403808
21756,0,0.054727435
21757,0,0.0549054
21758,0,0.32093933
21759,0,0.055147838
21760,0,0.054257378
21761,0,0.054696694
21762,0,0.27837157
21763,0,0.054592423
21764,0,0.63859516
21765,0,0.055126753
21766,0,0.05633052
21767,0,0.055653095
21768,0,0.16058892
21769,0,0.05429775
21770,0,0.27113417
21771,0,0.05431592
21772,0,0.059088618
21773,0,0.05668639
21774,0,0.054228082
21775,0,0.06057168
21776,0,0.2218263
21777,0,0.628605
21778,1,0.056213863
21779,0,0.5867614
21780,1,0.056505915
21781,0,0.054298706
21782,0,0.05717161
21783,0,0.05461944
21784,0,0.34069225
21785,0,0.05563351
21786,0,0.060425483
21787,1,0.6387999
21788,0,0.05441124
21789,0,0.058077827
21790,0,0.61556727
21791,0,0.05547489
21792,1,0.4152097
21793,0,0.055426124
21794,0,0.05553435
21795,0,0.055156916
21796,1,0.061573543
21797,0,0.05422539
21798,0,0.63345003
21799,0,0.061677355
21800,1,0.05878115
21801,0,0.22752722
21802,0,0.05428199
21803,1,0.055674028
21804,0,0.054476324
21805,0,0.055168778
21806,0,0.055806667
21807,0,0.054746184
21808,0,0.055088986
21809,0,0.058372296
21810,0,0.11208577
21811,0,0.054205976
21812,0,0.055098545
21813,0,0.22100647
21814,1,0.055846006
21815,0,0.054306306
21816,0,0.055217963
21817,0,0.518906
21818,0,0.3870576
21819,0,0.05573617
21820,0,0.056637056
21821,0,0.054808315
21822,0,0.054380585
21823,0,0.05425366
21824,0,0.054381747
21825,0,0.054460663
21826,0,0.055282243
21827,0,0.05445415
21828,0,0.055486277
21829,0,0.05531358
21830,0,0.054244015
21831,0,0.61315197
21832,0,0.054481868
21833,0,0.054096755
21834,1,0.061735857
21835,0,0.27063277
21836,0,0.06844332
21837,0,0.058251593
21838,1,0.61116433
21839,0,0.19509836
21840,0,0.057633262
21841,0,0.23975836
21842,0,0.054672312
21843,0,0.056226935
21844,1,0.58019173
21845,0,0.05421703
21846,0,0.055191547
21847,0,0.05647806
21848,0,0.62113124
21849,1,0.3122122
21850,0,0.16005166
21851,0,0.05435301
21852,1,0.16365448
21853,0,0.055556837
21854,0,0.05418447
21855,0,0.054415494
21856,0,0.06527219
21857,0,0.05417279
21858,0,0.0550257
21859,0,0.055786345
21860,0,0.054282892
21861,1,0.6264578
21862,0,0.054324
21863,0,0.2321133
21864,0,0.05409307
21865,0,0.59082884
21866,0,0.05538169
21867,1,0.2888495
21868,0,0.05414917
21869,0,0.1138495
21870,1,0.62073106
21871,0,0.054450847
21872,0,0.060501684
21873,0,0.054733858
21874,1,0.6114761
21875,0,0.054304335
21876,0,0.06539395
21877,0,0.055848338
21878,1,0.6379911
21879,0,0.059021886
21880,0,0.05427511
21881,1,0.24668908
21882,1,0.31355658
21883,0,0.05439575
21884,0,0.06159141
21885,0,0.05497055
21886,1,0.6392596
21887,0,0.2554746
21888,0,0.13953653
21889,0,0.055519
21890,0,0.054364413
21891,0,0.05478838
21892,0,0.2322322
21893,0,0.6366304
21894,0,0.05419018
21895,1,0.05768931
21896,0,0.60113627
21897,1,0.6406957
21898,1,0.6399541
21899,0,0.36580136
21900,0,0.05439013
21901,1,0.6314215
21902,0,0.058205802
21903,0,0.41920692
21904,0,0.06442762
21905,0,0.05881792
21906,0,0.059284963
21907,0,0.05494502
21908,0,0.1514087
21909,0,0.055664677
21910,0,0.62613916
21911,0,0.054296155
21912,1,0.22878547
21913,0,0.05425796
21914,0,0.054140422
21915,0,0.055361137
21916,0,0.05417648
21917,1,0.28594962
21918,0,0.3039044
21919,0,0.05418872
21920,0,0.24281318
21921,1,0.6387035
21922,0,0.05482237
21923,1,0.5994442
21924,0,0.055407073
21925,0,0.055364683
21926,0,0.059693888
21927,0,0.23820226
21928,0,0.055039674
21929,0,0.055438608
21930,0,0.054339413
21931,1,0.63994336
21932,1,0.6009703
21933,0,0.054244004
21934,0,0.059992746
21935,1,0.35111806
21936,0,0.054629937
21937,0,0.21970119
21938,0,0.32597423
21939,0,0.054796137
21940,0,0.055904124
21941,0,0.054678127
21942,0,0.05446648
21943,1,0.41295594
21944,0,0.05456934
21945,0,0.5958613
21946,0,0.054410983
21947,0,0.0543955
21948,0,0.054093808
21949,0,0.062210485
21950,0,0.05482874
21951,0,0.057652142
21952,1,0.40790734
21953,0,0.05417714
21954,0,0.05471242
21955,1,0.056803375
21956,0,0.05422525
21957,0,0.055854186
21958,0,0.054058485
21959,0,0.054517847
21960,0,0.055778433
21961,1,0.5864268
21962,0,0.05469501
21963,0,0.61472285
21964,1,0.055811044
21965,0,0.05449146
21966,0,0.058232043
21967,0,0.057752125
21968,0,0.054413512
21969,0,0.054322384
21970,0,0.05428
21971,1,0.6059371
21972,1,0.6227534
21973,0,0.059774294
21974,0,0.056022085
21975,0,0.054848026
21976,0,0.065253876
21977,0,0.30672523
21978,0,0.054627758
21979,0,0.05595093
21980,0,0.05448753
21981,0,0.22625957
21982,0,0.055138465
21983,1,0.36013162
21984,1,0.056886964
21985,1,0.6275646
21986,1,0.3769578
21987,0,0.054199178
21988,0,0.054412805
21989,0,0.056268886
21990,0,0.061643768
21991,1,0.583741
21992,0,0.058029898
21993,1,0.63889486
21994,0,0.054916363
21995,1,0.58273995
21996,0,0.05659942
21997,0,0.05443937
21998,0,0.2105335
21999,0,0.06773026
22000,0,0.054849036
22001,0,0.054821827
22002,0,0.63623434
22003,0,0.054176427
22004,0,0.054265536
22005,1,0.6042374
22006,1,0.64011943
22007,0,0.054205436
22008,0,0.054307684
22009,0,0.054349743
22010,0,0.054114327
22011,0,0.054069996
22012,0,0.31314677
22013,0,0.055541806
22014,1,0.41793236
22015,0,0.054809287
22016,0,0.63935864
22017,0,0.05428957
22018,0,0.05540355
22019,0,0.16696252
22020,0,0.05505896
22021,0,0.6036032
22022,0,0.0556575
22023,0,0.055280697
22024,1,0.055476032
22025,0,0.05456447
22026,0,0.055250254
22027,0,0.054086898
22028,1,0.2300271
22029,0,0.057534106
22030,0,0.054099053
22031,1,0.2585309
22032,0,0.054870103
22033,1,0.23361307
22034,0,0.56159204
22035,0,0.055488154
22036,0,0.07377787
22037,0,0.44422007
22038,0,0.054283768
22039,0,0.6393221
22040,1,0.6402627
22041,1,0.6094152
22042,0,0.054478586
22043,0,0.05603311
22044,0,0.19506165
22045,0,0.2507315
22046,0,0.4438063
22047,0,0.054152075
22048,1,0.21689898
22049,0,0.05451776
22050,0,0.05483182
22051,0,0.05430042
22052,0,0.054344244
22053,0,0.05414503
22054,1,0.05865742
22055,0,0.056064337
22056,0,0.055071145
22057,0,0.112626314
22058,0,0.054153368
22059,1,0.23524809
22060,1,0.6288145
22061,0,0.6020032
22062,1,0.6289171
22063,0,0.05414162
22064,1,0.6318626
22065,0,0.054228257
22066,0,0.05452194
22067,0,0.05483685
22068,1,0.6142749
22069,0,0.06782718
22070,0,0.054968193
22071,0,0.05430167
22072,0,0.055180375
22073,0,0.5834201
22074,0,0.054391384
22075,0,0.07940793
22076,0,0.05488545
22077,0,0.29695693
22078,0,0.05402524
22079,0,0.640659
22080,0,0.06155275
22081,1,0.16018043
22082,0,0.056949873
22083,0,0.05663569
22084,0,0.18118474
22085,0,0.054312527
22086,0,0.054301787
22087,1,0.055535205
22088,1,0.61871237
22089,0,0.053964928
22090,0,0.054343484
22091,0,0.055752087
22092,0,0.055254493
22093,0,0.06179741
22094,0,0.054375347
22095,0,0.05545278
22096,0,0.22710623
22097,0,0.056014143
22098,0,0.054070164
22099,1,0.07267155
22100,0,0.054240312
22101,1,0.6313838
22102,0,0.055092707
22103,0,0.4319957
22104,0,0.056013826
22105,1,0.6121794
22106,0,0.0627906
22107,0,0.054609273
22108,0,0.054259077
22109,0,0.054760017
22110,0,0.058360472
22111,0,0.054143205
22112,0,0.054060157
22113,1,0.07132122
22114,0,0.059898995
22115,0,0.26041403
22116,0,0.35366684
22117,0,0.054888427
22118,0,0.34636638
22119,0,0.05571459
22120,0,0.060073998
22121,0,0.054174602
22122,0,0.05434357
22123,0,0.5986244
22124,0,0.6304361
22125,0,0.055205364
22126,0,0.054741383
22127,0,0.054899238
22128,0,0.05415701
22129,0,0.3640377
22130,0,0.23901898
22131,0,0.054055553
22132,0,0.0709101
22133,0,0.0545415
22134,1,0.57856584
22135,0,0.054377247
22136,0,0.18429121
22137,1,0.35324252
22138,0,0.054773197
22139,0,0.054155517
22140,1,0.061621204
22141,0,0.05422884
22142,0,0.057933766
22143,1,0.6264591
22144,0,0.054934196
22145,0,0.08091953
22146,0,0.054571014
22147,1,0.6282984
22148,0,0.054976396
22149,0,0.05697944
22150,0,0.057524044
22151,1,0.633919
22152,0,0.41783574
22153,0,0.054838553
22154,0,0.05514721
22155,0,0.054150198
22156,0,0.05506076
22157,0,0.64060295
22158,0,0.05429217
22159,0,0.05511078
22160,1,0.34610045
22161,1,0.6377515
22162,0,0.357481
22163,0,0.05447449
22164,0,0.05421906
22165,0,0.23267016
22166,0,0.057559904
22167,0,0.0540442
22168,0,0.23167019
22169,0,0.3113014
22170,0,0.054106686
22171,0,0.054041784
22172,1,0.6256521
22173,0,0.056747794
22174,0,0.5753866
22175,0,0.05637476
22176,1,0.4670039
22177,0,0.63554364
22178,0,0.0562798
22179,0,0.05431266
22180,0,0.05425088
22181,0,0.22538707
22182,1,0.62631273
22183,1,0.40925187
22184,1,0.54290587
22185,1,0.5664244
22186,0,0.05435157
22187,0,0.055335198
22188,0,0.054477468
22189,0,0.054340027
22190,1,0.58424836
22191,0,0.058173683
22192,0,0.057551757
22193,0,0.054607954
22194,0,0.64026904
22195,1,0.22918111
22196,1,0.6383129
22197,1,0.64027274
22198,0,0.054948542
22199,0,0.055522326
22200,0,0.069471456
22201,0,0.054309186
22202,0,0.054179456
22203,0,0.21949823
22204,1,0.2635204
22205,0,0.2305387
22206,0,0.06163717
22207,0,0.05433369
22208,0,0.055014025
22209,1,0.6403794
22210,0,0.05455424
22211,0,0.6387668
22212,0,0.05970617
22213,0,0.05514408
22214,0,0.05462627
22215,0,0.061224725
22216,0,0.054984376
22217,1,0.0805234
22218,0,0.05599004
22219,0,0.055490453
22220,0,0.62121594
22221,0,0.056381747
22222,0,0.056672595
22223,0,0.054557685
22224,0,0.05478885
22225,0,0.056424446
22226,0,0.055081457
22227,0,0.6187883
22228,1,0.57681066
22229,0,0.05582426
22230,0,0.05795381
22231,0,0.056224957
22232,0,0.06088986
22233,1,0.055407576
22234,0,0.4490056
22235,1,0.23384908
22236,0,0.054241683
22237,0,0.05495643
22238,0,0.6362315
22239,0,0.060040295
22240,0,0.1833425
22241,1,0.23588215
22242,0,0.05841571
22243,0,0.055755462
22244,0,0.05459813
22245,1,0.631599
22246,0,0.05501759
22247,0,0.05439177
22248,0,0.05512696
22249,0,0.6367944
22250,0,0.054428637
22251,0,0.062575296
22252,0,0.054540407
22253,0,0.056003276
22254,0,0.23250094
22255,0,0.05685256
22256,0,0.057014115
22257,0,0.05599473
22258,1,0.2236073
22259,0,0.054002114
22260,0,0.054914292
22261,0,0.055138927
22262,1,0.61553824
22263,0,0.056965195
22264,0,0.055149943
22265,0,0.05834321
22266,0,0.055468224
22267,0,0.058236822
22268,0,0.056109186
22269,0,0.05475572
22270,0,0.35562384
22271,0,0.054508988
22272,0,0.054935623
22273,0,0.054510746
22274,0,0.0542689
22275,0,0.062399082
22276,1,0.23161148
22277,0,0.51551825
22278,0,0.05473962
22279,0,0.05435081
22280,0,0.05436081
22281,0,0.056719832
22282,0,0.06117149
22283,0,0.05435738
22284,0,0.05440963
22285,1,0.3161016
22286,0,0.057950504
22287,0,0.054146115
22288,1,0.5904127
22289,0,0.6404547
22290,0,0.0543577
22291,1,0.5844448
22292,0,0.6029994
22293,0,0.054259628
22294,0,0.23614433
22295,0,0.054869194
22296,1,0.58547777
22297,0,0.054503918
22298,0,0.054759834
22299,1,0.6013382
22300,0,0.054276206
22301,1,0.28590664
22302,0,0.05554022
22303,1,0.63242227
22304,0,0.055109292
22305,0,0.054292753
22306,0,0.054471366
22307,0,0.05445283
22308,0,0.05439846
22309,0,0.054743767
22310,0,0.0559867
22311,0,0.06129282
22312,1,0.63385195
22313,0,0.05511806
22314,0,0.054978907
22315,1,0.59688777
22316,0,0.055894397
22317,1,0.23825446
22318,0,0.05494697
22319,0,0.054225788
22320,1,0.6356226
22321,0,0.054819576
22322,0,0.056227833
22323,0,0.054282155
22324,1,0.5832003
22325,1,0.6350259
22326,0,0.17067584
22327,0,0.054328635
22328,0,0.16913378
22329,0,0.14548074
22330,1,0.056276716
22331,0,0.05435804
22332,0,0.054180875
22333,0,0.057646886
22334,0,0.0541643
22335,0,0.54765874
22336,0,0.63038486
22337,1,0.055636235
22338,0,0.058593288
22339,1,0.055183657
22340,0,0.05437066
22341,0,0.0554636
22342,0,0.054985933
22343,0,0.05459173
22344,0,0.6369597
22345,1,0.6202754
22346,1,0.36081102
22347,0,0.05502455
22348,0,0.22061794
22349,0,0.40324926
22350,0,0.05442791
22351,0,0.061282728
22352,0,0.05416905
22353,0,0.6316829
22354,0,0.060179774
22355,0,0.0572223
22356,0,0.054793913
22357,0,0.055483505
22358,0,0.054068938
22359,0,0.05473295
22360,0,0.054284483
22361,0,0.06341723
22362,1,0.060880497
22363,0,0.07537814
22364,0,0.05447301
22365,1,0.05682508
22366,0,0.054946583
22367,0,0.2417639
22368,0,0.20250669
22369,1,0.63898265
22370,0,0.054159705
22371,1,0.19007881
22372,1,0.45014742
22373,0,0.08161055
22374,1,0.6013841
22375,0,0.05501596
22376,0,0.054560546
22377,0,0.05482174
22378,0,0.06879543
22379,0,0.05418789
22380,0,0.054325916
22381,0,0.068833224
22382,0,0.05451968
22383,0,0.18549906
22384,0,0.059125908
22385,0,0.5977087
22386,0,0.07257078
22387,0,0.628781
22388,0,0.27818722
22389,0,0.59249485
22390,0,0.055894457
22391,0,0.054141402
22392,0,0.054426476
22393,0,0.054443333
22394,0,0.056330364
22395,0,0.2214197
22396,0,0.6154156
22397,0,0.055179905
22398,0,0.054560978
22399,0,0.05467586
22400,0,0.054166824
22401,0,0.054660805
22402,0,0.056874886
22403,0,0.06348385
22404,1,0.0686662
22405,0,0.05516992
22406,1,0.6387622
22407,0,0.054413285
22408,0,0.056780294
22409,0,0.05862232
22410,1,0.64037836
22411,0,0.07038145
22412,0,0.17549229
22413,0,0.07006038
22414,0,0.05689387
22415,0,0.63587826
22416,0,0.05434069
22417,1,0.40687
22418,0,0.395843
22419,0,0.05408378
22420,0,0.056027856
22421,0,0.054492638
22422,0,0.07464125
22423,0,0.054356407
22424,0,0.062135946
22425,0,0.05905385
22426,0,0.055249754
22427,0,0.054388832
22428,0,0.14416245
22429,0,0.05513778
22430,0,0.05649434
22431,0,0.054055978
22432,1,0.6197166
22433,1,0.60564494
22434,1,0.6138097
22435,1,0.054593172
22436,0,0.058329877
22437,1,0.05830363
22438,0,0.054165594
22439,0,0.05645987
22440,0,0.4430782
22441,0,0.0546792
22442,1,0.22129197
22443,0,0.05423569
22444,0,0.058628768
22445,0,0.58616924
22446,0,0.055732608
22447,0,0.05571107
22448,0,0.63974786
22449,0,0.05750063
22450,1,0.6211924
22451,0,0.3348498
22452,0,0.25347048
22453,0,0.054089878
22454,0,0.054838926
22455,0,0.055756398
22456,1,0.2145295
22457,0,0.054269608
22458,0,0.05493739
22459,0,0.23117861
22460,0,0.24028316
22461,0,0.5909504
22462,0,0.054920696
22463,1,0.6406808
22464,1,0.6033471
22465,0,0.23360726
22466,0,0.20981415
22467,1,0.061368726
22468,0,0.054546673
22469,0,0.058287613
22470,0,0.054333877
22471,0,0.05441719
22472,0,0.05448065
22473,0,0.42243993
22474,0,0.0545148
22475,0,0.05463876
22476,0,0.054187324
22477,0,0.054330785
22478,0,0.054387815
22479,1,0.63801944
22480,0,0.060179666
22481,0,0.060447916
22482,0,0.0597125
22483,0,0.05455024
22484,0,0.05434311
22485,1,0.63937104
22486,0,0.27189797
22487,0,0.055365793
22488,1,0.17882238
22489,0,0.055828884
22490,1,0.6400552
22491,0,0.05461215
22492,0,0.38466203
22493,1,0.42090863
22494,0,0.09422213
22495,0,0.054239824
22496,0,0.22430143
22497,1,0.2071394
22498,1,0.63042444
22499,0,0.05448335
22500,0,0.0556821
22501,0,0.054813467
22502,0,0.054895204
22503,0,0.054174807
22504,0,0.053970687
22505,1,0.6390046
22506,0,0.27095237
22507,0,0.086490095
22508,0,0.05804613
22509,0,0.056635387
22510,0,0.05395768
22511,0,0.054688457
22512,0,0.054613125
22513,0,0.054676257
22514,0,0.054414257
22515,0,0.05567611
22516,0,0.12466227
22517,1,0.6248073
22518,0,0.06511632
22519,0,0.060819324
22520,0,0.054321624
22521,0,0.06648013
22522,0,0.07871699
22523,0,0.055306215
22524,0,0.0769235
22525,0,0.05422483
22526,0,0.054214034
22527,0,0.12071097
22528,1,0.21549188
22529,0,0.054270525
22530,0,0.0733281
22531,0,0.05421434
22532,0,0.05416602
22533,0,0.095259525
22534,0,0.05419452
22535,0,0.054376084
22536,0,0.056594897
22537,0,0.05466067
22538,0,0.21300527
22539,0,0.054716542
22540,0,0.054198474
22541,0,0.054035887
22542,0,0.054221284
22543,0,0.639984
22544,1,0.63031125
22545,0,0.05454203
22546,0,0.054934334
22547,0,0.056539778
22548,1,0.63860464
22549,0,0.05692216
22550,0,0.069712885
22551,1,0.20196743
22552,1,0.63998455
22553,0,0.23342338
22554,0,0.3625227
22555,0,0.05413904
22556,0,0.054899152
22557,0,0.054337204
22558,1,0.6153625
22559,0,0.06733369
22560,1,0.05861954
22561,0,0.4157942
22562,1,0.63349193
22563,0,0.05420894
22564,1,0.05512494
22565,0,0.054022804
22566,0,0.054750267
22567,0,0.34405553
22568,0,0.06053881
22569,0,0.059596866
22570,0,0.054208722
22571,0,0.110273056
22572,0,0.055418618
22573,0,0.21118276
22574,1,0.6264914
22575,0,0.05467978
22576,0,0.05433967
22577,0,0.33538365
22578,0,0.057899605
22579,0,0.40644813
22580,0,0.05438895
22581,0,0.055662096
22582,0,0.5186132
22583,1,0.36051565
22584,0,0.26032013
22585,0,0.054061696
22586,0,0.05408868
22587,0,0.056493092
22588,0,0.055133447
22589,0,0.05493499
22590,0,0.055855583
22591,1,0.6402898
22592,0,0.05426862
22593,0,0.05473756
22594,0,0.17737521
22595,0,0.055070847
22596,0,0.635615
22597,1,0.5837392
22598,0,0.056154504
22599,0,0.058436487
22600,0,0.054548483
22601,0,0.055117786
22602,0,0.05431183
22603,0,0.39352712
22604,0,0.05512887
22605,1,0.059534088
22606,0,0.054286793
22607,0,0.056568474
22608,0,0.055139717
22609,0,0.056150567
22610,0,0.6367635
22611,0,0.056624684
22612,0,0.054488413
22613,0,0.054851487
22614,0,0.05960338
22615,0,0.055068687
22616,0,0.059980083
22617,0,0.05553322
22618,0,0.056176357
22619,0,0.055170532
22620,0,0.6336311
22621,0,0.591095
22622,0,0.05553773
22623,0,0.05471394
22624,0,0.34578493
22625,1,0.099812225
22626,1,0.47787336
22627,0,0.055520464
22628,0,0.05448033
22629,0,0.0543326
22630,0,0.09736219
22631,0,0.055134404
22632,0,0.6031178
22633,0,0.21296906
22634,0,0.054389812
22635,1,0.60384697
22636,0,0.05413448
22637,0,0.05477646
22638,0,0.054525886
22639,0,0.32249936
22640,0,0.054271985
22641,0,0.05449491
22642,0,0.054944556
22643,0,0.058753673
22644,0,0.05515547
22645,0,0.054098174
22646,1,0.6385457
22647,0,0.054598056
22648,0,0.054462157
22649,0,0.05444983
22650,0,0.05417402
22651,0,0.054028418
22652,0,0.05570858
22653,0,0.068994805
22654,0,0.61982524
22655,1,0.6378407
22656,0,0.05444762
22657,0,0.054413524
22658,0,0.056783006
22659,0,0.6284591
22660,0,0.054532036
22661,0,0.055724066
22662,0,0.05508512
22663,0,0.05812858
22664,0,0.054781176
22665,0,0.24012762
22666,0,0.058633994
22667,0,0.05470832
22668,0,0.055689268
22669,1,0.32727537
22670,0,0.054941412
22671,0,0.055435494
22672,0,0.054645106
22673,0,0.054852676
22674,0,0.055571094
22675,0,0.054207165
22676,0,0.0558005
22677,0,0.296367
22678,0,0.054230433
22679,0,0.054164726
22680,1,0.6139321
22681,1,0.2218251
22682,0,0.29333955
22683,0,0.3177331
22684,0,0.05452032
22685,0,0.054800298
22686,0,0.05415211
22687,0,0.6049352
22688,0,0.05420676
22689,0,0.055788428
22690,1,0.6391919
22691,0,0.05586346
22692,1,0.07056071
22693,0,0.054442
22694,0,0.059234206
22695,0,0.054557413
22696,0,0.057347503
22697,0,0.05614139
22698,0,0.23731071
22699,0,0.055458423
22700,0,0.054461494
22701,0,0.05577914
22702,0,0.05502791
22703,0,0.24367343
22704,0,0.054287873
22705,0,0.054900818
22706,0,0.44560868
22707,0,0.05663934
22708,1,0.21707657
22709,0,0.05495481
22710,1,0.4208483
22711,1,0.2402559
22712,1,0.6389325
22713,0,0.63131726
22714,0,0.054511312
22715,0,0.056699637
22716,1,0.5861412
22717,0,0.057150044
22718,1,0.42935732
22719,0,0.23479061
22720,0,0.060466684
22721,0,0.64007294
22722,1,0.19722746
22723,1,0.62283766
22724,0,0.054624606
22725,0,0.055131327
22726,0,0.054440845
22727,0,0.062106244
22728,0,0.055119526
22729,0,0.054810032
22730,0,0.05424195
22731,0,0.054448184
22732,0,0.054610536
22733,1,0.60898644
22734,0,0.05689929
22735,0,0.055804998
22736,0,0.054851435
22737,0,0.054279093
22738,0,0.064549975
22739,0,0.055915434
22740,0,0.05741268
22741,0,0.05453326
22742,1,0.27512765
22743,0,0.054210052
22744,0,0.63783413
22745,1,0.29766074
22746,0,0.054223143
22747,0,0.3938779
22748,0,0.054228123
22749,0,0.0544746
22750,0,0.055077784
22751,1,0.6048461
22752,1,0.05661537
22753,0,0.054239005
22754,0,0.055195466
22755,0,0.054177884
22756,0,0.26765615
22757,0,0.14639805
22758,1,0.39639187
22759,0,0.054391637
22760,0,0.18727143
22761,0,0.054377306
22762,0,0.054192495
22763,0,0.24085169
22764,1,0.46093455
22765,0,0.05504229
22766,1,0.6375576
22767,1,0.24914327
22768,0,0.20985799
22769,0,0.056325722
22770,0,0.05709003
22771,1,0.6365816
22772,0,0.054168865
22773,0,0.6408443
22774,0,0.060598228
22775,0,0.056261696
22776,0,0.062086977
22777,0,0.054229256
22778,0,0.054207247
22779,0,0.054576203
22780,0,0.05424771
22781,0,0.06731631
22782,0,0.05803406
22783,0,0.63834685
22784,0,0.055096906
22785,0,0.06041505
22786,0,0.05569125
22787,0,0.054957632
22788,0,0.23051398
22789,0,0.05515212
22790,0,0.057072565
22791,1,0.1735174
22792,0,0.59195197
22793,0,0.054187108
22794,0,0.054229945
22795,1,0.62887293
22796,0,0.05463351
22797,0,0.05423679
22798,0,0.05905886
22799,0,0.40899375
22800,1,0.2543524
22801,0,0.054131664
22802,0,0.054168973
22803,0,0.056844857
22804,0,0.054077655
22805,0,0.05426424
22806,0,0.054463852
22807,0,0.061304193
22808,0,0.054437287
22809,0,0.054827906
22810,0,0.6408598
22811,0,0.05432268
22812,0,0.05420051
22813,0,0.056335177
22814,0,0.054244865
22815,1,0.35246935
22816,0,0.23089498
22817,0,0.33351898
22818,1,0.055221688
22819,0,0.05422065
22820,1,0.5937968
22821,1,0.06590886
22822,0,0.05658083
22823,0,0.05427437
22824,0,0.05995218
22825,0,0.22292043
22826,0,0.26270118
22827,0,0.05555359
22828,0,0.059939057
22829,0,0.054922577
22830,1,0.35335654
22831,0,0.18042749
22832,0,0.06147064
22833,0,0.054305017
22834,0,0.0548198
22835,0,0.6015223
22836,0,0.05763565
22837,1,0.37902665
22838,0,0.6373403
22839,0,0.059061162
22840,0,0.23533404
22841,0,0.05418505
22842,0,0.6371524
22843,0,0.26637635
22844,0,0.4172766
22845,0,0.054165017
22846,0,0.054256286
22847,0,0.05492389
22848,0,0.61890936
22849,1,0.05449652
22850,0,0.057632305
22851,0,0.061962586
22852,0,0.05465159
22853,0,0.054297544
22854,0,0.07067047
22855,1,0.6258263
22856,0,0.05538743
22857,0,0.05441905
22858,1,0.37908304
22859,0,0.062168296
22860,0,0.056384414
22861,1,0.51154274
22862,0,0.05444379
22863,1,0.42639592
22864,0,0.054226518
22865,0,0.05500105
22866,0,0.054439254
22867,1,0.6233278
22868,1,0.22931498
22869,0,0.054269794
22870,1,0.6341336
22871,0,0.05643055
22872,0,0.057311386
22873,0,0.05460143
22874,0,0.47162145
22875,0,0.054902107
22876,0,0.20795111
22877,1,0.1705674
22878,0,0.054600604
22879,0,0.37073666
22880,0,0.054499354
22881,0,0.054287624
22882,0,0.14363877
22883,0,0.055422056
22884,0,0.6381543
22885,1,0.5585302
22886,0,0.32331082
22887,1,0.064031914
22888,0,0.05403394
22889,0,0.05455488
22890,0,0.056960214
22891,1,0.2001991
22892,1,0.639354
22893,0,0.61134493
22894,0,0.05429769
22895,0,0.054090254
22896,1,0.6401381
22897,0,0.4585703
22898,0,0.054646343
22899,0,0.055018824
22900,0,0.6363801
22901,0,0.05389453
22902,0,0.05424501
22903,0,0.059731625
22904,0,0.05422428
22905,0,0.054817848
22906,0,0.05443478
22907,0,0.2432675
22908,0,0.23834598
22909,0,0.054082178
22910,0,0.05471187
22911,0,0.05441719
22912,0,0.05446624
22913,0,0.05443039
22914,0,0.22480717
22915,0,0.22048037
22916,0,0.061163384
22917,0,0.054269917
22918,0,0.08716223
22919,0,0.060005598
22920,0,0.054079764
22921,1,0.07235897
22922,1,0.6356758
22923,0,0.054262616
22924,0,0.50166756
22925,1,0.27148768
22926,0,0.22546719
22927,0,0.054331563
22928,1,0.31139514
22929,0,0.6275098
22930,0,0.06702349
22931,0,0.31826872
22932,0,0.054337367
22933,0,0.05435882
22934,0,0.05526545
22935,0,0.05497029
22936,0,0.05473344
22937,0,0.055233687
22938,0,0.054156322
22939,1,0.5843883
22940,0,0.054159436
22941,0,0.5877718
22942,1,0.63960034
22943,0,0.23241225
22944,0,0.05493938
22945,0,0.23345011
22946,0,0.06173559
22947,0,0.45264933
22948,0,0.05468032
22949,0,0.3755174
22950,0,0.054139555
22951,1,0.060850214
22952,0,0.057999566
22953,1,0.6229759
22954,0,0.054178372
22955,0,0.054644655
22956,0,0.15950952
22957,0,0.05542733
22958,0,0.055334263
22959,0,0.19201924
22960,0,0.054416478
22961,0,0.05453254
22962,0,0.36572143
22963,1,0.63823885
22964,1,0.19878037
22965,1,0.055657975
22966,0,0.39720142
22967,0,0.05428202
22968,0,0.60685164
22969,0,0.22292422
22970,1,0.06346925
22971,0,0.05656792
22972,0,0.05419784
22973,1,0.06254492
22974,0,0.054399516
22975,0,0.054367743
22976,0,0.05634402
22977,0,0.62935805
22978,1,0.63568014
22979,0,0.05437758
22980,0,0.22151403
22981,1,0.27819315
22982,0,0.055088136
22983,0,0.054381255
22984,0,0.06243028
22985,0,0.05433667
22986,0,0.058275294
22987,0,0.0557789
22988,1,0.5649529
22989,0,0.054209147
22990,0,0.05405651
22991,0,0.054788023
22992,0,0.18074605
22993,0,0.054335684
22994,1,0.34368774
22995,0,0.32871753
22996,0,0.057881165
22997,0,0.055314194
22998,1,0.05583857
22999,0,0.05415159
23000,0,0.058495548
23001,1,0.64213073
23002,0,0.22264747
23003,0,0.34565943
23004,0,0.21780565
23005,0,0.054949798
23006,1,0.60639286
23007,0,0.054316163
23008,0,0.05442975
23009,0,0.053888105
23010,0,0.054282863
23011,0,0.054188646
23012,0,0.055707213
23013,0,0.054333407
23014,0,0.057003383
23015,1,0.64059454
23016,0,0.055002626
23017,0,0.05524913
23018,0,0.059756733
23019,0,0.05457196
23020,0,0.05437827
23021,0,0.05535745
23022,0,0.05513454
23023,0,0.3245518
23024,0,0.054693807
23025,0,0.05483358
23026,0,0.05528347
23027,0,0.06008322
23028,0,0.054843713
23029,0,0.057005387
23030,0,0.05409216
23031,0,0.28376612
23032,0,0.054471787
23033,0,0.055539683
23034,0,0.05525075
23035,0,0.05394865
23036,0,0.6401205
23037,1,0.20421177
23038,0,0.054577734
23039,0,0.15881252
23040,0,0.42419973
23041,0,0.054942094
23042,0,0.054647624
23043,0,0.0543878
23044,0,0.05448883
23045,0,0.099602684
23046,0,0.060897443
23047,0,0.12728798
23048,0,0.05459904
23049,0,0.32359377
23050,1,0.63750947
23051,0,0.054767497
23052,1,0.63646376
23053,0,0.20143458
23054,0,0.054148838
23055,0,0.05493843
23056,0,0.3806714
23057,0,0.053967416
23058,1,0.61777425
23059,0,0.07598301
23060,0,0.0579459
23061,0,0.05467094
23062,1,0.05468843
23063,0,0.05483683
23064,0,0.19309326
23065,0,0.24437188
23066,0,0.056697864
23067,0,0.05438133
23068,0,0.14817992
23069,1,0.05914851
23070,0,0.054609552
23071,0,0.0559027
23072,0,0.06766468
23073,1,0.5529599
23074,0,0.054244068
23075,1,0.2699523
23076,0,0.05480483
23077,0,0.05581956
23078,0,0.057141762
23079,0,0.056155883
23080,1,0.05931147
23081,1,0.6399068
23082,0,0.06503176
23083,0,0.05438363
23084,0,0.054295044
23085,0,0.07336139
23086,0,0.31674305
23087,0,0.054153077
23088,0,0.05501952
23089,1,0.62102526
23090,0,0.3195263
23091,0,0.0558029
23092,0,0.055191778
23093,0,0.055653337
23094,0,0.3076
23095,0,0.05421263
23096,0,0.054360315
23097,0,0.3128155
23098,1,0.63756317
23099,0,0.054454602
23100,0,0.055585336
23101,0,0.07391306
23102,1,0.27246907
23103,0,0.0545447
23104,0,0.05425878
23105,0,0.05465548
23106,0,0.054228745
23107,1,0.61104727
23108,0,0.3008223
23109,0,0.17975149
23110,0,0.22516508
23111,0,0.05521962
23112,1,0.51387125
23113,1,0.0581472
23114,0,0.055531852
23115,0,0.05527663
23116,0,0.05421917
23117,0,0.056801215
23118,0,0.054400712
23119,0,0.058342285
23120,0,0.054252908
23121,0,0.05411549
23122,0,0.054274295
23123,0,0.33594126
23124,0,0.054929987
23125,0,0.054478917
23126,0,0.0550875
23127,1,0.28924266
23128,0,0.05482277
23129,0,0.054957557
23130,0,0.060590196
23131,0,0.6281799
23132,0,0.05490624
23133,0,0.054352257
23134,1,0.6384856
23135,0,0.054970186
23136,0,0.41822788
23137,0,0.054242525
23138,0,0.61215544
23139,0,0.05419957
23140,0,0.054454707
23141,0,0.054359384
23142,0,0.05546237
23143,1,0.529465
23144,1,0.63573337
23145,0,0.6196441
23146,0,0.05611273
23147,0,0.31273386
23148,0,0.054694247
23149,0,0.055152018
23150,0,0.054815035
23151,0,0.0541367
23152,0,0.53937095
23153,0,0.054378655
23154,0,0.054632362
23155,1,0.63823205
23156,1,0.06236054
23157,0,0.054829538
23158,1,0.6097846
23159,1,0.63003486
23160,1,0.6392923
23161,0,0.0542747
23162,0,0.3743247
23163,0,0.07798779
23164,1,0.63723737
23165,0,0.05500723
23166,0,0.6286588
23167,0,0.05425252
23168,1,0.5940083
23169,0,0.13386364
23170,0,0.63946414
23171,0,0.05484475
23172,1,0.3760963
23173,0,0.0543559
23174,0,0.6153971
23175,1,0.6396569
23176,0,0.054474548
23177,0,0.32641652
23178,0,0.054243736
23179,0,0.055298075
23180,0,0.054311194
23181,0,0.62670785
23182,0,0.054659378
23183,0,0.05437066
23184,0,0.055100553
23185,0,0.0563531
23186,1,0.23240945
23187,0,0.05525675
23188,0,0.2153499
23189,0,0.05463643
23190,0,0.05442357
23191,0,0.054224756
23192,0,0.3210076
23193,0,0.63560694
23194,0,0.054266077
23195,0,0.054351643
23196,0,0.106251076
23197,1,0.37132588
23198,0,0.054387745
23199,1,0.6280663
23200,0,0.06901603
23201,1,0.29129538
23202,0,0.5747948
23203,0,0.054266125
23204,0,0.05501948
23205,0,0.054557856
23206,0,0.055293027
23207,0,0.057405166
23208,0,0.054442044
23209,0,0.054223377
23210,0,0.054234847
23211,0,0.056341223
23212,1,0.057746593
23213,1,0.6034106
23214,1,0.5989646
23215,0,0.056909222
23216,0,0.05443562
23217,0,0.059694014
23218,0,0.054254305
23219,0,0.6334463
23220,1,0.6387876
23221,0,0.060626008
23222,0,0.059440926
23223,0,0.054260593
23224,0,0.054197334
23225,0,0.2188684
23226,1,0.5980864
23227,1,0.6313914
23228,0,0.061562944
23229,0,0.055620056
23230,0,0.054276697
23231,0,0.058024194
23232,0,0.6369798
23233,0,0.054336585
23234,1,0.6384278
23235,1,0.63647175
23236,1,0.62277645
23237,0,0.054002285
23238,1,0.6410002
23239,0,0.054722756
23240,0,0.05536918
23241,0,0.054328877
23242,1,0.6337802
23243,1,0.36055055
23244,0,0.60621184
23245,0,0.12412679
23246,1,0.62836
23247,0,0.05450652
23248,0,0.054272525
23249,0,0.05398951
23250,0,0.058827054
23251,0,0.054151803
23252,0,0.05422506
23253,0,0.054511175
23254,0,0.05533602
23255,0,0.055731405
23256,0,0.19430527
23257,0,0.055185877
23258,1,0.63875574
23259,0,0.055073097
23260,0,0.054391958
23261,0,0.06386369
23262,0,0.22294834
23263,1,0.6364018
23264,0,0.059033558
23265,1,0.21229734
23266,1,0.05742436
23267,0,0.05750315
23268,0,0.054620877
23269,0,0.0787759
23270,0,0.057194218
23271,0,0.28306293
23272,0,0.05601373
23273,0,0.05454562
23274,0,0.054112215
23275,0,0.05439222
23276,0,0.05598823
23277,0,0.054472838
23278,0,0.05655484
23279,0,0.05462127
23280,0,0.055713348
23281,0,0.055417012
23282,1,0.22702183
23283,0,0.335974
23284,1,0.636223
23285,0,0.054071814
23286,0,0.077044696
23287,1,0.59500086
23288,0,0.055288
23289,0,0.054153647
23290,0,0.056753755
23291,0,0.05422779
23292,0,0.054157764
23293,1,0.6257423
23294,1,0.6269956
23295,1,0.41817063
23296,0,0.59834605
23297,0,0.054064535
23298,0,0.0590946
23299,0,0.06581302
23300,0,0.054333396
23301,0,0.055636134
23302,0,0.054500557
23303,0,0.29546353
23304,0,0.05481098
23305,0,0.054356523
23306,1,0.19899043
23307,0,0.056256786
23308,0,0.0559941
23309,0,0.055406045
23310,0,0.054967005
23311,0,0.6302295
23312,0,0.05423745
23313,0,0.05408802
23314,1,0.62123185
23315,0,0.055215154
23316,0,0.05442997
23317,0,0.05417943
23318,0,0.054154146
23319,0,0.054773707
23320,0,0.054287095
23321,0,0.05669208
23322,0,0.05472731
23323,0,0.059352186
23324,0,0.05422126
23325,0,0.05424027
23326,0,0.057999097
23327,0,0.05414729
23328,0,0.06007679
23329,1,0.34346372
23330,1,0.6288849
23331,0,0.057741433
23332,0,0.056063503
23333,0,0.33885565
23334,0,0.05467807
23335,0,0.05429955
23336,0,0.054120846
23337,0,0.08355976
23338,1,0.26080328
23339,0,0.055823013
23340,0,0.054337554
23341,0,0.05449265
23342,0,0.054251224
23343,0,0.057827078
23344,0,0.05421684
23345,1,0.3172357
23346,0,0.05480671
23347,0,0.22896637
23348,0,0.054515995
23349,0,0.054065265
23350,1,0.63986886
23351,0,0.63364154
23352,0,0.059561417
23353,0,0.0543407
23354,0,0.061858743
23355,0,0.05436386
23356,0,0.054030307
23357,1,0.5734197
23358,0,0.05489795
23359,0,0.05454293
23360,0,0.055177703
23361,0,0.055772506
23362,0,0.054282177
23363,0,0.063975155
23364,0,0.057991117
23365,0,0.054148484
23366,1,0.1974453
23367,0,0.14443994
23368,0,0.054369744
23369,0,0.054507997
23370,0,0.055205517
23371,0,0.31586975
23372,0,0.055507902
23373,0,0.055037953
23374,0,0.4481614
23375,0,0.63791084
23376,0,0.05830887
23377,0,0.054204214
23378,0,0.05649091
23379,0,0.054216027
23380,0,0.05629967
23381,0,0.05515084
23382,0,0.40145347
23383,1,0.63939226
23384,0,0.06776405
23385,0,0.06850588
23386,0,0.055220146
23387,0,0.05430749
23388,0,0.054851584
23389,0,0.054248713
23390,1,0.636471
23391,0,0.054664895
23392,0,0.299503
23393,0,0.47910002
23394,1,0.19806457
23395,0,0.63094634
23396,0,0.054315817
23397,0,0.062594235
23398,0,0.05659759
23399,0,0.21962154
23400,0,0.055844847
23401,1,0.63559353
23402,0,0.054118413
23403,0,0.054270603
23404,1,0.6374728
23405,0,0.056758314
23406,0,0.05452992
23407,0,0.056692574
23408,0,0.23962823
23409,0,0.5657637
23410,0,0.056116953
23411,0,0.055384487
23412,0,0.057221003
23413,0,0.24759045
23414,0,0.05495954
23415,0,0.05475087
23416,0,0.05440298
23417,0,0.05434903
23418,0,0.62202054
23419,1,0.62943834
23420,1,0.29532075
23421,0,0.2496562
23422,1,0.62487674
23423,0,0.054413397
23424,0,0.23273295
23425,0,0.057326186
23426,0,0.054431815
23427,1,0.25220257
23428,0,0.23317306
23429,0,0.05507091
23430,0,0.055036057
23431,0,0.19879398
23432,0,0.054564144
23433,1,0.6401232
23434,1,0.6099746
23435,0,0.055177134
23436,1,0.10731467
23437,0,0.055247985
23438,0,0.054174323
23439,1,0.63557893
23440,0,0.05440168
23441,0,0.07460191
23442,0,0.16455597
23443,1,0.23177741
23444,0,0.054574676
23445,0,0.05436826
23446,0,0.05518242
23447,1,0.056142237
23448,0,0.062082004
23449,0,0.07112694
23450,0,0.061734933
23451,0,0.63979286
23452,0,0.054010477
23453,0,0.05425335
23454,0,0.05496662
23455,0,0.055658188
23456,1,0.6382441
23457,0,0.055716515
23458,0,0.05414498
23459,0,0.05490305
23460,1,0.32518023
23461,1,0.59603745
23462,0,0.05482798
23463,0,0.20150903
23464,0,0.054635137
23465,0,0.07098884
23466,0,0.62354654
23467,0,0.05417959
23468,0,0.18735154
23469,1,0.055679493
23470,0,0.054908
23471,0,0.055069413
23472,0,0.054549012
23473,0,0.055688202
23474,0,0.054543737
23475,0,0.055767547
23476,0,0.055133536
23477,1,0.61952317
23478,0,0.05446611
23479,0,0.054060034
23480,1,0.055261604
23481,1,0.61023635
23482,0,0.055617973
23483,0,0.054306563
23484,0,0.054513205
23485,0,0.054393116
23486,0,0.05400314
23487,0,0.056776457
23488,1,0.6376216
23489,0,0.29457277
23490,1,0.6358852
23491,1,0.23814118
23492,1,0.6418511
23493,0,0.2563982
23494,0,0.055750113
23495,0,0.055593304
23496,0,0.05533403
23497,0,0.05520165
23498,0,0.31455728
23499,0,0.054721847
23500,0,0.054247238
23501,0,0.056342352
23502,0,0.054524917
23503,1,0.05551395
23504,0,0.055530477
23505,0,0.05486622
23506,0,0.058889773
23507,0,0.22818907
23508,0,0.054258663
23509,0,0.054015417
23510,0,0.054312024
23511,0,0.06049374
23512,0,0.059642866
23513,0,0.054385915
23514,0,0.05464686
23515,1,0.3878846
23516,0,0.06147818
23517,1,0.35052168
23518,0,0.054175314
23519,0,0.05571681
23520,0,0.055114757
23521,1,0.62599576
23522,0,0.054058515
23523,0,0.05913912
23524,0,0.05456922
23525,0,0.060765047
23526,0,0.23673339
23527,0,0.054508287
23528,1,0.23612112
23529,1,0.12159254
23530,1,0.17407985
23531,0,0.055105396
23532,0,0.24184598
23533,0,0.39049962
23534,0,0.05470923
23535,0,0.2650313
23536,0,0.053937357
23537,0,0.20331256
23538,0,0.05466483
23539,1,0.6264853
23540,0,0.05410969
23541,0,0.054359645
23542,0,0.054328904
23543,0,0.054242805
23544,0,0.056069966
23545,0,0.055003628
23546,1,0.39100754
23547,0,0.4613894
23548,1,0.36513475
23549,0,0.6285204
23550,0,0.054200646
23551,0,0.05442394
23552,0,0.05406219
23553,0,0.055508725
23554,0,0.055112097
23555,0,0.054566316
23556,0,0.054364093
23557,0,0.054593947
23558,0,0.05408878
23559,0,0.06991503
23560,1,0.24896146
23561,1,0.18651077
23562,0,0.055034902
23563,0,0.054960605
23564,1,0.055214718
23565,0,0.053995196
23566,1,0.0798461
23567,0,0.054381426
23568,0,0.05443692
23569,0,0.054242957
23570,0,0.054531615
23571,0,0.19125432
23572,0,0.23637195
23573,1,0.07290983
23574,1,0.62173796
23575,0,0.054883778
23576,0,0.05427224
23577,0,0.05442217
23578,0,0.13935548
23579,0,0.054247882
23580,0,0.054409757
23581,0,0.055334847
23582,0,0.05415261
23583,0,0.15564717
23584,0,0.6373719
23585,0,0.05442082
23586,0,0.054410562
23587,0,0.0610086
23588,0,0.057691872
23589,1,0.32322192
23590,0,0.055949427
23591,0,0.055626165
23592,0,0.05559056
23593,0,0.054713175
23594,0,0.054089393
23595,0,0.22033778
23596,0,0.054964893
23597,1,0.6355671
23598,1,0.37319943
23599,0,0.05447218
23600,0,0.054059256
23601,1,0.36595532
23602,0,0.06196433
23603,0,0.05892809
23604,0,0.056136034
23605,0,0.05445857
23606,0,0.057719458
23607,0,0.054430086
23608,0,0.6301485
23609,0,0.05508385
23610,1,0.24166383
23611,1,0.38811898
23612,1,0.35463455
23613,1,0.32421
23614,0,0.05418499
23615,0,0.054276403
23616,0,0.054355647
23617,0,0.058584765
23618,1,0.17754208
23619,1,0.44413418
23620,0,0.055704005
23621,0,0.3558219
23622,1,0.5867306
23623,1,0.6363341
23624,0,0.054884285
23625,1,0.5879297
23626,0,0.054303087
23627,0,0.5976673
23628,0,0.054509837
23629,0,0.05611527
23630,0,0.05770756
23631,1,0.45436135
23632,0,0.63926435
23633,0,0.071936205
23634,0,0.054179884
23635,0,0.055837054
23636,0,0.05456998
23637,0,0.054302372
23638,0,0.5973689
23639,0,0.054518193
23640,0,0.054116037
23641,1,0.34939918
23642,0,0.24316064
23643,0,0.05454064
23644,0,0.054190718
23645,0,0.21461539
23646,0,0.05615904
23647,0,0.05436816
23648,0,0.054664638
23649,0,0.05554741
23650,0,0.054705348
23651,0,0.067947485
23652,0,0.05436929
23653,1,0.2848015
23654,0,0.05998913
23655,0,0.054252297
23656,1,0.3819265
23657,0,0.05429586
23658,0,0.24256001
23659,0,0.06900136
23660,0,0.64012724
23661,0,0.055908564
23662,0,0.054345366
23663,0,0.055230558
23664,0,0.18816721
23665,0,0.055059034
23666,0,0.5900974
23667,0,0.05419984
23668,0,0.05435782
23669,0,0.23374906
23670,0,0.054171003
23671,0,0.23004955
23672,0,0.05408802
23673,1,0.6288159
23674,0,0.05411992
23675,0,0.05608763
23676,0,0.057197463
23677,0,0.054904383
23678,1,0.6394844
23679,0,0.054397713
23680,0,0.05616564
23681,0,0.056558207
23682,0,0.06521483
23683,0,0.058572695
23684,0,0.054108117
23685,0,0.054348443
23686,0,0.05457659
23687,0,0.054857817
23688,1,0.06099734
23689,0,0.056333795
23690,0,0.054795705
23691,0,0.41348246
23692,0,0.05421238
23693,1,0.6132675
23694,0,0.23047273
23695,0,0.058417387
23696,1,0.6340734
23697,0,0.055382054
23698,0,0.20264503
23699,0,0.059711765
23700,0,0.055162713
23701,0,0.054547574
23702,1,0.22121565
23703,0,0.054254893
23704,0,0.6228974
23705,0,0.055408914
23706,0,0.05437167
23707,1,0.63072926
23708,0,0.32813823
23709,1,0.07848713
23710,0,0.056444887
23711,0,0.05790811
23712,0,0.054207835
23713,0,0.21259724
23714,0,0.05424611
23715,0,0.05565857
23716,0,0.054685917
23717,0,0.05434991
23718,0,0.054429628
23719,0,0.055454176
23720,0,0.32499045
23721,1,0.054944023
23722,0,0.056800574
23723,0,0.05880455
23724,0,0.060722794
23725,0,0.054707333
23726,1,0.6399909
23727,1,0.63479936
23728,0,0.05509356
23729,0,0.05422379
23730,0,0.5794391
23731,0,0.055092044
23732,0,0.19043002
23733,0,0.24770825
23734,0,0.054315772
23735,1,0.6380201
23736,1,0.6207426
23737,0,0.054134004
23738,0,0.054232888
23739,0,0.05596575
23740,0,0.05463485
23741,0,0.05537585
23742,0,0.054804534
23743,0,0.05460532
23744,0,0.05437669
23745,0,0.12198019
23746,0,0.056819048
23747,0,0.05460143
23748,0,0.05435071
23749,1,0.43607432
23750,0,0.057039063
23751,0,0.055943936
23752,0,0.055290166
23753,0,0.055259686
23754,0,0.19571374
23755,1,0.6381533
23756,1,0.059202194
23757,0,0.055038325
23758,0,0.06261553
23759,0,0.33518478
23760,1,0.63878256
23761,0,0.055656057
23762,0,0.05491739
23763,0,0.30308774
23764,0,0.18748847
23765,0,0.054374732
23766,0,0.05412175
23767,0,0.05433814
23768,1,0.63275033
23769,0,0.055234533
23770,0,0.0542796
23771,0,0.14512618
23772,1,0.36231148
23773,0,0.05616453
23774,0,0.05504626
23775,1,0.47579032
23776,1,0.49484217
23777,0,0.13673393
23778,1,0.63936013
23779,0,0.06275982
23780,0,0.054376427
23781,1,0.10310362
23782,0,0.056849927
23783,0,0.23089983
23784,0,0.054267127
23785,0,0.054336276
23786,0,0.054337587
23787,0,0.062825724
23788,0,0.23681204
23789,0,0.05422918
23790,1,0.6395706
23791,0,0.39796656
23792,0,0.054826673
23793,1,0.49756444
23794,0,0.055431724
23795,1,0.29115623
23796,0,0.055479277
23797,1,0.30114856
23798,0,0.054253276
23799,1,0.058988564
23800,0,0.05407751
23801,1,0.054421492
23802,0,0.054313496
23803,1,0.20801526
23804,0,0.41129363
23805,0,0.05544851
23806,0,0.055330724
23807,1,0.6106925
23808,0,0.054868765
23809,1,0.0695688
23810,0,0.054749448
23811,0,0.21216592
23812,0,0.23874725
23813,1,0.6399079
23814,0,0.054610956
23815,1,0.43338963
23816,0,0.054271985
23817,0,0.05432476
23818,0,0.053993918
23819,1,0.62245154
23820,0,0.17539833
23821,0,0.05414754
23822,0,0.05434804
23823,0,0.054806486
23824,1,0.63209563
23825,0,0.055765692
23826,0,0.05487379
23827,1,0.6028484
23828,0,0.05419018
23829,0,0.3116712
23830,0,0.054273553
23831,0,0.056833245
23832,0,0.057003707
23833,0,0.05467941
23834,0,0.054414716
23835,0,0.0543487
23836,0,0.056481797
23837,0,0.05584271
23838,0,0.07344844
23839,0,0.054701626
23840,0,0.056575958
23841,0,0.054280847
23842,0,0.06496436
23843,0,0.057584167
23844,0,0.054611422
23845,0,0.054177307
23846,1,0.58770037
23847,0,0.054254632
23848,0,0.05421082
23849,0,0.055924572
23850,1,0.42820588
23851,0,0.056447666
23852,1,0.05713891
23853,0,0.054081388
23854,0,0.63429546
23855,0,0.054270014
23856,0,0.054229945
23857,0,0.055781685
23858,0,0.05532275
23859,0,0.055966936
23860,0,0.10759023
23861,1,0.40415853
23862,0,0.24169475
23863,0,0.057718396
23864,0,0.22770676
23865,0,0.231628
23866,0,0.24036683
23867,1,0.2886121
23868,1,0.116624355
23869,0,0.057494584
23870,0,0.054111097
23871,0,0.4259635
23872,0,0.05506235
23873,0,0.054150533
23874,0,0.29570755
23875,0,0.16948901
23876,0,0.054045517
23877,0,0.59479165
23878,0,0.055232793
23879,0,0.055178486
23880,0,0.38305393
23881,0,0.054597147
23882,0,0.056162
23883,0,0.05477009
23884,0,0.054225344
23885,0,0.055832993
23886,0,0.19831635
23887,0,0.065797396
23888,1,0.63849235
23889,0,0.054317147
23890,0,0.30314758
23891,0,0.1601728
23892,0,0.05622059
23893,0,0.05494473
23894,0,0.05432672
23895,0,0.05763443
23896,1,0.6306444
23897,0,0.056266066
23898,0,0.057272103
23899,0,0.054315012
23900,0,0.054301877
23901,0,0.05439043
23902,0,0.054909173
23903,1,0.06543788
23904,0,0.0541322
23905,1,0.054851025
23906,0,0.05445641
23907,0,0.22693847
23908,0,0.054931633
23909,0,0.054145794
23910,0,0.061775874
23911,0,0.055370513
23912,0,0.054469448
23913,0,0.056669462
23914,0,0.06398611
23915,1,0.63322175
23916,0,0.05491191
23917,0,0.063138634
23918,0,0.05607847
23919,0,0.06980406
23920,1,0.05952204
23921,0,0.05402871
23922,0,0.054817088
23923,0,0.05425098
23924,0,0.05461913
23925,1,0.6047158
23926,1,0.63456297
23927,1,0.63508546
23928,0,0.05406118
23929,0,0.054347347
23930,0,0.13064152
23931,1,0.618994
23932,0,0.05418713
23933,0,0.35818985
23934,0,0.054009322
23935,0,0.054676775
23936,1,0.059185956
23937,0,0.059339058
23938,0,0.05409886
23939,0,0.054306418
23940,0,0.054288935
23941,0,0.21447435
23942,0,0.34413436
23943,0,0.05450279
23944,0,0.05467904
23945,0,0.47522074
23946,0,0.11741013
23947,0,0.055700455
23948,1,0.6159572
23949,0,0.2656761
23950,0,0.23801185
23951,0,0.21524997
23952,1,0.055717934
23953,0,0.05511631
23954,0,0.05437803
23955,0,0.34481126
23956,0,0.05413387
23957,0,0.05480357
23958,1,0.055519838
23959,0,0.4814885
23960,0,0.054321844
23961,0,0.054429166
23962,0,0.0545259
23963,0,0.054068733
23964,0,0.42500347
23965,0,0.060930025
23966,0,0.056766406
23967,0,0.32527372
23968,1,0.63864106
23969,0,0.5123221
23970,0,0.23000121
23971,0,0.21449435
23972,0,0.057555802
23973,0,0.05441994
23974,0,0.054038238
23975,0,0.05542526
23976,0,0.054046955
23977,0,0.0542458
23978,0,0.055294234
23979,0,0.0554104
23980,0,0.05437081
23981,0,0.067820914
23982,0,0.26036438
23983,0,0.05446348
23984,1,0.057702553
23985,1,0.14203624
23986,0,0.06349131
23987,1,0.06074786
23988,0,0.05637933
23989,0,0.05423262
23990,0,0.48813966
23991,1,0.17885162
23992,0,0.05553633
23993,0,0.054165863
23994,0,0.05497071
23995,0,0.054876357
23996,0,0.055877414
23997,0,0.060494173
23998,0,0.05406134
23999,0,0.05455269
24000,1,0.3544367
24001,0,0.06026215
24002,0,0.057942133
24003,0,0.05448797
24004,0,0.05505131
24005,0,0.21109897
24006,0,0.05595275
24007,0,0.05911807
24008,0,0.10100271
24009,1,0.6409515
24010,0,0.057588138
24011,0,0.066281654
24012,0,0.06739182
24013,0,0.054596853
24014,0,0.054464266
24015,0,0.056271672
24016,0,0.05426862
24017,0,0.054053217
24018,0,0.16116273
24019,0,0.054320753
24020,1,0.6292333
24021,0,0.054258883
24022,0,0.054886933
24023,0,0.054908518
24024,0,0.29282585
24025,0,0.05498305
24026,0,0.26671505
24027,0,0.055164594
24028,0,0.055297658
24029,0,0.36325184
24030,0,0.19573972
24031,0,0.05510743
24032,1,0.23580727
24033,0,0.05894743
24034,0,0.054654565
24035,0,0.05410936
24036,0,0.05507611
24037,1,0.52141804
24038,0,0.05418537
24039,0,0.226353
24040,0,0.06130241
24041,0,0.07036962
24042,0,0.053979203
24043,1,0.61599046
24044,0,0.054583456
24045,1,0.523831
24046,0,0.05446218
24047,1,0.5676579
24048,0,0.065675974
24049,0,0.45367792
24050,0,0.05606742
24051,0,0.06704523
24052,1,0.23563416
24053,0,0.36819094
24054,0,0.05494008
24055,0,0.35789573
24056,0,0.13827671
24057,0,0.055226624
24058,1,0.63862705
24059,0,0.054916363
24060,0,0.055330276
24061,0,0.059154347
24062,0,0.17073527
24063,0,0.15030384
24064,1,0.33024856
24065,0,0.055162013
24066,0,0.24777286
24067,0,0.06003484
24068,1,0.59500206
24069,0,0.054890133
24070,0,0.05719401
24071,1,0.22288409
24072,0,0.05492933
24073,1,0.08750593
24074,0,0.2435285
24075,0,0.24432889
24076,0,0.21013106
24077,0,0.05513931
24078,0,0.05405883
24079,0,0.059493262
24080,0,0.0579954
24081,0,0.054225285
24082,1,0.32436696
24083,0,0.056200836
24084,0,0.054387745
24085,0,0.05439891
24086,1,0.605799
24087,1,0.58763224
24088,0,0.06511286
24089,0,0.054322965
24090,0,0.054340567
24091,0,0.055529077
24092,1,0.3715601
24093,0,0.056225765
24094,0,0.05420347
24095,0,0.054390475
24096,1,0.6252075
24097,1,0.64046204
24098,0,0.054474853
24099,1,0.6037131
24100,0,0.054213054
24101,0,0.44960082
24102,1,0.6193043
24103,1,0.6320835
24104,0,0.2415835
24105,0,0.055356797
24106,0,0.054843184
24107,1,0.6398767
24108,0,0.057980694
24109,0,0.05481122
24110,0,0.05417737
24111,0,0.05459961
24112,0,0.16567838
24113,0,0.055137124
24114,0,0.057713836
24115,0,0.05537211
24116,0,0.63280344
24117,0,0.054335
24118,0,0.054422762
24119,0,0.05617344
24120,0,0.05609668
24121,0,0.054384306
24122,0,0.37679717
24123,0,0.054980516
24124,1,0.18255065
24125,0,0.33578598
24126,0,0.055499326
24127,0,0.054742984
24128,0,0.055922937
24129,0,0.62194866
24130,0,0.37284192
24131,0,0.055460345
24132,1,0.24249762
24133,0,0.055911534
24134,0,0.32556418
24135,0,0.054987956
24136,0,0.05415178
24137,1,0.40020418
24138,0,0.32469073
24139,1,0.05518893
24140,1,0.3452971
24141,0,0.054227006
24142,0,0.4150638
24143,0,0.13452078
24144,0,0.05566394
24145,0,0.2331148
24146,0,0.17519154
24147,0,0.24909243
24148,1,0.26914105
24149,0,0.34900612
24150,0,0.056937203
24151,0,0.05921413
24152,0,0.05946157
24153,0,0.054209676
24154,1,0.61319953
24155,0,0.0546138
24156,1,0.2613001
24157,0,0.05412171
24158,0,0.054725498
24159,0,0.054587893
24160,0,0.055394687
24161,1,0.36651292
24162,0,0.061497245
24163,1,0.05849908
24164,0,0.6329055
24165,0,0.055165403
24166,0,0.054913193
24167,0,0.05435435
24168,0,0.22711052
24169,0,0.059041686
24170,1,0.2076693
24171,0,0.35581034
24172,0,0.64140874
24173,0,0.055342313
24174,0,0.05423225
24175,0,0.16710737
24176,0,0.055238854
24177,0,0.054184977
24178,1,0.4465692
24179,0,0.055367485
24180,0,0.054585334
24181,1,0.22669087
24182,1,0.058539838
24183,0,0.054125912
24184,0,0.055457458
24185,0,0.057386257
24186,1,0.62003994
24187,0,0.05493998
24188,0,0.27337793
24189,0,0.05655752
24190,1,0.34023246
24191,0,0.055311963
24192,0,0.054155674
24193,0,0.4556442
24194,0,0.05522114
24195,0,0.59736294
24196,0,0.053936858
24197,0,0.058586225
24198,0,0.055191178
24199,1,0.30231795
24200,1,0.63606316
24201,0,0.054709725
24202,0,0.0707276
24203,0,0.056624923
24204,0,0.056458563
24205,0,0.05503979
24206,1,0.060540095
24207,0,0.05395274
24208,0,0.054908592
24209,0,0.055017374
24210,0,0.17360662
24211,0,0.6349558
24212,0,0.05418663
24213,0,0.058029197
24214,0,0.31294048
24215,1,0.06462164
24216,1,0.30178285
24217,0,0.63770336
24218,0,0.054787826
24219,0,0.63683826
24220,0,0.054695826
24221,0,0.63577324
24222,0,0.054220114
24223,0,0.054337095
24224,0,0.055367995
24225,0,0.05423795
24226,0,0.054849036
24227,1,0.613643
24228,0,0.06513836
24229,0,0.054651726
24230,0,0.054352757
24231,0,0.0544821
24232,0,0.05511066
24233,0,0.05869369
24234,0,0.19181748
24235,0,0.05661625
24236,0,0.054590702
24237,0,0.054902554
24238,0,0.054100573
24239,0,0.27545682
24240,1,0.63876426
24241,0,0.05402925
24242,0,0.05450817
24243,0,0.05901159
24244,0,0.05929906
24245,0,0.05500022
24246,0,0.05433895
24247,0,0.056415953
24248,0,0.054256923
24249,0,0.100519076
24250,0,0.05584115
24251,0,0.054716583
24252,0,0.3695211
24253,0,0.05559887
24254,0,0.25345522
24255,0,0.054095145
24256,1,0.070160694
24257,0,0.054629028
24258,0,0.054139163
24259,0,0.05478631
24260,0,0.11526499
24261,0,0.054435764
24262,0,0.21585576
24263,0,0.056270886
24264,0,0.054262526
24265,0,0.24678947
24266,0,0.055889126
24267,0,0.054070972
24268,0,0.055115517
24269,0,0.18422684
24270,0,0.054233026
24271,0,0.0541896
24272,0,0.059698224
24273,0,0.3398457
24274,0,0.055558093
24275,0,0.05574158
24276,0,0.05454755
24277,0,0.62528807
24278,0,0.059165664
24279,0,0.062683515
24280,0,0.058261614
24281,1,0.62797743
24282,0,0.056775652
24283,0,0.05550932
24284,0,0.055104427
24285,0,0.055881567
24286,0,0.054081876
24287,0,0.054588296
24288,0,0.05424693
24289,0,0.59538907
24290,0,0.06071775
24291,0,0.056837123
24292,0,0.054169912
24293,0,0.22682387
24294,0,0.054287322
24295,0,0.05468015
24296,0,0.05417555
24297,0,0.05591185
24298,0,0.054702543
24299,0,0.054682255
24300,0,0.05450766
24301,1,0.35509428
24302,1,0.26912394
24303,0,0.055249456
24304,0,0.055913825
24305,0,0.05544638
24306,1,0.20178194
24307,0,0.054387674
24308,0,0.12961233
24309,0,0.05613505
24310,1,0.52764356
24311,0,0.05547471
24312,0,0.21212487
24313,0,0.6376031
24314,0,0.054165386
24315,0,0.35504192
24316,0,0.05983423
24317,0,0.05420419
24318,0,0.05425626
24319,0,0.054655425
24320,0,0.054668553
24321,0,0.05401759
24322,0,0.054830108
24323,0,0.067386776
24324,0,0.053962946
24325,0,0.054193262
24326,0,0.054285973
24327,0,0.055118784
24328,1,0.63768923
24329,0,0.054287758
24330,0,0.05426945
24331,1,0.6364561
24332,0,0.10161266
24333,1,0.6268923
24334,0,0.054995332
24335,1,0.21253714
24336,0,0.07234952
24337,0,0.13738817
24338,1,0.23990609
24339,0,0.054096315
24340,1,0.062159173
24341,0,0.082335874
24342,0,0.054245695
24343,0,0.05454123
24344,1,0.44058344
24345,1,0.05732161
24346,0,0.055467915
24347,1,0.62272954
24348,0,0.054335136
24349,0,0.05463033
24350,0,0.055160746
24351,0,0.054247368
24352,0,0.05442531
24353,1,0.601468
24354,0,0.054367073
24355,1,0.399012
24356,0,0.056647137
24357,1,0.33296335
24358,0,0.056562573
24359,0,0.054187488
24360,0,0.054194193
24361,0,0.054452952
24362,0,0.19832416
24363,1,0.63683015
24364,0,0.623854
24365,0,0.63408643
24366,0,0.055220082
24367,0,0.054175
24368,0,0.05418692
24369,0,0.05416883
24370,0,0.05413189
24371,0,0.20355853
24372,1,0.62821436
24373,0,0.61467856
24374,0,0.63696235
24375,0,0.054621026
24376,0,0.63660616
24377,0,0.62828845
24378,0,0.054423124
24379,1,0.06629312
24380,0,0.055726267
24381,1,0.3595088
24382,1,0.05592601
24383,0,0.33511296
24384,0,0.24180143
24385,0,0.05646954
24386,0,0.054294236
24387,0,0.056608316
24388,0,0.054461025
24389,0,0.054304115
24390,0,0.05482005
24391,0,0.05996523
24392,0,0.64047986
24393,1,0.60714525
24394,0,0.05429769
24395,0,0.057391338
24396,0,0.05589646
24397,0,0.054117642
24398,0,0.26096827
24399,0,0.055896245
24400,1,0.10195899
24401,0,0.05436316
24402,1,0.26260358
24403,0,0.6013071
24404,1,0.5213896
24405,0,0.058169346
24406,0,0.05823553
24407,1,0.05676247
24408,0,0.05444368
24409,0,0.055001594
24410,0,0.05946208
24411,0,0.05545539
24412,0,0.0542048
24413,0,0.48479873
24414,0,0.17745471
24415,0,0.067516044
24416,1,0.60839653
24417,0,0.054412376
24418,0,0.057238456
24419,0,0.054153077
24420,0,0.05447177
24421,0,0.060134053
24422,0,0.06206913
24423,0,0.054875392
24424,0,0.6085059
24425,0,0.07621439
24426,0,0.054278925
24427,1,0.6181172
24428,0,0.054403648
24429,0,0.058584437
24430,0,0.054069474
24431,1,0.5391149
24432,0,0.6383229
24433,0,0.24717124
24434,0,0.054673065
24435,1,0.36268562
24436,0,0.05427047
24437,1,0.05551397
24438,0,0.05648125
24439,0,0.3189776
24440,1,0.05485843
24441,0,0.084917694
24442,0,0.05406102
24443,0,0.05478377
24444,0,0.054130025
24445,0,0.24299265
24446,0,0.055508465
24447,0,0.056017745
24448,0,0.63799477
24449,0,0.3301535
24450,0,0.07213848
24451,0,0.054851286
24452,1,0.63508916
24453,1,0.6216989
24454,0,0.056120347
24455,0,0.05511055
24456,1,0.63247323
24457,0,0.055186566
24458,0,0.054133665
24459,0,0.054524142
24460,0,0.52862906
24461,0,0.05423876
24462,0,0.40022793
24463,1,0.6371067
24464,0,0.056383602
24465,0,0.05481246
24466,1,0.16713977
24467,0,0.05632216
24468,0,0.21699879
24469,0,0.058558866
24470,0,0.0543085
24471,0,0.13494323
24472,0,0.0543777
24473,0,0.22773558
24474,0,0.054155126
24475,1,0.6398535
24476,0,0.054121833
24477,1,0.638626
24478,0,0.30910102
24479,0,0.31303367
24480,1,0.551251
24481,0,0.054285824
24482,0,0.085533015
24483,0,0.18125907
24484,0,0.054145917
24485,0,0.055808578
24486,1,0.23969424
24487,1,0.055064112
24488,0,0.057753474
24489,0,0.054401703
24490,0,0.054337908
24491,0,0.054292116
24492,1,0.057724778
24493,0,0.06287267
24494,0,0.0540344
24495,0,0.064665526
24496,0,0.054196954
24497,0,0.054302014
24498,0,0.054352786
24499,1,0.057878878
24500,0,0.054153882
24501,1,0.535223
24502,0,0.059768654
24503,0,0.055674665
24504,0,0.061009604
24505,0,0.05509073
24506,1,0.2780311
24507,0,0.054255895
24508,0,0.054910745
24509,0,0.058792356
24510,0,0.05430355
24511,0,0.054149754
24512,0,0.46489766
24513,0,0.05511957
24514,0,0.054439347
24515,1,0.055161066
24516,0,0.3548859
24517,0,0.055857103
24518,1,0.57592374
24519,0,0.05468886
24520,1,0.05752229
24521,1,0.599396
24522,0,0.23983994
24523,0,0.05514408
24524,0,0.053940628
24525,1,0.6351207
24526,1,0.30030468
24527,0,0.59689534
24528,0,0.6239512
24529,0,0.05565627
24530,0,0.056272168
24531,1,0.05764965
24532,0,0.3369339
24533,0,0.05432104
24534,0,0.05551769
24535,0,0.05411789
24536,0,0.05433543
24537,0,0.054637887
24538,1,0.36291283
24539,0,0.05477341
24540,0,0.057213582
24541,0,0.22704554
24542,0,0.05471548
24543,0,0.060120214
24544,0,0.06295542
24545,0,0.05432648
24546,0,0.055338707
24547,0,0.055852365
24548,1,0.6213115
24549,1,0.055054076
24550,1,0.63306075
24551,0,0.061310727
24552,0,0.055098023
24553,0,0.054734576
24554,0,0.055438783
24555,0,0.054382876
24556,0,0.05401359
24557,0,0.054833513
24558,1,0.06782658
24559,0,0.054628648
24560,0,0.05512623
24561,1,0.069627695
24562,0,0.41084772
24563,0,0.054271042
24564,0,0.054227836
24565,0,0.054293707
24566,0,0.054291077
24567,0,0.054995753
24568,0,0.5456066
24569,0,0.05451567
24570,1,0.44924724
24571,0,0.054598775
24572,0,0.6065411
24573,0,0.055046868
24574,1,0.19052443
24575,0,0.0542813
24576,1,0.58579665
24577,0,0.22882938
24578,0,0.054597244
24579,0,0.054754645
24580,0,0.054230776
24581,0,0.054239392
24582,1,0.6326412
24583,0,0.05714803
24584,0,0.070463546
24585,0,0.05425549
24586,0,0.05680076
24587,0,0.054237388
24588,0,0.054054487
24589,0,0.056078725
24590,1,0.056027353
24591,0,0.29513445
24592,0,0.6382661
24593,1,0.6364174
24594,0,0.06083998
24595,0,0.05486763
24596,1,0.6132276
24597,0,0.054253526
24598,0,0.060231213
24599,0,0.054237984
24600,0,0.055095837
24601,0,0.055233937
24602,0,0.054317795
24603,0,0.6203999
24604,0,0.054404516
24605,0,0.0541013
24606,0,0.52214235
24607,0,0.054756958
24608,0,0.07753281
24609,0,0.27022758
24610,0,0.05504172
24611,0,0.054831836
24612,0,0.14791751
24613,0,0.05421361
24614,0,0.054125063
24615,0,0.055091046
24616,0,0.621593
24617,0,0.05612842
24618,0,0.057013698
24619,1,0.63988554
24620,0,0.056278013
24621,0,0.05421845
24622,1,0.6406529
24623,0,0.054212462
24624,0,0.054238904
24625,0,0.055776726
24626,1,0.63628894
24627,0,0.054509196
24628,0,0.05417115
24629,0,0.055040035
24630,1,0.05680644
24631,0,0.054219548
24632,0,0.20609951
24633,0,0.05684792
24634,0,0.3561726
24635,0,0.3126946
24636,0,0.13093777
24637,0,0.32838786
24638,1,0.35389563
24639,1,0.23278193
24640,0,0.05919649
24641,0,0.054714322
24642,0,0.05508251
24643,0,0.054048598
24644,1,0.5935962
24645,1,0.0674027
24646,0,0.055340696
24647,0,0.05486272
24648,0,0.3769143
24649,1,0.19710504
24650,1,0.25632796
24651,0,0.05415504
24652,0,0.064105
24653,0,0.055802878
24654,0,0.32545123
24655,0,0.05583025
24656,0,0.05441277
24657,0,0.054475874
24658,0,0.6369298
24659,0,0.054663047
24660,0,0.05433575
24661,0,0.057577956
24662,0,0.6367997
24663,0,0.22820993
24664,1,0.34886307
24665,0,0.054563414
24666,0,0.05442791
24667,0,0.05557919
24668,0,0.05418641
24669,0,0.29040602
24670,1,0.2374233
24671,0,0.054361865
24672,0,0.05540544
24673,0,0.44757375
24674,0,0.0549101
24675,0,0.054742713
24676,0,0.055147517
24677,0,0.59854245
24678,0,0.51660776
24679,0,0.0542477
24680,0,0.054058023
24681,0,0.054233637
24682,0,0.05425105
24683,0,0.054796852
24684,0,0.05502243
24685,0,0.21044633
24686,0,0.05412846
24687,0,0.05424276
24688,0,0.054030474
24689,0,0.07061079
24690,0,0.054897185
24691,1,0.61021674
24692,0,0.054001078
24693,0,0.054263446
24694,0,0.071131036
24695,0,0.054894727
24696,0,0.05621756
24697,0,0.3024965
24698,0,0.054357007
24699,0,0.054085817
24700,0,0.054887313
24701,1,0.6210372
24702,1,0.3574136
24703,1,0.5920142
24704,0,0.054945797
24705,0,0.054611336
24706,0,0.17370202
24707,0,0.054230966
24708,0,0.05498047
24709,0,0.054260638
24710,0,0.054413285
24711,0,0.61061835
24712,0,0.053977907
24713,0,0.24000306
24714,0,0.05539935
24715,0,0.054325595
24716,0,0.05567828
24717,0,0.06372895
24718,0,0.056202
24719,0,0.05580707
24720,0,0.054827858
24721,0,0.054189436
24722,1,0.6378209
24723,0,0.055100385
24724,0,0.054447807
24725,0,0.054501265
24726,0,0.23492551
24727,0,0.056339014
24728,0,0.055342928
24729,0,0.24917226
24730,0,0.16655953
24731,0,0.05425076
24732,0,0.054473426
24733,0,0.055824094
24734,0,0.05393002
24735,0,0.054438174
24736,1,0.2601587
24737,0,0.62723684
24738,0,0.053977933
24739,1,0.10000304
24740,0,0.4217637
24741,0,0.24227625
24742,0,0.554546
24743,1,0.36976376
24744,0,0.055916842
24745,1,0.38110662
24746,0,0.05427919
24747,0,0.055058442
24748,0,0.05429514
24749,0,0.058004938
24750,0,0.055001505
24751,0,0.054244764
24752,0,0.055255964
24753,0,0.055175707
24754,0,0.05433471
24755,0,0.0542754
24756,0,0.054171395
24757,1,0.45687073
24758,0,0.05458136
24759,0,0.059693158
24760,0,0.33000574
24761,0,0.054600384
24762,1,0.58998203
24763,0,0.6362506
24764,1,0.070978485
24765,0,0.054457515
24766,0,0.05406774
24767,0,0.09068345
24768,0,0.63862455
24769,0,0.05458457
24770,0,0.054260504
24771,0,0.054274186
24772,0,0.05729762
24773,0,0.15856361
24774,0,0.0799778
24775,0,0.054098427
24776,0,0.05525218
24777,0,0.05473345
24778,0,0.05754736
24779,0,0.056371782
24780,0,0.054092288
24781,1,0.3503775
24782,0,0.062487785
24783,0,0.05477211
24784,0,0.054767817
24785,0,0.19542739
24786,0,0.6388207
24787,0,0.18568785
24788,0,0.053936236
24789,1,0.63665843
24790,0,0.06296739
24791,1,0.056698054
24792,0,0.05423255
24793,0,0.26573873
24794,1,0.08917713
24795,0,0.0542533
24796,0,0.05459328
24797,0,0.19567035
24798,0,0.05843473
24799,0,0.054317452
24800,0,0.054434862
24801,0,0.05534306
24802,0,0.05421828
24803,0,0.05414522
24804,0,0.05436037
24805,1,0.6400832
24806,0,0.054259077
24807,0,0.054785073
24808,0,0.05431222
24809,0,0.0545602
24810,0,0.3801113
24811,0,0.5571859
24812,0,0.05418661
24813,0,0.055031803
24814,0,0.0548202
24815,1,0.6334321
24816,0,0.05424249
24817,1,0.057616275
24818,0,0.62663835
24819,0,0.10331912
24820,0,0.056904856
24821,0,0.054298144
24822,0,0.05425543
24823,0,0.23382008
24824,0,0.0549997
24825,0,0.054250028
24826,0,0.05476946
24827,0,0.054149263
24828,1,0.6393337
24829,1,0.31449926
24830,0,0.055317268
24831,1,0.60843605
24832,0,0.60430497
24833,0,0.054588076
24834,1,0.6096161
24835,0,0.054390892
24836,0,0.054337107
24837,0,0.054599706
24838,0,0.0544197
24839,0,0.057998944
24840,0,0.056377262
24841,0,0.05541483
24842,0,0.054895457
24843,0,0.054433532
24844,0,0.5317917
24845,0,0.059234887
24846,1,0.609452
24847,0,0.054277148
24848,0,0.05542441
24849,0,0.05433787
24850,1,0.39663458
24851,0,0.5919366
24852,0,0.054466058
24853,0,0.5813186
24854,1,0.59062266
24855,0,0.05482951
24856,0,0.054073643
24857,1,0.35946593
24858,0,0.054211676
24859,0,0.055887584
24860,0,0.055402424
24861,0,0.054208104
24862,0,0.055021785
24863,0,0.05424233
24864,0,0.057393882
24865,0,0.057425577
24866,0,0.054865226
24867,0,0.05415442
24868,0,0.058560073
24869,0,0.43660513
24870,0,0.25134382
24871,0,0.058426686
24872,1,0.64124715
24873,0,0.05420096
24874,0,0.26787955
24875,1,0.52256
24876,1,0.5008671
24877,0,0.23688518
24878,0,0.05441049
24879,0,0.054591917
24880,0,0.054829948
24881,1,0.221678
24882,1,0.6411164
24883,0,0.056182276
24884,0,0.05432072
24885,0,0.3439101
24886,0,0.055219285
24887,0,0.054314006
24888,0,0.054153536
24889,1,0.25075275
24890,1,0.60945183
24891,0,0.054261364
24892,0,0.054175694
24893,0,0.05441881
24894,0,0.081828564
24895,0,0.31490958
24896,0,0.05468003
24897,0,0.064676486
24898,1,0.37003782
24899,0,0.061179765
24900,0,0.059729174
24901,0,0.05423542
24902,0,0.27804047
24903,0,0.09004461
24904,0,0.05639886
24905,0,0.054261032
24906,0,0.054313865
24907,0,0.055970944
24908,1,0.05625476
24909,0,0.054178476
24910,0,0.47972712
24911,0,0.05407596
24912,1,0.21598138
24913,0,0.05514548
24914,0,0.16603588
24915,0,0.05434606
24916,0,0.3692864
24917,0,0.053984616
24918,1,0.18890558
24919,0,0.45406842
24920,0,0.056713026
24921,0,0.054632932
24922,1,0.3753196
24923,0,0.05500033
24924,0,0.05439087
24925,1,0.6314983
24926,1,0.6104125
24927,1,0.06235195
24928,0,0.057755522
24929,0,0.05470843
24930,0,0.21935731
24931,1,0.3432897
24932,0,0.054205097
24933,0,0.060828555
24934,0,0.054156333
24935,0,0.6368691
24936,0,0.054672796
24937,0,0.054045293
24938,0,0.05464671
24939,1,0.5387437
24940,1,0.058591682
24941,0,0.056604434
24942,1,0.6332371
24943,0,0.05436914
24944,0,0.054319926
24945,0,0.05801791
24946,0,0.057258464
24947,0,0.055162992
24948,0,0.62766856
24949,1,0.39353818
24950,0,0.056569
24951,0,0.054361325
24952,0,0.056871418
24953,1,0.6405283
24954,0,0.05477058
24955,0,0.054230038
24956,0,0.061089087
24957,0,0.06289962
24958,0,0.056756668
24959,1,0.5870782
24960,0,0.056904845
24961,0,0.0543519
24962,0,0.054111842
24963,0,0.057222094
24964,0,0.054385018
24965,0,0.05447177
24966,0,0.055706136
24967,1,0.62519515
24968,0,0.082914256
24969,0,0.44988036
24970,0,0.05409605
24971,1,0.6306381
24972,1,0.23882738
24973,0,0.05462179
24974,0,0.42192724
24975,0,0.44665158
24976,1,0.5741412
24977,1,0.6234669
24978,0,0.05459845
24979,0,0.05415473
24980,0,0.24167375
24981,0,0.054273047
24982,0,0.05419555
24983,0,0.05427454
24984,0,0.25387883
24985,0,0.056078974
24986,0,0.054508757
24987,0,0.055325165
24988,0,0.3275701
24989,0,0.055204224
24990,1,0.23821165
24991,0,0.055454493
24992,0,0.055590704
24993,0,0.062319458
24994,0,0.20777631
24995,1,0.6243351
24996,0,0.36122367
24997,0,0.05483919
24998,0,0.05408961
24999,0,0.055079877
25000,0,0.5056977
25001,1,0.24066927
25002,0,0.23926112
25003,0,0.054622084
25004,0,0.44943005
25005,0,0.16640556
25006,0,0.054202724
25007,0,0.064284004
25008,0,0.0542291
25009,1,0.627644
25010,0,0.054694593
25011,0,0.05393436
25012,0,0.054439202
25013,0,0.055132493
25014,0,0.053955704
25015,0,0.24208127
25016,0,0.24169895
25017,0,0.054232165
25018,0,0.2189535
25019,0,0.05537071
25020,0,0.05424662
25021,0,0.18613207
25022,0,0.056136895
25023,0,0.053939074
25024,0,0.060150195
25025,0,0.05433444
25026,1,0.6346638
25027,0,0.054584347
25028,0,0.054100763
25029,0,0.054737363
25030,1,0.23386674
25031,0,0.05426113
25032,0,0.056212272
25033,0,0.054233883
25034,0,0.40641165
25035,1,0.4382845
25036,0,0.0543498
25037,0,0.26140392
25038,0,0.10682837
25039,0,0.054956157
25040,0,0.055482056
25041,1,0.056783147
25042,0,0.05408835
25043,0,0.054489642
25044,0,0.054291874
25045,1,0.32878357
25046,0,0.054861818
25047,0,0.05509354
25048,0,0.6325741
25049,0,0.6105257
25050,0,0.05453615
25051,0,0.05432398
25052,0,0.61332583
25053,1,0.27383584
25054,0,0.054915138
25055,0,0.05504306
25056,1,0.6219167
25057,0,0.055125102
25058,0,0.054160047
25059,0,0.0543828
25060,0,0.23585944
25061,0,0.06146068
25062,0,0.055230618
25063,1,0.63813794
25064,0,0.05485215
25065,0,0.05470575
25066,0,0.17082028
25067,1,0.3366516
25068,1,0.5258327
25069,1,0.63635623
25070,0,0.6211189
25071,1,0.06791956
25072,0,0.05415701
25073,0,0.054182716
25074,0,0.05407741
25075,1,0.23604798
25076,0,0.054286
25077,0,0.05478995
25078,0,0.05418888
25079,0,0.054067265
25080,0,0.054890208
25081,0,0.054997977
25082,0,0.05447915
25083,1,0.23221596
25084,0,0.054929353
25085,0,0.054926686
25086,1,0.2380472
25087,0,0.073674515
25088,1,0.26067817
25089,0,0.21217766
25090,0,0.055349547
25091,0,0.054744568
25092,0,0.12097637
25093,0,0.32262304
25094,0,0.05457254
25095,0,0.28210327
25096,0,0.05756169
25097,1,0.46258235
25098,0,0.05420641
25099,0,0.63998437
25100,0,0.05421935
25101,0,0.053973284
25102,0,0.62791353
25103,0,0.2286971
25104,0,0.054890025
25105,0,0.054578654
25106,0,0.05765488
25107,1,0.63593197
25108,0,0.63946986
25109,1,0.44946277
25110,1,0.63826215
25111,0,0.05462627
25112,0,0.24464862
25113,0,0.054201536
25114,0,0.05517491
25115,0,0.05477967
25116,0,0.05445771
25117,1,0.6205113
25118,0,0.34995678
25119,0,0.053909894
25120,0,0.05419725
25121,0,0.20959082
25122,0,0.056033384
25123,1,0.4571289
25124,0,0.0543242
25125,1,0.6113741
25126,0,0.054453816
25127,0,0.054197285
25128,1,0.34224096
25129,0,0.059057135
25130,0,0.054170366
25131,0,0.058079153
25132,0,0.21194932
25133,0,0.21299775
25134,0,0.054388206
25135,1,0.41382664
25136,1,0.35535985
25137,0,0.05425901
25138,0,0.054203678
25139,1,0.6170499
25140,1,0.6388155
25141,0,0.1794678
25142,1,0.34886643
25143,0,0.05416338
25144,0,0.0544556
25145,0,0.0541123
25146,0,0.32265696
25147,1,0.09693667
25148,0,0.05416745
25149,0,0.05945672
25150,0,0.05433788
25151,0,0.05484778
25152,1,0.24427857
25153,0,0.0560629
25154,0,0.05553533
25155,0,0.17198575
25156,0,0.057085317
25157,0,0.054342277
25158,0,0.2288872
25159,0,0.23472627
25160,0,0.062012482
25161,0,0.054778755
25162,0,0.055630498
25163,0,0.23193464
25164,0,0.18417186
25165,0,0.05489533
25166,0,0.059538048
25167,0,0.63793266
25168,0,0.054252043
25169,1,0.60095346
25170,1,0.6334712
25171,0,0.057341743
25172,0,0.24604169
25173,1,0.056688916
25174,0,0.054247256
25175,0,0.06309589
25176,0,0.058722634
25177,0,0.05434321
25178,0,0.055910587
25179,0,0.055476908
25180,0,0.16461049
25181,0,0.05878625
25182,0,0.35620636
25183,0,0.062109247
25184,1,0.6120747
25185,0,0.22478838
25186,0,0.055386405
25187,0,0.05452736
25188,0,0.05426315
25189,0,0.055261143
25190,0,0.05567448
25191,0,0.06725549
25192,0,0.054882463
25193,0,0.05463574
25194,0,0.24869232
25195,1,0.6402232
25196,0,0.055459905
25197,0,0.05418691
25198,0,0.056128986
25199,0,0.054541916
25200,0,0.06600372
25201,0,0.05450534
25202,0,0.054361217
25203,0,0.19734508
25204,0,0.054200575
25205,1,0.058855634
25206,0,0.23041429
25207,0,0.054862157
25208,0,0.054492984
25209,0,0.3480099
25210,0,0.32777616
25211,0,0.056463823
25212,0,0.23059386
25213,0,0.054256454
25214,1,0.63782895
25215,0,0.054343384
25216,0,0.21295841
25217,0,0.61594594
25218,0,0.054049645
25219,0,0.6359823
25220,0,0.055959832
25221,0,0.055998713
25222,0,0.6355202
25223,1,0.6352327
25224,0,0.054380234
25225,0,0.05419961
25226,0,0.054277554
25227,0,0.054241918
25228,1,0.5796341
25229,0,0.054050364
25230,0,0.3196583
25231,0,0.055830736
25232,0,0.054572858
25233,1,0.065224186
25234,0,0.05414018
25235,0,0.054577924
25236,0,0.054501556
25237,0,0.05561939
25238,1,0.06440858
25239,1,0.63844395
25240,0,0.054170333
25241,0,0.054834366
25242,1,0.061362598
25243,1,0.5977747
25244,0,0.054070584
25245,0,0.05644117
25246,0,0.06365615
25247,0,0.061604276
25248,0,0.05434499
25249,1,0.3971757
25250,0,0.34513435
25251,1,0.63297254
25252,0,0.057654727
25253,0,0.36811423
25254,0,0.054727096
25255,0,0.05492432
25256,0,0.055604424
25257,1,0.23073682
25258,0,0.3963293
25259,1,0.5220414
25260,1,0.5743374
25261,0,0.2422916
25262,0,0.23263772
25263,1,0.054866865
25264,1,0.055094995
25265,0,0.059482902
25266,0,0.055077303
25267,0,0.51766205
25268,0,0.05467314
25269,0,0.06636877
25270,1,0.6045216
25271,0,0.054452643
25272,0,0.05401971
25273,0,0.058721095
25274,1,0.05500184
25275,0,0.14765495
25276,0,0.05435378
25277,1,0.18466382
25278,0,0.05403779
25279,0,0.054354914
25280,1,0.64159864
25281,0,0.054460045
25282,1,0.098037
25283,0,0.054071035
25284,0,0.056447968
25285,0,0.05467921
25286,0,0.30469698
25287,0,0.058121607
25288,0,0.05422168
25289,0,0.056392528
25290,0,0.055178463
25291,0,0.05446012
25292,0,0.054806806
25293,1,0.055244815
25294,0,0.054199073
25295,0,0.32928884
25296,0,0.05439818
25297,0,0.054075044
25298,0,0.054312024
25299,0,0.054936513
25300,0,0.23682342
25301,1,0.4499292
25302,1,0.31244287
25303,0,0.5115115
25304,0,0.0571635
25305,1,0.2493801
25306,0,0.05433968
25307,0,0.26942545
25308,0,0.33443627
25309,0,0.05456504
25310,0,0.054199852
25311,0,0.054566044
25312,1,0.6148355
25313,0,0.6077725
25314,0,0.056191746
25315,0,0.05419206
25316,0,0.05431135
25317,0,0.05482573
25318,0,0.054172862
25319,0,0.05399111
25320,0,0.05569238
25321,0,0.31809595
25322,0,0.062144127
25323,0,0.61569697
25324,0,0.054363042
25325,0,0.05549269
25326,1,0.6386513
25327,0,0.054412596
25328,0,0.05496612
25329,1,0.34439564
25330,0,0.05469535
25331,0,0.56893665
25332,0,0.095118046
25333,0,0.05427457
25334,0,0.05431825
25335,1,0.5987962
25336,0,0.054757915
25337,0,0.057223305
25338,0,0.0557352
25339,0,0.054506954
25340,0,0.053939257
25341,0,0.054332666
25342,0,0.23647681
25343,1,0.3102278
25344,0,0.6239269
25345,0,0.05452852
25346,0,0.27786058
25347,0,0.054735217
25348,0,0.05611887
25349,0,0.054133467
25350,0,0.38063708
25351,0,0.054225978
25352,0,0.054678127
25353,0,0.054796863
25354,0,0.05590894
25355,1,0.6381192
25356,0,0.33188578
25357,0,0.054400124
25358,0,0.16404884
25359,0,0.054130316
25360,0,0.6121044
25361,1,0.6308133
25362,0,0.55827665
25363,0,0.055833813
25364,1,0.3476784
25365,0,0.054397844
25366,1,0.6330238
25367,0,0.058567565
25368,0,0.2917261
25369,0,0.6394472
25370,0,0.054077193
25371,0,0.42945495
25372,0,0.05412536
25373,0,0.63854
25374,0,0.055395957
25375,0,0.05446805
25376,0,0.055095617
25377,0,0.056560077
25378,1,0.47292086
25379,0,0.056230057
25380,0,0.054091755
25381,0,0.054027956
25382,0,0.1792694
25383,0,0.2291314
25384,0,0.05476995
25385,0,0.23604286
25386,0,0.054021306
25387,1,0.6402113
25388,0,0.056327797
25389,0,0.24209821
25390,1,0.6387795
25391,0,0.054162487
25392,0,0.05446525
25393,0,0.054453257
25394,0,0.054241195
25395,0,0.054133542
25396,0,0.054125596
25397,0,0.32799724
25398,0,0.094776325
25399,0,0.055759616
25400,1,0.05583738
25401,0,0.21883228
25402,1,0.62945914
25403,0,0.057523582
25404,1,0.21317975
25405,0,0.05659604
25406,0,0.065147825
25407,0,0.5350135
25408,0,0.05511681
25409,0,0.060568113
25410,1,0.3954607
25411,1,0.24884875
25412,0,0.32608294
25413,0,0.058386423
25414,0,0.057230484
25415,0,0.36249736
25416,1,0.6211345
25417,1,0.59627503
25418,0,0.058732558
25419,0,0.05421736
25420,0,0.05401005
25421,0,0.055266082
25422,0,0.26545146
25423,1,0.35444084
25424,0,0.0542073
25425,0,0.055058066
25426,0,0.0549104
25427,0,0.053931933
25428,1,0.58657205
25429,0,0.08035442
25430,0,0.05433279
25431,0,0.05440718
25432,1,0.39343253
25433,0,0.05448044
25434,0,0.21733846
25435,0,0.23642205
25436,0,0.05459829
25437,0,0.055008534
25438,0,0.054673463
25439,0,0.15061592
25440,0,0.058912676
25441,0,0.21698292
25442,0,0.054028165
25443,0,0.055047527
25444,0,0.054318096
25445,0,0.054824855
25446,0,0.19810863
25447,0,0.05423772
25448,0,0.054288995
25449,0,0.5950136
25450,0,0.054362644
25451,1,0.64063764
25452,0,0.05743229
25453,0,0.05414863
25454,0,0.09169945
25455,1,0.05577064
25456,0,0.054249175
25457,0,0.05454312
25458,0,0.6328246
25459,0,0.05418169
25460,0,0.0542818
25461,1,0.34705988
25462,1,0.63980395
25463,0,0.05445721
25464,0,0.056549013
25465,0,0.06391987
25466,0,0.054993045
25467,1,0.33949152
25468,0,0.054245852
25469,0,0.05861311
25470,0,0.05483851
25471,0,0.09801651
25472,0,0.054356076
25473,0,0.055345904
25474,0,0.060749233
25475,0,0.05569732
25476,0,0.055425216
25477,0,0.056035023
25478,0,0.054197177
25479,0,0.054235525
25480,0,0.054813724
25481,1,0.29818693
25482,1,0.5959246
25483,0,0.055834807
25484,0,0.05440079
25485,1,0.29387197
25486,0,0.058767
25487,0,0.05417111
25488,0,0.057528626
25489,0,0.055020023
25490,0,0.056309924
25491,0,0.055496838
25492,0,0.05470623
25493,1,0.39139256
25494,1,0.38949585
25495,0,0.63356096
25496,0,0.05436984
25497,0,0.05409766
25498,0,0.058397874
25499,0,0.57126343
25500,0,0.05492413
25501,0,0.054247513
25502,0,0.055370305
25503,0,0.05419869
25504,0,0.059628353
25505,0,0.056670684
25506,0,0.3160258
25507,0,0.05573631
25508,0,0.057567336
25509,0,0.0554723
25510,1,0.6212589
25511,0,0.054220725
25512,0,0.058509238
25513,0,0.3368729
25514,0,0.055832304
25515,0,0.05458853
25516,0,0.3468206
25517,0,0.05528481
25518,0,0.05620496
25519,0,0.054239888
25520,0,0.060019117
25521,0,0.06957444
25522,0,0.25246388
25523,0,0.054061923
25524,0,0.05448851
25525,0,0.43311796
25526,1,0.056465495
25527,0,0.055124708
25528,0,0.6197632
25529,0,0.057151373
25530,1,0.6082137
25531,0,0.056440122
25532,0,0.057988077
25533,0,0.32765323
25534,0,0.054261446
25535,0,0.057961907
25536,0,0.053973805
25537,0,0.055401426
25538,0,0.054333165
25539,0,0.05705494
25540,0,0.0539933
25541,0,0.23386428
25542,1,0.07776987
25543,0,0.054401733
25544,0,0.054323744
25545,1,0.32497117
25546,0,0.055241812
25547,0,0.0573458
25548,0,0.32049343
25549,0,0.056796722
25550,0,0.054759525
25551,0,0.057334464
25552,0,0.055287797
25553,0,0.062461413
25554,0,0.054306824
25555,0,0.054682415
25556,0,0.054940723
25557,0,0.056471035
25558,0,0.05394298
25559,0,0.05511308
25560,1,0.5419178
25561,0,0.05462313
25562,0,0.05580567
25563,0,0.07635117
25564,0,0.05598823
25565,0,0.055080988
25566,0,0.054325055
25567,0,0.055219978
25568,0,0.05512838
25569,0,0.19980659
25570,0,0.6369765
25571,0,0.0558985
25572,0,0.055672597
25573,0,0.42589027
25574,1,0.34854314
25575,0,0.054331377
25576,0,0.24110898
25577,0,0.054314226
25578,0,0.053907655
25579,0,0.054171935
25580,1,0.27950004
25581,0,0.34560704
25582,0,0.054812342
25583,1,0.054041065
25584,1,0.25327545
25585,0,0.054527275
25586,0,0.05420556
25587,1,0.37110057
25588,0,0.05425969
25589,0,0.06805334
25590,0,0.054539677
25591,0,0.05440499
25592,0,0.055718403
25593,0,0.055996276
25594,0,0.054319274
25595,0,0.054328315
25596,0,0.055376776
25597,0,0.05400078
25598,0,0.053999778
25599,0,0.055237647
25600,0,0.054300614
25601,0,0.3468244
25602,0,0.22122498
25603,1,0.6407579
25604,1,0.054712962
25605,0,0.44972226
25606,0,0.05414962
25607,0,0.6375889
25608,0,0.05500493
25609,0,0.05432518
25610,0,0.054406095
25611,1,0.6345833
25612,0,0.056048717
25613,0,0.054670047
25614,0,0.05433396
25615,0,0.054235775
25616,0,0.05481755
25617,0,0.28501198
25618,0,0.054585803
25619,1,0.6037022
25620,0,0.056751087
25621,0,0.054299135
25622,0,0.64204824
25623,0,0.62662
25624,1,0.6174425
25625,0,0.054569036
25626,0,0.054390084
25627,1,0.63979214
25628,0,0.20838664
25629,0,0.05522385
25630,0,0.05612727
25631,0,0.05461162
25632,0,0.054188427
25633,0,0.054327853
25634,0,0.056192957
25635,1,0.63527334
25636,0,0.21767253
25637,1,0.34562296
25638,0,0.32608625
25639,0,0.055110488
25640,0,0.057151143
25641,0,0.056122176
25642,0,0.056847062
25643,0,0.054677784
25644,0,0.05436533
25645,0,0.23129936
25646,0,0.057327606
25647,0,0.622681
25648,0,0.054151952
25649,0,0.24192862
25650,0,0.6392822
25651,1,0.6305118
25652,0,0.054776333
25653,1,0.640625
25654,0,0.05761325
25655,0,0.60485005
25656,0,0.055060573
25657,0,0.05482998
25658,0,0.14855982
25659,1,0.088555165
25660,0,0.15255776
25661,0,0.054928795
25662,0,0.056749325
25663,0,0.054900076
25664,0,0.25538093
25665,0,0.05453666
25666,0,0.054021265
25667,0,0.056579933
25668,0,0.061499916
25669,0,0.055815548
25670,0,0.3750099
25671,0,0.63089716
25672,0,0.054084685
25673,1,0.5959165
25674,1,0.15870206
25675,0,0.054347865
25676,0,0.054633502
25677,0,0.055524524
25678,0,0.056013532
25679,0,0.054290272
25680,1,0.34850046
25681,0,0.054405905
25682,0,0.6222715
25683,0,0.05442791
25684,0,0.054673225
25685,0,0.054119565
25686,1,0.07317691
25687,0,0.055839118
25688,0,0.054245487
25689,0,0.054723322
25690,0,0.054694608
25691,0,0.054442305
25692,0,0.19098048
25693,1,0.61091745
25694,0,0.3152188
25695,0,0.055064987
25696,0,0.055259395
25697,0,0.072929054
25698,0,0.0542312
25699,1,0.6278825
25700,0,0.16752763
25701,0,0.05527358
25702,0,0.056849748
25703,1,0.28483164
25704,0,0.054063097
25705,0,0.16418241
25706,0,0.5851578
25707,0,0.21531516
25708,0,0.05481214
25709,0,0.0592641
25710,0,0.6369711
25711,1,0.27251014
25712,0,0.053994372
25713,0,0.05711813
25714,0,0.056164835
25715,0,0.054285035
25716,0,0.05541952
25717,0,0.066399775
25718,1,0.62514734
25719,0,0.05443892
25720,0,0.056075808
25721,1,0.61672914
25722,1,0.50552416
25723,1,0.62271345
25724,0,0.3344704
25725,0,0.05424129
25726,0,0.055632617
25727,0,0.054579403
25728,0,0.054755144
25729,0,0.054310974
25730,0,0.06601421
25731,0,0.057007525
25732,0,0.0568715
25733,0,0.054416735
25734,0,0.059944876
25735,0,0.055200733
25736,0,0.058286767
25737,0,0.3215533
25738,0,0.5355382
25739,0,0.0544792
25740,0,0.054448877
25741,0,0.054842737
25742,0,0.059855107
25743,0,0.055095952
25744,0,0.054350972
25745,0,0.05403133
25746,0,0.0559438
25747,0,0.0547363
25748,1,0.4981864
25749,0,0.3086301
25750,1,0.24918939
25751,0,0.055157606
25752,0,0.080008715
25753,0,0.23264295
25754,0,0.05443988
25755,0,0.058974516
25756,0,0.05469908
25757,1,0.43526915
25758,0,0.05516703
25759,0,0.21575998
25760,0,0.056916315
25761,1,0.22971739
25762,0,0.05441602
25763,0,0.056054834
25764,0,0.2661369
25765,0,0.055138677
25766,0,0.05522616
25767,0,0.05405473
25768,0,0.05576912
25769,0,0.05684287
25770,0,0.05506859
25771,0,0.054313347
25772,0,0.17440833
25773,1,0.44763824
25774,0,0.054471884
25775,1,0.23954952
25776,0,0.05962141
25777,0,0.63869476
25778,0,0.05655733
25779,0,0.0597418
25780,1,0.19571215
25781,0,0.05528496
25782,0,0.056212515
25783,1,0.641512
25784,0,0.054481387
25785,0,0.054841675
25786,1,0.6365926
25787,1,0.6319614
25788,0,0.05429723
25789,0,0.057772573
25790,0,0.3373152
25791,0,0.054309342
25792,0,0.05416416
25793,0,0.054259527
25794,1,0.38970348
25795,0,0.17264722
25796,0,0.054198932
25797,0,0.05472533
25798,0,0.6404011
25799,1,0.6276706
25800,0,0.05613769
25801,0,0.054312065
25802,0,0.0549568
25803,0,0.054612175
25804,0,0.45099685
25805,1,0.60406923
25806,0,0.054300882
25807,0,0.05720724
25808,0,0.05475767
25809,0,0.05529156
25810,0,0.06521218
25811,0,0.053994957
25812,0,0.054444194
25813,0,0.053888638
25814,1,0.597879
25815,0,0.13202287
25816,0,0.05432175
25817,0,0.054877397
25818,0,0.6228677
25819,0,0.054717626
25820,0,0.27830052
25821,1,0.059234414
25822,0,0.054788664
25823,1,0.30665007
25824,0,0.05478731
25825,0,0.21659513
25826,1,0.5799879
25827,0,0.05478522
25828,0,0.05442109
25829,0,0.056496054
25830,1,0.63637555
25831,0,0.054652426
25832,0,0.16769305
25833,0,0.6125014
25834,1,0.21987641
25835,0,0.057008713
25836,0,0.05430289
25837,0,0.054442722
25838,0,0.055781752
25839,0,0.055072088
25840,0,0.05809178
25841,0,0.055298395
25842,0,0.054645717
25843,0,0.3236864
25844,0,0.55591244
25845,0,0.054073665
25846,0,0.05438506
25847,0,0.054832257
25848,0,0.54079044
25849,0,0.054310728
25850,0,0.44983935
25851,0,0.054814957
25852,0,0.054185517
25853,0,0.2534133
25854,0,0.054215796
25855,0,0.054494064
25856,0,0.23989826
25857,0,0.05478552
25858,0,0.055153046
25859,1,0.26397198
25860,1,0.16094513
25861,1,0.43337345
25862,0,0.05419297
25863,0,0.054630484
25864,0,0.05562296
25865,0,0.054489914
25866,0,0.06042533
25867,0,0.10115249
25868,0,0.25863665
25869,0,0.09042167
25870,1,0.6398879
25871,0,0.06484619
25872,0,0.055363894
25873,0,0.054186884
25874,0,0.05546212
25875,0,0.05425252
25876,1,0.5352812
25877,0,0.05466607
25878,0,0.24757104
25879,0,0.18936758
25880,0,0.2548204
25881,1,0.32642567
25882,0,0.05415085
25883,0,0.05425285
25884,0,0.05666559
25885,0,0.24032551
25886,0,0.6267473
25887,0,0.055339947
25888,1,0.6403882
25889,0,0.17198217
25890,0,0.16654897
25891,0,0.05602538
25892,0,0.23731925
25893,1,0.6310566
25894,0,0.63702184
25895,0,0.054398116
25896,0,0.054374218
25897,1,0.33575895
25898,0,0.05444095
25899,0,0.055095863
25900,0,0.056999963
25901,0,0.23121934
25902,0,0.054289952
25903,0,0.055217568
25904,1,0.23175465
25905,0,0.18351284
25906,1,0.054554794
25907,0,0.054359205
25908,0,0.08763847
25909,0,0.05561319
25910,1,0.054751266
25911,0,0.054344043
25912,0,0.05580345
25913,1,0.63315123
25914,0,0.054405708
25915,0,0.055700205
25916,0,0.060484935
25917,0,0.05536645
25918,0,0.17403466
25919,0,0.05959709
25920,0,0.19323178
25921,1,0.055777658
25922,1,0.32371813
25923,0,0.055518374
25924,0,0.05442099
25925,1,0.56520236
25926,1,0.639767
25927,0,0.054462157
25928,0,0.05418888
25929,0,0.05460139
25930,1,0.45842403
25931,1,0.57025015
25932,0,0.05418324
25933,1,0.44534653
25934,0,0.17874552
25935,0,0.056859218
25936,0,0.054439913
25937,0,0.17338394
25938,0,0.054229114
25939,0,0.054207347
25940,0,0.05467495
25941,0,0.054729298
25942,0,0.054263555
25943,0,0.05421313
25944,0,0.055154826
25945,0,0.05562442
25946,0,0.26588178
25947,0,0.056553196
25948,1,0.07249866
25949,0,0.054248746
25950,1,0.4626664
25951,1,0.63714397
25952,0,0.05429819
25953,0,0.054208476
25954,0,0.6043073
25955,0,0.054782584
25956,0,0.5937713
25957,1,0.2298383
25958,0,0.05406446
25959,0,0.056182124
25960,1,0.23375462
25961,0,0.05704777
25962,0,0.12468993
25963,0,0.054897133
25964,0,0.054092813
25965,1,0.22849303
25966,0,0.14388315
25967,0,0.054888245
25968,0,0.055143822
25969,1,0.3242652
25970,0,0.054129623
25971,1,0.5986806
25972,0,0.055716433
25973,0,0.055230618
25974,0,0.05411828
25975,0,0.06380411
25976,0,0.05633367
25977,0,0.054251444
25978,0,0.31077585
25979,0,0.05714018
25980,0,0.4514335
25981,0,0.054965716
25982,0,0.056473464
25983,0,0.05424442
25984,0,0.055088975
25985,0,0.054883458
25986,1,0.059827074
25987,0,0.061553452
25988,0,0.05644462
25989,1,0.6415445
25990,1,0.6379847
25991,0,0.055211388
25992,0,0.054224633
25993,0,0.20132563
25994,1,0.5562046
25995,1,0.4681113
25996,1,0.6364025
25997,1,0.28245395
25998,0,0.054119952
25999,1,0.44205475
26000,0,0.073036596
26001,1,0.2948824
26002,0,0.6388327
26003,0,0.054248884
26004,0,0.055370852
26005,1,0.6405659
26006,0,0.058133975
26007,0,0.054803077
26008,0,0.05457055
26009,1,0.4413438
26010,0,0.05402257
26011,0,0.054320488
26012,0,0.44743544
26013,1,0.27293488
26014,1,0.6013886
26015,1,0.3542806
26016,0,0.05438434
26017,0,0.056518544
26018,0,0.058175035
26019,0,0.05421597
26020,0,0.11436617
26021,0,0.61729074
26022,0,0.061799582
26023,0,0.05415493
26024,1,0.6018183
26025,0,0.053974256
26026,0,0.23004809
26027,0,0.6373093
26028,1,0.6412646
26029,0,0.055153806
26030,1,0.6417859
26031,0,0.6014972
26032,0,0.05519527
26033,0,0.055865668
26034,0,0.06692668
26035,0,0.05443833
26036,0,0.26416683
26037,0,0.2217873
26038,1,0.6348974
26039,1,0.61904263
26040,1,0.07107598
26041,0,0.05446628
26042,0,0.05493102
26043,1,0.21447517
26044,0,0.09216242
26045,0,0.19502205
26046,0,0.061053198
26047,0,0.054022558
26048,0,0.63963884
26049,0,0.22939366
26050,0,0.05445511
26051,0,0.05612919
26052,0,0.5956302
26053,0,0.19316685
26054,0,0.054209355
26055,0,0.054370783
26056,0,0.5050814
26057,0,0.61760694
26058,1,0.5767214
26059,0,0.056498457
26060,0,0.054310016
26061,0,0.054424305
26062,0,0.054371554
26063,1,0.6412454
26064,0,0.054555897
26065,0,0.05679064
26066,0,0.40222487
26067,1,0.35470426
26068,0,0.05425448
26069,1,0.6401136
26070,0,0.057569668
26071,0,0.061197266
26072,0,0.054420013
26073,0,0.055136207
26074,0,0.054358922
26075,0,0.6213642
26076,0,0.09930694
26077,0,0.05531049
26078,1,0.3097004
26079,0,0.6268217
26080,0,0.054386146
26081,1,0.30995217
26082,0,0.60935026
26083,0,0.05548265
26084,0,0.05448583
26085,0,0.05449996
26086,1,0.281326
26087,1,0.054945506
26088,0,0.053936258
26089,0,0.054169144
26090,1,0.47156662
26091,0,0.054674175
26092,0,0.054550674
26093,0,0.055503853
26094,1,0.05561968
26095,0,0.35635692
26096,1,0.63768
26097,1,0.28126827
26098,0,0.06064806
26099,0,0.05417452
26100,0,0.054141693
26101,1,0.21227369
26102,0,0.23471025
26103,1,0.059018698
26104,0,0.055468667
26105,0,0.05737153
26106,0,0.6401251
26107,0,0.05444459
26108,0,0.6012704
26109,0,0.055980362
26110,0,0.23583663
26111,1,0.2684605
26112,0,0.054348774
26113,1,0.62400496
26114,0,0.074367866
26115,0,0.055331536
26116,0,0.05541474
26117,1,0.5965076
26118,0,0.055203255
26119,0,0.05440329
26120,0,0.054235194
26121,1,0.28386992
26122,0,0.05421099
26123,0,0.054974027
26124,0,0.35193574
26125,1,0.6390616
26126,0,0.054492775
26127,0,0.31964704
26128,0,0.05425654
26129,1,0.23767915
26130,0,0.23166582
26131,1,0.32276508
26132,0,0.05666513
26133,0,0.08964932
26134,0,0.05451668
26135,0,0.058067054
26136,0,0.054248568
26137,0,0.063216925
26138,0,0.21663362
26139,0,0.23417136
26140,0,0.0542909
26141,1,0.5197067
26142,0,0.054166213
26143,0,0.055967115
26144,1,0.5978989
26145,1,0.1785963
26146,0,0.05402268
26147,0,0.41567183
26148,0,0.05810908
26149,0,0.056180276
26150,1,0.36840323
26151,0,0.05517466
26152,0,0.2844373
26153,0,0.05543798
26154,1,0.056055237
26155,0,0.05398441
26156,0,0.056427393
26157,0,0.21763259
26158,0,0.05530005
26159,0,0.59461284
26160,0,0.055180874
26161,0,0.63581073
26162,0,0.6215073
26163,0,0.054225832
26164,0,0.054092634
26165,1,0.059995946
26166,0,0.054186154
26167,0,0.05423992
26168,0,0.0546242
26169,1,0.20732577
26170,0,0.054320488
26171,0,0.36725956
26172,0,0.054805666
26173,1,0.6398879
26174,0,0.41869208
26175,0,0.056119047
26176,1,0.26595944
26177,0,0.05417655
26178,0,0.054161318
26179,0,0.05714736
26180,0,0.054783046
26181,1,0.06285077
26182,0,0.05433227
26183,0,0.054876626
26184,0,0.05500286
26185,0,0.05589691
26186,0,0.05715777
26187,1,0.070321724
26188,0,0.21196836
26189,1,0.529256
26190,0,0.054197565
26191,0,0.05438848
26192,0,0.058164544
26193,0,0.054521658
26194,0,0.62703234
26195,0,0.6186758
26196,0,0.054823283
26197,0,0.2812376
26198,0,0.05612582
26199,0,0.06189178
26200,1,0.3353961
26201,0,0.05482812
26202,1,0.083543085
26203,0,0.58001584
26204,0,0.5894434
26205,0,0.054218374
26206,0,0.05431159
26207,0,0.41178584
26208,0,0.05588464
26209,0,0.05446886
26210,1,0.36492518
26211,0,0.054166447
26212,1,0.19040959
26213,0,0.05683297
26214,1,0.45032737
26215,0,0.4283302
26216,1,0.61704785
26217,0,0.055906594
26218,0,0.05391505
26219,0,0.06309251
26220,0,0.11233636
26221,1,0.6283336
26222,0,0.056339994
26223,0,0.054289818
26224,0,0.064551294
26225,0,0.05395609
26226,0,0.25188953
26227,0,0.05450626
26228,0,0.054673422
26229,1,0.05478585
26230,1,0.6043867
26231,0,0.23314677
26232,1,0.27132505
26233,0,0.43610233
26234,0,0.0548481
26235,0,0.08029411
26236,1,0.6327031
26237,0,0.056073308
26238,0,0.05423734
26239,1,0.054982528
26240,0,0.16275814
26241,1,0.6399918
26242,0,0.05616181
26243,0,0.06504598
26244,0,0.2913175
26245,0,0.05573617
26246,0,0.056107547
26247,1,0.3916902
26248,0,0.054326467
26249,0,0.05476007
26250,0,0.054222476
26251,0,0.054184295
26252,0,0.055321306
26253,1,0.5374506
26254,0,0.056813993
26255,1,0.2875301
26256,0,0.05455319
26257,0,0.054260846
26258,0,0.054475345
26259,0,0.6388945
26260,0,0.059645023
26261,1,0.6332415
26262,0,0.054156445
26263,0,0.05501762
26264,0,0.054488927
26265,0,0.062845565
26266,0,0.054443695
26267,1,0.58315873
26268,1,0.6288214
26269,0,0.2676387
26270,1,0.35401195
26271,0,0.055818852
26272,0,0.21352056
26273,0,0.05431393
26274,0,0.0638716
26275,0,0.18247293
26276,0,0.21864522
26277,0,0.22635691
26278,0,0.57936484
26279,0,0.056178942
26280,0,0.057118937
26281,1,0.057429094
26282,1,0.61733425
26283,0,0.43630007
26284,0,0.1490098
26285,0,0.05482927
26286,0,0.054883342
26287,1,0.6008343
26288,0,0.6292664
26289,0,0.05409353
26290,0,0.05422177
26291,0,0.05519545
26292,0,0.6387371
26293,0,0.054338064
26294,0,0.054994058
26295,0,0.054260988
26296,0,0.0539999
26297,0,0.054386638
26298,0,0.34754685
26299,0,0.27875176
26300,1,0.49107662
26301,0,0.054929234
26302,0,0.64017546
26303,0,0.05432305
26304,0,0.3093743
26305,0,0.0542027
26306,0,0.05435012
26307,0,0.056698643
26308,0,0.054696072
26309,0,0.054111265
26310,0,0.05559982
26311,1,0.6400468
26312,0,0.054243393
26313,0,0.24828015
26314,0,0.056738373
26315,1,0.38246292
26316,0,0.05534992
26317,0,0.05505081
26318,0,0.06351272
26319,0,0.054230027
26320,1,0.054558605
26321,0,0.05399303
26322,0,0.054731514
26323,0,0.054958053
26324,0,0.05438208
26325,1,0.6120973
26326,0,0.057227265
26327,0,0.054124802
26328,0,0.056201518
26329,0,0.05451932
26330,0,0.054705493
26331,0,0.22391333
26332,1,0.64017123
26333,0,0.055348083
26334,0,0.055033162
26335,0,0.054247417
26336,0,0.057728965
26337,0,0.0559045
26338,1,0.17116122
26339,0,0.05442261
26340,0,0.14088337
26341,0,0.6405327
26342,0,0.054306615
26343,0,0.18228348
26344,0,0.32822666
26345,0,0.05429807
26346,0,0.05407345
26347,0,0.05522549
26348,0,0.054068048
26349,0,0.05447285
26350,0,0.33198905
26351,0,0.05501705
26352,0,0.2156858
26353,1,0.48819375
26354,0,0.05823827
26355,0,0.23866047
26356,0,0.054170832
26357,0,0.0550506
26358,1,0.28345954
26359,0,0.054336302
26360,0,0.05726395
26361,1,0.6117375
26362,0,0.6384845
26363,0,0.055665255
26364,1,0.23649025
26365,0,0.05693789
26366,0,0.05453731
26367,0,0.05421032
26368,0,0.054793272
26369,1,0.32504925
26370,0,0.05445565
26371,1,0.23189026
26372,1,0.41876915
26373,0,0.054429363
26374,0,0.055115353
26375,0,0.0563558
26376,0,0.054750536
26377,0,0.38131776
26378,0,0.05811111
26379,0,0.059095174
26380,0,0.056647573
26381,0,0.20044494
26382,0,0.21242842
26383,1,0.56505424
26384,0,0.054996505
26385,0,0.31052926
26386,0,0.054650016
26387,0,0.054472312
26388,0,0.236203
26389,1,0.6377675
26390,0,0.054260913
26391,1,0.05480509
26392,0,0.05737784
26393,0,0.0552228
26394,0,0.05427738
26395,0,0.05489318
26396,0,0.05409485
26397,0,0.055859644
26398,0,0.05681213
26399,0,0.05509348
26400,0,0.2288612
26401,0,0.6284143
26402,0,0.054514606
26403,0,0.08440226
26404,0,0.64031863
26405,0,0.056359958
26406,0,0.3157253
26407,0,0.054113254
26408,0,0.055444364
26409,0,0.4064244
26410,0,0.6386814
26411,0,0.05441049
26412,0,0.055624135
26413,1,0.056669284
26414,1,0.60353464
26415,1,0.21902452
26416,0,0.059988834
26417,0,0.05458142
26418,0,0.054259453
26419,0,0.055339012
26420,1,0.32648855
26421,1,0.61482215
26422,0,0.05449819
26423,0,0.054813154
26424,0,0.05483243
26425,0,0.05423224
26426,0,0.05446887
26427,0,0.054415714
26428,0,0.055451255
26429,0,0.055278197
26430,0,0.056990657
26431,0,0.054814044
26432,0,0.055103857
26433,1,0.23684213
26434,0,0.06084133
26435,0,0.054297846
26436,0,0.057669766
26437,0,0.06877521
26438,0,0.055309135
26439,0,0.05420748
26440,0,0.05528025
26441,0,0.054826993
26442,1,0.20184848
26443,1,0.29041788
26444,0,0.05580868
26445,0,0.058628514
26446,0,0.05490029
26447,0,0.05436625
26448,0,0.05433031
26449,0,0.055156056
26450,0,0.054242782
26451,0,0.054299023
26452,0,0.054058503
26453,0,0.05866764
26454,0,0.05425366
26455,1,0.40021762
26456,0,0.059055243
26457,0,0.054459926
26458,0,0.24637243
26459,0,0.054065347
26460,0,0.054203752
26461,0,0.054346874
26462,0,0.056725685
26463,0,0.0555649
26464,0,0.6317195
26465,1,0.2940334
26466,0,0.3863871
26467,0,0.22970681
26468,0,0.05541086
26469,0,0.05416641
26470,1,0.3807754
26471,0,0.05429261
26472,0,0.05408811
26473,0,0.39264143
26474,0,0.20827879
26475,0,0.054345727
26476,0,0.05471077
26477,0,0.062613524
26478,1,0.6424497
26479,1,0.2785475
26480,0,0.43899003
26481,0,0.5918682
26482,0,0.054211456
26483,0,0.05748975
26484,0,0.054322656
26485,0,0.056057096
26486,0,0.32179067
26487,0,0.054676455
26488,0,0.054172117
26489,0,0.05724849
26490,1,0.32992393
26491,0,0.0642859
26492,0,0.24443528
26493,0,0.6054784
26494,0,0.054210432
26495,0,0.05736332
26496,1,0.6322512
26497,0,0.51478714
26498,0,0.054520357
26499,0,0.3561986
26500,0,0.054651543
26501,0,0.05389005
26502,0,0.057785008
26503,0,0.054745696
26504,1,0.28434384
26505,0,0.054722488
26506,1,0.6366924
26507,0,0.056656912
26508,1,0.20271634
26509,0,0.05468741
26510,0,0.5726483
26511,0,0.056940027
26512,1,0.6051281
26513,0,0.23970371
26514,0,0.056992967
26515,0,0.054335795
26516,0,0.457877
26517,1,0.44050524
26518,0,0.055538718
26519,0,0.054416183
26520,0,0.61584014
26521,0,0.05413812
26522,1,0.6014106
26523,0,0.05512129
26524,0,0.054327603
26525,0,0.054386526
26526,0,0.11304356
26527,0,0.05432508
26528,0,0.06002291
26529,0,0.05477373
26530,0,0.056308173
26531,0,0.053891398
26532,0,0.23749068
26533,1,0.056742605
26534,0,0.054704655
26535,0,0.055147633
26536,0,0.054219406
26537,0,0.05527826
26538,0,0.16010427
26539,0,0.054237474
26540,0,0.054378565
26541,0,0.36620665
26542,0,0.33106443
26543,0,0.5909314
26544,0,0.054337755
26545,0,0.058007203
26546,0,0.054395698
26547,0,0.054105934
26548,0,0.16778189
26549,1,0.27365398
26550,0,0.05505061
26551,0,0.054009534
26552,0,0.054249838
26553,0,0.0548489
26554,0,0.054977175
26555,0,0.06366118
26556,0,0.05431467
26557,0,0.057568397
26558,0,0.21604191
26559,1,0.34678653
26560,1,0.6092377
26561,0,0.0549163
26562,0,0.05451456
26563,0,0.055646386
26564,0,0.054441705
26565,0,0.060714066
26566,1,0.5880804
26567,0,0.05417492
26568,0,0.054296292
26569,1,0.32434407
26570,0,0.05421231
26571,0,0.054270897
26572,0,0.054169707
26573,0,0.055707067
26574,0,0.05437707
26575,0,0.05484565
26576,0,0.054526687
26577,0,0.05411274
26578,0,0.054694943
26579,0,0.057335164
26580,0,0.056159828
26581,0,0.0542814
26582,0,0.61647105
26583,1,0.64154667
26584,0,0.057073448
26585,0,0.22597101
26586,0,0.62594104
26587,0,0.070885055
26588,0,0.054167245
26589,1,0.27803096
26590,0,0.055104654
26591,0,0.056218036
26592,1,0.2909182
26593,0,0.054206397
26594,0,0.054467548
26595,1,0.054915965
26596,0,0.054032233
26597,0,0.055213712
26598,0,0.054025386
26599,0,0.054650433
26600,0,0.054232277
26601,0,0.05429141
26602,0,0.058535393
26603,1,0.3276147
26604,1,0.42758256
26605,1,0.63298714
26606,1,0.40824503
26607,0,0.05396347
26608,0,0.0556583
26609,1,0.22051719
26610,0,0.63990176
26611,1,0.26887468
26612,0,0.47032988
26613,0,0.055628095
26614,0,0.053923246
26615,0,0.05520807
26616,1,0.6039618
26617,1,0.27780876
26618,1,0.062162768
26619,1,0.0630403
26620,1,0.12835531
26621,1,0.21503596
26622,0,0.054986767
26623,0,0.0548666
26624,1,0.61780167
26625,0,0.056701172
26626,0,0.054271214
26627,0,0.24905728
26628,0,0.058171153
26629,0,0.056988124
26630,0,0.59945893
26631,1,0.054891657
26632,0,0.06402939
26633,0,0.054064
26634,1,0.63761353
26635,0,0.055228714
26636,1,0.27153656
26637,0,0.05417678
26638,0,0.05863642
26639,0,0.054915674
26640,1,0.34058458
26641,0,0.054241102
26642,0,0.054390755
26643,0,0.054124873
26644,0,0.054227274
26645,1,0.45035
26646,0,0.17209904
26647,0,0.054331303
26648,0,0.055067398
26649,1,0.23298095
26650,0,0.055096757
26651,0,0.054145746
26652,1,0.22479446
26653,1,0.2327833
26654,0,0.63838196
26655,0,0.054343916
26656,0,0.05572976
26657,1,0.31944716
26658,1,0.3560934
26659,0,0.056809112
26660,0,0.3484445
26661,0,0.25489807
26662,0,0.054063
26663,0,0.055847768
26664,1,0.2278912
26665,1,0.084036864
26666,0,0.054470822
26667,1,0.36813962
26668,1,0.6004086
26669,0,0.057376973
26670,0,0.054579157
26671,0,0.15778689
26672,0,0.058795143
26673,0,0.05442531
26674,0,0.055894546
26675,0,0.05429983
26676,0,0.055673577
26677,0,0.64102536
26678,0,0.05431232
26679,0,0.29807684
26680,0,0.14952073
26681,0,0.058334995
26682,0,0.054934345
26683,0,0.05764523
26684,0,0.23537461
26685,0,0.054281734
26686,0,0.05425148
26687,0,0.055576608
26688,0,0.05394243
26689,0,0.05577642
26690,0,0.054310653
26691,0,0.058102373
26692,0,0.062053017
26693,1,0.639277
26694,0,0.054576624
26695,0,0.05416827
26696,0,0.05420861
26697,0,0.054409977
26698,0,0.60873085
26699,0,0.08255014
26700,0,0.055687267
26701,1,0.5785166
26702,0,0.20123316
26703,0,0.36127582
26704,0,0.054041363
26705,0,0.054101102
26706,0,0.05518165
26707,1,0.06009321
26708,0,0.36406845
26709,0,0.24466202
26710,0,0.05870528
26711,0,0.6160276
26712,0,0.054316334
26713,0,0.5957953
26714,0,0.060365617
26715,0,0.055497654
26716,0,0.061244205
26717,0,0.055257566
26718,1,0.16190304
26719,0,0.05419395
26720,1,0.05560583
26721,0,0.628505
26722,0,0.05432323
26723,0,0.05431026
26724,0,0.0558052
26725,1,0.6391733
26726,0,0.05484296
26727,1,0.30565986
26728,0,0.054344803
26729,0,0.05399644
26730,1,0.054949682
26731,0,0.054346226
26732,1,0.19776466
26733,0,0.05424405
26734,0,0.066297606
26735,0,0.053933572
26736,0,0.05420011
26737,0,0.054220404
26738,0,0.054675397
26739,0,0.054710906
26740,0,0.055064693
26741,0,0.057231713
26742,1,0.63185287
26743,0,0.055475697
26744,0,0.06265183
26745,0,0.05559301
26746,0,0.05844747
26747,0,0.0559209
26748,0,0.05404052
26749,0,0.054634385
26750,0,0.055218052
