id,y_true,p_right
0,1,0.6814733391500306
1,0,0.6193961405825812
2,1,0.6623992856449026
3,0,0.22194137207362152
4,0,0.032378134685826995
5,0,0.008080448869922553
6,0,0.13024580931557675
7,0,0.05742724867724868
8,0,0.0
9,0,0.021136537725009574
10,0,0.13057379962342114
11,0,0.006419011300061342
12,0,0.0015015015015015015
13,0,0.041206704710195115
14,0,0.04874938689041253
15,0,0.012273320987322976
16,0,0.2872797975626336
17,0,0.40139433915003764
18,0,0.0015015015015015015
19,1,0.5773990349806425
20,0,0.0062555853440571935
21,0,0.06420454020803061
22,0,0.15118411257372646
23,1,0.7866177994551857
24,0,0.002226139182660922
25,0,0.5485907273648701
26,0,0.36428067984069795
27,0,0.2593299251622155
28,1,0.429394155542327
29,0,0.1341536892933032
30,1,0.7952724021302447
31,0,0.5020523828994594
32,0,0.47815980261153035
33,0,0.03129834278902602
34,0,0.3985655353173054
35,1,0.4007546388721234
36,0,0.008080448869922553
37,0,0.2377858117211887
38,0,0.0
39,0,0.1439922480620155
40,0,0.12272492047956429
41,0,0.07159391534391535
42,0,0.049823633156966494
43,1,0.5648947616022332
44,0,0.405010910211796
45,0,0.02450628427282957
46,1,0.5893738044900836
47,0,0.15291640608713777
48,1,0.5115000632303534
49,1,0.3733223379033089
50,0,0.40652028161155956
51,1,0.5693570737259027
52,0,0.6733972433641718
53,1,0.7062452106034147
54,0,0.0015015015015015015
55,0,0.02172910400145839
56,0,0.5354843046313101
57,0,0.18014662520810917
58,0,0.42324833254368494
59,0,0.3764024652143078
60,0,0.16830546893818996
61,0,0.035876623376623375
62,0,0.24513937285506274
63,1,0.5714433893091547
64,0,0.006980223025216614
65,1,0.7854090461970552
66,0,0.0062555853440571935
67,0,0.08077932513093487
68,0,0.3612852355608121
69,0,0.019418317350648178
70,0,0.0007246376811594203
71,0,0.1458786013126042
72,0,0.4423721844700112
73,1,0.3537226688631119
74,0,0.0007246376811594203
75,0,0.2014180873705758
76,0,0.23055318013253032
77,0,0.08888237113525944
78,0,0.0007246376811594203
79,0,0.18056890613828105
80,1,0.659446673408488
81,1,0.6340481552345959
82,1,0.6282879584243785
83,0,0.1706218700783918
84,0,0.14391547150167838
85,0,0.45853719629289474
86,0,0.09745550745550746
87,1,0.7301618575368743
88,1,0.36402701614152494
89,0,0.405010910211796
90,0,0.0
91,0,0.3114464629621694
92,0,0.13750000802612536
93,0,0.2581003150623404
94,0,0.007259318845818979
95,0,0.2752053383810661
96,0,0.4227045756234002
97,1,0.6393024637675929
98,0,0.0015015015015015015
99,0,0.1341536892933032
100,1,0.5958622334299067
101,0,0.00306644672841856
102,0,0.5891460005445166
103,0,0.04809523122325976
104,1,0.7272020270439778
105,1,0.7103355968522239
106,0,0.20274435897997792
107,0,0.017027404829878665
108,1,0.7627011525217261
109,0,0.209505068574836
110,0,0.016563938836293226
111,0,0.012834532712478246
112,0,0.1167483966908653
113,1,0.576961451953566
114,0,0.1194396671530818
115,0,0.13824894197086657
116,1,0.411228902066526
117,0,0.13731856378915203
118,0,0.296697463922395
119,1,0.6930667948983968
120,0,0.13647009043350505
121,0,0.6050203873598369
122,0,0.5716875492421799
123,1,0.3167516193744478
124,1,0.6332414906348278
125,1,0.7391020273585366
126,0,0.6465020409266619
127,0,0.40764827284915867
128,0,0.6571449771119057
129,0,0.12815463332479038
130,0,0.32476821408887263
131,0,0.04454060970755752
132,0,0.4304112513364638
133,1,0.46778758967193146
134,0,0.0015015015015015015
135,1,0.7646386134191013
136,0,0.030491801325134658
137,1,0.6589479220925126
138,0,0.4826033012074887
139,1,0.5585760453625147
140,0,0.3509175193953986
141,0,0.002226139182660922
142,1,0.5376414446104483
143,0,0.5618118905316137
144,0,0.03691957868498153
145,0,0.5334119722895978
146,0,0.12035601961370784
147,0,0.1950290502256794
148,0,0.0015015015015015015
149,0,0.2656626575581085
150,0,0.037360979481686
151,0,0.0015015015015015015
152,0,0.027007724940055766
153,0,0.01575850932066538
154,1,0.7869449234351742
155,1,0.43099247718333533
156,0,0.04152162814443516
157,1,0.4947476573153767
158,1,0.7161307679623699
159,1,0.7666539987997373
160,0,0.07001958069031239
161,0,0.008080448869922553
162,0,0.07048032984353016
163,0,0.04049759911082804
164,1,0.6387094215849834
165,0,0.47058661677305746
166,0,0.030952550478352433
167,0,0.23791107137607084
168,1,0.6095688553170339
169,0,0.06977751561084895
170,0,0.02021566642385932
171,0,0.0007246376811594203
172,1,0.6690710355495919
173,0,0.012013402688374671
174,0,0.3469745960905042
175,0,0.14109144679796856
176,1,0.6161629233809246
177,0,0.24333296726246675
178,0,0.5773990349806425
179,1,0.7785088548559904
180,0,0.028181071516397278
181,0,0.3307760398070711
182,0,0.019418317350648178
183,1,0.731000652374624
184,0,0.37325319356450165
185,0,0.0015015015015015015
186,0,0.12313146442516916
187,0,0.03570663432090813
188,1,0.5404681773326687
189,0,0.08780928353810102
190,1,0.5937000123046635
191,1,0.5937426667685776
192,0,0.03875014918248001
193,0,0.03290819152142045
194,0,0.005990423336605694
195,0,0.41912134841670073
196,0,0.22688988262999008
197,1,0.6337721911116407
198,1,0.572765411552597
199,1,0.40341546861635447
200,1,0.44461648468264464
201,0,0.0015015015015015015
202,0,0.6503004214868621
203,0,0.35810000876299125
204,0,0.1877895924287348
205,0,0.02515037593984962
206,0,0.08704103605570718
207,1,0.4970871945189117
208,0,0.259349067398603
209,0,0.055941921088085246
210,1,0.41838108830891346
211,0,0.07231718148928729
212,0,0.03570663432090813
213,1,0.3282631535455844
214,0,0.4652920171813268
215,1,0.704576800232288
216,0,0.19058420047908467
217,1,0.7062452106034147
218,0,0.41664832683329706
219,0,0.035895770668125056
220,1,0.5678512368409181
221,1,0.652532247393829
222,0,0.46373550892243864
223,0,0.3697391106966094
224,0,0.027354961477768492
225,0,0.006578947368421052
226,0,0.00306644672841856
227,1,0.5822665877661998
228,0,0.4957843236843273
229,1,0.8153440867180585
230,0,0.01484872643522657
231,1,0.5495433895433895
232,0,0.09611012988123681
233,0,0.2799254388928302
234,0,0.3728604458402756
235,0,0.11802353935974626
236,0,0.13441175718600892
237,0,0.30713503919337043
238,1,0.8170279858100118
239,0,0.23767333607050034
240,0,0.002226139182660922
241,0,0.002226139182660922
242,0,0.44066592791974085
243,0,0.06297698689714397
244,1,0.43480106100795757
245,0,0.376730130815398
246,0,0.1188111844662012
247,0,0.08061470202058528
248,0,0.011173095142617032
249,1,0.41244989904012325
250,0,0.41226291487634503
251,0,0.15586407040679903
252,0,0.20114306640530244
253,0,0.0015015015015015015
254,1,0.5146928691822531
255,1,0.8559147335814549
256,0,0.25747983938925545
257,0,0.01998521077468446
258,0,0.28886180939499145
259,0,0.001564945226917058
260,0,0.3287294277892798
261,0,0.5298716242575255
262,0,0.024278911048447
263,0,0.405010910211796
264,0,0.010448457461457611
265,0,0.4606111397866173
266,0,0.0652721971934833
267,1,0.5333082505506228
268,0,0.15024130647692543
269,1,0.5656650344630848
270,1,0.4947476573153767
271,0,0.18146529396529396
272,0,0.37165775196906004
273,0,0.04360766045548654
274,0,0.2568100562112538
275,1,0.6503004214868621
276,0,0.40341546861635447
277,1,0.5298716242575255
278,0,0.005990423336605694
279,0,0.12349114229927378
280,0,0.1918093045682109
281,0,0.13278133903133904
282,0,0.028181071516397278
283,1,0.2941848815252944
284,0,0.4680746456608526
285,1,0.7229683747999768
286,0,0.2415007890131952
287,0,0.3642414430325925
288,1,0.5026857618687107
289,0,0.3403187206300287
290,0,0.012273320987322976
291,1,0.6719383318557376
292,0,0.002226139182660922
293,0,0.008080448869922553
294,0,0.045812245993405415
295,0,0.035972318225206544
296,0,0.0015015015015015015
297,0,0.07139617486445399
298,0,0.3016409470451166
299,0,0.33706801084507587
300,0,0.3911275500188247
301,0,0.05790979251743839
302,0,0.08001310331122537
303,0,0.2212980102685985
304,0,0.5012899584580025
305,0,0.14491331205903943
306,0,0.0652721971934833
307,0,0.002226139182660922
308,1,0.4796418160291425
309,0,0.33609814779031505
310,0,0.5767127799736496
311,0,0.25097593448309236
312,0,0.04739294908858433
313,0,0.34401417135362095
314,0,0.4655900331147666
315,1,0.5108153608395248
316,0,0.08291158529454017
317,0,0.18909158655637529
318,0,0.5156837294778259
319,0,0.008080448869922553
320,0,0.024583482515813344
321,0,0.04734254433080187
322,0,0.6733972433641718
323,0,0.2995903013258098
324,1,0.7878658793514463
325,1,0.8566587812005024
326,0,0.013070670060534117
327,0,0.2656626575581085
328,0,0.00306644672841856
329,0,0.0022988505747126436
330,0,0.1478791000978579
331,0,0.14449520266651314
332,1,0.6377282162541066
333,0,0.4883846667585991
334,1,0.5708562635195317
335,0,0.5281481481481481
336,0,0.008080448869922553
337,0,0.12904372050713514
338,1,0.6469950601396507
339,1,0.17044380740032913
340,0,0.0015015015015015015
341,0,0.0207825598478956
342,0,0.08933936265438702
343,0,0.030214904131791842
344,0,0.012273320987322976
345,0,0.06266387635999408
346,0,0.32970108119567515
347,0,0.1341536892933032
348,0,0.4552112271833353
349,0,0.028950873938548515
350,1,0.695318689202277
351,1,0.6745447104563126
352,0,0.25801969033748284
353,1,0.6976415323336224
354,0,0.10968345114686578
355,0,0.002226139182660922
356,0,0.04874938689041253
357,1,0.8441022566526989
358,0,0.021929878013655025
359,0,0.006419011300061342
360,1,0.6820447439698224
361,1,0.6238239551503639
362,0,0.33727490407749344
363,0,0.33727490407749344
364,0,0.06266387635999408
365,0,0.09317298898422971
366,0,0.19999841367461293
367,0,0.35530540071264133
368,0,0.28781087927429394
369,0,0.20481878553082025
370,0,0.04874938689041253
371,0,0.03290819152142045
372,0,0.48223884571650094
373,1,0.6883900605085592
374,0,0.2724986345953417
375,0,0.007216360373272483
376,0,0.0015015015015015015
377,0,0.25101875617548014
378,0,0.3227871665371665
379,1,0.7397298956414978
380,0,0.0007246376811594203
381,0,0.012273320987322976
382,0,0.4927809601230087
383,0,0.0521676979789387
384,0,0.02370893519961843
385,1,0.4557758879701114
386,0,0.06373720177371156
387,1,0.4993101648795399
388,0,0.7664262057075449
389,0,0.10468186748148901
390,0,0.08580166187272238
391,1,0.2604025044722719
392,1,0.36653983265689005
393,0,0.018318091505942238
394,0,0.0
395,1,0.5056908727887041
396,1,0.06297698689714397
397,0,0.4654406130268199
398,0,0.19867632367632368
399,1,0.23254254392000365
400,0,0.34283006336324545
401,0,0.011173095142617032
402,0,0.5432837822652848
403,0,0.008080448869922553
404,1,0.7640994844670764
405,0,0.008080448869922553
406,1,0.5632397437878865
407,0,0.48678806412751374
408,0,0.04304076703145027
409,0,0.0015015015015015015
410,0,0.03423548368603314
411,0,0.0015015015015015015
412,1,0.7403750569318204
413,0,0.02370893519961843
414,1,0.5476169763251103
415,0,0.0950009181945244
416,0,0.0015015015015015015
417,1,0.4626766719711301
418,1,0.6595303587801712
419,0,0.07139617486445399
420,0,0.4794894052706553
421,0,0.009904199633403749
422,0,0.007216360373272483
423,0,0.2721211450299416
424,1,0.7613347752000427
425,0,0.08296479942821405
426,0,0.07614256570380644
427,1,0.7067875374326987
428,1,0.6866435746143531
429,1,0.5119900180752649
430,0,0.326786940273405
431,0,0.05617908514249977
432,0,0.23447145840095787
433,1,0.42304140684694386
434,0,0.26303738072769217
435,1,0.6102390983180727
436,1,0.7062452106034147
437,0,0.1862676107959127
438,0,0.08636855529675865
439,1,0.4260507407716642
440,1,0.696461216428145
441,0,0.15255228558546766
442,0,0.10930529497602669
443,0,0.0015015015015015015
444,1,0.2656626575581085
445,0,0.12815463332479038
446,0,0.4552112271833353
447,1,0.6949196108481547
448,1,0.5086735907549899
449,0,0.011004425478109689
450,0,0.28124312873687773
451,0,0.21670260080856107
452,0,0.5057598553989894
453,0,0.2827617649769021
454,0,0.3720764372773231
455,0,0.07660934744268078
456,0,0.0015015015015015015
457,1,0.5423493511504707
458,0,0.27924008988880467
459,1,0.6134122183028027
460,0,0.38603050957481333
461,0,0.08061470202058528
462,1,0.8441022566526989
463,0,0.2023148148148148
464,0,0.0945474953044339
465,0,0.37048587283432877
466,0,0.0950009181945244
467,0,0.23954335397824836
468,1,0.67128302386098
469,0,0.4998882656695156
470,0,0.4701048376910446
471,1,0.6012565682026532
472,1,0.4543043920600905
473,0,0.03350204878298925
474,0,0.1194396671530818
475,1,0.5802912275119723
476,0,0.0
477,0,0.3476766118735693
478,0,0.0015015015015015015
479,0,0.19554472708683154
480,0,0.0985087227003248
481,0,0.005694373618901921
482,0,0.11034342302162638
483,0,0.012371066718892806
484,0,0.0015015015015015015
485,0,0.033041299629771474
486,0,0.012273320987322976
487,0,0.02709048732270793
488,0,0.4317200031801975
489,1,0.5565830772788846
490,0,0.004917509798559839
491,0,0.27775140286791355
492,1,0.791065379403794
493,0,0.0
494,0,0.4528315576431054
495,0,0.002226139182660922
496,0,0.031605152819154804
497,0,0.108603232876735
498,1,0.5693570737259027
499,1,0.7618804332759064
500,0,0.11034342302162638
501,0,0.012371066718892806
502,1,0.3570132227119524
503,1,0.6749929508550198
504,1,0.6937071752721401
505,0,0.46745715622209305
506,1,0.6167639853686365
507,0,0.0015015015015015015
508,0,0.13331807081807082
509,0,0.3010606151458823
510,0,0.0015015015015015015
511,0,0.5562891837893947
512,0,0.41481067935340804
513,0,0.41577629047133136
514,0,0.1341536892933032
515,0,0.0
516,1,0.6058377651445688
517,1,0.4528315576431054
518,0,0.04049759911082804
519,0,0.04304076703145027
520,1,0.6503004214868621
521,0,0.011004425478109689
522,1,0.5528201996857205
523,0,0.007259318845818979
524,0,0.22480704312824376
525,0,0.11802353935974626
526,0,0.016092392400291082
527,0,0.3865298999570099
528,0,0.022988224372383428
529,0,0.08453606741583126
530,0,0.047634482070041985
531,0,0.2716640713227258
532,1,0.6106176102524529
533,0,0.0015015015015015015
534,0,0.6608641388178041
535,0,0.04152162814443516
536,0,0.07048032984353016
537,0,0.020298428806511486
538,1,0.5305053698984771
539,0,0.019418317350648178
540,0,0.006419011300061342
541,0,0.055104838875945826
542,1,0.4046876384327327
543,1,0.5423237791102485
544,1,0.560812549599735
545,0,0.028625482742479665
546,1,0.5134667604227213
547,0,0.006419011300061342
548,1,0.8271990740740741
549,0,0.021318022678848917
550,0,0.2475321027287319
551,0,0.42160494716589225
552,0,0.5066174078135409
553,1,0.46056533371323943
554,0,0.38557770229393357
555,0,0.18972763869795561
556,0,0.03174989955156358
557,0,0.006419011300061342
558,1,0.7554448817920174
559,0,0.008080448869922553
560,0,0.15255228558546766
561,1,0.6998277347114557
562,0,0.18168737834742218
563,0,0.06373720177371156
564,0,0.13356903969614467
565,0,0.00306644672841856
566,0,0.32212914740259985
567,0,0.03442383858467888
568,0,0.33889275584066486
569,1,0.7442756680731364
570,0,0.0015015015015015015
571,0,0.1850787728026534
572,0,0.002226139182660922
573,0,0.3850907876073275
574,0,0.0007246376811594203
575,1,0.5407438376653202
576,1,0.7903213317847464
577,0,0.0803223336118073
578,0,0.01400841888946893
579,0,0.22918730668251408
580,1,0.4050800545506033
581,0,0.4305865016209844
582,0,0.25819662077354605
583,1,0.6380684947960026
584,0,0.025750843131893172
585,0,0.002226139182660922
586,0,0.61364522417154
587,0,0.1341536892933032
588,0,0.08597482239497946
589,0,0.0945474953044339
590,1,0.7731218644958361
591,0,0.02744342516983669
592,0,0.13779448591387486
593,0,0.18118578642061003
594,0,0.3130380573252161
595,0,0.40200823829306803
596,1,0.652532247393829
597,0,0.29008948189702105
598,0,0.16152562594693642
599,0,0.4302564168964967
600,1,0.7044880606079981
601,0,0.34447195205815895
602,0,0.08061470202058528
603,0,0.48719211822660097
604,1,0.658875194786797
605,0,0.05008166566788732
606,0,0.019418317350648178
607,1,0.6568690129889504
608,0,0.09608960532952983
609,0,0.4070083292268123
610,1,0.7107995215453115
611,0,0.002226139182660922
612,0,0.08580166187272238
613,1,0.858342680292456
614,0,0.0015015015015015015
615,0,0.400540328126535
616,1,0.7031113195747342
617,0,0.05981665128006591
618,1,0.41838108830891346
619,1,0.6200514485773388
620,0,0.14957702704181577
621,0,0.008080448869922553
622,1,0.5290787782297725
623,0,0.2034000023959691
624,1,0.43487020534676485
625,0,0.03175097853813253
626,0,0.5003370781900572
627,0,0.0007246376811594203
628,0,0.37325319356450165
629,1,0.3377527402042213
630,0,0.32258482799230714
631,0,0.5376414446104483
632,0,0.42304140684694386
633,0,0.3769818430081322
634,0,0.10930529497602669
635,1,0.4927809601230087
636,0,0.18882875364123566
637,0,0.0
638,0,0.27924008988880467
639,0,0.13883364712637578
640,1,0.791065379403794
641,1,0.4606111397866173
642,1,0.827900611265862
643,0,0.0007246376811594203
644,0,0.008080448869922553
645,0,0.39463839380354804
646,0,0.03406982175098117
647,0,0.46749915046590235
648,0,0.3171335699996907
649,0,0.002226139182660922
650,0,0.0
651,1,0.291942806648689
652,0,0.44066592791974085
653,0,0.02511921859420464
654,0,0.4420925195884455
655,0,0.18336351418863095
656,1,0.6094206088679192
657,0,0.23609484071095432
658,0,0.012371066718892806
659,0,0.012273320987322976
660,0,0.006980223025216614
661,0,0.03164557932673875
662,0,0.04422735598062569
663,1,0.7554448817920174
664,1,0.6202207379285531
665,0,0.0
666,0,0.2792898193760263
667,0,0.5115000632303534
668,1,0.8200556549393759
669,0,0.0015015015015015015
670,0,0.022987145385814468
671,1,0.46257783697898525
672,1,0.7019190027888348
673,0,0.3688865051497486
674,1,0.4200387349282158
675,0,0.2740364618259525
676,0,0.6310232354111945
677,0,0.09794659663906526
678,1,0.49726633710193946
679,1,0.3944329618494557
680,1,0.8230108917929178
681,1,0.6009749662614358
682,0,0.33619546457384225
683,0,0.026646076096625546
684,0,0.35391786994415914
685,1,0.5882310770782126
686,0,0.019501079733300345
687,0,0.03843522574823996
688,0,0.03430304046501229
689,0,0.4061169357700867
690,0,0.04229618456442818
691,0,0.38015827752716236
692,1,0.6733972433641718
693,0,0.12427156177156178
694,0,0.09764512530100855
695,1,0.42263543128459297
696,0,0.0778085177733065
697,0,0.05028438231018426
698,0,0.05976146933317602
699,1,0.704402467547058
700,0,0.03894729609015323
701,0,0.002226139182660922
702,0,0.039907157831686135
703,1,0.7139095912846081
704,1,0.5179187623046635
705,1,0.6739903125824936
706,0,0.0022988505747126436
707,0,0.3197660902992724
708,1,0.47815980261153035
709,0,0.007216360373272483
710,0,0.06068127147939354
711,0,0.012273320987322976
712,0,0.2656626575581085
713,0,0.06038529690030628
714,1,0.3001744011732913
715,0,0.6640211640211641
716,0,0.4562214774980733
717,0,0.3407518413283898
718,0,0.002226139182660922
719,0,0.002226139182660922
720,0,0.10658784944020881
721,0,0.02370893519961843
722,0,0.18060797960394628
723,0,0.13623535516355853
724,1,0.7484840015310157
725,0,0.0778085177733065
726,0,0.22473598012397142
727,1,0.6564115975830748
728,0,0.002226139182660922
729,0,0.19621504023599964
730,1,0.696461216428145
731,0,0.06145954316686023
732,1,0.8441022566526989
733,0,0.002226139182660922
734,0,0.2325350951579236
735,1,0.46056533371323943
736,1,0.36157694601388757
737,1,0.6162247538394326
738,1,0.7991743240029893
739,1,0.8214801563638773
740,1,0.6489636454538962
741,1,0.6603714462830484
742,1,0.5411010741666132
743,0,0.0007246376811594203
744,0,0.17971232332083797
745,0,0.0950009181945244
746,1,0.7991743240029893
747,0,0.3299462042217807
748,0,0.1040971623259798
749,1,0.5950881648773497
750,0,0.017027404829878665
751,0,0.05224823697730102
752,1,0.308139811315539
753,1,0.3718272287751378
754,1,0.5700671696049201
755,1,0.6530232063018948
756,0,0.49257310607091515
757,0,0.4896086902060208
758,0,0.3155748630872693
759,1,0.8286156134993344
760,0,0.19419740108012207
761,1,0.4780896686159844
762,0,0.384164353729687
763,1,0.5741617922783037
764,0,0.5770122792332026
765,1,0.39864158144319006
766,1,0.7444469240727482
767,1,0.446085352686512
768,0,0.35530540071264133
769,0,0.0015015015015015015
770,0,0.529169129253736
771,0,0.0015015015015015015
772,1,0.39463839380354804
773,1,0.6820009216339642
774,0,0.5854400959664118
775,0,0.007259318845818979
776,0,0.0015015015015015015
777,0,0.21628031987838922
778,0,0.0
779,0,0.3985655353173054
780,0,0.0666145530347101
781,0,0.12349114229927378
782,0,0.012424484010984144
783,0,0.00306644672841856
784,0,0.03293515535895297
785,0,0.02417240119320387
786,0,0.04739294908858433
787,0,0.3244914612432313
788,0,0.3106119764442668
789,0,0.2814768124569574
790,0,0.5230664405547817
791,1,0.30187944408532646
792,1,0.37165775196906004
793,1,0.8227514941254658
794,0,0.006419011300061342
795,1,0.29648743469247457
796,0,0.005990423336605694
797,0,0.31067087933471815
798,1,0.314492930436911
799,0,0.018318091505942238
800,0,0.0015015015015015015
801,0,0.13623535516355853
802,0,0.5747354497354497
803,1,0.4184164747476882
804,1,0.53786397417154
805,1,0.7094757094757095
806,1,0.6462381732795307
807,1,0.6582924442040464
808,1,0.8213269927009644
809,1,0.6548418515493232
810,0,0.012834532712478246
811,0,0.0353097299525871
812,0,0.04166745386341288
813,1,0.6393024637675929
814,0,0.2752053383810661
815,0,0.25557134394312975
816,0,0.2588468543778535
817,0,0.0015015015015015015
818,0,0.46258107167285517
819,1,0.4050800545506033
820,0,0.0015015015015015015
821,1,0.6225687818755855
822,0,0.3489011830612269
823,0,0.36461645969169915
824,1,0.7969563012221982
825,0,0.0
826,1,0.30434043114302056
827,1,0.5678512368409181
828,1,0.6911893470459917
829,0,0.26439999645832774
830,0,0.008056667919030121
831,1,0.858342680292456
832,0,0.10004319535328283
833,0,0.06502620545073375
834,0,0.12915269783941116
835,0,0.20434885086326116
836,0,0.560812549599735
837,1,0.5729136580017117
838,0,0.2876298467950011
839,0,0.002226139182660922
840,0,0.015201664282355325
841,0,0.03181124126179071
842,0,0.04152162814443516
843,0,0.376730130815398
844,1,0.6733972433641718
845,0,0.007216360373272483
846,0,0.29479775032006295
847,0,0.2170288369550362
848,0,0.1427483164983165
849,0,0.045812245993405415
850,0,0.08720563750889809
851,0,0.44481935411470647
852,0,0.030491801325134658
853,0,0.40863819519563654
854,1,0.7785088548559904
855,0,0.047634482070041985
856,0,0.02846301904217412
857,0,0.009904199633403749
858,1,0.7123842592592592
859,1,0.7724956880245702
860,0,0.2365379023701927
861,0,0.008080448869922553
862,0,0.0
863,0,0.1882164881510001
864,1,0.6957216641682661
865,0,0.055177164250259404
866,0,0.2506989752701759
867,0,0.0015015015015015015
868,0,0.39463839380354804
869,0,0.07907970660081354
870,0,0.0
871,1,0.6424929624598908
872,0,0.23791107137607084
873,0,0.19065526348335704
874,0,0.260260865921238
875,0,0.007820530570974251
876,0,0.3903018682926151
877,0,0.002226139182660922
878,0,0.2034000023959691
879,0,0.01998521077468446
880,0,0.2591253100859921
881,0,0.4685622101230087
882,0,0.20768568676378033
883,0,0.37354936154586965
884,1,0.41233205921515226
885,0,0.06991649794130972
886,0,0.19640140048764357
887,0,0.13113461286480443
888,1,0.5183239236163245
889,1,0.48701166051866246
890,0,0.4548743959597916
891,0,0.04287040801402301
892,0,0.48710695633446405
893,0,0.10191481271293477
894,0,0.001564945226917058
895,0,0.035876623376623375
896,0,0.02744342516983669
897,0,0.06494247643315966
898,0,0.00306644672841856
899,0,0.09994581592758033
900,1,0.8821830186732694
901,0,0.11376184908593989
902,0,0.012013402688374671
903,0,0.058075943670629036
904,1,0.6976415323336224
905,0,0.012013402688374671
906,0,0.038579790165052766
907,0,0.4548743959597916
908,1,0.7785088548559904
909,1,0.5543022131033327
910,0,0.33310776217752963
911,0,0.06894533442375844
912,0,0.2322970913668588
913,1,0.3854031118734083
914,0,0.25801969033748284
915,1,0.7539221961453667
916,0,0.37325319356450165
917,0,0.09914333375097961
918,0,0.3822186999209764
919,0,0.446085352686512
920,0,0.07216239668416348
921,0,0.11219232503319941
922,0,0.038116324171467326
923,1,0.7166659225775248
924,0,0.3433534482044656
925,0,0.4456495508942819
926,0,0.0015015015015015015
927,0,0.005990423336605694
928,0,0.027007724940055766
929,0,0.012273320987322976
930,0,0.032904699697663777
931,0,0.013070670060534117
932,1,0.5001017638452808
933,0,0.06665562594914992
934,0,0.037360979481686
935,0,0.0015015015015015015
936,0,0.037195317546634035
937,1,0.6436404295520317
938,0,0.4957843236843273
939,0,0.23042535071484135
940,0,0.00306644672841856
941,0,0.027007724940055766
942,0,0.0007246376811594203
943,0,0.14065841380740418
944,0,0.42304140684694386
945,0,0.002226139182660922
946,1,0.560812549599735
947,0,0.29445609411474855
948,0,0.0015015015015015015
949,0,0.0029239766081871343
950,1,0.6343549416943913
951,1,0.6589479220925126
952,0,0.4606111397866173
953,0,0.17948337893990066
954,0,0.11572972583917651
955,0,0.4548052516209844
956,0,0.3338021834413174
957,0,0.0007246376811594203
958,1,0.726927884604576
959,0,0.07414173275496168
960,0,0.027574618364092047
961,0,0.06423360564995487
962,0,0.05160080455490242
963,0,0.13896077754773406
964,0,0.027354961477768492
965,0,0.016843203035671658
966,0,0.0015015015015015015
967,0,0.09159716232597981
968,0,0.056509443027734196
969,0,0.27635845635845635
970,0,0.1464771176919064
971,0,0.301587898713912
972,1,0.858342680292456
973,0,0.029084564860426928
974,0,0.40186658807348463
975,0,0.11426478841687238
976,1,0.21566755104324856
977,0,0.006419011300061342
978,0,0.1407155181803069
979,1,0.4927351540496308
980,0,0.4088999511517894
981,0,0.06543535532194923
982,0,0.0015015015015015015
983,0,0.1080867586185509
984,1,0.6303118908382066
985,0,0.00306644672841856
986,0,0.05122133116379979
987,0,0.02370893519961843
988,0,0.021318022678848917
989,0,0.2656626575581085
990,0,0.4563290245108427
991,1,0.6976415323336224
992,0,0.5188241016464955
993,1,0.5485907273648701
994,0,0.11331342582053942
995,0,0.0
996,0,0.26754350942031807
997,0,0.26429281180521796
998,0,0.4903352190549422
999,0,0.0015015015015015015
1000,1,0.5721395019466322
1001,0,0.2854856221700685
1002,0,0.0
1003,0,0.002226139182660922
1004,1,0.4050800545506033
1005,0,0.5217752758485422
1006,0,0.5485907273648701
1007,0,0.11034342302162638
1008,0,0.1473372098696437
1009,0,0.012902813707642681
1010,1,0.635979247177893
1011,0,0.07001958069031239
1012,1,0.5283270724529915
1013,0,0.2308717874063436
1014,1,0.7640994844670764
1015,0,0.26321087915485974
1016,1,0.2546820536780204
1017,0,0.10468186748148901
1018,0,0.019418317350648178
1019,1,0.43029341151149286
1020,0,0.3774064249926319
1021,0,0.7675644467236348
1022,1,0.5759170215630302
1023,0,0.39214443484106404
1024,1,0.7627011525217261
1025,1,0.5208453687185878
1026,0,0.5334676808071305
1027,0,0.2051737817083379
1028,0,0.002226139182660922
1029,0,0.35589978496955244
1030,1,0.4904012905827788
1031,0,0.11034342302162638
1032,1,0.8153440867180585
1033,0,0.007259318845818979
1034,1,0.5414207454936343
1035,1,0.6298836659152265
1036,0,0.03524588516769035
1037,0,0.18865443053451228
1038,1,0.6966177188617891
1039,0,0.002226139182660922
1040,0,0.1877895924287348
1041,0,0.016563938836293226
1042,0,0.3898577254102857
1043,0,0.07159391534391535
1044,0,0.2543453246281607
1045,0,0.030700114159744912
1046,1,0.8566587812005024
1047,0,0.06099050177997547
1048,1,0.7403750569318204
1049,0,0.16051109572451036
1050,0,0.016563938836293226
1051,0,0.024739294617240153
1052,0,0.04152162814443516
1053,1,0.5186073687768603
1054,0,0.001564945226917058
1055,1,0.4606111397866173
1056,1,0.5689722313207409
1057,0,0.013070670060534117
1058,0,0.42304140684694386
1059,0,0.17782104381276034
1060,0,0.049823633156966494
1061,0,0.175982528671198
1062,0,0.10930529497602669
1063,0,0.20928171797006367
1064,0,0.2330609651192964
1065,0,0.15359144679796854
1066,0,0.0015015015015015015
1067,1,0.8353080186732694
1068,0,0.038579790165052766
1069,0,0.44045584045584046
1070,0,0.10930529497602669
1071,0,0.03170289855072464
1072,0,0.14841656806175915
1073,0,0.26680842883245487
1074,0,0.0
1075,0,0.4606111397866173
1076,1,0.6393024637675929
1077,1,0.53786397417154
1078,1,0.7883016985471393
1079,0,0.0
1080,0,0.27099945822438926
1081,0,0.004917509798559839
1082,0,0.27627212035008136
1083,0,0.3793284419418721
1084,1,0.5881269792396192
1085,0,0.006980223025216614
1086,1,0.5146928691822531
1087,0,0.012273320987322976
1088,0,0.0015015015015015015
1089,0,0.002226139182660922
1090,0,0.26845726560845834
1091,0,0.0007246376811594203
1092,0,0.006578947368421052
1093,1,0.44796551204196966
1094,1,0.6503004214868621
1095,0,0.30713503919337043
1096,0,0.5485907273648701
1097,1,0.5827409432672591
1098,0,0.47393033029067994
1099,0,0.41226291487634503
1100,0,0.12072933726389344
1101,1,0.6150967514091188
1102,0,0.3512348576440747
1103,0,0.0062555853440571935
1104,1,0.7853464616935972
1105,0,0.049823633156966494
1106,0,0.09766938496613294
1107,0,0.4420925195884455
1108,0,0.008080448869922553
1109,0,0.04343474000783517
1110,0,0.32723954079452805
1111,1,0.7227196848404183
1112,1,0.6745447104563126
1113,0,0.024255163575856036
1114,1,0.5681739856645353
1115,0,0.011004425478109689
1116,0,0.1717073972767722
1117,1,0.652532247393829
1118,0,0.007259318845818979
1119,0,0.08336884864978912
1120,0,0.049857324456531495
1121,0,0.2157386276398252
1122,0,0.006980223025216614
1123,0,0.007820530570974251
1124,0,0.2584419712676547
1125,0,0.11025114694274905
1126,0,0.20259693876992071
1127,0,0.6009749662614358
1128,1,0.3400695121278434
1129,0,0.2340301173834266
1130,0,0.030700114159744912
1131,0,0.3541979810005704
1132,0,0.06894533442375844
1133,0,0.1567977133322695
1134,0,0.5220449278827294
1135,0,0.0022988505747126436
1136,0,0.022763263985188572
1137,1,0.7024613296181189
1138,1,0.6569792314443607
1139,0,0.2619177512794534
1140,0,0.17694468210140604
1141,0,0.0324744062057352
1142,1,0.6719383318557376
1143,1,0.405010910211796
1144,0,0.2334251375310978
1145,0,0.04287040801402301
1146,1,0.5485907273648701
1147,0,0.22473598012397142
1148,0,0.026943880155159017
1149,1,0.6924216336080743
1150,0,0.0950009181945244
1151,0,0.3462626003301848
1152,0,0.6094206088679192
1153,0,0.024739294617240153
1154,0,0.03524588516769035
1155,1,0.6635467527370434
1156,0,0.049823633156966494
1157,1,0.6069590171285086
1158,0,0.26143218412881325
1159,0,0.4694757167538026
1160,1,0.6398608072459463
1161,0,0.033736147040976015
1162,1,0.6733972433641718
1163,0,0.05671215967003113
1164,1,0.48732928751288607
1165,0,0.0015015015015015015
1166,1,0.7540974742519336
1167,0,0.020062291458455617
1168,1,0.6357986720065615
1169,1,0.6976415323336224
1170,0,0.5394316730523626
1171,0,0.006419011300061342
1172,0,0.4410332574759453
1173,1,0.5408673377328586
1174,1,0.412380754701316
1175,1,0.7145650691730744
1176,0,0.4150181173386786
1177,1,0.6009749662614358
1178,0,0.23042535071484135
1179,0,0.12983023937469462
1180,0,0.00306644672841856
1181,0,0.0015015015015015015
1182,0,0.4947476573153767
1183,0,0.12767531764010637
1184,1,0.545141749760039
1185,0,0.405423013900893
1186,0,0.30081111145982625
1187,0,0.37325319356450165
1188,0,0.002226139182660922
1189,0,0.11545927959279594
1190,1,0.8441022566526989
1191,0,0.44481935411470647
1192,1,0.41698988307898355
1193,0,0.35204815144934903
1194,0,0.00306644672841856
1195,0,0.03129834278902602
1196,1,0.48584777696041687
1197,1,0.6571449771119057
1198,0,0.2975923583704128
1199,1,0.5880173844600723
1200,1,0.8441022566526989
1201,0,0.18094511001487745
1202,1,0.45692576515888267
1203,0,0.0015015015015015015
1204,0,0.44066592791974085
1205,1,0.6564115975830748
1206,0,0.1585983393915949
1207,0,0.002226139182660922
1208,1,0.4606111397866173
1209,0,0.10161878404498331
1210,0,0.08699881870613578
1211,0,0.002226139182660922
1212,0,0.02256061622258805
1213,0,0.15786800737127588
1214,0,0.43717036475657167
1215,0,0.07205466449713312
1216,0,0.024278911048447
1217,0,0.03524588516769035
1218,1,0.8340366809116809
1219,0,0.03174989955156358
1220,1,0.34354644937873974
1221,1,0.5147012959571056
1222,0,0.019158399051699877
1223,0,0.002226139182660922
1224,1,0.7554448817920174
1225,1,0.8345639710542218
1226,0,0.024275828623654707
1227,0,0.00306644672841856
1228,0,0.0062555853440571935
1229,0,0.002226139182660922
1230,1,0.6855164972901685
1231,0,0.6393024637675929
1232,0,0.0022988505747126436
1233,0,0.13057379962342114
1234,1,0.40764827284915867
1235,1,0.3403159017405685
1236,0,0.008080448869922553
1237,0,0.019418317350648178
1238,0,0.38759051006023326
1239,1,0.5495818522143802
1240,0,0.44861699825613227
1241,0,0.2656626575581085
1242,1,0.8428309188911104
1243,0,0.4405898817938561
1244,0,0.003023488255872064
1245,1,0.6238239551503639
1246,1,0.5508428694475206
1247,1,0.38678999462883007
1248,0,0.5197842230629116
1249,0,0.0
1250,0,0.457442614258347
1251,0,0.24513937285506274
1252,0,0.0022988505747126436
1253,1,0.6562137049941928
1254,1,0.5937127301011148
1255,0,0.08918384247331616
1256,0,0.11938755688755688
1257,1,0.48057896597272615
1258,0,0.014971208633180464
1259,1,0.5298716242575255
1260,0,0.2546820536780204
1261,0,0.27799994643141596
1262,0,0.4252727939219556
1263,0,0.0
1264,0,0.44066592791974085
1265,0,0.04892794450835606
1266,0,0.42187077868651146
1267,0,0.508080546193069
1268,0,0.012273320987322976
1269,0,0.2890366693479774
1270,0,0.14345604145401225
1271,0,0.002226139182660922
1272,0,0.058383670680418644
1273,0,0.5842721736404325
1274,1,0.41061315496098105
1275,1,0.5376414446104483
1276,1,0.3280246631651062
1277,0,0.13049039179076297
1278,1,0.7301618575368743
1279,1,0.31584078284221756
1280,0,0.002226139182660922
1281,1,0.7024926584042607
1282,0,0.002226139182660922
1283,1,0.6568690129889504
1284,0,0.06975325594572457
1285,0,0.04751290334822911
1286,1,0.7853464616935972
1287,1,0.6650377559484809
1288,0,0.0015015015015015015
1289,0,0.4269304477869372
1290,1,0.631223939170959
1291,0,0.0324744062057352
1292,1,0.6866435746143531
1293,1,0.2945095995958065
1294,0,0.24784446143391103
1295,0,0.2896067415730337
1296,1,0.43029341151149286
1297,1,0.6406894144699022
1298,0,0.012273320987322976
1299,1,0.8020142423019614
1300,0,0.009904199633403749
1301,0,0.21692468519068928
1302,0,0.07614256570380644
1303,0,0.2823919200065989
1304,1,0.7732241809008723
1305,0,0.017133914685121793
1306,0,0.027007724940055766
1307,1,0.5035448929047709
1308,0,0.04454060970755752
1309,0,0.10468186748148901
1310,0,0.308139811315539
1311,0,0.4052416196055047
1312,1,0.7229245565887653
1313,1,0.6398917369402466
1314,0,0.074351547771088
1315,0,0.1445426018192938
1316,0,0.44650362408983096
1317,0,0.019158399051699877
1318,0,0.0015015015015015015
1319,0,0.31777481777481775
1320,0,0.0
1321,0,0.5243624268139079
1322,0,0.02370893519961843
1323,0,0.0
1324,0,0.405423013900893
1325,0,0.08077932513093487
1326,1,0.28715478309943737
1327,1,0.667392559424099
1328,0,0.05701616735463921
1329,0,0.342706874765206
1330,0,0.019418317350648178
1331,1,0.8345639710542218
1332,1,0.7333602224284294
1333,0,0.27888627768032936
1334,1,0.5529684461348352
1335,1,0.734707629968513
1336,1,0.7841711690548899
1337,0,0.03875014918248001
1338,0,0.23055318013253032
1339,0,0.002226139182660922
1340,0,0.037360979481686
1341,0,0.25819662077354605
1342,1,0.7720495263705875
1343,0,0.011004425478109689
1344,0,0.310790500029759
1345,0,0.2097430723659008
1346,0,0.0015015015015015015
1347,0,0.10507902909403848
1348,0,0.1557489729474319
1349,1,0.42846083161371507
1350,0,0.2486824018379837
1351,1,0.677815271648972
1352,0,0.37325319356450165
1353,1,0.393515704154002
1354,1,0.7205684754521964
1355,0,0.548272284319868
1356,0,0.43081140177958144
1357,0,0.38153591543422055
1358,0,0.2908258791523372
1359,0,0.021318022678848917
1360,0,0.18465045592705165
1361,0,0.052815130401337305
1362,0,0.08857314083467753
1363,0,0.04454060970755752
1364,0,0.24186436546243475
1365,0,0.01998521077468446
1366,0,0.13024580931557675
1367,1,0.4552112271833353
1368,0,0.15817109676113483
1369,0,0.12368509489988362
1370,1,0.5176962327435718
1371,1,0.6587406846027536
1372,1,0.6813892660813562
1373,0,0.36715614223138165
1374,0,0.0007246376811594203
1375,0,0.31562688427604596
1376,1,0.6098317016774479
1377,0,0.0015015015015015015
1378,0,0.22508400234116022
1379,1,0.7863235503339623
1380,1,0.6211640211640211
1381,1,0.6244371482176361
1382,0,0.47758830903439636
1383,0,0.5595625141987259
1384,1,0.3912836901996495
1385,0,0.11034342302162638
1386,0,0.7940010643686563
1387,0,0.30351382404700616
1388,0,0.16830546893818996
1389,1,0.6571449771119057
1390,0,0.11749202414799848
1391,1,0.6708657196462076
1392,1,0.7540974742519336
1393,0,0.02648041416157358
1394,0,0.10788916718269115
1395,0,0.1279100529100529
1396,0,0.2752053383810661
1397,1,0.7107995215453115
1398,1,0.4280548560513641
1399,0,0.017175794171099334
1400,1,0.3868908382066277
1401,0,0.30391650914038976
1402,1,0.4143781737163321
1403,0,0.008080448869922553
1404,1,0.4814242428138567
1405,0,0.002226139182660922
1406,0,0.026201240318237243
1407,0,0.019501079733300345
1408,0,0.07907970660081354
1409,0,0.007259318845818979
1410,0,0.0015015015015015015
1411,0,0.4616742365496105
1412,1,0.6433228033289995
1413,0,0.08061470202058528
1414,0,0.019418317350648178
1415,1,0.8078289266780483
1416,1,0.5344894727000513
1417,0,0.15057486759917682
1418,0,0.0015015015015015015
1419,0,0.40200823829306803
1420,0,0.041053465068474446
1421,1,0.7041730182926829
1422,0,0.025790158995627768
1423,1,0.6163860508757298
1424,0,0.0679924189959094
1425,0,0.02881170418099308
1426,0,0.0015015015015015015
1427,0,0.006980223025216614
1428,0,0.12470683550495758
1429,1,0.5481552605456755
1430,0,0.009179561952244328
1431,0,0.22610032709921724
1432,0,0.11087962962962965
1433,0,0.013564007663386548
1434,0,0.00306644672841856
1435,1,0.6798867021307724
1436,0,0.30779928606015566
1437,0,0.05160080455490242
1438,0,0.08146196635081893
1439,0,0.011173095142617032
1440,0,0.5408434110913812
1441,0,0.405010910211796
1442,1,0.4915548513634769
1443,0,0.15467697399634892
1444,1,0.36288067715625366
1445,1,0.40748224648308257
1446,0,0.049717118924436
1447,0,0.008080448869922553
1448,0,0.0
1449,0,0.13647009043350505
1450,1,0.39670311496642063
1451,0,0.61364522417154
1452,0,0.09489790600417779
1453,1,0.5898803584289484
1454,0,0.052240023353252285
1455,0,0.0361177156435176
1456,0,0.32634473059694563
1457,1,0.6623992856449026
1458,0,0.13883364712637578
1459,0,0.05884441983363642
1460,0,0.36157694601388757
1461,0,0.002226139182660922
1462,0,0.0015015015015015015
1463,0,0.0838018816403535
1464,0,0.00306644672841856
1465,0,0.02370893519961843
1466,0,0.0007246376811594203
1467,0,0.2308717874063436
1468,1,0.6778665140734107
1469,0,0.1341536892933032
1470,0,0.00306644672841856
1471,0,0.12336103254832777
1472,0,0.030700114159744912
1473,0,0.5298716242575255
1474,0,0.0
1475,0,0.01400841888946893
1476,1,0.2791996477341305
1477,0,0.38654362146927795
1478,0,0.17862187769164514
1479,0,0.6976415323336224
1480,0,0.016382453882453882
1481,1,0.7174603174603175
1482,0,0.12526372458877444
1483,0,0.08516938496613292
1484,0,0.17259113421596675
1485,0,0.4976257577952494
1486,0,0.5057598553989894
1487,1,0.5196272815377161
1488,0,0.2122549019607843
1489,1,0.43583067610323495
1490,0,0.037195317546634035
1491,0,0.0
1492,0,0.6424929624598908
1493,1,0.5970864410650215
1494,1,0.7242397125615652
1495,0,0.44066592791974085
1496,1,0.6200514485773388
1497,0,0.0015015015015015015
1498,0,0.47393033029067994
1499,0,0.29008948189702105
1500,1,0.6866435746143531
1501,0,0.2457736592479435
1502,1,0.5276717644582338
1503,0,0.0890850877775564
1504,0,0.0
1505,1,0.7232196718481334
1506,0,0.0015015015015015015
1507,0,0.17639245014245017
1508,1,0.7004104852942062
1509,1,0.4705289073153767
1510,0,0.03875014918248001
1511,1,0.7067875374326987
1512,0,0.061218752008225685
1513,0,0.5439390902600425
1514,0,0.027277763234784726
1515,1,0.5485907273648701
1516,1,0.4552112271833353
1517,0,0.006578947368421052
1518,0,0.14391547150167838
1519,0,0.1773466954978931
1520,1,0.7538730930633838
1521,0,0.3773946360153257
1522,0,0.47426233992483685
1523,1,0.3550677196698031
1524,1,0.667392559424099
1525,1,0.29126843063686864
1526,1,0.5086735907549899
1527,0,0.06486692320025654
1528,1,0.7540974742519336
1529,0,0.010771819485821474
1530,0,0.5026857618687107
1531,0,0.3528039897965903
1532,0,0.06844901417783165
1533,1,0.7863235503339623
1534,0,0.08291158529454017
1535,0,0.19360527671697883
1536,0,0.008080448869922553
1537,0,0.006578947368421052
1538,1,0.5230664405547817
1539,1,0.5610902970278593
1540,0,0.03337165751500589
1541,0,0.03196705336321752
1542,1,0.6340481552345959
1543,0,0.39880568291164314
1544,0,0.27866415293972946
1545,0,0.17061262645851125
1546,0,0.012013402688374671
1547,1,0.7554448817920174
1548,1,0.7768253968253968
1549,0,0.2267178951493647
1550,0,0.06543535532194923
1551,1,0.667392559424099
1552,1,0.7866177994551857
1553,0,0.17639245014245017
1554,0,0.46716411406565544
1555,0,0.5115000632303534
1556,0,0.5714433893091547
1557,0,0.08291158529454017
1558,0,0.049823633156966494
1559,0,0.0012128027006319583
1560,0,0.18209522595990488
1561,0,0.5156837294778259
1562,0,0.08154408196876071
1563,0,0.2696807412693446
1564,0,0.15291640608713777
1565,0,0.19821620970103335
1566,0,0.0
1567,0,0.2927263898524031
1568,0,0.034582720223745866
1569,0,0.24183746640866707
1570,1,0.5693696450428397
1571,1,0.549816836124402
1572,0,0.008080448869922553
1573,1,0.6331168831168831
1574,0,0.04036790698490391
1575,1,0.4050800545506033
1576,0,0.13623535516355853
1577,0,0.014404315209144184
1578,0,0.047619047619047616
1579,0,0.0
1580,0,0.002226139182660922
1581,0,0.14875630967584988
1582,1,0.4957843236843273
1583,0,0.030214904131791842
1584,0,0.5366378654120082
1585,0,0.05315753815432891
1586,0,0.0
1587,0,0.31118362786807424
1588,0,0.25237507045649576
1589,0,0.46590180932741493
1590,0,0.23430887447029236
1591,0,0.42837158932908803
1592,0,0.20865378497200882
1593,0,0.17259113421596675
1594,0,0.3947606274505458
1595,0,0.013168415792103948
1596,0,0.4086118844836703
1597,0,0.002226139182660922
1598,0,0.4060679561040348
1599,0,0.3441181008025471
1600,0,0.3437956578809251
1601,0,0.1357857606980414
1602,0,0.5271316589345706
1603,0,0.11101566644426504
1604,0,0.04597790792845738
1605,0,0.007259318845818979
1606,0,0.19202216506452707
1607,0,0.012062506161885046
1608,0,0.1341536892933032
1609,0,0.3229009304871374
1610,0,0.04705215419501133
1611,0,0.002226139182660922
1612,0,0.13057379962342114
1613,0,0.405010910211796
1614,0,0.2529029746776974
1615,0,0.3724885409664201
1616,0,0.39004184583834284
1617,1,0.6094206088679192
1618,1,0.7228917077754287
1619,1,0.7665151168242131
1620,0,0.6310232354111945
1621,0,0.002226139182660922
1622,0,0.28048912606633747
1623,1,0.7478388402406931
1624,0,0.1040971623259798
1625,0,0.08895272237031589
1626,0,0.32845518056968936
1627,0,0.45853196483789493
1628,1,0.7388164602119334
1629,0,0.0015015015015015015
1630,0,0.02047337278106509
1631,0,0.6733972433641718
1632,0,0.3235653235653236
1633,0,0.2752053383810661
1634,1,0.46799726174575645
1635,0,0.2584419712676547
1636,1,0.7540974742519336
1637,0,0.4552112271833353
1638,0,0.001564945226917058
1639,0,0.015308207615899926
1640,0,0.012273320987322976
1641,0,0.4101962802455583
1642,0,0.2696807412693446
1643,1,0.5714991561912462
1644,1,0.8271565636468144
1645,1,0.667392559424099
1646,1,0.614158821967126
1647,1,0.6167968341819732
1648,0,0.151281581633941
1649,0,0.07724162434927022
1650,1,0.685052572597081
1651,0,0.21117632367632366
1652,1,0.6218303106107984
1653,0,0.006980223025216614
1654,0,0.20090554869966634
1655,0,0.004425478109688636
1656,0,0.1421290772195968
1657,1,0.40722173816834006
1658,0,0.03293515535895297
1659,0,0.028768736696111376
1660,0,0.30861390236390235
1661,1,0.858342680292456
1662,0,0.013564007663386548
1663,0,0.3212064896843689
1664,1,0.6494667693929687
1665,1,0.6431482704546485
1666,0,0.00306644672841856
1667,1,0.5429464345934478
1668,0,0.11034342302162638
1669,0,0.04049759911082804
1670,0,0.3885118149824032
1671,0,0.056480180857654994
1672,1,0.5352257307874296
1673,0,0.0
1674,0,0.0015015015015015015
1675,0,0.0015015015015015015
1676,1,0.5833962512620167
1677,0,0.11905838919333499
1678,0,0.035876623376623375
1679,0,0.15936286555533416
1680,0,0.5057598553989894
1681,0,0.15747158204669878
1682,0,0.014404315209144184
1683,0,0.0015015015015015015
1684,1,0.5334119722895978
1685,1,0.6804900770483936
1686,1,0.8214801563638773
1687,0,0.26325963616843273
1688,0,0.18899771324681766
1689,0,0.2147206857831678
1690,0,0.13219807009785578
1691,0,0.04809523122325976
1692,0,0.06894533442375844
1693,1,0.6203923957017748
1694,1,0.7166659225775248
1695,0,0.12401931711624808
1696,1,0.4546648046328339
1697,1,0.4842422634752664
1698,0,0.35352857927699094
1699,0,0.2097430723659008
1700,1,0.5534177859938406
1701,0,0.5050187360532188
1702,1,0.6119467530952915
1703,0,0.35093900796244076
1704,0,0.41183181737168967
1705,0,0.025790158995627768
1706,0,0.0007246376811594203
1707,0,0.028747964940433555
1708,0,0.3178263895300549
1709,0,0.02370893519961843
1710,0,0.04794940550428203
1711,0,0.5700671696049201
1712,0,0.09164901332111912
1713,0,0.28316568356577126
1714,0,0.0015015015015015015
1715,0,0.04883122755652778
1716,1,0.6510966407296833
1717,1,0.6976415323336224
1718,1,0.7940010643686563
1719,1,0.8082956859624072
1720,0,0.074351547771088
1721,0,0.0007246376811594203
1722,0,0.05884441983363642
1723,0,0.07707126533184298
1724,0,0.0652721971934833
1725,0,0.3720764372773231
1726,0,0.0015015015015015015
1727,0,0.6200514485773388
1728,1,0.26756237116044046
1729,0,0.20714983344462945
1730,0,0.013564007663386548
1731,1,0.31097184973791886
1732,0,0.4384414762166062
1733,1,0.833883517248768
1734,0,0.0950009181945244
1735,0,0.2616171905062883
1736,1,0.5112559494881129
1737,0,0.025329409842409997
1738,0,0.002226139182660922
1739,0,0.07176012049144949
1740,1,0.7465675024791046
1741,0,0.5146928691822531
1742,0,0.021993722798551774
1743,0,0.17028738396358323
1744,0,0.1413274177951539
1745,0,0.21290185282805207
1746,1,0.48436353800558724
1747,1,0.5481552605456755
1748,0,0.03346273291925466
1749,0,0.051737089201877924
1750,0,0.21670260080856107
1751,0,0.3466971836537054
1752,0,0.25585298791131916
1753,1,0.8441022566526989
1754,1,0.5366378654120082
1755,0,0.41052176016089414
1756,0,0.5061309140691248
1757,1,0.6383475595340001
1758,1,0.6094206088679192
1759,0,0.446933987134873
1760,0,0.08989618779022546
1761,0,0.3625337564543654
1762,0,0.5168720843968179
1763,0,0.1188138087785975
1764,0,0.20687711877831635
1765,0,0.1297075991944527
1766,1,0.5394710177967881
1767,0,0.11034342302162638
1768,1,0.5191782461611839
1769,0,0.3338147287331064
1770,1,0.6204897797965835
1771,0,0.07815311991852276
1772,0,0.11545927959279594
1773,0,0.3912836901996495
1774,1,0.8457861557446523
1775,1,0.8359933120535036
1776,0,0.21126484706396856
1777,1,0.4528315576431054
1778,0,0.4675682948047097
1779,0,0.5840374389742916
1780,1,0.5965862933195057
1781,0,0.6074432786297193
1782,0,0.42263543128459297
1783,0,0.27799994643141596
1784,1,0.7297293146130356
1785,1,0.44497793297444105
1786,0,0.025750843131893172
1787,0,0.03013322073570863
1788,1,0.3972757564409107
1789,1,0.434534763896466
1790,1,0.46203773145532195
1791,0,0.05453794545190954
1792,0,0.0015015015015015015
1793,0,0.02417240119320387
1794,1,0.7866177994551857
1795,0,0.06844901417783165
1796,1,0.6689234538071748
1797,0,0.3084399545616306
1798,1,0.6094206088679192
1799,0,0.17922443451742
1800,0,0.05028438231018426
1801,0,0.013564007663386548
1802,0,0.04864287265788204
1803,1,0.7613347752000427
1804,0,0.0022988505747126436
1805,0,0.06543535532194923
1806,0,0.019418317350648178
1807,1,0.5788144851645157
1808,0,0.3212064896843689
1809,0,0.027720322363179506
1810,0,0.45249472641956173
1811,1,0.45853719629289474
1812,0,0.04807979677226539
1813,0,0.16152562594693642
1814,0,0.03571428571428572
1815,0,0.1453315992950139
1816,1,0.6552675243806451
1817,0,0.4813001747801999
1818,0,0.2752053383810661
1819,0,0.017125150561448498
1820,1,0.757771603032486
1821,0,0.0015015015015015015
1822,0,0.26568029068800914
1823,0,0.29870879784887766
1824,0,0.4957843236843273
1825,0,0.021929878013655025
1826,1,0.5932382745942069
1827,1,0.6080985866244769
1828,0,0.006419011300061342
1829,0,0.5115000632303534
1830,0,0.25649998786466677
1831,1,0.5872598615453961
1832,0,0.013564007663386548
1833,0,0.0062555853440571935
1834,0,0.006980223025216614
1835,0,0.4271948330419096
1836,0,0.3268377170729273
1837,1,0.7545922079225308
1838,1,0.30713503919337043
1839,0,0.38603050957481333
1840,0,0.1407155181803069
1841,1,0.45408054721350033
1842,0,0.6200514485773388
1843,0,0.2147206857831678
1844,0,0.29207139692241435
1845,0,0.29758367789498597
1846,0,0.10020905084457127
1847,1,0.5321692736685711
1848,0,0.0679924189959094
1849,0,0.002226139182660922
1850,0,0.41043033497856724
1851,1,0.4861409251224278
1852,0,0.052240023353252285
1853,0,0.0
1854,0,0.1407155181803069
1855,1,0.5799960646680008
1856,0,0.05981665128006591
1857,0,0.02846301904217412
1858,1,0.8132180481017691
1859,0,0.18708906684124935
1860,0,0.2157386276398252
1861,0,0.002226139182660922
1862,0,0.0015015015015015015
1863,0,0.3622428549394841
1864,0,0.030700114159744912
1865,0,0.31118362786807424
1866,0,0.10468186748148901
1867,0,0.14449520266651314
1868,0,0.06202123681798479
1869,0,0.017027404829878665
1870,1,0.8441022566526989
1871,1,0.6992575766325935
1872,0,0.11905838919333499
1873,0,0.32468342693526514
1874,0,0.405794636659532
1875,0,0.0015015015015015015
1876,0,0.059917414182817035
1877,0,0.06790639791245157
1878,0,0.296697463922395
1879,0,0.05008166566788732
1880,0,0.23375509641815326
1881,0,0.14957702704181577
1882,0,0.03766227536397614
1883,0,0.04874938689041253
1884,0,0.21751529383351767
1885,1,0.5079800055821978
1886,0,0.23850063050814788
1887,1,0.623141351402221
1888,1,0.5228864122481144
1889,1,0.7177764526601735
1890,1,0.58492748163519
1891,1,0.6976415323336224
1892,1,0.405010910211796
1893,0,0.5334119722895978
1894,1,0.42263543128459297
1895,0,0.056509443027734196
1896,1,0.5700671696049201
1897,0,0.030700114159744912
1898,1,0.7671487324703344
1899,1,0.7387743853225457
1900,0,0.2062603420736194
1901,0,0.6926142732594346
1902,1,0.33727490407749344
1903,0,0.002226139182660922
1904,1,0.5518144301447531
1905,0,0.013564007663386548
1906,1,0.5442153535439842
1907,0,0.03417163890113639
1908,1,0.6896653023151577
1909,0,0.0801539528673675
1910,0,0.0
1911,0,0.012273320987322976
1912,0,0.0041928721174004195
1913,0,0.30434043114302056
1914,1,0.48794247361263293
1915,1,0.5308627491070356
1916,0,0.13933446916924694
1917,0,0.01743848615248814
1918,0,0.08598745778098175
1919,0,0.010869565217391304
1920,0,0.28701622971285884
1921,0,0.0062555853440571935
1922,0,0.05346119929453263
1923,0,0.030952550478352433
1924,0,0.1546221679555013
1925,0,0.06574458562253116
1926,1,0.5528201996857205
1927,0,0.40218622751668165
1928,0,0.006980223025216614
1929,0,0.07048032984353016
1930,1,0.5271316589345706
1931,0,0.027890697556159787
1932,0,0.37010887142619026
1933,0,0.041206704710195115
1934,0,0.007259318845818979
1935,1,0.5334119722895978
1936,0,0.19160038558234482
1937,1,0.6623992856449026
1938,1,0.4878711091326234
1939,0,0.17014837489805398
1940,0,0.0981692043067016
1941,0,0.2821193626959112
1942,1,0.7984302763839417
1943,0,0.07865666550939716
1944,0,0.4938755421575564
1945,0,0.26845726560845834
1946,0,0.11025114694274905
1947,1,0.5742966419257703
1948,0,0.43424396827439676
1949,1,0.6582924442040464
1950,0,0.20108135832071614
1951,0,0.040132458443641154
1952,0,0.405010910211796
1953,0,0.008080448869922553
1954,1,0.677815271648972
1955,1,0.6279661841265008
1956,0,0.3407518413283898
1957,0,0.06145954316686023
1958,0,0.03854195806776002
1959,1,0.4728357482561322
1960,0,0.1670584714542868
1961,0,0.17028738396358323
1962,0,0.17105141424355494
1963,0,0.4408088864718975
1964,0,0.01753623188405797
1965,0,0.003023488255872064
1966,0,0.22376788191574293
1967,0,0.1635075409723297
1968,0,0.2561251515809448
1969,0,0.13113461286480443
1970,1,0.8152560602299991
1971,1,0.6116085211485026
1972,0,0.03854195806776002
1973,0,0.012273320987322976
1974,0,0.033782738837615366
1975,1,0.3121341206686034
1976,1,0.5660121606444367
1977,0,0.03013322073570863
1978,0,0.4915548513634769
1979,0,0.33766560369189286
1980,0,0.32354503112027055
1981,0,0.002226139182660922
1982,1,0.7043826573363227
1983,0,0.405423013900893
1984,0,0.0062555853440571935
1985,1,0.7540974742519336
1986,0,0.02417240119320387
1987,0,0.08644088067107225
1988,1,0.858342680292456
1989,0,0.056251410516813365
1990,1,0.37589055620186423
1991,0,0.050177868077653766
1992,0,0.05437228351685758
1993,0,0.008080448869922553
1994,0,0.661272208320718
1995,1,0.6282879584243785
1996,1,0.6765186419818104
1997,0,0.07365714682787854
1998,0,0.42304140684694386
1999,0,0.012273320987322976
2000,0,0.01998521077468446
2001,0,0.13623535516355853
2002,1,0.7207055053975955
2003,0,0.16698337893990067
2004,0,0.5176962327435718
2005,0,0.1587062702022369
2006,0,0.25801969033748284
2007,0,0.2584419712676547
2008,0,0.3898577254102857
2009,0,0.17688826011329795
2010,1,0.7154856066720473
2011,0,0.0015015015015015015
2012,1,0.6149716729186928
2013,0,0.3249955040652715
2014,0,0.4177028176201783
2015,0,0.09146120405875145
2016,1,0.6421957260048149
2017,1,0.39136224064871
2018,0,0.06578783345799051
2019,0,0.018318091505942238
2020,1,0.7361467905049947
2021,0,0.270611168114477
2022,0,0.09713319088319088
2023,0,0.5485907273648701
2024,1,0.3106119764442668
2025,0,0.20836464766723709
2026,0,0.0015015015015015015
2027,0,0.0015015015015015015
2028,1,0.6733972433641718
2029,0,0.0312891503983458
2030,0,0.06543535532194923
2031,0,0.0007246376811594203
2032,0,0.0207825598478956
2033,0,0.002226139182660922
2034,0,0.002226139182660922
2035,0,0.02846301904217412
2036,0,0.0007246376811594203
2037,0,0.48093434343434344
2038,0,0.5485907273648701
2039,0,0.175982528671198
2040,0,0.5057598553989894
2041,0,0.11238340710635435
2042,1,0.6424929624598908
2043,0,0.20791830075686027
2044,0,0.08449153775107034
2045,0,0.14109048567606838
2046,0,0.46983365622882295
2047,1,0.2840477443464149
2048,1,0.8441022566526989
2049,1,0.6258586479159565
2050,0,0.02171932886317014
2051,0,0.1509553721709693
2052,0,0.0015015015015015015
2053,0,0.07700264204390696
2054,1,0.5861146542311657
2055,0,0.0051501157908480566
2056,0,0.07494268077601411
2057,0,0.0015015015015015015
2058,0,0.0
2059,0,0.012273320987322976
2060,1,0.4992474413004215
2061,0,0.2816323568605578
2062,0,0.4504811290692065
2063,0,0.1188111844662012
2064,1,0.6753409296991338
2065,0,0.1040971623259798
2066,0,0.002226139182660922
2067,0,0.0015015015015015015
2068,0,0.0
2069,0,0.12401931711624808
2070,1,0.5766290218359764
2071,1,0.3081227335050423
2072,1,0.6361271573135979
2073,0,0.0015015015015015015
2074,0,0.05671215967003113
2075,1,0.8247418159182865
2076,0,0.44298661871382033
2077,0,0.029440993788819873
2078,0,0.15255228558546766
2079,1,0.8723450557103064
2080,0,0.012273320987322976
2081,0,0.021036075153072074
2082,1,0.539721695559497
2083,1,0.6517519487244409
2084,0,0.5287898722400964
2085,1,0.36959169411999593
2086,0,0.0286175736724502
2087,0,0.002226139182660922
2088,1,0.8271990740740741
2089,1,0.8153440867180585
2090,0,0.07523148148148148
2091,0,0.14535694749612618
2092,1,0.6803318823902204
2093,0,0.026218820861678007
2094,0,0.22480704312824376
2095,0,0.14978815340492715
2096,0,0.00306644672841856
2097,1,0.5864720334397241
2098,1,0.4842422634752664
2099,0,0.4229653607210591
2100,1,0.6957216641682661
2101,0,0.6009749662614358
2102,0,0.12368509489988362
2103,0,0.4280548560513641
2104,0,0.02370893519961843
2105,0,0.008080448869922553
2106,0,0.04152162814443516
2107,0,0.07984514687100895
2108,0,0.006980223025216614
2109,0,0.29479775032006295
2110,1,0.3488912866469851
2111,0,0.026943880155159017
2112,0,0.10930529497602669
2113,0,0.029779203902010918
2114,0,0.015669856459330143
2115,0,0.36072060886160356
2116,0,0.03293515535895297
2117,0,0.2656626575581085
2118,0,0.05315753815432891
2119,1,0.7850522125723739
2120,0,0.26123657931800465
2121,1,0.40764827284915867
2122,0,0.03524588516769035
2123,0,0.47815980261153035
2124,0,0.4911386187248256
2125,1,0.6847237064489969
2126,1,0.5904923730011308
2127,1,0.8181136908054502
2128,0,0.0015015015015015015
2129,1,0.3912076440737648
2130,1,0.7116999739231445
2131,1,0.5211185316666745
2132,0,0.009502923976608187
2133,0,0.0015015015015015015
2134,0,0.20011655122394623
2135,0,0.290080116091763
2136,1,0.667392559424099
2137,1,0.7430632289748312
2138,0,0.40764827284915867
2139,1,0.7315282348585578
2140,1,0.7427022841656988
2141,1,0.6361271573135979
2142,0,0.3550677196698031
2143,0,0.0015015015015015015
2144,0,0.00306644672841856
2145,0,0.25819662077354605
2146,0,0.016705326721666146
2147,0,0.18336351418863095
2148,0,0.035895770668125056
2149,0,0.2935904251693725
2150,0,0.10693966715308179
2151,0,0.35760753407812235
2152,0,0.10604588500929964
2153,1,0.8441022566526989
2154,0,0.06145954316686023
2155,1,0.6926755836792421
2156,0,0.17236904983383858
2157,0,0.369032620724788
2158,1,0.731000652374624
2159,0,0.03196705336321752
2160,0,0.18868598025574768
2161,1,0.5974438202735799
2162,0,0.08771288440017962
2163,1,0.8353080186732694
2164,0,0.15836954115237722
2165,0,0.23710955379400014
2166,1,0.7866177994551857
2167,0,0.03350204878298925
2168,0,0.421073840995811
2169,0,0.006578947368421052
2170,0,0.08750490151126548
2171,1,0.6514489587884084
2172,0,0.08000741017756724
2173,0,0.6244374631486372
2174,0,0.08001310331122537
2175,0,0.4471847029812
2176,1,0.4957843236843273
2177,0,0.35785916180244115
2178,1,0.6316875675991698
2179,0,0.24338624338624337
2180,0,0.34239273516166957
2181,1,0.6733972433641718
2182,0,0.005694373618901921
2183,0,0.058383670680418644
2184,0,0.09299619947852318
2185,0,0.627349601814731
2186,0,0.5294361574383308
2187,0,0.02370893519961843
2188,0,0.07159391534391535
2189,0,0.33609814779031505
2190,0,0.017175794171099334
2191,0,0.28799847723773625
2192,0,0.12869927494932065
2193,0,0.2147206857831678
2194,1,0.5756695156695156
2195,1,0.7658805476316813
2196,1,0.5553981937602627
2197,1,0.6424929624598908
2198,0,0.11315225323846012
2199,1,0.7403750569318204
2200,0,0.661272208320718
2201,1,0.4728357482561322
2202,0,0.012273320987322976
2203,0,0.014404315209144184
2204,0,0.39543692162777977
2205,0,0.3072688353723298
2206,0,0.08300107199605954
2207,1,0.5481552605456755
2208,0,0.0015015015015015015
2209,0,0.030700114159744912
2210,0,0.011173095142617032
2211,1,0.6104404415603789
2212,1,0.5685359392317467
2213,1,0.405010910211796
2214,0,0.01529504332707994
2215,0,0.04360766045548654
2216,1,0.5768610264227643
2217,0,0.41061892331555255
2218,1,0.7001729952262078
2219,1,0.6286185945367982
2220,1,0.7289815416313968
2221,0,0.30880858500436575
2222,0,0.09164901332111912
2223,0,0.015308207615899926
2224,0,0.1867040652303544
2225,0,0.03013322073570863
2226,0,0.30140669515669516
2227,1,0.41926370113838063
2228,0,0.0051501157908480566
2229,1,0.7545922079225308
2230,0,0.020103779563852158
2231,0,0.3403187206300287
2232,0,0.2949703487490243
2233,0,0.4103311668214175
2234,1,0.27799994643141596
2235,0,0.5276717644582338
2236,1,0.7554448817920174
2237,1,0.7435746646652821
2238,0,0.04304076703145027
2239,0,0.13290669180940004
2240,1,0.3437956578809251
2241,0,0.01529504332707994
2242,0,0.045812245993405415
2243,1,0.7785088548559904
2244,0,0.35589978496955244
2245,0,0.20208007954486829
2246,0,0.07737052933421036
2247,0,0.04751290334822911
2248,0,0.2546820536780204
2249,0,0.002226139182660922
2250,0,0.3446952032615551
2251,1,0.579847705976544
2252,0,0.10140982899603589
2253,1,0.6051911365470688
2254,1,0.7059175685674238
2255,0,0.05008166566788732
2256,1,0.6608866339289959
2257,0,0.056251410516813365
2258,1,0.8271990740740741
2259,0,0.4126688904386959
2260,0,0.006980223025216614
2261,0,0.30937591644495327
2262,0,0.021318022678848917
2263,0,0.3482860709827001
2264,1,0.42846083161371507
2265,1,0.5178561303260582
2266,0,0.008080448869922553
2267,0,0.0
2268,0,0.031234498004129276
2269,0,0.49116836673504327
2270,0,0.11034342302162638
2271,0,0.0015015015015015015
2272,1,0.31191156558472904
2273,0,0.1133968336531976
2274,0,0.25097593448309236
2275,0,0.025750843131893172
2276,0,0.04871416234210788
2277,0,0.006578947368421052
2278,1,0.6629244393180611
2279,0,0.0
2280,0,0.3947606274505458
2281,0,0.02370893519961843
2282,0,0.07584045021792435
2283,0,0.7288144499967908
2284,1,0.7289815416313968
2285,0,0.05744815600329916
2286,0,0.07442019635575627
2287,0,0.05315753815432891
2288,0,0.0015015015015015015
2289,0,0.02846301904217412
2290,0,0.2872797975626336
2291,0,0.007259318845818979
2292,0,0.4269304477869372
2293,1,0.4982346616110525
2294,0,0.0015015015015015015
2295,1,0.505521188612052
2296,0,0.008080448869922553
2297,0,0.006419011300061342
2298,1,0.5879368279569892
2299,0,0.006980223025216614
2300,0,0.012273320987322976
2301,0,0.39463839380354804
2302,0,0.0
2303,0,0.5894179894179893
2304,0,0.0015015015015015015
2305,0,0.5562891837893947
2306,0,0.0
2307,1,0.3893955434563421
2308,0,0.29479775032006295
2309,0,0.019418317350648178
2310,0,0.23791868656460902
2311,0,0.07861386907174053
2312,1,0.7952724021302447
2313,0,0.04846719535513829
2314,1,0.6976415323336224
2315,1,0.6781205587855297
2316,0,0.2356392870708884
2317,0,0.25593770225213436
2318,1,0.8078289266780483
2319,1,0.696461216428145
2320,0,0.0950009181945244
2321,1,0.757771603032486
2322,0,0.0015015015015015015
2323,1,0.8541053921568628
2324,1,0.8441022566526989
2325,0,0.35098229130626996
2326,0,0.00306644672841856
2327,0,0.0312891503983458
2328,1,0.44467111337780046
2329,0,0.3280246631651062
2330,1,0.5912708075418449
2331,0,0.0
2332,1,0.4676564671005424
2333,0,0.2347400284900285
2334,0,0.1363427455148513
2335,1,0.7021873047652609
2336,0,0.1445426018192938
2337,0,0.056251410516813365
2338,1,0.6163881004940608
2339,0,0.001564945226917058
2340,0,0.4055947342107795
2341,0,0.13586430507162214
2342,0,0.0015015015015015015
2343,1,0.6567617197146793
2344,0,0.3853068280034571
2345,0,0.3874319919679358
2346,0,0.35405719759168036
2347,1,0.7288144499967908
2348,0,0.0015015015015015015
2349,0,0.0015015015015015015
2350,0,0.4737051890746529
2351,0,0.052240023353252285
2352,1,0.5833962512620167
2353,0,0.46285783932842756
2354,1,0.6710029639146949
2355,0,0.5557370215990906
2356,0,0.22196662039206036
2357,1,0.3853971754432861
2358,0,0.05671215967003113
2359,0,0.012834532712478246
2360,0,0.1179432986498204
2361,0,0.17236904983383858
2362,1,0.5932382745942069
2363,1,0.549816836124402
2364,0,0.3740909234921211
2365,1,0.7675006725854184
2366,1,0.7315282348585578
2367,0,0.11034342302162638
2368,1,0.6218994549496056
2369,1,0.29479775032006295
2370,0,0.008080448869922553
2371,0,0.2632126321017299
2372,0,0.04688949384956644
2373,0,0.6864068029635665
2374,0,0.051187837245529555
2375,0,0.07205466449713312
2376,0,0.24228664639260666
2377,1,0.3505705783238455
2378,1,0.4780107122030086
2379,0,0.047619047619047616
2380,0,0.12171229076191227
2381,1,0.6003196582666781
2382,0,0.13057379962342114
2383,0,0.22473598012397142
2384,0,0.0
2385,1,0.5033631846254417
2386,0,0.1568394620360912
2387,0,0.36545790000653183
2388,1,0.48771111517590393
2389,0,0.47815980261153035
2390,0,0.47393033029067994
2391,1,0.4851660165496918
2392,1,0.5661054754008278
2393,0,0.037195317546634035
2394,1,0.6200514485773388
2395,0,0.11932116461101967
2396,0,0.5364712591684063
2397,0,0.2529029746776974
2398,1,0.7315282348585578
2399,0,0.2290053677364062
2400,0,0.002226139182660922
2401,1,0.8716010080912588
2402,0,0.27077926014096226
2403,1,0.687062110958324
2404,0,0.2070777185625422
2405,0,0.22376788191574293
2406,0,0.07736692320025654
2407,1,0.5720130648866925
2408,1,0.7523846126723317
2409,0,0.2969558621732535
2410,1,0.6543207610482688
2411,0,0.5643652795752535
2412,0,0.07450733978828027
2413,0,0.1719462655587616
2414,0,0.006419011300061342
2415,0,0.1453315992950139
2416,1,0.8146425495262705
2417,1,0.5861533173197249
2418,0,0.24950733268306038
2419,0,0.033736147040976015
2420,0,0.003023488255872064
2421,0,0.3324268324268324
2422,1,0.4130614427005767
2423,0,0.0015015015015015015
2424,0,0.2014180873705758
2425,1,0.4927809601230087
2426,1,0.6310232354111945
2427,0,0.06481144804026552
2428,1,0.5074442456436263
2429,0,0.038081208914542246
2430,0,0.008080448869922553
2431,0,0.035895770668125056
2432,0,0.14957702704181577
2433,0,0.02744342516983669
2434,0,0.006578947368421052
2435,1,0.7849343414245921
2436,0,0.02370893519961843
2437,0,0.41347482701362726
2438,0,0.08636855529675865
2439,0,0.19058420047908467
2440,0,0.08636855529675865
2441,1,0.598648224169492
2442,1,0.3438383318348399
2443,0,0.1368996345986682
2444,0,0.43480106100795757
2445,0,0.34443575879964383
2446,0,0.10226270118285825
2447,1,0.4606111397866173
2448,0,0.3114464629621694
2449,0,0.050177868077653766
2450,0,0.37960882230545145
2451,0,0.024471595655806182
2452,1,0.5964234252245447
2453,0,0.2656626575581085
2454,1,0.619271077218097
2455,0,0.10930529497602669
2456,0,0.33727490407749344
2457,0,0.05671215967003113
2458,0,0.001564945226917058
2459,1,0.7282929137767847
2460,0,0.14109144679796856
2461,0,0.19348829708636642
2462,1,0.49692069920847765
2463,0,0.20791830075686027
2464,1,0.7627011525217261
2465,0,0.0015015015015015015
2466,1,0.4130614427005767
2467,0,0.5937000123046635
2468,0,0.6358160274251399
2469,0,0.06887045813586098
2470,0,0.4423766399628469
2471,0,0.04454060970755752
2472,0,0.004917509798559839
2473,0,0.028747964940433555
2474,0,0.09766938496613294
2475,0,0.31843012576957536
2476,0,0.10020905084457127
2477,0,0.027354961477768492
2478,0,0.4915548513634769
2479,0,0.01998521077468446
2480,0,0.04059941626098327
2481,0,0.17760782109889903
2482,0,0.002226139182660922
2483,0,0.002226139182660922
2484,1,0.3921383409109885
2485,0,0.006419011300061342
2486,0,0.0015015015015015015
2487,1,0.4274274583499591
2488,1,0.5334119722895978
2489,0,0.028181071516397278
2490,1,0.7090898915903291
2491,1,0.39136224064871
2492,0,0.0545060366488938
2493,0,0.032904699697663777
2494,0,0.21339536550749494
2495,0,0.19731317035553234
2496,0,0.03164557932673875
2497,0,0.0015015015015015015
2498,0,0.002226139182660922
2499,0,0.1554141682457432
2500,0,0.006578947368421052
2501,0,0.03442383858467888
2502,1,0.5146928691822531
2503,0,0.3070603718118878
2504,1,0.6587406846027536
2505,1,0.6403067183325696
2506,0,0.47393033029067994
2507,0,0.16726630772568907
2508,1,0.6937071752721401
2509,0,0.22376788191574293
2510,0,0.12869927494932065
2511,0,0.3770771767358312
2512,0,0.4423766399628469
2513,1,0.5526020130419171
2514,1,0.6414998621450234
2515,0,0.2165471956252892
2516,0,0.24725689117543823
2517,0,0.029440993788819873
2518,1,0.827900611265862
2519,0,0.38015827752716236
2520,1,0.7057176281194811
2521,0,0.19617931610551534
2522,0,0.14286241321492563
2523,0,0.10020905084457127
2524,0,0.12219381378228562
2525,1,0.7508743610438526
2526,1,0.7435075136612022
2527,0,0.0015015015015015015
2528,1,0.40764827284915867
2529,1,0.38678999462883007
2530,0,0.11476648166547203
2531,0,0.23055318013253032
2532,0,0.2434334976149504
2533,0,0.0015015015015015015
2534,1,0.7960439684458214
2535,0,0.3617039208690751
2536,0,0.0015015015015015015
2537,0,0.37787010131687376
2538,0,0.32845518056968936
2539,0,0.13647009043350505
2540,1,0.4848203363114356
2541,0,0.0
2542,0,0.09164901332111912
2543,0,0.24077538283931935
2544,0,0.5366378654120082
2545,0,0.002226139182660922
2546,0,0.0
2547,1,0.5795077260656024
2548,0,0.04510324061397581
2549,1,0.35530540071264133
2550,0,0.0
2551,0,0.02846301904217412
2552,0,0.405010910211796
2553,1,0.7449208293634589
2554,1,0.4606111397866173
2555,0,0.04213441168075499
2556,0,0.007820530570974251
2557,0,0.3403187206300287
2558,1,0.5607886229582578
2559,0,0.039317042606516285
2560,0,0.2752053383810661
2561,0,0.1950290502256794
2562,0,0.2752053383810661
2563,0,0.007259318845818979
2564,0,0.3403187206300287
2565,1,0.3718963731139451
2566,0,0.20768568676378033
2567,1,0.6866435746143531
2568,0,0.10650663416251742
2569,0,0.3299462042217807
2570,1,0.3299462042217807
2571,0,0.2120267544226769
2572,1,0.8566587812005024
2573,1,0.7166659225775248
2574,0,0.006419011300061342
2575,0,0.282769409571999
2576,0,0.1438320636690202
2577,1,0.5707880813143972
2578,0,0.008080448869922553
2579,1,0.5827409432672591
2580,0,0.0007246376811594203
2581,0,0.0015015015015015015
2582,0,0.11238340710635435
2583,1,0.667392559424099
2584,0,0.014130901087422827
2585,0,0.0801539528673675
2586,1,0.5476169763251103
2587,0,0.049823633156966494
2588,0,0.39336543606206514
2589,0,0.03423548368603314
2590,0,0.3457381453967998
2591,1,0.7532258306008474
2592,1,0.6543207610482688
2593,0,0.0361177156435176
2594,1,0.8441022566526989
2595,1,0.5691186898144972
2596,1,0.5827409432672591
2597,0,0.006419011300061342
2598,1,0.4915548513634769
2599,0,0.0015015015015015015
2600,0,0.0324744062057352
2601,0,0.15148558391178316
2602,0,0.5290787782297725
2603,0,0.0
2604,0,0.38797387178390963
2605,0,0.017027404829878665
2606,0,0.0015015015015015015
2607,1,0.8441022566526989
2608,1,0.5485907273648701
2609,0,0.24147607535252247
2610,1,0.4495305048869261
2611,0,0.2615960779928655
2612,0,0.6733972433641718
2613,0,0.19775478986803555
2614,1,0.5755923554670258
2615,0,0.07216239668416348
2616,0,0.4760547362242278
2617,1,0.8559147335814549
2618,0,0.045812245993405415
2619,0,0.0015015015015015015
2620,0,0.4552112271833353
2621,1,0.20114306640530244
2622,1,0.6190364865993154
2623,0,0.0062555853440571935
2624,1,0.7185983487741855
2625,0,0.15449074074074073
2626,0,0.0
2627,1,0.4606111397866173
2628,0,0.015308207615899926
2629,1,0.3078173683939169
2630,1,0.4915548513634769
2631,0,0.002226139182660922
2632,1,0.7145650691730744
2633,0,0.017175794171099334
2634,1,0.7148577383890861
2635,1,0.47426900584795323
2636,0,0.019501079733300345
2637,0,0.012371066718892806
2638,0,0.5064151633937469
2639,1,0.5580857718512694
2640,0,0.5309106984969053
2641,1,0.7940010643686563
2642,0,0.01797422223087943
2643,0,0.02218979631260333
2644,1,0.48552964710105023
2645,1,0.6393024637675929
2646,1,0.4372498748869947
2647,1,0.22151540500150788
2648,0,0.17606807146686307
2649,1,0.6383475595340001
2650,1,0.5265845464725644
2651,0,0.40153091952192405
2652,0,0.0015015015015015015
2653,0,0.3188124709698785
2654,0,0.3485093360217422
2655,1,0.5678512368409181
2656,0,0.002226139182660922
2657,1,0.9035337812005024
2658,0,0.14742088930097105
2659,1,0.4885526315789474
2660,0,0.008080448869922553
2661,0,0.2506989752701759
2662,1,0.7528261364903454
2663,1,0.3928972390880972
2664,0,0.019418317350648178
2665,0,0.38061108480804223
2666,0,0.10743601411069285
2667,0,0.38002750761371457
2668,0,0.17531275865625506
2669,0,0.0015015015015015015
2670,0,0.39343550446998726
2671,0,0.005694373618901921
2672,0,0.0015015015015015015
2673,0,0.05263552773735386
2674,1,0.588511699271193
2675,0,0.2764015730888683
2676,0,0.008080448869922553
2677,1,0.6592239791909077
2678,0,0.3207943859952718
2679,0,0.0
2680,1,0.6134409484293257
2681,0,0.3885118149824032
2682,1,0.5861146542311657
2683,0,0.19999841367461293
2684,0,0.0
2685,0,0.16464217143564971
2686,0,0.11706336493942691
2687,0,0.6289199501063908
2688,0,0.3437956578809251
2689,0,0.1640310966925146
2690,0,0.5606055762664552
2691,0,0.03135788850074565
2692,0,0.26392017017017017
2693,0,0.2330609651192964
2694,1,0.5773990349806425
2695,0,0.34977250499638557
2696,0,0.3742261595563559
2697,0,0.013245614035087718
2698,0,0.1194396671530818
2699,0,0.5837371983864528
2700,0,0.11430573251225425
2701,1,0.7468737953897157
2702,1,0.8345639710542218
2703,1,0.46258107167285517
2704,0,0.002226139182660922
2705,0,0.011173095142617032
2706,1,0.5804724990771503
2707,0,0.3733223379033089
2708,0,0.049823633156966494
2709,0,0.4309709983174135
2710,0,0.06144749329910304
2711,0,0.035895770668125056
2712,1,0.37325319356450165
2713,0,0.001564945226917058
2714,0,0.0007246376811594203
2715,0,0.002226139182660922
2716,0,0.03406982175098117
2717,0,0.22686172528716528
2718,1,0.4947476573153767
2719,0,0.3613896535041623
2720,1,0.5987663375468254
2721,0,0.38214955558216906
2722,0,0.2162148962148962
2723,1,0.7798449612403101
2724,0,0.0
2725,1,0.46778758967193146
2726,0,0.03875014918248001
2727,0,0.10650663416251742
2728,1,0.6998277347114557
2729,0,0.030700114159744912
2730,1,0.531223939170959
2731,0,0.002226139182660922
2732,0,0.731000652374624
2733,0,0.012121321169303118
2734,0,0.0015015015015015015
2735,0,0.05437228351685758
2736,0,0.5827409432672591
2737,1,0.5366378654120082
2738,0,0.006666666666666667
2739,0,0.3485093360217422
2740,0,0.166624086461043
2741,1,0.7464692915225041
2742,1,0.6285932455609363
2743,1,0.6503004214868621
2744,0,0.028181071516397278
2745,0,0.05983764456670861
2746,1,0.24147607535252247
2747,0,0.6246170110053958
2748,0,0.0015015015015015015
2749,1,0.590094325549407
2750,0,0.006980223025216614
2751,0,0.006980223025216614
2752,1,0.5634510393951402
2753,0,0.21117632367632366
2754,1,0.5880173844600723
2755,0,0.04450898627438912
2756,0,0.2734349222377865
2757,0,0.42304140684694386
2758,0,0.006980223025216614
2759,0,0.5407948260889438
2760,1,0.6917443043941597
2761,0,0.012013402688374671
2762,0,0.047619047619047616
2763,1,0.369032620724788
2764,0,0.15148558391178316
2765,0,0.0015015015015015015
2766,1,0.6653653979844717
2767,0,0.34354644937873974
2768,0,0.2014180873705758
2769,0,0.3528039897965903
2770,0,0.23791868656460902
2771,0,0.21038732620060352
2772,0,0.376730130815398
2773,0,0.5276717644582338
2774,0,0.003023488255872064
2775,0,0.0922066355419613
2776,0,0.1040971623259798
2777,1,0.6075928977126172
2778,0,0.059260120491449485
2779,0,0.0801539528673675
2780,0,0.05884441983363642
2781,1,0.4552112271833353
2782,0,0.12502913752913752
2783,1,0.5294361574383308
2784,0,0.020062291458455617
2785,0,0.09553712480252764
2786,1,0.668092525168682
2787,0,0.11868784706071801
2788,0,0.40424625761371447
2789,0,0.5508428694475206
2790,0,0.0015015015015015015
2791,0,0.30933897777044733
2792,0,0.6503004214868621
2793,0,0.11995344151760913
2794,0,0.04858842894731822
2795,0,0.04705215419501133
2796,0,0.32845518056968936
2797,0,0.23042535071484135
2798,0,0.03350204878298925
2799,0,0.19761464169358903
2800,1,0.764871050782653
2801,0,0.34335886335886334
2802,1,0.5245976709279551
2803,1,0.39794164719576175
2804,1,0.5331975933670849
2805,0,0.027720322363179506
2806,0,0.0015015015015015015
2807,1,0.008080448869922553
2808,0,0.20026528197933977
2809,0,0.07614256570380644
2810,1,0.6866435746143531
2811,0,0.19346163096163096
2812,0,0.44298661871382033
2813,0,0.021036075153072074
2814,0,0.011584176465226506
2815,0,0.15024130647692543
2816,1,0.3546925319178728
2817,0,0.11545927959279594
2818,0,0.1939105780165383
2819,1,0.7293091836673877
2820,0,0.5130859877580566
2821,0,0.6976415323336224
2822,0,0.10468186748148901
2823,0,0.0
2824,0,0.08154408196876071
2825,1,0.42304140684694386
2826,1,0.735481081136569
2827,1,0.4522053205707373
2828,0,0.2202153891859774
2829,0,0.4421726136433856
2830,1,0.696461216428145
2831,1,0.3951286261631089
2832,0,0.019618754724369965
2833,0,0.5257050672658657
2834,0,0.29445609411474855
2835,0,0.3356093770727917
2836,0,0.3720764372773231
2837,1,0.37679927515420525
2838,0,0.6123426382047071
2839,0,0.006980223025216614
2840,0,0.2267178951493647
2841,0,0.34272956638521324
2842,0,0.049717118924436
2843,0,0.14858251953053178
2844,1,0.46326967814505204
2845,1,0.6200514485773388
2846,0,0.002226139182660922
2847,1,0.5157295355512037
2848,0,0.36288067715625366
2849,1,0.8214801563638773
2850,0,0.2487170159616806
2851,0,0.0015015015015015015
2852,0,0.4704560787159024
2853,0,0.019418317350648178
2854,0,0.15557336182336182
2855,0,0.0843794057156126
2856,0,0.0015015015015015015
2857,0,0.2510090399796282
2858,0,0.405010910211796
2859,1,0.5612700213380872
2860,0,0.44565767575183624
2861,0,0.06202123681798479
2862,1,0.42304140684694386
2863,0,0.002226139182660922
2864,0,0.4915548513634769
2865,0,0.3381339310506117
2866,1,0.7554448817920174
2867,0,0.17038713480844528
2868,1,0.49770180392113406
2869,0,0.20114306640530244
2870,0,0.032904699697663777
2871,0,0.18056890613828105
2872,0,0.08138150617825414
2873,1,0.7991743240029893
2874,0,0.012834532712478246
2875,0,0.14741835094464015
2876,0,0.3078173683939169
2877,0,0.0062555853440571935
2878,0,0.0062555853440571935
2879,0,0.047369273109923914
2880,0,0.41631846776455506
2881,1,0.6952472528841455
2882,0,0.3016409470451166
2883,0,0.2584419712676547
2884,1,0.5439296966950847
2885,0,0.15255228558546766
2886,0,0.33889275584066486
2887,1,0.4420925195884455
2888,0,0.001564945226917058
2889,1,0.4606111397866173
2890,1,0.5528201996857205
2891,1,0.7315282348585578
2892,0,0.55519978106185
2893,0,0.0
2894,0,0.3543944566462949
2895,0,0.33889275584066486
2896,1,0.4972109153530319
2897,0,0.021036075153072074
2898,0,0.2816323568605578
2899,0,0.26756237116044046
2900,0,0.02507317769686585
2901,1,0.6571449771119057
2902,0,0.04794940550428203
2903,1,0.7185983487741855
2904,0,0.2752053383810661
2905,0,0.02370893519961843
2906,0,0.19519925420773196
2907,1,0.593795983164242
2908,1,0.44066592791974085
2909,1,0.5346182033248904
2910,0,0.007259318845818979
2911,0,0.25801969033748284
2912,0,0.2007216804466115
2913,0,0.002226139182660922
2914,0,0.0015015015015015015
2915,0,0.19348829708636642
2916,0,0.29758367789498597
2917,0,0.04304076703145027
2918,0,0.07048032984353016
2919,0,0.6393024637675929
2920,0,0.0
2921,1,0.6955015268968757
2922,0,0.11025114694274905
2923,0,0.09154314363359056
2924,1,0.8424674640447086
2925,0,0.30941291129350457
2926,0,0.25197119236585747
2927,1,0.5562563349760582
2928,0,0.02417240119320387
2929,0,0.0015015015015015015
2930,0,0.2147206857831678
2931,0,0.07453159945340464
2932,1,0.7627011525217261
2933,0,0.2751131057618205
2934,1,0.5652739999371885
2935,0,0.4241624388683212
2936,0,0.002226139182660922
2937,1,0.6341636491533449
2938,0,0.251076464835576
2939,0,0.0
2940,1,0.7363530778164925
2941,1,0.12401931711624808
2942,1,0.4552112271833353
2943,0,0.06758252818035428
2944,1,0.572765411552597
2945,0,0.45744913912876645
2946,1,0.45217201656493594
2947,0,0.6733972433641718
2948,0,0.6543207610482688
2949,0,0.05437228351685758
2950,1,0.6153996249707095
2951,1,0.6202908031908159
2952,0,0.18909158655637529
2953,0,0.10650663416251742
2954,0,0.08303712480252766
2955,0,0.36294586014346253
2956,0,0.11867908514249977
2957,0,0.2752053383810661
2958,0,0.5078417550624515
2959,0,0.05884441983363642
2960,1,0.18075045136643766
2961,0,0.5115000632303534
2962,0,0.35214868180183273
2963,0,0.006999036233591417
2964,0,0.3076920173529998
2965,0,0.28924468798607245
2966,0,0.3349292712352014
2967,1,0.6976415323336224
2968,0,0.4751564390502117
2969,1,0.7288144499967908
2970,0,0.37589055620186423
2971,0,0.003023488255872064
2972,0,0.2656626575581085
2973,0,0.012371066718892806
2974,0,0.38015827752716236
2975,1,0.7288144499967908
2976,0,0.22529848945853326
2977,1,0.7251959088824941
2978,0,0.02370893519961843
2979,1,0.627349601814731
2980,1,0.6871179858984737
2981,0,0.32136445822032805
2982,0,0.0007246376811594203
2983,0,0.1570641103236429
2984,0,0.35810000876299125
2985,1,0.7229245565887653
2986,1,0.4269304477869372
2987,0,0.07140970979170562
2988,0,0.2579196615606297
2989,0,0.049823633156966494
2990,0,0.04185081414168559
2991,0,0.006419011300061342
2992,0,0.002226139182660922
2993,0,0.26798465209061234
2994,1,0.8559147335814549
2995,1,0.6204897797965835
2996,0,0.22507640507640506
2997,1,0.8353080186732694
2998,0,0.37165775196906004
2999,0,0.014404315209144184
3000,1,0.7212116950091634
3001,0,0.18762914179762716
3002,0,0.13283159929501392
3003,0,0.07185194785483617
3004,0,0.0015015015015015015
3005,1,0.4728357482561322
3006,1,0.3612852355608121
3007,1,0.7175045023882234
3008,0,0.5903441265520161
3009,0,0.017133914685121793
3010,1,0.8566587812005024
3011,0,0.08910934744268077
3012,0,0.002226139182660922
3013,0,0.2840477443464149
3014,1,0.8072351421188632
3015,0,0.33445503273418015
3016,1,0.682173976140347
3017,0,0.525666178584001
3018,1,0.8227514941254658
3019,0,0.010448457461457611
3020,1,0.5714433893091547
3021,0,0.1464771176919064
3022,1,0.3946845813246611
3023,0,0.02846301904217412
3024,0,0.3664888428673323
3025,1,0.48600558477823236
3026,1,0.7554448817920174
3027,0,0.0
3028,1,0.6510966407296833
3029,0,0.4030433443606632
3030,0,0.0015015015015015015
3031,1,0.8146425495262705
3032,1,0.7901540750377959
3033,0,0.026943880155159017
3034,0,0.2599015765860229
3035,0,0.0036486142893465546
3036,1,0.7338549560990263
3037,1,0.5491957931588614
3038,1,0.7249239075791021
3039,0,0.027007724940055766
3040,1,0.8078289266780483
3041,0,0.4252727939219556
3042,1,0.505521188612052
3043,1,0.6064930731393264
3044,0,0.2941749102605542
3045,1,0.696461216428145
3046,0,0.175616945126142
3047,0,0.07282146865480199
3048,0,0.14835339497290384
3049,0,0.058777244834937147
3050,0,0.38706311735993576
3051,0,0.5958622334299067
3052,1,0.6866435746143531
3053,0,0.03442383858467888
3054,0,0.16726630772568907
3055,0,0.0015015015015015015
3056,0,0.5747354497354497
3057,0,0.10069514661274015
3058,0,0.16830546893818996
3059,0,0.5585760453625147
3060,0,0.1710230352303523
3061,1,0.7554448817920174
3062,1,0.6385429334797861
3063,0,0.0015015015015015015
3064,1,0.5347348422193274
3065,0,0.19999841367461293
3066,1,0.6193961405825812
3067,0,0.5057598553989894
3068,0,0.16888498129640817
3069,0,0.02417240119320387
3070,0,0.6569792314443607
3071,0,0.04506766352638333
3072,0,0.033782738837615366
3073,0,0.17259113421596675
3074,0,0.0007246376811594203
3075,0,0.042332843603261026
3076,1,0.6432807755687658
3077,1,0.6976415323336224
3078,1,0.6568690129889504
3079,0,0.03843522574823996
3080,0,0.019158399051699877
3081,0,0.0015015015015015015
3082,1,0.560812549599735
3083,1,0.5290787782297725
3084,1,0.8740289548022598
3085,0,0.0007246376811594203
3086,1,0.45853719629289474
3087,0,0.0015015015015015015
3088,0,0.16782519661890136
3089,1,0.7062452106034147
3090,0,0.20309476447583863
3091,1,0.5958622334299067
3092,1,0.512926654899058
3093,0,0.5514981774422782
3094,0,0.2656626575581085
3095,1,0.7177764526601735
3096,1,0.7425941081229904
3097,0,0.14749536117156045
3098,1,0.6567617197146793
3099,0,0.028747964940433555
3100,0,0.1795897361242923
3101,0,0.07001958069031239
3102,0,0.037195317546634035
3103,0,0.0373803278381993
3104,1,0.6866435746143531
3105,0,0.006980223025216614
3106,0,0.0468817951775841
3107,0,0.041206704710195115
3108,0,0.06147969953917363
3109,1,0.8559147335814549
3110,0,0.014404315209144184
3111,0,0.02744342516983669
3112,0,0.13278133903133904
3113,0,0.0652721971934833
3114,0,0.008080448869922553
3115,0,0.037195317546634035
3116,0,0.021136537725009574
3117,0,0.01400841888946893
3118,1,0.5827409432672591
3119,0,0.02511921859420464
3120,0,0.217744238214455
3121,1,0.405010910211796
3122,1,0.6976415323336224
3123,0,0.5565830772788846
3124,0,0.4050800545506033
3125,1,0.5713433078549358
3126,0,0.28951711738974906
3127,1,0.6329402896677974
3128,1,0.42924736777821826
3129,1,0.8129293389895306
3130,1,0.37942015013931013
3131,0,0.0286175736724502
3132,0,0.025686112018240916
3133,0,0.6082731194988279
3134,0,0.019418317350648178
3135,1,0.7952724021302447
3136,0,0.45216502816116
3137,0,0.002226139182660922
3138,0,0.16726630772568907
3139,1,0.7301618575368743
3140,0,0.13026190952612357
3141,0,0.3075013784620605
3142,1,0.4576139765421799
3143,0,0.007259318845818979
3144,0,0.0007246376811594203
3145,0,0.021318022678848917
3146,1,0.30434043114302056
3147,0,0.058383670680418644
3148,0,0.14611693647289675
3149,0,0.33609814779031505
3150,0,0.038579790165052766
3151,1,0.35695033158946554
3152,0,0.3517978563460886
3153,0,0.026943880155159017
3154,0,0.031234498004129276
3155,1,0.3900439675087562
3156,1,0.3755570783709781
3157,0,0.19587142954762882
3158,0,0.16830546893818996
3159,1,0.6733972433641718
3160,0,0.006419011300061342
3161,0,0.05617908514249977
3162,0,0.09766938496613294
3163,1,0.6864189499187644
3164,0,0.0015015015015015015
3165,0,0.01998521077468446
3166,0,0.2752053383810661
3167,0,0.3004421556387848
3168,1,0.6976415323336224
3169,1,0.667914963712018
3170,0,0.49770180392113406
3171,0,0.4654406130268199
3172,0,0.09396232665099598
3173,1,0.7935329015189199
3174,0,0.029414922745661345
3175,0,0.039332477057510654
3176,1,0.5861146542311657
3177,0,0.04343474000783517
3178,1,0.6571449771119057
3179,0,0.07707126533184298
3180,0,0.3403187206300287
3181,0,0.5106730471632978
3182,1,0.8132180481017691
3183,0,0.05501971593925617
3184,1,0.6976415323336224
3185,0,0.11426478841687238
3186,0,0.06068127147939354
3187,0,0.3463784315793174
3188,0,0.0015015015015015015
3189,0,0.5439390902600425
3190,0,0.026591150677650815
3191,0,0.0436230949064809
3192,0,0.008080448869922553
3193,0,0.27822486155819487
3194,0,0.0015015015015015015
3195,0,0.5207986257984437
3196,1,0.8441022566526989
3197,0,0.00306644672841856
3198,0,0.07404659063506248
3199,1,0.18413434879778245
3200,1,0.6203923957017748
3201,0,0.02417240119320387
3202,0,0.1368996345986682
3203,0,0.2165471956252892
3204,0,0.0015015015015015015
3205,0,0.06343773605036174
3206,1,0.6900622697218072
3207,1,0.3037137330754352
3208,1,0.8559147335814549
3209,1,0.18868598025574768
3210,0,0.006419011300061342
3211,0,0.43985656744277435
3212,0,0.2591231432291035
3213,1,0.6398917369402466
3214,1,0.5283270724529915
3215,0,0.0015015015015015015
3216,0,0.002226139182660922
3217,0,0.17760782109889903
3218,0,0.3547859048219835
3219,0,0.38468120115178933
3220,1,0.5700671696049201
3221,0,0.0801539528673675
3222,0,0.09745550745550746
3223,1,0.7882676747579255
3224,1,0.5376414446104483
3225,0,0.3247316088375691
3226,0,0.25857461020751643
3227,0,0.5305307394728787
3228,0,0.046560235803488025
3229,1,0.3223549710062004
3230,0,0.5010091185953255
3231,0,0.26845726560845834
3232,0,0.08379470056010341
3233,1,0.7554448817920174
3234,0,0.2239232870990148
3235,0,0.5257050672658657
3236,0,0.08077932513093487
3237,0,0.2561184000369471
3238,1,0.6325174307452288
3239,0,0.5498065573312908
3240,0,0.0022988505747126436
3241,0,0.15359144679796854
3242,0,0.06844901417783165
3243,0,0.04484427084776125
3244,1,0.7116898272187094
3245,0,0.2876165266124933
3246,0,0.383819449845739
3247,0,0.46203773145532195
3248,1,0.6337721911116407
3249,0,0.35695033158946554
3250,0,0.3413801625928539
3251,0,0.2876165266124933
3252,1,0.8716010080912588
3253,0,0.017027404829878665
3254,0,0.011173095142617032
3255,0,0.0007246376811594203
3256,1,0.827900611265862
3257,0,0.41226291487634503
3258,0,0.2506989752701759
3259,0,0.1341536892933032
3260,0,0.34447195205815895
3261,1,0.5707880813143972
3262,0,0.0015015015015015015
3263,1,0.39776402522881393
3264,0,0.2546820536780204
3265,1,0.8129293389895306
3266,0,0.002226139182660922
3267,1,0.6289199501063908
3268,0,0.36309629068249755
3269,0,0.0015015015015015015
3270,1,0.7745351503067402
3271,0,0.33609814779031505
3272,0,0.13779448591387486
3273,0,0.28164112310453776
3274,0,0.06600819352675132
3275,0,0.6820009216339642
3276,1,0.5432837822652848
3277,0,0.0015015015015015015
3278,0,0.37596547821731646
3279,1,0.5161056986773463
3280,1,0.5146928691822531
3281,0,0.0015015015015015015
3282,0,0.013070670060534117
3283,0,0.0
3284,1,0.8559147335814549
3285,0,0.09338220847588231
3286,0,0.2669537927350427
3287,0,0.03406982175098117
3288,0,0.035895770668125056
3289,1,0.347506293311191
3290,0,0.2599015765860229
3291,0,0.013564007663386548
3292,1,0.5833962512620167
3293,1,0.40764827284915867
3294,0,0.20019812472642662
3295,0,0.012902813707642681
3296,1,0.3167516193744478
3297,0,0.25585298791131916
3298,0,0.0015015015015015015
3299,0,0.4260800516013194
3300,0,0.11545927959279594
3301,0,0.33374558439429913
3302,0,0.6393024637675929
3303,0,0.11034342302162638
3304,0,0.5627957314003825
3305,0,0.056251410516813365
3306,1,0.5890221043085738
3307,0,0.014404315209144184
3308,0,0.10468186748148901
3309,1,0.67128302386098
3310,0,0.2756743650360671
3311,1,0.6757861099585818
3312,1,0.37165775196906004
3313,0,0.0062555853440571935
3314,0,0.5171561272199083
3315,1,0.5408673377328586
3316,0,0.0015015015015015015
3317,0,0.09316645705140285
3318,0,0.0015015015015015015
3319,0,0.2506989752701759
3320,0,0.42304140684694386
3321,0,0.339744605770895
3322,0,0.0015015015015015015
3323,0,0.5774477460523973
3324,0,0.36976115671767845
3325,0,0.019418317350648178
3326,0,0.2529029746776974
3327,0,0.36076450578169617
3328,1,0.270611168114477
3329,0,0.23375509641815326
3330,1,0.560523887565245
3331,1,0.7301618575368743
3332,0,0.3441181008025471
3333,1,0.58492748163519
3334,0,0.006980223025216614
3335,0,0.08598745778098175
3336,0,0.1867040652303544
3337,0,0.006980223025216614
3338,0,0.12627907548378872
3339,1,0.5788144851645157
3340,1,0.7062452106034147
3341,1,0.5179187623046635
3342,0,0.008080448869922553
3343,0,0.04775362565341134
3344,0,0.3717698974121794
3345,0,0.05284261472008885
3346,1,0.6386456474467671
3347,0,0.00306644672841856
3348,1,0.6269263482052359
3349,0,0.22179879152307577
3350,0,0.011173095142617032
3351,0,0.5636786661301472
3352,0,0.4605098629245519
3353,0,0.5759170215630302
3354,0,0.4474378148235833
3355,1,0.41638616751500557
3356,1,0.8566587812005024
3357,1,0.5230664405547817
3358,0,0.19058420047908467
3359,0,0.013564007663386548
3360,0,0.3437956578809251
3361,0,0.2622461248689533
3362,0,0.3009191250250853
3363,0,0.011173095142617032
3364,1,0.5890221043085738
3365,1,0.7672573587207734
3366,0,0.2984144668923461
3367,0,0.405423013900893
3368,1,0.47393033029067994
3369,0,0.3366620352827249
3370,1,0.7218568562994859
3371,0,0.06758252818035428
3372,0,0.0
3373,1,0.677815271648972
3374,1,0.6747642750733713
3375,1,0.5485907273648701
3376,0,0.3620725513118103
3377,0,0.01823218422408706
3378,0,0.007259318845818979
3379,0,0.006578947368421052
3380,0,0.002226139182660922
3381,0,0.3771576227390181
3382,0,0.0015015015015015015
3383,0,0.21971929324103914
3384,0,0.3947606274505458
3385,0,0.03899087148766224
3386,0,0.002226139182660922
3387,0,0.4728357482561322
3388,0,0.04370016020060388
3389,0,0.13049039179076297
3390,0,0.412380754701316
3391,0,0.18336351418863095
3392,0,0.33609814779031505
3393,0,0.008080448869922553
3394,0,0.42263543128459297
3395,1,0.4372498748869947
3396,0,0.008080448869922553
3397,0,0.06144749329910304
3398,0,0.0062555853440571935
3399,0,0.29856614547974925
3400,1,0.6992575766325935
3401,0,0.22194137207362152
3402,0,0.008080448869922553
3403,0,0.06573461932431662
3404,0,0.3177699865818292
3405,0,0.44796551204196966
3406,1,0.659446673408488
3407,0,0.03617503486750349
3408,0,0.27177298174116843
3409,0,0.002226139182660922
3410,1,0.4728357482561322
3411,0,0.18052892472052684
3412,1,0.6310232354111945
3413,1,0.4304112513364638
3414,0,0.0015015015015015015
3415,0,0.10178338549817423
3416,0,0.37325319356450165
3417,0,0.17158658768465704
3418,0,0.44066592791974085
3419,1,0.7666539987997373
3420,0,0.0015015015015015015
3421,1,0.525598086124402
3422,0,0.25819662077354605
3423,0,0.03140015993918124
3424,1,0.5833050914976021
3425,0,0.013564007663386548
3426,1,0.7427022841656988
3427,0,0.0015015015015015015
3428,1,0.3575920207356698
3429,1,0.7447148806264828
3430,0,0.3233100030225087
3431,0,0.0
3432,0,0.0015015015015015015
3433,0,0.037006962647988285
3434,0,0.07724162434927022
3435,0,0.3130008453841721
3436,0,0.2067429138608535
3437,0,0.01529504332707994
3438,0,0.6200514485773388
3439,0,0.08061470202058528
3440,1,0.2891612932180883
3441,0,0.08720563750889809
3442,1,0.4916763986021809
3443,0,0.06023809523809523
3444,1,0.7613347752000427
3445,0,0.10834259007278164
3446,0,0.0015015015015015015
3447,0,0.0804924189959094
3448,0,0.00306644672841856
3449,1,0.6282879584243785
3450,0,0.1194396671530818
3451,0,0.10069514661274015
3452,0,0.21782107301770218
3453,0,0.0015015015015015015
3454,0,0.007259318845818979
3455,1,0.8441022566526989
3456,1,0.42304140684694386
3457,0,0.21520784439229076
3458,1,0.6051911365470688
3459,0,0.1635075409723297
3460,0,0.01400841888946893
3461,0,0.03013322073570863
3462,1,0.8153440867180585
3463,0,0.00306644672841856
3464,1,0.6074432786297193
3465,0,0.6733972433641718
3466,1,0.434534763896466
3467,0,0.008877797943133696
3468,1,0.5102388536939761
3469,1,0.46257783697898525
3470,0,0.48036745862832825
3471,0,0.14345604145401225
3472,0,0.1631955001520219
3473,0,0.00306644672841856
3474,0,0.4574810885155713
3475,0,0.17740610193440384
3476,0,0.00306644672841856
3477,1,0.7785088548559904
3478,0,0.12869927494932065
3479,0,0.15867327117327115
3480,0,0.2043001545429407
3481,0,0.0521676979789387
3482,0,0.09164901332111912
3483,0,0.0952064411361308
3484,0,0.33582502505920936
3485,1,0.827900611265862
3486,0,0.5134667604227213
3487,0,0.17430440606317935
3488,1,0.33609814779031505
3489,1,0.6684096973826151
3490,0,0.009904199633403749
3491,1,0.7554448817920174
3492,1,0.6032300170350213
3493,0,0.0015015015015015015
3494,1,0.4751564390502117
3495,0,0.32222463630990344
3496,0,0.42263543128459297
3497,1,0.5827409432672591
3498,0,0.0554722417035707
3499,0,0.3248399795714374
3500,1,0.552384732866526
3501,0,0.1341536892933032
3502,0,0.11476648166547203
3503,0,0.3233100030225087
3504,0,0.06486692320025654
3505,0,0.2941749102605542
3506,0,0.02417240119320387
3507,1,0.5637451662977285
3508,0,0.0062555853440571935
3509,1,0.47393033029067994
3510,1,0.6051911365470688
3511,0,0.002226139182660922
3512,1,0.4420925195884455
3513,1,0.5115000632303534
3514,0,0.003023488255872064
3515,0,0.0
3516,0,0.001997710082045301
3517,0,0.4957843236843273
3518,1,0.8559147335814549
3519,0,0.18056890613828105
3520,0,0.02370893519961843
3521,0,0.08000741017756724
3522,0,0.37589055620186423
3523,0,0.3246915787591632
3524,0,0.18868598025574768
3525,0,0.0015015015015015015
3526,0,0.08761671883150757
3527,0,0.04787708012996845
3528,0,0.5449463808378291
3529,1,0.4660305645533884
3530,1,0.4126688904386959
3531,0,0.11086103254832778
3532,0,0.00306644672841856
3533,0,0.038895974901457735
3534,0,0.0062555853440571935
3535,1,0.5123131996420233
3536,1,0.3393258105166686
3537,0,0.20019812472642662
3538,0,0.5227325608450836
3539,0,0.05008166566788732
3540,1,0.6364663857161982
3541,1,0.5282375145180023
3542,0,0.058965599733582896
3543,0,0.03442383858467888
3544,0,0.2872797975626336
3545,0,0.074351547771088
3546,0,0.3039629415776205
3547,0,0.1649402422480071
3548,0,0.0015015015015015015
3549,1,0.6285932455609363
3550,0,0.052240023353252285
3551,1,0.49160447407979585
3552,0,0.03013322073570863
3553,0,0.44298661871382033
3554,0,0.017027404829878665
3555,0,0.27077926014096226
3556,0,0.0015015015015015015
3557,0,0.19640140048764357
3558,1,0.5989241882924472
3559,0,0.0015015015015015015
3560,0,0.04213441168075499
3561,0,0.42304140684694386
3562,1,0.6916164937448793
3563,0,0.0
3564,0,0.5974677469150572
3565,0,0.002226139182660922
3566,0,0.44796551204196966
3567,1,0.46778758967193146
3568,0,0.035876623376623375
3569,0,0.0015015015015015015
3570,0,0.04166745386341288
3571,0,0.32080525151177325
3572,1,0.6094206088679192
3573,0,0.4899027409372237
3574,1,0.7843081649533262
3575,0,0.0015015015015015015
3576,0,0.008056667919030121
3577,0,0.002226139182660922
3578,0,0.0652721971934833
3579,0,0.44751194435521663
3580,1,0.8188192323975558
3581,0,0.21098215116471442
3582,1,0.6401474968750046
3583,0,0.08633786848072562
3584,0,0.4130614427005767
3585,0,0.1341536892933032
3586,0,0.0015015015015015015
3587,0,0.11326657129975337
3588,0,0.0007246376811594203
3589,0,0.001564945226917058
3590,0,0.001564945226917058
3591,0,0.0015015015015015015
3592,0,0.1635075409723297
3593,0,0.47615838545373784
3594,1,0.40748224648308257
3595,1,0.768001406339821
3596,0,0.0022988505747126436
3597,1,0.855387443438914
3598,0,0.080140106332585
3599,0,0.333280843450335
3600,1,0.6926755836792421
3601,0,0.0036486142893465546
3602,0,0.19640140048764357
3603,0,0.631223939170959
3604,0,0.3912076440737648
3605,1,0.49726633710193946
3606,0,0.017133914685121793
3607,1,0.4957843236843273
3608,0,0.04396007849955219
3609,0,0.03196705336321752
3610,1,0.8441022566526989
3611,0,0.04731018670593217
3612,0,0.1669295786758294
3613,1,0.40764827284915867
3614,0,0.2330609651192964
3615,0,0.38305296270611366
3616,0,0.4445473403438374
3617,0,0.17038713480844528
3618,1,0.8070848790590007
3619,0,0.01998521077468446
3620,1,0.5663540163540163
3621,1,0.5837879121392219
3622,0,0.2334549761516053
3623,0,0.0950009181945244
3624,0,0.2070777185625422
3625,0,0.22872840852348977
3626,1,0.7119265988694962
3627,0,0.0015015015015015015
3628,0,0.4562214774980733
3629,0,0.004917509798559839
3630,0,0.08077932513093487
3631,0,0.11034342302162638
3632,0,0.31118362786807424
3633,0,0.0015015015015015015
3634,1,0.8441022566526989
3635,1,0.7650129198966408
3636,1,0.37023178717969624
3637,0,0.014404315209144184
3638,0,0.1601037851037851
3639,1,0.4830866167730575
3640,0,0.08857314083467753
3641,0,0.4037479497232674
3642,0,0.012273320987322976
3643,0,0.0015015015015015015
3644,0,0.3939134659587979
3645,0,0.2593299251622155
3646,0,0.43836684320999125
3647,0,0.37616858237547895
3648,0,0.058383670680418644
3649,1,0.7107909830350533
3650,0,0.377513857263134
3651,1,0.6158254167008542
3652,1,0.3403159017405685
3653,0,0.06600819352675132
3654,0,0.4227851486569345
3655,0,0.1973127322824555
3656,0,0.05790979251743839
3657,0,0.46749915046590235
3658,1,0.8087687781509542
3659,0,0.0062555853440571935
3660,1,0.6074432786297193
3661,0,0.03129834278902602
3662,0,0.0015015015015015015
3663,1,0.5263603752606234
3664,0,0.15751281219321453
3665,0,0.4510659280533325
3666,0,0.38061108480804223
3667,0,0.1598977230734508
3668,0,0.007259318845818979
3669,0,0.5768610264227643
3670,0,0.07724162434927022
3671,0,0.13677156177156177
3672,1,0.7737670257861587
3673,0,0.07159391534391535
3674,0,0.49922045897466494
3675,1,0.6323457729720071
3676,0,0.16004562143523532
3677,0,0.16037567865398053
3678,1,0.4227045756234002
3679,0,0.0015015015015015015
3680,1,0.8457861557446523
3681,1,0.3248772795831619
3682,0,0.18118578642061003
3683,0,0.25574919096260557
3684,0,0.3063446715201383
3685,0,0.39794164719576175
3686,0,0.14703400677572329
3687,1,0.31562688427604596
3688,0,0.012273320987322976
3689,1,0.40760268927864046
3690,0,0.40186658807348463
3691,0,0.40420249233718275
3692,0,0.04304076703145027
3693,1,0.5176962327435718
3694,1,0.5120279146141214
3695,1,0.4055499268265226
3696,0,0.6013403263403264
3697,1,0.4446044321573881
3698,0,0.027354961477768492
3699,0,0.4998633667892978
3700,0,0.045812245993405415
3701,0,0.0007246376811594203
3702,0,0.2969558621732535
3703,0,0.5298716242575255
3704,0,0.36309629068249755
3705,0,0.0007246376811594203
3706,0,0.03129834278902602
3707,0,0.13057379962342114
3708,0,0.1445426018192938
3709,0,0.031234498004129276
3710,0,0.633061383061383
3711,0,0.006980223025216614
3712,0,0.02648041416157358
3713,1,0.661272208320718
3714,1,0.37486674245294943
3715,0,0.3946845813246611
3716,0,0.0
3717,0,0.11142698510318438
3718,0,0.0
3719,0,0.2838023938523062
3720,0,0.012013402688374671
3721,0,0.06080006087670444
3722,0,0.4957843236843273
3723,0,0.34415506511256383
3724,0,0.003023488255872064
3725,0,0.0022988505747126436
3726,0,0.0
3727,0,0.2344908454031889
3728,0,0.12264696685428393
3729,1,0.6193961405825812
3730,1,0.4947476573153767
3731,1,0.5360559253349845
3732,0,0.007259318845818979
3733,0,0.1194396671530818
3734,1,0.5662981034762606
3735,1,0.7304983490887441
3736,0,0.0022988505747126436
3737,0,0.15467697399634892
3738,0,0.07216239668416348
3739,0,0.1445426018192938
3740,1,0.735481081136569
3741,0,0.002226139182660922
3742,1,0.8485498366013071
3743,1,0.5890221043085738
3744,1,0.6080985866244769
3745,0,0.006980223025216614
3746,0,0.0
3747,0,0.2510090399796282
3748,0,0.008056667919030121
3749,0,0.22102735864203757
3750,0,0.6338131442864844
3751,1,0.5828184597474135
3752,0,0.39765202868651145
3753,0,0.0062555853440571935
3754,0,0.0015015015015015015
3755,0,0.20617467921704122
3756,0,0.6733972433641718
3757,0,0.06192029232007801
3758,1,0.3418078241580964
3759,0,0.05790979251743839
3760,0,0.03875014918248001
3761,1,0.4170119994634806
3762,0,0.5957334445139324
3763,0,0.03013322073570863
3764,0,0.02218979631260333
3765,0,0.4929814430321815
3766,1,0.4700973187019699
3767,0,0.024739294617240153
3768,1,0.7659099511806896
3769,0,0.5018552301160998
3770,0,0.1445426018192938
3771,0,0.32800474336474944
3772,1,0.4927809601230087
3773,1,0.5662840592777303
3774,0,0.0007246376811594203
3775,0,0.011173095142617032
3776,0,0.08580166187272238
3777,0,0.18465590884751096
3778,1,0.6027605356469837
3779,0,0.0015015015015015015
3780,1,0.8566587812005024
3781,0,0.07505924755603831
3782,0,0.15557336182336182
3783,0,0.001564945226917058
3784,0,0.326213810762043
3785,1,0.6321229865965389
3786,0,0.1407155181803069
3787,0,0.31357178200325153
3788,1,0.7245406008877365
3789,0,0.3456487083453375
3790,0,0.3296165462238044
3791,0,0.017027404829878665
3792,1,0.8227514941254658
3793,0,0.04731018670593217
3794,1,0.5937127301011148
3795,0,0.05315753815432891
3796,1,0.6325174307452288
3797,0,0.0015015015015015015
3798,0,0.004425478109688636
3799,0,0.3307760398070711
3800,0,0.13647009043350505
3801,0,0.5562891837893947
3802,0,0.3486790986790987
3803,0,0.003023488255872064
3804,0,0.2799254388928302
3805,0,0.12397009043350506
3806,0,0.3932523268151981
3807,1,0.31271423541086457
3808,0,0.46203773145532195
3809,0,0.3928972390880972
3810,0,0.0015015015015015015
3811,0,0.02218979631260333
3812,1,0.4728357482561322
3813,0,0.3896743637721986
3814,0,0.029417555058580697
3815,0,0.4728357482561322
3816,0,0.572765411552597
3817,0,0.1414575502927171
3818,0,0.00306644672841856
3819,0,0.13278133903133904
3820,1,0.6976415323336224
3821,0,0.36404312785412896
3822,0,0.07861386907174053
3823,0,0.05617908514249977
3824,0,0.41183181737168967
3825,0,0.1862676107959127
3826,1,0.5678512368409181
3827,0,0.251076464835576
3828,0,0.32845518056968936
3829,0,0.405010910211796
3830,0,0.3197660902992724
3831,0,0.0015015015015015015
3832,0,0.04580754891103014
3833,0,0.2070777185625422
3834,1,0.46043199720358957
3835,0,0.02021566642385932
3836,0,0.002226139182660922
3837,0,0.04152162814443516
3838,0,0.04874938689041253
3839,0,0.08692019635575626
3840,0,0.003023488255872064
3841,0,0.25097593448309236
3842,0,0.01998521077468446
3843,0,0.016563938836293226
3844,0,0.006419011300061342
3845,0,0.4049248400161179
3846,1,0.6331104999635507
3847,0,0.07907970660081354
3848,0,0.0015015015015015015
3849,0,0.027007724940055766
3850,0,0.019418317350648178
3851,0,0.1348960039305601
3852,0,0.3733223379033089
3853,1,0.7877403846153846
3854,0,0.02370893519961843
3855,1,0.61364522417154
3856,0,0.3299462042217807
3857,1,0.8559147335814549
3858,0,0.012013402688374671
3859,0,0.2890366693479774
3860,1,0.3947075381423553
3861,0,0.28951711738974906
3862,0,0.14611693647289675
3863,1,0.6871179858984737
3864,0,0.02417240119320387
3865,1,0.7315282348585578
3866,0,0.15255228558546766
3867,0,0.321880872315433
3868,0,0.0295453140136447
3869,0,0.0
3870,0,0.41043033497856724
3871,1,0.7554448817920174
3872,1,0.4937746622525414
3873,1,0.5678512368409181
3874,0,0.021153415252794138
3875,1,0.7554448817920174
3876,0,0.011173095142617032
3877,0,0.405010910211796
3878,0,0.012273320987322976
3879,1,0.5056941538351486
3880,1,0.31146584996440035
3881,0,0.4510659280533325
3882,0,0.04287040801402301
3883,1,0.6911893470459917
3884,0,0.045812245993405415
3885,0,0.0015015015015015015
3886,0,0.031234498004129276
3887,0,0.5403840768743274
3888,0,0.11034342302162638
3889,1,0.4777538270491794
3890,0,0.011173095142617032
3891,1,0.9035337812005024
3892,1,0.6679771891636298
3893,0,0.3724885409664201
3894,1,0.6442957375467894
3895,0,0.2526808902955692
3896,0,0.003023488255872064
3897,0,0.06018488110442133
3898,1,0.5840923638994943
3899,1,0.6026472664522707
3900,0,0.015062437334791725
3901,1,0.8019313812702613
3902,1,0.8264550264550264
3903,0,0.5522831403555668
3904,0,0.4884538110974064
3905,0,0.01400841888946893
3906,0,0.008080448869922553
3907,0,0.3373040954653213
3908,0,0.026646076096625546
3909,0,0.3800292693909715
3910,1,0.7557813733438872
3911,1,0.7853464616935972
3912,0,0.009502923976608187
3913,0,0.7737670257861587
3914,0,0.06038529690030628
3915,1,0.5557107518749606
3916,0,0.024739294617240153
3917,0,0.012273320987322976
3918,0,0.2006823172520847
3919,0,0.13623535516355853
3920,1,0.6906484222396148
3921,1,0.4978006389132788
3922,0,0.4627666686137451
3923,0,0.42846083161371507
3924,1,0.7901540750377959
3925,0,0.6013159133858718
3926,0,0.5865478612724498
3927,0,0.2905748372621325
3928,0,0.23401003856796013
3929,0,0.405010910211796
3930,0,0.4510659280533325
3931,0,0.031192979120353796
3932,0,0.2969558621732535
3933,0,0.0015015015015015015
3934,1,0.5783912645991541
3935,1,0.5408673377328586
3936,0,0.0015015015015015015
3937,0,0.022987145385814468
3938,0,0.005947464864059199
3939,0,0.5714706679311746
3940,0,0.47393033029067994
3941,0,0.41043033497856724
3942,1,0.5146928691822531
3943,0,0.29479775032006295
3944,1,0.1974971022891915
3945,0,0.5012453866470764
3946,1,0.5704247740151821
3947,0,0.035895770668125056
3948,0,0.02370893519961843
3949,0,0.009815546772068511
3950,0,0.38707270263272076
3951,1,0.6834682681603582
3952,0,0.2322970913668588
3953,0,0.5073294035738602
3954,0,0.02417240119320387
3955,0,0.08910934744268077
3956,0,0.074351547771088
3957,1,0.3299462042217807
3958,1,0.35176300823359646
3959,1,0.2034000023959691
3960,1,0.4388664056994533
3961,0,0.038883451305256486
3962,0,0.2890366693479774
3963,0,0.03442383858467888
3964,0,0.43441711545159817
3965,0,0.39169980346450933
3966,0,0.039317042606516285
3967,1,0.6603714462830484
3968,1,0.5072744993797625
3969,0,0.003023488255872064
3970,1,0.7103355968522239
3971,0,0.11929312446328151
3972,1,0.7050648946979373
3973,1,0.46203773145532195
3974,0,0.0015015015015015015
3975,1,0.49692069920847765
3976,0,0.017133914685121793
3977,0,0.07218609171189366
3978,1,0.7315961504037212
3979,0,0.3961727729885058
3980,1,0.5789634706629244
3981,0,0.1453315992950139
3982,1,0.30081111145982625
3983,1,0.7960439684458214
3984,1,0.6427655878188002
3985,1,0.6900622697218072
3986,0,0.2752053383810661
3987,1,0.7180140039146892
3988,0,0.3178263895300549
3989,0,0.4159097794612355
3990,0,0.3640029526521143
3991,0,0.3307760398070711
3992,1,0.31097184973791886
3993,0,0.0950009181945244
3994,0,0.3911275500188247
3995,0,0.04166745386341288
3996,0,0.002226139182660922
3997,0,0.29563810297755255
3998,0,0.28454282407407405
3999,0,0.46257783697898525
4000,0,0.5571407858489198
4001,1,0.2752053383810661
4002,1,0.5839790018447673
4003,0,0.016382453882453882
4004,1,0.8441022566526989
4005,0,0.14978815340492715
4006,0,0.004425478109688636
4007,0,0.4378256727513293
4008,0,0.0015015015015015015
4009,0,0.012273320987322976
4010,0,0.36898657562665543
4011,1,0.7145650691730744
4012,1,0.5670265185723945
4013,0,0.3407518413283898
4014,0,0.44066592791974085
4015,1,0.8559147335814549
4016,0,0.012273320987322976
4017,0,0.0022988505747126436
4018,0,0.021929878013655025
4019,1,0.6118875778057814
4020,0,0.1867040652303544
4021,1,0.8213269927009644
4022,0,0.33609814779031505
4023,0,0.07924924601464886
4024,0,0.4227045756234002
4025,0,0.6424929624598908
4026,0,0.010448457461457611
4027,1,0.5734129570993978
4028,0,0.22473598012397142
4029,0,0.21021985111174982
4030,0,0.14611693647289675
4031,1,0.7745136294504821
4032,0,0.0015015015015015015
4033,1,0.8566587812005024
4034,0,0.12737384630204965
4035,0,0.0015015015015015015
4036,0,0.018729172828551712
4037,1,0.7714285714285715
4038,1,0.47393033029067994
4039,1,0.7346438558302966
4040,0,0.7288144499967908
4041,0,0.5658318646123525
4042,0,0.6310232354111945
4043,1,0.39864158144319006
4044,0,0.405010910211796
4045,0,0.002226139182660922
4046,0,0.040557144822547665
4047,0,0.013564007663386548
4048,0,0.06543535532194923
4049,0,0.4915548513634769
4050,1,0.44066592791974085
4051,0,0.0041928721174004195
4052,1,0.41244989904012325
4053,1,0.627349601814731
4054,1,0.46258107167285517
4055,1,0.6269263482052359
4056,0,0.4659037088704608
4057,0,0.011004425478109689
4058,0,0.512926654899058
4059,1,0.542568212585775
4060,0,0.21423298118950293
4061,0,0.2786033796022697
4062,0,0.2158391579923089
4063,0,0.05607294087168127
4064,0,0.28951711738974906
4065,1,0.5729136580017117
4066,0,0.005947464864059199
4067,1,0.7545922079225308
4068,0,0.24032645886192794
4069,0,0.10281023691619719
4070,0,0.5403570819178806
4071,1,0.2752053383810661
4072,1,0.6764312712489043
4073,0,0.3419510077832981
4074,0,0.3039629415776205
4075,1,0.4357294805726286
4076,1,0.549816836124402
4077,0,0.0007246376811594203
4078,0,0.10930529497602669
4079,0,0.3720764372773231
4080,1,0.5340382273886375
4081,1,0.7903213317847464
4082,0,0.6325766178473563
4083,0,0.18894271040612506
4084,0,0.5298919146414424
4085,1,0.4606111397866173
4086,1,0.6997930253157841
4087,0,0.09630188164035351
4088,0,0.31254540400881864
4089,0,0.058383670680418644
4090,0,0.42187077868651146
4091,1,0.7658805476316813
4092,0,0.5716875492421799
4093,1,0.46942720231365037
4094,0,0.4126688904386959
4095,1,0.5685359392317467
4096,0,0.6325174307452288
4097,1,0.5168857867424641
4098,0,0.031605152819154804
4099,0,0.4957843236843273
4100,0,0.1314922480620155
4101,1,0.5565830772788846
4102,0,0.3476766118735693
4103,0,0.09357878588647818
4104,1,0.8485498366013071
4105,0,0.6270973765446869
4106,1,0.42263543128459297
4107,1,0.6733098738983673
4108,0,0.2581003150623404
4109,0,0.3996209655962833
4110,1,0.7540974742519336
4111,1,0.02417240119320387
4112,0,0.42324833254368494
4113,1,0.6639949931357506
4114,1,0.7745136294504821
4115,1,0.44298661871382033
4116,1,0.6776747138193843
4117,0,0.5366378654120082
4118,0,0.37941289623038493
4119,0,0.3032619271814187
4120,0,0.17760782109889903
4121,0,0.014404315209144184
4122,0,0.026943880155159017
4123,0,0.05068972033257748
4124,0,0.014404315209144184
4125,0,0.15433399129051303
4126,1,0.7061423761423762
4127,0,0.0468817951775841
4128,0,0.006578947368421052
4129,0,0.033825706322497075
4130,0,0.03633737252984114
4131,0,0.507611075792894
4132,0,0.14703400677572329
4133,1,0.5685359392317467
4134,0,0.2557504873294347
4135,1,0.6835754684591895
4136,0,0.6367420460488497
4137,1,0.5513845350052247
4138,0,0.08857314083467753
4139,1,0.6592239791909077
4140,0,0.003023488255872064
4141,0,0.0015015015015015015
4142,0,0.17259113421596675
4143,0,0.13847396925227115
4144,0,0.05330336387330662
4145,0,0.4981050144784069
4146,1,0.5670265185723945
4147,1,0.48446333435135225
4148,1,0.48729457934755943
4149,1,0.6243647717484927
4150,1,0.6013159133858718
4151,1,0.8213269927009644
4152,0,0.0820288597748552
4153,1,0.4355751987460992
4154,0,0.04304076703145027
4155,1,0.6209099283111058
4156,1,0.734707629968513
4157,0,0.0015015015015015015
4158,1,0.6562137049941928
4159,0,0.1348960039305601
4160,0,0.08336125256856963
4161,0,0.5742966419257703
4162,0,0.04846719535513829
4163,1,0.36288067715625366
4164,0,0.017133914685121793
4165,0,0.405010910211796
4166,1,0.6492840717824716
4167,0,0.4421726136433856
4168,0,0.02370893519961843
4169,0,0.3686431268043526
4170,1,0.6193961405825812
4171,1,0.7225641939596672
4172,0,0.16517741517741516
4173,0,0.0015015015015015015
4174,0,0.0015015015015015015
4175,0,0.2267178951493647
4176,0,0.44643141945773523
4177,0,0.6009749662614358
4178,0,0.5456113904508775
4179,0,0.0015015015015015015
4180,0,0.002226139182660922
4181,0,0.09942397683837005
4182,0,0.0015015015015015015
4183,0,0.04621863023363961
4184,0,0.0
4185,0,0.011173095142617032
4186,0,0.21918270854441066
4187,1,0.6864189499187644
4188,0,0.05028438231018426
4189,0,0.2804219064251948
4190,1,0.6064930731393264
4191,0,0.058383670680418644
4192,0,0.2056481178495249
4193,1,0.3437956578809251
4194,0,0.03843522574823996
4195,0,0.42846083161371507
4196,0,0.5018552301160998
4197,0,0.21467267095118867
4198,1,0.8566587812005024
4199,0,0.0015015015015015015
4200,1,0.5789634706629244
4201,0,0.17038713480844528
4202,1,0.405010910211796
4203,0,0.1087201096038141
4204,0,0.19275011903648165
4205,1,0.6926755836792421
4206,0,0.3954371163946151
4207,0,0.3342529770579674
4208,0,0.3016409470451166
4209,1,0.6926755836792421
4210,0,0.07205466449713312
4211,0,0.006980223025216614
4212,0,0.002226139182660922
4213,1,0.5627957314003825
4214,0,0.25801969033748284
4215,0,0.4089690954905967
4216,0,0.2771731292876381
4217,0,0.005694373618901921
4218,0,0.08933936265438702
4219,0,0.10468186748148901
4220,0,0.02450628427282957
4221,0,0.2564044989573632
4222,0,0.008080448869922553
4223,1,0.764609209870093
4224,0,0.033041299629771474
4225,1,0.6200514485773388
4226,1,0.46258107167285517
4227,1,0.43099247718333533
4228,0,0.037360979481686
4229,0,0.3039629415776205
4230,0,0.4304112513364638
4231,1,0.6883900605085592
4232,1,0.6814733391500306
4233,0,0.019418317350648178
4234,0,0.42263543128459297
4235,0,0.40424625761371447
4236,0,0.32004013969879413
4237,0,0.09395637389884252
4238,0,0.08558232409108579
4239,0,0.04874938689041253
4240,1,0.7288144499967908
4241,0,0.12368509489988362
4242,1,0.6310232354111945
4243,0,0.0015015015015015015
4244,0,0.14081556215176905
4245,1,0.6151764545447134
4246,0,0.31042186958702384
4247,1,0.6733972433641718
4248,0,0.11034342302162638
4249,1,0.6007675122335117
4250,0,0.4728357482561322
4251,0,0.0015015015015015015
4252,1,0.7528261364903454
4253,0,0.0015015015015015015
4254,0,0.017027404829878665
4255,0,0.07990658907869487
4256,0,0.006980223025216614
4257,1,0.6051911365470688
4258,0,0.2239232870990148
4259,0,0.16494072633034024
4260,0,0.02851767143639065
4261,0,0.019501079733300345
4262,0,0.02417240119320387
4263,1,0.43480106100795757
4264,0,0.05160080455490242
4265,0,0.012273320987322976
4266,0,0.15747158204669878
4267,1,0.8566587812005024
4268,0,0.1720088686148289
4269,0,0.038081208914542246
4270,0,0.007259318845818979
4271,1,0.4660305645533884
4272,1,0.7062452106034147
4273,0,0.3130380573252161
4274,0,0.07048032984353016
4275,0,0.030700114159744912
4276,0,0.38305296270611366
4277,0,0.4194975115428434
4278,0,0.44066592791974085
4279,0,0.22508400234116022
4280,0,0.301587898713912
4281,0,0.33889275584066486
4282,0,0.02370893519961843
4283,1,0.6202259814516898
4284,1,0.7745351503067402
4285,1,0.4962766312696187
4286,0,0.28381714643997485
4287,1,0.7166659225775248
4288,0,0.0015015015015015015
4289,0,0.3299462042217807
4290,1,0.6906484222396148
4291,0,0.0015015015015015015
4292,1,0.6976415323336224
4293,1,0.4372498748869947
4294,0,0.7062452106034147
4295,0,0.10468186748148901
4296,0,0.06080006087670444
4297,0,0.009815546772068511
4298,1,0.6598060191128227
4299,0,0.10693966715308179
4300,1,0.6049169053098215
4301,1,0.6193961405825812
4302,0,0.007820530570974251
4303,0,0.0015015015015015015
4304,1,0.5861146542311657
4305,1,0.44296102837283696
4306,1,0.6571449771119057
4307,0,0.0
4308,0,0.002226139182660922
4309,0,0.038895974901457735
4310,0,0.0015015015015015015
4311,0,0.55519978106185
4312,1,0.4606111397866173
4313,0,0.030491801325134658
4314,0,0.1545077992585946
4315,0,0.4849621594754579
4316,0,0.573907960398211
4317,0,0.0015015015015015015
4318,0,0.3718272287751378
4319,0,0.5179187623046635
4320,0,0.20768568676378033
4321,1,0.731000652374624
4322,0,0.08644088067107225
4323,0,0.0062555853440571935
4324,0,0.0
4325,0,0.07365714682787854
4326,0,0.26910312429975347
4327,1,0.4787241565973757
4328,0,0.027277763234784726
4329,1,0.5096415222562011
4330,1,0.7991743240029893
4331,1,0.6463493722078817
4332,0,0.18146529396529396
4333,0,0.13057379962342114
4334,1,0.2523019407334103
4335,0,0.0022988505747126436
4336,0,0.05437228351685758
4337,0,0.3104001420923093
4338,1,0.4847568523430592
4339,0,0.01529504332707994
4340,0,0.0015015015015015015
4341,1,0.6340481552345959
4342,1,0.6915318836672956
4343,0,0.0015015015015015015
4344,0,0.400473292765382
4345,1,0.5800188460105625
4346,1,0.697861096950681
4347,1,0.6871179858984737
4348,1,0.5406451555542008
4349,0,0.0
4350,0,0.20019812472642662
4351,0,0.4938755421575564
4352,0,0.001564945226917058
4353,0,0.4459188251057049
4354,0,0.00306644672841856
4355,0,0.5441641487459409
4356,0,0.3437956578809251
4357,0,0.0007246376811594203
4358,0,0.4080603765382557
4359,0,0.22376788191574293
4360,0,0.310790500029759
4361,0,0.06443507244580764
4362,0,0.26303738072769217
4363,0,0.002226139182660922
4364,1,0.5827409432672591
4365,0,0.02417240119320387
4366,0,0.2931076096898882
4367,0,0.2299091544374563
4368,0,0.0007246376811594203
4369,0,0.3850348777315069
4370,1,0.7207055053975955
4371,0,0.7301618575368743
4372,1,0.49726633710193946
4373,1,0.4728357482561322
4374,0,0.02417240119320387
4375,1,0.794606834894554
4376,0,0.43583067610323495
4377,0,0.0
4378,0,0.03817767691141045
4379,1,0.6705909943714822
4380,0,0.13677156177156177
4381,0,0.0295453140136447
4382,0,0.3422936050037251
4383,1,0.5987334887334886
4384,0,0.002226139182660922
4385,0,0.3769818430081322
4386,0,0.5408673377328586
4387,0,0.012273320987322976
4388,0,0.030491801325134658
4389,0,0.005757817344317478
4390,0,0.19376806089313905
4391,1,0.25606980738559687
4392,0,0.02511921859420464
4393,0,0.0015015015015015015
4394,1,0.356882313066825
4395,0,0.0945173653506987
4396,0,0.4947476573153767
4397,1,0.412380754701316
4398,0,0.0950009181945244
4399,0,0.058243720665525855
4400,0,0.31293748661426074
4401,0,0.2905562786022499
4402,1,0.47393033029067994
4403,1,0.4796418160291425
4404,0,0.017125150561448498
4405,1,0.739748702466052
4406,0,0.38070866991692703
4407,1,0.5827409432672591
4408,1,0.716931130606001
4409,0,0.047881443894798176
4410,0,0.0015015015015015015
4411,0,0.3342529770579674
4412,0,0.1338416265382557
4413,0,0.015308207615899926
4414,1,0.5146928691822531
4415,0,0.26743611906902526
4416,0,0.11426478841687238
4417,1,0.6924451259838863
4418,0,0.029414922745661345
4419,0,0.42304140684694386
4420,0,0.0015015015015015015
4421,0,0.002226139182660922
4422,1,0.6340481552345959
4423,0,0.4357294805726286
4424,0,0.2584343560791166
4425,0,0.05315753815432891
4426,0,0.002226139182660922
4427,0,0.007259318845818979
4428,0,0.5337777782730088
4429,0,0.07782395222430087
4430,1,0.6431482704546485
4431,0,0.2622461248689533
4432,0,0.0
4433,0,0.22376788191574293
4434,0,0.14543898964630672
4435,1,0.5503004214868622
4436,1,0.7863235503339623
4437,0,0.6420087009586805
4438,0,0.02021566642385932
4439,1,0.5702108068947234
4440,0,0.08857314083467753
4441,0,0.19275011903648165
4442,0,0.002226139182660922
4443,1,0.5565830772788846
4444,0,0.010448457461457611
4445,1,0.5865478612724498
4446,0,0.0
4447,0,0.0007246376811594203
4448,0,0.24513937285506274
4449,0,0.4552112271833353
4450,0,0.028181071516397278
4451,0,0.6240717881387454
4452,0,0.027574618364092047
4453,0,0.0062555853440571935
4454,0,0.002226139182660922
4455,1,0.6080985866244769
4456,1,0.6442957375467894
4457,1,0.4929814430321815
4458,1,0.6531642390758413
4459,1,0.6277357722024924
4460,0,0.012371066718892806
4461,0,0.07990658907869487
4462,0,0.005694373618901921
4463,0,0.14703400677572329
4464,0,0.012273320987322976
4465,0,0.24920823856994068
4466,0,0.27799994643141596
4467,0,0.04580754891103014
4468,1,0.33609814779031505
4469,1,0.6820447439698224
4470,0,0.009904199633403749
4471,0,0.0015015015015015015
4472,0,0.49770180392113406
4473,1,0.7315961504037212
4474,1,0.7588881447997471
4475,0,0.1206697620861113
4476,0,0.012371066718892806
4477,0,0.24863092342767143
4478,0,0.5337777782730088
4479,0,0.026646076096625546
4480,0,0.5352288767896755
4481,0,0.06481144804026552
4482,0,0.12420270442658503
4483,1,0.8559147335814549
4484,0,0.34354644937873974
4485,1,0.8220936670676059
4486,0,0.6282879584243785
4487,0,0.45545019382412616
4488,1,0.6674357088478562
4489,0,0.05154948608895978
4490,0,0.2786424254450149
4491,1,0.8353080186732694
4492,0,0.05028438231018426
4493,0,0.22376788191574293
4494,0,0.2689693149121473
4495,0,0.4373319492210011
4496,0,0.007820530570974251
4497,1,0.5103596751224277
4498,0,0.0022988505747126436
4499,1,0.7419639006982216
4500,0,0.22524960935556962
4501,1,0.44066592791974085
4502,0,0.2537705425334422
4503,1,0.26798465209061234
4504,0,0.300208095056551
4505,1,0.3603540874580102
4506,0,0.04912524366471735
4507,0,0.3466971836537054
4508,0,0.2163947142506745
4509,1,0.6503004214868621
4510,0,0.13113461286480443
4511,0,0.0007246376811594203
4512,0,0.0007246376811594203
4513,0,0.07494268077601411
4514,0,0.08862433862433862
4515,0,0.29479775032006295
4516,0,0.012013402688374671
4517,1,0.6896368315882553
4518,0,0.008080448869922553
4519,0,0.0015015015015015015
4520,0,0.08598745778098175
4521,0,0.0015015015015015015
4522,1,0.5134667604227213
4523,1,0.8020142423019614
4524,1,0.37463774378474923
4525,1,0.6325174307452288
4526,0,0.4305865016209844
4527,0,0.31161838362925326
4528,0,0.031865236213062295
4529,1,0.5157295355512037
4530,0,0.14275501252162173
4531,0,0.002226139182660922
4532,1,0.6625918485034507
4533,1,0.624174295360736
4534,1,0.7442756680731364
4535,1,0.6590961685416273
4536,0,0.19348829708636642
4537,0,0.05663983429571754
4538,0,0.23055318013253032
4539,0,0.1188138087785975
4540,0,0.0015015015015015015
4541,1,0.3202285566253441
4542,0,0.015669856459330143
4543,0,0.08291158529454017
4544,0,0.19999841367461293
4545,1,0.700999792845539
4546,0,0.39463839380354804
4547,0,0.2472102298764395
4548,0,0.25387107288592586
4549,0,0.4130676976159298
4550,1,0.3491256455962339
4551,0,0.411472359058566
4552,0,0.296895488477767
4553,0,0.4776765417529994
4554,1,0.7491009509423924
4555,0,0.560812549599735
4556,0,0.01575850932066538
4557,1,0.6117555532411552
4558,0,0.2392660125713185
4559,0,0.0015015015015015015
4560,1,0.6871179858984737
4561,1,0.6303679274164371
4562,1,0.6097052755673446
4563,1,0.4626766719711301
4564,0,0.09837962962962964
4565,1,0.5707880813143972
4566,0,0.07536290869624203
4567,0,0.10468186748148901
4568,1,0.6479697518451416
4569,0,0.12526372458877444
4570,1,0.6104437468321317
4571,0,0.1511361577921321
4572,0,0.4909150482544978
4573,1,0.5103596751224277
4574,0,0.012273320987322976
4575,0,0.002226139182660922
4576,1,0.6355300264750282
4577,0,0.5176962327435718
4578,0,0.05453794545190954
4579,1,0.572765411552597
4580,0,0.0015015015015015015
4581,0,0.5481552605456755
4582,0,0.15297140892783043
4583,1,0.6767475713596927
4584,1,0.30467495987158905
4585,0,0.42304140684694386
4586,0,0.46000116103564376
4587,1,0.6367420460488497
4588,0,0.5833962512620167
4589,0,0.12189894456910162
4590,1,0.5515643447461629
4591,1,0.34039727107908924
4592,1,0.6074432786297193
4593,0,0.4548743959597916
4594,0,0.06143306124607545
4595,0,0.005694373618901921
4596,0,0.4281240003901714
4597,0,0.20928171797006367
4598,1,0.6733972433641718
4599,1,0.33310887410776424
4600,0,0.02370893519961843
4601,0,0.11087962962962965
4602,1,0.42304140684694386
4603,0,0.0015015015015015015
4604,0,0.13824894197086657
4605,0,0.44296102837283696
4606,0,0.18202680195300122
4607,0,0.006666666666666667
4608,0,0.012273320987322976
4609,1,0.457708621185369
4610,1,0.4371807305481874
4611,1,0.6761200281792045
4612,0,0.28836084094704784
4613,0,0.48643262801949544
4614,0,0.209505068574836
4615,0,0.10363228750974725
4616,0,0.1986872953231238
4617,0,0.2941749102605542
4618,0,0.29184932886520537
4619,0,0.41620779539467523
4620,0,0.1188138087785975
4621,0,0.1659419678036699
4622,0,0.2854856221700685
4623,0,0.007259318845818979
4624,1,0.6681012760835469
4625,0,0.7397298956414978
4626,0,0.0
4627,0,0.06080006087670444
4628,1,0.5543022131033327
4629,1,0.5294361574383308
4630,0,0.013564007663386548
4631,0,0.09748584748584749
4632,0,0.12961657907310084
4633,0,0.03293515535895297
4634,0,0.3161806875927548
4635,0,0.006419011300061342
4636,0,0.12417857767581504
4637,0,0.6074432786297193
4638,0,0.1453315992950139
4639,0,0.0
4640,0,0.0945474953044339
4641,1,0.6383475595340001
4642,1,0.5257050672658657
4643,0,0.5176470157880105
4644,0,0.024275828623654707
4645,0,0.0015015015015015015
4646,0,0.007391304347826088
4647,0,0.13283159929501392
4648,0,0.17260378510378507
4649,0,0.17038713480844528
4650,0,0.39463839380354804
4651,0,0.08598745778098175
4652,0,0.24508125444295656
4653,1,0.8559147335814549
4654,0,0.13057379962342114
4655,0,0.21782107301770218
4656,1,0.8072351421188632
4657,0,0.19081066866662896
4658,0,0.20585917692165892
4659,1,0.664129503319794
4660,1,0.8070848790590007
4661,0,0.019418317350648178
4662,1,0.6733972433641718
4663,0,0.008080448869922553
4664,0,0.2164462585440853
4665,0,0.0
4666,0,0.038883451305256486
4667,0,0.06481144804026552
4668,0,0.3195355554662997
4669,1,0.8441022566526989
4670,0,0.0
4671,0,0.6520167719837006
4672,1,0.5213314834883622
4673,1,0.43583067610323495
4674,0,0.5366378654120082
4675,0,0.05884441983363642
4676,0,0.09764512530100855
4677,1,0.7301618575368743
4678,1,0.8227514941254658
4679,0,0.1194396671530818
4680,1,0.3289649160010368
4681,1,0.6234164801439878
4682,0,0.1643659013942033
4683,1,0.5474985208073105
4684,0,0.0778085177733065
4685,1,0.757771603032486
4686,0,0.556899242790691
4687,1,0.8153440867180585
4688,0,0.7301618575368743
4689,0,0.0015015015015015015
4690,0,0.6777979727484373
4691,1,0.7991743240029893
4692,0,0.0
4693,0,0.2631578947368421
4694,1,0.46793517820275937
4695,1,0.667914963712018
4696,0,0.5157295355512037
4697,1,0.54588760209944
4698,0,0.33285196050026555
4699,1,0.5583225526647393
4700,0,0.01797422223087943
4701,0,0.1401976646541864
4702,0,0.008080448869922553
4703,1,0.8227514941254658
4704,0,0.002226139182660922
4705,0,0.47393033029067994
4706,0,0.011173095142617032
4707,1,0.49370001230466354
4708,1,0.5109870796362413
4709,0,0.3433534482044656
4710,0,0.03140015993918124
4711,0,0.2873317135355005
4712,0,0.019418317350648178
4713,0,0.08933936265438702
4714,1,0.7397298956414978
4715,0,0.04794940550428203
4716,0,0.3437956578809251
4717,0,0.24103943461735808
4718,0,0.4806442732778405
4719,0,0.0015015015015015015
4720,0,0.38384162653825565
4721,0,0.2848160965082637
4722,0,0.292540478960636
4723,0,0.07523148148148148
4724,0,0.4178693238068944
4725,1,0.5061834386503672
4726,0,0.06844901417783165
4727,0,0.46203773145532195
4728,1,0.45853196483789493
4729,0,0.019158399051699877
4730,1,0.8288404627387678
4731,0,0.0015015015015015015
4732,0,0.03854195806776002
4733,0,0.3109344193658889
4734,0,0.6930667948983968
4735,0,0.33485681281047813
4736,0,0.002226139182660922
4737,0,0.0015015015015015015
4738,0,0.0
4739,0,0.10069514661274015
4740,0,0.24641363051959078
4741,0,0.026646076096625546
4742,0,0.1567977133322695
4743,1,0.6332414906348278
4744,0,0.275975571846238
4745,0,0.00306644672841856
4746,0,0.18052089130630192
4747,0,0.006980223025216614
4748,0,0.0
4749,0,0.18168737834742218
4750,0,0.039907157831686135
4751,0,0.6150967514091188
4752,0,0.35992414573456033
4753,1,0.7664262057075449
4754,1,0.5842721736404325
4755,1,0.3944329618494557
4756,0,0.03620698126185779
4757,0,0.013168415792103948
4758,0,0.02218979631260333
4759,0,0.04304076703145027
4760,1,0.5742966419257703
4761,1,0.7554448817920174
4762,1,0.6251575100667802
4763,0,0.10069514661274015
4764,0,0.031234498004129276
4765,0,0.21751529383351767
4766,0,0.0015015015015015015
4767,1,0.34953752556931833
4768,0,0.47172832854406127
4769,0,0.08077932513093487
4770,1,0.742051263237704
4771,0,0.1316915019486213
4772,0,0.026943880155159017
4773,0,0.009179561952244328
4774,0,0.274656805359479
4775,0,0.07459544423830139
4776,0,0.5322751322751321
4777,1,0.6955803680787679
4778,0,0.5366378654120082
4779,0,0.006578947368421052
4780,0,0.30434043114302056
4781,0,0.19348829708636642
4782,1,0.6976415323336224
4783,1,0.6431482704546485
4784,1,0.5934570099196782
4785,0,0.44066592791974085
4786,0,0.5457227309934695
4787,1,0.42263543128459297
4788,0,0.12923444839042272
4789,0,0.028181071516397278
4790,0,0.14345604145401225
4791,0,0.05701616735463921
4792,1,0.677815271648972
4793,0,0.37205500498684446
4794,0,0.12767531764010637
4795,0,0.10020905084457127
4796,1,0.3752506125795178
4797,1,0.8369919177652229
4798,1,0.7388164602119334
4799,0,0.11593289339768213
4800,0,0.3400695121278434
4801,1,0.7716732769670552
4802,0,0.35589978496955244
4803,0,0.19081066866662896
4804,0,0.35617173524150264
4805,1,0.3441181008025471
4806,0,0.03442383858467888
4807,1,0.6887340301974448
4808,0,0.209505068574836
4809,0,0.002226139182660922
4810,0,0.058383670680418644
4811,1,0.5890221043085738
4812,0,0.44007675825857645
4813,1,0.7301618575368743
4814,1,0.6094206088679192
4815,0,0.032904699697663777
4816,0,0.017175794171099334
4817,0,0.017027404829878665
4818,0,0.5741880631695658
4819,0,0.3087681325800032
4820,0,0.08061470202058528
4821,0,0.07159391534391535
4822,0,0.1341536892933032
4823,0,0.07001958069031239
4824,0,0.7662955522071545
4825,0,0.005947464864059199
4826,1,0.8441022566526989
4827,1,0.5974677469150572
4828,0,0.25085538243432975
4829,0,0.310174552871182
4830,0,0.012371066718892806
4831,1,0.7229245565887653
4832,1,0.7634339172313857
4833,0,0.48628179965819057
4834,1,0.446085352686512
4835,0,0.004917509798559839
4836,0,0.5186765131156675
4837,1,0.6813892660813562
4838,0,0.209300765835322
4839,1,0.6941558666542664
4840,0,0.039332477057510654
4841,0,0.026943880155159017
4842,0,0.17760782109889903
4843,0,0.0015015015015015015
4844,0,0.41118546354899205
4845,0,0.02466624489846551
4846,1,0.4711337548201955
4847,0,0.24223863156062753
4848,0,0.412380754701316
4849,0,0.05701616735463921
4850,1,0.6520167719837006
4851,1,0.6431482704546485
4852,0,0.3106119764442668
4853,1,0.43081140177958144
4854,0,0.04152162814443516
4855,1,0.665748655381698
4856,0,0.058777244834937147
4857,0,0.019418317350648178
4858,0,0.07001958069031239
4859,0,0.27658170756185246
4860,0,0.011584176465226506
4861,0,0.22988886750354642
4862,0,0.0015015015015015015
4863,0,0.2944202607546629
4864,0,0.5516483516483516
4865,0,0.43413737088914095
4866,0,0.47815980261153035
4867,0,0.019418317350648178
4868,0,0.407489611353178
4869,0,0.020575325999854305
4870,1,0.6244371482176361
4871,0,0.07065109629212192
4872,0,0.04874938689041253
4873,0,0.005694373618901921
4874,0,0.32565081206002905
4875,0,0.0022988505747126436
4876,1,0.7207055053975955
4877,0,0.0015015015015015015
4878,0,0.2595604434767958
4879,0,0.4020843113796637
4880,0,0.3528039897965903
4881,0,0.06745297502236107
4882,0,0.09022472051656803
4883,0,0.02417240119320387
4884,1,0.17081636312405543
4885,1,0.7616574754901961
4886,1,0.6690710355495919
4887,0,0.04287040801402301
4888,1,0.49881741219380316
4889,0,0.42945633844448655
4890,0,0.34473100206163904
4891,0,0.006419011300061342
4892,0,0.0015015015015015015
4893,0,0.0007246376811594203
4894,0,0.02218979631260333
4895,0,0.0015015015015015015
4896,0,0.4030559451537719
4897,1,0.4728357482561322
4898,0,0.006578947368421052
4899,0,0.24032645886192794
4900,1,0.5157295355512037
4901,1,0.5466145077435053
4902,0,0.06343773605036174
4903,0,0.06481144804026552
4904,0,0.10178338549817423
4905,1,0.590094325549407
4906,0,0.0015015015015015015
4907,0,0.5970047822755208
4908,0,0.24754714515238166
4909,0,0.28729408369087117
4910,0,0.4510659280533325
4911,1,0.33991226671485614
4912,1,0.6189118790813707
4913,0,0.05601725918936804
4914,1,0.6051911365470688
4915,0,0.42846083161371507
4916,0,0.016563938836293226
4917,0,0.01998521077468446
4918,1,0.4813001747801999
4919,0,0.08663720538720539
4920,0,0.2232046644243876
4921,0,0.2070777185625422
4922,1,0.6447439779454965
4923,0,0.007216360373272483
4924,0,0.0015015015015015015
4925,0,0.05865480198813532
4926,0,0.38007410072439524
4927,0,0.4543043920600905
4928,1,0.6623992856449026
4929,0,0.1453315992950139
4930,0,0.03691957868498153
4931,0,0.41190580989484005
4932,0,0.31118362786807424
4933,1,0.6367420460488497
4934,0,0.13677156177156177
4935,0,0.14023085699625984
4936,0,0.08077932513093487
4937,0,0.3334231414726771
4938,0,0.2504641993453404
4939,0,0.05315753815432891
4940,1,0.7101819589624467
4941,0,0.0
4942,0,0.012902813707642681
4943,0,0.06296314036236146
4944,1,0.5408434110913812
4945,0,0.08291158529454017
4946,0,0.08886891903907611
4947,1,0.5711800564541482
4948,1,0.3911275500188247
4949,0,0.40186658807348463
4950,1,0.6174825635636573
4951,1,0.6667372514293414
4952,0,0.03288548752834467
4953,0,0.0007246376811594203
4954,1,0.8072351421188632
4955,1,0.7511186739774375
4956,0,0.18760335917312662
4957,0,0.0521676979789387
4958,0,0.0015015015015015015
4959,0,0.6623992856449026
4960,1,0.8566587812005024
4961,0,0.4065328824046683
4962,0,0.22815911713493797
4963,0,0.013564007663386548
4964,1,0.3947606274505458
4965,0,0.06203159945340464
4966,0,0.014404315209144184
4967,0,0.07861386907174053
4968,0,0.18762479679690258
4969,1,0.6685637998239088
4970,1,0.8132180481017691
4971,1,0.7059175685674238
4972,0,0.012273320987322976
4973,0,0.53786397417154
4974,1,0.412380754701316
4975,0,0.002226139182660922
4976,1,0.5027681291632958
4977,0,0.0015015015015015015
4978,0,0.020575325999854305
4979,1,0.49071223845864925
4980,1,0.5476169763251103
4981,0,0.05884441983363642
4982,1,0.44066592791974085
4983,0,0.03181124126179071
4984,1,0.5199644225506295
4985,0,0.0
4986,0,0.11315225323846012
4987,1,0.5974677469150572
4988,1,0.4601293059763825
4989,0,0.2668997045901617
4990,0,0.02370893519961843
4991,0,0.11545927959279594
4992,0,0.2167384519350811
4993,0,0.11372732045297114
4994,1,0.42012526408419343
4995,0,0.16067888174790093
4996,0,0.09896322768515227
4997,0,0.006419011300061342
4998,0,0.0286175736724502
4999,0,0.4425485106282114
5000,1,0.2476358996581444
5001,1,0.44066592791974085
5002,0,0.017027404829878665
5003,1,0.3261532301401902
5004,0,0.07140970979170562
5005,1,0.7320888846668409
5006,0,0.18027125055408663
5007,0,0.44066592791974085
5008,1,0.7155673735143934
5009,0,0.2799354178526216
5010,1,0.46114544159795673
5011,0,0.405010910211796
5012,0,0.4031124886994704
5013,0,0.43349421820010053
5014,1,0.6488765273134729
5015,0,0.012273320987322976
5016,0,0.03499073200871516
5017,0,0.027277763234784726
5018,1,0.5934570099196782
5019,0,0.33485681281047813
5020,0,0.0015015015015015015
5021,1,0.5943680380958725
5022,1,0.507186447067694
5023,1,0.3296319368568679
5024,0,0.011173095142617032
5025,0,0.08303208487434773
5026,0,0.34252265920710556
5027,1,0.572765411552597
5028,0,0.3403187206300287
5029,0,0.34604994205595635
5030,0,0.0062555853440571935
5031,0,0.020575325999854305
5032,0,0.30802137044228384
5033,0,0.2873317135355005
5034,0,0.12559365176985104
5035,0,0.4504811290692065
5036,0,0.03013322073570863
5037,0,0.5276717644582338
5038,0,0.3457381453967998
5039,0,0.0015015015015015015
5040,0,0.4126688904386959
5041,0,0.2507990040470291
5042,0,0.04794940550428203
5043,0,0.2840477443464149
5044,1,0.43081140177958144
5045,1,0.292941353102771
5046,1,0.6543207610482688
5047,0,0.0007246376811594203
5048,0,0.1853358922186132
5049,0,0.0051501157908480566
5050,0,0.09764512530100855
5051,1,0.4947476573153767
5052,1,0.27427446561701724
5053,0,0.26203587581455134
5054,0,0.40764827284915867
5055,0,0.3547859048219835
5056,0,0.006419011300061342
5057,1,0.48628179965819057
5058,1,0.4915737609420198
5059,0,0.1453315992950139
5060,0,0.031290229384914756
5061,1,0.5602082696202925
5062,0,0.2873317135355005
5063,1,0.3947606274505458
5064,0,0.10661402451381019
5065,0,0.38929450443494745
5066,0,0.017125150561448498
5067,0,0.16830546893818996
5068,0,0.0015015015015015015
5069,0,0.0015015015015015015
5070,0,0.29207139692241435
5071,1,0.6543207610482688
5072,1,0.5538113245352306
5073,0,0.04731018670593217
5074,1,0.2752053383810661
5075,0,0.0015015015015015015
5076,0,0.4825230488458618
5077,0,0.009904199633403749
5078,0,0.3774958620440943
5079,0,0.0015015015015015015
5080,1,0.6595306726752632
5081,1,0.7154856066720473
5082,1,0.39577068326456394
5083,1,0.5565830772788846
5084,1,0.5783912645991541
5085,1,0.5172693225414963
5086,0,0.0015015015015015015
5087,0,0.020062291458455617
5088,0,0.19987833773853989
5089,0,0.056251410516813365
5090,1,0.5056941538351486
5091,0,0.033825706322497075
5092,0,0.019158399051699877
5093,0,0.3204035233988231
5094,0,0.10945180175949405
5095,0,0.27799994643141596
5096,0,0.21628031987838922
5097,1,0.3403187206300287
5098,0,0.1631955001520219
5099,0,0.5176962327435718
5100,0,0.14345604145401225
5101,0,0.0015015015015015015
5102,1,0.560812549599735
5103,1,0.4343775184834788
5104,0,0.05226208351208352
5105,0,0.28705475432258415
5106,0,0.40831025368676893
5107,1,0.44066592791974085
5108,1,0.4304112513364638
5109,0,0.3233100030225087
5110,0,0.23718807883988088
5111,1,0.6029450992184341
5112,0,0.47751821447473625
5113,1,0.6906484222396148
5114,0,0.10930529497602669
5115,1,0.5111135786019197
5116,0,0.007259318845818979
5117,0,0.3720764372773231
5118,0,0.6681012760835469
5119,0,0.2752053383810661
5120,1,0.7242397125615652
5121,0,0.22044541427951858
5122,0,0.5846894247069873
5123,1,0.46020140213262534
5124,0,0.011173095142617032
5125,0,0.037006962647988285
5126,0,0.3814814814814815
5127,0,0.08857314083467753
5128,1,0.3617039208690751
5129,0,0.3720764372773231
5130,0,0.14345604145401225
5131,0,0.08154408196876071
5132,1,0.5031212286879052
5133,0,0.007259318845818979
5134,0,0.018318091505942238
5135,0,0.0015015015015015015
5136,0,0.17547919744004067
5137,0,0.5943680380958725
5138,0,0.4459835970165764
5139,0,0.006419011300061342
5140,1,0.6856544705381915
5141,0,0.10382336958290217
5142,0,0.37596547821731646
5143,0,0.00306644672841856
5144,0,0.45009690974214256
5145,0,0.0015015015015015015
5146,0,0.056251410516813365
5147,0,0.47310863440991474
5148,0,0.36955652844780307
5149,1,0.5179187623046635
5150,0,0.001564945226917058
5151,0,0.00306644672841856
5152,0,0.13215285634445845
5153,0,0.06959209234253604
5154,0,0.10930529497602669
5155,0,0.035770479105804866
5156,0,0.47393033029067994
5157,0,0.004917509798559839
5158,0,0.2814457919862867
5159,0,0.20865378497200882
5160,1,0.5595625141987259
5161,0,0.4868358544220614
5162,0,0.004425478109688636
5163,0,0.2653210013527941
5164,1,0.43981809318555004
5165,1,0.7256232440698461
5166,0,0.04166745386341288
5167,0,0.047619047619047616
5168,0,0.1194396671530818
5169,0,0.002226139182660922
5170,0,0.002226139182660922
5171,1,0.667392559424099
5172,0,0.17105141424355494
5173,0,0.07815311991852276
5174,1,0.6337721911116407
5175,0,0.008080448869922553
5176,0,0.41285004948324094
5177,1,0.28706602456064656
5178,1,0.6234164801439878
5179,1,0.5909480587182278
5180,0,0.18336351418863095
5181,0,0.2919864003855262
5182,0,0.02515037593984962
5183,0,0.17598202975549224
5184,0,0.012371066718892806
5185,0,0.5257050672658657
5186,0,0.16265001935733642
5187,0,0.2876298467950011
5188,1,0.17629811708759077
5189,0,0.01400841888946893
5190,0,0.5263603752606234
5191,0,0.10930529497602669
5192,1,0.7614298147601377
5193,0,0.0015015015015015015
5194,0,0.14345604145401225
5195,1,0.5196769039722563
5196,0,0.002226139182660922
5197,0,0.00306644672841856
5198,0,0.405010910211796
5199,1,0.7540974742519336
5200,0,0.0015015015015015015
5201,1,0.6202259814516898
5202,0,0.011173095142617032
5203,0,0.0062555853440571935
5204,0,0.024739294617240153
5205,0,0.00306644672841856
5206,0,0.3934157726026524
5207,0,0.02370893519961843
5208,0,0.017027404829878665
5209,1,0.6976415323336224
5210,1,0.31617766236852046
5211,1,0.46258107167285517
5212,1,0.6916164937448793
5213,0,0.045812245993405415
5214,1,0.7087512924155012
5215,0,0.16801864587460616
5216,0,0.19973670489342885
5217,0,0.005947464864059199
5218,0,0.3719651561251999
5219,0,0.09567339895347292
5220,0,0.2752053383810661
5221,1,0.7540974742519336
5222,0,0.0015015015015015015
5223,0,0.16067888174790093
5224,0,0.11380121089791094
5225,0,0.6009749662614358
5226,0,0.2581003150623404
5227,0,0.362949821495061
5228,0,0.21751529383351767
5229,1,0.4733635556170865
5230,0,0.21339536550749494
5231,0,0.4575457654927854
5232,1,0.6450199420684517
5233,0,0.527056487898101
5234,0,0.48574894196827206
5235,0,0.44066592791974085
5236,0,0.376730130815398
5237,1,0.308139811315539
5238,0,0.02370893519961843
5239,0,0.4304211659543928
5240,0,0.27799994643141596
5241,1,0.5958165799734835
5242,1,0.7640994844670764
5243,0,0.014130901087422827
5244,0,0.024275828623654707
5245,0,0.05582137009954882
5246,1,0.8428309188911104
5247,0,0.12547305732466707
5248,0,0.1615883373746018
5249,0,0.2579196615606297
5250,0,0.017133914685121793
5251,1,0.6393024637675929
5252,0,0.0015015015015015015
5253,1,0.4957843236843273
5254,0,0.1867040652303544
5255,0,0.19731317035553234
5256,0,0.18056890613828105
5257,0,0.2529029746776974
5258,0,0.02417240119320387
5259,1,0.7940010643686563
5260,0,0.08291158529454017
5261,0,0.21188537675606642
5262,0,0.42414211700823773
5263,0,0.09764512530100855
5264,0,0.008080448869922553
5265,1,0.5334119722895978
5266,0,0.11802353935974626
5267,0,0.2546820536780204
5268,0,0.03620698126185779
5269,0,0.33727490407749344
5270,0,0.5027873489782071
5271,0,0.4127809051444336
5272,1,0.8838669177652229
5273,0,0.027354961477768492
5274,1,0.38706311735993576
5275,1,0.48014661399950187
5276,1,0.7853464616935972
5277,1,0.8661638713888219
5278,0,0.2097430723659008
5279,0,0.6820009216339642
5280,0,0.026646076096625546
5281,1,0.662162513994116
5282,0,0.13736098899450533
5283,1,0.7732241809008723
5284,0,0.0015015015015015015
5285,0,0.3130380573252161
5286,1,0.75828176845126
5287,1,0.6234683839214799
5288,0,0.002226139182660922
5289,1,0.7427634660421546
5290,0,0.043281489336632485
5291,1,0.45448550544618743
5292,0,0.2070777185625422
5293,0,0.2599015765860229
5294,0,0.021720308676830415
5295,0,0.33264891680896064
5296,0,0.33392531145687726
5297,0,0.046560235803488025
5298,0,0.33727490407749344
5299,0,0.013564007663386548
5300,0,0.4731378700998954
5301,0,0.004044027555899845
5302,0,0.0324744062057352
5303,0,0.08290809949657135
5304,0,0.45589983365553205
5305,0,0.26756237116044046
5306,0,0.4552112271833353
5307,1,0.6737034799989411
5308,0,0.006980223025216614
5309,0,0.08061470202058528
5310,0,0.362949821495061
5311,0,0.0015015015015015015
5312,1,0.4441356505308172
5313,0,0.0015015015015015015
5314,0,0.32758082434503794
5315,0,0.3042563512426361
5316,1,0.5827020545853943
5317,0,0.14109144679796856
5318,0,0.014404315209144184
5319,0,0.03290819152142045
5320,0,0.001564945226917058
5321,0,0.5191782461611839
5322,0,0.23850063050814788
5323,1,0.7419489468326678
5324,1,0.6631826401446655
5325,0,0.001564945226917058
5326,1,0.6325174307452288
5327,1,0.757771603032486
5328,0,0.22589034581654507
5329,0,0.48813533432619244
5330,0,0.0207825598478956
5331,0,0.074351547771088
5332,1,0.41226291487634503
5333,1,0.6913954563536863
5334,0,0.34946752593811414
5335,0,0.4116128674093645
5336,1,0.8007522984470316
5337,0,0.002226139182660922
5338,0,0.21692468519068928
5339,1,0.5742966419257703
5340,0,0.2602727385336081
5341,1,0.7282929137767847
5342,1,0.7588881447997471
5343,0,0.008080448869922553
5344,0,0.4484060434805916
5345,1,0.8559147335814549
5346,1,0.7866177994551857
5347,0,0.00306644672841856
5348,0,0.2685283286127307
5349,0,0.014971208633180464
5350,0,0.2529029746776974
5351,0,0.05346119929453263
5352,0,0.3774958620440943
5353,1,0.791065379403794
5354,0,0.19617931610551534
5355,1,0.7952724021302447
5356,0,0.07782395222430087
5357,1,0.48574894196827206
5358,0,0.0015015015015015015
5359,1,0.43081140177958144
5360,1,0.6976415323336224
5361,0,0.16314735975332004
5362,1,0.6733972433641718
5363,0,0.1710230352303523
5364,0,0.6381797101538318
5365,0,0.05315753815432891
5366,0,0.013564007663386548
5367,0,0.38706311735993576
5368,0,0.6340481552345959
5369,0,0.45533535653148954
5370,0,0.004425478109688636
5371,0,0.12767531764010637
5372,1,0.5298716242575255
5373,1,0.3912836901996495
5374,1,0.6092114761084754
5375,0,0.17038713480844528
5376,0,0.0015015015015015015
5377,1,0.44066592791974085
5378,0,0.4234428285811685
5379,0,0.42263543128459297
5380,0,0.22132910658338592
5381,1,0.6589479220925126
5382,0,0.10855371643589302
5383,0,0.09708782244664883
5384,0,0.02021566642385932
5385,1,0.3834658912553819
5386,1,0.8566587812005024
5387,0,0.08925661852083257
5388,1,0.3947075381423553
5389,0,0.03620698126185779
5390,1,0.45886920592705166
5391,0,0.012371066718892806
5392,0,0.3613896535041623
5393,1,0.6383475595340001
5394,0,0.017027404829878665
5395,0,0.0015015015015015015
5396,0,0.001564945226917058
5397,0,0.050177868077653766
5398,1,0.7452822801660011
5399,0,0.18209522595990488
5400,1,0.4781898547860363
5401,1,0.23996803153779897
5402,1,0.7245406008877365
5403,1,0.6870851370851371
5404,0,0.41153731378915204
5405,0,0.11034342302162638
5406,0,0.02417240119320387
5407,0,0.3437956578809251
5408,0,0.5528201996857205
5409,0,0.14023085699625984
5410,0,0.4040610062099612
5411,0,0.0015015015015015015
5412,0,0.14749536117156045
5413,0,0.12302512302512303
5414,0,0.3657197921903805
5415,1,0.7666539987997373
5416,0,0.19081066866662896
5417,0,0.041206704710195115
5418,1,0.45462818806080163
5419,1,0.6515418209891313
5420,0,0.4095630460532968
5421,1,0.6469950601396507
5422,0,0.0015015015015015015
5423,1,0.9160879629629629
5424,0,0.02417240119320387
5425,0,0.15255228558546766
5426,0,0.019418317350648178
5427,0,0.47815980261153035
5428,0,0.2529029746776974
5429,0,0.12368509489988362
5430,0,0.3733223379033089
5431,0,0.03894729609015323
5432,1,0.7952724021302447
5433,1,0.5112559494881129
5434,0,0.03875014918248001
5435,0,0.0
5436,0,0.3192245746589756
5437,1,0.696461216428145
5438,0,0.0015015015015015015
5439,1,0.8170279858100118
5440,0,0.03350204878298925
5441,1,0.6585982315034812
5442,0,0.039907157831686135
5443,0,0.4046876384327327
5444,0,0.3313385740352032
5445,1,0.5134667604227213
5446,1,0.7120406475245185
5447,0,0.0007246376811594203
5448,0,0.0
5449,0,0.30081111145982625
5450,0,0.00306644672841856
5451,0,0.5117862667911325
5452,0,0.2070777185625422
5453,1,0.8566587812005024
5454,0,0.20189238224562178
5455,0,0.4701048376910446
5456,0,0.26927937413039155
5457,0,0.3514198349543178
5458,1,0.5176962327435718
5459,0,0.017125150561448498
5460,1,0.5858925532776923
5461,0,0.002226139182660922
5462,0,0.02667957001489578
5463,1,0.43069221868872676
5464,0,0.4130614427005767
5465,0,0.21339536550749494
5466,1,0.48166872630100244
5467,0,0.017027404829878665
5468,1,0.7394598342294368
5469,1,0.4813001747801999
5470,0,0.002226139182660922
5471,0,0.0015015015015015015
5472,1,0.6144025547324964
5473,0,0.001564945226917058
5474,1,0.8428309188911104
5475,1,0.15324333437078533
5476,0,0.011173095142617032
5477,0,0.0015015015015015015
5478,0,0.35098229130626996
5479,1,0.43069221868872676
5480,1,0.4046876384327327
5481,1,0.7427022841656988
5482,0,0.056644198060547275
5483,1,0.6957216641682661
5484,0,0.08636855529675865
5485,1,0.6069852880197707
5486,0,0.1453315992950139
5487,1,0.48771111517590393
5488,0,0.15318822679303623
5489,1,0.4484060434805916
5490,0,0.029440993788819873
5491,1,0.5115000632303534
5492,1,0.4329608484940753
5493,1,0.5408673377328586
5494,0,0.5485907273648701
5495,0,0.18060797960394628
5496,0,0.015308207615899926
5497,1,0.6623992856449026
5498,0,0.05730942441386469
5499,0,0.2876107045586136
5500,0,0.6200514485773388
5501,1,0.7959836459836459
5502,0,0.42747733244036884
5503,0,0.1458786013126042
5504,1,0.6866435746143531
5505,1,0.6149749573742541
5506,0,0.34340253004260984
5507,0,0.6842223409498486
5508,0,0.026646076096625546
5509,0,0.43448588921734704
5510,0,0.02171932886317014
5511,0,0.017361287909504367
5512,0,0.08644088067107225
5513,0,0.006578947368421052
5514,1,0.34272956638521324
5515,0,0.16972399581095232
5516,0,0.027971396635235443
5517,0,0.3236688970346358
5518,0,0.40424625761371447
5519,1,0.6976415323336224
5520,0,0.20791830075686027
5521,0,0.10497163874274568
5522,1,0.7883016985471393
5523,1,0.34013865646665065
5524,0,0.07139617486445399
5525,0,0.3065443697200974
5526,0,0.41043033497856724
5527,0,0.11219232503319941
5528,0,0.2752053383810661
5529,0,0.19617931610551534
5530,0,0.20363921029518461
5531,0,0.40764827284915867
5532,1,0.7237096722492438
5533,0,0.00306644672841856
5534,0,0.23503210272873187
5535,0,0.08136331478090832
5536,0,0.03140015993918124
5537,1,0.5854400959664118
5538,0,0.0015015015015015015
5539,0,0.16651715822604812
5540,0,0.12349114229927378
5541,1,0.704576800232288
5542,0,0.44298661871382033
5543,0,0.16801864587460616
5544,0,0.23045264978004662
5545,0,0.4041681425420749
5546,1,0.502041154896698
5547,0,0.07214696223316913
5548,1,0.6609721852176084
5549,1,0.5745191714868622
5550,0,0.0015015015015015015
5551,0,0.028874100364783595
5552,0,0.005694373618901921
5553,0,0.0015015015015015015
5554,0,0.38797387178390963
5555,1,0.622095293281734
5556,1,0.5950641507333501
5557,1,0.3871013540982582
5558,0,0.507186447067694
5559,0,0.5182986760655225
5560,0,0.022987145385814468
5561,1,0.6385429334797861
5562,1,0.6269263482052359
5563,1,0.446085352686512
5564,0,0.31161838362925326
5565,0,0.0015015015015015015
5566,1,0.6571449771119057
5567,0,0.0015015015015015015
5568,0,0.34288582222193
5569,0,0.07159391534391535
5570,0,0.05501971593925617
5571,0,0.2132200096167971
5572,0,0.0015015015015015015
5573,0,0.31169832238656114
5574,0,0.4208736430184452
5575,0,0.004917509798559839
5576,0,0.038895974901457735
5577,1,0.5474371665841721
5578,0,0.0950009181945244
5579,0,0.033825706322497075
5580,1,0.5111135786019197
5581,0,0.18882875364123566
5582,1,0.3171432490740625
5583,0,0.039317042606516285
5584,0,0.00306644672841856
5585,0,0.5707880813143972
5586,1,0.6957895797134296
5587,0,0.4915548513634769
5588,0,0.22872840852348977
5589,0,0.38875660172467424
5590,0,0.5115000632303534
5591,0,0.32423189573664973
5592,1,0.44298661871382033
5593,0,0.12368509489988362
5594,0,0.0015015015015015015
5595,0,0.00306644672841856
5596,0,0.03691957868498153
5597,1,0.7301618575368743
5598,1,0.6026472664522707
5599,1,0.6051911365470688
5600,0,0.012273320987322976
5601,0,0.0
5602,1,0.6234164801439878
5603,1,0.5700671696049201
5604,1,0.905217680292456
5605,0,0.008080448869922553
5606,0,0.03875014918248001
5607,0,0.2158391579923089
5608,0,0.00306644672841856
5609,1,0.6625918485034507
5610,0,0.006980223025216614
5611,0,0.2532242396443967
5612,0,0.001564945226917058
5613,0,0.4252727939219556
5614,0,0.2487170159616806
5615,0,0.074351547771088
5616,1,0.5376414446104483
5617,0,0.3307760398070711
5618,0,0.0729951099692598
5619,1,0.5649147495744127
5620,0,0.02021566642385932
5621,0,0.42304140684694386
5622,1,0.7320888846668409
5623,0,0.002226139182660922
5624,0,0.012273320987322976
5625,0,0.35675934280970306
5626,0,0.0007246376811594203
5627,1,0.5072744993797625
5628,0,0.13730356801008978
5629,0,0.06894533442375844
5630,0,0.13623535516355853
5631,0,0.010869565217391304
5632,0,0.2654770319855097
5633,0,0.6026472664522707
5634,0,0.1723981014678689
5635,1,0.6148013131617819
5636,1,0.7298515104966717
5637,0,0.30434043114302056
5638,0,0.4405898817938561
5639,1,0.8353080186732694
5640,1,0.5681739856645353
5641,0,0.37446459141250044
5642,1,0.6393024637675929
5643,0,0.015308207615899926
5644,0,0.02218979631260333
5645,0,0.16830546893818996
5646,1,0.540601697766623
5647,0,0.23042535071484135
5648,0,0.1194396671530818
5649,0,0.008080448869922553
5650,0,0.2405177727706611
5651,0,0.006419011300061342
5652,0,0.006980223025216614
5653,0,0.13933446916924694
5654,0,0.026646076096625546
5655,1,0.5959873303005015
5656,0,0.026591150677650815
5657,0,0.031234498004129276
5658,1,0.3246990697500654
5659,0,0.027354961477768492
5660,0,0.14345604145401225
5661,0,0.02417240119320387
5662,0,0.046245811101367586
5663,1,0.8359933120535036
5664,1,0.4388664056994533
5665,0,0.10930529497602669
5666,0,0.0062555853440571935
5667,0,0.0015015015015015015
5668,1,0.5112637069784496
5669,0,0.038579790165052766
5670,0,0.30081111145982625
5671,1,0.7478901870804778
5672,0,0.10020905084457127
5673,0,0.45589983365553205
5674,1,0.5790912813122048
5675,1,0.32565081206002905
5676,1,0.6916164937448793
5677,1,0.8441022566526989
5678,0,0.2752053383810661
5679,1,0.6058377651445688
5680,0,0.2487170159616806
5681,1,0.6499945532336888
5682,0,0.04688949384956644
5683,1,0.5056941538351486
5684,0,0.05028438231018426
5685,0,0.45506294471811715
5686,0,0.14975955530524843
5687,0,0.40764827284915867
5688,0,0.30772513577467137
5689,0,0.19053410357758183
5690,0,0.3294729823285254
5691,0,0.002226139182660922
5692,1,0.6768145286461307
5693,1,0.5773469429086416
5694,1,0.5860027132504348
5695,0,0.0007246376811594203
5696,0,0.4927809601230087
5697,0,0.15337182777302535
5698,0,0.29126843063686864
5699,1,0.6016433239500929
5700,1,0.5122039851957235
5701,1,0.4830866167730575
5702,1,0.8153440867180585
5703,0,0.12553399691145664
5704,0,0.06343773605036174
5705,1,0.6911893470459917
5706,1,0.6094206088679192
5707,1,0.4373351753262799
5708,1,0.7433622326435719
5709,0,0.006980223025216614
5710,0,0.00306644672841856
5711,1,0.5866883116883116
5712,1,0.46952824133504495
5713,0,0.20434885086326116
5714,1,0.4451955172408491
5715,0,0.006419011300061342
5716,0,0.058383670680418644
5717,1,0.5647359913793103
5718,0,0.0
5719,0,0.0007246376811594203
5720,0,0.5860027132504348
5721,0,0.1458171458171458
5722,0,0.014404315209144184
5723,0,0.24513937285506274
5724,0,0.007820530570974251
5725,0,0.04166745386341288
5726,1,0.8441022566526989
5727,0,0.2239232870990148
5728,1,0.7866177994551857
5729,0,0.024739294617240153
5730,1,0.7545922079225308
5731,1,0.4929814430321815
5732,0,0.0015015015015015015
5733,1,0.6531478138198396
5734,0,0.1426240750502743
5735,0,0.29299863402274023
5736,0,0.4929814430321815
5737,0,0.049823633156966494
5738,1,0.6282879584243785
5739,0,0.32565081206002905
5740,0,0.13623535516355853
5741,0,0.0015015015015015015
5742,1,0.6790904828879513
5743,1,0.457442614258347
5744,0,0.0051501157908480566
5745,0,0.014971208633180464
5746,1,0.5496875221916776
5747,0,0.0015015015015015015
5748,0,0.035895770668125056
5749,0,0.42341915773232897
5750,0,0.03900211917227624
5751,0,0.12470683550495758
5752,0,0.0007246376811594203
5753,0,0.565850999319287
5754,0,0.20375929173118412
5755,0,0.17760782109889903
5756,0,0.1853358922186132
5757,0,0.11476648166547203
5758,1,0.6038295263279262
5759,1,0.369032620724788
5760,0,0.002226139182660922
5761,0,0.5788612316358377
5762,0,0.45035646320334033
5763,0,0.06481144804026552
5764,1,0.39463839380354804
5765,0,0.31777481777481775
5766,0,0.021318022678848917
5767,0,0.002226139182660922
5768,0,0.02108957046789739
5769,0,0.3307760398070711
5770,0,0.4680746456608526
5771,0,0.508080546193069
5772,0,0.24706044347679582
5773,0,0.28500726326813286
5774,1,0.40018005221731695
5775,0,0.28425931683455624
5776,0,0.0
5777,0,0.0
5778,1,0.7301618575368743
5779,0,0.11101590378057491
5780,1,0.4264862075908588
5781,0,0.1635075409723297
5782,0,0.373930866734465
5783,0,0.014130901087422827
5784,0,0.296697463922395
5785,0,0.00306644672841856
5786,0,0.47393033029067994
5787,0,0.03013322073570863
5788,1,0.7010588176155812
5789,0,0.16830546893818996
5790,0,0.4161829341739387
5791,1,0.5248532143791816
5792,1,0.7247034617514009
5793,1,0.5054742415834258
5794,0,0.002226139182660922
5795,0,0.28715478309943737
5796,0,0.1630507782641929
5797,1,0.6587406846027536
5798,0,0.03430304046501229
5799,0,0.0
5800,0,0.13436083048945802
5801,1,0.6026472664522707
5802,1,0.3979305668142421
5803,0,0.06192029232007801
5804,0,0.006980223025216614
5805,0,0.12401931711624808
5806,0,0.0007246376811594203
5807,0,0.0015015015015015015
5808,0,0.45503734059804984
5809,1,0.7331952035627954
5810,0,0.12869927494932065
5811,1,0.4836092795528075
5812,0,0.3368974145120934
5813,1,0.47393033029067994
5814,1,0.06758252818035428
5815,0,0.354130596827226
5816,0,0.0015015015015015015
5817,0,0.11326657129975337
5818,0,0.28269312547385894
5819,1,0.8559147335814549
5820,0,0.04360766045548654
5821,0,0.037006962647988285
5822,0,0.04654480135249366
5823,1,0.5644421642446503
5824,0,0.08933936265438702
5825,1,0.7229245565887653
5826,0,0.07494268077601411
5827,0,0.03129834278902602
5828,1,0.6431482704546485
5829,0,0.03524588516769035
5830,0,0.13883364712637578
5831,1,0.4304112513364638
5832,0,0.03417163890113639
5833,1,0.6080985866244769
5834,0,0.02417240119320387
5835,0,0.058383670680418644
5836,0,0.39765202868651145
5837,0,0.0007246376811594203
5838,1,0.6003196582666781
5839,0,0.20872482888624677
5840,0,0.07029071199802907
5841,0,0.405010910211796
5842,0,0.0
5843,0,0.011173095142617032
5844,0,0.4129619805481875
5845,0,0.02218979631260333
5846,1,0.7021873047652609
5847,0,0.32476821408887263
5848,1,0.630008399548801
5849,0,0.41295454260769354
5850,1,0.4525359550934998
5851,1,0.8153440867180585
5852,0,0.033736147040976015
5853,1,0.5963837909160827
5854,0,0.022987145385814468
5855,0,0.012834532712478246
5856,0,0.0015015015015015015
5857,0,0.16037567865398053
5858,1,0.8457861557446523
5859,0,0.33841890706806876
5860,0,0.0060949573244659895
5861,0,0.47751821447473625
5862,0,0.011173095142617032
5863,1,0.7600634374384544
5864,1,0.6203126203126202
5865,0,0.5438823077653776
5866,0,0.49850846321434555
5867,0,0.019158399051699877
5868,1,0.7150160442432364
5869,0,0.03854195806776002
5870,0,0.7866177994551857
5871,0,0.3493021140079963
5872,0,0.0015015015015015015
5873,0,0.22052169837765864
5874,0,0.4565125205889782
5875,0,0.00306644672841856
5876,1,0.5308627491070356
5877,1,0.6676998468114198
5878,1,0.6433228033289995
5879,0,0.005990423336605694
5880,0,0.6623992856449026
5881,0,0.0742450335385575
5882,1,0.5146928691822531
5883,1,0.7940578954292867
5884,0,0.037006962647988285
5885,0,0.0
5886,0,0.17259113421596675
5887,0,0.23055318013253032
5888,1,0.7101819589624467
5889,1,0.6261626246735514
5890,0,0.02417240119320387
5891,0,0.2655211419705622
5892,1,0.34443785533459575
5893,1,0.40424625761371447
5894,1,0.39463839380354804
5895,0,0.3709905074807582
5896,1,0.7406925629366333
5897,0,0.3407518413283898
5898,1,0.4524255820807545
5899,0,0.00306644672841856
5900,1,0.3733223379033089
5901,0,0.4041095655965634
5902,0,0.08001310331122537
5903,0,0.39670311496642063
5904,0,0.027212969520661826
5905,0,0.0051501157908480566
5906,1,0.623141351402221
5907,1,0.3004968440949134
5908,0,0.2507990040470291
5909,0,0.3664227973943588
5910,0,0.3720764372773231
5911,1,0.8095128257700018
5912,1,0.700999792845539
5913,1,0.704576800232288
5914,0,0.35628092704748665
5915,0,0.4280548560513641
5916,0,0.04597790792845738
5917,0,0.28143703349536475
5918,0,0.29008948189702105
5919,1,0.4938755421575564
5920,0,0.030215983118360795
5921,1,0.40424625761371447
5922,0,0.33766560369189286
5923,1,0.26756237116044046
5924,0,0.21670260080856107
5925,1,0.5477687759172419
5926,0,0.17760782109889903
5927,0,0.15751281219321453
5928,0,0.43583067610323495
5929,0,0.5972416013142633
5930,1,0.7871634575310494
5931,1,0.5833962512620167
5932,0,0.09317298898422971
5933,0,0.06031224025470888
5934,1,0.8421118906278108
5935,1,0.685052572597081
5936,0,0.4982132014918899
5937,1,0.44212768526063834
5938,0,0.35651727691346186
5939,0,0.5027873489782071
5940,0,0.02846301904217412
5941,0,0.3769818430081322
5942,0,0.46869044912612945
5943,1,0.4130676976159298
5944,0,0.11541005291005291
5945,0,0.19607468825012822
5946,0,0.405010910211796
5947,0,0.4466139335704553
5948,0,0.20108135832071614
5949,0,0.32634473059694563
5950,0,0.35589978496955244
5951,1,0.7004352889152701
5952,0,0.46590180932741493
5953,0,0.0945474953044339
5954,1,0.5305602307297224
5955,1,0.8441022566526989
5956,1,0.49585883907276784
5957,0,0.23146495000041908
5958,1,0.5298716242575255
5959,1,0.6570928850399049
5960,0,0.0015015015015015015
5961,0,0.13907591053932516
5962,0,0.3106119764442668
5963,0,0.002226139182660922
5964,0,0.021036075153072074
5965,0,0.07287052721835331
5966,0,0.03570663432090813
5967,0,0.4121276670533236
5968,0,0.1301352128474449
5969,1,0.5257050672658657
5970,1,0.7732241809008723
5971,0,0.03140015993918124
5972,1,0.7397298956414978
5973,0,0.49060235818537395
5974,0,0.354130596827226
5975,0,0.04892794450835606
5976,1,0.5684596425134346
5977,0,0.36945033158946555
5978,0,0.3947606274505458
5979,0,0.016563938836293226
5980,0,0.1040971623259798
5981,0,0.06894533442375844
5982,0,0.1555043925326944
5983,0,0.03499073200871516
5984,0,0.4510659280533325
5985,1,0.7959836459836459
5986,0,0.14995242736470807
5987,0,0.13877717234619152
5988,0,0.0840753182626135
5989,0,0.0373803278381993
5990,1,0.7067875374326987
5991,0,0.7841711690548899
5992,1,0.44066592791974085
5993,0,0.16726630772568907
5994,0,0.22918730668251408
5995,0,0.12915269783941116
5996,0,0.07990658907869487
5997,0,0.1348960039305601
5998,0,0.0015015015015015015
5999,0,0.31271423541086457
6000,0,0.0
6001,0,0.0015015015015015015
6002,0,0.3679531812211367
6003,1,0.446085352686512
6004,1,0.6321229865965389
6005,0,0.12035601961370784
6006,0,0.14264032883279745
6007,0,0.12261904761904763
6008,0,0.4915548513634769
6009,0,0.11315225323846012
6010,0,0.5754337607044993
6011,1,0.7984302763839417
6012,0,0.07159391534391535
6013,1,0.7107909830350533
6014,0,0.32139523301919665
6015,0,0.0
6016,0,0.008080448869922553
6017,0,0.4957843236843273
6018,0,0.0022988505747126436
6019,0,0.3617039208690751
6020,1,0.8353080186732694
6021,0,0.18028274707510908
6022,1,0.4126688904386959
6023,0,0.0015015015015015015
6024,0,0.0
6025,0,0.08001310331122537
6026,1,0.858342680292456
6027,0,0.22194137207362152
6028,0,0.07861386907174053
6029,1,0.3866571417975848
6030,0,0.2051737817083379
6031,0,0.02648041416157358
6032,0,0.48223884571650094
6033,0,0.0062555853440571935
6034,0,0.04570573176087492
6035,0,0.47393033029067994
6036,0,0.027212969520661826
6037,0,0.011173095142617032
6038,0,0.006980223025216614
6039,0,0.09764512530100855
6040,0,0.36288067715625366
6041,1,0.6099193601838944
6042,0,0.009904199633403749
6043,1,0.4936834386503672
6044,0,0.008080448869922553
6045,0,0.40764827284915867
6046,1,0.6503004214868621
6047,0,0.0015015015015015015
6048,0,0.3039629415776205
6049,0,0.22176336168956093
6050,0,0.02417240119320387
6051,0,0.002226139182660922
6052,0,0.6913954563536863
6053,0,0.08001310331122537
6054,0,0.08644088067107225
6055,0,0.18594031607307307
6056,0,0.1706218700783918
6057,1,0.7432287187540191
6058,0,0.15118411257372646
6059,1,0.7658805476316813
6060,0,0.0015015015015015015
6061,0,0.1750888958263003
6062,0,0.6200514485773388
6063,0,0.0062555853440571935
6064,1,0.3894517498479348
6065,0,0.3367311796215322
6066,0,0.1867040652303544
6067,0,0.6900622697218072
6068,0,0.0015015015015015015
6069,0,0.02417240119320387
6070,0,0.021036075153072074
6071,1,0.5932382745942069
6072,1,0.7116898272187094
6073,0,0.31118362786807424
6074,0,0.05884441983363642
6075,0,0.017027404829878665
6076,0,0.05160080455490242
6077,0,0.0015015015015015015
6078,0,0.002226139182660922
6079,0,0.0
6080,0,0.5783912645991541
6081,0,0.056251410516813365
6082,0,0.1464771176919064
6083,0,0.46203773145532195
6084,0,0.02417240119320387
6085,0,0.017027404829878665
6086,1,0.6355300264750282
6087,1,0.4915548513634769
6088,1,0.8359933120535036
6089,0,0.08001310331122537
6090,0,0.0950009181945244
6091,0,0.24333296726246675
6092,0,0.34142061501721654
6093,0,0.25934213371960785
6094,1,0.5330291056820079
6095,1,0.5157295355512037
6096,0,0.40764827284915867
6097,1,0.8005897408774599
6098,0,0.28961260629705265
6099,0,0.012273320987322976
6100,0,0.282769409571999
6101,1,0.5476169763251103
6102,1,0.7191638998176052
6103,1,0.7785088548559904
6104,1,0.4070177478105867
6105,0,0.1046321094884169
6106,0,0.28500726326813286
6107,0,0.41161610210323446
6108,1,0.38506170020214325
6109,0,0.4911740786988122
6110,1,0.6393024637675929
6111,0,0.19617931610551534
6112,0,0.02370893519961843
6113,0,0.056480180857654994
6114,1,0.6814733391500306
6115,0,0.0015015015015015015
6116,0,0.42846083161371507
6117,1,0.3421400072531362
6118,1,0.6465958997394609
6119,0,0.02846301904217412
6120,1,0.8441022566526989
6121,1,0.8227514941254658
6122,0,0.014404315209144184
6123,1,0.5773990349806425
6124,1,0.5582997389717281
6125,0,0.0945474953044339
6126,0,0.0324744062057352
6127,0,0.15359144679796854
6128,1,0.31271423541086457
6129,0,0.314492930436911
6130,0,0.03807335668658562
6131,0,0.4704560787159024
6132,1,0.3785851122058019
6133,0,0.08644088067107225
6134,0,0.024583482515813344
6135,0,0.09766938496613294
6136,0,0.06145954316686023
6137,1,0.5858925532776923
6138,0,0.007259318845818979
6139,0,0.012273320987322976
6140,0,0.15255228558546766
6141,0,0.017027404829878665
6142,0,0.5212447314142229
6143,1,0.5352257307874296
6144,0,0.35530540071264133
6145,1,0.7167426661531007
6146,0,0.021318022678848917
6147,0,0.6733972433641718
6148,0,0.0015015015015015015
6149,1,0.4548052516209844
6150,1,0.6003173834919707
6151,0,0.3373040954653213
6152,0,0.282769409571999
6153,0,0.08824525745257451
6154,1,0.7866177994551857
6155,0,0.0015015015015015015
6156,1,0.5773990349806425
6157,0,0.44367482025709876
6158,0,0.08379151900493365
6159,0,0.02108957046789739
6160,1,0.18058873493656102
6161,1,0.5100920659298674
6162,1,0.4200387349282158
6163,0,0.26123657931800465
6164,1,0.34814115548060504
6165,0,0.002226139182660922
6166,0,0.2716655913898756
6167,1,0.7173110838678474
6168,0,0.13647009043350505
6169,0,0.4528315576431054
6170,0,0.1188111844662012
6171,0,0.012834532712478246
6172,1,0.545362820636125
6173,0,0.03293515535895297
6174,0,0.0007246376811594203
6175,0,0.33889275584066486
6176,1,0.8033910533910533
6177,0,0.2239232870990148
6178,0,0.10707138453617326
6179,0,0.11034342302162638
6180,0,0.1918093045682109
6181,0,0.07218609171189366
6182,1,0.7578010065814943
6183,0,0.002226139182660922
6184,0,0.2727796142430289
6185,0,0.012371066718892806
6186,1,0.37010887142619026
6187,0,0.5783068783068782
6188,0,0.29261176166138325
6189,0,0.0015015015015015015
6190,0,0.0
6191,1,0.7123451352134671
6192,0,0.3027571748716837
6193,0,0.15359144679796854
6194,0,0.24183746640866707
6195,0,0.2415007890131952
6196,1,0.5637919865195763
6197,0,0.002226139182660922
6198,0,0.04396007849955219
6199,0,0.00306644672841856
6200,0,0.013564007663386548
6201,1,0.6124706263673932
6202,1,0.44066592791974085
6203,0,0.016563938836293226
6204,0,0.012273320987322976
6205,1,0.8187736036573247
6206,0,0.07140970979170562
6207,0,0.15449074074074073
6208,0,0.02705039001040215
6209,0,0.16406443005614657
6210,1,0.46799726174575645
6211,1,0.7212116950091634
6212,1,0.39861805989854765
6213,1,0.5115000632303534
6214,1,0.36288067715625366
6215,1,0.6805505486357881
6216,0,0.029779203902010918
6217,1,0.6200514485773388
6218,0,0.006980223025216614
6219,1,0.6805505486357881
6220,0,0.0801539528673675
6221,1,0.46952824133504495
6222,0,0.30434043114302056
6223,0,0.1719462655587616
6224,0,0.4698242350820087
6225,1,0.595580129530109
6226,0,0.03129834278902602
6227,0,0.037195317546634035
6228,0,0.33727490407749344
6229,0,0.07186313268179612
6230,1,0.8441022566526989
6231,0,0.024275828623654707
6232,0,0.03140015993918124
6233,0,0.06758252818035428
6234,0,0.011004425478109689
6235,0,0.28454297377715804
6236,1,0.6064930731393264
6237,0,0.6503004214868621
6238,0,0.019862728576730562
6239,0,0.011584176465226506
6240,0,0.3523781203121232
6241,0,0.25164728682170545
6242,0,0.3898577254102857
6243,1,0.7785088548559904
6244,0,0.0015015015015015015
6245,0,0.2536343168100445
6246,0,0.012834532712478246
6247,0,0.09159716232597981
6248,0,0.12904968564906452
6249,1,0.7900610624629154
6250,0,0.10226270118285825
6251,0,0.4097696527518689
6252,0,0.027720322363179506
6253,0,0.009502923976608187
6254,1,0.6355300264750282
6255,0,0.024583482515813344
6256,0,0.0015015015015015015
6257,0,0.0015015015015015015
6258,1,0.5333082505506228
6259,0,0.2823919200065989
6260,1,0.7388164602119334
6261,1,0.8441022566526989
6262,0,0.4981050144784069
6263,0,0.34993657222435065
6264,0,0.3192245746589756
6265,0,0.03170289855072464
6266,0,0.059863286483331245
6267,1,0.8271565636468144
6268,1,0.5528201996857205
6269,1,0.48584777696041687
6270,1,0.8575986326734083
6271,0,0.0015015015015015015
6272,1,0.5860027132504348
6273,0,0.26106229182816837
6274,0,0.21269071164269338
6275,0,0.002226139182660922
6276,1,0.6436404295520317
6277,1,0.4704560787159024
6278,0,0.18014662520810917
6279,0,0.4915548513634769
6280,0,0.033825706322497075
6281,0,0.13779448591387486
6282,1,0.6094206088679192
6283,1,0.7960759185521858
6284,0,0.21566755104324856
6285,0,0.02792312851983468
6286,0,0.3399255927917135
6287,0,0.049823633156966494
6288,0,0.13095707462091344
6289,0,0.04445580819157722
6290,1,0.44066592791974085
6291,0,0.37787010131687376
6292,1,0.4606111397866173
6293,1,0.66568169809526
6294,0,0.3368974145120934
6295,0,0.3717430717430717
6296,0,0.005947464864059199
6297,0,0.031234498004129276
6298,0,0.3221098044582604
6299,0,0.049823633156966494
6300,0,0.0
6301,1,0.7945749434281053
6302,0,0.08137045813586098
6303,0,0.5817471503518016
6304,0,0.16898148148148148
6305,1,0.5018209784746854
6306,1,0.653505975789603
6307,0,0.02401411854473426
6308,1,0.39654965284399374
6309,0,0.006419011300061342
6310,1,0.7196383111017258
6311,0,0.005990423336605694
6312,1,0.5742966419257703
6313,0,0.08291158529454017
6314,1,0.6930667948983968
6315,0,0.019418317350648178
6316,1,0.6057738871298194
6317,0,0.5580359398388515
6318,1,0.6051911365470688
6319,0,0.00306644672841856
6320,0,0.021372675073065447
6321,0,0.006666666666666667
6322,0,0.012273320987322976
6323,1,0.5307748538011697
6324,0,0.002226139182660922
6325,0,0.10382336958290217
6326,0,0.0
6327,0,0.0007246376811594203
6328,0,0.2332943472649355
6329,0,0.14703400677572329
6330,0,0.02417240119320387
6331,0,0.5179187623046635
6332,0,0.15283290991849263
6333,0,0.6144414434143611
6334,0,0.2530583798609693
6335,0,0.2579196615606297
6336,0,0.002226139182660922
6337,1,0.6097851335656214
6338,0,0.39840401276789783
6339,1,0.35530540071264133
6340,1,0.35258439251059176
6341,0,0.6200514485773388
6342,0,0.20875174703004892
6343,0,0.002226139182660922
6344,1,0.5337777782730088
6345,0,0.06329191033138402
6346,1,0.27077926014096226
6347,0,0.09159716232597981
6348,0,0.002226139182660922
6349,0,0.6773921027892901
6350,1,0.3192026217601665
6351,0,0.2656626575581085
6352,0,0.29126843063686864
6353,0,0.19617931610551534
6354,1,0.4112929411000715
6355,0,0.548272284319868
6356,0,0.06038529690030628
6357,1,0.41018611543438954
6358,0,0.0015015015015015015
6359,1,0.4617235144341259
6360,1,0.5224931682814365
6361,0,0.3872375400061945
6362,1,0.7991743240029893
6363,1,0.7235945512712426
6364,0,0.0
6365,0,0.5049770431588613
6366,0,0.02370893519961843
6367,0,0.012739523380255644
6368,1,0.4793006039353205
6369,0,0.1040971623259798
6370,1,0.7866177994551857
6371,1,0.687062110958324
6372,0,0.006980223025216614
6373,1,0.5504428046306439
6374,0,0.06297698689714397
6375,0,0.012834532712478246
6376,1,0.7508112287648941
6377,0,0.002226139182660922
6378,0,0.11315225323846012
6379,0,0.46258107167285517
6380,1,0.5685359392317467
6381,0,0.4130676976159298
6382,0,0.4751564390502117
6383,0,0.035895770668125056
6384,1,0.6383475595340001
6385,0,0.0015015015015015015
6386,0,0.15467697399634892
6387,1,0.4751564390502117
6388,1,0.46799726174575645
6389,1,0.8020142423019614
6390,0,0.08780928353810102
6391,0,0.11938755688755688
6392,1,0.3500994108747331
6393,0,0.28381714643997485
6394,1,0.6431482704546485
6395,1,0.425382313373418
6396,0,0.4539852304558187
6397,0,0.0051501157908480566
6398,1,0.7063131261485781
6399,0,0.20323862763982525
6400,0,0.047619047619047616
6401,0,0.3265824659025161
6402,1,0.8072351421188632
6403,0,0.2656626575581085
6404,1,0.7866177994551857
6405,1,0.7425941081229904
6406,0,0.0
6407,0,0.1719462655587616
6408,0,0.2563799119285937
6409,0,0.37416620288592606
6410,0,0.5485907273648701
6411,0,0.0
6412,1,0.1411663394533895
6413,0,0.2603416848699867
6414,0,0.32423189573664973
6415,1,0.5583225526647393
6416,1,0.4631106946689038
6417,0,0.04751290334822911
6418,0,0.1209086066465548
6419,0,0.09774387999676831
6420,1,0.8008582230949428
6421,0,0.0015015015015015015
6422,0,0.06031224025470888
6423,0,0.26205868783993785
6424,0,0.12255995144904924
6425,0,0.4252727939219556
6426,0,0.4801120448179272
6427,1,0.4642970516083899
6428,1,0.764609209870093
6429,0,0.14345604145401225
6430,0,0.02515037593984962
6431,0,0.012013402688374671
6432,0,0.002226139182660922
6433,0,0.06543535532194923
6434,0,0.028978420589608422
6435,1,0.5993218629860717
6436,1,0.6134409484293257
6437,0,0.4599042196584256
6438,1,0.6477688977688979
6439,0,0.0007246376811594203
6440,0,0.4173899634594034
6441,1,0.7554448817920174
6442,1,0.5073309057425079
6443,0,0.0
6444,0,0.1179432986498204
6445,0,0.007259318845818979
6446,0,0.26798465209061234
6447,0,0.31169832238656114
6448,0,0.0
6449,1,0.5721395019466322
6450,0,0.05547085148420577
6451,1,0.5730054149450733
6452,0,0.07205466449713312
6453,1,0.8213269927009644
6454,0,0.24113498711973733
6455,0,0.03174989955156358
6456,0,0.002226139182660922
6457,0,0.18865443053451228
6458,1,0.5115000632303534
6459,0,0.4947476573153767
6460,0,0.041673662527537216
6461,0,0.27799994643141596
6462,0,0.369032620724788
6463,1,0.8227514941254658
6464,0,0.1630507782641929
6465,1,0.6608082836276306
6466,0,0.5134667604227213
6467,0,0.3329460572510486
6468,1,0.47663914411041447
6469,0,0.00306644672841856
6470,0,0.17292593891765543
6471,0,0.019418317350648178
6472,0,0.019158399051699877
6473,0,0.36646060249239526
6474,0,0.06745297502236107
6475,0,0.3016409470451166
6476,1,0.5866883116883116
6477,0,0.0007246376811594203
6478,0,0.002226139182660922
6479,0,0.26798465209061234
6480,1,0.6009749662614358
6481,0,0.35391786994415914
6482,1,0.49726633710193946
6483,0,0.2793418313203953
6484,0,0.059773799781811854
6485,0,0.050718157861015
6486,1,0.5189662583279605
6487,0,0.38305296270611366
6488,0,0.44066592791974085
6489,0,0.6502742506014488
6490,0,0.006980223025216614
6491,1,0.6193961405825812
6492,0,0.026646076096625546
6493,0,0.08779467277252213
6494,0,0.03013322073570863
6495,0,0.42263543128459297
6496,1,0.5824686256504438
6497,0,0.41968473264557155
6498,1,0.4017943840389049
6499,0,0.0015015015015015015
6500,0,0.019418317350648178
6501,1,0.8153440867180585
6502,1,0.47426233992483685
6503,1,0.8441022566526989
6504,0,0.0015015015015015015
6505,1,0.8041351010101009
6506,1,0.8244353932174192
6507,0,0.16726630772568907
6508,0,0.4947476573153767
6509,0,0.45853196483789493
6510,1,0.8188192323975558
6511,0,0.0015015015015015015
6512,0,0.3989140536455114
6513,1,0.6571449771119057
6514,0,0.49145299145299143
6515,1,0.6200514485773388
6516,0,0.47815980261153035
6517,1,0.3859659882214614
6518,0,0.16801864587460616
6519,0,0.003023488255872064
6520,0,0.3039629415776205
6521,0,0.0022988505747126436
6522,0,0.045812245993405415
6523,1,0.5408434110913812
6524,0,0.13807505468854916
6525,1,0.7282929137767847
6526,0,0.5970864410650215
6527,0,0.4954362637875735
6528,1,0.7119265988694962
6529,0,0.38603050957481333
6530,0,0.0
6531,0,0.6083647447531296
6532,1,0.6269263482052359
6533,0,0.48552964710105023
6534,0,0.12915269783941116
6535,0,0.4090873366735435
6536,0,0.2949703487490243
6537,0,0.03196705336321752
6538,0,0.0015015015015015015
6539,1,0.7315961504037212
6540,0,0.2656626575581085
6541,0,0.3204035233988231
6542,0,0.06373720177371156
6543,0,0.26681577553549873
6544,0,0.021720308676830415
6545,1,0.5108079370532136
6546,0,0.09159716232597981
6547,0,0.3260644756344275
6548,0,0.5423493511504707
6549,1,0.8485498366013071
6550,0,0.01567429266959783
6551,0,0.48879064232095004
6552,0,0.0015015015015015015
6553,1,0.4102973151824542
6554,0,0.0015015015015015015
6555,0,0.19162336169158556
6556,1,0.7242397125615652
6557,0,0.48552964710105023
6558,0,0.05453794545190954
6559,1,0.6864089063354735
6560,1,0.6976415323336224
6561,0,0.006419011300061342
6562,0,0.0015015015015015015
6563,1,0.6058377651445688
6564,1,0.4796418160291425
6565,0,0.04751290334822911
6566,0,0.08001310331122537
6567,0,0.44066592791974085
6568,1,0.8153440867180585
6569,0,0.35214868180183273
6570,1,0.9843137254901961
6571,1,0.8559147335814549
6572,0,0.16192679109889688
6573,0,0.13647009043350505
6574,1,0.42263543128459297
6575,1,0.6835754684591895
6576,0,0.14703400677572329
6577,1,0.664703767769307
6578,0,0.05028438231018426
6579,1,0.8008582230949428
6580,0,0.002226139182660922
6581,0,0.027574618364092047
6582,0,0.5691186898144972
6583,0,0.10178338549817423
6584,0,0.2807777909472825
6585,0,0.0
6586,1,0.5630155725759457
6587,0,0.11034342302162638
6588,0,0.014404315209144184
6589,0,0.019418317350648178
6590,0,0.49370001230466354
6591,1,0.4126688904386959
6592,0,0.3809111737914015
6593,1,0.31271423541086457
6594,0,0.4980683949699363
6595,1,0.6431482704546485
6596,1,0.6571449771119057
6597,0,0.02417240119320387
6598,0,0.1453315992950139
6599,0,0.2620081210778885
6600,1,0.5115000632303534
6601,1,0.5669262309345316
6602,0,0.411561470726625
6603,1,0.7819521178637201
6604,0,0.10507902909403848
6605,0,0.011004425478109689
6606,0,0.3068798449612403
6607,0,0.3034915983686561
6608,0,0.20177002583979328
6609,1,0.7282929137767847
6610,1,0.4959453695417632
6611,1,0.5114542571569755
6612,0,0.0945474953044339
6613,0,0.05437228351685758
6614,0,0.29563810297755255
6615,0,0.2204016224415856
6616,1,0.8723450557103064
6617,0,0.02511921859420464
6618,0,0.06919158932653512
6619,0,0.04731018670593217
6620,0,0.6380684947960026
6621,1,0.8559147335814549
6622,0,0.2782649358796148
6623,1,0.734707629968513
6624,0,0.03135788850074565
6625,0,0.10074525745257452
6626,0,0.2561184000369471
6627,0,0.5607886229582578
6628,1,0.376730130815398
6629,1,0.8559147335814549
6630,1,0.7173110838678474
6631,1,0.6092489510946973
6632,0,0.662172660698551
6633,0,0.0015015015015015015
6634,0,0.09794659663906526
6635,0,0.08516938496613292
6636,0,0.26680842883245487
6637,1,0.7251959088824941
6638,1,0.6761200281792045
6639,0,0.4372498748869947
6640,0,0.019418317350648178
6641,0,0.27077926014096226
6642,0,0.6063485951565618
6643,1,0.8355674163407215
6644,0,0.6167639853686365
6645,0,0.3720764372773231
6646,0,0.14543898964630672
6647,0,0.08933936265438702
6648,0,0.28491397074626107
6649,0,0.0
6650,0,0.0015015015015015015
6651,0,0.08948423758206366
6652,0,0.006980223025216614
6653,0,0.3912076440737648
6654,1,0.3696012545663708
6655,0,0.4559689779943394
6656,0,0.0024318785963409356
6657,0,0.03337165751500589
6658,0,0.28381714643997485
6659,0,0.01998521077468446
6660,1,0.6367420460488497
6661,0,0.011337868480725625
6662,0,0.03891367324467847
6663,1,0.8441022566526989
6664,0,0.022987145385814468
6665,0,0.09586935532266783
6666,1,0.3461838120161023
6667,1,0.21194800569800573
6668,0,0.37165775196906004
6669,0,0.04809523122325976
6670,0,0.08379151900493365
6671,1,0.7640994844670764
6672,0,0.0015015015015015015
6673,1,0.6813892660813562
6674,0,0.0062555853440571935
6675,0,0.0
6676,1,0.5538113245352306
6677,1,0.4274274583499591
6678,1,0.5027681291632958
6679,1,0.4915548513634769
6680,1,0.8457861557446523
6681,1,0.4957843236843273
6682,0,0.2166502663994454
6683,0,0.40200823829306803
6684,1,0.7032988232657518
6685,0,0.185932806094224
6686,1,0.4096469622331691
6687,1,0.5191782461611839
6688,0,0.33981758981758986
6689,0,0.2716640713227258
6690,0,0.024153346425700814
6691,0,0.1457272866477343
6692,0,0.09680529497602668
6693,0,0.07214696223316913
6694,0,0.4548052516209844
6695,0,0.3918548257765539
6696,0,0.5168720843968179
6697,0,0.18751465072667606
6698,0,0.5323379284886903
6699,0,0.011584176465226506
6700,0,0.2656626575581085
6701,0,0.04736104028556859
6702,0,0.2872797975626336
6703,1,0.26756237116044046
6704,1,0.3813099809686354
6705,0,0.02218979631260333
6706,0,0.11086103254832778
6707,1,0.5407438376653202
6708,0,0.002226139182660922
6709,1,0.5685359392317467
6710,0,0.026943880155159017
6711,0,0.43441711545159817
6712,1,0.538090727971975
6713,1,0.4559689779943394
6714,1,0.6161629233809246
6715,0,0.049823633156966494
6716,0,0.19273810298510333
6717,0,0.0015015015015015015
6718,0,0.10693966715308179
6719,0,0.5994719599982758
6720,0,0.008080448869922553
6721,0,0.04874938689041253
6722,0,0.0652721971934833
6723,1,0.585102014509541
6724,0,0.44590751300116854
6725,1,0.7883016985471393
6726,1,0.6478935052868425
6727,1,0.6009749662614358
6728,0,0.003023488255872064
6729,0,0.07861002721629899
6730,0,0.11480099502487562
6731,0,0.25819662077354605
6732,0,0.4680746456608526
6733,0,0.012273320987322976
6734,1,0.7062452106034147
6735,1,0.5432837822652848
6736,0,0.14345707462091342
6737,0,0.17606807146686307
6738,0,0.024583482515813344
6739,0,0.2751264423513734
6740,1,0.6074432786297193
6741,0,0.11034342302162638
6742,0,0.47288036863655525
6743,1,0.8559147335814549
6744,1,0.6184358890810504
6745,0,0.07962832900580313
6746,0,0.11034342302162638
6747,0,0.0015015015015015015
6748,1,0.6450199420684517
6749,0,0.01743848615248814
6750,0,0.34975461880424036
6751,1,0.8740289548022598
6752,1,0.3993653620061866
6753,0,0.5654948840995353
6754,1,0.6869393539559204
6755,0,0.20836464766723709
6756,0,0.04892794450835606
6757,0,0.0015015015015015015
6758,0,0.07505924755603831
6759,1,0.734707629968513
6760,1,0.764871050782653
6761,1,0.7863235503339623
6762,0,0.4563290245108427
6763,0,0.058965599733582896
6764,0,0.013564007663386548
6765,0,0.03175097853813253
6766,0,0.0838220017217874
6767,0,0.1615883373746018
6768,0,0.04825069634852244
6769,1,0.5290787782297725
6770,0,0.22521027499901736
6771,1,0.6420891805202859
6772,1,0.48584777696041687
6773,0,0.38148383055359797
6774,0,0.0015015015015015015
6775,0,0.0015015015015015015
6776,0,0.007259318845818979
6777,1,0.5382123512416609
6778,0,0.015768557706391604
6779,0,0.19999841367461293
6780,0,0.03290819152142045
6781,0,0.0015015015015015015
6782,0,0.29251360659887377
6783,1,0.7902237476628353
6784,0,0.36635761440715003
6785,0,0.027720322363179506
6786,1,0.4126688904386959
6787,0,0.24336354183338718
6788,0,0.012273320987322976
6789,0,0.0449697354276069
6790,0,0.5742966419257703
6791,0,0.027354961477768492
6792,0,0.18882875364123566
6793,0,0.0015015015015015015
6794,0,0.09824694489461137
6795,0,0.1439922480620155
6796,1,0.6598060191128227
6797,0,0.19587142954762882
6798,0,0.007259318845818979
6799,0,0.11087962962962965
6800,0,0.4751564390502117
6801,1,0.6946012685176259
6802,0,0.41226291487634503
6803,0,0.4927809601230087
6804,0,0.12737384630204965
6805,0,0.09395637389884252
6806,1,0.6517519487244409
6807,1,0.7658805476316813
6808,0,0.07057486468406009
6809,1,0.7006239539542768
6810,0,0.04874938689041253
6811,0,0.4915548513634769
6812,0,0.718290903561642
6813,0,0.11426478841687238
6814,1,0.6945472552930453
6815,0,0.3934157726026524
6816,0,0.03499073200871516
6817,0,0.2835791426489101
6818,0,0.002226139182660922
6819,0,0.3207943859952718
6820,0,0.0
6821,1,0.725251277829234
6822,1,0.47393033029067994
6823,0,0.18868598025574768
6824,0,0.038895974901457735
6825,0,0.03288548752834467
6826,0,0.0051501157908480566
6827,0,0.47068764378155015
6828,1,0.7062452106034147
6829,0,0.36635761440715003
6830,0,0.15586407040679903
6831,0,0.059773799781811854
6832,0,0.0
6833,0,0.0015015015015015015
6834,0,0.07584045021792435
6835,0,0.12201376209996899
6836,0,0.002226139182660922
6837,0,0.0015015015015015015
6838,0,0.32286591926270675
6839,1,0.6431482704546485
6840,1,0.7495398910033056
6841,0,0.58492748163519
6842,0,0.47470120901438023
6843,0,0.40341546861635447
6844,0,0.25585298791131916
6845,0,0.43487020534676485
6846,0,0.4050800545506033
6847,0,0.002226139182660922
6848,1,0.7066722903364991
6849,1,0.7511721735740265
6850,0,0.006980223025216614
6851,0,0.1717073972767722
6852,1,0.7991743240029893
6853,1,0.1568394620360912
6854,1,0.46793517820275937
6855,1,0.41143280324598647
6856,1,0.5513480664975754
6857,0,0.5298716242575255
6858,0,0.03423548368603314
6859,0,0.0
6860,1,0.498154920212766
6861,0,0.008080448869922553
6862,1,0.58492748163519
6863,0,0.14109144679796856
6864,1,0.6424929624598908
6865,0,0.007216360373272483
6866,1,0.7388164602119334
6867,0,0.4809194021155352
6868,1,0.4252727939219556
6869,1,0.5534177859938406
6870,0,0.02370893519961843
6871,0,0.3403187206300287
6872,1,0.5211185316666745
6873,0,0.04794940550428203
6874,0,0.019418317350648178
6875,0,0.48569916673364943
6876,0,0.10523504273504274
6877,0,0.10693966715308179
6878,0,0.028874100364783595
6879,1,0.6684096973826151
6880,0,0.16464217143564971
6881,0,0.17259113421596675
6882,0,0.06071476325602817
6883,1,0.5874278971869921
6884,0,0.05924975785602963
6885,0,0.47352435472832904
6886,0,0.10468186748148901
6887,0,0.2523663899810689
6888,0,0.0015015015015015015
6889,0,0.3457381453967998
6890,0,0.05028438231018426
6891,0,0.34506383370429033
6892,0,0.0
6893,0,0.05607294087168127
6894,0,0.004425478109688636
6895,0,0.14287188924870084
6896,1,0.3733223379033089
6897,0,0.36966086779936375
6898,1,0.47393033029067994
6899,0,0.058383670680418644
6900,0,0.02709048732270793
6901,0,0.47359349906713627
6902,1,0.30434043114302056
6903,0,0.20391977906985892
6904,0,0.026943880155159017
6905,0,0.006980223025216614
6906,1,0.7658805476316813
6907,0,0.11276180686118575
6908,0,0.1363427455148513
6909,0,0.41777525479113126
6910,0,0.0
6911,0,0.029029912466210398
6912,0,0.5790912813122048
6913,0,0.05453794545190954
6914,0,0.12368509489988362
6915,0,0.6855164972901685
6916,0,0.3299462042217807
6917,1,0.6995752914210377
6918,1,0.7921920871660261
6919,0,0.11098053440647633
6920,1,0.5721395019466322
6921,1,0.5932382745942069
6922,1,0.7092943748734172
6923,1,0.61364522417154
6924,1,0.5773990349806425
6925,0,0.3947606274505458
6926,0,0.01998521077468446
6927,0,0.04621863023363961
6928,1,0.5321692736685711
6929,1,0.7196383111017258
6930,0,0.012371066718892806
6931,0,0.6026472664522707
6932,1,0.35052477225046763
6933,1,0.552384732866526
6934,0,0.10020905084457127
6935,0,0.29479775032006295
6936,0,0.0015015015015015015
6937,1,0.314492930436911
6938,0,0.00306644672841856
6939,0,0.47017398202985183
6940,0,0.016843203035671658
6941,1,0.7540974742519336
6942,1,0.46257783697898525
6943,0,0.2656626575581085
6944,0,0.017027404829878665
6945,0,0.1742087493588292
6946,0,0.4548743959597916
6947,1,0.44066592791974085
6948,1,0.6438219403335682
6949,0,0.007259318845818979
6950,1,0.8129293389895306
6951,0,0.02021566642385932
6952,1,0.6517519487244409
6953,0,0.018318091505942238
6954,0,0.049823633156966494
6955,0,0.5023030987457865
6956,0,0.46487603305785125
6957,0,0.4551357733175914
6958,0,0.2514801760084779
6959,0,0.1040971623259798
6960,0,0.10468186748148901
6961,1,0.5741880631695658
6962,0,0.1578459854321923
6963,1,0.7764551978291695
6964,1,0.4347839723986513
6965,0,0.46771844533312423
6966,0,0.0015015015015015015
6967,1,0.7251959088824941
6968,0,0.11706336493942691
6969,0,0.0062555853440571935
6970,0,0.052240023353252285
6971,0,0.5145169645169645
6972,0,0.08857314083467753
6973,0,0.039317042606516285
6974,0,0.2034000023959691
6975,0,0.03140015993918124
6976,0,0.49838338949602945
6977,1,0.4957843236843273
6978,0,0.24299816256077808
6979,1,0.7540974742519336
6980,0,0.06192029232007801
6981,0,0.3403187206300287
6982,0,0.25593770225213436
6983,0,0.02021566642385932
6984,1,0.6869393539559204
6985,0,0.014404315209144184
6986,0,0.012145181647805106
6987,1,0.5208974607905885
6988,0,0.16584328159350806
6989,0,0.0015015015015015015
6990,1,0.6568690129889504
6991,0,0.11984830604077466
6992,1,0.611041162227603
6993,0,0.3001744011732913
6994,1,0.5408434110913812
6995,0,0.01400841888946893
6996,1,0.43981809318555004
6997,0,0.4037479497232674
6998,0,0.012371066718892806
6999,1,0.3407518413283898
7000,0,0.0015015015015015015
7001,1,0.7288144499967908
7002,0,0.027007724940055766
7003,1,0.46257783697898525
7004,1,0.7289815416313968
7005,0,0.0
7006,0,0.0007246376811594203
7007,0,0.045812245993405415
7008,0,0.2212980102685985
7009,1,0.7103355968522239
7010,0,0.002226139182660922
7011,1,0.6911893470459917
7012,0,0.002226139182660922
7013,0,0.25857461020751643
7014,1,0.6151764545447134
7015,0,0.0015015015015015015
7016,0,0.3400695121278434
7017,1,0.3898577254102857
7018,0,0.4147459074425366
7019,1,0.7166659225775248
7020,1,0.507186447067694
7021,0,0.0015015015015015015
7022,0,0.006980223025216614
7023,0,0.07218609171189366
7024,1,0.572765411552597
7025,0,0.0598889766543795
7026,0,0.006419011300061342
7027,1,0.7425941081229904
7028,1,0.6415676778752437
7029,0,0.032904699697663777
7030,1,0.6895983450287195
7031,1,0.5191782461611839
7032,0,0.14081556215176905
7033,1,0.4098029372771621
7034,1,0.7192288148843028
7035,0,0.019418317350648178
7036,0,0.0991372053872054
7037,0,0.002226139182660922
7038,1,0.7419724392084799
7039,1,0.758545054200542
7040,0,0.006419011300061342
7041,0,0.4280548560513641
7042,0,0.08933936265438702
7043,0,0.037195317546634035
7044,1,0.8740289548022598
7045,0,0.22295931393027893
7046,0,0.08421296296296298
7047,0,0.0051501157908480566
7048,0,0.0324744062057352
7049,0,0.15255228558546766
7050,0,0.14286241321492563
7051,0,0.02648041416157358
7052,0,0.4767171606802288
7053,1,0.3805541139867275
7054,0,0.09764512530100855
7055,1,0.4412002297310802
7056,0,0.30434043114302056
7057,0,0.00306644672841856
7058,0,0.02507317769686585
7059,0,0.010771819485821474
7060,0,0.3912836901996495
7061,0,0.03499073200871516
7062,1,0.5509906872890169
7063,0,0.11280844515428394
7064,1,0.6044659116996991
7065,0,0.0007246376811594203
7066,0,0.0
7067,0,0.0062555853440571935
7068,0,0.021372675073065447
7069,0,0.10020905084457127
7070,1,0.5176470157880105
7071,0,0.02218979631260333
7072,0,0.08933936265438702
7073,0,0.031865236213062295
7074,0,0.0
7075,0,0.15557336182336182
7076,0,0.293472885764975
7077,0,0.030952550478352433
7078,0,0.5817471503518016
7079,0,0.2331110321069988
7080,0,0.20941636012838546
7081,1,0.5827409432672591
7082,0,0.16670749429370116
7083,1,0.6710029639146949
7084,0,0.0007246376811594203
7085,0,0.3926571890998769
7086,1,0.7952724021302447
7087,0,0.006980223025216614
7088,0,0.1316915019486213
7089,0,0.0015015015015015015
7090,1,0.4552112271833353
7091,1,0.46020140213262534
7092,1,0.5961882210511323
7093,1,0.7737670257861587
7094,0,0.0
7095,0,0.0353097299525871
7096,0,0.008080448869922553
7097,0,0.058243720665525855
7098,0,0.013070670060534117
7099,0,0.011584176465226506
7100,1,0.6871179858984737
7101,0,0.06080006087670444
7102,0,0.4372498748869947
7103,1,0.26910312429975347
7104,0,0.0324744062057352
7105,0,0.2581191407419692
7106,0,0.3485093360217422
7107,0,0.016563938836293226
7108,1,0.6511030262804794
7109,0,0.02648041416157358
7110,0,0.09164901332111912
7111,0,0.3720764372773231
7112,1,0.4875675167911324
7113,1,0.659446673408488
7114,0,0.2488244063129734
7115,0,0.18209522595990488
7116,0,0.22295931393027893
7117,1,0.731000652374624
7118,1,0.38741363211951446
7119,0,0.038081208914542246
7120,1,0.6657375145180023
7121,0,0.006980223025216614
7122,0,0.2097430723659008
7123,1,0.3936684200272745
7124,0,0.1925160186029751
7125,0,0.006578947368421052
7126,0,0.38061108480804223
7127,1,0.4221469622331691
7128,0,0.16698337893990067
7129,1,0.6654726912587429
7130,1,0.5232728688345676
7131,1,0.7123451352134671
7132,0,0.07924924601464886
7133,0,0.4915548513634769
7134,0,0.07614256570380644
7135,1,0.5918766643750643
7136,1,0.8441022566526989
7137,0,0.21443452671999583
7138,0,0.09737185523349046
7139,0,0.23791107137607084
7140,0,0.002226139182660922
7141,1,0.5934570099196782
7142,0,0.1853358922186132
7143,1,0.565850999319287
7144,0,0.3834206242954758
7145,1,0.6449529847820137
7146,1,0.45795353292346075
7147,0,0.2599015765860229
7148,0,0.5810999129028245
7149,0,0.7540974742519336
7150,0,0.011173095142617032
7151,0,0.26429281180521796
7152,0,0.0468817951775841
7153,0,0.6175925925925926
7154,0,0.24754714515238166
7155,0,0.006980223025216614
7156,0,0.10020905084457127
7157,1,0.35255379230799827
7158,1,0.6521869822794538
7159,0,0.24048254553354118
7160,0,0.014971208633180464
7161,1,0.41375030569821475
7162,0,0.3104001420923093
7163,0,0.6338967986295855
7164,0,0.03140015993918124
7165,0,0.04883122755652778
7166,0,0.0015015015015015015
7167,0,0.11025114694274905
7168,1,0.7293091836673877
7169,1,0.6367420460488497
7170,0,0.2546820536780204
7171,0,0.14957702704181577
7172,1,0.755150632670794
7173,0,0.15755346481100085
7174,0,0.1554141682457432
7175,0,0.08095937681325151
7176,1,0.6488415099784279
7177,0,0.4459835970165764
7178,1,0.7173110838678474
7179,0,0.2971181363317455
7180,0,0.0015015015015015015
7181,0,0.006980223025216614
7182,1,0.6590961685416273
7183,0,0.007259318845818979
7184,1,0.7131738392971326
7185,0,0.034802377110069414
7186,0,0.03766227536397614
7187,0,0.080140106332585
7188,0,0.3809111737914015
7189,0,0.40748224648308257
7190,0,0.2765190996898314
7191,1,0.6520683020683021
7192,1,0.8359933120535036
7193,0,0.0007246376811594203
7194,1,0.7103355968522239
7195,0,0.06894533442375844
7196,0,0.5476169763251103
7197,1,0.7820250580852496
7198,1,0.8566587812005024
7199,0,0.08001310331122537
7200,0,0.20768568676378033
7201,0,0.0
7202,0,0.04931399010346379
7203,0,0.3720764372773231
7204,1,0.3869101019904521
7205,0,0.4371807305481874
7206,0,0.002226139182660922
7207,0,0.13883364712637578
7208,1,0.6167968341819732
7209,0,0.18940974334512028
7210,0,0.002226139182660922
7211,1,0.4304112513364638
7212,0,0.012273320987322976
7213,1,0.44178298031383073
7214,1,0.5909480587182278
7215,1,0.6611359256636214
7216,0,0.18060797960394628
7217,0,0.006419011300061342
7218,0,0.0
7219,1,0.8153440867180585
7220,0,0.2014180873705758
7221,1,0.7785088548559904
7222,0,0.0015015015015015015
7223,0,0.5455824350680202
7224,1,0.7694168232142916
7225,0,0.04705215419501133
7226,0,0.3813099809686354
7227,1,0.7952724021302447
7228,1,0.6181725335868262
7229,0,0.022987145385814468
7230,0,0.47529781225433404
7231,0,0.520411870051004
7232,0,0.004917509798559839
7233,1,0.29984643706543174
7234,0,0.037195317546634035
7235,0,0.014130901087422827
7236,0,0.11355072272282851
7237,0,0.07139617486445399
7238,0,0.1658939574637249
7239,1,0.4927809601230087
7240,1,0.547968307562273
7241,0,0.44500617334937814
7242,1,0.8359933120535036
7243,0,0.012273320987322976
7244,1,0.7191638998176052
7245,0,0.11025114694274905
7246,1,0.7301618575368743
7247,1,0.376730130815398
7248,0,0.06600819352675132
7249,0,0.016563938836293226
7250,0,0.6328652798818464
7251,1,0.5348392742009763
7252,1,0.7021873047652609
7253,0,0.26845726560845834
7254,0,0.6328652798818464
7255,0,0.04874938689041253
7256,0,0.11995344151760913
7257,1,0.7062452106034147
7258,0,0.0022988505747126436
7259,0,0.3850348777315069
7260,0,0.47017398202985183
7261,1,0.5322715841816722
7262,0,0.07924924601464886
7263,0,0.400473292765382
7264,1,0.4947476573153767
7265,0,0.01704423763897125
7266,0,0.027212969520661826
7267,0,0.405010910211796
7268,1,0.6913954563536863
7269,0,0.07738777000018389
7270,0,0.26845726560845834
7271,0,0.05330336387330662
7272,0,0.00306644672841856
7273,0,0.4998633667892978
7274,0,0.11101590378057491
7275,1,0.7613347752000427
7276,0,0.5637919865195763
7277,0,0.31118362786807424
7278,0,0.5184548162463473
7279,1,0.5035448929047709
7280,0,0.03417163890113639
7281,0,0.07205466449713312
7282,0,0.1710230352303523
7283,0,0.14345604145401225
7284,0,0.3457381453967998
7285,0,0.08631947762382546
7286,1,0.81407274895647
7287,0,0.05649176294799335
7288,0,0.32189697070881335
7289,0,0.0015015015015015015
7290,0,0.055104838875945826
7291,0,0.4149364576330868
7292,0,0.3658263305322129
7293,1,0.39709803387244635
7294,0,0.0015015015015015015
7295,0,0.32204360460693476
7296,0,0.008080448869922553
7297,0,0.0015015015015015015
7298,0,0.5183088930702853
7299,0,0.34252265920710556
7300,0,0.34451230484231604
7301,1,0.5442153535439842
7302,0,0.06894533442375844
7303,0,0.06620157714165874
7304,0,0.03431847491600666
7305,0,0.008080448869922553
7306,1,0.7785088548559904
7307,0,0.7613347752000427
7308,0,0.002226139182660922
7309,0,0.44066592791974085
7310,0,0.17347829751313348
7311,0,0.1811574074074074
7312,0,0.4532098100255428
7313,0,0.0015015015015015015
7314,0,0.4728357482561322
7315,1,0.7516738057622518
7316,0,0.16750803394341088
7317,0,0.0022988505747126436
7318,0,0.08644088067107225
7319,1,0.30081111145982625
7320,1,0.3774064249926319
7321,0,0.002226139182660922
7322,0,0.008056667919030121
7323,0,0.014971208633180464
7324,0,0.26756237116044046
7325,0,0.0015015015015015015
7326,0,0.06894533442375844
7327,1,0.8559147335814549
7328,1,0.6813892660813562
7329,1,0.6571449771119057
7330,0,0.003023488255872064
7331,0,0.2720194035983509
7332,1,0.8566587812005024
7333,1,0.6920202756844844
7334,0,0.0863729190615884
7335,0,0.0015015015015015015
7336,0,0.013070670060534117
7337,1,0.7952724021302447
7338,1,0.7288144499967908
7339,0,0.04874938689041253
7340,1,0.5257050672658657
7341,0,0.17948337893990066
7342,1,0.6749929508550198
7343,0,0.027720322363179506
7344,0,0.3456487083453375
7345,0,0.5820420472520211
7346,0,0.012273320987322976
7347,1,0.5932645454854689
7348,0,0.2946376888061742
7349,1,0.7650129198966408
7350,0,0.13807505468854916
7351,1,0.5795077260656024
7352,1,0.3106119764442668
7353,0,0.19587142954762882
7354,0,0.0051501157908480566
7355,0,0.04152162814443516
7356,0,0.0545060366488938
7357,0,0.011173095142617032
7358,0,0.0015015015015015015
7359,0,0.002226139182660922
7360,0,0.026943880155159017
7361,1,0.23791868656460902
7362,0,0.007259318845818979
7363,1,0.7397298956414978
7364,1,0.7315834029573747
7365,0,0.7185983487741855
7366,1,0.5595625141987259
7367,0,0.0007246376811594203
7368,0,0.07734266353513215
7369,1,0.6147927746515239
7370,0,0.05028438231018426
7371,0,0.029779203902010918
7372,0,0.08750490151126548
7373,1,0.8227514941254658
7374,0,0.15359144679796854
7375,0,0.3805541139867275
7376,1,0.7554448817920174
7377,0,0.6093190163569601
7378,1,0.8359933120535036
7379,1,0.4884538110974064
7380,1,0.6473906989696463
7381,0,0.013564007663386548
7382,0,0.0950009181945244
7383,0,0.0666126584642682
7384,0,0.029029912466210398
7385,0,0.00306644672841856
7386,0,0.0022988505747126436
7387,1,0.42304140684694386
7388,1,0.45589983365553205
7389,0,0.0022988505747126436
7390,0,0.006419011300061342
7391,0,0.03571428571428572
7392,0,0.00306644672841856
7393,0,0.41014674350178754
7394,0,0.0
7395,1,0.6820009216339642
7396,1,0.7915785764622973
7397,1,0.548272284319868
7398,0,0.1878436772053793
7399,1,0.33096267832623055
7400,0,0.3313385740352032
7401,0,0.26845726560845834
7402,0,0.1936490040932016
7403,1,0.757771603032486
7404,1,0.8072351421188632
7405,0,0.08000741017756724
7406,1,0.5344809341897933
7407,0,0.07139617486445399
7408,1,0.7288144499967908
7409,0,0.002226139182660922
7410,1,0.6911893470459917
7411,0,0.030214904131791842
7412,0,0.26756237116044046
7413,1,0.4728357482561322
7414,1,0.6459507384491383
7415,1,0.1750888958263003
7416,1,0.5235176858661955
7417,0,0.006419011300061342
7418,0,0.2752053383810661
7419,1,0.5029433890025617
7420,0,0.3716833094390079
7421,1,0.5230664405547817
7422,0,0.38970095835012003
7423,1,0.8369919177652229
7424,0,0.4346890657235485
7425,1,0.405010910211796
7426,0,0.024275828623654707
7427,1,0.4227045756234002
7428,0,0.22282508381974844
7429,1,0.8566587812005024
7430,0,0.48442222738897933
7431,1,0.5073309057425079
7432,0,0.08644088067107225
7433,1,0.7444469240727482
7434,0,0.14898069308665338
7435,0,0.033041299629771474
7436,0,0.4040610062099612
7437,0,0.0
7438,0,0.02218979631260333
7439,0,0.4847568523430592
7440,1,0.4904741191822532
7441,0,0.0
7442,0,0.27799994643141596
7443,0,0.3691017650635952
7444,0,0.12737384630204965
7445,0,0.21310511153055148
7446,0,0.002226139182660922
7447,0,0.003023488255872064
7448,0,0.006578947368421052
7449,0,0.10020905084457127
7450,1,0.6404583677229407
7451,0,0.37734303207448994
7452,0,0.18347090453992373
7453,0,0.040132458443641154
7454,0,0.00306644672841856
7455,1,0.5864720334397241
7456,0,0.3954121229983299
7457,0,0.12035601961370784
7458,0,0.03370554059463159
7459,0,0.03164557932673875
7460,1,0.22176336168956093
7461,0,0.4915548513634769
7462,0,0.8441022566526989
7463,1,0.3603540874580102
7464,0,0.5115213814475807
7465,0,0.08857314083467753
7466,0,0.002226139182660922
7467,0,0.44298661871382033
7468,1,0.7739863393079413
7469,0,0.30885804647272536
7470,0,0.047634482070041985
7471,0,0.42484574940103365
7472,1,0.3947075381423553
7473,1,0.6154861315077086
7474,0,0.4985920290277093
7475,0,0.22194137207362152
7476,1,0.600544567929707
7477,0,0.15255228558546766
7478,1,0.327336432387428
7479,1,0.6958766854324753
7480,1,0.545362820636125
7481,1,0.8566587812005024
7482,1,0.8227514941254658
7483,1,0.6976415323336224
7484,0,0.0353097299525871
7485,0,0.011173095142617032
7486,1,0.3768955434563421
7487,1,0.5685359392317467
7488,0,0.00306644672841856
7489,0,0.5565830772788846
7490,1,0.376730130815398
7491,0,0.22905717770310016
7492,1,0.4197207578332805
7493,0,0.002226139182660922
7494,0,0.17606807146686307
7495,0,0.03350204878298925
7496,0,0.48772935876384144
7497,0,0.019418317350648178
7498,1,0.5932382745942069
7499,0,0.024583482515813344
7500,1,0.600544567929707
7501,0,0.018795352254983005
7502,0,0.0652721971934833
7503,0,0.007259318845818979
7504,1,0.7196383111017258
7505,0,0.0007246376811594203
7506,1,0.4415095941698652
7507,0,0.27077926014096226
7508,0,0.0015015015015015015
7509,0,0.3421731500871706
7510,0,0.21692468519068928
7511,1,0.7545922079225308
7512,0,0.4552112271833353
7513,0,0.15255228558546766
7514,0,0.0007246376811594203
7515,0,0.004425478109688636
7516,0,0.047911889375304016
7517,1,0.7166659225775248
7518,1,0.7139095912846081
7519,0,0.07962832900580313
7520,1,0.7136256587615284
7521,0,0.04705215419501133
7522,0,0.3384740705324018
7523,0,0.31501997235060936
7524,0,0.2653210013527941
7525,1,0.44066592791974085
7526,0,0.03570663432090813
7527,1,0.8070848790590007
7528,0,0.21628031987838922
7529,0,0.0015015015015015015
7530,0,0.04152162814443516
7531,0,0.002226139182660922
7532,1,0.534760211793729
7533,0,0.12035601961370784
7534,1,0.6688835318585745
7535,1,0.4981050144784069
7536,0,0.03570663432090813
7537,0,0.4014968273439039
7538,0,0.47815980261153035
7539,1,0.5305053698984771
7540,0,0.661272208320718
7541,0,0.04597790792845738
7542,0,0.1878413629641914
7543,0,0.0015015015015015015
7544,0,0.3782225553582456
7545,1,0.41695449664020884
7546,0,0.0015015015015015015
7547,0,0.0015015015015015015
7548,1,0.369032620724788
7549,0,0.40382757230545147
7550,1,0.549816836124402
7551,0,0.14340696378107906
7552,0,0.0
7553,1,0.26668956935262617
7554,1,0.3768955434563421
7555,0,0.29856614547974925
7556,0,0.05284261472008885
7557,0,0.002226139182660922
7558,0,0.07001958069031239
7559,0,0.08061470202058528
7560,0,0.049823633156966494
7561,0,0.4728357482561322
7562,1,0.4659847584800106
7563,1,0.5056941538351486
7564,0,0.0015015015015015015
7565,1,0.858342680292456
7566,0,0.05607294087168127
7567,0,0.42304140684694386
7568,0,0.002226139182660922
7569,0,0.23171895225213435
7570,0,0.0015015015015015015
7571,1,0.5759170215630302
7572,0,0.4557758879701114
7573,0,0.4701048376910446
7574,0,0.49116836673504327
7575,0,0.056251410516813365
7576,1,0.8188192323975558
7577,0,0.09611012988123681
7578,0,0.2114350630685794
7579,1,0.6094206088679192
7580,0,0.049823633156966494
7581,0,0.006419011300061342
7582,0,0.0015015015015015015
7583,0,0.4167925943788013
7584,1,0.8353080186732694
7585,0,0.05701616735463921
7586,1,0.4050800545506033
7587,0,0.18882875364123566
7588,0,0.0015015015015015015
7589,0,0.04864287265788204
7590,0,0.2454154126403437
7591,1,0.69382781734957
7592,0,0.5707491926325323
7593,0,0.5146928691822531
7594,0,0.5134667604227213
7595,1,0.8146425495262705
7596,0,0.06894533442375844
7597,1,0.6345733790400993
7598,0,0.3612852355608121
7599,0,0.016843203035671658
7600,0,0.24754714515238166
7601,0,0.0
7602,0,0.41481067935340804
7603,0,0.4420925195884455
7604,0,0.04036790698490391
7605,1,0.6689234538071748
7606,1,0.5943680380958725
7607,1,0.7062452106034147
7608,0,0.0652721971934833
7609,0,0.4705289073153767
7610,0,0.013245614035087718
7611,1,0.8559147335814549
7612,0,0.006980223025216614
7613,0,0.1194396671530818
7614,0,0.0
7615,0,0.2890366693479774
7616,0,0.011173095142617032
7617,0,0.01575850932066538
7618,0,0.0051501157908480566
7619,0,0.405010910211796
7620,0,0.2629272063543163
7621,0,0.0036486142893465546
7622,0,0.002226139182660922
7623,1,0.494830905742508
7624,0,0.1008815316035198
7625,1,0.58492748163519
7626,0,0.002226139182660922
7627,1,0.5685359392317467
7628,1,0.5018552301160998
7629,0,0.006980223025216614
7630,0,0.03570663432090813
7631,0,0.5524124176223915
7632,0,0.02417240119320387
7633,1,0.7540974742519336
7634,0,0.0
7635,0,0.0
7636,0,0.405010910211796
7637,0,0.002226139182660922
7638,1,0.58492748163519
7639,1,0.5191782461611839
7640,0,0.39864158144319006
7641,0,0.16004562143523532
7642,0,0.0801539528673675
7643,0,0.03664268149163872
7644,0,0.15296296411108798
7645,0,0.37023856839979424
7646,0,0.3850348777315069
7647,0,0.35530540071264133
7648,0,0.04208474385014669
7649,0,0.43069221868872676
7650,0,0.2278786103915101
7651,0,0.00306644672841856
7652,0,0.4957843236843273
7653,0,0.5932382745942069
7654,1,0.5191814808550539
7655,0,0.13807505468854916
7656,0,0.0062555853440571935
7657,0,0.07782395222430087
7658,0,0.25001831588693196
7659,1,0.6383475595340001
7660,0,0.31050878607490034
7661,0,0.015201664282355325
7662,0,0.037360979481686
7663,0,0.024583482515813344
7664,0,0.17061262645851125
7665,0,0.22132910658338592
7666,0,0.18014662520810917
7667,1,0.8559147335814549
7668,0,0.3403187206300287
7669,0,0.15501029689037865
7670,0,0.006980223025216614
7671,0,0.13623535516355853
7672,0,0.0015015015015015015
7673,0,0.3434679922798349
7674,0,0.405010910211796
7675,0,0.27529324264569155
7676,0,0.0062555853440571935
7677,0,0.011173095142617032
7678,0,0.549816836124402
7679,0,0.21839700996677738
7680,0,0.011173095142617032
7681,0,0.45718858235099336
7682,1,0.7316043149695656
7683,0,0.039332477057510654
7684,0,0.3769818430081322
7685,1,0.8369919177652229
7686,1,0.734707629968513
7687,0,0.002226139182660922
7688,0,0.6041784968254441
7689,1,0.7061423761423762
7690,0,0.23298414940364096
7691,0,0.00306644672841856
7692,0,0.011173095142617032
7693,0,0.0
7694,0,0.17081325392495605
7695,1,0.4972109153530319
7696,0,0.20392587235734191
7697,0,0.1997927949428748
7698,0,0.0015015015015015015
7699,1,0.6895983450287195
7700,0,0.0022988505747126436
7701,1,0.5488419598974056
7702,1,0.7969563012221982
7703,1,0.6866435746143531
7704,0,0.0015015015015015015
7705,1,0.45093768905021187
7706,0,0.3403187206300287
7707,1,0.40842621969886733
7708,0,0.021500651790506864
7709,0,0.14307336182336183
7710,0,0.10507902909403848
7711,0,0.052815130401337305
7712,0,0.006980223025216614
7713,1,0.8441022566526989
7714,1,0.8188192323975558
7715,0,0.41049947931737446
7716,0,0.0494959006448999
7717,0,0.10020905084457127
7718,1,0.6508831720696128
7719,0,0.4321188103574314
7720,0,0.03417163890113639
7721,0,0.09212832900580314
7722,0,0.30081111145982625
7723,0,0.013564007663386548
7724,1,0.5176470157880105
7725,0,0.3119140119140119
7726,0,0.08930946637852279
7727,0,0.0015015015015015015
7728,0,0.0015015015015015015
7729,0,0.2835791426489101
7730,0,0.08291158529454017
7731,1,0.8559147335814549
7732,0,0.027412280701754388
7733,0,0.44066592791974085
7734,1,0.6200514485773388
7735,1,0.6759962376938914
7736,0,0.05224823697730102
7737,0,0.09317298898422971
7738,0,0.17236904983383858
7739,0,0.13839027689814679
7740,1,0.7991743240029893
7741,0,0.005990423336605694
7742,1,0.8441022566526989
7743,0,0.10834409991386736
7744,0,0.21269071164269338
7745,1,0.7229245565887653
7746,0,0.015201664282355325
7747,0,0.19058420047908467
7748,0,0.06710904883924042
7749,0,0.17038713480844528
7750,0,0.4552112271833353
7751,0,0.06998150617397479
7752,0,0.16022572867590265
7753,1,0.6998277347114557
7754,0,0.42828299192837166
7755,0,0.041206704710195115
7756,0,0.4125046989139159
7757,0,0.44733410466987317
7758,0,0.1341536892933032
7759,0,0.013564007663386548
7760,1,0.5146928691822531
7761,0,0.033825706322497075
7762,0,0.34384195058259776
7763,0,0.04883122755652778
7764,0,0.3687826114792407
7765,0,0.3947606274505458
7766,0,0.21339536550749494
7767,0,0.405010910211796
7768,0,0.31809765218291935
7769,1,0.7465675024791046
7770,1,0.45577192984080606
7771,0,0.4405898817938561
7772,0,0.33073289269742046
7773,0,0.6393024637675929
7774,0,0.23612974831565423
7775,1,0.4552112271833353
7776,0,0.2411574830375648
7777,0,0.47815980261153035
7778,0,0.38840393050175726
7779,0,0.08291158529454017
7780,0,0.4980683949699363
7781,0,0.002226139182660922
7782,1,0.519904181184669
7783,0,0.47393033029067994
7784,0,0.37679927515420525
7785,1,0.6547034965492428
7786,0,0.0015015015015015015
7787,1,0.410758064335672
7788,0,0.019418317350648178
7789,1,0.3882690650349421
7790,1,0.775183860067581
7791,0,0.0015015015015015015
7792,1,0.667392559424099
7793,0,0.24513937285506274
7794,0,0.7871634575310494
7795,1,0.30434043114302056
7796,0,0.31882682014413893
7797,1,0.6641457715391087
7798,0,0.08303712480252766
7799,0,0.5565830772788846
7800,1,0.5076212455682655
7801,1,0.4046876384327327
7802,0,0.18118578642061003
7803,0,0.4548052516209844
7804,1,0.7205343657952489
7805,1,0.6058377651445688
7806,0,0.5049770431588613
7807,0,0.019418317350648178
7808,1,0.4070083292268123
7809,0,0.4543043920600905
7810,0,0.31865221015170353
7811,0,0.00306644672841856
7812,0,0.2213624005157806
7813,1,0.6712591503372439
7814,0,0.05501971593925617
7815,0,0.1734862488141337
7816,0,0.24513937285506274
7817,0,0.20928171797006367
7818,1,0.3554831435956663
7819,0,0.0652721971934833
7820,0,0.020575325999854305
7821,0,0.002226139182660922
7822,0,0.4116250926595754
7823,1,0.510680956395699
7824,0,0.26275092951633233
7825,0,0.0
7826,0,0.30424819852377505
7827,0,0.4375115829736002
7828,0,0.008056667919030121
7829,0,0.0015015015015015015
7830,1,0.6847237064489969
7831,0,0.008080448869922553
7832,0,0.5145498133303011
7833,1,0.7984302763839417
7834,0,0.002226139182660922
7835,1,0.6615173527037933
7836,0,0.19213785354624605
7837,0,0.3311680614083121
7838,0,0.485030287849139
7839,1,0.5543130358255723
7840,0,0.0015015015015015015
7841,0,0.008080448869922553
7842,0,0.008080448869922553
7843,0,0.024278911048447
7844,1,0.8441022566526989
7845,0,0.41295454260769354
7846,0,0.08761671883150757
7847,0,0.4398680678853108
7848,0,0.3016409470451166
7849,0,0.002226139182660922
7850,0,0.02881170418099308
7851,1,0.5515643447461629
7852,0,0.2205141916526595
7853,0,0.3356794624820519
7854,0,0.0
7855,0,0.0824515536663424
7856,0,0.12904372050713514
7857,0,0.0015015015015015015
7858,0,0.02727884222135368
7859,0,0.41481067935340804
7860,1,0.6092114761084754
7861,0,0.2489443709172178
7862,0,0.1514167265668064
7863,0,0.0
7864,1,0.5298716242575255
7865,0,0.36812993677909844
7866,1,0.6623992856449026
7867,0,0.10930529497602669
7868,0,0.2475321027287319
7869,0,0.07232701391548578
7870,1,0.5334119722895978
7871,1,0.8190476190476191
7872,1,0.5946911371541735
7873,0,0.012273320987322976
7874,0,0.21594811981792286
7875,0,0.4574810885155713
7876,1,0.7475740035304281
7877,0,0.3912076440737648
7878,0,0.013564007663386548
7879,0,0.002226139182660922
7880,0,0.011584176465226506
7881,0,0.12368509489988362
7882,1,0.7371604017027193
7883,0,0.3453091841983989
7884,0,0.31772857222954537
7885,0,0.003023488255872064
7886,0,0.33609814779031505
7887,1,0.8441022566526989
7888,1,0.6933153245190424
7889,0,0.011173095142617032
7890,1,0.5353394794824499
7891,0,0.046571924036712765
7892,0,0.446085352686512
7893,0,0.0051501157908480566
7894,0,0.23791868656460902
7895,0,0.39864158144319006
7896,1,0.47878688017649407
7897,0,0.42304140684694386
7898,0,0.4552112271833353
7899,0,0.16004562143523532
7900,0,0.37325319356450165
7901,0,0.07139617486445399
7902,0,0.4269304477869372
7903,1,0.6733972433641718
7904,0,0.40543710150654144
7905,1,0.4617235144341259
7906,0,0.1109867971792658
7907,0,0.0521676979789387
7908,0,0.02648041416157358
7909,0,0.4728357482561322
7910,1,0.5837371983864528
7911,1,0.4463303804363407
7912,0,0.07227421400440558
7913,0,0.07551528073916133
7914,0,0.006980223025216614
7915,0,0.036678865767337615
7916,0,0.2752053383810661
7917,1,0.7893595252711275
7918,0,0.4088999511517894
7919,0,0.22589034581654507
7920,1,0.8271565636468144
7921,0,0.0015015015015015015
7922,1,0.6976415323336224
7923,1,0.6431482704546485
7924,0,0.4520373308099785
7925,0,0.23767333607050034
7926,0,0.3720764372773231
7927,0,0.0007246376811594203
7928,0,0.5795267481313994
7929,0,0.05028438231018426
7930,0,0.13623535516355853
7931,0,0.42304140684694386
7932,1,0.2826048951048951
7933,0,0.006980223025216614
7934,0,0.06478651714219212
7935,0,0.45589983365553205
7936,0,0.0
7937,0,0.2653210013527941
7938,1,0.7173110838678474
7939,1,0.457442614258347
7940,0,0.0015015015015015015
7941,1,0.46771844533312423
7942,0,0.002226139182660922
7943,0,0.37325319356450165
7944,0,0.6508831720696128
7945,1,0.5552181860132976
7946,0,0.0353097299525871
7947,0,0.039526607566053536
7948,1,0.5543022131033327
7949,1,0.5975549547431527
7950,0,0.0007246376811594203
7951,0,0.42414211700823773
7952,0,0.10468186748148901
7953,0,0.09317298898422971
7954,0,0.04049759911082804
7955,0,0.021929878013655025
7956,0,0.055177164250259404
7957,0,0.011004425478109689
7958,0,0.009904199633403749
7959,0,0.012273320987322976
7960,0,0.009904199633403749
7961,1,0.4957843236843273
7962,1,0.6013159133858718
7963,0,0.010448457461457611
7964,1,0.578055613504681
7965,0,0.043281489336632485
7966,0,0.012273320987322976
7967,0,0.355625619052729
7968,1,0.7066722903364991
7969,1,0.6387388251339918
7970,1,0.4779427320240955
7971,1,0.622095293281734
7972,0,0.20836464766723709
7973,0,0.6708657196462076
7974,0,0.021036075153072074
7975,0,0.3613896535041623
7976,1,0.7173110838678474
7977,0,0.3384740705324018
7978,0,0.029417555058580697
7979,0,0.030952550478352433
7980,1,0.8441022566526989
7981,0,0.4129619805481875
7982,1,0.5637919865195763
7983,0,0.08954103445754284
7984,1,0.6431482704546485
7985,0,0.056251410516813365
7986,0,0.21386306979882355
7987,0,0.09766938496613294
7988,0,0.024275828623654707
7989,1,0.6095688553170339
7990,0,0.7032988232657518
7991,0,0.26798465209061234
7992,1,0.6745447104563126
7993,1,0.3947075381423553
7994,0,0.07233248272005975
7995,0,0.021153415252794138
7996,1,0.6957216641682661
7997,0,0.667914963712018
7998,0,0.01797422223087943
7999,0,0.29500582465897557
8000,1,0.7207055053975955
8001,0,0.024275828623654707
8002,0,0.0015015015015015015
8003,0,0.3511466986591048
8004,1,0.6450199420684517
8005,0,0.11545927959279594
8006,1,0.2520944066922335
8007,1,0.49390614085222584
8008,1,0.394031593828754
8009,0,0.01998521077468446
8010,1,0.6431482704546485
8011,0,0.0015015015015015015
8012,0,0.0015015015015015015
8013,0,0.007259318845818979
8014,0,0.1719462655587616
8015,0,0.3733223379033089
8016,1,0.5508428694475206
8017,1,0.5112559494881129
8018,1,0.6502742506014488
8019,1,0.4915548513634769
8020,0,0.17236904983383858
8021,0,0.024583482515813344
8022,1,0.6611359256636214
8023,1,0.8072351421188632
8024,0,0.0015015015015015015
8025,1,0.6270973765446869
8026,1,0.564314430144753
8027,1,0.34272956638521324
8028,0,0.414225880369282
8029,0,0.27658170756185246
8030,1,0.6926755836792421
8031,1,0.3947606274505458
8032,0,0.47393033029067994
8033,1,0.488189631896319
8034,0,0.002226139182660922
8035,0,0.09680529497602668
8036,1,0.5939537835868262
8037,1,0.6383475595340001
8038,1,0.7754509248781122
8039,1,0.4931941405792796
8040,0,0.012371066718892806
8041,0,0.0015015015015015015
8042,0,0.055612191718463495
8043,0,0.0007246376811594203
8044,0,0.01484872643522657
8045,0,0.2780927151085916
8046,0,0.26756237116044046
8047,0,0.0015015015015015015
8048,1,0.7045701610273403
8049,0,0.05884441983363642
8050,0,0.21949720885891097
8051,1,0.31118362786807424
8052,0,0.045812245993405415
8053,0,0.02846301904217412
8054,0,0.14109144679796856
8055,0,0.0
8056,1,0.6393024637675929
8057,0,0.3901731186440837
8058,1,0.5434225351306344
8059,0,0.09851105684439017
8060,1,0.4126688904386959
8061,0,0.4541038074712644
8062,1,0.5978906058376257
8063,0,0.31651361558338303
8064,0,0.028181071516397278
8065,0,0.014404315209144184
8066,1,0.7021873047652609
8067,0,0.00306644672841856
8068,0,0.3674371791293463
8069,0,0.40585153243381095
8070,1,0.5176470157880105
8071,0,0.25832239944446855
8072,0,0.26845726560845834
8073,1,0.7066722903364991
8074,0,0.08061470202058528
8075,1,0.7370904862305921
8076,0,0.5157295355512037
8077,1,0.6855164972901685
8078,0,0.12336103254832777
8079,0,0.23767333607050034
8080,0,0.074351547771088
8081,1,0.5890221043085738
8082,1,0.518229766370761
8083,1,0.4978006389132788
8084,1,0.4915548513634769
8085,1,0.827900611265862
8086,0,0.34064674441874127
8087,0,0.37165775196906004
8088,0,0.026943880155159017
8089,1,0.5940606725146199
8090,0,0.3342529770579674
8091,0,0.6459742136722822
8092,0,0.17081325392495605
8093,0,0.3429199122248899
8094,0,0.20391977906985892
8095,0,0.028874100364783595
8096,0,0.5298716242575255
8097,0,0.02218979631260333
8098,0,0.1601530117865281
8099,0,0.11426478841687238
8100,0,0.0312891503983458
8101,0,0.17606807146686307
8102,0,0.002226139182660922
8103,0,0.5130859877580566
8104,0,0.007216360373272483
8105,0,0.4466139335704553
8106,0,0.1567977133322695
8107,0,0.09898558657179346
8108,0,0.026591150677650815
8109,1,0.5565830772788846
8110,0,0.07158006880913285
8111,0,0.30434043114302056
8112,0,0.24092384339356657
8113,0,0.5176470157880105
8114,0,0.024255163575856036
8115,0,0.017027404829878665
8116,0,0.002226139182660922
8117,0,0.13278133903133904
8118,0,0.435148478334358
8119,1,0.3972757564409107
8120,0,0.027412280701754388
8121,0,0.05501971593925617
8122,1,0.43029341151149286
8123,0,0.15118411257372646
8124,1,0.3809111737914015
8125,1,0.6930667948983968
8126,0,0.3192245746589756
8127,1,0.369032620724788
8128,0,0.11034342302162638
8129,1,0.7123842592592592
8130,0,0.12397009043350506
8131,1,0.5481552605456755
8132,0,0.3289816385523277
8133,0,0.17948337893990066
8134,0,0.0
8135,1,0.6983105385982576
8136,1,0.6164735940539442
8137,0,0.006419011300061342
8138,0,0.012273320987322976
8139,0,0.045812245993405415
8140,0,0.10930529497602669
8141,0,0.00306644672841856
8142,0,0.24957878966499658
8143,0,0.006419011300061342
8144,0,0.010448457461457611
8145,0,0.04207279188580609
8146,0,0.456231843289689
8147,0,0.4123280978635538
8148,0,0.5994719599982758
8149,0,0.08857314083467753
8150,0,0.33833643595443785
8151,0,0.0007246376811594203
8152,0,0.03894729609015323
8153,1,0.3403187206300287
8154,0,0.03640111177040067
8155,1,0.43099247718333533
8156,0,0.5115000632303534
8157,0,0.04171877505210839
8158,0,0.4850463862425192
8159,0,0.06068127147939354
8160,0,0.021318022678848917
8161,0,0.06857990936938306
8162,0,0.16801864587460616
8163,1,0.8170279858100118
8164,1,0.7062452106034147
8165,0,0.13750000802612536
8166,1,0.5107040477009518
8167,0,0.08061470202058528
8168,0,0.31137961553545396
8169,1,0.33349014181943964
8170,0,0.22887179765538335
8171,0,0.12767531764010637
8172,1,0.7578010065814943
8173,0,0.031234498004129276
8174,0,0.43981809318555004
8175,0,0.02370893519961843
8176,0,0.3398454987367734
8177,0,0.055177164250259404
8178,1,0.6503004214868621
8179,0,0.016382453882453882
8180,0,0.21049888808509498
8181,0,0.2454154126403437
8182,0,0.07907970660081354
8183,1,0.6451185799505311
8184,0,0.012371066718892806
8185,0,0.5866107616048436
8186,0,0.019418317350648178
8187,0,0.3483363246545485
8188,0,0.0652721971934833
8189,1,0.6976086835202858
8190,0,0.31118362786807424
8191,0,0.019418317350648178
8192,1,0.5037492572841539
8193,0,0.4343908445603361
8194,1,0.5783912645991541
8195,0,0.04731018670593217
8196,0,0.09788898141859832
8197,0,0.38310035163582074
8198,1,0.4927809601230087
8199,0,0.06481144804026552
8200,0,0.31118362786807424
8201,0,0.42304140684694386
8202,0,0.29503949308783156
8203,0,0.14462932554886576
8204,0,0.5876845668075054
8205,0,0.23791107137607084
8206,0,0.5145498133303011
8207,0,0.10594863064185894
8208,0,0.02218979631260333
8209,0,0.014971208633180464
8210,1,0.5992995143979964
8211,1,0.4088999511517894
8212,0,0.3462626003301848
8213,0,0.10069514661274015
8214,0,0.2568886042521565
8215,1,0.8362478701461752
8216,1,0.5311069787640077
8217,0,0.08061470202058528
8218,1,0.5463719315748997
8219,0,0.2846606913249918
8220,1,0.6866435746143531
8221,0,0.195788813339809
8222,0,0.12767531764010637
8223,1,0.26756237116044046
8224,1,0.5630155725759457
8225,0,0.19547257435504642
8226,0,0.2267867668729738
8227,0,0.06192029232007801
8228,0,0.06192029232007801
8229,0,0.0062555853440571935
8230,0,0.4789066546879048
8231,0,0.0
8232,0,0.3546925319178728
8233,0,0.1341536892933032
8234,0,0.03771692775819267
8235,0,0.006419011300061342
8236,1,0.44461648468264464
8237,1,0.61364522417154
8238,1,0.6625918485034507
8239,0,0.13497372193024368
8240,1,0.41920166186120955
8241,0,0.34354644937873974
8242,0,0.046560235803488025
8243,0,0.4252727939219556
8244,1,0.5733481621353476
8245,1,0.5681265967348281
8246,0,0.32501843190115287
8247,0,0.08379151900493365
8248,0,0.0015015015015015015
8249,0,0.3781116655093712
8250,0,0.3693652504476363
8251,0,0.1567977133322695
8252,1,0.42846083161371507
8253,0,0.3611395224408028
8254,1,0.7974684698703228
8255,0,0.3476766118735693
8256,0,0.37165775196906004
8257,0,0.14345604145401225
8258,0,0.0015015015015015015
8259,0,0.4306607163424648
8260,0,0.48806812374987224
8261,0,0.04287040801402301
8262,0,0.289494301994302
8263,0,0.12171229076191227
8264,0,0.0015015015015015015
8265,0,0.08932966819229388
8266,0,0.008080448869922553
8267,0,0.05437228351685758
8268,0,0.40153091952192405
8269,0,0.0015015015015015015
8270,1,0.81407274895647
8271,0,0.2158391579923089
8272,0,0.4915548513634769
8273,0,0.4341748239355894
8274,0,0.032378134685826995
8275,0,0.6026472664522707
8276,1,0.7532258306008474
8277,0,0.06758252818035428
8278,1,0.8008582230949428
8279,0,0.0015015015015015015
8280,0,0.07158006880913285
8281,0,0.014404315209144184
8282,0,0.1401976646541864
8283,0,0.4915548513634769
8284,0,0.02417240119320387
8285,1,0.6091717706046406
8286,0,0.22376788191574293
8287,0,0.1194396671530818
8288,1,0.6030942334739803
8289,0,0.06600819352675132
8290,0,0.017916815849146676
8291,0,0.0
8292,0,0.17259113421596675
8293,0,0.009904199633403749
8294,1,0.7540974742519336
8295,1,0.5334886310360994
8296,0,0.23249620773621812
8297,0,0.44066592791974085
8298,0,0.5522196527409206
8299,0,0.3537226688631119
8300,0,0.055612191718463495
8301,0,0.015669856459330143
8302,0,0.38154455607285803
8303,0,0.3078173683939169
8304,0,0.26266283524904216
8305,0,0.0
8306,0,0.007259318845818979
8307,0,0.24064599493250738
8308,0,0.005990423336605694
8309,0,0.02417240119320387
8310,0,0.3530065995888781
8311,0,0.5423493511504707
8312,0,0.20315865782932888
8313,0,0.008080448869922553
8314,0,0.0022988505747126436
8315,0,0.003023488255872064
8316,1,0.6175664217071791
8317,0,0.06600819352675132
8318,1,0.5389848270973499
8319,0,0.05671215967003113
8320,0,0.0
8321,1,0.6058377651445688
8322,1,0.6310572310452909
8323,1,0.37325319356450165
8324,0,0.05224823697730102
8325,0,0.30379189812143353
8326,0,0.05160080455490242
8327,0,0.27954545454545454
8328,0,0.22453727124513956
8329,0,0.04049759911082804
8330,0,0.5324852709318729
8331,1,0.3909295699993374
8332,0,0.3280364952614263
8333,1,0.7419639006982216
8334,0,0.171686636096301
8335,1,0.5305053698984771
8336,1,0.44066592791974085
8337,0,0.5932382745942069
8338,0,0.035895770668125056
8339,0,0.008080448869922553
8340,0,0.18706818573202455
8341,0,0.1194396671530818
8342,1,0.7301618575368743
8343,0,0.1739281805841549
8344,1,0.5366378654120082
8345,1,0.758545054200542
8346,1,0.5377930663098951
8347,0,0.011584176465226506
8348,0,0.006419011300061342
8349,0,0.011173095142617032
8350,0,0.002226139182660922
8351,0,0.405010910211796
8352,1,0.47172832854406127
8353,0,0.002226139182660922
8354,0,0.25585298791131916
8355,1,0.8227514941254658
8356,0,0.05453794545190954
8357,0,0.061218752008225685
8358,1,0.7459885296527383
8359,0,0.4471847029812
8360,0,0.001564945226917058
8361,0,0.1567977133322695
8362,0,0.29479775032006295
8363,0,0.4548743959597916
8364,0,0.3373040954653213
8365,0,0.03406982175098117
8366,0,0.31271423541086457
8367,0,0.0015015015015015015
8368,0,0.013168415792103948
8369,1,0.7419724392084799
8370,1,0.6064930731393264
8371,0,0.3602891866074105
8372,0,0.002226139182660922
8373,0,0.03875014918248001
8374,0,0.019418317350648178
8375,0,0.45853719629289474
8376,0,0.08336125256856963
8377,0,0.17152116402116402
8378,0,0.008080448869922553
8379,0,0.14345604145401225
8380,0,0.07724162434927022
8381,0,0.39136224064871
8382,1,0.45589983365553205
8383,1,0.47809201768810095
8384,0,0.04152162814443516
8385,1,0.6246170110053958
8386,0,0.2848160965082637
8387,0,0.0
8388,0,0.024583482515813344
8389,0,0.32478621629468807
8390,0,0.13647009043350505
8391,1,0.8072351421188632
8392,0,0.35252987048885265
8393,1,0.6080985866244769
8394,0,0.09299619947852318
8395,0,0.041673662527537216
8396,1,0.6315939421202579
8397,1,0.3078173683939169
8398,1,0.7887897247013269
8399,0,0.04892794450835606
8400,1,0.7123842592592592
8401,1,0.6197945845004669
8402,1,0.6502742506014488
8403,0,0.0436230949064809
8404,1,0.5579357969172996
8405,1,0.7062452106034147
8406,0,0.2591253100859921
8407,0,0.15747158204669878
8408,1,0.7540974742519336
8409,0,0.034802377110069414
8410,0,0.28454297377715804
8411,1,0.7304983490887441
8412,1,0.6356030034769294
8413,0,0.11690413743731952
8414,0,0.012013402688374671
8415,0,0.07001958069031239
8416,0,0.06171757567778106
8417,1,0.44757023377812327
8418,0,0.002226139182660922
8419,0,0.004425478109688636
8420,0,0.2704030819901855
8421,0,0.03817767691141045
8422,0,0.006980223025216614
8423,1,0.7856783890436397
8424,1,0.4070083292268123
8425,1,0.34272956638521324
8426,1,0.4957843236843273
8427,0,0.5557107518749606
8428,1,0.7476090014064698
8429,1,0.8559147335814549
8430,0,0.39937186782268697
8431,0,0.055941921088085246
8432,0,0.25355803271190447
8433,1,0.6690710355495919
8434,0,0.03196705336321752
8435,0,0.019158399051699877
8436,0,0.2595604434767958
8437,1,0.5861146542311657
8438,0,0.12201376209996899
8439,1,0.693764766166619
8440,1,0.285558751893154
8441,0,0.014404315209144184
8442,0,0.012834532712478246
8443,0,0.17038713480844528
8444,0,0.37325319356450165
8445,0,0.5864661539484366
8446,0,0.296697463922395
8447,0,0.20872482888624677
8448,0,0.3460797016424863
8449,0,0.011173095142617032
8450,0,0.12660824317801062
8451,0,0.5529684461348352
8452,0,0.032904699697663777
8453,0,0.13290669180940004
8454,0,0.2298174100140392
8455,1,0.6832412197314705
8456,1,0.7212351873849755
8457,0,0.04229618456442818
8458,0,0.02846301904217412
8459,0,0.0051501157908480566
8460,0,0.1407155181803069
8461,0,0.002226139182660922
8462,1,0.5580220672424592
8463,0,0.029084564860426928
8464,1,0.4702795824920052
8465,0,0.4276193432728961
8466,0,0.03442383858467888
8467,1,0.6739647763732308
8468,0,0.10834409991386736
8469,0,0.002226139182660922
8470,1,0.7917449615548687
8471,1,0.858342680292456
8472,0,0.5253849028851139
8473,1,0.2873317135355005
8474,0,0.27799994643141596
8475,0,0.29518693221523407
8476,0,0.04809523122325976
8477,0,0.103151788365203
8478,0,0.0015015015015015015
8479,1,0.7350441215203828
8480,0,0.01743848615248814
8481,0,0.17254205654303353
8482,1,0.5883667963138162
8483,1,0.552105587997911
8484,0,0.002226139182660922
8485,0,0.06373720177371156
8486,0,0.024583482515813344
8487,1,0.8072351421188632
8488,1,0.48555596196628326
8489,1,0.7316043149695656
8490,0,0.019418317350648178
8491,0,0.26940572030407123
8492,1,0.7067875374326987
8493,0,0.0
8494,0,0.002226139182660922
8495,1,0.4528315576431054
8496,0,0.3265554669673574
8497,0,0.019418317350648178
8498,0,0.6175664217071791
8499,0,0.25801969033748284
8500,1,0.5637166537166537
8501,0,0.05437228351685758
8502,1,0.4908910050634769
8503,0,0.011173095142617032
8504,1,0.6282879584243785
8505,0,0.41194089119807703
8506,1,0.6924451259838863
8507,1,0.5508428694475206
8508,0,0.3822659965172546
8509,0,0.005694373618901921
8510,1,0.7659099511806896
8511,1,0.7752576770695297
8512,0,0.0015015015015015015
8513,0,0.18168737834742218
8514,1,0.7866177994551857
8515,0,0.09301741618814789
8516,1,0.6648660981752591
8517,0,0.0015015015015015015
8518,0,0.03854195806776002
8519,1,0.7397298956414978
8520,0,0.009815546772068511
8521,0,0.07159391534391535
8522,0,0.05981665128006591
8523,1,0.5179187623046635
8524,1,0.43066848763051296
8525,1,0.40280676611729965
8526,0,0.023603571530946207
8527,0,0.17760782109889903
8528,0,0.07907970660081354
8529,1,0.6733972433641718
8530,1,0.548272284319868
8531,0,0.0015015015015015015
8532,0,0.28381714643997485
8533,0,0.5257050672658657
8534,0,0.0062555853440571935
8535,0,0.04166745386341288
8536,1,0.667914963712018
8537,0,0.016563938836293226
8538,0,0.3456487083453375
8539,0,0.00306644672841856
8540,0,0.04166745386341288
8541,0,0.06080006087670444
8542,1,0.36294586014346253
8543,0,0.5528201996857205
8544,0,0.572765411552597
8545,1,0.6255174633832289
8546,0,0.108603232876735
8547,0,0.05592996131927835
8548,0,0.0
8549,0,0.09764512530100855
8550,1,0.6855164972901685
8551,0,0.1453315992950139
8552,1,0.6563402553004338
8553,0,0.1704065159267257
8554,0,0.6473123486682809
8555,0,0.034582720223745866
8556,1,0.46258107167285517
8557,0,0.032378134685826995
8558,0,0.28381714643997485
8559,0,0.0015015015015015015
8560,0,0.003023488255872064
8561,0,0.3456487083453375
8562,1,0.6447439779454965
8563,0,0.17236904983383858
8564,1,0.8153440867180585
8565,0,0.008080448869922553
8566,1,0.5554426891709591
8567,0,0.24513937285506274
8568,0,0.1567977133322695
8569,0,0.12201376209996899
8570,0,0.0015015015015015015
8571,0,0.003023488255872064
8572,1,0.6229482864460956
8573,0,0.06145954316686023
8574,0,0.31616118608738536
8575,1,0.6641457715391087
8576,0,0.21171869535278107
8577,0,0.021036075153072074
8578,0,0.1995122261682005
8579,0,0.08061470202058528
8580,1,0.9035337812005024
8581,0,0.13623535516355853
8582,1,0.6394207435141639
8583,0,0.0759760298923791
8584,0,0.3848454138209591
8585,1,0.7403750569318204
8586,0,0.05154948608895978
8587,0,0.002226139182660922
8588,0,0.008080448869922553
8589,1,0.6327411301372443
8590,0,0.008080448869922553
8591,0,0.19053410357758183
8592,0,0.02417240119320387
8593,0,0.040132458443641154
8594,0,0.42304140684694386
8595,1,0.7540974742519336
8596,0,0.0015015015015015015
8597,1,0.6957216641682661
8598,0,0.0801539528673675
8599,0,0.13623535516355853
8600,1,0.7207055053975955
8601,0,0.46771844533312423
8602,0,0.44461648468264464
8603,0,0.30386720924976524
8604,0,0.5098848860048234
8605,0,0.17338729331349256
8606,0,0.15255228558546766
8607,0,0.31118362786807424
8608,1,0.6303679274164371
8609,1,0.41448803436928133
8610,0,0.2752053383810661
8611,0,0.1341536892933032
8612,0,0.16004562143523532
8613,0,0.0015015015015015015
8614,0,0.43029341151149286
8615,0,0.002226139182660922
8616,0,0.019725292475736154
8617,1,0.6244374631486372
8618,1,0.6258586479159565
8619,0,0.04731018670593217
8620,0,0.024275828623654707
8621,0,0.2527213957124002
8622,0,0.0022988505747126436
8623,1,0.7785088548559904
8624,0,0.06192029232007801
8625,0,0.002226139182660922
8626,0,0.008080448869922553
8627,0,0.001564945226917058
8628,0,0.10968345114686578
8629,1,0.6336648978373697
8630,1,0.7188189400053807
8631,0,0.1853358922186132
8632,0,0.09212832900580314
8633,0,0.007216360373272483
8634,0,0.019862728576730562
8635,0,0.08857314083467753
8636,0,0.21663960921360426
8637,0,0.05346119929453263
8638,0,0.46695379273504267
8639,0,0.0015015015015015015
8640,0,0.21428676687297377
8641,1,0.8441022566526989
8642,0,0.0
8643,0,0.026646076096625546
8644,0,0.17259113421596675
8645,1,0.5842721736404325
8646,0,0.02846301904217412
8647,0,0.6282879584243785
8648,0,0.005990423336605694
8649,0,0.16004562143523532
8650,0,0.14383523079175253
8651,0,0.05154948608895978
8652,0,0.03499073200871516
8653,0,0.0015015015015015015
8654,0,0.13912341838763242
8655,0,0.40764827284915867
8656,0,0.002226139182660922
8657,1,0.6515418209891313
8658,0,0.4268216371203077
8659,1,0.7866182405165456
8660,1,0.4728357482561322
8661,0,0.002226139182660922
8662,0,0.30434043114302056
8663,1,0.6866435746143531
8664,1,0.5854400959664118
8665,0,0.007259318845818979
8666,0,0.02417240119320387
8667,0,0.14929966660854774
8668,0,0.05730942441386469
8669,0,0.05224823697730102
8670,1,0.5416976127320955
8671,0,0.03140015993918124
8672,0,0.0062555853440571935
8673,1,0.8233650048291944
8674,0,0.05671215967003113
8675,0,0.12767531764010637
8676,1,0.7656580811869634
8677,0,0.38214970602074266
8678,1,0.6450199420684517
8679,0,0.10363228750974725
8680,0,0.37325319356450165
8681,0,0.01998521077468446
8682,0,0.13661871142596074
8683,0,0.002226139182660922
8684,0,0.4088348933831256
8685,1,0.7554448817920174
8686,0,0.10074525745257452
8687,1,0.7101171090722324
8688,0,0.11628764753764753
8689,0,0.022207433698116927
8690,0,0.4050800545506033
8691,1,0.8359933120535036
8692,0,0.03565696649029983
8693,0,0.5883667963138162
8694,1,0.6340481552345959
8695,1,0.718290903561642
8696,0,0.26743611906902526
8697,0,0.014404315209144184
8698,0,0.4012403510011165
8699,0,0.007259318845818979
8700,0,0.0801539528673675
8701,1,0.7425941081229904
8702,0,0.3800292693909715
8703,0,0.0
8704,0,0.024255163575856036
8705,0,0.42263543128459297
8706,0,0.3106119764442668
8707,0,0.2949703487490243
8708,0,0.20333915799230892
8709,0,0.002226139182660922
8710,0,0.3947075381423553
8711,1,0.3720764372773231
8712,0,0.010448457461457611
8713,0,0.42157429150049075
8714,0,0.055177164250259404
8715,0,0.3280463906598208
8716,0,0.0015015015015015015
8717,0,0.01616959064327485
8718,0,0.11219232503319941
8719,1,0.544735743508391
8720,0,0.23733660702064072
8721,1,0.5039094719925824
8722,1,0.5751875027737098
8723,1,0.5858925532776923
8724,0,0.0
8725,1,0.34338920396575245
8726,0,0.03875014918248001
8727,0,0.006980223025216614
8728,0,0.17911129568106313
8729,0,0.007216360373272483
8730,1,0.5389848270973499
8731,1,0.6393024637675929
8732,1,0.39864158144319006
8733,0,0.17694468210140604
8734,0,0.04731018670593217
8735,0,0.09153808422675357
8736,0,0.7062452106034147
8737,1,0.5858925532776923
8738,0,0.27866415293972946
8739,0,0.4281240003901714
8740,0,0.04597790792845738
8741,0,0.1354245128893016
8742,0,0.058383670680418644
8743,0,0.276461015543294
8744,1,0.8566587812005024
8745,1,0.7871634575310494
8746,1,0.6568690129889504
8747,0,0.2906317203503337
8748,0,0.016563938836293226
8749,0,0.15698241473877872
8750,0,0.3166030526348454
8751,0,0.02417240119320387
8752,0,0.2434334976149504
8753,1,0.7658805476316813
8754,1,0.9035337812005024
8755,0,0.024583482515813344
8756,0,0.0015015015015015015
8757,1,0.532455600672655
8758,1,0.40326390520188976
8759,0,0.055840103937930034
8760,1,0.6016923622186781
8761,1,0.6790904828879513
8762,1,0.7228917077754287
8763,0,0.37867261833127275
8764,0,0.052240023353252285
8765,0,0.5916327611090564
8766,0,0.4685622101230087
8767,1,0.4484060434805916
8768,1,0.5328843500461083
8769,0,0.0015015015015015015
8770,0,0.26845726560845834
8771,0,0.13839027689814679
8772,0,0.0015015015015015015
8773,0,0.45023862337836934
8774,0,0.01180177455132083
8775,1,0.5196769039722563
8776,0,0.3016409470451166
8777,0,0.405010910211796
8778,0,0.2528347929209998
8779,0,0.04794940550428203
8780,0,0.027720322363179506
8781,0,0.0
8782,1,0.4763228295457746
8783,0,0.549816836124402
8784,0,0.008080448869922553
8785,0,0.08857314083467753
8786,0,0.0015015015015015015
8787,0,0.04484427084776125
8788,0,0.05315753815432891
8789,1,0.7618804332759064
8790,0,0.001564945226917058
8791,0,0.4704560787159024
8792,0,0.4465447593588536
8793,0,0.5001049985391508
8794,0,0.21670260080856107
8795,0,0.012273320987322976
8796,0,0.03817767691141045
8797,1,0.3456487083453375
8798,1,0.764871050782653
8799,0,0.024583482515813344
8800,0,0.0015015015015015015
8801,1,0.6279035290996622
8802,0,0.103151788365203
8803,1,0.61364522417154
8804,0,0.30234019323854416
8805,1,0.7991743240029893
8806,0,0.23767333607050034
8807,0,0.03974342543125933
8808,1,0.7370904862305921
8809,0,0.0015015015015015015
8810,0,0.026943880155159017
8811,1,0.4429518987483958
8812,1,0.36945033158946555
8813,0,0.12201376209996899
8814,0,0.002226139182660922
8815,0,0.16465180691600648
8816,0,0.28431947923116974
8817,0,0.006980223025216614
8818,0,0.37058872740446014
8819,0,0.11905838919333499
8820,1,0.858342680292456
8821,0,0.41780017946808706
8822,0,0.011173095142617032
8823,0,0.3167516193744478
8824,0,0.15118411257372646
8825,1,0.7699893778751017
8826,1,0.693764766166619
8827,1,0.3258870758870759
8828,0,0.0
8829,1,0.725251277829234
8830,0,0.24336354183338718
8831,0,0.4210399896891513
8832,1,0.37325319356450165
8833,0,0.011173095142617032
8834,0,0.4728697239142405
8835,1,0.6547184497716624
8836,1,0.7288144499967908
8837,1,0.5453656819287471
8838,1,0.6141827865653603
8839,1,0.4130676976159298
8840,0,0.29451267434297795
8841,0,0.03406982175098117
8842,0,0.07446379339199675
8843,1,0.7280012801503442
8844,0,0.055840103937930034
8845,0,0.09459175084175085
8846,0,0.36257590071809065
8847,1,0.5421035882944464
8848,0,0.006419011300061342
8849,0,0.06573461932431662
8850,0,0.002226139182660922
8851,0,0.021318022678848917
8852,0,0.002226139182660922
8853,1,0.7879350238466261
8854,0,0.3441799880401543
8855,0,0.049717118924436
8856,0,0.03854195806776002
8857,0,0.3299462042217807
8858,0,0.4252727939219556
8859,1,0.7185983487741855
8860,0,0.04751290334822911
8861,0,0.1669295786758294
8862,0,0.09764512530100855
8863,0,0.19224465093501697
8864,0,0.030491801325134658
8865,1,0.4825262835397317
8866,0,0.5627957314003825
8867,0,0.02648041416157358
8868,0,0.012371066718892806
8869,1,0.5157295355512037
8870,0,0.03620698126185779
8871,0,0.017027404829878665
8872,1,0.4599566530111123
8873,0,0.08485753187551504
8874,1,0.5403570819178806
8875,0,0.5191782461611839
8876,1,0.589748963025683
8877,0,0.21429840485299592
8878,0,0.10650663416251742
8879,0,0.0022988505747126436
8880,0,0.6571449771119057
8881,0,0.369032620724788
8882,1,0.8170279858100118
8883,1,0.5974677469150572
8884,1,0.7557813733438872
8885,0,0.18352587583356814
8886,0,0.05671215967003113
8887,0,0.027277763234784726
8888,0,0.02846301904217412
8889,0,0.30593598996926913
8890,0,0.024278911048447
8891,0,0.0
8892,0,0.006980223025216614
8893,0,0.0062555853440571935
8894,0,0.12923444839042272
8895,1,0.7893595252711275
8896,0,0.03013322073570863
8897,1,0.44298661871382033
8898,1,0.5196769039722563
8899,0,0.446085352686512
8900,1,0.37325319356450165
8901,0,0.05884441983363642
8902,1,0.6878748727585937
8903,0,0.04229618456442818
8904,0,0.012273320987322976
8905,0,0.021929878013655025
8906,1,0.6578527990176637
8907,0,0.0015015015015015015
8908,0,0.13626440679758886
8909,0,0.258663955690155
8910,0,0.0
8911,1,0.7333602224284294
8912,0,0.002226139182660922
8913,1,0.6790904828879513
8914,1,0.28381714643997485
8915,0,0.0
8916,0,0.28454297377715804
8917,0,0.002226139182660922
8918,1,0.6328652798818464
8919,0,0.2908086507863969
8920,1,0.5481552605456755
8921,1,0.56000481000481
8922,0,0.46257783697898525
8923,0,0.005990423336605694
8924,0,0.457442614258347
8925,1,0.4260236126636925
8926,0,0.03442383858467888
8927,0,0.0
8928,1,0.7478388402406931
8929,0,0.53786397417154
8930,1,0.8740289548022598
8931,0,0.02417240119320387
8932,0,0.12904968564906452
8933,1,0.045812245993405415
8934,0,0.5298716242575255
8935,0,0.04185081414168559
8936,1,0.5974677469150572
8937,0,0.43243366922013865
8938,0,0.016563938836293226
8939,1,0.7540974742519336
8940,0,0.5157295355512037
8941,0,0.13677156177156177
8942,0,0.002226139182660922
8943,0,0.21443452671999583
8944,0,0.3833860084847202
8945,0,0.38002750761371457
8946,1,0.905217680292456
8947,1,0.8085560831256093
8948,0,0.08918384247331616
8949,0,0.30523522563141053
8950,1,0.6074432786297193
8951,1,0.37165775196906004
8952,0,0.0015015015015015015
8953,0,0.30713503919337043
8954,1,0.7540974742519336
8955,0,0.2848160965082637
8956,1,0.7866177994551857
8957,1,0.4825262835397317
8958,0,0.1706218700783918
8959,0,0.02218979631260333
8960,0,0.02450628427282957
8961,1,0.48813533432619244
8962,1,0.7511186739774375
8963,0,0.023603571530946207
8964,0,0.002226139182660922
8965,0,0.12397009043350506
8966,0,0.2872033547537259
8967,0,0.002226139182660922
8968,0,0.0015015015015015015
8969,0,0.4552112271833353
8970,0,0.3676537345075417
8971,1,0.3782362226221238
8972,0,0.08046815933078501
8973,0,0.09299619947852318
8974,1,0.7419724392084799
8975,1,0.5622689909771249
8976,1,0.7196383111017258
8977,0,0.0652721971934833
8978,1,0.38061108480804223
8979,0,0.45886920592705166
8980,0,0.016382453882453882
8981,1,0.6814733391500306
8982,0,0.3617039208690751
8983,0,0.3131947501426592
8984,1,0.6765186419818104
8985,0,0.02846301904217412
8986,1,0.6733972433641718
8987,1,0.6847237064489969
8988,0,0.11868784706071801
8989,0,0.002226139182660922
8990,0,0.005694373618901921
8991,0,0.46983365622882295
8992,0,0.44936697433754685
8993,0,0.3720764372773231
8994,1,0.5899565550728342
8995,0,0.10604588500929964
8996,0,0.24340511860174777
8997,0,0.2504635960408074
8998,0,0.07907970660081354
8999,0,0.13623535516355853
9000,0,0.3640029526521143
9001,0,0.05946572545762829
9002,0,0.04874938689041253
9003,0,0.026646076096625546
9004,0,0.3463784315793174
9005,0,0.08154408196876071
9006,1,0.6567617197146793
9007,0,0.5845206998328226
9008,0,0.055177164250259404
9009,1,0.731000652374624
9010,0,0.35391786994415914
9011,0,0.09766938496613294
9012,0,0.01713283569855284
9013,0,0.006980223025216614
9014,1,0.2835791426489101
9015,0,0.39155538780726196
9016,1,0.501155990752074
9017,0,0.13626440679758886
9018,0,0.0022988505747126436
9019,1,0.38706311735993576
9020,0,0.16896529396529394
9021,0,0.17948337893990066
9022,1,0.5307237213667814
9023,0,0.4728357482561322
9024,0,0.06068127147939354
9025,1,0.5409939729635888
9026,0,0.06266387635999408
9027,1,0.7433622326435719
9028,0,0.1523792443806791
9029,0,0.1511361577921321
9030,1,0.606073841966165
9031,0,0.4412901684564936
9032,0,0.02515037593984962
9033,0,0.2232046644243876
9034,0,0.3014471639471639
9035,0,0.15255228558546766
9036,1,0.42669938559066023
9037,1,0.7119265988694962
9038,0,0.012273320987322976
9039,1,0.6814733391500306
9040,1,0.5456113904508775
9041,1,0.7540974742519336
9042,0,0.03442383858467888
9043,1,0.5968865582408674
9044,1,0.509062273617558
9045,0,0.38970095835012003
9046,1,0.5015472658812513
9047,0,0.0015015015015015015
9048,0,0.0015015015015015015
9049,0,0.24513937285506274
9050,1,0.6625918485034507
9051,0,0.0062555853440571935
9052,0,0.14286241321492563
9053,0,0.0015015015015015015
9054,1,0.5579357969172996
9055,0,0.4251851693246578
9056,1,0.3793674934527606
9057,0,0.4086747877445552
9058,0,0.296697463922395
9059,0,0.6325174307452288
9060,0,0.15751281219321453
9061,0,0.018729172828551712
9062,1,0.2941749102605542
9063,1,0.6856558215674237
9064,1,0.7627011525217261
9065,0,0.022763263985188572
9066,1,0.7107995215453115
9067,0,0.25235647228267155
9068,0,0.002226139182660922
9069,0,0.02417240119320387
9070,0,0.0
9071,0,0.3514111579934365
9072,1,0.6816979316979318
9073,0,0.3476766118735693
9074,0,0.6367420460488497
9075,0,0.26179933669536487
9076,0,0.24578363820773488
9077,1,0.4299906785065987
9078,0,0.00306644672841856
9079,0,0.14286241321492563
9080,0,0.5476169763251103
9081,0,0.00306644672841856
9082,0,0.1270689923312284
9083,1,0.648148148148148
9084,1,0.4433987224029174
9085,0,0.07205466449713312
9086,0,0.24228664639260666
9087,0,0.007259318845818979
9088,1,0.4365253116312438
9089,1,0.560812549599735
9090,0,0.012273320987322976
9091,0,0.012834532712478246
9092,1,0.7212116950091634
9093,1,0.7901540750377959
9094,0,0.019418317350648178
9095,0,0.0950009181945244
9096,0,0.40089015155041374
9097,1,0.5064151633937469
9098,0,0.017027404829878665
9099,0,0.2623108967798247
9100,0,0.4304112513364638
9101,0,0.28695422397010045
9102,1,0.7614298147601377
9103,0,0.01400841888946893
9104,0,0.21171869535278107
9105,0,0.4686609686609686
9106,1,0.6289199501063908
9107,0,0.0015015015015015015
9108,0,0.0015015015015015015
9109,1,0.4941723917198601
9110,0,0.34354644937873974
9111,0,0.20687711877831635
9112,0,0.07051966907736139
9113,0,0.06758252818035428
9114,1,0.5958622334299067
9115,1,0.7658805476316813
9116,1,0.6749929508550198
9117,0,0.0051501157908480566
9118,0,0.49770180392113406
9119,1,0.7212351873849755
9120,1,0.4354626498309087
9121,0,0.024255163575856036
9122,0,0.0015015015015015015
9123,1,0.5257050672658657
9124,0,0.36476217281170836
9125,0,0.4825230488458618
9126,0,0.05352018173851244
9127,0,0.2014180873705758
9128,1,0.7107909830350533
9129,0,0.03140015993918124
9130,0,0.20836464766723709
9131,1,0.39543692162777977
9132,0,0.10516728292951899
9133,1,0.4213701947105868
9134,1,0.508080546193069
9135,0,0.055818143999036264
9136,0,0.0015015015015015015
9137,0,0.29641829035366735
9138,0,0.12401931711624808
9139,0,0.44298661871382033
9140,0,0.24032645886192794
9141,0,0.4933236587853969
9142,1,0.7650129198966408
9143,1,0.5305307394728787
9144,0,0.31566449676351205
9145,1,0.718290903561642
9146,0,0.17259113421596675
9147,0,0.017133914685121793
9148,0,0.3024406175810606
9149,0,0.0007246376811594203
9150,1,0.6303679274164371
9151,0,0.02256061622258805
9152,1,0.8441022566526989
9153,0,0.038116324171467326
9154,1,0.4284407336678953
9155,1,0.3403187206300287
9156,0,0.012371066718892806
9157,0,0.0
9158,0,0.12315357968813585
9159,1,0.4493957623566012
9160,0,0.07404659063506248
9161,0,0.1867040652303544
9162,0,0.002226139182660922
9163,0,0.44066592791974085
9164,1,0.49116836673504327
9165,0,0.06145954316686023
9166,0,0.2420927199486802
9167,1,0.7288144499967908
9168,0,0.031234498004129276
9169,1,0.554834790746393
9170,0,0.005694373618901921
9171,0,0.00306644672841856
9172,0,0.18367359964456467
9173,0,0.018160347248819098
9174,1,0.6552675243806451
9175,0,0.13179690494589533
9176,1,0.6733972433641718
9177,1,0.6958766854324753
9178,1,0.2729025044722719
9179,0,0.5305053698984771
9180,1,0.45589983365553205
9181,0,0.47616171736569163
9182,0,0.44066592791974085
9183,0,0.09748584748584749
9184,1,0.5707880813143972
9185,0,0.040132458443641154
9186,0,0.003023488255872064
9187,1,0.8723450557103064
9188,1,0.5196769039722563
9189,0,0.4122843451707932
9190,1,0.43081140177958144
9191,1,0.6299392552099937
9192,0,0.08620417239664102
9193,1,0.5562563349760582
9194,0,0.04152162814443516
9195,1,0.3717710223835451
9196,0,0.08597482239497946
9197,0,0.10693966715308179
9198,1,0.719047790421762
9199,1,0.7370904862305921
9200,0,0.4728697239142405
9201,0,0.02298626806664275
9202,0,0.03946286832549401
9203,0,0.251076464835576
9204,0,0.02511921859420464
9205,0,0.017133914685121793
9206,0,0.0652721971934833
9207,0,0.41303664407112683
9208,0,0.006578947368421052
9209,0,0.5990227083875929
9210,1,0.487281898583179
9211,1,0.4250341873888386
9212,1,0.490447431651406
9213,0,0.6568629853139049
9214,0,0.4760547362242278
9215,0,0.06145954316686023
9216,0,0.2239232870990148
9217,0,0.08070699975662128
9218,1,0.6245825386531395
9219,1,0.6200514485773388
9220,1,0.25210803597492326
9221,0,0.01529504332707994
9222,0,0.25801969033748284
9223,0,0.055612191718463495
9224,1,0.5257050672658657
9225,1,0.5685359392317467
9226,0,0.30772513577467137
9227,0,0.007259318845818979
9228,0,0.38970095835012003
9229,0,0.11355072272282851
9230,0,0.041206704710195115
9231,1,0.5794145737749073
9232,0,0.412380754701316
9233,1,0.4070083292268123
9234,0,0.04825069634852244
9235,1,0.5176962327435718
9236,0,0.07159391534391535
9237,1,0.7675938502726432
9238,1,0.8614724302544562
9239,0,0.0007246376811594203
9240,0,0.5827409432672591
9241,1,0.2944202607546629
9242,0,0.1194396671530818
9243,0,0.3912836901996495
9244,1,0.5111135786019197
9245,1,0.7853464616935972
9246,1,0.7045701610273403
9247,0,0.052240023353252285
9248,0,0.43065564595979167
9249,1,0.5481552605456755
9250,0,0.014404315209144184
9251,1,0.5366378654120082
9252,0,0.1799490254595073
9253,0,0.002226139182660922
9254,1,0.19347711558993153
9255,1,0.6412113771229793
9256,1,0.4830866167730575
9257,0,0.09159716232597981
9258,0,0.0
9259,0,0.017916815849146676
9260,1,0.47393033029067994
9261,0,0.32652489810384544
9262,0,0.39670311496642063
9263,0,0.10516728292951899
9264,0,0.23552896162445788
9265,0,0.00306644672841856
9266,0,0.10112341362341364
9267,0,0.04304076703145027
9268,0,0.29503949308783156
9269,1,0.41118546354899205
9270,0,0.0007246376811594203
9271,1,0.6163285185494419
9272,1,0.6733972433641718
9273,0,0.13647009043350505
9274,0,0.17645291335411095
9275,0,0.5429059829059829
9276,0,0.405010910211796
9277,0,0.2584419712676547
9278,0,0.06600819352675132
9279,0,0.002226139182660922
9280,0,0.3720764372773231
9281,0,0.0015015015015015015
9282,1,0.5642745282280166
9283,0,0.12214206874802902
9284,0,0.006980223025216614
9285,1,0.3827707171328855
9286,1,0.8072351421188632
9287,0,0.2520944066922335
9288,0,0.005947464864059199
9289,0,0.002226139182660922
9290,0,0.14975261270560583
9291,0,0.11034342302162638
9292,0,0.02218979631260333
9293,0,0.02218979631260333
9294,1,0.5873436196830693
9295,1,0.6068129420758405
9296,0,0.0
9297,1,0.6733972433641718
9298,0,0.0015015015015015015
9299,1,0.5750552254285459
9300,1,0.5681265967348281
9301,0,0.0015015015015015015
9302,0,0.019418317350648178
9303,0,0.10468186748148901
9304,0,0.038895974901457735
9305,1,0.6193961405825812
9306,0,0.021993722798551774
9307,0,0.17259113421596675
9308,0,0.07962832900580313
9309,0,0.09680529497602668
9310,0,0.10069514661274015
9311,1,0.3978357587760843
9312,1,0.7196383111017258
9313,0,0.31651361558338303
9314,1,0.5261423761423761
9315,0,0.14749536117156045
9316,0,0.46695379273504267
9317,0,0.44066592791974085
9318,0,0.006980223025216614
9319,0,0.3776016316692161
9320,1,0.8008582230949428
9321,0,0.06573461932431662
9322,1,0.5263603752606234
9323,0,0.074351547771088
9324,0,0.0
9325,1,0.6448181418347083
9326,1,0.2557075293917399
9327,0,0.08336125256856963
9328,0,0.3015605038482823
9329,0,0.03417163890113639
9330,0,0.24048254553354118
9331,1,0.6136415433136121
9332,0,0.020575325999854305
9333,0,0.019158399051699877
9334,0,0.3345200143562302
9335,0,0.008052258030055716
9336,0,0.04360766045548654
9337,0,0.001564945226917058
9338,1,0.39932997556741184
9339,0,0.07365714682787854
9340,0,0.4888580464727254
9341,0,0.017027404829878665
9342,0,0.32286591926270675
9343,0,0.1669295786758294
9344,0,0.08976397136335025
9345,0,0.18056890613828105
9346,1,0.6999944376902111
9347,0,0.17038713480844528
9348,1,0.7333602224284294
9349,1,0.2866534718668865
9350,0,0.058383670680418644
9351,0,0.0015015015015015015
9352,0,0.1132314862457003
9353,0,0.0007246376811594203
9354,0,0.033825706322497075
9355,0,0.37589055620186423
9356,0,0.4210399896891513
9357,0,0.3001744011732913
9358,0,0.008080448869922553
9359,0,0.0051501157908480566
9360,0,0.12737384630204965
9361,1,0.5276717644582338
9362,0,0.03129834278902602
9363,0,0.27825403537547466
9364,0,0.30045870255566737
9365,0,0.5376414446104483
9366,0,0.2584419712676547
9367,1,0.6313052800857679
9368,1,0.5747354497354497
9369,1,0.6213128754843179
9370,0,0.3491256455962339
9371,1,0.6842223409498486
9372,0,0.0015015015015015015
9373,0,0.3441181008025471
9374,1,0.440318381730529
9375,0,0.006419011300061342
9376,1,0.5438823077653776
9377,0,0.011173095142617032
9378,0,0.21220176613714312
9379,1,0.6951940816843324
9380,0,0.4767171606802288
9381,0,0.04360766045548654
9382,1,0.7242397125615652
9383,0,0.5408673377328586
9384,0,0.005694373618901921
9385,0,0.2771731292876381
9386,0,0.3016409470451166
9387,0,0.049717118924436
9388,0,0.006980223025216614
9389,0,0.5186765131156675
9390,0,0.032904699697663777
9391,0,0.017175794171099334
9392,0,0.0
9393,0,0.08750490151126548
9394,0,0.001564945226917058
9395,1,0.4371807305481874
9396,1,0.7173110838678474
9397,1,0.4680746456608526
9398,0,0.1704161864424756
9399,1,0.27077926014096226
9400,1,0.8559147335814549
9401,0,0.10468186748148901
9402,0,0.17760782109889903
9403,1,0.6393024637675929
9404,0,0.0207825598478956
9405,0,0.10015997317163806
9406,0,0.44066592791974085
9407,0,0.1799490254595073
9408,0,0.1717073972767722
9409,1,0.4947476573153767
9410,0,0.006666666666666667
9411,0,0.327526216887919
9412,1,0.6123121131741821
9413,0,0.03293515535895297
9414,0,0.0015015015015015015
9415,0,0.1795897361242923
9416,0,0.39463839380354804
9417,0,0.20617467921704122
9418,0,0.0007246376811594203
9419,1,0.6015852302933643
9420,1,0.7092016712048492
9421,0,0.002226139182660922
9422,0,0.00306644672841856
9423,0,0.12770436927413673
9424,1,0.23019271357906188
9425,0,0.06600819352675132
9426,1,0.6435468040731199
9427,0,0.00306644672841856
9428,0,0.24513937285506274
9429,0,0.4371807305481874
9430,0,0.11802353935974626
9431,0,0.35787526019582144
9432,1,0.7388164602119334
9433,0,0.5023030987457865
9434,1,0.8197916666666667
9435,1,0.6094206088679192
9436,0,0.5946911371541735
9437,0,0.11315225323846012
9438,0,0.02450628427282957
9439,0,0.5408673377328586
9440,1,0.5857110492088583
9441,1,0.405423013900893
9442,0,0.0007246376811594203
9443,1,0.6383475595340001
9444,0,0.26756237116044046
9445,0,0.001564945226917058
9446,1,0.46250179085310056
9447,1,0.6080985866244769
9448,1,0.43413403897718705
9449,0,0.0015015015015015015
9450,0,0.36402701614152494
9451,1,0.6871179858984737
9452,0,0.28373306653959035
9453,0,0.1188111844662012
9454,0,0.24706044347679582
9455,0,0.07159391534391535
9456,0,0.16069507214666193
9457,1,0.5115000632303534
9458,0,0.002226139182660922
9459,0,0.32038169594448057
9460,0,0.05788799783046645
9461,0,0.0
9462,0,0.22197337193605807
9463,0,0.0015015015015015015
9464,0,0.15255228558546766
9465,1,0.5495818522143802
9466,1,0.7866177994551857
9467,1,0.4400403531578377
9468,0,0.5737675182342384
9469,0,0.008080448869922553
9470,0,0.05437228351685758
9471,0,0.002226139182660922
9472,0,0.2014180873705758
9473,0,0.0950009181945244
9474,0,0.02218979631260333
9475,0,0.38595569764786486
9476,1,0.5432837822652848
9477,0,0.09857450524918399
9478,0,0.031234498004129276
9479,0,0.00306644672841856
9480,0,0.0
9481,0,0.047634482070041985
9482,0,0.06190274063059
9483,1,0.6180402721336925
9484,0,0.0324744062057352
9485,1,0.5875190980454139
9486,0,0.172061163275952
9487,0,0.667392559424099
9488,0,0.020688294811101827
9489,1,0.6695204771971685
9490,0,0.32189697070881335
9491,0,0.0015015015015015015
9492,0,0.14703400677572329
9493,1,0.7820509988963318
9494,0,0.07205466449713312
9495,1,0.4528315576431054
9496,1,0.6058377651445688
9497,0,0.22815911713493797
9498,0,0.26756237116044046
9499,0,0.42669938559066023
9500,0,0.2475968746396033
9501,1,0.5646420666934028
9502,0,0.38257331545976353
9503,1,0.411228902066526
9504,0,0.014404315209144184
9505,1,0.4825262835397317
9506,1,0.6463493722078817
9507,0,0.016563938836293226
9508,0,0.024583482515813344
9509,0,0.2662979645382157
9510,0,0.17409150682030275
9511,1,0.5651956913245294
9512,0,0.47352435472832904
9513,0,0.3817450493312562
9514,1,0.7045701610273403
9515,0,0.40748224648308257
9516,1,0.7843081649533262
9517,0,0.46258107167285517
9518,0,0.05692614558632412
9519,0,0.002226139182660922
9520,0,0.1658939574637249
9521,0,0.0015015015015015015
9522,0,0.07444103447260737
9523,0,0.05028438231018426
9524,1,0.6200514485773388
9525,0,0.0007246376811594203
9526,0,0.04166745386341288
9527,0,0.3112023139462164
9528,0,0.0
9529,0,0.17259113421596675
9530,1,0.4813001747801999
9531,1,0.656573430114934
9532,0,0.012371066718892806
9533,0,0.024739294617240153
9534,0,0.021318022678848917
9535,0,0.040132458443641154
9536,0,0.11808781513227039
9537,1,0.7984302763839417
9538,1,0.49866501985146056
9539,0,0.0015015015015015015
9540,1,0.6051911365470688
9541,1,0.833883517248768
9542,0,0.03346273291925466
9543,0,0.024255163575856036
9544,0,0.4559689779943394
9545,0,0.26323002139124724
9546,0,0.0015015015015015015
9547,1,0.6640211640211641
9548,1,0.3912076440737648
9549,1,0.5476169763251103
9550,0,0.26798465209061234
9551,1,0.4938755421575564
9552,0,0.08755009235778466
9553,1,0.5179187623046635
9554,0,0.1890452695909627
9555,1,0.7557813733438872
9556,0,0.10115095541635825
9557,1,0.7883016985471393
9558,0,0.5508428694475206
9559,0,0.012424484010984144
9560,0,0.0015015015015015015
9561,1,0.6623968568341274
9562,0,0.44959503519852245
9563,0,0.13779448591387486
9564,0,0.0022988505747126436
9565,0,0.005947464864059199
9566,0,0.014404315209144184
9567,0,0.108603232876735
9568,0,0.058383670680418644
9569,0,0.1867040652303544
9570,0,0.0
9571,0,0.47426233992483685
9572,1,0.6247563352826511
9573,1,0.6311977682855456
9574,0,0.51364522417154
9575,1,0.7650129198966408
9576,1,0.7866177994551857
9577,1,0.7333602224284294
9578,1,0.5817471503518016
9579,1,0.5352288767896755
9580,0,0.600544567929707
9581,0,0.4229653607210591
9582,0,0.19348829708636642
9583,0,0.5903441265520161
9584,0,0.0015015015015015015
9585,0,0.03875014918248001
9586,1,0.7045701610273403
9587,1,0.6930667948983968
9588,0,0.019418317350648178
9589,0,0.026201240318237243
9590,0,0.2840477443464149
9591,0,0.18118578642061003
9592,0,0.18168737834742218
9593,0,0.294797650360435
9594,0,0.006419011300061342
9595,0,0.26606659111758674
9596,0,0.00306644672841856
9597,0,0.258663955690155
9598,0,0.00306644672841856
9599,1,0.5819267080555461
9600,1,0.4200387349282158
9601,0,0.3161911726617609
9602,0,0.029029912466210398
9603,0,0.30434043114302056
9604,0,0.03196705336321752
9605,0,0.019418317350648178
9606,1,0.7288144499967908
9607,0,0.4107585448645052
9608,1,0.5283270724529915
9609,1,0.7370904862305921
9610,0,0.0015015015015015015
9611,0,0.3207943859952718
9612,0,0.058383670680418644
9613,0,0.16067888174790093
9614,0,0.024255163575856036
9615,0,0.02370893519961843
9616,0,0.012013402688374671
9617,0,0.376730130815398
9618,1,0.5538461538461538
9619,0,0.005947464864059199
9620,0,0.06444931773879142
9621,0,0.0015015015015015015
9622,0,0.03565696649029983
9623,0,0.372920054200542
9624,1,0.665748655381698
9625,0,0.0
9626,0,0.009815546772068511
9627,0,0.08379151900493365
9628,1,0.46200982253613837
9629,1,0.5337680207649248
9630,0,0.2486824018379837
9631,0,0.1936490040932016
9632,0,0.046560235803488025
9633,1,0.6865213009210344
9634,0,0.17138898793605514
9635,0,0.195788813339809
9636,1,0.6958766854324753
9637,1,0.3733223379033089
9638,1,0.7853464616935972
9639,0,0.032904699697663777
9640,1,0.7415417915417916
9641,0,0.0468817951775841
9642,0,0.012273320987322976
9643,0,0.5554426891709591
9644,1,0.8244353932174192
9645,0,0.5759170215630302
9646,0,0.36945033158946555
9647,1,0.511138109663142
9648,0,0.0015015015015015015
9649,0,0.14286241321492563
9650,0,0.08291158529454017
9651,1,0.5196769039722563
9652,0,0.0
9653,0,0.021036075153072074
9654,0,0.25387107288592586
9655,0,0.08001310331122537
9656,0,0.4371941535285557
9657,1,0.6231661253870487
9658,0,0.3012081656294761
9659,1,0.2564044989573632
9660,1,0.5737675182342384
9661,0,0.058383670680418644
9662,1,0.4957843236843273
9663,0,0.002226139182660922
9664,0,0.35589978496955244
9665,0,0.1428686554650118
9666,0,0.07048032984353016
9667,0,0.027720322363179506
9668,0,0.008011705859000533
9669,0,0.3265554669673574
9670,0,0.2504635960408074
9671,1,0.6951940816843324
9672,0,0.050177868077653766
9673,0,0.5236826160563129
9674,0,0.327147134690655
9675,1,0.8407351784309519
9676,0,0.06192029232007801
9677,0,0.0015015015015015015
9678,0,0.14404377814973843
9679,0,0.14841656806175915
9680,0,0.2949805490481335
9681,0,0.10650663416251742
9682,0,0.006419011300061342
9683,1,0.6733972433641718
9684,0,0.011004425478109689
9685,1,0.7785088548559904
9686,0,0.4420925195884455
9687,0,0.42304140684694386
9688,1,0.5126215629917553
9689,0,0.08933936265438702
9690,1,0.6739647763732308
9691,0,0.04654480135249366
9692,1,0.5745191714868622
9693,0,0.12547305732466707
9694,1,0.5594892529287258
9695,1,0.7370904862305921
9696,1,0.7971589386223532
9697,0,0.22159114091853774
9698,0,0.0
9699,0,0.06481144804026552
9700,0,0.23850063050814788
9701,1,0.6958766854324753
9702,0,0.3774064249926319
9703,1,0.6924934284050307
9704,0,0.0007246376811594203
9705,0,0.019158399051699877
9706,1,0.8153440867180585
9707,0,0.04566445233913108
9708,0,0.16918737834742215
9709,0,0.12737384630204965
9710,0,0.42246658135785603
9711,0,0.1704065159267257
9712,0,0.025790158995627768
9713,0,0.3202285566253441
9714,1,0.5532765705087473
9715,0,0.1377793129423698
9716,1,0.30856477632798823
9717,0,0.1478791000978579
9718,1,0.4147304263461917
9719,0,0.012273320987322976
9720,1,0.6563402553004338
9721,1,0.46799726174575645
9722,0,0.010448457461457611
9723,0,0.1396492676672659
9724,1,0.7540974742519336
9725,0,0.3816515372143219
9726,1,0.5408015756852966
9727,1,0.6503004214868621
9728,0,0.008080448869922553
9729,0,0.25097593448309236
9730,0,0.002226139182660922
9731,1,0.47393033029067994
9732,0,0.40424625761371447
9733,1,0.5756400244126719
9734,0,0.12923444839042272
9735,1,0.7664262057075449
9736,0,0.012216404886561954
9737,0,0.0
9738,0,0.2790092479374513
9739,0,0.45035646320334033
9740,1,0.6658558317740355
9741,1,0.3044942178564051
9742,0,0.029779203902010918
9743,0,0.16801864587460616
9744,0,0.4915548513634769
9745,0,0.15586476013016295
9746,0,0.014404315209144184
9747,0,0.002226139182660922
9748,0,0.0015015015015015015
9749,0,0.011004425478109689
9750,0,0.19419740108012207
9751,1,0.3384740705324018
9752,0,0.04208474385014669
9753,1,0.4609774374023365
9754,0,0.002226139182660922
9755,0,0.26680842883245487
9756,0,0.021036075153072074
9757,0,0.4227045756234002
9758,0,0.003023488255872064
9759,0,0.05700232081985671
9760,0,0.5973929579192738
9761,1,0.6433228033289995
9762,0,0.5176962327435718
9763,1,0.6745447104563126
9764,0,0.03843522574823996
9765,1,0.5126329955002312
9766,0,0.1795897361242923
9767,0,0.2691015309611305
9768,0,0.40920368191366924
9769,0,0.07158006880913285
9770,0,0.0015015015015015015
9771,1,0.5873385012919896
9772,1,0.4092120282817957
9773,1,0.5057598553989894
9774,0,0.4915548513634769
9775,1,0.4269304477869372
9776,0,0.00306644672841856
9777,0,0.35176300823359646
9778,0,0.25819662077354605
9779,0,0.34447195205815895
9780,0,0.09718437614779078
9781,1,0.6431482704546485
9782,0,0.0
9783,1,0.5579104037724728
9784,0,0.07001958069031239
9785,1,0.5630155725759457
9786,0,0.12951501716509703
9787,0,0.0026339740384524924
9788,0,0.008080448869922553
9789,1,0.6424929624598908
9790,0,0.5332628853220616
9791,1,0.7656580811869634
9792,0,0.006980223025216614
9793,0,0.050177868077653766
9794,1,0.9374387254901961
9795,0,0.23055318013253032
9796,0,0.4618979370803847
9797,0,0.03013322073570863
9798,1,0.6670095891280878
9799,0,0.0353097299525871
9800,0,0.021929878013655025
9801,1,0.31369347417820714
9802,0,0.028287215787215783
9803,0,0.006980223025216614
9804,0,0.056251410516813365
9805,0,0.0163354866253417
9806,1,0.737418128266583
9807,1,0.5093916276086818
9808,0,0.001564945226917058
9809,1,0.48813533432619244
9810,0,0.37325319356450165
9811,0,0.02021566642385932
9812,0,0.3441181008025471
9813,0,0.0015015015015015015
9814,1,0.5570538419375629
9815,0,0.5685359392317467
9816,1,0.6814733391500306
9817,0,0.014404315209144184
9818,0,0.05068972033257748
9819,0,0.296697463922395
9820,1,0.4728357482561322
9821,0,0.002226139182660922
9822,0,0.18905010075741782
9823,0,0.3059853620198448
9824,1,0.43998394679509234
9825,0,0.5366378654120082
9826,0,0.13824894197086657
9827,0,0.003023488255872064
9828,0,0.006419011300061342
9829,0,0.41949110914628157
9830,0,0.1659173724262788
9831,1,0.6708657196462076
9832,0,0.39463839380354804
9833,0,0.10496456628722205
9834,1,0.5438823077653776
9835,1,0.6855164972901685
9836,0,0.3068841589986678
9837,1,0.13348525684783716
9838,1,0.47815980261153035
9839,0,0.0015015015015015015
9840,0,0.013070670060534117
9841,0,0.5001459587666484
9842,0,0.10620778969389255
9843,0,0.028181071516397278
9844,1,0.5827409432672591
9845,0,0.0015015015015015015
9846,0,0.23042535071484135
9847,0,0.12171229076191227
9848,1,0.6015852302933643
9849,0,0.4915548513634769
9850,0,0.3106119764442668
9851,1,0.6051911365470688
9852,1,0.6751394336089708
9853,0,0.38970095835012003
9854,1,0.39042370059319215
9855,0,0.04152162814443516
9856,1,0.5136333348558543
9857,0,0.0
9858,1,0.4728357482561322
9859,0,0.4252727939219556
9860,0,0.20114306640530244
9861,0,0.49970608998168253
9862,1,0.4915548513634769
9863,0,0.21427002583979327
9864,0,0.4154492118918997
9865,0,0.5207986257984437
9866,0,0.12923444839042272
9867,0,0.13049039179076297
9868,1,0.4796418160291425
9869,1,0.5257050672658657
9870,0,0.251076464835576
9871,0,0.016092392400291082
9872,1,0.5395518807480139
9873,0,0.02417240119320387
9874,0,0.17694468210140604
9875,0,0.007216360373272483
9876,0,0.37312940470835204
9877,0,0.3814814814814815
9878,0,0.05028438231018426
9879,0,0.02515037593984962
9880,0,0.37023178717969624
9881,1,0.731000652374624
9882,1,0.4552112271833353
9883,1,0.6640211640211641
9884,1,0.5610634896972106
9885,0,0.008080448869922553
9886,0,0.40722173816834006
9887,0,0.16918737834742215
9888,0,0.007259318845818979
9889,0,0.43029341151149286
9890,0,0.09641160121929353
9891,0,0.04152162814443516
9892,0,0.15296296411108798
9893,0,0.30086084094704785
9894,0,0.4345646775314294
9895,0,0.0051501157908480566
9896,0,0.3507610508757298
9897,1,0.3166030526348454
9898,0,0.338239764485041
9899,0,0.1720088686148289
9900,0,0.09612182995803686
9901,0,0.034802377110069414
9902,0,0.24048254553354118
9903,0,0.40748224648308257
9904,0,0.019158399051699877
9905,1,0.5833962512620167
9906,0,0.002226139182660922
9907,1,0.6641457715391087
9908,0,0.006419011300061342
9909,0,0.02218979631260333
9910,1,0.39670311496642063
9911,0,0.10788916718269115
9912,0,0.11372732045297114
9913,0,0.12264696685428393
9914,1,0.5161056986773463
9915,0,0.0062555853440571935
9916,0,0.027354961477768492
9917,1,0.5873436196830693
9918,0,0.002226139182660922
9919,0,0.05028438231018426
9920,0,0.42263543128459297
9921,0,0.056509443027734196
9922,0,0.11219232503319941
9923,1,0.5873385012919896
9924,1,0.601403700184188
9925,0,0.07205466449713312
9926,0,0.02047337278106509
9927,0,0.00306644672841856
9928,0,0.10600372749972294
9929,0,0.07453159945340464
9930,0,0.10112341362341364
9931,1,0.6832412197314705
9932,0,0.002226139182660922
9933,1,0.6361271573135979
9934,0,0.40280676611729965
9935,0,0.09347446032228642
9936,0,0.3718272287751378
9937,0,0.4915548513634769
9938,0,0.5176470157880105
9939,0,0.13626440679758886
9940,1,0.5147472150034231
9941,1,0.44899768291941095
9942,0,0.0015015015015015015
9943,0,0.001564945226917058
9944,0,0.212613566026061
9945,1,0.4040610062099612
9946,1,0.6367420460488497
9947,1,0.5157295355512037
9948,0,0.2941749102605542
9949,0,0.21561957083988773
9950,0,0.0
9951,1,0.6463395822511845
9952,0,0.28713330477164467
9953,0,0.025790158995627768
9954,1,0.446085352686512
9955,1,0.3383767691673263
9956,0,0.0015015015015015015
9957,0,0.2886882426516573
9958,0,0.0015015015015015015
9959,0,0.15255228558546766
9960,0,0.032904699697663777
9961,1,0.4767171606802288
9962,1,0.5154575418678632
9963,1,0.4126688904386959
9964,0,0.0007246376811594203
9965,1,0.7303120651957862
9966,1,0.677815271648972
9967,0,0.006491722692113063
9968,0,0.2819173328780149
9969,1,0.6394207435141639
9970,0,0.4728357482561322
9971,0,0.3131947501426592
9972,0,0.33889275584066486
9973,0,0.0015015015015015015
9974,1,0.4606111397866173
9975,0,0.15586407040679903
9976,1,0.7207055053975955
9977,0,0.4252727939219556
9978,1,0.421073840995811
9979,0,0.2459913495894189
9980,0,0.3536304362438664
9981,1,0.5707880813143972
9982,0,0.04892794450835606
9983,0,0.009904199633403749
9984,0,0.01529504332707994
9985,0,0.07444103447260737
9986,1,0.8441022566526989
9987,0,0.0015015015015015015
9988,1,0.47393033029067994
9989,0,0.19617931610551534
9990,1,0.45369588988731174
9991,0,0.3403187206300287
9992,1,0.7785088548559904
9993,0,0.4897048825010633
9994,0,0.11476648166547203
9995,0,0.010744507179161386
9996,0,0.12737384630204965
9997,1,0.3809111737914015
9998,0,0.734707629968513
9999,0,0.5603666789713301
10000,1,0.696461216428145
10001,0,0.4484060434805916
10002,0,0.10069514661274015
10003,0,0.002226139182660922
10004,0,0.4107585448645052
10005,0,0.5397469699164614
10006,0,0.48794247361263293
10007,0,0.0015015015015015015
10008,0,0.3720764372773231
10009,0,0.42263543128459297
10010,1,0.7397298956414978
10011,1,0.4528315576431054
10012,1,0.6003196582666781
10013,0,0.04787708012996845
10014,0,0.02417240119320387
10015,0,0.08824525745257451
10016,0,0.2325350951579236
10017,1,0.507172576417512
10018,1,0.5827409432672591
10019,0,0.28286879560656736
10020,0,0.07304807447828043
10021,0,0.2507990040470291
10022,0,0.015201664282355325
10023,0,0.0015015015015015015
10024,0,0.06543535532194923
10025,1,0.34571785268414473
10026,0,0.3125948698218212
10027,0,0.04059941626098327
10028,0,0.11545927959279594
10029,0,0.04597790792845738
10030,0,0.629691456750633
10031,0,0.17694468210140604
10032,0,0.0207825598478956
10033,0,0.0015015015015015015
10034,0,0.08933936265438702
10035,1,0.5795077260656024
10036,0,0.3078173683939169
10037,1,0.473990372641602
10038,0,0.012839369982227128
10039,1,0.7115995115995116
10040,0,0.037360979481686
10041,0,0.039332477057510654
10042,0,0.0945474953044339
10043,1,0.6344547948597836
10044,0,0.0015015015015015015
10045,0,0.2204016224415856
10046,1,0.7166237717186736
10047,0,0.011584176465226506
10048,0,0.48574894196827206
10049,1,0.5627957314003825
10050,0,0.02078548570058358
10051,0,0.012273320987322976
10052,0,0.03417163890113639
10053,0,0.13057379962342114
10054,1,0.8058135412974122
10055,0,0.037195317546634035
10056,0,0.3587823379635377
10057,1,0.4861409251224278
10058,1,0.5775075987841946
10059,1,0.8566587812005024
10060,0,0.0007246376811594203
10061,1,0.8566587812005024
10062,0,0.2971181363317455
10063,0,0.47393033029067994
10064,1,0.4728357482561322
10065,0,0.033825706322497075
10066,0,0.41892663168553806
10067,1,0.7085804703541415
10068,0,0.2652213957124002
10069,0,0.03013322073570863
10070,0,0.508080546193069
10071,1,0.39463839380354804
10072,0,0.19058420047908467
10073,0,0.08910934744268077
10074,0,0.4463437065131981
10075,1,0.6530232063018948
10076,0,0.2819173328780149
10077,0,0.0015015015015015015
10078,0,0.31271423541086457
10079,1,0.8107102877983605
10080,0,0.2030632733461094
10081,0,0.09625325717279738
10082,0,0.4332009503879919
10083,1,0.3838429070979912
10084,1,0.7427634660421546
10085,1,0.38709773148363275
10086,0,0.5171561272199083
10087,0,0.6013159133858718
10088,1,0.7242397125615652
10089,1,0.4322845543168414
10090,0,0.14065841380740418
10091,0,0.04809523122325976
10092,1,0.49736034947485824
10093,0,0.035895770668125056
10094,0,0.3720764372773231
10095,1,0.47705238289945945
10096,0,0.029414922745661345
10097,1,0.7737670257861587
10098,0,0.0062555853440571935
10099,0,0.037360979481686
10100,0,0.012273320987322976
10101,0,0.09164901332111912
10102,1,0.3522129566952634
10103,0,0.2946896047790411
10104,0,0.13883364712637578
10105,0,0.001564945226917058
10106,0,0.016105556689111067
10107,0,0.1498610151232512
10108,0,0.05028438231018426
10109,0,0.011173095142617032
10110,1,0.8597885311625029
10111,1,0.3403187206300287
10112,0,0.14345604145401225
10113,0,0.056353002410694714
10114,0,0.3914909087355734
10115,0,0.0015015015015015015
10116,0,0.31169832238656114
10117,0,0.09154779779779781
10118,1,0.5421035882944464
10119,0,0.13598256429584163
10120,1,0.665748655381698
10121,1,0.7907228756698498
10122,1,0.6466984140835531
10123,0,0.03174989955156358
10124,0,0.058383670680418644
10125,0,0.0015015015015015015
10126,0,0.10020905084457127
10127,0,0.002226139182660922
10128,1,0.6958766854324753
10129,0,0.002226139182660922
10130,1,0.5502125328936417
10131,1,0.6502742506014488
10132,1,0.6866435746143531
10133,0,0.0
10134,0,0.012273320987322976
10135,1,0.18717836010540037
10136,1,0.6082731194988279
10137,1,0.7212351873849755
10138,0,0.06192029232007801
10139,0,0.3607950191570881
10140,0,0.005222827182899778
10141,1,0.5266987693953986
10142,0,0.03900211917227624
10143,0,0.1913183002150877
10144,0,0.23045264978004662
10145,1,0.30467495987158905
10146,0,0.08857314083467753
10147,0,0.3198059922160088
10148,0,0.03181124126179071
10149,0,0.013564007663386548
10150,0,0.41014674350178754
10151,0,0.021318022678848917
10152,1,0.7785088548559904
10153,0,0.050519361315150245
10154,0,0.1338416265382557
10155,1,0.6284227857948946
10156,0,0.04874938689041253
10157,0,0.002226139182660922
10158,0,0.14929966660854774
10159,0,0.0015015015015015015
10160,0,0.2734010138851261
10161,0,0.3724885409664201
10162,0,0.08061470202058528
10163,0,0.04484427084776125
10164,0,0.26910312429975347
10165,1,0.5737675182342384
10166,1,0.4927809601230087
10167,0,0.18940974334512028
10168,1,0.7724956880245702
10169,0,0.3463784315793174
10170,1,0.7229245565887653
10171,0,0.002226139182660922
10172,0,0.012273320987322976
10173,0,0.2331110321069988
10174,1,0.47693806916123965
10175,0,0.1510217303653966
10176,0,0.03565696649029983
10177,0,0.031234498004129276
10178,1,0.372192513368984
10179,0,0.15255228558546766
10180,1,0.8213269927009644
10181,0,0.10453532479168874
10182,0,0.006980223025216614
10183,1,0.6614115325979731
10184,0,0.058383670680418644
10185,1,0.81407274895647
10186,0,0.06420454020803061
10187,0,0.2068160952432052
10188,1,0.8559147335814549
10189,0,0.0
10190,0,0.13779448591387486
10191,0,0.0015015015015015015
10192,0,0.07383786848072563
10193,0,0.013564007663386548
10194,0,0.014404315209144184
10195,1,0.7745351503067402
10196,0,0.047881443894798176
10197,0,0.49770180392113406
10198,0,0.0015015015015015015
10199,0,0.08771288440017962
10200,0,0.44066592791974085
10201,1,0.7459885296527383
10202,0,0.11628764753764753
10203,0,0.00306644672841856
10204,0,0.0890850877775564
10205,0,0.020575325999854305
10206,1,0.5257050672658657
10207,1,0.5481552605456755
10208,1,0.6080985866244769
10209,0,0.012839369982227128
10210,0,0.27799994643141596
10211,0,0.07205466449713312
10212,1,0.4306204117750392
10213,0,0.12257472632375
10214,0,0.04807979677226539
10215,0,0.02370893519961843
10216,0,0.2949703487490243
10217,0,0.04304076703145027
10218,1,0.7952724021302447
10219,1,0.47815980261153035
10220,0,0.05008166566788732
10221,1,0.40773977992511073
10222,0,0.22815911713493797
10223,0,0.5406451555542008
10224,0,0.0015015015015015015
10225,1,0.8227514941254658
10226,1,0.7387743853225457
10227,0,0.04570573176087492
10228,0,0.3764024652143078
10229,0,0.4405898817938561
10230,0,0.017027404829878665
10231,1,0.603338637759824
10232,1,0.6080985866244769
10233,0,0.07614256570380644
10234,0,0.012834532712478246
10235,0,0.03570663432090813
10236,0,0.012273320987322976
10237,0,0.08598745778098175
10238,0,0.0015015015015015015
10239,1,0.4904012905827788
10240,0,0.2331110321069988
10241,0,0.14345604145401225
10242,0,0.008080448869922553
10243,0,0.43029341151149286
10244,0,0.4552112271833353
10245,0,0.4548052516209844
10246,0,0.764871050782653
10247,1,0.5756400244126719
10248,1,0.8345639710542218
10249,0,0.0062555853440571935
10250,0,0.42948144772006874
10251,0,0.0
10252,0,0.30894268119688717
10253,0,0.019418317350648178
10254,0,0.1131549110872419
10255,0,0.10516728292951899
10256,0,0.3258870758870759
10257,0,0.07442019635575627
10258,1,0.6200514485773388
10259,1,0.5115000632303534
10260,0,0.016563938836293226
10261,0,0.0015015015015015015
10262,1,0.7019190027888348
10263,0,0.09794659663906526
10264,1,0.8153440867180585
10265,0,0.10679312446328153
10266,0,0.037006962647988285
10267,0,0.03792787290572228
10268,0,0.08061470202058528
10269,0,0.07404659063506248
10270,1,0.7853464616935972
10271,0,0.011173095142617032
10272,0,0.4703558079704868
10273,0,0.0051501157908480566
10274,1,0.49036672140120413
10275,0,0.11426478841687238
10276,0,0.0759760298923791
10277,1,0.6820009216339642
10278,1,0.594889571379822
10279,0,0.0062555853440571935
10280,0,0.10468186748148901
10281,1,0.5637868562498927
10282,0,0.15359144679796854
10283,0,0.28810549206890673
10284,0,0.04292506040823955
10285,0,0.19588954131275274
10286,0,0.36224743242983976
10287,0,0.3674371791293463
10288,1,0.6976415323336224
10289,0,0.01400841888946893
10290,0,0.019418317350648178
10291,0,0.0007246376811594203
10292,0,0.74784721821481
10293,0,0.10470653377630122
10294,0,0.02417240119320387
10295,0,0.33609814779031505
10296,0,0.025750843131893172
10297,1,0.7545922079225308
10298,1,0.4816345965710373
10299,0,0.06573461932431662
10300,1,0.5408673377328586
10301,1,0.5366378654120082
10302,0,0.04304076703145027
10303,0,0.00306644672841856
10304,0,0.2656626575581085
10305,0,0.002226139182660922
10306,0,0.30434043114302056
10307,0,0.3462626003301848
10308,0,0.09680529497602668
10309,1,0.4234535105360409
10310,0,0.024255163575856036
10311,0,0.012273320987322976
10312,0,0.007391304347826088
10313,0,0.17645291335411095
10314,0,0.05028438231018426
10315,0,0.5298716242575255
10316,0,0.09299619947852318
10317,1,0.8559147335814549
10318,0,0.40764827284915867
10319,0,0.13283159929501392
10320,0,0.05154948608895978
10321,1,0.7235945512712426
10322,0,0.3806925793385018
10323,0,0.3347380106097964
10324,1,0.7731218644958361
10325,1,0.4915548513634769
10326,0,0.04874938689041253
10327,1,0.8566587812005024
10328,0,0.0
10329,0,0.03350204878298925
10330,0,0.21769052274151837
10331,0,0.017027404829878665
10332,0,0.1329389896463067
10333,1,0.8213269927009644
10334,0,0.0036486142893465546
10335,0,0.010771819485821474
10336,0,0.40186658807348463
10337,0,0.27057052334527043
10338,0,0.13016024389942013
10339,0,0.27057052334527043
10340,0,0.012839369982227128
10341,0,0.5485907273648701
10342,1,0.7205302771392885
10343,0,0.37628792113893855
10344,0,0.5411111111111112
10345,0,0.2751912142622448
10346,0,0.4789066546879048
10347,0,0.4150181173386786
10348,0,0.002226139182660922
10349,0,0.0022988505747126436
10350,1,0.7873622881355932
10351,0,0.1647255792683079
10352,1,0.5932645454854689
10353,1,0.8546433958198664
10354,0,0.028874100364783595
10355,1,0.7057176281194811
10356,0,0.2524455110662007
10357,1,0.5784388709019073
10358,0,0.07737052933421036
10359,0,0.4617235144341259
10360,0,0.011004425478109689
10361,1,0.5290787782297725
10362,0,0.38678999462883007
10363,1,0.46258107167285517
10364,0,0.4553335783216606
10365,0,0.08291158529454017
10366,0,0.02417240119320387
10367,0,0.1428686554650118
10368,0,0.007259318845818979
10369,0,0.09987974987974989
10370,0,0.038081208914542246
10371,1,0.3016409470451166
10372,0,0.3106119764442668
10373,0,0.029029912466210398
10374,1,0.572765411552597
10375,0,0.027720322363179506
10376,1,0.5542498375479349
10377,0,0.0015015015015015015
10378,1,0.6878748727585937
10379,0,0.209300765835322
10380,0,0.0015015015015015015
10381,0,0.12028133903133903
10382,0,0.016843203035671658
10383,1,0.5911905697988011
10384,0,0.035876623376623375
10385,1,0.6442184503787671
10386,0,0.02846301904217412
10387,0,0.0
10388,0,0.0015015015015015015
10389,0,0.3930429522081065
10390,0,0.22965348827417795
10391,0,0.2752053383810661
10392,0,0.0015015015015015015
10393,0,0.04484427084776125
10394,0,0.5253849028851139
10395,1,0.4495305048869261
10396,1,0.42677947964560037
10397,0,0.006980223025216614
10398,0,0.11430573251225425
10399,0,0.0015015015015015015
10400,0,0.3556439622262407
10401,1,0.440930769282079
10402,0,0.41334222368063234
10403,0,0.008080448869922553
10404,0,0.029029912466210398
10405,1,0.8227514941254658
10406,1,0.6628382166356851
10407,1,0.5593877581604058
10408,1,0.4585953396644585
10409,0,0.5257050672658657
10410,1,0.5817471503518016
10411,1,0.6820009216339642
10412,0,0.358512520413718
10413,0,0.19783448389217617
10414,0,0.03757104693541869
10415,0,0.008080448869922553
10416,0,0.080140106332585
10417,1,0.6240717881387454
10418,0,0.05730942441386469
10419,0,0.2067429138608535
10420,0,0.024060514333196708
10421,1,0.5773990349806425
10422,1,0.5115000632303534
10423,0,0.019862728576730562
10424,0,0.012013402688374671
10425,0,0.4784373344986153
10426,0,0.2051791935505567
10427,1,0.508805729752936
10428,1,0.3912836901996495
10429,0,0.4917933130699088
10430,0,0.2652213957124002
10431,1,0.4623027514010345
10432,1,0.7326845514665775
10433,1,0.8345639710542218
10434,1,0.7275431122352023
10435,1,0.5904923730011308
10436,1,0.6745447104563126
10437,0,0.0286175736724502
10438,1,0.5321814074136055
10439,0,0.4510979008586664
10440,0,0.5467936503265329
10441,0,0.2060571398126437
10442,1,0.446085352686512
10443,0,0.043580317026505506
10444,1,0.6976415323336224
10445,0,0.06420454020803061
10446,1,0.5783912645991541
10447,0,0.3104001420923093
10448,0,0.15168407928588923
10449,0,0.02021566642385932
10450,0,0.1635075409723297
10451,1,0.551531930601698
10452,0,0.09608448027608239
10453,0,0.6592239791909077
10454,0,0.2752053383810661
10455,0,0.42263543128459297
10456,1,0.47426233992483685
10457,0,0.44996676511060857
10458,0,0.028357655373501902
10459,0,0.4728357482561322
10460,0,0.40120704699531523
10461,0,0.4899023681632378
10462,1,0.6532275245497264
10463,1,0.3486790986790987
10464,0,0.0015015015015015015
10465,0,0.10074525745257452
10466,0,0.0007246376811594203
10467,1,0.5057598553989894
10468,1,0.5019864956196035
10469,0,0.0015015015015015015
10470,1,0.5058788855404878
10471,0,0.2656626575581085
10472,0,0.006980223025216614
10473,1,0.4528315576431054
10474,0,0.034802377110069414
10475,0,0.36142046836518626
10476,0,0.4409850998763745
10477,0,0.412380754701316
10478,0,0.34752363162959193
10479,0,0.1567977133322695
10480,0,0.47192775209724375
10481,0,0.15677558364156996
10482,0,0.008080448869922553
10483,1,0.37867261833127275
10484,0,0.31118362786807424
10485,0,0.3690737653585951
10486,0,0.24299816256077808
10487,0,0.2158391579923089
10488,0,0.12427156177156178
10489,0,0.00306644672841856
10490,1,0.7991743240029893
10491,0,0.3805914004343703
10492,1,0.7517584362010657
10493,1,0.351776081029447
10494,0,0.3437956578809251
10495,0,0.024275828623654707
10496,0,0.1338416265382557
10497,0,0.11905838919333499
10498,1,0.7057176281194811
10499,1,0.8214801563638773
10500,0,0.014404315209144184
10501,1,0.5771573547377048
10502,0,0.1658939574637249
10503,1,0.6319404298966801
10504,0,0.07159391534391535
10505,1,0.3930429522081065
10506,0,0.007259318845818979
10507,0,0.002226139182660922
10508,0,0.2524455110662007
10509,0,0.02816473358926189
10510,1,0.6739647763732308
10511,0,0.03894607635804819
10512,0,0.038081208914542246
10513,1,0.7866177994551857
10514,0,0.19640140048764357
10515,0,0.3720453938682437
10516,0,0.33841890706806876
10517,0,0.2475968746396033
10518,0,0.4246328502996091
10519,1,0.7872634018068682
10520,0,0.0015015015015015015
10521,0,0.38015827752716236
10522,0,0.33889275584066486
10523,0,0.05847668594147467
10524,0,0.1523792443806791
10525,0,0.3886134613456136
10526,1,0.6753913680419354
10527,0,0.03766227536397614
10528,0,0.553657052607032
10529,0,0.014971208633180464
10530,0,0.5263603752606234
10531,0,0.02846301904217412
10532,0,0.007259318845818979
10533,0,0.22517896426124273
10534,0,0.2302663570689465
10535,0,0.018318091505942238
10536,0,0.00306644672841856
10537,0,0.1892057569296375
10538,0,0.4332009503879919
10539,0,0.0015015015015015015
10540,0,0.08516938496613292
10541,1,0.570164421636042
10542,0,0.4608535096339974
10543,1,0.7139095912846081
10544,0,0.02417240119320387
10545,0,0.3384740705324018
10546,0,0.002226139182660922
10547,0,0.0015015015015015015
10548,1,0.49420755179171333
10549,1,0.5389915039728735
10550,0,0.08195516329137019
10551,0,0.14957702704181577
10552,0,0.04597790792845738
10553,0,0.1363427455148513
10554,0,0.3774064249926319
10555,1,0.6966177188617891
10556,0,0.07614256570380644
10557,0,0.18528439153439155
10558,0,0.3299462042217807
10559,0,0.027007724940055766
10560,1,0.8359933120535036
10561,0,0.0801539528673675
10562,0,0.15105591708220625
10563,0,0.019158399051699877
10564,1,0.46211782551026204
10565,1,0.4112929411000715
10566,0,0.44066592791974085
10567,1,0.5770122792332026
10568,1,0.5322511805973011
10569,0,0.4126688904386959
10570,1,0.4606111397866173
10571,1,0.5176962327435718
10572,0,0.07551528073916133
10573,0,0.0324744062057352
10574,1,0.7540974742519336
10575,0,0.02370893519961843
10576,0,0.12201376209996899
10577,1,0.5962121212121212
10578,0,0.14603923019927398
10579,0,0.03442383858467888
10580,0,0.002226139182660922
10581,1,0.5718416438524717
10582,0,0.006419011300061342
10583,0,0.04705215419501133
10584,0,0.011584176465226506
10585,1,0.47428411446111945
10586,0,0.30713503919337043
10587,1,0.5877822658333152
10588,1,0.6653201772711897
10589,1,0.6016923622186781
10590,1,0.8070848790590007
10591,0,0.23055318013253032
10592,0,0.5658318646123525
10593,0,0.2475968746396033
10594,0,0.09159716232597981
10595,0,0.4302513578375648
10596,1,0.6859350385129948
10597,0,0.2752053383810661
10598,0,0.0015015015015015015
10599,0,0.05607294087168127
10600,0,0.44217090549747756
10601,0,0.09794659663906526
10602,0,0.03900211917227624
10603,0,0.46257783697898525
10604,1,0.43130018130018133
10605,0,0.10570475089342023
10606,0,0.33609814779031505
10607,1,0.412380754701316
10608,1,0.5882267596007312
10609,0,0.0950009181945244
10610,0,0.13133615579267754
10611,0,0.0015015015015015015
10612,0,0.0015015015015015015
10613,0,0.31293748661426074
10614,0,0.0015015015015015015
10615,0,0.619271077218097
10616,0,0.0022988505747126436
10617,0,0.34565406549641536
10618,0,0.05453794545190954
10619,0,0.37325319356450165
10620,1,0.6331168831168831
10621,0,0.38257331545976353
10622,1,0.5196769039722563
10623,1,0.7540974742519336
10624,1,0.31118362786807424
10625,1,0.5115000632303534
10626,0,0.1453315992950139
10627,1,0.5716875492421799
10628,0,0.04343474000783517
10629,0,0.0015015015015015015
10630,0,0.0
10631,0,0.1478791000978579
10632,0,0.019418317350648178
10633,0,0.4606111397866173
10634,0,0.5704761904761905
10635,0,0.662172660698551
10636,0,0.0051501157908480566
10637,0,0.001564945226917058
10638,0,0.2067429138608535
10639,1,0.5816400184264877
10640,0,0.4234428285811685
10641,1,0.5542258828596038
10642,0,0.4830651340996169
10643,0,0.6270784770784771
10644,0,0.002226139182660922
10645,0,0.3898577254102857
10646,0,0.02021566642385932
10647,0,0.013168415792103948
10648,0,0.24340511860174777
10649,1,0.719963849623387
10650,0,0.10468186748148901
10651,1,0.7866177994551857
10652,1,0.27512123103673575
10653,0,0.2325350951579236
10654,0,0.1341536892933032
10655,0,0.019158399051699877
10656,0,0.14480435504605021
10657,0,0.3733223379033089
10658,1,0.7011074197120709
10659,1,0.81407274895647
10660,1,0.7102634005511197
10661,0,0.06068127147939354
10662,1,0.5932645454854689
10663,0,0.30434043114302056
10664,0,0.3373040954653213
10665,0,0.2701935752445709
10666,0,0.30434043114302056
10667,1,0.7540974742519336
10668,1,0.7229245565887653
10669,0,0.28385212333952786
10670,0,0.0015015015015015015
10671,0,0.001564945226917058
10672,0,0.05160080455490242
10673,1,0.6009749662614358
10674,0,0.09164901332111912
10675,0,0.11903200740337054
10676,0,0.09680529497602668
10677,1,0.5188241016464955
10678,0,0.11541005291005291
10679,1,0.5152815210167073
10680,0,0.0015015015015015015
10681,1,0.827900611265862
10682,0,0.3082089556543463
10683,1,0.6231661253870487
10684,0,0.006419011300061342
10685,0,0.006419011300061342
10686,1,0.5675738861785374
10687,0,0.12553962152572437
10688,0,0.26123657931800465
10689,0,0.0286175736724502
10690,0,0.029029912466210398
10691,1,0.5681265967348281
10692,0,0.4777538270491794
10693,0,0.17544506070729673
10694,1,0.8227514941254658
10695,0,0.3299462042217807
10696,0,0.24746136738756663
10697,0,0.11984830604077466
10698,0,0.250791388858491
10699,1,0.6733972433641718
10700,0,0.07001958069031239
10701,1,0.42735341190164416
10702,0,0.08598745778098175
10703,1,0.5631308722488026
10704,0,0.12171229076191227
10705,0,0.46588567715955476
10706,0,0.3870051872718067
10707,0,0.14345604145401225
10708,0,0.06144749329910304
10709,0,0.011584176465226506
10710,0,0.0015015015015015015
10711,0,0.29421394799054373
10712,1,0.5987039974766452
10713,0,0.3476766118735693
10714,1,0.552105587997911
10715,0,0.03417163890113639
10716,0,0.013564007663386548
10717,0,0.10930529497602669
10718,0,0.2940038415162477
10719,0,0.05730942441386469
10720,0,0.019418317350648178
10721,0,0.3260644756344275
10722,0,0.002226139182660922
10723,0,0.2415007890131952
10724,0,0.0015015015015015015
10725,0,0.11034342302162638
10726,0,0.522905985436518
10727,1,0.5594172494172495
10728,0,0.11831331062100292
10729,1,0.5408673377328586
10730,0,0.011173095142617032
10731,0,0.0801539528673675
10732,1,0.7984302763839417
10733,1,0.8227514941254658
10734,0,0.42263543128459297
10735,1,0.5147472150034231
10736,0,0.25387107288592586
10737,0,0.7024613296181189
10738,0,0.0
10739,0,0.4271552832165641
10740,1,0.4948809278212185
10741,0,0.2486824018379837
10742,0,0.013070670060534117
10743,1,0.7866177994551857
10744,1,0.2349426807760141
10745,0,0.4436405812477679
10746,0,0.44977065248126397
10747,0,0.27968874631487495
10748,0,0.037006962647988285
10749,0,0.0353097299525871
10750,1,0.5864720334397241
10751,0,0.0015015015015015015
10752,0,0.027007724940055766
10753,0,0.012273320987322976
10754,0,0.5509906872890169
10755,1,0.5714433893091547
10756,0,0.04049759911082804
10757,1,0.548272284319868
10758,0,0.18168737834742218
10759,0,0.3539155208720426
10760,0,0.5908428778679913
10761,0,0.021318022678848917
10762,1,0.6520683020683021
10763,1,0.7045701610273403
10764,0,0.025790158995627768
10765,0,0.2921859409977836
10766,1,0.4227045756234002
10767,0,0.04874938689041253
10768,0,0.3684663653909164
10769,0,0.4227045756234002
10770,0,0.0007246376811594203
10771,1,0.7634339172313857
10772,1,0.5136333348558543
10773,0,0.0
10774,1,0.7656580811869634
10775,0,0.405010910211796
10776,0,0.008080448869922553
10777,0,0.055941921088085246
10778,1,0.3787874016574557
10779,0,0.11802353935974626
10780,0,0.002226139182660922
10781,0,0.0015015015015015015
10782,0,0.0945474953044339
10783,0,0.15574333593996512
10784,0,0.05607294087168127
10785,1,0.6606204502534929
10786,0,0.1766042780748663
10787,0,0.05330336387330662
10788,1,0.8559147335814549
10789,0,0.0
10790,1,0.6820009216339642
10791,1,0.8227514941254658
10792,0,0.3822659965172546
10793,1,0.6009749662614358
10794,0,0.019501079733300345
10795,1,0.5974677469150572
10796,1,0.8188192323975558
10797,0,0.006419011300061342
10798,0,0.1363427455148513
10799,0,0.011004425478109689
10800,1,0.5785321626794423
10801,0,0.5759170215630302
10802,1,0.44066592791974085
10803,1,0.6448181418347083
10804,1,0.4200387349282158
10805,1,0.4187490066198937
10806,1,0.2958522975686509
10807,0,0.12349114229927378
10808,0,0.32941328752130494
10809,0,0.08336125256856963
10810,0,0.17259113421596675
10811,1,0.9209039548022598
10812,1,0.30087111019310614
10813,1,0.7459885296527383
10814,0,0.0015015015015015015
10815,1,0.6109940734640014
10816,1,0.4280548560513641
10817,0,0.0015015015015015015
10818,0,0.019158399051699877
10819,0,0.0015015015015015015
10820,0,0.04597790792845738
10821,0,0.3720764372773231
10822,0,0.24688205585264408
10823,1,0.5012453866470764
10824,1,0.7540974742519336
10825,1,0.5114542571569755
10826,1,0.6926755836792421
10827,1,0.6245825386531395
10828,0,0.046560235803488025
10829,1,0.8345639710542218
10830,0,0.008080448869922553
10831,0,0.5703108290733886
10832,0,0.6038271017807672
10833,0,0.002226139182660922
10834,0,0.002226139182660922
10835,0,0.049823633156966494
10836,0,0.058243720665525855
10837,0,0.06758252818035428
10838,1,0.3547065337763012
10839,0,0.0015015015015015015
10840,1,0.8716010080912588
10841,1,0.600544567929707
10842,1,0.4570329256736556
10843,0,0.019418317350648178
10844,1,0.5570538419375629
10845,1,0.7185983487741855
10846,1,0.6486817521180878
10847,0,0.10468186748148901
10848,0,0.2672033107377935
10849,0,0.258663955690155
10850,0,0.4915548513634769
10851,0,0.17038713480844528
10852,0,0.28822763559118786
10853,0,0.016563938836293226
10854,0,0.31271423541086457
10855,0,0.4252727939219556
10856,0,0.31651361558338303
10857,0,0.05501971593925617
10858,0,0.056480180857654994
10859,0,0.0
10860,1,0.7315282348585578
10861,0,0.012273320987322976
10862,0,0.4276193432728961
10863,0,0.040132458443641154
10864,1,0.40764827284915867
10865,1,0.7528261364903454
10866,1,0.7915785764622973
10867,0,0.2672033107377935
10868,1,0.784064410411546
10869,0,0.0007246376811594203
10870,0,0.03817848020434227
10871,0,0.18516431559831847
10872,1,0.3251231399493295
10873,0,0.04287040801402301
10874,1,0.5087358541878265
10875,1,0.6474104143564993
10876,1,0.6431482704546485
10877,0,0.07185194785483617
10878,0,0.0015015015015015015
10879,0,0.3338021834413174
10880,0,0.44873951025776987
10881,0,0.00306644672841856
10882,1,0.5932382745942069
10883,0,0.2546820536780204
10884,1,0.7545922079225308
10885,0,0.4806170401877294
10886,1,0.7406925629366333
10887,0,0.5685359392317467
10888,0,0.2575517432496494
10889,0,0.1167483966908653
10890,0,0.5111798988496015
10891,1,0.5932645454854689
10892,0,0.10583927488889643
10893,1,0.6739647763732308
10894,1,0.7785088548559904
10895,1,0.4014399702235559
10896,0,0.48574894196827206
10897,1,0.6007675122335117
10898,0,0.6820009216339642
10899,1,0.4932254538904248
10900,1,0.5750552254285459
10901,0,0.3423789704389886
10902,1,0.6206341991600893
10903,0,0.13779448591387486
10904,0,0.20098082796823244
10905,1,0.7301618575368743
10906,1,0.4269304477869372
10907,0,0.012273320987322976
10908,0,0.035895770668125056
10909,0,0.018318091505942238
10910,0,0.2848160965082637
10911,0,0.33625784945964776
10912,0,0.033825706322497075
10913,0,0.0051501157908480566
10914,0,0.017027404829878665
10915,0,0.013564007663386548
10916,1,0.5565830772788846
10917,0,0.09764512530100855
10918,1,0.6855164972901685
10919,1,0.6096941748925596
10920,0,0.07536290869624203
10921,0,0.007259318845818979
10922,1,0.5750552254285459
10923,1,0.6623992856449026
10924,0,0.3522296451824987
10925,0,0.024739294617240153
10926,0,0.14286241321492563
10927,1,0.6552675243806451
10928,0,0.3602891866074105
10929,0,0.05028438231018426
10930,0,0.06600819352675132
10931,0,0.002226139182660922
10932,0,0.3143402369043528
10933,1,0.3307760398070711
10934,0,0.13283159929501392
10935,1,0.5257050672658657
10936,0,0.0015015015015015015
10937,0,0.1194396671530818
10938,1,0.8428309188911104
10939,0,0.405010910211796
10940,1,0.46257783697898525
10941,0,0.369032620724788
10942,0,0.3847762694821519
10943,0,0.0
10944,0,0.19640140048764357
10945,1,0.6325766178473563
10946,0,0.0015015015015015015
10947,0,0.27427446561701724
10948,0,0.012273320987322976
10949,0,0.6571449771119057
10950,1,0.5869842055293798
10951,0,0.002226139182660922
10952,0,0.42018394535740855
10953,0,0.0051501157908480566
10954,0,0.2434334976149504
10955,1,0.8457861557446523
10956,0,0.1867040652303544
10957,1,0.4987730228255843
10958,1,0.5228368410977108
10959,0,0.08918384247331616
10960,0,0.19640140048764357
10961,1,0.7452822801660011
10962,1,0.7251959088824941
10963,0,0.42016164714905163
10964,0,0.0015015015015015015
10965,0,0.49116836673504327
10966,0,0.03140015993918124
10967,0,0.28624634682289535
10968,0,0.011173095142617032
10969,1,0.7977278675377747
10970,0,0.26266283524904216
10971,1,0.833883517248768
10972,0,0.006578947368421052
10973,1,0.9374387254901961
10974,1,0.6175925925925926
10975,0,0.027212969520661826
10976,0,0.2529029746776974
10977,0,0.0
10978,1,0.3835051939089206
10979,0,0.3233100030225087
10980,0,0.18259935337801073
10981,0,0.006419011300061342
10982,0,0.23027815916725694
10983,0,0.016563938836293226
10984,1,0.5107040477009518
10985,1,0.4947476573153767
10986,0,0.47359349906713627
10987,0,0.017175794171099334
10988,0,0.02417240119320387
10989,0,0.005694373618901921
10990,1,0.7229245565887653
10991,0,0.2536343168100445
10992,0,0.008080448869922553
10993,1,0.693764766166619
10994,0,0.0015015015015015015
10995,0,0.07158006880913285
10996,0,0.06844901417783165
10997,1,0.8723450557103064
10998,0,0.18168737834742218
10999,1,0.6141693799179962
11000,0,0.0015015015015015015
11001,0,0.46771844533312423
11002,1,0.7062452106034147
11003,0,0.46009677532054644
11004,0,0.22988886750354642
11005,1,0.6069852880197707
11006,0,0.2586475992772845
11007,0,0.14345604145401225
11008,0,0.5157295355512037
11009,0,0.3403187206300287
11010,1,0.27807100943568835
11011,0,0.3024406175810606
11012,0,0.02417240119320387
11013,0,0.04580754891103014
11014,0,0.6051911365470688
11015,0,0.02417240119320387
11016,0,0.009904199633403749
11017,1,0.41078531310587435
11018,0,0.32845518056968936
11019,0,0.04059941626098327
11020,1,0.5955581055675426
11021,0,0.3905187214383114
11022,0,0.209300765835322
11023,1,0.33638294703166177
11024,0,0.3078173683939169
11025,0,0.30157230594659273
11026,0,0.002226139182660922
11027,1,0.3570010594813982
11028,1,0.7301618575368743
11029,1,0.6384270755348108
11030,0,0.0
11031,0,0.24957878966499658
11032,0,0.056251410516813365
11033,0,0.055177164250259404
11034,0,0.002226139182660922
11035,0,0.5714433893091547
11036,1,0.585102014509541
11037,1,0.6733972433641718
11038,0,0.005947464864059199
11039,0,0.008080448869922553
11040,0,0.00306644672841856
11041,0,0.17899610788520567
11042,1,0.552529808371028
11043,0,0.48574894196827206
11044,0,0.001564945226917058
11045,0,0.49770180392113406
11046,0,0.4642043624652321
11047,0,0.07614256570380644
11048,0,0.40341546861635447
11049,1,0.6759962376938914
11050,1,0.6563402553004338
11051,0,0.6393024637675929
11052,0,0.2030632733461094
11053,0,0.029417555058580697
11054,0,0.2524931949915937
11055,0,0.3690737653585951
11056,0,0.06373720177371156
11057,0,0.0007246376811594203
11058,0,0.0
11059,1,0.7921920871660261
11060,0,0.0015015015015015015
11061,0,0.007259318845818979
11062,0,0.024583482515813344
11063,0,0.48813533432619244
11064,1,0.7492935823754788
11065,1,0.5064151633937469
11066,1,0.33889275584066486
11067,0,0.05300478019107813
11068,0,0.39463839380354804
11069,0,0.041206704710195115
11070,0,0.1511361577921321
11071,1,0.547359245016274
11072,0,0.012273320987322976
11073,1,0.7459885296527383
11074,0,0.0051501157908480566
11075,0,0.44066592791974085
11076,0,0.0051501157908480566
11077,0,0.25534145441122186
11078,0,0.028287215787215783
11079,0,0.0015015015015015015
11080,0,0.28810549206890673
11081,1,0.8559147335814549
11082,0,0.0015015015015015015
11083,1,0.4943977591036415
11084,0,0.20872482888624677
11085,0,0.08061470202058528
11086,0,0.019158399051699877
11087,0,0.06093753274988519
11088,0,0.1270689923312284
11089,1,0.8254858635373341
11090,0,0.15255228558546766
11091,0,0.05346119929453263
11092,0,0.012371066718892806
11093,0,0.14449520266651314
11094,1,0.5707880813143972
11095,1,0.5371955739820433
11096,0,0.002226139182660922
11097,0,0.2622461248689533
11098,0,0.014971208633180464
11099,1,0.7866177994551857
11100,1,0.7045701610273403
11101,0,0.6976415323336224
11102,0,0.4050800545506033
11103,1,0.6739647763732308
11104,0,0.0945474953044339
11105,0,0.06758252818035428
11106,1,0.4947476573153767
11107,1,0.6773455850943826
11108,0,0.015865019175908508
11109,0,0.372920054200542
11110,0,0.14957702704181577
11111,1,0.7131738392971326
11112,0,0.0051501157908480566
11113,0,0.03524588516769035
11114,0,0.045812245993405415
11115,0,0.17760782109889903
11116,0,0.5129339384552062
11117,0,0.2565353171118656
11118,0,0.019418317350648178
11119,1,0.6571449771119057
11120,0,0.15848776714995896
11121,0,0.24166676571383294
11122,0,0.4883846667585991
11123,0,0.4088999511517894
11124,1,0.5408673377328586
11125,0,0.6571449771119057
11126,1,0.6695204771971685
11127,0,0.11019688033182612
11128,0,0.0051501157908480566
11129,0,0.12331252600915517
11130,0,0.337898749383573
11131,0,0.14345707462091342
11132,0,0.04580754891103014
11133,1,0.41106574905331295
11134,0,0.051326007879268463
11135,1,0.4704560787159024
11136,0,0.24754714515238166
11137,1,0.6623992856449026
11138,0,0.1343023756914735
11139,0,0.007259318845818979
11140,0,0.3537226688631119
11141,1,0.48574894196827206
11142,0,0.24186436546243475
11143,0,0.2325350951579236
11144,1,0.6976415323336224
11145,0,0.32038169594448057
11146,1,0.412380754701316
11147,0,0.3550677196698031
11148,0,0.0015015015015015015
11149,0,0.06467149802537271
11150,1,0.6729447217252096
11151,0,0.17236904983383858
11152,0,0.2014180873705758
11153,1,0.7540974742519336
11154,0,0.08453606741583126
11155,0,0.45216158238789667
11156,1,0.6244374631486372
11157,0,0.17028738396358323
11158,1,0.5290787782297725
11159,0,0.2565353171118656
11160,1,0.5408673377328586
11161,0,0.5906944044994088
11162,0,0.33044498089644275
11163,0,0.308270474137931
11164,0,0.0007246376811594203
11165,0,0.30290323608102937
11166,0,0.4268216371203077
11167,0,0.003023488255872064
11168,1,0.8227514941254658
11169,1,0.521164021164021
11170,0,0.6367420460488497
11171,0,0.7251959088824941
11172,1,0.7435571769224275
11173,0,0.02450628427282957
11174,0,0.600544567929707
11175,1,0.548272284319868
11176,0,0.0015015015015015015
11177,0,0.0015015015015015015
11178,1,0.7448460024268706
11179,0,0.0015015015015015015
11180,0,0.06343773605036174
11181,0,0.3674371791293463
11182,1,0.8441022566526989
11183,0,0.5906944044994088
11184,0,0.03293515535895297
11185,0,0.2545534020864723
11186,0,0.0022988505747126436
11187,0,0.10650663416251742
11188,1,0.5012453866470764
11189,0,0.086117398623464
11190,0,0.007391304347826088
11191,0,0.26798465209061234
11192,1,0.585214857373826
11193,0,0.369032620724788
11194,0,0.11309756965083023
11195,0,0.006980223025216614
11196,0,0.01436135673659769
11197,0,0.17292593891765543
11198,1,0.8233650048291944
11199,0,0.0015015015015015015
11200,0,0.0015015015015015015
11201,1,0.7903213317847464
11202,1,0.3766685030515729
11203,0,0.006980223025216614
11204,0,0.02370893519961843
11205,0,0.011584176465226506
11206,0,0.03875014918248001
11207,1,0.5701577447605182
11208,0,0.024153346425700814
11209,0,0.3094017418874783
11210,0,0.26303738072769217
11211,1,0.7419639006982216
11212,0,0.35947649358245387
11213,0,0.006787772409816835
11214,1,0.6482313107012385
11215,0,0.4046876384327327
11216,0,0.2944202607546629
11217,0,0.5439390902600425
11218,0,0.31118362786807424
11219,1,0.6136190532861265
11220,0,0.5253849028851139
11221,0,0.3271662769270425
11222,1,0.6598060191128227
11223,0,0.11905838919333499
11224,0,0.2170288369550362
11225,0,0.24299816256077808
11226,1,0.6688967798482374
11227,0,0.055177164250259404
11228,0,0.1795897361242923
11229,0,0.007259318845818979
11230,1,0.6325174307452288
11231,0,0.2310696160675135
11232,0,0.17760782109889903
11233,0,0.47453935249301776
11234,0,0.6340481552345959
11235,0,0.18168737834742218
11236,1,0.5622532834397241
11237,0,0.034582720223745866
11238,0,0.011173095142617032
11239,0,0.23464367917198103
11240,1,0.5537068295688985
11241,0,0.4445473403438374
11242,0,0.027007724940055766
11243,0,0.4149002775137076
11244,1,0.8457861557446523
11245,1,0.6600701147421836
11246,0,0.08061470202058528
11247,0,0.11521340127109359
11248,0,0.14307336182336183
11249,0,0.006980223025216614
11250,0,0.0015015015015015015
11251,0,0.24494619680003407
11252,1,0.4876670621321913
11253,0,0.14891154452324665
11254,0,0.002226139182660922
11255,0,0.012273320987322976
11256,0,0.042545493003364465
11257,1,0.695318689202277
11258,1,0.5384000281132238
11259,0,0.19775478986803555
11260,1,0.8559147335814549
11261,1,0.7540974742519336
11262,1,0.5616723975839998
11263,0,0.4126688904386959
11264,1,0.46211782551026204
11265,0,0.0521676979789387
11266,1,0.4728357482561322
11267,0,0.0007246376811594203
11268,1,0.4421726136433856
11269,0,0.041206704710195115
11270,0,0.031865236213062295
11271,1,0.735481081136569
11272,1,0.8170279858100118
11273,0,0.19376806089313905
11274,0,0.0
11275,0,0.0015015015015015015
11276,1,0.5998950258397933
11277,0,0.032895839495218376
11278,0,0.0015015015015015015
11279,0,0.07782395222430087
11280,1,0.5423493511504707
11281,1,0.5590045007631795
11282,0,0.4046413779501677
11283,1,0.7924807962782646
11284,1,0.7656580811869634
11285,0,0.400939627089443
11286,0,0.1647255792683079
11287,0,0.06873993558776167
11288,1,0.7425941081229904
11289,0,0.38061108480804223
11290,0,0.10417136033519914
11291,0,0.03013322073570863
11292,1,0.858342680292456
11293,0,0.033782738837615366
11294,0,0.3640029526521143
11295,0,0.2163118163959207
11296,0,0.10930529497602669
11297,1,0.5528201996857205
11298,1,0.7105113903558502
11299,1,0.3972757564409107
11300,1,0.737418128266583
11301,1,0.6650320765836528
11302,0,0.06481144804026552
11303,0,0.0
11304,1,0.693764766166619
11305,0,0.20434885086326116
11306,0,0.0015015015015015015
11307,0,0.4927809601230087
11308,0,0.16895780051150897
11309,0,0.002226139182660922
11310,0,0.038081208914542246
11311,1,0.27077926014096226
11312,0,0.002226139182660922
11313,0,0.4150789532211432
11314,0,0.027720322363179506
11315,0,0.019797173630477345
11316,0,0.17338729331349256
11317,0,0.6669431272931767
11318,0,0.03891367324467847
11319,1,0.49102202939596173
11320,0,0.0007246376811594203
11321,0,0.13057379962342114
11322,0,0.2065402105970057
11323,0,0.27427446561701724
11324,0,0.25445584323942894
11325,1,0.8441022566526989
11326,0,0.002226139182660922
11327,1,0.5714706679311746
11328,0,0.3944329618494557
11329,0,0.22815911713493797
11330,1,0.6557899286685642
11331,0,0.24950733268306038
11332,1,0.6733972433641718
11333,0,0.10468186748148901
11334,0,0.27668223791433616
11335,0,0.08857314083467753
11336,0,0.051985186318740696
11337,0,0.0015015015015015015
11338,1,0.5685359392317467
11339,0,0.22688988262999008
11340,1,0.6739647763732308
11341,1,0.48552964710105023
11342,0,0.27427446561701724
11343,0,0.3793674934527606
11344,0,0.6110837456460162
11345,0,0.5633784819831332
11346,0,0.42304140684694386
11347,0,0.5123131996420233
11348,1,0.38061108480804223
11349,0,0.037006962647988285
11350,0,0.08862433862433862
11351,1,0.6371557377732223
11352,0,0.0
11353,1,0.28715478309943737
11354,0,0.25164728682170545
11355,0,0.04016519034260697
11356,1,0.7301618575368743
11357,0,0.11355072272282851
11358,1,0.37513468921995635
11359,1,0.46326967814505204
11360,0,0.33889275584066486
11361,0,0.4252727939219556
11362,0,0.0015015015015015015
11363,0,0.17531275865625506
11364,1,0.3441181008025471
11365,0,0.2170288369550362
11366,0,0.3233427989121738
11367,1,0.473990372641602
11368,0,0.32038169594448057
11369,0,0.405010910211796
11370,0,0.013564007663386548
11371,0,0.12196106318298777
11372,0,0.1750888958263003
11373,0,0.0
11374,1,0.3986937248424674
11375,0,0.08138150617825414
11376,0,0.2514770098883336
11377,0,0.5685359392317467
11378,0,0.05330336387330662
11379,0,0.0015015015015015015
11380,0,0.6623992856449026
11381,0,0.038081208914542246
11382,0,0.3223037573950353
11383,0,0.00306644672841856
11384,0,0.2788181601240902
11385,1,0.5384000281132238
11386,0,0.37874176267008003
11387,0,0.32501843190115287
11388,0,0.09617301646287153
11389,0,0.10468186748148901
11390,0,0.04570573176087492
11391,0,0.0015015015015015015
11392,0,0.48574894196827206
11393,0,0.08046815933078501
11394,0,0.0062555853440571935
11395,0,0.08857314083467753
11396,1,0.48574894196827206
11397,0,0.055104838875945826
11398,0,0.11014696685428392
11399,0,0.3400695121278434
11400,0,0.5283270724529915
11401,1,0.6739647763732308
11402,0,0.31913469820446566
11403,0,0.002226139182660922
11404,0,0.18168737834742218
11405,0,0.07185194785483617
11406,0,0.2325350951579236
11407,1,0.718290903561642
11408,1,0.5502125328936417
11409,1,0.6739647763732308
11410,0,0.01753623188405797
11411,0,0.3720764372773231
11412,1,0.510157193467727
11413,1,0.5842592592592591
11414,0,0.0007246376811594203
11415,0,0.0840753182626135
11416,0,0.07205466449713312
11417,0,0.0062555853440571935
11418,0,0.012062506161885046
11419,0,0.0051501157908480566
11420,0,0.008080448869922553
11421,0,0.0015015015015015015
11422,0,0.39545478306946197
11423,1,0.58492748163519
11424,1,0.5565830772788846
11425,0,0.2866596638655462
11426,0,0.2507990040470291
11427,0,0.33786358371138014
11428,0,0.06787961733016677
11429,0,0.017027404829878665
11430,0,0.06297698689714397
11431,0,0.34397466465245796
11432,0,0.08888237113525944
11433,0,0.6473123486682809
11434,1,0.7528261364903454
11435,0,0.07365714682787854
11436,0,0.028768736696111376
11437,0,0.1437917931631011
11438,0,0.08077932513093487
11439,1,0.7419724392084799
11440,1,0.2584419712676547
11441,0,0.10743601411069285
11442,1,0.8001141754758953
11443,0,0.11372732045297114
11444,0,0.03875014918248001
11445,0,0.09764512530100855
11446,0,0.4792495630566913
11447,0,0.2529029746776974
11448,1,0.41470583931742233
11449,1,0.7627011525217261
11450,0,0.029779203902010918
11451,0,0.0015015015015015015
11452,0,0.0
11453,1,0.6874611523939401
11454,0,0.2878968829721224
11455,1,0.608516462609883
11456,0,0.600544567929707
11457,0,0.04864287265788204
11458,0,0.08228700630201567
11459,1,0.3321501427988576
11460,0,0.04152162814443516
11461,0,0.1439922480620155
11462,0,0.3463784315793174
11463,0,0.42846083161371507
11464,0,0.5579556692666896
11465,0,0.0015015015015015015
11466,0,0.4305865016209844
11467,0,0.027354961477768492
11468,1,0.6175664217071791
11469,0,0.37416845401477944
11470,0,0.44673683435151323
11471,0,0.07707126533184298
11472,0,0.4998882656695156
11473,0,0.011173095142617032
11474,0,0.002226139182660922
11475,0,0.00306644672841856
11476,0,0.33439399885569165
11477,0,0.1631955001520219
11478,1,0.4957843236843273
11479,0,0.0015015015015015015
11480,0,0.006980223025216614
11481,0,0.09794659663906526
11482,1,0.7588881447997471
11483,0,0.0
11484,0,0.09851311623699684
11485,0,0.0801539528673675
11486,1,0.8295845103578156
11487,1,0.5620554770368467
11488,0,0.012902813707642681
11489,0,0.009904199633403749
11490,0,0.18060797960394628
11491,1,0.39559569525434973
11492,0,0.3400695121278434
11493,0,0.07861386907174053
11494,1,0.4252727939219556
11495,0,0.3053102941977815
11496,0,0.24048254553354118
11497,0,0.09766938496613294
11498,0,0.12194490475499224
11499,1,0.601403700184188
11500,0,0.01998521077468446
11501,0,0.0015015015015015015
11502,0,0.0015015015015015015
11503,1,0.3947606274505458
11504,1,0.7754509248781122
11505,0,0.15057486759917682
11506,1,0.369032620724788
11507,0,0.17606807146686307
11508,0,0.011173095142617032
11509,1,0.530675048856867
11510,0,0.18014662520810917
11511,0,0.4672720797720798
11512,0,0.3617039208690751
11513,0,0.37919707326465774
11514,1,0.47697813754053203
11515,0,0.011584176465226506
11516,1,0.43646189774793315
11517,0,0.0652721971934833
11518,0,0.033041299629771474
11519,0,0.2657230621198496
11520,0,0.29856614547974925
11521,0,0.2226233898483209
11522,0,0.008080448869922553
11523,0,0.1704065159267257
11524,0,0.33637284701114484
11525,0,0.3423235908228623
11526,0,0.32435252664030506
11527,0,0.003023488255872064
11528,0,0.20785665536906153
11529,1,0.5783912645991541
11530,1,0.4484060434805916
11531,0,0.10470653377630122
11532,0,0.002226139182660922
11533,0,0.024739294617240153
11534,1,0.6976415323336224
11535,1,0.6976415323336224
11536,1,0.7459885296527383
11537,1,0.4509261195307707
11538,0,0.00306644672841856
11539,0,0.1669295786758294
11540,1,0.8559147335814549
11541,1,0.5893607669469739
11542,1,0.44454020924609156
11543,0,0.002226139182660922
11544,0,0.00306644672841856
11545,1,0.623141351402221
11546,1,0.45299913569576483
11547,1,0.6871179858984737
11548,0,0.016843203035671658
11549,1,0.6129200680149699
11550,0,0.11908744082736533
11551,0,0.442452422213055
11552,0,0.006980223025216614
11553,0,0.17948337893990066
11554,0,0.38061108480804223
11555,0,0.4116128674093645
11556,1,0.7109388458225667
11557,1,0.8566587812005024
11558,0,0.2599015765860229
11559,0,0.16152562594693642
11560,0,0.0015015015015015015
11561,0,0.002226139182660922
11562,0,0.26106229182816837
11563,1,0.8227514941254658
11564,0,0.08835300063349845
11565,0,0.008080448869922553
11566,0,0.0015015015015015015
11567,0,0.0015015015015015015
11568,1,0.6976415323336224
11569,0,0.6234683839214799
11570,0,0.09347446032228642
11571,1,0.3912836901996495
11572,1,0.7403750569318204
11573,1,0.6433228033289995
11574,0,0.17259113421596675
11575,0,0.011004425478109689
11576,0,0.03843522574823996
11577,0,0.07614256570380644
11578,0,0.0015015015015015015
11579,0,0.04912524366471735
11580,0,0.2623108967798247
11581,0,0.06481144804026552
11582,0,0.28715478309943737
11583,0,0.2752053383810661
11584,0,0.1341536892933032
11585,0,0.43981809318555004
11586,0,0.006980223025216614
11587,1,0.46257783697898525
11588,0,0.5215943842090631
11589,0,0.21692468519068928
11590,0,0.027246758954076022
11591,1,0.6265395924577962
11592,1,0.5700671696049201
11593,0,0.0015015015015015015
11594,1,0.3489101278679132
11595,0,0.108603232876735
11596,0,0.016563938836293226
11597,0,0.23191128794577068
11598,1,0.601403700184188
11599,0,0.3401328992980536
11600,0,0.0837799299723986
11601,0,0.003023488255872064
11602,0,0.0015015015015015015
11603,0,0.012013402688374671
11604,0,0.18168737834742218
11605,0,0.012273320987322976
11606,0,0.01888498492997852
11607,1,0.5294650898011466
11608,0,0.026646076096625546
11609,0,0.33706801084507587
11610,0,0.31118362786807424
11611,0,0.30434043114302056
11612,0,0.391276242938647
11613,0,0.5276717644582338
11614,0,0.08910934744268077
11615,0,0.42782691257803424
11616,0,0.05437228351685758
11617,0,0.031234498004129276
11618,0,0.0015015015015015015
11619,1,0.7656580811869634
11620,0,0.6820688371791276
11621,0,0.29235091981570854
11622,0,0.6002364393788487
11623,0,0.0742450335385575
11624,0,0.03129834278902602
11625,1,0.5681265967348281
11626,0,0.02417240119320387
11627,0,0.24032645886192794
11628,0,0.29360325883674676
11629,0,0.3361258540598569
11630,0,0.024583482515813344
11631,1,0.5750552254285459
11632,0,0.056251410516813365
11633,0,0.11034342302162638
11634,0,0.07048032984353016
11635,1,0.6582924442040464
11636,0,0.029417555058580697
11637,0,0.05727751561084895
11638,0,0.3155748630872693
11639,0,0.42263543128459297
11640,0,0.003023488255872064
11641,0,0.016563938836293226
11642,0,0.09612182995803686
11643,0,0.14151757650999924
11644,0,0.12368509489988362
11645,0,0.019418317350648178
11646,0,0.5723195409241921
11647,1,0.4841086033535389
11648,0,0.022988224372383428
11649,0,0.0007246376811594203
11650,1,0.5115000632303534
11651,1,0.6582924442040464
11652,1,0.42414211700823773
11653,0,0.08598745778098175
11654,0,0.14331199564465283
11655,1,0.6623968568341274
11656,0,0.04871416234210788
11657,1,0.7666539987997373
11658,0,0.2325350951579236
11659,0,0.06329191033138402
11660,0,0.0015015015015015015
11661,0,0.04739294908858433
11662,1,0.6933153245190424
11663,0,0.17205454951933827
11664,1,0.731000652374624
11665,1,0.6951444184231069
11666,0,0.002226139182660922
11667,0,0.033782738837615366
11668,1,0.4211300099171953
11669,1,0.6175088344549194
11670,0,0.008056667919030121
11671,0,0.01998521077468446
11672,0,0.3625337564543654
11673,0,0.41479329637224377
11674,0,0.2981840294093258
11675,0,0.00306644672841856
11676,1,0.7166659225775248
11677,1,0.7675006725854184
11678,0,0.07907970660081354
11679,0,0.14238539238539238
11680,0,0.19238505747126436
11681,0,0.29281573533504174
11682,0,0.0015015015015015015
11683,0,0.1943771187783164
11684,0,0.002226139182660922
11685,0,0.1498117623117623
11686,1,0.6280594759040358
11687,0,0.6340481552345959
11688,0,0.029029912466210398
11689,0,0.11238340710635435
11690,0,0.0015015015015015015
11691,0,0.22815911713493797
11692,0,0.0015015015015015015
11693,0,0.32845518056968936
11694,1,0.5565830772788846
11695,1,0.475758253223042
11696,0,0.0015015015015015015
11697,0,0.1795897361242923
11698,1,0.6871775778033905
11699,0,0.002226139182660922
11700,1,0.6595303587801712
11701,0,0.3600681157313246
11702,0,0.04751290334822911
11703,0,0.20434885086326116
11704,1,0.4050800545506033
11705,0,0.03547669204826572
11706,0,0.17606807146686307
11707,0,0.009904199633403749
11708,0,0.012013402688374671
11709,1,0.68776774083328
11710,1,0.6759962376938914
11711,0,0.3643420819846555
11712,1,0.5580359398388515
11713,0,0.42263543128459297
11714,0,0.3307760398070711
11715,1,0.6431482704546485
11716,0,0.02218979631260333
11717,0,0.3006318720482244
11718,0,0.15494487913648125
11719,0,0.0015015015015015015
11720,0,0.3106119764442668
11721,0,0.038895974901457735
11722,0,0.1636030102231488
11723,1,0.6924451259838863
11724,0,0.21792535071484131
11725,1,0.4261416297451342
11726,1,0.527068697867152
11727,0,0.006419011300061342
11728,0,0.757771603032486
11729,0,0.3871013540982582
11730,0,0.0062555853440571935
11731,0,0.001564945226917058
11732,0,0.30603218226431167
11733,0,0.002226139182660922
11734,0,0.008080448869922553
11735,0,0.3720764372773231
11736,1,0.6421957260048149
11737,0,0.43385536674181485
11738,0,0.45282493862130296
11739,0,0.1109867971792658
11740,1,0.53786397417154
11741,0,0.09896322768515227
11742,1,0.5384000281132238
11743,0,0.26705638598458936
11744,0,0.30894268119688717
11745,1,0.6163285185494419
11746,0,0.007259318845818979
11747,0,0.033736147040976015
11748,1,0.7057176281194811
11749,0,0.186026936026936
11750,1,0.6068129420758405
11751,0,0.3905187214383114
11752,0,0.2119728234576471
11753,1,0.4667712946445137
11754,0,0.019418317350648178
11755,0,0.2672033107377935
11756,0,0.03442383858467888
11757,0,0.1046321094884169
11758,0,0.08598745778098175
11759,0,0.0015015015015015015
11760,1,0.6835754684591895
11761,0,0.25076412262830644
11762,0,0.017973143244310475
11763,1,0.6383475595340001
11764,0,0.37010887142619026
11765,0,0.1117959820902557
11766,0,0.20391977906985892
11767,0,0.31732173426964333
11768,1,0.7866177994551857
11769,0,0.3235475068580404
11770,1,0.5969017529824043
11771,0,0.03940886699507389
11772,1,0.7540974742519336
11773,0,0.002226139182660922
11774,0,0.35258439251059176
11775,0,0.06837027914614123
11776,0,0.056251410516813365
11777,0,0.0015015015015015015
11778,0,0.03843522574823996
11779,0,0.015201664282355325
11780,0,0.0015015015015015015
11781,0,0.02744342516983669
11782,0,0.13179690494589533
11783,0,0.0015015015015015015
11784,0,0.2561251515809448
11785,1,0.3764024652143078
11786,0,0.44066592791974085
11787,1,0.7856783890436397
11788,0,0.0
11789,0,0.0015015015015015015
11790,0,0.42304140684694386
11791,0,0.3540635563513348
11792,0,0.19340924220294695
11793,0,0.02370893519961843
11794,1,0.8563878257700018
11795,1,0.6733972433641718
11796,0,0.405010910211796
11797,0,0.019418317350648178
11798,0,0.11252913752913753
11799,0,0.22965348827417795
11800,0,0.11426478841687238
11801,1,0.4813001747801999
11802,1,0.6175088344549194
11803,0,0.37310767721363747
11804,0,0.016563938836293226
11805,0,0.19999841367461293
11806,1,0.5079800055821978
11807,0,0.05028438231018426
11808,0,0.07001958069031239
11809,0,0.002226139182660922
11810,0,0.013564007663386548
11811,1,0.6951444184231069
11812,0,0.0015015015015015015
11813,0,0.00306644672841856
11814,0,0.1407155181803069
11815,0,0.4281240003901714
11816,0,0.3529642063316632
11817,0,0.032904699697663777
11818,0,0.012371066718892806
11819,0,0.012273320987322976
11820,0,0.011173095142617032
11821,0,0.44066592791974085
11822,0,0.005694373618901921
11823,1,0.5475780876432456
11824,0,0.24579374984081706
11825,0,0.2672033107377935
11826,0,0.28911521979703797
11827,1,0.6820009216339642
11828,1,0.3039629415776205
11829,0,0.0
11830,0,0.0015015015015015015
11831,0,0.0007246376811594203
11832,0,0.5932382745942069
11833,1,0.6880140405919968
11834,0,0.027277763234784726
11835,0,0.21628031987838922
11836,1,0.5946675070496975
11837,0,0.07048032984353016
11838,0,0.17694468210140604
11839,0,0.031234498004129276
11840,0,0.002226139182660922
11841,0,0.05330336387330662
11842,1,0.6074943282542419
11843,0,0.011004425478109689
11844,1,0.4804971725109824
11845,0,0.08516938496613292
11846,0,0.48166361740062696
11847,0,0.0015015015015015015
11848,0,0.0015015015015015015
11849,0,0.011173095142617032
11850,0,0.002226139182660922
11851,0,0.03442383858467888
11852,0,0.344632795321034
11853,0,0.15255228558546766
11854,1,0.6513846623023132
11855,0,0.18168737834742218
11856,1,0.7643850516136795
11857,0,0.11014696685428392
11858,0,0.00306644672841856
11859,0,0.0062555853440571935
11860,0,0.1279100529100529
11861,0,0.20094509499471655
11862,0,0.08516938496613292
11863,0,0.10930529497602669
11864,1,0.5502125328936417
11865,1,0.5276300415131114
11866,0,0.7662955522071545
11867,0,0.07001958069031239
11868,0,0.05028438231018426
11869,1,0.6217120358845077
11870,0,0.17415938070900228
11871,0,0.1511361577921321
11872,0,0.06600819352675132
11873,1,0.5989241882924472
11874,0,0.18008120154461618
11875,0,0.2922279495585866
11876,0,0.04141511391190466
11877,0,0.03691957868498153
11878,0,0.0373803278381993
11879,0,0.0015015015015015015
11880,0,0.3373440484163008
11881,0,0.10930529497602669
11882,0,0.02417240119320387
11883,0,0.25801969033748284
11884,0,0.034582720223745866
11885,0,0.00306644672841856
11886,0,0.012834532712478246
11887,0,0.4490900151246304
11888,0,0.47758830903439636
11889,1,0.8213269927009644
11890,0,0.11506778172375605
11891,0,0.46257783697898525
11892,0,0.5056528742575255
11893,1,0.44861699825613227
11894,0,0.10570475089342023
11895,1,0.5937000123046635
11896,1,0.6051911365470688
11897,0,0.0015015015015015015
11898,0,0.08061470202058528
11899,1,0.7866177994551857
11900,1,0.6545185909069757
11901,0,0.3494162762822626
11902,0,0.011173095142617032
11903,0,0.0
11904,1,0.7754509248781122
11905,1,0.4468756596538137
11906,0,0.13409965904917653
11907,0,0.017175794171099334
11908,0,0.017027404829878665
11909,1,0.4065926517795815
11910,0,0.13436083048945802
11911,0,0.0
11912,0,0.12923444839042272
11913,0,0.3280463906598208
11914,1,0.41726699320228144
11915,1,0.5941761081295965
11916,0,0.007259318845818979
11917,1,0.8566587812005024
11918,0,0.038883451305256486
11919,0,0.33609814779031505
11920,1,0.7415417915417916
11921,0,0.2823919200065989
11922,0,0.005694373618901921
11923,0,0.02417240119320387
11924,0,0.24957878966499658
11925,1,0.5877364597599373
11926,0,0.001564945226917058
11927,1,0.5495818522143802
11928,0,0.055177164250259404
11929,0,0.02466624489846551
11930,0,0.002226139182660922
11931,0,0.4760979008586664
11932,0,0.06894533442375844
11933,1,0.6149716729186928
11934,0,0.0554722417035707
11935,1,0.5816400184264877
11936,0,0.0324744062057352
11937,1,0.4552112271833353
11938,0,0.07516233766233767
11939,0,0.12031825594128397
11940,0,0.4548052516209844
11941,0,0.42304140684694386
11942,1,0.552384732866526
11943,0,0.23850063050814788
11944,0,0.06573461932431662
11945,0,0.0015015015015015015
11946,0,0.0015015015015015015
11947,0,0.0015015015015015015
11948,0,0.441403018205526
11949,0,0.056251410516813365
11950,0,0.037195317546634035
11951,1,0.5309106984969053
11952,1,0.7745351503067402
11953,0,0.21065484223378958
11954,0,0.17038713480844528
11955,0,0.06894533442375844
11956,1,0.5793531568533679
11957,0,0.2752053383810661
11958,1,0.8441022566526989
11959,0,0.4975085961292858
11960,1,0.5955581055675426
11961,0,0.024153346425700814
11962,0,0.0015015015015015015
11963,1,0.8213269927009644
11964,1,0.6733972433641718
11965,0,0.0036486142893465546
11966,0,0.2752053383810661
11967,0,0.12261904761904763
11968,0,0.27427446561701724
11969,0,0.19973670489342885
11970,0,0.037195317546634035
11971,0,0.10382336958290217
11972,1,0.5987039974766452
11973,0,0.5528201996857205
11974,0,0.6193961405825812
11975,0,0.0015015015015015015
11976,0,0.041673662527537216
11977,1,0.6976415323336224
11978,0,0.10468186748148901
11979,0,0.0015015015015015015
11980,1,0.4957843236843273
11981,1,0.661272208320718
11982,1,0.47616171736569163
11983,0,0.06323076978403036
11984,0,0.0015015015015015015
11985,0,0.17259113421596675
11986,1,0.46963793006362975
11987,0,0.002226139182660922
11988,0,0.3453540935911032
11989,1,0.5619550984453491
11990,1,0.7370904862305921
11991,0,0.21344509499471656
11992,1,0.5111135786019197
11993,1,0.36642675874595726
11994,0,0.0015015015015015015
11995,0,0.007259318845818979
11996,1,0.45589983365553205
11997,0,0.3947075381423553
11998,0,0.007216360373272483
11999,0,0.2799354178526216
12000,0,0.4167827668083161
12001,1,0.29648610520010715
12002,0,0.021036075153072074
12003,0,0.33215164729209035
12004,0,0.17874117143780058
12005,1,0.7540974742519336
12006,0,0.019418317350648178
12007,1,0.5186765131156675
12008,0,0.04049759911082804
12009,1,0.4126688904386959
12010,0,0.10178338549817423
12011,1,0.4751564390502117
12012,0,0.3617039208690751
12013,0,0.26429281180521796
12014,0,0.01115558850177086
12015,1,0.6342476484201202
12016,0,0.008056667919030121
12017,0,0.3625337564543654
12018,0,0.21038732620060352
12019,0,0.003023488255872064
12020,0,0.074351547771088
12021,0,0.06420454020803061
12022,1,0.5685359392317467
12023,0,0.031234498004129276
12024,0,0.5861729382321145
12025,0,0.16918737834742215
12026,0,0.014404315209144184
12027,1,0.7258356497222945
12028,0,0.2331110321069988
12029,1,0.6003196582666781
12030,0,0.40218622751668165
12031,1,0.6282879584243785
12032,0,0.1464771176919064
12033,0,0.0022988505747126436
12034,1,0.5685359392317467
12035,0,0.009904199633403749
12036,0,0.2501039181667028
12037,1,0.5559787431126428
12038,0,0.0015015015015015015
12039,1,0.6952472528841455
12040,0,0.020575325999854305
12041,1,0.6778173219452736
12042,0,0.0945474953044339
12043,0,0.049717118924436
12044,0,0.09896322768515227
12045,1,0.6958766854324753
12046,0,0.08516938496613292
12047,1,0.5822665877661998
12048,1,0.6502742506014488
12049,0,0.0015015015015015015
12050,0,0.2097430723659008
12051,0,0.07861386907174053
12052,0,0.1270689923312284
12053,0,0.017027404829878665
12054,1,0.425382313373418
12055,0,0.23791868656460902
12056,1,0.8132180481017691
12057,0,0.3437927813746775
12058,0,0.32038169594448057
12059,0,0.4801120448179272
12060,0,0.37639677653551845
12061,1,0.7304983490887441
12062,0,0.3198059922160088
12063,0,0.0015015015015015015
12064,0,0.4234535105360409
12065,1,0.6051911365470688
12066,0,0.2908666522562661
12067,0,0.2581191407419692
12068,0,0.09612182995803686
12069,0,0.19761464169358903
12070,0,0.29101344002037494
12071,1,0.23361679018655765
12072,0,0.02466624489846551
12073,1,0.4751564390502117
12074,1,0.7173110838678474
12075,1,0.5701577447605182
12076,0,0.47805278545396296
12077,0,0.16004562143523532
12078,1,0.37867261833127275
12079,1,0.7338549560990263
12080,1,0.4728357482561322
12081,0,0.2425289785607713
12082,0,0.09553712480252764
12083,0,0.27099945822438926
12084,0,0.3329460572510486
12085,0,0.01400841888946893
12086,1,0.3299462042217807
12087,0,0.2225035280804818
12088,0,0.037006962647988285
12089,0,0.011173095142617032
12090,1,0.37325319356450165
12091,0,0.34643962078948354
12092,1,0.7242397125615652
12093,1,0.6189354261236241
12094,0,0.0
12095,1,0.429394155542327
12096,0,0.002226139182660922
12097,0,0.11219232503319941
12098,1,0.6258640548173419
12099,1,0.5937127301011148
12100,0,0.0015015015015015015
12101,1,0.5552201596098673
12102,0,0.04213441168075499
12103,0,0.002226139182660922
12104,0,0.06481144804026552
12105,0,0.25819662077354605
12106,0,0.041010497583592743
12107,0,0.4548052516209844
12108,0,0.07048032984353016
12109,1,0.4938755421575564
12110,1,0.693764766166619
12111,1,0.44011168198849066
12112,0,0.0015015015015015015
12113,0,0.09553712480252764
12114,0,0.05607294087168127
12115,1,0.6933153245190424
12116,0,0.14749536117156045
12117,0,0.17259113421596675
12118,0,0.01797422223087943
12119,1,0.562360264581188
12120,0,0.0062555853440571935
12121,0,0.16004562143523532
12122,0,0.028287215787215783
12123,1,0.6336648978373697
12124,0,0.3280364952614263
12125,1,0.48772935876384144
12126,0,0.0051501157908480566
12127,0,0.0
12128,1,0.8072351421188632
12129,1,0.4927351540496308
12130,0,0.40424625761371447
12131,1,0.8331394696297204
12132,1,0.46408265566528123
12133,1,0.42455077824670734
12134,0,0.3329460572510486
12135,0,0.014971208633180464
12136,0,0.31162836258904464
12137,0,0.376730130815398
12138,0,0.4548052516209844
12139,1,0.4929814430321815
12140,0,0.21745725080019077
12141,0,0.008080448869922553
12142,0,0.08061470202058528
12143,1,0.6129200680149699
12144,1,0.5623348274587991
12145,1,0.6325174307452288
12146,0,0.030491801325134658
12147,1,0.6802020013884421
12148,0,0.0945474953044339
12149,0,0.25323929917191274
12150,0,0.016563938836293226
12151,0,0.11593289339768213
12152,1,0.6431482704546485
12153,0,0.027354961477768492
12154,0,0.21751529383351767
12155,0,0.3770771767358312
12156,0,0.5965862933195057
12157,1,0.7653826610381489
12158,0,0.38061108480804223
12159,0,0.3233100030225087
12160,0,0.09718437614779078
12161,0,0.009904199633403749
12162,0,0.0015015015015015015
12163,0,0.4304112513364638
12164,0,0.024739294617240153
12165,0,0.42304140684694386
12166,0,0.011173095142617032
12167,1,0.8331394696297204
12168,1,0.5906944044994088
12169,1,0.8723450557103064
12170,1,0.39847126288081175
12171,0,0.0
12172,0,0.3505054157063015
12173,0,0.011004425478109689
12174,0,0.06894533442375844
12175,0,0.006491722692113063
12176,0,0.28136200952132623
12177,0,0.00306644672841856
12178,0,0.0015015015015015015
12179,0,0.1343745122304725
12180,0,0.02021566642385932
12181,1,0.5968865582408674
12182,0,0.38603050957481333
12183,0,0.007259318845818979
12184,0,0.14029461607647525
12185,0,0.0015015015015015015
12186,0,0.3634853563447915
12187,0,0.3280246631651062
12188,0,0.08000741017756724
12189,0,0.04807979677226539
12190,0,0.46771844533312423
12191,0,0.006419011300061342
12192,0,0.0015015015015015015
12193,0,0.059861040285568594
12194,0,0.038895974901457735
12195,0,0.33727490407749344
12196,0,0.02218979631260333
12197,0,0.03417163890113639
12198,0,0.3407518413283898
12199,0,0.02417240119320387
12200,1,0.8072351421188632
12201,0,0.5176962327435718
12202,0,0.25470331073779345
12203,0,0.00909090909090909
12204,0,0.0945474953044339
12205,0,0.18060797960394628
12206,1,0.5554426891709591
12207,1,0.6503004214868621
12208,0,0.5224908721300061
12209,0,0.2545534020864723
12210,0,0.08061470202058528
12211,0,0.0015015015015015015
12212,0,0.2606295143026777
12213,0,0.5485907273648701
12214,0,0.302106069814761
12215,0,0.1171165790731008
12216,0,0.1742040652303544
12217,0,0.3294512548338108
12218,1,0.31118362786807424
12219,0,0.005947464864059199
12220,0,0.5634510393951402
12221,0,0.09164901332111912
12222,0,0.005990423336605694
12223,0,0.7173110838678474
12224,0,0.26606659111758674
12225,0,0.1602184295404255
12226,1,0.8072351421188632
12227,0,0.014404315209144184
12228,0,0.002226139182660922
12229,1,0.8559147335814549
12230,0,0.42304140684694386
12231,0,0.30081111145982625
12232,0,0.4126688904386959
12233,0,0.0
12234,0,0.002226139182660922
12235,0,0.7901748837624477
12236,1,0.5702108068947234
12237,1,0.6007832841485349
12238,0,0.019418317350648178
12239,0,0.5767811682445828
12240,1,0.4986929287706441
12241,0,0.01998521077468446
12242,0,0.44066592791974085
12243,0,0.05730942441386469
12244,0,0.0015015015015015015
12245,0,0.012273320987322976
12246,0,0.001564945226917058
12247,1,0.5415888130315009
12248,0,0.14449520266651314
12249,0,0.5012453866470764
12250,0,0.04292506040823955
12251,1,0.6765186419818104
12252,0,0.1862676107959127
12253,0,0.05884441983363642
12254,0,0.3204035233988231
12255,0,0.0015015015015015015
12256,0,0.008080448869922553
12257,0,0.2586475992772845
12258,0,0.13057379962342114
12259,1,0.7991743240029893
12260,0,0.8441022566526989
12261,0,0.24615814988373708
12262,1,0.5707880813143972
12263,0,0.1647255792683079
12264,0,0.0739840141316393
12265,0,0.39545478306946197
12266,1,0.4882657530853016
12267,0,0.10693966715308179
12268,0,0.08933936265438702
12269,0,0.0015015015015015015
12270,0,0.026943880155159017
12271,1,0.4813001747801999
12272,1,0.580058052697472
12273,0,0.03140015993918124
12274,0,0.0015015015015015015
12275,0,0.2507990040470291
12276,0,0.662162513994116
12277,1,0.6074432786297193
12278,1,0.5257050672658657
12279,1,0.7873622881355932
12280,0,0.017027404829878665
12281,0,0.549816836124402
12282,0,0.23767333607050034
12283,0,0.0015015015015015015
12284,0,0.0015015015015015015
12285,1,0.5290787782297725
12286,1,0.731000652374624
12287,0,0.023085970103953257
12288,1,0.661272208320718
12289,0,0.4947476573153767
12290,0,0.03442383858467888
12291,1,0.6733972433641718
12292,1,0.7004136563252586
12293,0,0.6234164801439878
12294,0,0.14449520266651314
12295,0,0.087805465270254
12296,0,0.6976415323336224
12297,0,0.009815546772068511
12298,0,0.11019688033182612
12299,0,0.10930529497602669
12300,1,0.4710296323309127
12301,0,0.21443452671999583
12302,0,0.029779203902010918
12303,0,0.10382336958290217
12304,0,0.0007246376811594203
12305,0,0.056353002410694714
12306,0,0.05884441983363642
12307,0,0.29131816012409023
12308,0,0.0
12309,0,0.17158658768465704
12310,1,0.23877066329896515
12311,0,0.38015827752716236
12312,1,0.560812549599735
12313,0,0.36288067715625366
12314,0,0.04621863023363961
12315,0,0.05884441983363642
12316,1,0.549875701670098
12317,0,0.07001958069031239
12318,0,0.0015015015015015015
12319,1,0.4825230488458618
12320,1,0.36653983265689005
12321,1,0.3664227973943588
12322,0,0.38810934786355383
12323,0,0.06481144804026552
12324,1,0.5637868562498927
12325,1,0.8441022566526989
12326,0,0.012273320987322976
12327,0,0.4940862173649059
12328,0,0.041206704710195115
12329,1,0.7459885296527383
12330,0,0.030491801325134658
12331,0,0.45589983365553205
12332,0,0.032904699697663777
12333,0,0.4731378700998954
12334,0,0.09208094534047793
12335,0,0.02021566642385932
12336,1,0.5115000632303534
12337,0,0.1536373558432382
12338,0,0.00306644672841856
12339,0,0.4102100118429181
12340,0,0.1270689923312284
12341,0,0.011173095142617032
12342,0,0.549816836124402
12343,0,0.018318091505942238
12344,0,0.02846301904217412
12345,0,0.0
12346,0,0.3608233981702908
12347,0,0.3260644756344275
12348,0,0.011173095142617032
12349,1,0.39500702424628326
12350,0,0.06147862055260469
12351,0,0.027720322363179506
12352,0,0.01998521077468446
12353,1,0.5593805631780315
12354,0,0.17760782109889903
12355,1,0.40424625761371447
12356,0,0.1950290502256794
12357,1,0.3625819926839155
12358,0,0.2924741790893553
12359,1,0.47393033029067994
12360,1,0.6179964259434458
12361,0,0.016382453882453882
12362,0,0.3984934086629002
12363,1,0.6958766854324753
12364,0,0.17038713480844528
12365,0,0.06787961733016677
12366,0,0.002226139182660922
12367,0,0.005990423336605694
12368,1,0.7195629781717275
12369,0,0.016843203035671658
12370,0,0.0007246376811594203
12371,0,0.38196178220089133
12372,1,0.7435571769224275
12373,1,0.4761564859106919
12374,1,0.7102634005511197
12375,0,0.003023488255872064
12376,1,0.572765411552597
12377,0,0.002226139182660922
12378,0,0.22132910658338592
12379,0,0.09301741618814789
12380,0,0.02417240119320387
12381,1,0.5917296342543678
12382,0,0.48106910553582577
12383,0,0.25992280026791353
12384,0,0.006419011300061342
12385,0,0.4167827668083161
12386,0,0.30405535516593557
12387,1,0.7871634575310494
12388,1,0.7643850516136795
12389,0,0.0029239766081871343
12390,1,0.47809201768810095
12391,0,0.002226139182660922
12392,1,0.4167925943788013
12393,0,0.1533939574637249
12394,1,0.5529684461348352
12395,0,0.049823633156966494
12396,1,0.5271316589345706
12397,1,0.2944202607546629
12398,1,0.6976415323336224
12399,0,0.5858925532776923
12400,0,0.3114464629621694
12401,0,0.33727490407749344
12402,0,0.01575850932066538
12403,1,0.5903441265520161
12404,0,0.4420925195884455
12405,0,0.05730942441386469
12406,1,0.6016923622186781
12407,1,0.6193961405825812
12408,1,0.5772608249178538
12409,0,0.5565830772788846
12410,1,0.665748655381698
12411,0,0.027720322363179506
12412,0,0.20872482888624677
12413,0,0.04304076703145027
12414,0,0.35654393294198244
12415,0,0.0015015015015015015
12416,0,0.5759170215630302
12417,0,0.07650283321015028
12418,1,0.572765411552597
12419,0,0.03406982175098117
12420,0,0.012013402688374671
12421,0,0.34354644937873974
12422,0,0.033736147040976015
12423,0,0.23042535071484135
12424,0,0.041673662527537216
12425,0,0.019418317350648178
12426,0,0.37165775196906004
12427,1,0.6751322751322751
12428,0,0.26303738072769217
12429,0,0.42263543128459297
12430,1,0.7785088548559904
12431,0,0.0007246376811594203
12432,0,0.37589055620186423
12433,1,0.34283422106407696
12434,0,0.0
12435,0,0.011173095142617032
12436,0,0.014404315209144184
12437,0,0.33643699204267546
12438,0,0.0
12439,1,0.4704560787159024
12440,0,0.5685359392317467
12441,0,0.473990372641602
12442,0,0.058383670680418644
12443,0,0.46258107167285517
12444,0,0.0015015015015015015
12445,0,0.03406982175098117
12446,0,0.10693966715308179
12447,1,0.5305307394728787
12448,1,0.7333602224284294
12449,0,0.031234498004129276
12450,1,0.45637761767889806
12451,0,0.0015015015015015015
12452,0,0.019418317350648178
12453,1,0.6814733391500306
12454,0,0.24480264380520303
12455,1,0.6855164972901685
12456,0,0.04597790792845738
12457,1,0.8441022566526989
12458,1,0.7853464616935972
12459,1,0.570164421636042
12460,1,0.6479697518451416
12461,0,0.006419011300061342
12462,0,0.2278786103915101
12463,0,0.10468186748148901
12464,0,0.08379408248655111
12465,0,0.002226139182660922
12466,1,0.6003196582666781
12467,0,0.24502715820703136
12468,0,0.03288548752834467
12469,1,0.32174422971058303
12470,0,0.03570663432090813
12471,0,0.026943880155159017
12472,1,0.7315282348585578
12473,0,0.025790158995627768
12474,0,0.42263543128459297
12475,0,0.28381714643997485
12476,0,0.11162217412217412
12477,0,0.16464217143564971
12478,0,0.34447195205815895
12479,0,0.0
12480,0,0.03013322073570863
12481,1,0.6477688977688979
12482,1,0.6765162446980629
12483,1,0.5674895077772268
12484,1,0.48813533432619244
12485,1,0.3947852144793153
12486,0,0.008080448869922553
12487,0,0.032904699697663777
12488,0,0.3042563512426361
12489,0,0.031234498004129276
12490,0,0.08061470202058528
12491,0,0.1739281805841549
12492,0,0.002226139182660922
12493,0,0.12961657907310084
12494,0,0.1511361577921321
12495,0,0.4429954199574453
12496,0,0.46029097540586533
12497,0,0.009904199633403749
12498,0,0.32338855347156925
12499,1,0.48190401781562003
12500,0,0.0
12501,0,0.24299816256077808
12502,0,0.0353097299525871
12503,0,0.12201376209996899
12504,0,0.08077932513093487
12505,0,0.25801969033748284
12506,0,0.6503004214868621
12507,0,0.025790158995627768
12508,0,0.17259113421596675
12509,1,0.4751564390502117
12510,0,0.04166745386341288
12511,1,0.4559689779943394
12512,0,0.045812245993405415
12513,1,0.30713503919337043
12514,0,0.3403187206300287
12515,0,0.10178338549817423
12516,0,0.01529504332707994
12517,0,0.0015015015015015015
12518,0,0.002226139182660922
12519,0,0.410951969094159
12520,0,0.027558106420732104
12521,0,0.12923444839042272
12522,0,0.1578459854321923
12523,0,0.0015015015015015015
12524,1,0.5475780876432456
12525,0,0.040132458443641154
12526,0,0.0015015015015015015
12527,1,0.17235135854382713
12528,0,0.030952550478352433
12529,0,0.006980223025216614
12530,0,0.35671137663757585
12531,1,0.8271565636468144
12532,0,0.0022988505747126436
12533,0,0.04258846048824618
12534,1,0.6813912387306883
12535,0,0.37325319356450165
12536,0,0.3550677196698031
12537,0,0.41901886022283447
12538,0,0.06573461932431662
12539,0,0.40652028161155956
12540,1,0.5439390902600425
12541,1,0.384164353729687
12542,0,0.368671794001117
12543,0,0.30894268119688717
12544,0,0.0015015015015015015
12545,1,0.487281898583179
12546,0,0.0652721971934833
12547,0,0.042127711335028406
12548,0,0.23055318013253032
12549,0,0.30434043114302056
12550,0,0.11690413743731952
12551,0,0.019418317350648178
12552,0,0.2656626575581085
12553,1,0.53786397417154
12554,0,0.03442383858467888
12555,0,0.027277763234784726
12556,0,0.2053210730177022
12557,0,0.007391304347826088
12558,0,0.2622461248689533
12559,0,0.19617931610551534
12560,1,0.7228917077754287
12561,0,0.36046952630181667
12562,0,0.05023716366322872
12563,1,0.5057598553989894
12564,0,0.03013322073570863
12565,0,0.26203587581455134
12566,0,0.0015015015015015015
12567,1,0.6530232063018948
12568,1,0.8361894059993134
12569,1,0.6814733391500306
12570,0,0.017175794171099334
12571,1,0.2655211419705622
12572,0,0.40764827284915867
12573,0,0.3809111737914015
12574,0,0.3104001420923093
12575,1,0.405423013900893
12576,0,0.0
12577,1,0.6244374631486372
12578,0,0.13283159929501392
12579,0,0.25737769855416914
12580,0,0.11476648166547203
12581,0,0.6710029639146949
12582,1,0.8295845103578156
12583,0,0.03013322073570863
12584,0,0.5057598553989894
12585,0,0.002226139182660922
12586,1,0.6802020013884421
12587,1,0.6431482704546485
12588,1,0.2840477443464149
12589,0,0.007259318845818979
12590,0,0.07282146865480199
12591,1,0.5836931794349044
12592,1,0.7969563012221982
12593,1,0.6303679274164371
12594,1,0.737418128266583
12595,0,0.25801969033748284
12596,1,0.5305307394728787
12597,0,0.034623055395708216
12598,0,0.3816200348680599
12599,0,0.23601203240881988
12600,0,0.5175150841609464
12601,0,0.2067429138608535
12602,1,0.5685359392317467
12603,0,0.1510217303653966
12604,1,0.5117862667911325
12605,0,0.086117398623464
12606,1,0.34007024265644953
12607,0,0.14414709023932995
12608,0,0.0062555853440571935
12609,0,0.1669295786758294
12610,0,0.48794247361263293
12611,0,0.24749220880405143
12612,0,0.05547085148420577
12613,0,0.2050101314807197
12614,0,0.10226270118285825
12615,1,0.47815980261153035
12616,0,0.13677156177156177
12617,1,0.43981809318555004
12618,0,0.31104503112027054
12619,1,0.4528315576431054
12620,0,0.2067429138608535
12621,0,0.24889234989124
12622,0,0.07048032984353016
12623,1,0.731000652374624
12624,0,0.027720322363179506
12625,0,0.03135788850074565
12626,1,0.4728357482561322
12627,0,0.28713330477164467
12628,0,0.1500893417554655
12629,0,0.056509443027734196
12630,0,0.20434885086326116
12631,1,0.4739900925947438
12632,1,0.6214113873295911
12633,0,0.45023862337836934
12634,1,0.5191814808550539
12635,0,0.15867327117327115
12636,0,0.42304140684694386
12637,1,0.7540974742519336
12638,0,0.04450898627438912
12639,0,0.013564007663386548
12640,1,0.8244353932174192
12641,1,0.39763915542864603
12642,0,0.2310696160675135
12643,0,0.5633087256610453
12644,0,0.011584176465226506
12645,0,0.3307760398070711
12646,0,0.5157295355512037
12647,0,0.006980223025216614
12648,1,0.5998843133821224
12649,0,0.2792898193760263
12650,0,0.42304140684694386
12651,0,0.14275501252162173
12652,0,0.13779448591387486
12653,0,0.06509710930442637
12654,0,0.47289365055571775
12655,0,0.24513937285506274
12656,0,0.4085690508568293
12657,0,0.3950309460654289
12658,0,0.6112383079715203
12659,0,0.0062555853440571935
12660,0,0.42413116729210487
12661,1,0.48584777696041687
12662,0,0.08070699975662128
12663,0,0.14449520266651314
12664,0,0.21344509499471656
12665,0,0.5637919865195763
12666,1,0.37325319356450165
12667,1,0.7449208293634589
12668,0,0.0
12669,1,0.6958766854324753
12670,0,0.0015015015015015015
12671,0,0.2355229748641597
12672,0,0.6431482704546485
12673,1,0.6003196582666781
12674,1,0.7530297739626542
12675,1,0.5823812892839931
12676,0,0.6234164801439878
12677,1,0.7419724392084799
12678,0,0.0015015015015015015
12679,0,0.30523522563141053
12680,1,0.7170195658000537
12681,0,0.5111135786019197
12682,0,0.37325319356450165
12683,1,0.7866182405165456
12684,0,0.37310767721363747
12685,0,0.3877863379558295
12686,1,0.667392559424099
12687,0,0.033736147040976015
12688,0,0.001564945226917058
12689,0,0.49275200474015124
12690,1,0.7062452106034147
12691,1,0.5729029520898319
12692,0,0.3790156432126006
12693,0,0.22815911713493797
12694,0,0.008080448869922553
12695,0,0.017175794171099334
12696,0,0.1464771176919064
12697,0,0.03406982175098117
12698,0,0.0015015015015015015
12699,0,0.12767531764010637
12700,0,0.0015015015015015015
12701,0,0.01180177455132083
12702,0,0.002226139182660922
12703,1,0.6225687818755855
12704,0,0.2975923583704128
12705,0,0.006980223025216614
12706,0,0.02648041416157358
12707,0,0.44069941374177574
12708,0,0.10468186748148901
12709,0,0.270611168114477
12710,0,0.4528797569857173
12711,0,0.49387447327567086
12712,0,0.5408673377328586
12713,1,0.7229245565887653
12714,0,0.033782738837615366
12715,0,0.11052604802604803
12716,0,0.1341536892933032
12717,0,0.05453794545190954
12718,0,0.04152162814443516
12719,1,0.08857314083467753
12720,1,0.5294361574383308
12721,1,0.40993648061536053
12722,0,0.11541005291005291
12723,0,0.011173095142617032
12724,0,0.3720764372773231
12725,0,0.001564945226917058
12726,0,0.4484060434805916
12727,0,0.10650663416251742
12728,0,0.0
12729,1,0.6866435746143531
12730,0,0.27475587920807243
12731,0,0.05727751561084895
12732,0,0.24958046240614587
12733,1,0.5176962327435718
12734,0,0.001564945226917058
12735,0,0.6420087009586805
12736,0,0.0007246376811594203
12737,0,0.04874938689041253
12738,0,0.03442383858467888
12739,1,0.6623992856449026
12740,1,0.42837158932908803
12741,1,0.5370518032036561
12742,0,0.12171229076191227
12743,0,0.0286175736724502
12744,0,0.1761859802557477
12745,0,0.24950733268306038
12746,0,0.5366378654120082
12747,0,0.23045264978004662
12748,0,0.1877895924287348
12749,1,0.5334119722895978
12750,1,0.5865478612724498
12751,1,0.405010910211796
12752,0,0.038081208914542246
12753,0,0.0
12754,1,0.4372498748869947
12755,0,0.607439160155425
12756,0,0.42413116729210487
12757,0,0.0015015015015015015
12758,0,0.18695100709879883
12759,1,0.2546820536780204
12760,1,0.7051818650852165
12761,1,0.7969563012221982
12762,0,0.02450628427282957
12763,0,0.21520784439229076
12764,0,0.0015015015015015015
12765,0,0.3505705783238455
12766,0,0.25189018770951205
12767,0,0.08516938496613292
12768,1,0.5643652795752535
12769,1,0.698056923918993
12770,1,0.7226119984740674
12771,0,0.15255228558546766
12772,0,0.2878180963173678
12773,1,0.28286879560656736
12774,0,0.0015015015015015015
12775,0,0.11052604802604803
12776,1,0.45035646320334033
12777,1,0.8559147335814549
12778,0,0.24048254553354118
12779,0,0.027007724940055766
12780,0,0.019418317350648178
12781,0,0.5415888130315009
12782,0,0.5176962327435718
12783,0,0.017175794171099334
12784,0,0.06573461932431662
12785,0,0.012273320987322976
12786,1,0.3763570654777458
12787,0,0.6092114761084754
12788,1,0.58492748163519
12789,0,0.0015015015015015015
12790,0,0.15867327117327115
12791,0,0.012273320987322976
12792,0,0.04705215419501133
12793,0,0.3403187206300287
12794,1,0.8369919177652229
12795,0,0.0015015015015015015
12796,1,0.552200455281744
12797,1,0.5646166971190013
12798,0,0.30325331060601723
12799,1,0.6653939988819073
12800,1,0.7900610624629154
12801,1,0.44066592791974085
12802,0,0.11929312446328151
12803,0,0.6282879584243785
12804,1,0.6739647763732308
12805,0,0.08644088067107225
12806,1,0.7554448817920174
12807,0,0.0015015015015015015
12808,1,0.5191782461611839
12809,1,0.6424929624598908
12810,0,0.44718793767507004
12811,0,0.22197337193605807
12812,0,0.06780338572210494
12813,1,0.37867261833127275
12814,0,0.027720322363179506
12815,1,0.7021873047652609
12816,0,0.0015015015015015015
12817,1,0.512926654899058
12818,0,0.16466718266253869
12819,0,0.18940974334512028
12820,0,0.30434043114302056
12821,1,0.7021873047652609
12822,0,0.2672033107377935
12823,0,0.4947476573153767
12824,0,0.3617039208690751
12825,0,0.20208007954486829
12826,0,0.3083751826507592
12827,0,0.002226139182660922
12828,0,0.02417240119320387
12829,0,0.0015015015015015015
12830,1,0.7737670257861587
12831,0,0.08636855529675865
12832,1,0.8441022566526989
12833,0,0.4153821334946562
12834,0,0.5397469699164614
12835,0,0.0
12836,0,0.1498610151232512
12837,1,0.6343316657153409
12838,0,0.10468186748148901
12839,0,0.026943880155159017
12840,0,0.06343773605036174
12841,1,0.42304140684694386
12842,1,0.667392559424099
12843,0,0.15359144679796854
12844,0,0.039332477057510654
12845,0,0.035895770668125056
12846,0,0.0015015015015015015
12847,0,0.0007246376811594203
12848,0,0.3720764372773231
12849,0,0.3843881110422978
12850,1,0.7540974742519336
12851,1,0.5750552254285459
12852,0,0.5176962327435718
12853,0,0.11034342302162638
12854,1,0.376730130815398
12855,0,0.05008166566788732
12856,1,0.5190396152304734
12857,0,0.508080546193069
12858,0,0.13623535516355853
12859,0,0.02218979631260333
12860,0,0.0
12861,0,0.2141084202929322
12862,1,0.512926654899058
12863,0,0.33582502505920936
12864,0,0.379669329430095
12865,1,0.42846083161371507
12866,0,0.02218979631260333
12867,1,0.5134667604227213
12868,0,0.0022988505747126436
12869,0,0.42304140684694386
12870,0,0.0007246376811594203
12871,0,0.009904199633403749
12872,1,0.6248729299678318
12873,0,0.13057379962342114
12874,0,0.3845915733544731
12875,0,0.23601203240881988
12876,0,0.0015015015015015015
12877,0,0.2191893223010244
12878,0,0.027007724940055766
12879,1,0.3403187206300287
12880,1,0.5593877581604058
12881,0,0.33841890706806876
12882,0,0.17971232332083797
12883,1,0.5263603752606234
12884,0,0.4098029372771621
12885,0,0.03633737252984114
12886,1,0.5833962512620167
12887,1,0.6361271573135979
12888,0,0.21344509499471656
12889,0,0.05744815600329916
12890,0,0.0015015015015015015
12891,1,0.5346586192827699
12892,0,0.10693966715308179
12893,1,0.37325319356450165
12894,1,0.7991743240029893
12895,1,0.4213701947105868
12896,1,0.8345639710542218
12897,0,0.005990423336605694
12898,0,0.008080448869922553
12899,0,0.029417555058580697
12900,0,0.02450628427282957
12901,0,0.3373440484163008
12902,0,0.0062555853440571935
12903,0,0.006980223025216614
12904,0,0.6064792091590953
12905,0,0.0015015015015015015
12906,0,0.026646076096625546
12907,0,0.021318022678848917
12908,1,0.34455539473899327
12909,1,0.4728357482561322
12910,0,0.0015015015015015015
12911,0,0.12767531764010637
12912,1,0.6000392365294872
12913,1,0.6474104143564993
12914,0,0.027720322363179506
12915,0,0.0015015015015015015
12916,0,0.013070670060534117
12917,0,0.0015015015015015015
12918,0,0.06894533442375844
12919,0,0.2803980578628466
12920,0,0.13677156177156177
12921,0,0.0
12922,1,0.8559147335814549
12923,1,0.3617039208690751
12924,0,0.14264032883279745
12925,0,0.002226139182660922
12926,1,0.40409958663677203
12927,0,0.024412827731082786
12928,0,0.0015015015015015015
12929,0,0.1464771176919064
12930,0,0.007259318845818979
12931,1,0.6721586031395633
12932,0,0.026943880155159017
12933,1,0.3501645920414007
12934,0,0.4552112271833353
12935,0,0.00306644672841856
12936,0,0.00306644672841856
12937,0,0.0015015015015015015
12938,0,0.0
12939,1,0.6614115325979731
12940,0,0.20208007954486829
12941,0,0.2924741790893553
12942,0,0.016563938836293226
12943,1,0.6393024637675929
12944,0,0.3835019211166
12945,0,0.006578947368421052
12946,0,0.26705638598458936
12947,1,0.4612880476149314
12948,0,0.10020905084457127
12949,0,0.25547221224098693
12950,0,0.10635908806640514
12951,0,0.5340382273886375
12952,0,0.018724072627977185
12953,0,0.34013865646665065
12954,0,0.03129834278902602
12955,0,0.4806170401877294
12956,0,0.012424484010984144
12957,0,0.2067429138608535
12958,0,0.04287040801402301
12959,0,0.2486824018379837
12960,1,0.3078173683939169
12961,1,0.4915548513634769
12962,0,0.012273320987322976
12963,0,0.0015015015015015015
12964,0,0.009502923976608187
12965,0,0.019418317350648178
12966,0,0.3349292712352014
12967,1,0.3301933864127165
12968,1,0.6026472664522707
12969,1,0.6976415323336224
12970,0,0.037195317546634035
12971,1,0.6125428858005391
12972,1,0.719047790421762
12973,0,0.02466624489846551
12974,1,0.6486817521180878
12975,0,0.37023856839979424
12976,0,0.019418317350648178
12977,1,0.4705289073153767
12978,1,0.8095128257700018
12979,0,0.6064930731393264
12980,0,0.28078237958366
12981,0,0.3947075381423553
12982,0,0.005694373618901921
12983,0,0.06771395539511481
12984,0,0.1647255792683079
12985,0,0.33659038347986797
12986,1,0.6200514485773388
12987,0,0.02370893519961843
12988,0,0.3299462042217807
12989,0,0.0801539528673675
12990,1,0.667914963712018
12991,0,0.4606111397866173
12992,0,0.0007246376811594203
12993,1,0.5623348274587991
12994,0,0.03442383858467888
12995,1,0.5115000632303534
12996,0,0.14449520266651314
12997,0,0.26845726560845834
12998,0,0.011173095142617032
12999,1,0.701591360752844
13000,0,0.05028438231018426
13001,0,0.0007246376811594203
13002,0,0.0854654473640067
13003,0,0.1723981014678689
13004,1,0.661272208320718
13005,1,0.5455655843774997
13006,0,0.03170289855072464
13007,1,0.8146425495262705
13008,1,0.7866177994551857
13009,0,0.17236904983383858
13010,0,0.012941042567721375
13011,0,0.1511361577921321
13012,0,0.4986929287706441
13013,0,0.6149716729186928
13014,0,0.40764827284915867
13015,1,0.6855164972901685
13016,0,0.19245619345508358
13017,0,0.3603540874580102
13018,1,0.7557813733438872
13019,0,0.06343773605036174
13020,0,0.00306644672841856
13021,0,0.0015015015015015015
13022,0,0.021318022678848917
13023,0,0.3210057699960207
13024,1,0.6958766854324753
13025,0,0.17028738396358323
13026,0,0.0801539528673675
13027,0,0.0015015015015015015
13028,1,0.6080985866244769
13029,1,0.6705936611773322
13030,0,0.029029912466210398
13031,0,0.032904699697663777
13032,0,0.028357655373501902
13033,0,0.6325174307452288
13034,0,0.0015015015015015015
13035,0,0.5662674950416378
13036,1,0.5513480664975754
13037,0,0.0759760298923791
13038,1,0.6462381732795307
13039,0,0.04152162814443516
13040,0,0.06758252818035428
13041,0,0.09012878578702509
13042,0,0.29479775032006295
13043,1,0.7021191880072236
13044,0,0.45589983365553205
13045,1,0.5322715841816722
13046,1,0.4981050144784069
13047,0,0.019418317350648178
13048,0,0.2034000023959691
13049,1,0.2331110321069988
13050,0,0.1511361577921321
13051,1,0.4938755421575564
13052,0,0.013564007663386548
13053,0,0.022988224372383428
13054,0,0.3373040954653213
13055,0,0.8559147335814549
13056,0,0.02515037593984962
13057,0,0.002226139182660922
13058,0,0.05730942441386469
13059,0,0.24578363820773488
13060,0,0.6232659589201658
13061,1,0.7229245565887653
13062,0,0.44066592791974085
13063,0,0.10468186748148901
13064,0,0.2067429138608535
13065,1,0.8566587812005024
13066,1,0.29837821297429623
13067,0,0.3687594979936823
13068,0,0.07907970660081354
13069,0,0.1439922480620155
13070,1,0.6112383079715203
13071,0,0.2854856221700685
13072,0,0.37325319356450165
13073,0,0.09794659663906526
13074,0,0.13779448591387486
13075,0,0.03293515535895297
13076,0,0.12737384630204965
13077,0,0.20434885086326116
13078,1,0.7890117223769731
13079,0,0.3352109735730426
13080,0,0.03337165751500589
13081,1,0.5842592592592591
13082,0,0.07048032984353016
13083,0,0.0015015015015015015
13084,0,0.03013322073570863
13085,0,0.0015015015015015015
13086,0,0.0015015015015015015
13087,0,0.0015015015015015015
13088,1,0.38807574016514157
13089,0,0.08445737866469573
13090,1,0.7771823602041558
13091,0,0.03417163890113639
13092,1,0.2835791426489101
13093,0,0.4200387349282158
13094,0,0.10178338549817423
13095,0,0.1857370573705737
13096,0,0.08137045813586098
13097,0,0.13623535516355853
13098,0,0.0015015015015015015
13099,0,0.2819173328780149
13100,1,0.7724956880245702
13101,0,0.019725292475736154
13102,0,0.14238539238539238
13103,0,0.03875014918248001
13104,1,0.2685283286127307
13105,0,0.23055318013253032
13106,0,0.41246215392556856
13107,0,0.030700114159744912
13108,1,0.2420927199486802
13109,0,0.0
13110,0,0.20208007954486829
13111,1,0.858342680292456
13112,0,0.4703558079704868
13113,0,0.06457509888745133
13114,0,0.023971861471861474
13115,0,0.2908666522562661
13116,1,0.4552112271833353
13117,1,0.7433622326435719
13118,0,0.3334231414726771
13119,0,0.012273320987322976
13120,0,0.002226139182660922
13121,0,0.24958046240614587
13122,1,0.6368868679213507
13123,0,0.39654965284399374
13124,0,0.14286241321492563
13125,0,0.19715721620683777
13126,1,0.6547184497716624
13127,1,0.667914963712018
13128,0,0.514093015521761
13129,0,0.11034342302162638
13130,0,0.0
13131,1,0.37513468921995635
13132,0,0.39543692162777977
13133,0,0.4010382645167945
13134,0,0.014404315209144184
13135,0,0.006980223025216614
13136,0,0.017125150561448498
13137,0,0.548272284319868
13138,0,0.002226139182660922
13139,0,0.06190274063059
13140,0,0.03013322073570863
13141,0,0.18528439153439155
13142,0,0.6200514485773388
13143,0,0.09655035448274761
13144,0,0.03691957868498153
13145,0,0.3774958620440943
13146,0,0.006980223025216614
13147,0,0.3988922928108399
13148,0,0.36476217281170836
13149,0,0.001564945226917058
13150,0,0.0062555853440571935
13151,0,0.0015015015015015015
13152,1,0.8559147335814549
13153,1,0.4495305048869261
13154,1,0.6092114761084754
13155,0,0.2340301173834266
13156,0,0.019418317350648178
13157,1,0.6871179858984737
13158,0,0.08061470202058528
13159,1,0.554834790746393
13160,0,0.09264313769801423
13161,1,0.6976415323336224
13162,0,0.002226139182660922
13163,0,0.055104838875945826
13164,1,0.5918056339770347
13165,0,0.16062734082396998
13166,0,0.15255228558546766
13167,1,0.6477688977688979
13168,0,0.0
13169,0,0.16485388591636793
13170,1,0.7045701610273403
13171,1,0.45378991548276765
13172,0,0.006980223025216614
13173,0,0.22529848945853326
13174,0,0.0022988505747126436
13175,0,0.0015015015015015015
13176,1,0.6998277347114557
13177,0,0.037195317546634035
13178,1,0.7748057635877896
13179,0,0.05744815600329916
13180,0,0.38002750761371457
13181,0,0.31616118608738536
13182,0,0.2364714045209686
13183,1,0.4397938662644545
13184,0,0.056509443027734196
13185,0,0.06343773605036174
13186,1,0.7326845514665775
13187,1,0.6865862985862621
13188,0,0.10178338549817423
13189,1,0.45382059800664454
13190,0,0.029029912466210398
13191,0,0.43441711545159817
13192,1,0.4825230488458618
13193,0,0.0927735289659976
13194,0,0.1877895924287348
13195,0,0.2656626575581085
13196,0,0.3084769240823498
13197,0,0.027354961477768492
13198,1,0.7195629781717275
13199,0,0.021929878013655025
13200,0,0.003023488255872064
13201,0,0.014404315209144184
13202,1,0.5989241882924472
13203,0,0.0015015015015015015
13204,0,0.07216239668416348
13205,1,0.5893738044900836
13206,1,0.4598545549297944
13207,0,0.44217090549747756
13208,0,0.0007246376811594203
13209,0,0.26862990240649814
13210,1,0.5340255553184933
13211,0,0.00306644672841856
13212,0,0.025329409842409997
13213,0,0.05730942441386469
13214,0,0.11372732045297114
13215,0,0.03337165751500589
13216,1,0.5866883116883116
13217,1,0.5785321626794423
13218,0,0.0015015015015015015
13219,0,0.059773799781811854
13220,0,0.0015015015015015015
13221,0,0.032904699697663777
13222,0,0.18868598025574768
13223,0,0.5306293750685296
13224,0,0.02218979631260333
13225,0,0.24211709858768682
13226,1,0.5875190980454139
13227,1,0.6279035290996622
13228,0,0.052240023353252285
13229,0,0.296697463922395
13230,0,0.08933936265438702
13231,0,0.0
13232,1,0.5217289929154335
13233,0,0.028287215787215783
13234,0,0.2434334976149504
13235,1,0.7062540601192936
13236,1,0.7819521178637201
13237,0,0.2908086507863969
13238,0,0.6193961405825812
13239,0,0.47352435472832904
13240,0,0.3718272287751378
13241,0,0.16726630772568907
13242,0,0.5316157809246224
13243,1,0.4915548513634769
13244,0,0.23791868656460902
13245,0,0.0
13246,1,0.3944329618494557
13247,1,0.7532258306008474
13248,1,0.3546925319178728
13249,0,0.01743848615248814
13250,1,0.6976415323336224
13251,1,0.7540974742519336
13252,0,0.6462381732795307
13253,0,0.20108135832071614
13254,1,0.376730130815398
13255,0,0.06343773605036174
13256,1,0.7021873047652609
13257,0,0.0324744062057352
13258,0,0.24444863415451648
13259,0,0.0
13260,0,0.0015015015015015015
13261,1,0.6073222240805314
13262,0,0.5548339068930832
13263,0,0.029417555058580697
13264,1,0.730860267350518
13265,0,0.2170288369550362
13266,0,0.02846301904217412
13267,1,0.719047790421762
13268,1,0.7785088548559904
13269,0,0.011004425478109689
13270,0,0.11252913752913753
13271,0,0.0015015015015015015
13272,0,0.3296319368568679
13273,1,0.3290359790053091
13274,0,0.23397042074599728
13275,0,0.003023488255872064
13276,0,0.027574618364092047
13277,0,0.43664997479216466
13278,0,0.0015015015015015015
13279,0,0.4559689779943394
13280,0,0.06145954316686023
13281,0,0.24340511860174777
13282,0,0.0015015015015015015
13283,0,0.4998882656695156
13284,0,0.42304140684694386
13285,0,0.035770479105804866
13286,0,0.031605152819154804
13287,0,0.23791868656460902
13288,0,0.30434043114302056
13289,1,0.4751564390502117
13290,0,0.30317155458790696
13291,0,0.1341536892933032
13292,1,0.379852016342267
13293,1,0.4775438265193717
13294,1,0.36458239762194317
13295,0,0.014928250160633968
13296,1,0.5552201596098673
13297,0,0.1658939574637249
13298,0,0.055177164250259404
13299,0,0.06145954316686023
13300,0,0.405010910211796
13301,0,0.07205466449713312
13302,1,0.6192623468485537
13303,0,0.24299816256077808
13304,0,0.5481552605456755
13305,0,0.28715478309943737
13306,1,0.6104404415603789
13307,0,0.041673662527537216
13308,1,0.6639949931357506
13309,1,0.6030942334739803
13310,1,0.6479697518451416
13311,0,0.005990423336605694
13312,0,0.12035601961370784
13313,0,0.008080448869922553
13314,0,0.05008166566788732
13315,0,0.25036010859322605
13316,1,0.6431482704546485
13317,0,0.012273320987322976
13318,1,0.858342680292456
13319,0,0.2170288369550362
13320,1,0.6802020013884421
13321,0,0.0
13322,1,0.6282879584243785
13323,1,0.8574746157058466
13324,0,0.37312940470835204
13325,0,0.0163354866253417
13326,0,0.30434043114302056
13327,0,0.08303712480252766
13328,1,0.4216882805959825
13329,0,0.42263543128459297
13330,0,0.0015015015015015015
13331,1,0.8153440867180585
13332,0,0.1777969468465684
13333,0,0.002226139182660922
13334,0,0.0022988505747126436
13335,0,0.3068841589986678
13336,0,0.03129834278902602
13337,1,0.7107995215453115
13338,0,0.42669938559066023
13339,0,0.007259318845818979
13340,0,0.007259318845818979
13341,0,0.10707138453617326
13342,1,0.696461216428145
13343,0,0.46799726174575645
13344,0,0.43981809318555004
13345,1,0.6340481552345959
13346,0,0.42263543128459297
13347,0,0.09164901332111912
13348,0,0.07744141823089191
13349,1,0.5742966419257703
13350,0,0.03129834278902602
13351,0,0.028287215787215783
13352,1,0.5332628853220616
13353,0,0.050519361315150245
13354,0,0.0666145530347101
13355,0,0.031605152819154804
13356,0,0.041206704710195115
13357,1,0.649653650937095
13358,0,0.12869927494932065
13359,1,0.42846083161371507
13360,0,0.011004425478109689
13361,0,0.04883122755652778
13362,0,0.4371800781947312
13363,1,0.5823812892839931
13364,0,0.25801969033748284
13365,0,0.031865236213062295
13366,1,0.4548052516209844
13367,0,0.10020905084457127
13368,0,0.05924975785602963
13369,1,0.6953879453879455
13370,1,0.558627998915718
13371,0,0.002226139182660922
13372,0,0.012839369982227128
13373,0,0.0
13374,1,0.6588851974898486
13375,0,0.0015015015015015015
13376,0,0.41153731378915204
13377,1,0.6543207610482688
13378,0,0.05744815600329916
13379,0,0.29479775032006295
13380,0,0.457442614258347
13381,0,0.30434043114302056
13382,1,0.22359812458231187
13383,0,0.35374827606883735
13384,0,0.2648186817665908
13385,0,0.4981050144784069
13386,0,0.27283982035222654
13387,0,0.13024580931557675
13388,1,0.3770771767358312
13389,1,0.4050800545506033
13390,0,0.26622882019940847
13391,0,0.029417555058580697
13392,1,0.7004313973063973
13393,1,0.5918056339770347
13394,0,0.5906944044994088
13395,1,0.667392559424099
13396,0,0.002226139182660922
13397,0,0.4957843236843273
13398,0,0.04304076703145027
13399,0,0.37165775196906004
13400,0,0.002226139182660922
13401,0,0.0007246376811594203
13402,0,0.4923679877751468
13403,0,0.00306644672841856
13404,0,0.011173095142617032
13405,0,0.2696807412693446
13406,0,0.05028438231018426
13407,0,0.0286175736724502
13408,0,0.4482626346578014
13409,0,0.09497811450391647
13410,0,0.0015015015015015015
13411,0,0.020049127169635632
13412,0,0.15255228558546766
13413,0,0.0062555853440571935
13414,0,0.019418317350648178
13415,1,0.7419724392084799
13416,1,0.6745447104563126
13417,1,0.548272284319868
13418,0,0.36551803979361636
13419,0,0.18748499327377285
13420,0,0.3919821313438335
13421,0,0.2620240737162409
13422,0,0.05028438231018426
13423,0,0.047634482070041985
13424,0,0.24604473540643754
13425,0,0.10203449784573858
13426,0,0.00306644672841856
13427,1,0.37325319356450165
13428,1,0.412380754701316
13429,0,0.2058970099667774
13430,1,0.6065946348733233
13431,0,0.07205165824412686
13432,1,0.6532275245497264
13433,0,0.39463839380354804
13434,0,0.1659419678036699
13435,0,0.15557336182336182
13436,0,0.4044446548779245
13437,0,0.3936684200272745
13438,1,0.5085535591972082
13439,0,0.17760782109889903
13440,0,0.0015015015015015015
13441,1,0.4484127203561153
13442,1,0.858342680292456
13443,0,0.04731018670593217
13444,0,0.5417836735865852
13445,0,0.25387107288592586
13446,1,0.749274262418853
13447,0,0.1640310966925146
13448,1,0.5742966419257703
13449,0,0.47352435472832904
13450,1,0.7012792619490344
13451,0,0.11315225323846012
13452,0,0.026943880155159017
13453,0,0.05315753815432891
13454,1,0.3437956578809251
13455,0,0.01743848615248814
13456,0,0.02417240119320387
13457,0,0.3176172582212508
13458,0,0.06329191033138402
13459,1,0.8487704861980806
13460,0,0.014404315209144184
13461,0,0.08636855529675865
13462,0,0.045812245993405415
13463,0,0.03406982175098117
13464,0,0.0950009181945244
13465,0,0.6710029639146949
13466,0,0.5916327611090564
13467,1,0.49318274019930675
13468,0,0.0
13469,1,0.45479092006857696
13470,0,0.27345612992671814
13471,1,0.6080985866244769
13472,0,0.2908666522562661
13473,0,0.01400841888946893
13474,0,0.15894549163416097
13475,0,0.019725292475736154
13476,1,0.7540974742519336
13477,1,0.6623992856449026
13478,1,0.5783912645991541
13479,0,0.013564007663386548
13480,0,0.11034342302162638
13481,0,0.0
13482,1,0.6431482704546485
13483,1,0.6649361634375218
13484,1,0.684336181384691
13485,0,0.41233205921515226
13486,0,0.006578947368421052
13487,0,0.4493393674092035
13488,1,0.446085352686512
13489,0,0.10178338549817423
13490,0,0.5940259820010246
13491,1,0.38706311735993576
13492,0,0.1453315992950139
13493,0,0.011004425478109689
13494,0,0.0015015015015015015
13495,0,0.21782107301770218
13496,0,0.4005143938231835
13497,0,0.14345604145401225
13498,1,0.8441022566526989
13499,0,0.29479775032006295
13500,1,0.5937426667685776
13501,0,0.3361498141540518
13502,0,0.22944773460445855
13503,1,0.5934096209899712
13504,1,0.6448181418347083
13505,0,0.27799994643141596
13506,0,0.05160080455490242
13507,0,0.08620417239664102
13508,1,0.5179187623046635
13509,1,0.7699893778751017
13510,0,0.14449520266651314
13511,0,0.27099945822438926
13512,1,0.4938755421575564
13513,0,0.0
13514,1,0.6387388251339918
13515,0,0.3189124997467317
13516,1,0.7672573587207734
13517,0,0.44873951025776987
13518,0,0.4915548513634769
13519,0,0.0095906432748538
13520,1,0.4909748441977892
13521,1,0.6367420460488497
13522,0,0.0022988505747126436
13523,0,0.1761859802557477
13524,0,0.04445580819157722
13525,0,0.36033081612731316
13526,1,0.606842433332684
13527,0,0.4087480852461772
13528,1,0.49797622556243243
13529,0,0.03196705336321752
13530,1,0.696461216428145
13531,0,0.2752053383810661
13532,0,0.22176336168956093
13533,0,0.03875014918248001
13534,1,0.696461216428145
13535,1,0.6141827865653603
13536,0,0.3617039208690751
13537,1,0.7419724392084799
13538,0,0.27516283524904217
13539,0,0.3218840382331449
13540,0,0.47616171736569163
13541,0,0.2657230621198496
13542,0,0.5263603752606234
13543,0,0.21594811981792286
13544,0,0.031234498004129276
13545,0,0.002226139182660922
13546,1,0.6859350385129948
13547,0,0.011004425478109689
13548,0,0.2656626575581085
13549,1,0.4927809601230087
13550,0,0.012834532712478246
13551,0,0.09212832900580314
13552,0,0.14345604145401225
13553,0,0.376730130815398
13554,0,0.0
13555,1,0.5481552605456755
13556,0,0.0015015015015015015
13557,1,0.2876165266124933
13558,1,0.6623992856449026
13559,0,0.16406443005614657
13560,0,0.013564007663386548
13561,0,0.0015015015015015015
13562,0,0.01743848615248814
13563,0,0.4050800545506033
13564,1,0.7530297739626542
13565,1,0.6395847973516439
13566,1,0.5760870051567726
13567,0,0.05700232081985671
13568,1,0.6079202279202279
13569,1,0.42837158932908803
13570,0,0.019418317350648178
13571,0,0.33889275584066486
13572,0,0.3613896535041623
13573,0,0.36975849441431413
13574,0,0.0015015015015015015
13575,0,0.033736147040976015
13576,0,0.0015015015015015015
13577,0,0.2014180873705758
13578,0,0.10468186748148901
13579,0,0.042127711335028406
13580,1,0.34272956638521324
13581,0,0.03174989955156358
13582,0,0.5827409432672591
13583,0,0.21344509499471656
13584,0,0.030700114159744912
13585,1,0.4421726136433856
13586,1,0.6865213009210344
13587,1,0.8153440867180585
13588,1,0.5240730916592985
13589,1,0.5934096209899712
13590,0,0.3463784315793174
13591,0,0.108603232876735
13592,1,0.4372498748869947
13593,0,0.002226139182660922
13594,0,0.5454205427599924
13595,0,0.0015015015015015015
13596,1,0.5741880631695658
13597,0,0.21021985111174982
13598,0,0.10650663416251742
13599,0,0.2520944066922335
13600,0,0.0950009181945244
13601,0,0.405423013900893
13602,1,0.5890834131753913
13603,0,0.1594947272186078
13604,0,0.10594787139494426
13605,0,0.0
13606,0,0.009179561952244328
13607,0,0.004425478109688636
13608,0,0.27200562756841223
13609,0,0.002226139182660922
13610,0,0.03899087148766224
13611,1,0.5124488369771388
13612,1,0.6240717881387454
13613,1,0.5190396152304734
13614,0,0.21856961606751346
13615,1,0.5855014161465775
13616,1,0.7367370578276753
13617,0,0.058277908189880025
13618,0,0.562360264581188
13619,1,0.44643141945773523
13620,1,0.6739647763732308
13621,0,0.002226139182660922
13622,1,0.6451185799505311
13623,0,0.040132458443641154
13624,1,0.6563402553004338
13625,0,0.02851767143639065
13626,0,0.038895974901457735
13627,0,0.18894271040612506
13628,1,0.7333602224284294
13629,0,0.0015015015015015015
13630,0,0.13497372193024368
13631,0,0.4009562205460518
13632,0,0.1445426018192938
13633,1,0.26756237116044046
13634,0,0.3463784315793174
13635,0,0.012273320987322976
13636,0,0.0
13637,0,0.001564945226917058
13638,0,0.010869565217391304
13639,0,0.3155748630872693
13640,0,0.050177868077653766
13641,1,0.8441022566526989
13642,1,0.6424929624598908
13643,0,0.47017398202985183
13644,0,0.04166745386341288
13645,0,0.033736147040976015
13646,1,0.37942015013931013
13647,0,0.3912076440737648
13648,0,0.4585338643809409
13649,0,0.44066592791974085
13650,0,0.2691015309611305
13651,0,0.6652467160170564
13652,0,0.5973929579192738
13653,0,0.2158391579923089
13654,0,0.012739523380255644
13655,0,0.4728357482561322
13656,0,0.019418317350648178
13657,1,0.7493989547889003
13658,0,0.02021566642385932
13659,0,0.0598889766543795
13660,1,0.6450199420684517
13661,0,0.0
13662,0,0.1348960039305601
13663,0,0.027007724940055766
13664,0,0.07048032984353016
13665,0,0.4593251035529555
13666,0,0.21344509499471656
13667,0,0.019418317350648178
13668,0,0.028874100364783595
13669,1,0.7866177994551857
13670,1,0.5926743395493396
13671,1,0.4848544973544973
13672,0,0.3360059151710694
13673,0,0.35502032473555634
13674,0,0.4601293059763825
13675,0,0.02450628427282957
13676,1,0.5795267481313994
13677,0,0.03140015993918124
13678,1,0.6199505313048405
13679,0,0.10020905084457127
13680,0,0.0015015015015015015
13681,1,0.8158745180460274
13682,0,0.09898558657179346
13683,0,0.17038713480844528
13684,1,0.731000652374624
13685,0,0.0062555853440571935
13686,0,0.22376788191574293
13687,0,0.06600819352675132
13688,0,0.40433332290917434
13689,0,0.022897615205307514
13690,0,0.1877895924287348
13691,0,0.04152162814443516
13692,1,0.5747195008483389
13693,1,0.5685359392317467
13694,1,0.30713503919337043
13695,1,0.737418128266583
13696,0,0.5759170215630302
13697,0,0.17760782109889903
13698,0,0.002226139182660922
13699,1,0.6383475595340001
13700,1,0.3720764372773231
13701,0,0.011004425478109689
13702,0,0.4849947589576944
13703,0,0.02515037593984962
13704,0,0.23843585859727648
13705,1,0.5998843133821224
13706,0,0.3660918970993987
13707,1,0.657219289958212
13708,0,0.2475968746396033
13709,0,0.4269304477869372
13710,0,0.2362296888989239
13711,0,0.21427002583979327
13712,0,0.38536792351011345
13713,0,0.13677156177156177
13714,0,0.405010910211796
13715,0,0.17760782109889903
13716,1,0.5937426667685776
13717,0,0.07048032984353016
13718,0,0.6641457715391087
13719,0,0.296697463922395
13720,1,0.4304112513364638
13721,1,0.5958622334299067
13722,0,0.0
13723,1,0.7154856066720473
13724,0,0.2799354178526216
13725,0,0.4927809601230087
13726,0,0.2799354178526216
13727,0,0.008080448869922553
13728,0,0.006980223025216614
13729,0,0.01400841888946893
13730,1,0.4552112271833353
13731,0,0.26756237116044046
13732,0,0.012062506161885046
13733,0,0.2561251515809448
13734,1,0.6503004214868621
13735,0,0.002226139182660922
13736,1,0.3433682471591097
13737,0,0.03570663432090813
13738,0,0.025329409842409997
13739,0,0.0015015015015015015
13740,0,0.03140015993918124
13741,0,0.1704065159267257
13742,1,0.6310572310452909
13743,0,0.0015015015015015015
13744,0,0.2561251515809448
13745,0,0.17760782109889903
13746,0,0.3689949770445126
13747,0,0.02370893519961843
13748,1,0.6229482864460956
13749,0,0.026201240318237243
13750,0,0.20108135832071614
13751,0,0.43330683372022777
13752,0,0.0015015015015015015
13753,0,0.43981809318555004
13754,0,0.17038713480844528
13755,1,0.49388221903308027
13756,0,0.3816200348680599
13757,0,0.006980223025216614
13758,0,0.14345707462091342
13759,1,0.5323379284886903
13760,1,0.6164735940539442
13761,0,0.36356837606837605
13762,1,0.49103723204725674
13763,0,0.23599271792675092
13764,0,0.4046876384327327
13765,1,0.4149002775137076
13766,0,0.21344509499471656
13767,1,0.74281312930338
13768,0,0.24333296726246675
13769,0,0.07139617486445399
13770,1,0.7785088548559904
13771,1,0.6100033594506696
13772,0,0.0022988505747126436
13773,0,0.0007246376811594203
13774,0,0.19053410357758183
13775,0,0.047634482070041985
13776,1,0.5318070761186622
13777,1,0.42910348968003814
13778,0,0.036507626002931164
13779,0,0.006419011300061342
13780,0,0.026646076096625546
13781,0,0.6324158382342698
13782,0,0.0534158615136876
13783,0,0.0
13784,0,0.13436083048945802
13785,0,0.10998784390514293
13786,0,0.08137045813586098
13787,0,0.06190274063059
13788,0,0.002226139182660922
13789,0,0.008080448869922553
13790,0,0.5685359392317467
13791,0,0.04343474000783517
13792,0,0.7315282348585578
13793,0,0.5403570819178806
13794,0,0.02370893519961843
13795,0,0.006980223025216614
13796,0,0.390061202382509
13797,1,0.5172880521717731
13798,1,0.29205761616357645
13799,1,0.7104708896887674
13800,1,0.7103355968522239
13801,1,0.8129293389895306
13802,0,0.002226139182660922
13803,1,0.3793674934527606
13804,0,0.2799354178526216
13805,0,0.08755009235778466
13806,1,0.7268945818314344
13807,0,0.0051501157908480566
13808,0,0.0801539528673675
13809,0,0.0015015015015015015
13810,0,0.057797480069834456
13811,0,0.2623108967798247
13812,0,0.2720194035983509
13813,1,0.5610634896972106
13814,0,0.024765201760506922
13815,0,0.3537226688631119
13816,0,0.22194137207362152
13817,0,0.01400841888946893
13818,0,0.037360979481686
13819,0,0.24103943461735808
13820,0,0.5707880813143972
13821,0,0.0007246376811594203
13822,1,0.4406223584881239
13823,0,0.007216360373272483
13824,0,0.012902813707642681
13825,0,0.06844901417783165
13826,0,0.09546479942821406
13827,0,0.03196705336321752
13828,1,0.8441022566526989
13829,0,0.1615848406546081
13830,1,0.4302564168964967
13831,0,0.4068702687398655
13832,1,0.3258870758870759
13833,0,0.384164353729687
13834,0,0.00306644672841856
13835,0,0.3317265795206971
13836,1,0.6435468040731199
13837,0,0.0015015015015015015
13838,1,0.5485907273648701
13839,0,0.23850063050814788
13840,0,0.0
13841,0,0.040132458443641154
13842,0,0.6200514485773388
13843,1,0.6174825635636573
13844,1,0.6999592999593
13845,0,0.0883007711108586
13846,0,0.42762460340585345
13847,0,0.12553399691145664
13848,0,0.07893316391101328
13849,0,0.03140015993918124
13850,0,0.03290819152142045
13851,1,0.583009868902192
13852,0,0.0015015015015015015
13853,0,0.2848160965082637
13854,1,0.768001406339821
13855,0,0.0637728564967371
13856,0,0.07158006880913285
13857,0,0.2298174100140392
13858,1,0.5864720334397241
13859,1,0.38706311735993576
13860,0,0.02417240119320387
13861,0,0.1964185240047309
13862,0,0.5479296963737038
13863,0,0.014404315209144184
13864,0,0.2906502182364252
13865,1,0.667392559424099
13866,1,0.5970047822755208
13867,1,0.6951940816843324
13868,1,0.31097184973791886
13869,1,0.5565635420967688
13870,0,0.02370893519961843
13871,0,0.34993657222435065
13872,1,0.37325319356450165
13873,0,0.59218157044244
13874,0,0.05551887999666888
13875,1,0.6096941748925596
13876,0,0.4200387349282158
13877,0,0.15698241473877872
13878,1,0.30933897777044733
13879,0,0.405010910211796
13880,0,0.0015015015015015015
13881,0,0.011004425478109689
13882,0,0.3078173683939169
13883,1,0.5459201326665916
13884,0,0.0
13885,1,0.731000652374624
13886,0,0.1343023756914735
13887,1,0.7304983490887441
13888,0,0.1739281805841549
13889,0,0.22073547834429932
13890,0,0.00306644672841856
13891,0,0.5216117698726395
13892,0,0.008056667919030121
13893,0,0.4957843236843273
13894,0,0.006578947368421052
13895,0,0.011173095142617032
13896,1,0.44298661871382033
13897,1,0.548272284319868
13898,1,0.6530232063018948
13899,0,0.14345604145401225
13900,1,0.424211261347045
13901,0,0.0015015015015015015
13902,0,0.2331110321069988
13903,0,0.008080448869922553
13904,0,0.3954612706051141
13905,1,0.622054606886558
13906,0,0.10650663416251742
13907,0,0.03524588516769035
13908,0,0.0353097299525871
13909,0,0.018318091505942238
13910,0,0.025790158995627768
13911,1,0.6096941748925596
13912,0,0.4915548513634769
13913,0,0.2663069229107806
13914,1,0.6080985866244769
13915,1,0.7062452106034147
13916,0,0.33889275584066486
13917,0,0.21670260080856107
13918,0,0.0051501157908480566
13919,0,0.0015015015015015015
13920,0,0.013070670060534117
13921,1,0.5447103739339896
13922,1,0.25210803597492326
13923,0,0.023603571530946207
13924,0,0.5298716242575255
13925,0,0.0
13926,1,0.7785088548559904
13927,0,0.019418317350648178
13928,1,0.5481552605456755
13929,0,0.42304140684694386
13930,1,0.6048111234157746
13931,1,0.5968865582408674
13932,1,0.46310799714197354
13933,0,0.003023488255872064
13934,1,0.7109388458225667
13935,0,0.14449520266651314
13936,0,0.07048032984353016
13937,1,0.5317925565475237
13938,0,0.00306644672841856
13939,1,0.7901540750377959
13940,0,0.0015015015015015015
13941,0,0.09347446032228642
13942,0,0.07051966907736139
13943,0,0.20094509499471655
13944,0,0.1341536892933032
13945,0,0.0289965610076075
13946,0,0.1658939574637249
13947,0,0.09079161394060431
13948,0,0.53786397417154
13949,1,0.572765411552597
13950,0,0.010771819485821474
13951,1,0.670115492667986
13952,0,0.2415007890131952
13953,1,0.5993218629860717
13954,0,0.3149181739879414
13955,1,0.6820009216339642
13956,0,0.006980223025216614
13957,0,0.03817767691141045
13958,0,0.017027404829878665
13959,0,0.0
13960,0,0.003023488255872064
13961,0,0.1188111844662012
13962,0,0.001564945226917058
13963,0,0.1363427455148513
13964,0,0.35592484047307266
13965,0,0.0
13966,0,0.2212980102685985
13967,1,0.6401109746267643
13968,1,0.6532275245497264
13969,0,0.006419011300061342
13970,0,0.1464771176919064
13971,0,0.3462626003301848
13972,1,0.5842721736404325
13973,0,0.4999574100083229
13974,0,0.0007246376811594203
13975,0,0.4849621594754579
13976,1,0.4943977591036415
13977,1,0.7752576770695297
13978,0,0.0015015015015015015
13979,0,0.32589499521072796
13980,0,0.09680529497602668
13981,0,0.0922066355419613
13982,0,0.06420454020803061
13983,1,0.5701577447605182
13984,1,0.6592239791909077
13985,0,0.12401931711624808
13986,0,0.06192029232007801
13987,1,0.8359933120535036
13988,0,0.0
13989,0,0.296697463922395
13990,1,0.7397298956414978
13991,0,0.519904181184669
13992,0,0.46020140213262534
13993,0,0.29913444130511235
13994,0,0.0062555853440571935
13995,0,0.12427156177156178
13996,0,0.10074525745257452
13997,0,0.21049888808509498
13998,0,0.6203923957017748
13999,0,0.27334769239731393
14000,1,0.6175664217071791
14001,0,0.25694863415451646
14002,0,0.36033081612731316
14003,0,0.3338147287331064
14004,1,0.5707880813143972
14005,0,0.18882875364123566
14006,0,0.12961657907310084
14007,0,0.26099122882389597
14008,0,0.0022988505747126436
14009,0,0.04304076703145027
14010,0,0.3083751826507592
14011,1,0.42837158932908803
14012,1,0.7448460024268706
14013,1,0.444979399255715
14014,1,0.38080168776371304
14015,0,0.28381714643997485
14016,1,0.5515643447461629
14017,0,0.3052312635195317
14018,0,0.5904068501311345
14019,0,0.0
14020,0,0.07064935971469548
14021,0,0.17038713480844528
14022,1,0.6340481552345959
14023,0,0.2775473213407105
14024,0,0.10468186748148901
14025,1,0.47815980261153035
14026,0,0.3155748630872693
14027,0,0.009904199633403749
14028,1,0.7229245565887653
14029,0,0.12048368298368299
14030,0,0.09348177821084225
14031,0,0.41043033497856724
14032,0,0.3625337564543654
14033,0,0.0015015015015015015
14034,0,0.0
14035,1,0.4528315576431054
14036,0,0.0051501157908480566
14037,0,0.349851611336435
14038,1,0.8170279858100118
14039,0,0.012902813707642681
14040,0,0.09625325717279738
14041,0,0.002226139182660922
14042,0,0.005222827182899778
14043,0,0.31254009623095436
14044,0,0.1167483966908653
14045,0,0.12031825594128397
14046,0,0.33697129385401486
14047,0,0.011173095142617032
14048,1,0.696461216428145
14049,0,0.30453960353557025
14050,0,0.446085352686512
14051,0,0.3674371791293463
14052,1,0.5946675070496975
14053,0,0.019725292475736154
14054,0,0.2542237060788988
14055,0,0.4992474413004215
14056,1,0.7658805476316813
14057,1,0.5934096209899712
14058,0,0.02846301904217412
14059,0,0.3718272287751378
14060,0,0.1045827088481117
14061,0,0.021136537725009574
14062,1,0.4548052516209844
14063,1,0.3246990697500654
14064,0,0.04705215419501133
14065,0,0.021318022678848917
14066,0,0.0
14067,0,0.027007724940055766
14068,0,0.0015015015015015015
14069,0,0.37269224074260004
14070,1,0.731000652374624
14071,1,0.3517600336368423
14072,1,0.758545054200542
14073,0,0.013406263406263406
14074,1,0.7376361443064559
14075,0,0.00306644672841856
14076,0,0.1194396671530818
14077,1,0.8353080186732694
14078,0,0.6794693979159999
14079,1,0.5685359392317467
14080,1,0.7021873047652609
14081,0,0.005222827182899778
14082,0,0.2325350951579236
14083,0,0.02021566642385932
14084,0,0.25945026910342
14085,0,0.06423360564995487
14086,0,0.3591840120395551
14087,1,0.6854936787114371
14088,1,0.6369798145660215
14089,0,0.4618979370803847
14090,0,0.2067429138608535
14091,1,0.4319161253162946
14092,1,0.2761136932328189
14093,1,0.6571449771119057
14094,1,0.6080985866244769
14095,0,0.24641363051959078
14096,0,0.1348960039305601
14097,1,0.5115000632303534
14098,0,0.002226139182660922
14099,0,0.11372732045297114
14100,1,0.6739647763732308
14101,0,0.2752053383810661
14102,0,0.03140015993918124
14103,1,0.4850612407959137
14104,0,0.007259318845818979
14105,0,0.24441128794577072
14106,1,0.7326845514665775
14107,0,0.0015015015015015015
14108,0,0.006980223025216614
14109,0,0.42033182503770733
14110,0,0.3422936050037251
14111,1,0.45093768905021187
14112,0,0.04166745386341288
14113,0,0.07048032984353016
14114,0,0.31910665854873527
14115,1,0.637139063200943
14116,1,0.5157295355512037
14117,1,0.4112168711430704
14118,1,0.31118362786807424
14119,0,0.04794940550428203
14120,1,0.8153440867180585
14121,0,0.5508428694475206
14122,1,0.8213269927009644
14123,1,0.405423013900893
14124,1,0.8188192323975558
14125,0,0.0
14126,0,0.014404315209144184
14127,1,0.6798389479905437
14128,1,0.6325174307452288
14129,1,0.6297433749959893
14130,0,0.0029239766081871343
14131,0,0.33697129385401486
14132,0,0.008080448869922553
14133,1,0.731000652374624
14134,0,0.0022988505747126436
14135,1,0.5197842230629116
14136,1,0.570164421636042
14137,0,0.0
14138,1,0.4721977801448
14139,0,0.3920891124852974
14140,0,0.06145954316686023
14141,0,0.33697129385401486
14142,0,0.20108135832071614
14143,0,0.008080448869922553
14144,0,0.0015015015015015015
14145,0,0.12171229076191227
14146,0,0.22965551386283092
14147,1,0.7207055053975955
14148,0,0.001564945226917058
14149,1,0.7991743240029893
14150,1,0.7062452106034147
14151,0,0.15673076923076923
14152,0,0.08461295146077756
14153,1,0.6587406846027536
14154,1,0.8563993657535796
14155,0,0.012739523380255644
14156,0,0.4129619805481875
14157,0,0.38214955558216906
14158,0,0.04475742757276333
14159,0,0.0
14160,0,0.002226139182660922
14161,0,0.3161906665525462
14162,0,0.3556439622262407
14163,0,0.2930145344851227
14164,0,0.327147134690655
14165,0,0.0015015015015015015
14166,0,0.0
14167,1,0.6442184503787671
14168,1,0.7906956214689265
14169,0,0.04152162814443516
14170,0,0.058383670680418644
14171,1,0.7288144499967908
14172,1,0.3912836901996495
14173,0,0.0015015015015015015
14174,1,0.7817350898043861
14175,0,0.3925222224289906
14176,1,0.4559689779943394
14177,1,0.9248822009423924
14178,0,0.09092010859026566
14179,0,0.019418317350648178
14180,0,0.3334231414726771
14181,0,0.0007246376811594203
14182,0,0.21692468519068928
14183,0,0.016105556689111067
14184,1,0.7333602224284294
14185,0,0.0
14186,0,0.0945474953044339
14187,0,0.14749536117156045
14188,0,0.03337165751500589
14189,1,0.7540974742519336
14190,0,0.1194396671530818
14191,0,0.5057598553989894
14192,0,0.45282493862130296
14193,0,0.006980223025216614
14194,0,0.0015015015015015015
14195,1,0.37484737484737485
14196,0,0.2786424254450149
14197,0,0.05924975785602963
14198,1,0.5603666789713301
14199,0,0.405010910211796
14200,0,0.3290709840349663
14201,0,0.18359328820900322
14202,1,0.6847237064489969
14203,0,0.0015015015015015015
14204,0,0.22521023186620617
14205,1,0.6591445728063766
14206,0,0.046571924036712765
14207,0,0.5347348422193274
14208,1,0.405423013900893
14209,0,0.07051966907736139
14210,0,0.2067429138608535
14211,0,0.44461648468264464
14212,1,0.5731085006947075
14213,0,0.33706801084507587
14214,0,0.4441356505308172
14215,1,0.7173110838678474
14216,0,0.43029341151149286
14217,0,0.4050800545506033
14218,0,0.05437228351685758
14219,0,0.0015015015015015015
14220,0,0.03013322073570863
14221,0,0.006578947368421052
14222,0,0.006980223025216614
14223,1,0.534760211793729
14224,1,0.7540974742519336
14225,0,0.06919158932653512
14226,0,0.22376788191574293
14227,0,0.040132458443641154
14228,0,0.4784731187083289
14229,1,0.47788936936375626
14230,0,0.4127376428630865
14231,0,0.3474003318386503
14232,0,0.37591278175985826
14233,0,0.12470683550495758
14234,0,0.18516431559831847
14235,0,0.4252727939219556
14236,1,0.6592239791909077
14237,1,0.5954474458911849
14238,0,0.08077932513093487
14239,0,0.13380307963641297
14240,1,0.3351992347275366
14241,0,0.05300478019107813
14242,0,0.10020905084457127
14243,1,0.33727490407749344
14244,0,0.40532856820889274
14245,0,0.17172270955165692
14246,0,0.3384740705324018
14247,1,0.7293091836673877
14248,0,0.02021566642385932
14249,0,0.00306644672841856
14250,0,0.25164728682170545
14251,0,0.11034342302162638
14252,0,0.06509710930442637
14253,0,0.020575325999854305
14254,0,0.002226139182660922
14255,0,0.031234498004129276
14256,1,0.6587406846027536
14257,1,0.6193961405825812
14258,0,0.5124860698255195
14259,1,0.7768253968253968
14260,0,0.027720322363179506
14261,1,0.6229482864460956
14262,1,0.47616171736569163
14263,0,0.0022988505747126436
14264,0,0.4483417557429332
14265,0,0.44066592791974085
14266,0,0.47426233992483685
14267,0,0.13928548303548305
14268,0,0.5134667604227213
14269,0,0.24012236431453152
14270,0,0.012273320987322976
14271,0,0.10020905084457127
14272,0,0.43981809318555004
14273,0,0.006578947368421052
14274,0,0.0015015015015015015
14275,0,0.10930529497602669
14276,0,0.13670270442658503
14277,0,0.10496456628722205
14278,0,0.21670260080856107
14279,0,0.0526926482033834
14280,0,0.41249946014738675
14281,1,0.5833962512620167
14282,0,0.5481552605456755
14283,0,0.2978044097609315
14284,0,0.05744815600329916
14285,0,0.5538113245352306
14286,1,0.3510714271646454
14287,0,0.38478691821953176
14288,0,0.039317042606516285
14289,0,0.06758252818035428
14290,0,0.026943880155159017
14291,0,0.1040971623259798
14292,0,0.0015015015015015015
14293,0,0.2890366693479774
14294,0,0.36453725446345375
14295,0,0.0015015015015015015
14296,1,0.6245825386531395
14297,0,0.002226139182660922
14298,1,0.8441022566526989
14299,0,0.00306644672841856
14300,0,0.027277763234784726
14301,0,0.0062555853440571935
14302,0,0.0015015015015015015
14303,0,0.08644088067107225
14304,0,0.38706311735993576
14305,0,0.03423548368603314
14306,0,0.4606111397866173
14307,1,0.7866177994551857
14308,1,0.7849343414245921
14309,1,0.5370518032036561
14310,1,0.6751274610390633
14311,0,0.0015015015015015015
14312,0,0.08077932513093487
14313,0,0.002226139182660922
14314,1,0.4915548513634769
14315,0,0.1799490254595073
14316,0,0.002226139182660922
14317,0,0.27283982035222654
14318,1,0.5064151633937469
14319,0,0.031234498004129276
14320,1,0.6998277347114557
14321,0,0.0015015015015015015
14322,0,0.251076464835576
14323,1,0.8566587812005024
14324,1,0.7508112287648941
14325,0,0.07907970660081354
14326,0,0.06266387635999408
14327,0,0.1373189172451165
14328,1,0.7467402911775617
14329,0,0.6502742506014488
14330,0,0.001564945226917058
14331,0,0.20434885086326116
14332,0,0.06894533442375844
14333,0,0.03900211917227624
14334,0,0.09640452876376988
14335,0,0.5958622334299067
14336,0,0.34750274378757345
14337,1,0.5074442456436263
14338,0,0.4929814430321815
14339,1,0.4728357482561322
14340,1,0.7063131261485781
14341,1,0.3936684200272745
14342,1,0.30713503919337043
14343,0,0.2860210850170517
14344,0,0.12171229076191227
14345,0,0.07048032984353016
14346,0,0.026943880155159017
14347,1,0.8559147335814549
14348,1,0.5103596751224277
14349,0,0.003023488255872064
14350,0,0.1658939574637249
14351,0,0.01998521077468446
14352,0,0.20704933954933954
14353,0,0.006980223025216614
14354,0,0.5747354497354497
14355,0,0.02218979631260333
14356,0,0.041673662527537216
14357,1,0.8559147335814549
14358,0,0.6424929624598908
14359,1,0.8559147335814549
14360,0,0.23552896162445788
14361,1,0.3947075381423553
14362,0,0.3276440610766746
14363,0,0.10930529497602669
14364,0,0.006419011300061342
14365,1,0.6280594759040358
14366,1,0.5158194049685287
14367,0,0.42516581278049176
14368,0,0.02851767143639065
14369,0,0.002226139182660922
14370,0,0.0062555853440571935
14371,0,0.4728357482561322
14372,0,0.15467697399634892
14373,0,0.22905717770310016
14374,0,0.03288548752834467
14375,1,0.5955865730972553
14376,0,0.006578947368421052
14377,0,0.0
14378,1,0.8020142423019614
14379,0,0.0015015015015015015
14380,0,0.09146120405875145
14381,0,0.0950009181945244
14382,0,0.13623535516355853
14383,1,0.5020442490608156
14384,1,0.5352257307874296
14385,0,0.3233100030225087
14386,1,0.5502125328936417
14387,0,0.014404315209144184
14388,1,0.58492748163519
14389,1,0.6955015268968757
14390,1,0.36288067715625366
14391,0,0.012371066718892806
14392,1,0.6193961405825812
14393,0,0.019418317350648178
14394,0,0.002226139182660922
14395,0,0.058383670680418644
14396,0,0.054286985896181306
14397,1,0.623489679999218
14398,0,0.40221120838413116
14399,1,0.7354966601800806
14400,0,0.2790092479374513
14401,1,0.6958766854324753
14402,1,0.3036575266838425
14403,0,0.3898577254102857
14404,0,0.04343474000783517
14405,0,0.08750490151126548
14406,0,0.04654480135249366
14407,0,0.3400695121278434
14408,0,0.2634838174191944
14409,0,0.03524588516769035
14410,0,0.06038529690030628
14411,1,0.7293091836673877
14412,1,0.6692623712521018
14413,0,0.4825230488458618
14414,0,0.2752053383810661
14415,0,0.0521676979789387
14416,1,0.6095688553170339
14417,0,0.06145954316686023
14418,0,0.05154948608895978
14419,0,0.0015015015015015015
14420,1,0.7752576770695297
14421,0,0.015062437334791725
14422,0,0.05346119929453263
14423,0,0.1188138087785975
14424,0,0.20177002583979328
14425,0,0.04597790792845738
14426,0,0.07282146865480199
14427,1,0.6251673376372655
14428,0,0.05607294087168127
14429,1,0.7234953703703703
14430,0,0.014404315209144184
14431,0,0.002226139182660922
14432,1,0.4252727939219556
14433,0,0.37269224074260004
14434,0,0.01180177455132083
14435,1,0.6041784968254441
14436,1,0.5637919865195763
14437,1,0.7021873047652609
14438,1,0.5176962327435718
14439,0,0.0015015015015015015
14440,0,0.008080448869922553
14441,0,0.10112341362341364
14442,0,0.4575699768973738
14443,0,0.26429281180521796
14444,0,0.5529684461348352
14445,1,0.6951940816843324
14446,0,0.002226139182660922
14447,0,0.4145053914674168
14448,1,0.8740289548022598
14449,0,0.18146529396529396
14450,0,0.001564945226917058
14451,0,0.412380754701316
14452,0,0.5565830772788846
14453,1,0.5685359392317467
14454,0,0.18168737834742218
14455,0,0.3528039897965903
14456,0,0.041206704710195115
14457,0,0.03875014918248001
14458,1,0.4552112271833353
14459,0,0.008877797943133696
14460,1,0.6074432786297193
14461,0,0.007216360373272483
14462,0,0.13133615579267754
14463,0,0.058383670680418644
14464,0,0.5603981705676621
14465,0,0.41780017946808706
14466,0,0.4406776862470612
14467,1,0.6946053476708868
14468,0,0.25819662077354605
14469,1,0.7650129198966408
14470,0,0.2097430723659008
14471,1,0.7849343414245921
14472,0,0.30081111145982625
14473,0,0.1636030102231488
14474,1,0.3718963731139451
14475,0,0.03570663432090813
14476,0,0.017593453824782817
14477,0,0.0801539528673675
14478,1,0.7196383111017258
14479,0,0.5191782461611839
14480,0,0.0
14481,1,0.5298716242575255
14482,1,0.6269263482052359
14483,0,0.00306644672841856
14484,0,0.1188111844662012
14485,0,0.006578947368421052
14486,0,0.37659876355528527
14487,0,0.06038529690030628
14488,0,0.42054794008540536
14489,0,0.6864068029635665
14490,1,0.565850999319287
14491,0,0.006980223025216614
14492,1,0.6282879584243785
14493,0,0.011584176465226506
14494,1,0.5657990157990157
14495,0,0.4268216371203077
14496,0,0.0015015015015015015
14497,0,0.17760782109889903
14498,0,0.007259318845818979
14499,1,0.7166894149533368
14500,0,0.13647009043350505
14501,0,0.013564007663386548
14502,0,0.3405179118060726
14503,0,0.011173095142617032
14504,0,0.1995122261682005
14505,0,0.0007246376811594203
14506,0,0.010771819485821474
14507,1,0.6269263482052359
14508,1,0.7387743853225457
14509,0,0.3335836552515629
14510,0,0.055177164250259404
14511,0,0.16918737834742215
14512,0,0.108603232876735
14513,0,0.002226139182660922
14514,1,0.508080546193069
14515,1,0.6832412197314705
14516,1,0.6865213009210344
14517,0,0.046560235803488025
14518,0,0.1341536892933032
14519,0,0.0015015015015015015
14520,0,0.012273320987322976
14521,1,0.400856385658278
14522,0,0.0
14523,1,0.48522096692828404
14524,0,0.04370016020060388
14525,1,0.7991743240029893
14526,1,0.658141087599036
14527,0,0.22194137207362152
14528,1,0.5760810071154898
14529,0,0.1194396671530818
14530,0,0.0051501157908480566
14531,0,0.019418317350648178
14532,0,0.08077932513093487
14533,0,0.0015015015015015015
14534,1,0.4704560787159024
14535,1,0.6503004214868621
14536,0,0.03524588516769035
14537,0,0.00306644672841856
14538,0,0.080140106332585
14539,0,0.0015015015015015015
14540,0,0.021929878013655025
14541,0,0.14023085699625984
14542,0,0.1078089264727653
14543,0,0.23045264978004662
14544,1,0.5333082505506228
14545,1,0.5346586192827699
14546,0,0.0015015015015015015
14547,0,0.1918093045682109
14548,1,0.7168854871945834
14549,0,0.32333704942400593
14550,0,0.0759760298923791
14551,1,0.446085352686512
14552,1,0.5064151633937469
14553,0,0.02846301904217412
14554,0,0.0468817951775841
14555,0,0.40241039872862255
14556,0,0.03180229972682803
14557,1,0.2752053383810661
14558,1,0.552200455281744
14559,0,0.3460797016424863
14560,0,0.05008166566788732
14561,0,0.20805709072014755
14562,0,0.5057598553989894
14563,0,0.14653518675124108
14564,1,0.4435016111707841
14565,0,0.31077717395290166
14566,0,0.002226139182660922
14567,0,0.6160291725194232
14568,1,0.5502125328936417
14569,0,0.2854856221700685
14570,0,0.16830546893818996
14571,1,0.734707629968513
14572,0,0.04152162814443516
14573,0,0.007216360373272483
14574,0,0.7237096722492438
14575,0,0.10570475089342023
14576,0,0.0
14577,1,0.737418128266583
14578,0,0.40341546861635447
14579,0,0.3113899369593119
14580,0,0.05884441983363642
14581,0,0.354130596827226
14582,1,0.7059175685674238
14583,0,0.18336351418863095
14584,0,0.04185081414168559
14585,1,0.6205336846101422
14586,0,0.06474419818049611
14587,0,0.006980223025216614
14588,0,0.09553712480252764
14589,0,0.5308627491070356
14590,0,0.3464205891307091
14591,1,0.4972109153530319
14592,0,0.019418317350648178
14593,0,0.19640140048764357
14594,0,0.37165775196906004
14595,0,0.006419011300061342
14596,0,0.002226139182660922
14597,1,0.4548743959597916
14598,0,0.002226139182660922
14599,0,0.08918384247331616
14600,0,0.3403187206300287
14601,1,0.6003196582666781
14602,0,0.0
14603,1,0.4471488481019552
14604,1,0.5674895077772268
14605,0,0.06061718867213211
14606,0,0.512926654899058
14607,0,0.42304140684694386
14608,0,0.0015015015015015015
14609,0,0.1533939574637249
14610,0,0.03771692775819267
14611,0,0.10650663416251742
14612,1,0.7785088548559904
14613,0,0.23744735799689357
14614,0,0.0015015015015015015
14615,1,0.731000652374624
14616,0,0.005222827182899778
14617,0,0.5837371983864528
14618,0,0.27028536608335113
14619,1,0.2757536455772296
14620,0,0.002226139182660922
14621,0,0.25237507045649576
14622,0,0.1734862488141337
14623,1,0.5012453866470764
14624,0,0.02417240119320387
14625,0,0.2134133344126059
14626,0,0.4126688904386959
14627,1,0.6310572310452909
14628,1,0.3507813733076457
14629,0,0.30086084094704785
14630,0,0.03442383858467888
14631,0,0.24048254553354118
14632,0,0.024275828623654707
14633,0,0.0022988505747126436
14634,0,0.43664997479216466
14635,0,0.07861386907174053
14636,1,0.5027873489782071
14637,0,0.21021985111174982
14638,1,0.5305307394728787
14639,0,0.14957702704181577
14640,0,0.005990423336605694
14641,0,0.21628031987838922
14642,0,0.011173095142617032
14643,1,0.5893607669469739
14644,1,0.7107909830350533
14645,0,0.3660918970993987
14646,0,0.13436083048945802
14647,0,0.038081208914542246
14648,1,0.7952724021302447
14649,0,0.04874938689041253
14650,0,0.04343474000783517
14651,0,0.006419011300061342
14652,0,0.2331110321069988
14653,0,0.028625482742479665
14654,0,0.0015015015015015015
14655,0,0.5001017638452808
14656,0,0.1132314862457003
14657,0,0.02370893519961843
14658,0,0.00306644672841856
14659,0,0.11545927959279594
14660,0,0.0015015015015015015
14661,0,0.21117632367632366
14662,1,0.5474985208073105
14663,1,0.696461216428145
14664,0,0.5115000632303534
14665,1,0.4532098100255428
14666,1,0.5873385012919896
14667,0,0.038895974901457735
14668,1,0.5877822658333152
14669,0,0.0742450335385575
14670,0,0.4947476573153767
14671,1,0.473990372641602
14672,1,0.4907588358340753
14673,1,0.7459885296527383
14674,0,0.06068127147939354
14675,0,0.05884441983363642
14676,0,0.002226139182660922
14677,0,0.024275828623654707
14678,1,0.68776774083328
14679,0,0.06031224025470888
14680,0,0.04213441168075499
14681,0,0.2030632733461094
14682,1,0.7376361443064559
14683,0,0.003023488255872064
14684,0,0.09159716232597981
14685,0,0.05744815600329916
14686,0,0.0015015015015015015
14687,0,0.02417240119320387
14688,1,0.7984302763839417
14689,1,0.8546433958198664
14690,1,0.6229482864460956
14691,1,0.6614115325979731
14692,1,0.7004352889152701
14693,0,0.03929453262786596
14694,1,0.42406202295329765
14695,0,0.3453540935911032
14696,0,0.2723755051000519
14697,0,0.15867327117327115
14698,1,0.7731218644958361
14699,0,0.0015015015015015015
14700,0,0.12209920229583147
14701,1,0.6052469917372424
14702,1,0.47393033029067994
14703,0,0.43240892953494287
14704,0,0.0062555853440571935
14705,1,0.7268945818314344
14706,0,0.03423548368603314
14707,0,0.27615263011604474
14708,0,0.0015015015015015015
14709,0,0.5485907273648701
14710,0,0.011173095142617032
14711,0,0.166624086461043
14712,1,0.6424929624598908
14713,1,0.7435571769224275
14714,1,0.4581468058212244
14715,1,0.6489007068477267
14716,0,0.09301741618814789
14717,1,0.5333082505506228
14718,1,0.45637761767889806
14719,0,0.1363427455148513
14720,0,0.12368509489988362
14721,0,0.031234498004129276
14722,1,0.6282879584243785
14723,0,0.45589983365553205
14724,1,0.44809816045281164
14725,0,0.0015015015015015015
14726,0,0.10203449784573858
14727,0,0.06573461932431662
14728,1,0.6958766854324753
14729,0,0.024481947622679887
14730,0,0.22589034581654507
14731,0,0.0062555853440571935
14732,1,0.6269263482052359
14733,0,0.3438383318348399
14734,0,0.0062555853440571935
14735,0,0.25734801013682224
14736,1,0.6367420460488497
14737,0,0.0022988505747126436
14738,1,0.42304140684694386
14739,0,0.024739294617240153
14740,1,0.3191509782207456
14741,0,0.05744815600329916
14742,1,0.5485907273648701
14743,0,0.15255228558546766
14744,1,0.4346093993152816
14745,0,0.5477687759172419
14746,1,0.7062452106034147
14747,0,0.09546479942821406
14748,0,0.02846301904217412
14749,0,0.0015015015015015015
14750,0,0.02450628427282957
14751,0,0.058383670680418644
14752,0,0.024278911048447
14753,0,0.05330336387330662
14754,0,0.3947075381423553
14755,0,0.0007246376811594203
14756,0,0.11697672332307966
14757,1,0.8227514941254658
14758,0,0.103151788365203
14759,0,0.007259318845818979
14760,0,0.027007724940055766
14761,1,0.6080985866244769
14762,0,0.4674586133651146
14763,0,0.14449520266651314
14764,0,0.002226139182660922
14765,1,0.7316043149695656
14766,1,0.731000652374624
14767,0,0.37166998336215057
14768,0,0.48678922516315754
14769,0,0.1995122261682005
14770,0,0.0022988505747126436
14771,1,0.7373152938055445
14772,0,0.47359349906713627
14773,1,0.5637919865195763
14774,0,0.10020905084457127
14775,1,0.6240717881387454
14776,0,0.0
14777,0,0.012273320987322976
14778,0,0.02370893519961843
14779,1,0.3448484848484849
14780,0,0.002226139182660922
14781,0,0.0436230949064809
14782,0,0.02846301904217412
14783,0,0.0801539528673675
14784,1,0.5538113245352306
14785,0,0.030214904131791842
14786,0,0.09766938496613294
14787,1,0.45853719629289474
14788,0,0.5134667604227213
14789,0,0.4373351753262799
14790,0,0.507186447067694
14791,1,0.637139063200943
14792,0,0.21478173727963468
14793,0,0.16277205948928378
14794,0,0.02218979631260333
14795,0,0.10191481271293477
14796,0,0.2505536535529205
14797,1,0.46258107167285517
14798,0,0.08910934744268077
14799,1,0.24333296726246675
14800,0,0.296697463922395
14801,0,0.014404315209144184
14802,0,0.33889275584066486
14803,1,0.4915548513634769
14804,1,0.7114540335725322
14805,0,0.11087962962962965
14806,0,0.5495818522143802
14807,0,0.01180177455132083
14808,1,0.5700671696049201
14809,1,0.5934096209899712
14810,0,0.30081111145982625
14811,0,0.12547305732466707
14812,0,0.037195317546634035
14813,1,0.3340570352434759
14814,0,0.17292593891765543
14815,0,0.041673662527537216
14816,0,0.22295931393027893
14817,1,0.5707880813143972
14818,0,0.012273320987322976
14819,0,0.3720764372773231
14820,0,0.013564007663386548
14821,1,0.3947075381423553
14822,0,0.40341546861635447
14823,0,0.6479575099586036
14824,0,0.0
14825,0,0.10516728292951899
14826,0,0.4661536748720086
14827,0,0.14264032883279745
14828,0,0.3674371791293463
14829,1,0.4143781737163321
14830,0,0.0015015015015015015
14831,1,0.37679927515420525
14832,1,0.48552964710105023
14833,0,0.0015015015015015015
14834,1,0.5620488001613229
14835,1,0.6058377651445688
14836,0,0.02417240119320387
14837,0,0.0022988505747126436
14838,0,0.5795077260656024
14839,0,0.017698673225461
14840,1,0.5374270656879353
14841,1,0.48997399025108335
14842,0,0.5056941538351486
14843,0,0.4849621594754579
14844,0,0.007216360373272483
14845,1,0.5873385012919896
14846,0,0.019501079733300345
14847,0,0.12737384630204965
14848,1,0.5630155725759457
14849,0,0.002226139182660922
14850,0,0.006980223025216614
14851,0,0.21344509499471656
14852,1,0.6635467527370434
14853,0,0.289494301994302
14854,0,0.376730130815398
14855,0,0.14286241321492563
14856,0,0.035560804224643035
14857,0,0.002226139182660922
14858,0,0.36367920498048534
14859,0,0.00306644672841856
14860,1,0.5701577447605182
14861,0,0.0207825598478956
14862,1,0.5432837822652848
14863,1,0.8331394696297204
14864,0,0.03442383858467888
14865,0,0.24340511860174777
14866,0,0.26769554726697936
14867,0,0.5098848860048234
14868,0,0.2537705425334422
14869,1,0.6690710355495919
14870,0,0.05315753815432891
14871,0,0.3912836901996495
14872,0,0.21344509499471656
14873,0,0.0015015015015015015
14874,0,0.2147206857831678
14875,0,0.0015015015015015015
14876,0,0.2663069229107806
14877,0,0.02417240119320387
14878,1,0.405010910211796
14879,0,0.009841035977030099
14880,0,0.41401061069434225
14881,1,0.5627957314003825
14882,0,0.04705215419501133
14883,0,0.665748655381698
14884,0,0.045812245993405415
14885,0,0.4229653607210591
14886,1,0.4904012905827788
14887,0,0.04731018670593217
14888,0,0.20872482888624677
14889,1,0.4150181173386786
14890,0,0.3945998997733629
14891,0,0.4903352190549422
14892,0,0.07825319764556435
14893,0,0.002226139182660922
14894,0,0.08291158529454017
14895,0,0.05224823697730102
14896,1,0.4781898547860363
14897,0,0.001564945226917058
14898,0,0.4081573610438092
14899,0,0.04809523122325976
14900,0,0.33889275584066486
14901,1,0.4824127535991943
14902,0,0.003023488255872064
14903,0,0.525450277093596
14904,1,0.595580129530109
14905,0,0.3658683828249046
14906,0,0.13623535516355853
14907,1,0.5899106586926847
14908,0,0.0877876003169985
14909,0,0.0062555853440571935
14910,0,0.0015015015015015015
14911,0,0.5165888130315008
14912,0,0.07170540516503592
14913,0,0.4806170401877294
14914,0,0.12315414879517443
14915,0,0.013564007663386548
14916,0,0.0007246376811594203
14917,0,0.029440993788819873
14918,0,0.4824351417953949
14919,0,0.034129367462700795
14920,0,0.02846301904217412
14921,0,0.15467697399634892
14922,0,0.005757817344317478
14923,0,0.03370554059463159
14924,0,0.4888807831248802
14925,0,0.03875014918248001
14926,0,0.0015015015015015015
14927,0,0.14957702704181577
14928,0,0.002226139182660922
14929,0,0.0015015015015015015
14930,0,0.31118362786807424
14931,0,0.0062555853440571935
14932,0,0.0015015015015015015
14933,1,0.6587987769805951
14934,1,0.6813892660813562
14935,0,0.05028438231018426
14936,0,0.04654480135249366
14937,0,0.013564007663386548
14938,1,0.6827917780838938
14939,1,0.7338549560990263
14940,0,0.07907970660081354
14941,0,0.42414211700823773
14942,0,0.36924698917318843
14943,0,0.32036124794745485
14944,1,0.39864158144319006
14945,0,0.07907970660081354
14946,0,0.28348943635555707
14947,1,0.6433228033289995
14948,1,0.4801568084861063
14949,1,0.5619550984453491
14950,0,0.4185516049467717
14951,0,0.0015015015015015015
14952,0,0.0015015015015015015
14953,0,0.0015015015015015015
14954,0,0.7425941081229904
14955,0,0.05467498188461264
14956,1,0.8740289548022598
14957,0,0.049823633156966494
14958,1,0.36267477825208977
14959,1,0.3992364965671336
14960,1,0.4548052516209844
14961,0,0.024739294617240153
14962,0,0.4035128345473173
14963,0,0.440930769282079
14964,1,0.8345639710542218
14965,0,0.038832911565132175
14966,0,0.002226139182660922
14967,0,0.5115000632303534
14968,0,0.03181124126179071
14969,0,0.006980223025216614
14970,1,0.2835542655388283
14971,0,0.18014662520810917
14972,0,0.05008166566788732
14973,0,0.15751281219321453
14974,1,0.7459885296527383
14975,0,0.29117503768351544
14976,1,0.7863235503339623
14977,1,0.8213269927009644
14978,0,0.33889275584066486
14979,0,0.002226139182660922
14980,0,0.20375929173118412
14981,0,0.6708657196462076
14982,0,0.18014662520810917
14983,0,0.7068016165827383
14984,0,0.2752053383810661
14985,1,0.5741880631695658
14986,1,0.22490707190509696
14987,0,0.0717253425586759
14988,0,0.5937127301011148
14989,1,0.4927351540496308
14990,1,0.6431482704546485
14991,0,0.4255497329509104
14992,0,0.002226139182660922
14993,0,0.6345733790400993
14994,0,0.6204897797965835
14995,1,0.36267477825208977
14996,1,0.6436404295520317
14997,0,0.26123657931800465
14998,0,0.25801969033748284
14999,0,0.5916327611090564
15000,1,0.6976415323336224
15001,0,0.6058603152251997
15002,0,0.3437956578809251
15003,1,0.8566587812005024
15004,0,0.008080448869922553
15005,0,0.012273320987322976
15006,0,0.2212980102685985
15007,0,0.33609814779031505
15008,1,0.7435571769224275
15009,0,0.02846301904217412
15010,0,0.2644260505953476
15011,1,0.6053609808327342
15012,0,0.008080448869922553
15013,1,0.3769818430081322
15014,0,0.13598256429584163
15015,0,0.3724885409664201
15016,0,0.5528201996857205
15017,0,0.014971208633180464
15018,0,0.412380754701316
15019,0,0.002226139182660922
15020,0,0.0015015015015015015
15021,1,0.3824619296047868
15022,0,0.001564945226917058
15023,0,0.24957878966499658
15024,1,0.6236015922062434
15025,0,0.6758431285322516
15026,1,0.6952472528841455
15027,0,0.2475321027287319
15028,0,0.011584176465226506
15029,0,0.06171757567778106
15030,0,0.08644088067107225
15031,0,0.01115558850177086
15032,0,0.07737052933421036
15033,1,0.35810000876299125
15034,1,0.361846240793789
15035,1,0.5833962512620167
15036,0,0.035895770668125056
15037,0,0.13179690494589533
15038,0,0.17038713480844528
15039,0,0.4030433443606632
15040,0,0.0015015015015015015
15041,0,0.03894729609015323
15042,0,0.4915548513634769
15043,0,0.01998521077468446
15044,0,0.0
15045,0,0.3755423453031108
15046,1,0.4304112513364638
15047,0,0.11017882156843546
15048,0,0.06260912352866375
15049,0,0.011173095142617032
15050,1,0.7242397125615652
15051,0,0.00306644672841856
15052,0,0.2434334976149504
15053,0,0.21075382453250005
15054,0,0.2704492104139991
15055,0,0.030021333875701467
15056,0,0.04445580819157722
15057,0,0.1194396671530818
15058,1,0.4471847029812
15059,1,0.5559787431126428
15060,1,0.7057176281194811
15061,0,0.44590751300116854
15062,1,0.5741880631695658
15063,0,0.6325174307452288
15064,0,0.013564007663386548
15065,0,0.039332477057510654
15066,0,0.549816836124402
15067,1,0.8575986326734083
15068,0,0.032378134685826995
15069,0,0.23274734524734522
15070,0,0.013564007663386548
15071,0,0.0353097299525871
15072,0,0.04343474000783517
15073,0,0.4552112271833353
15074,0,0.18027125055408663
15075,1,0.8359933120535036
15076,0,0.024739294617240153
15077,0,0.052240023353252285
15078,1,0.667392559424099
15079,0,0.37493034823913796
15080,0,0.174984311554079
15081,0,0.5874621014525632
15082,0,0.07001958069031239
15083,0,0.28381714643997485
15084,0,0.17259113421596675
15085,1,0.3191509782207456
15086,0,0.33977908708957827
15087,0,0.0015015015015015015
15088,1,0.7731218644958361
15089,1,0.5954474458911849
15090,1,0.667914963712018
15091,0,0.33162941301974175
15092,0,0.0051501157908480566
15093,1,0.41183181737168967
15094,0,0.012273320987322976
15095,1,0.6016923622186781
15096,0,0.11929312446328151
15097,0,0.3078173683939169
15098,0,0.037195317546634035
15099,1,0.5066570425686447
15100,0,0.0022988505747126436
15101,0,0.21782107301770218
15102,1,0.5593208008739677
15103,0,0.002226139182660922
15104,0,0.0062555853440571935
15105,0,0.09299619947852318
15106,0,0.25819662077354605
15107,0,0.4252727939219556
15108,1,0.6149716729186928
15109,0,0.049823633156966494
15110,0,0.031234498004129276
15111,0,0.0051501157908480566
15112,1,0.7459885296527383
15113,0,0.4371807305481874
15114,0,0.0015015015015015015
15115,0,0.08862433862433862
15116,0,0.02417240119320387
15117,0,0.006419011300061342
15118,0,0.4954773522179994
15119,0,0.19348829708636642
15120,0,0.025329409842409997
15121,0,0.2835791426489101
15122,1,0.6951940816843324
15123,1,0.572765411552597
15124,0,0.29479775032006295
15125,1,0.4957843236843273
15126,0,0.4180846820477502
15127,0,0.2622461248689533
15128,0,0.21670260080856107
15129,0,0.08824525745257451
15130,0,0.33609814779031505
15131,0,0.019158399051699877
15132,0,0.36873971738563976
15133,1,0.6695204771971685
15134,1,0.39864158144319006
15135,0,0.490447431651406
15136,0,0.5176470157880105
15137,0,0.28381714643997485
15138,0,0.012013402688374671
15139,0,0.033782738837615366
15140,0,0.502353981432075
15141,0,0.3299462042217807
15142,0,0.0015015015015015015
15143,0,0.2514801760084779
15144,0,0.31042186958702384
15145,0,0.3939716017799058
15146,0,0.3939907440162933
15147,0,0.006980223025216614
15148,0,0.08976397136335025
15149,0,0.06038529690030628
15150,1,0.6205336846101422
15151,1,0.68776774083328
15152,1,0.6641457715391087
15153,0,0.3718963731139451
15154,0,0.14449520266651314
15155,0,0.17038713480844528
15156,1,0.31271423541086457
15157,0,0.5700671696049201
15158,0,0.006419011300061342
15159,0,0.0015015015015015015
15160,0,0.013070670060534117
15161,0,0.195788813339809
15162,0,0.3028195142091281
15163,0,0.45589983365553205
15164,0,0.10468186748148901
15165,0,0.008080448869922553
15166,0,0.02417240119320387
15167,1,0.7057176281194811
15168,1,0.53786397417154
15169,0,0.16004562143523532
15170,0,0.36474051316595313
15171,0,0.0
15172,0,0.12923444839042272
15173,1,0.27367317665232266
15174,0,0.06038529690030628
15175,0,0.5509906872890169
15176,0,0.017027404829878665
15177,0,0.389520894186742
15178,1,0.6658558317740355
15179,1,0.5822665877661998
15180,0,0.02218979631260333
15181,0,0.006980223025216614
15182,0,0.4346992653810835
15183,0,0.2526808902955692
15184,0,0.15638232393269508
15185,0,0.38061108480804223
15186,0,0.017027404829878665
15187,0,0.12427156177156178
15188,0,0.3307760398070711
15189,0,0.002226139182660922
15190,0,0.002226139182660922
15191,0,0.47967130728598617
15192,1,0.5700671696049201
15193,0,0.21117632367632366
15194,0,0.12767531764010637
15195,0,0.185932806094224
15196,0,0.027354961477768492
15197,0,0.17701419285981237
15198,1,0.3373040954653213
15199,0,0.00306644672841856
15200,0,0.41153731378915204
15201,1,0.6865213009210344
15202,0,0.39023526016145943
15203,0,0.011173095142617032
15204,1,0.5152815210167073
15205,0,0.3720764372773231
15206,1,0.7960439684458214
15207,0,0.31118362786807424
15208,0,0.047634482070041985
15209,0,0.2786424254450149
15210,0,0.09608960532952983
15211,0,0.15811017913759462
15212,0,0.0015015015015015015
15213,1,0.4606111397866173
15214,0,0.51325986784166
15215,0,0.12767531764010637
15216,0,0.07048032984353016
15217,1,0.7781390969211229
15218,0,0.5362570927473435
15219,0,0.30973000537661227
15220,0,0.02370893519961843
15221,1,0.5760870051567726
15222,1,0.7397298956414978
15223,1,0.43029341151149286
15224,0,0.23996803153779897
15225,1,0.2596846880560512
15226,1,0.3709871298189114
15227,0,0.3720764372773231
15228,0,0.002226139182660922
15229,0,0.2239232870990148
15230,0,0.18516431559831847
15231,0,0.4102973151824542
15232,1,0.7540974742519336
15233,1,0.7435571769224275
15234,0,0.0015015015015015015
15235,1,0.6451185799505311
15236,0,0.4765269851476748
15237,0,0.002226139182660922
15238,1,0.5974677469150572
15239,0,0.002226139182660922
15240,0,0.22815911713493797
15241,0,0.07001958069031239
15242,0,0.0007246376811594203
15243,0,0.10468186748148901
15244,0,0.002226139182660922
15245,0,0.046560235803488025
15246,1,0.6976415323336224
15247,1,0.7109388458225667
15248,1,0.457442614258347
15249,0,0.2505536535529205
15250,0,0.3147276443942862
15251,0,0.0015015015015015015
15252,1,0.512926654899058
15253,0,0.0015015015015015015
15254,0,0.04904804542173358
15255,1,0.6957216641682661
15256,1,0.7666539987997373
15257,0,0.6324653386732282
15258,0,0.23850063050814788
15259,0,0.4929814430321815
15260,0,0.11034342302162638
15261,0,0.3446952032615551
15262,0,0.03570663432090813
15263,0,0.09242137847907078
15264,0,0.002226139182660922
15265,1,0.5865478612724498
15266,0,0.030491801325134658
15267,0,0.03946286832549401
15268,1,0.43796378827575655
15269,0,0.4728357482561322
15270,1,0.7173110838678474
15271,0,0.43981809318555004
15272,0,0.0652721971934833
15273,0,0.11593289339768213
15274,1,0.7229245565887653
15275,0,0.23791868656460902
15276,1,0.3718272287751378
15277,1,0.6804900770483936
15278,0,0.396502849002849
15279,1,0.8716010080912588
15280,0,0.6623992856449026
15281,1,0.7173110838678474
15282,0,0.17292593891765543
15283,0,0.6134409484293257
15284,0,0.0015015015015015015
15285,0,0.22284025713034147
15286,0,0.0022988505747126436
15287,0,0.1799802502366142
15288,0,0.018593833067517277
15289,0,0.0015015015015015015
15290,1,0.4537599772077765
15291,1,0.47393033029067994
15292,1,0.6996873496873497
15293,1,0.6670304890097755
15294,0,0.055177164250259404
15295,1,0.6976086835202858
15296,0,0.4915548513634769
15297,0,0.0015015015015015015
15298,0,0.0
15299,1,0.7940010643686563
15300,1,0.6745447104563126
15301,0,0.006419011300061342
15302,0,0.0007246376811594203
15303,0,0.047619047619047616
15304,0,0.07205466449713312
15305,0,0.027007724940055766
15306,0,0.12941450007273936
15307,0,0.5571407858489198
15308,0,0.04846719535513829
15309,0,0.002226139182660922
15310,1,0.7557813733438872
15311,0,0.3161906665525462
15312,1,0.4987730228255843
15313,1,0.6681527322291898
15314,0,0.362949821495061
15315,0,0.014404315209144184
15316,1,0.6398719528327917
15317,0,0.49997893856836656
15318,1,0.6929358329401979
15319,0,0.28103721914523655
15320,1,0.589748963025683
15321,0,0.012371066718892806
15322,0,0.6058377651445688
15323,0,0.15501029689037865
15324,0,0.578409417298632
15325,0,0.10635908806640514
15326,0,0.0022988505747126436
15327,0,0.021153415252794138
15328,0,0.10268103453264427
15329,0,0.4304112513364638
15330,1,0.5230664405547817
15331,0,0.01575850932066538
15332,0,0.41811846689895465
15333,0,0.002226139182660922
15334,0,0.6562137049941928
15335,0,0.015201664282355325
15336,1,0.38068022914684946
15337,0,0.45035646320334033
15338,0,0.0015015015015015015
15339,0,0.3016409470451166
15340,0,0.46257783697898525
15341,0,0.7145650691730744
15342,0,0.055612191718463495
15343,1,0.41043033497856724
15344,0,0.029440993788819873
15345,1,0.8295845103578156
15346,0,0.0
15347,1,0.6167639853686365
15348,0,0.3299462042217807
15349,0,0.08857314083467753
15350,0,0.27468072717862463
15351,0,0.6104404415603789
15352,0,0.26798465209061234
15353,0,0.5435416277694798
15354,0,0.00306644672841856
15355,0,0.03423548368603314
15356,0,0.4149002775137076
15357,1,0.7031378196945832
15358,0,0.5685359392317467
15359,0,0.18481273228245546
15360,1,0.6705936611773322
15361,0,0.10230099502487562
15362,0,0.1453315992950139
15363,1,0.6924451259838863
15364,0,0.2927873563218391
15365,1,0.657999163919503
15366,1,0.6976415323336224
15367,0,0.4601293059763825
15368,0,0.029779203902010918
15369,1,0.7511721735740265
15370,1,0.5450121252204586
15371,0,0.1669295786758294
15372,0,0.08070699975662128
15373,1,0.5453910515031487
15374,0,0.3640029526521143
15375,1,0.7545922079225308
15376,0,0.31908943018279495
15377,1,0.5596408752008933
15378,1,0.4955054081263808
15379,0,0.02450628427282957
15380,1,0.7102634005511197
15381,0,0.44751194435521663
15382,0,0.5287861227601552
15383,1,0.560812549599735
15384,0,0.3898577254102857
15385,0,0.05884441983363642
15386,0,0.12061751994365133
15387,1,0.34455539473899327
15388,1,0.7301618575368743
15389,1,0.8129293389895306
15390,0,0.376730130815398
15391,0,0.004917509798559839
15392,0,0.0
15393,1,0.8441022566526989
15394,0,0.4046876384327327
15395,1,0.5756146548382705
15396,0,0.01400841888946893
15397,0,0.06192029232007801
15398,0,0.4927809601230087
15399,1,0.5292957104501804
15400,0,0.4150181173386786
15401,0,0.32501843190115287
15402,0,0.07907970660081354
15403,0,0.3586258603148364
15404,1,0.4456495508942819
15405,0,0.0015015015015015015
15406,1,0.6482313107012385
15407,1,0.26756237116044046
15408,1,0.3933873832678148
15409,0,0.07048032984353016
15410,0,0.09764512530100855
15411,1,0.61364522417154
15412,0,0.008080448869922553
15413,0,0.3617039208690751
15414,1,0.7544065850517464
15415,0,0.058383670680418644
15416,0,0.22816508362061916
15417,0,0.005947464864059199
15418,0,0.5257050672658657
15419,0,0.009904199633403749
15420,0,0.2595604434767958
15421,0,0.017027404829878665
15422,0,0.11372732045297114
15423,1,0.6624387620283653
15424,1,0.7338634946092846
15425,0,0.017027404829878665
15426,1,0.47910380747126435
15427,1,0.6294354255165193
15428,0,0.014833985123840196
15429,0,0.5031212286879052
15430,0,0.09741699014087073
15431,0,0.1040971623259798
15432,0,0.008080448869922553
15433,0,0.08750490151126548
15434,0,0.2549667191291232
15435,0,0.10604588500929964
15436,0,0.038579790165052766
15437,0,0.0062555853440571935
15438,0,0.007216360373272483
15439,0,0.0007246376811594203
15440,0,0.1109867971792658
15441,0,0.12368509489988362
15442,1,0.5469923226316972
15443,1,0.47393033029067994
15444,0,0.3774958620440943
15445,1,0.6240717881387454
15446,0,0.06192029232007801
15447,1,0.4981050144784069
15448,1,0.718290903561642
15449,0,0.5012453866470764
15450,0,0.11142698510318438
15451,1,0.4838429340991422
15452,1,0.6814733391500306
15453,0,0.5937000123046635
15454,0,0.0324744062057352
15455,0,0.11052604802604803
15456,0,0.21839700996677738
15457,0,0.26205868783993785
15458,1,0.6310572310452909
15459,1,0.7883016985471393
15460,1,0.560812549599735
15461,0,0.30933897777044733
15462,1,0.6310232354111945
15463,0,0.46257783697898525
15464,0,0.012273320987322976
15465,1,0.43069221868872676
15466,1,0.4281240003901714
15467,0,0.02370893519961843
15468,0,0.08291158529454017
15469,1,0.7045701610273403
15470,0,0.48762237762237765
15471,1,0.45035646320334033
15472,1,0.4957843236843273
15473,0,0.42304140684694386
15474,1,0.4880483857228044
15475,0,0.04166745386341288
15476,0,0.296697463922395
15477,1,0.6448181418347083
15478,1,0.6280224618315506
15479,0,0.37166998336215057
15480,0,0.019418317350648178
15481,0,0.2475968746396033
15482,1,0.5707880813143972
15483,0,0.0015015015015015015
15484,0,0.11326657129975337
15485,0,0.0
15486,0,0.446085352686512
15487,0,0.5616883116883117
15488,0,0.5085563873475368
15489,0,0.022398278560250392
15490,1,0.6705936611773322
15491,0,0.05884441983363642
15492,0,0.03196705336321752
15493,1,0.661972505223557
15494,0,0.041206704710195115
15495,1,0.4581468058212244
15496,0,0.13283159929501392
15497,0,0.14868530903869445
15498,1,0.5157295355512037
15499,0,0.2537705425334422
15500,0,0.20923855532551183
15501,0,0.03293515535895297
15502,0,0.0022988505747126436
15503,1,0.5481552605456755
15504,0,0.30713503919337043
15505,0,0.38706311735993576
15506,0,0.29053169157348047
15507,0,0.029779203902010918
15508,1,0.8559147335814549
15509,0,0.011173095142617032
15510,0,0.3957595821547489
15511,1,0.7061423761423762
15512,0,0.3947606274505458
15513,0,0.12201376209996899
15514,1,0.7226119984740674
15515,0,0.3265554669673574
15516,0,0.405010910211796
15517,0,0.09774387999676831
15518,0,0.09164901332111912
15519,0,0.5417836735865852
15520,0,0.33697129385401486
15521,1,0.5801178150015359
15522,0,0.2751912142622448
15523,0,0.02417240119320387
15524,1,0.8153440867180585
15525,1,0.7508112287648941
15526,0,0.10238095238095239
15527,0,0.022987145385814468
15528,0,0.25801969033748284
15529,0,0.03174989955156358
15530,0,0.019418317350648178
15531,0,0.108603232876735
15532,1,0.5463546715868698
15533,0,0.21782107301770218
15534,0,0.026646076096625546
15535,0,0.03164557932673875
15536,0,0.11034342302162638
15537,0,0.021153415252794138
15538,1,0.7841711690548899
15539,0,0.20434885086326116
15540,0,0.0
15541,1,0.41043033497856724
15542,0,0.0015015015015015015
15543,1,0.5502125328936417
15544,1,0.6708657196462076
15545,1,0.7229245565887653
15546,0,0.006877368940391328
15547,0,0.03663496386201646
15548,1,0.5747354497354497
15549,0,0.34272956638521324
15550,0,0.3790156432126006
15551,1,0.3617039208690751
15552,0,0.0
15553,0,0.021993722798551774
15554,1,0.4371807305481874
15555,0,0.11743883420423705
15556,0,0.0015015015015015015
15557,0,0.36076450578169617
15558,0,0.008080448869922553
15559,0,0.0
15560,0,0.42263543128459297
15561,1,0.6251673376372655
15562,0,0.18374818780498292
15563,1,0.2656818181818182
15564,1,0.7841711690548899
15565,0,0.32365670333710855
15566,0,0.2604162711045099
15567,0,0.006578947368421052
15568,0,0.47616171736569163
15569,0,0.22521023186620617
15570,1,0.6231661253870487
15571,1,0.6623992856449026
15572,0,0.6095688553170339
15573,0,0.3241733474999195
15574,1,0.6926142732594346
15575,1,0.7849343414245921
15576,0,0.5134667604227213
15577,0,0.0015015015015015015
15578,0,0.41777525479113126
15579,0,0.5176962327435718
15580,1,0.6310232354111945
15581,0,0.034582720223745866
15582,0,0.01529504332707994
15583,0,0.36288067715625366
15584,0,0.1953316462299972
15585,0,0.037006962647988285
15586,0,0.22197337193605807
15587,1,0.4058168345909774
15588,1,0.6543207610482688
15589,1,0.8559147335814549
15590,1,0.5072271104500555
15591,1,0.8213269927009644
15592,1,0.4982346616110525
15593,0,0.06665562594914992
15594,0,0.08620417239664102
15595,0,0.0062555853440571935
15596,0,0.42304140684694386
15597,0,0.006578947368421052
15598,0,0.4088999511517894
15599,1,0.5883667963138162
15600,0,0.08597482239497946
15601,0,0.017027404829878665
15602,0,0.3296319368568679
15603,0,0.26756237116044046
15604,1,0.32956883669522763
15605,1,0.6282879584243785
15606,0,0.011173095142617032
15607,1,0.4911740786988122
15608,0,0.5457227309934695
15609,1,0.7062452106034147
15610,0,0.009904199633403749
15611,1,0.5176962327435718
15612,0,0.002226139182660922
15613,0,0.13623535516355853
15614,0,0.0015015015015015015
15615,1,0.7293091836673877
15616,0,0.48574894196827206
15617,1,0.6756486754651841
15618,0,0.008877797943133696
15619,0,0.03499073200871516
15620,1,0.7759119613958324
15621,0,0.10074525745257452
15622,1,0.5974677469150572
15623,0,0.002226139182660922
15624,1,0.5861146542311657
15625,1,0.6532275245497264
15626,1,0.731000652374624
15627,1,0.4915548513634769
15628,0,0.038081208914542246
15629,0,0.4451602416029294
15630,0,0.008080448869922553
15631,0,0.12171229076191227
15632,0,0.26756237116044046
15633,1,0.4187490066198937
15634,0,0.07650283321015028
15635,0,0.37312940470835204
15636,0,0.2558710393781973
15637,1,0.5210275376185757
15638,0,0.0015015015015015015
15639,0,0.0759760298923791
15640,0,0.20928171797006367
15641,0,0.6240717881387454
15642,1,0.764609209870093
15643,1,0.7288144499967908
15644,0,0.3109344193658889
15645,0,0.02846301904217412
15646,1,0.725251277829234
15647,1,0.6560309273075231
15648,0,0.17954403983815748
15649,1,0.7871634575310494
15650,0,0.03140015993918124
15651,0,0.1811574074074074
15652,0,0.18940974334512028
15653,0,0.185932806094224
15654,0,0.4947476573153767
15655,0,0.12553962152572437
15656,0,0.4412002297310802
15657,0,0.14286241321492563
15658,0,0.1453315992950139
15659,0,0.3546925319178728
15660,0,0.04152162814443516
15661,0,0.001564945226917058
15662,0,0.0015015015015015015
15663,1,0.5056941538351486
15664,0,0.2310696160675135
15665,0,0.10226270118285825
15666,0,0.0
15667,0,0.017916815849146676
15668,1,0.567523299510122
15669,0,0.015201664282355325
15670,1,0.6625918485034507
15671,0,0.22506036723103828
15672,0,0.3229009304871374
15673,1,0.6600701147421836
15674,1,0.4955051788157124
15675,0,0.0015015015015015015
15676,0,0.20051247771836003
15677,0,0.3403187206300287
15678,0,0.457442614258347
15679,1,0.6069852880197707
15680,0,0.0015015015015015015
15681,0,0.0
15682,0,0.4950245739745534
15683,0,0.212028967201381
15684,0,0.21344509499471656
15685,0,0.05790979251743839
15686,0,0.0051501157908480566
15687,1,0.7293091836673877
15688,1,0.5334119722895978
15689,0,0.02218979631260333
15690,0,0.017027404829878665
15691,1,0.6998277347114557
15692,1,0.7288144499967908
15693,0,0.19775478986803555
15694,0,0.16152562594693642
15695,0,0.03013322073570863
15696,1,0.33915639973294825
15697,1,0.858342680292456
15698,1,0.6857772533019868
15699,0,0.037195317546634035
15700,0,0.012273320987322976
15701,0,0.008080448869922553
15702,0,0.011173095142617032
15703,0,0.03345238095238095
15704,0,0.031234498004129276
15705,1,0.6080985866244769
15706,0,0.011173095142617032
15707,0,0.026646076096625546
15708,0,0.4843008404207778
15709,0,0.33697129385401486
15710,0,0.027354961477768492
15711,0,0.3660918970993987
15712,1,0.3813099809686354
15713,1,0.6866435746143531
15714,0,0.12368509489988362
15715,0,0.050718157861015
15716,0,0.2097430723659008
15717,1,0.2752053383810661
15718,1,0.5389848270973499
15719,1,0.6297858932837024
15720,0,0.14749536117156045
15721,0,0.08779467277252213
15722,0,0.006491722692113063
15723,0,0.032895839495218376
15724,1,0.5562305087766194
15725,1,0.7045701610273403
15726,0,0.362148597437695
15727,1,0.7554448817920174
15728,0,0.20434885086326116
15729,0,0.011004425478109689
15730,0,0.026591150677650815
15731,1,0.6463493722078817
15732,0,0.009815546772068511
15733,0,0.0015015015015015015
15734,0,0.251076464835576
15735,0,0.16801864587460616
15736,1,0.6193961405825812
15737,0,0.02370893519961843
15738,1,0.6814733391500306
15739,1,0.5415888130315009
15740,0,0.4707601456858022
15741,1,0.6705936611773322
15742,0,0.22295931393027893
15743,0,0.4043632604245413
15744,0,0.014404315209144184
15745,0,0.07009662798594501
15746,0,0.09066122267262094
15747,0,0.1563159063159063
15748,0,0.21608272012978735
15749,1,0.858342680292456
15750,0,0.10191481271293477
15751,0,0.0007246376811594203
15752,0,0.02417240119320387
15753,0,0.3670077444725332
15754,0,0.3418564168094467
15755,0,0.012424484010984144
15756,1,0.7557813733438872
15757,1,0.8428309188911104
15758,1,0.4606111397866173
15759,0,0.0015015015015015015
15760,0,0.008080448869922553
15761,1,0.36905028665328293
15762,0,0.30374696973868626
15763,0,0.0015015015015015015
15764,0,0.0007246376811594203
15765,0,0.024153346425700814
15766,1,0.5890221043085738
15767,1,0.43981809318555004
15768,0,0.18241666414685573
15769,0,0.2475968746396033
15770,0,0.1258517196625568
15771,0,0.002226139182660922
15772,0,0.36280531319568404
15773,0,0.010655854317826148
15774,0,0.006980223025216614
15775,0,0.13024580931557675
15776,0,0.1669295786758294
15777,1,0.43511184460266566
15778,0,0.3389532088794081
15779,0,0.30374696973868626
15780,0,0.21344509499471656
15781,0,0.04152162814443516
15782,1,0.6433228033289995
15783,0,0.02452126348641448
15784,0,0.08070699975662128
15785,0,0.26756237116044046
15786,1,0.7737670257861587
15787,0,0.031605152819154804
15788,1,0.6773847341122418
15789,1,0.5827409432672591
15790,1,0.6129114488037718
15791,1,0.5115000632303534
15792,0,0.3660918970993987
15793,0,0.08598745778098175
15794,1,0.5265907003143679
15795,1,0.41664832683329706
15796,0,0.572765411552597
15797,0,0.14851710177663438
15798,1,0.5283270724529915
15799,1,0.41489981521178354
15800,1,0.5347348422193274
15801,0,0.45731549334705385
15802,0,0.40341546861635447
15803,1,0.4304112513364638
15804,0,0.014404315209144184
15805,0,0.10020905084457127
15806,0,0.08580166187272238
15807,0,0.5033810304223878
15808,1,0.5537642045454546
15809,0,0.14345604145401225
15810,0,0.024583482515813344
15811,1,0.6623992856449026
15812,1,0.7019494407320149
15813,1,0.719047790421762
15814,1,0.6814733391500306
15815,0,0.014404315209144184
15816,0,0.002226139182660922
15817,0,0.3505054157063015
15818,0,0.2475968746396033
15819,1,0.37402000259284046
15820,1,0.8566587812005024
15821,1,0.562360264581188
15822,0,0.056509443027734196
15823,1,0.5712563061400271
15824,0,0.01823218422408706
15825,0,0.006980223025216614
15826,0,0.0015015015015015015
15827,0,0.014404315209144184
15828,0,0.0015015015015015015
15829,0,0.006419011300061342
15830,0,0.06353003378639775
15831,0,0.03288548752834467
15832,0,0.11238340710635435
15833,0,0.007259318845818979
15834,0,0.04304076703145027
15835,0,0.1092551841361923
15836,0,0.016382453882453882
15837,0,0.02417240119320387
15838,0,0.2193160952432052
15839,0,0.012273320987322976
15840,0,0.1511361577921321
15841,0,0.5408673377328586
15842,1,0.4796286472148541
15843,0,0.5176962327435718
15844,0,0.14543898964630672
15845,0,0.44066592791974085
15846,1,0.6393024637675929
15847,0,0.251975349892296
15848,1,0.5366641363032703
15849,0,0.35183352636182824
15850,1,0.48879064232095004
15851,0,0.4452536530619571
15852,0,0.4265428513884244
15853,1,0.5168720843968179
15854,0,0.14307336182336183
15855,0,0.016563938836293226
15856,1,0.7737670257861587
15857,0,0.14633935046582194
15858,0,0.4395585082076699
15859,0,0.06373720177371156
15860,1,0.33454411221853086
15861,1,0.6074432786297193
15862,0,0.08423344531277406
15863,0,0.027354961477768492
15864,1,0.4088348933831256
15865,0,0.04931399010346379
15866,0,0.011584176465226506
15867,1,0.44066592791974085
15868,1,0.29557871574013367
15869,0,0.040262936074176796
15870,1,0.6032365396249245
15871,0,0.006980223025216614
15872,0,0.04304076703145027
15873,1,0.7021544559519244
15874,1,0.4207079795742587
15875,0,0.4915548513634769
15876,0,0.5837371983864528
15877,0,0.012371066718892806
15878,1,0.7538730930633838
15879,0,0.03174989955156358
15880,0,0.014404315209144184
15881,0,0.16539949955954336
15882,1,0.7785088548559904
15883,0,0.2752053383810661
15884,0,0.0022988505747126436
15885,0,0.002226139182660922
15886,1,0.6310232354111945
15887,1,0.6503004214868621
15888,0,0.17236904983383858
15889,0,0.2672033107377935
15890,0,0.0015015015015015015
15891,0,0.44718793767507004
15892,1,0.6976415323336224
15893,1,0.6331168831168831
15894,1,0.7050648946979373
15895,0,0.011173095142617032
15896,1,0.4484060434805916
15897,1,0.7187856372322391
15898,0,0.029417555058580697
15899,0,0.49076468859132616
15900,0,0.38068022914684946
15901,0,0.01888498492997852
15902,0,0.0
15903,1,0.7630186742919962
15904,0,0.0015015015015015015
15905,0,0.002226139182660922
15906,0,0.010947273972759764
15907,1,0.44861699825613227
15908,0,0.04874938689041253
15909,0,0.29053169157348047
15910,1,0.6688967798482374
15911,0,0.07001958069031239
15912,0,0.15328393609402358
15913,0,0.12547305732466707
15914,0,0.14345604145401225
15915,0,0.0015015015015015015
15916,0,0.3394935132414792
15917,1,0.6338967986295855
15918,0,0.07614256570380644
15919,0,0.005990423336605694
15920,0,0.1867040652303544
15921,0,0.3947606274505458
15922,0,0.4668480416578665
15923,0,0.1693012698576236
15924,0,0.030491801325134658
15925,1,0.6299392552099937
15926,0,0.4728357482561322
15927,1,0.6499945532336888
15928,1,0.696461216428145
15929,0,0.01567429266959783
15930,1,0.6790904828879513
15931,0,0.0007246376811594203
15932,0,0.22957324756425204
15933,0,0.36653983265689005
15934,1,0.6051911365470688
15935,0,0.027720322363179506
15936,0,0.2799354178526216
15937,0,0.5571407858489198
15938,0,0.6009749662614358
15939,0,0.14653518675124108
15940,0,0.10074525745257452
15941,1,0.4728357482561322
15942,0,0.4227045756234002
15943,1,0.7960439684458214
15944,1,0.7288144499967908
15945,1,0.8566587812005024
15946,0,0.13623535516355853
15947,0,0.17144479137099064
15948,0,0.21628031987838922
15949,0,0.23249620773621812
15950,0,0.04166745386341288
15951,0,0.5128270169499555
15952,0,0.00306644672841856
15953,0,0.0163354866253417
15954,1,0.6476809840693689
15955,0,0.056353002410694714
15956,1,0.4126688904386959
15957,1,0.7866177994551857
15958,1,0.5461975176212853
15959,0,0.007259318845818979
15960,0,0.0015015015015015015
15961,0,0.04654480135249366
15962,0,0.006980223025216614
15963,0,0.02417240119320387
15964,0,0.47996052694009034
15965,0,0.4088999511517894
15966,0,0.11476648166547203
15967,1,0.47393033029067994
15968,0,0.0
15969,0,0.4127809051444336
15970,1,0.5064151633937469
15971,0,0.14449520266651314
15972,0,0.08933936265438702
15973,0,0.23055318013253032
15974,1,0.5987039974766452
15975,1,0.5027873489782071
15976,1,0.4957843236843273
15977,0,0.2799354178526216
15978,1,0.5747101940676805
15979,0,0.28381714643997485
15980,0,0.017125150561448498
15981,1,0.6463493722078817
15982,0,0.019418317350648178
15983,0,0.0015015015015015015
15984,0,0.09764512530100855
15985,1,0.5627957314003825
15986,0,0.029779203902010918
15987,0,0.023603571530946207
15988,1,0.6058377651445688
15989,0,0.0801539528673675
15990,0,0.008080448869922553
15991,0,0.011173095142617032
15992,1,0.5539629838239508
15993,0,0.06093753274988519
15994,0,0.10020905084457127
15995,0,0.0095906432748538
15996,0,0.4998882656695156
15997,0,0.04874938689041253
15998,0,0.028181071516397278
15999,1,0.520411870051004
16000,0,0.58492748163519
16001,0,0.0015015015015015015
16002,0,0.03875014918248001
16003,1,0.5118055977171999
16004,0,0.024275828623654707
16005,0,0.0007246376811594203
16006,1,0.527786966929328
16007,0,0.042545493003364465
16008,1,0.6723570658036677
16009,0,0.01743848615248814
16010,0,0.007259318845818979
16011,0,0.44066592791974085
16012,1,0.7062452106034147
16013,0,0.6813892660813562
16014,0,0.03766227536397614
16015,0,0.12767531764010637
16016,0,0.2771731292876381
16017,0,0.41161610210323446
16018,1,0.532539318685243
16019,0,0.04171877505210839
16020,0,0.43029341151149286
16021,0,0.005990423336605694
16022,0,0.024739294617240153
16023,0,0.3603540874580102
16024,0,0.4667898396762878
16025,0,0.002226139182660922
16026,0,0.26798465209061234
16027,0,0.07051966907736139
16028,0,0.4445473403438374
16029,0,0.06481144804026552
16030,0,0.46778758967193146
16031,1,0.6733643945508353
16032,1,0.6124247400109469
16033,1,0.5994719599982758
16034,0,0.0015015015015015015
16035,0,0.3600681157313246
16036,0,0.019418317350648178
16037,0,0.026943880155159017
16038,1,0.23274734524734522
16039,0,0.24754714515238166
16040,0,0.15340810034087085
16041,0,0.2475968746396033
16042,0,0.05859634727985863
16043,0,0.0015015015015015015
16044,0,0.0015015015015015015
16045,0,0.022988224372383428
16046,1,0.6003196582666781
16047,0,0.2663069229107806
16048,1,0.7745351503067402
16049,0,0.14653518675124108
16050,1,0.6902015939990623
16051,1,0.45249841068022884
16052,1,0.5063906561518192
16053,0,0.08146196635081893
16054,0,0.41244989904012325
16055,0,0.00306644672841856
16056,0,0.019418317350648178
16057,1,0.6629244393180611
16058,1,0.6288971970790153
16059,0,0.011173095142617032
16060,1,0.7866177994551857
16061,1,0.5057598553989894
16062,0,0.376730130815398
16063,0,0.0015015015015015015
16064,0,0.4996238070249845
16065,1,0.5936056743789795
16066,0,0.006578947368421052
16067,1,0.8227514941254658
16068,1,0.6178142201665399
16069,0,0.06190274063059
16070,0,0.08932966819229388
16071,0,0.2459913495894189
16072,1,0.5741617922783037
16073,0,0.3835019211166
16074,0,0.12627907548378872
16075,0,0.3794462817668431
16076,1,0.7173110838678474
16077,0,0.4804455604919194
16078,1,0.28103946010922753
16079,0,0.0
16080,1,0.3688470259898831
16081,0,0.039332477057510654
16082,0,0.0015015015015015015
16083,0,0.0015015015015015015
16084,0,0.019418317350648178
16085,1,0.6531642390758413
16086,0,0.3787275498304141
16087,1,0.552384732866526
16088,1,0.6403354475720614
16089,0,0.46147041726691435
16090,0,0.18014662520810917
16091,0,0.10661402451381019
16092,0,0.19012725779967163
16093,0,0.002226139182660922
16094,1,0.5257050672658657
16095,0,0.15467697399634892
16096,0,0.0
16097,0,0.43010413596620495
16098,0,0.18146529396529396
16099,0,0.019418317350648178
16100,0,0.014404315209144184
16101,0,0.014404315209144184
16102,0,0.011004425478109689
16103,1,0.5771573547377048
16104,0,0.5904923730011308
16105,0,0.012834532712478246
16106,0,0.1407155181803069
16107,0,0.38785514721684927
16108,0,0.00306644672841856
16109,1,0.49537804378964595
16110,0,0.0015015015015015015
16111,0,0.05284261472008885
16112,0,0.019418317350648178
16113,0,0.4252727939219556
16114,0,0.4659070407824147
16115,0,0.026646076096625546
16116,1,0.5559787431126428
16117,0,0.0007246376811594203
16118,1,0.514585001693596
16119,0,0.4341748239355894
16120,0,0.10203449784573858
16121,0,0.0015015015015015015
16122,1,0.5376414446104483
16123,0,0.0051501157908480566
16124,0,0.3434679922798349
16125,1,0.3403187206300287
16126,0,0.011173095142617032
16127,0,0.4126688904386959
16128,0,0.031234498004129276
16129,0,0.3024406175810606
16130,0,0.007259318845818979
16131,1,0.49680735930735925
16132,0,0.17948337893990066
16133,0,0.5192342216857028
16134,1,0.6279661841265008
16135,0,0.4973480749627539
16136,0,0.0022988505747126436
16137,0,0.31577168680616957
16138,0,0.42846083161371507
16139,0,0.010869565217391304
16140,1,0.7590864260666277
16141,0,0.21561957083988773
16142,0,0.03129834278902602
16143,1,0.3764024652143078
16144,0,0.18868598025574768
16145,1,0.7333602224284294
16146,0,0.0163354866253417
16147,1,0.42304140684694386
16148,0,0.4947476573153767
16149,1,0.5263603752606234
16150,0,0.0744047619047619
16151,0,0.0
16152,1,0.562360264581188
16153,1,0.8227514941254658
16154,0,0.24103943461735808
16155,0,0.0022988505747126436
16156,0,0.0
16157,1,0.7059175685674238
16158,0,0.2014180873705758
16159,1,0.6074432786297193
16160,0,0.014971208633180464
16161,1,0.2462701267803081
16162,0,0.7532258306008474
16163,0,0.14633935046582194
16164,1,0.549816836124402
16165,1,0.6654726912587429
16166,0,0.02370893519961843
16167,0,0.05330336387330662
16168,0,0.00306644672841856
16169,0,0.18882599835017397
16170,0,0.0
16171,1,0.5570538419375629
16172,0,0.06260912352866375
16173,1,0.7268945818314344
16174,1,0.7459885296527383
16175,0,0.05884441983363642
16176,0,0.04292506040823955
16177,0,0.002226139182660922
16178,0,0.13626440679758886
16179,0,0.005757817344317478
16180,1,0.4915548513634769
16181,0,0.10020905084457127
16182,1,0.7579197461127832
16183,1,0.8457861557446523
16184,0,0.4463437065131981
16185,1,0.3457381453967998
16186,1,0.2752053383810661
16187,0,0.0890850877775564
16188,1,0.6976415323336224
16189,0,0.14957702704181577
16190,0,0.3642414430325925
16191,0,0.26429281180521796
16192,0,0.5270138089758343
16193,0,0.0015015015015015015
16194,1,0.3718272287751378
16195,0,0.3464205891307091
16196,1,0.6976415323336224
16197,0,0.011173095142617032
16198,0,0.26756237116044046
16199,0,0.009179561952244328
16200,0,0.24615814988373708
16201,0,0.3016409470451166
16202,1,0.6976415323336224
16203,0,0.03406982175098117
16204,0,0.4728357482561322
16205,0,0.09296410953387697
16206,1,0.5565635420967688
16207,0,0.4548743959597916
16208,1,0.7991743240029893
16209,1,0.637723862185069
16210,1,0.6094797959700466
16211,0,0.21339536550749494
16212,0,0.28705475432258415
16213,1,0.5851830707162975
16214,0,0.28454297377715804
16215,0,0.34354644937873974
16216,1,0.44645813459248435
16217,0,0.024153346425700814
16218,0,0.08336125256856963
16219,0,0.13779448591387486
16220,0,0.13933446916924694
16221,1,0.6248729299678318
16222,1,0.4707601456858022
16223,0,0.012834532712478246
16224,1,0.43834712104375023
16225,0,0.16726630772568907
16226,1,0.5903441265520161
16227,0,0.2969143404488232
16228,0,0.08933936265438702
16229,0,0.21410080510439408
16230,0,0.21344509499471656
16231,0,0.28283721387169664
16232,0,0.30405535516593557
16233,0,0.02183342422628322
16234,0,0.174984311554079
16235,1,0.4825230488458618
16236,0,0.05884441983363642
16237,1,0.41726699320228144
16238,0,0.21670260080856107
16239,1,0.4764052039914109
16240,0,0.1458786013126042
16241,0,0.002226139182660922
16242,0,0.3695102940385959
16243,1,0.3843881110422978
16244,0,0.2751264423513734
16245,0,0.024275828623654707
16246,1,0.639321663164286
16247,0,0.44861699825613227
16248,0,0.013564007663386548
16249,0,0.03566731845717353
16250,1,0.5001017638452808
16251,0,0.011173095142617032
16252,0,0.006980223025216614
16253,1,0.5230664405547817
16254,0,0.28713330477164467
16255,0,0.0
16256,0,0.3558974358974359
16257,1,0.6431482704546485
16258,0,0.33668447079043107
16259,1,0.3347821160095957
16260,0,0.08910934744268077
16261,0,0.5485907273648701
16262,1,0.6082731194988279
16263,1,0.7974684698703228
16264,0,0.2212980102685985
16265,0,0.2537705425334422
16266,0,0.028181071516397278
16267,1,0.667914963712018
16268,0,0.013564007663386548
16269,0,0.43998394679509234
16270,0,0.00306644672841856
16271,1,0.3476766118735693
16272,1,0.405010910211796
16273,1,0.5741051131815708
16274,0,0.5207986257984437
16275,0,0.02021566642385932
16276,0,0.14634410467808615
16277,0,0.3617039208690751
16278,0,0.0022988505747126436
16279,0,0.5157295355512037
16280,0,0.0015015015015015015
16281,1,0.6282879584243785
16282,0,0.012834532712478246
16283,0,0.14480435504605021
16284,1,0.6855164972901685
16285,0,0.04049759911082804
16286,0,0.0051501157908480566
16287,0,0.3015605038482823
16288,0,0.06038529690030628
16289,0,0.4707601456858022
16290,0,0.30434043114302056
16291,0,0.001564945226917058
16292,0,0.02515037593984962
16293,0,0.37358580867708663
16294,0,0.21608272012978735
16295,0,0.2656626575581085
16296,0,0.0015015015015015015
16297,0,0.07139617486445399
16298,0,0.31732173426964333
16299,1,0.6503656512100412
16300,0,0.3178664155064628
16301,0,0.11426478841687238
16302,0,0.06192029232007801
16303,0,0.07205466449713312
16304,0,0.5157295355512037
16305,0,0.009904199633403749
16306,0,0.006980223025216614
16307,0,0.08895272237031589
16308,1,0.24434293715424524
16309,0,0.5866974048139163
16310,0,0.1040971623259798
16311,0,0.443490479346279
16312,1,0.6124247400109469
16313,0,0.21021985111174982
16314,0,0.37325319356450165
16315,1,0.552384732866526
16316,0,0.32935007501770724
16317,0,0.2239232870990148
16318,0,0.006419011300061342
16319,0,0.209300765835322
16320,0,0.11628764753764753
16321,0,0.17948337893990066
16322,1,0.4517904131996302
16323,1,0.5688864069989297
16324,0,0.0062555853440571935
16325,1,0.6733972433641718
16326,0,0.10774164738359111
16327,0,0.05607294087168127
16328,1,0.53786397417154
16329,0,0.001564945226917058
16330,0,0.5061309140691248
16331,1,0.6051911365470688
16332,1,0.6311977682855456
16333,0,0.22132910658338592
16334,1,0.4917544221901025
16335,1,0.6299392552099937
16336,0,0.3023688847617714
16337,1,0.6431482704546485
16338,1,0.8244353932174192
16339,0,0.0051501157908480566
16340,1,0.4420925195884455
16341,0,0.008080448869922553
16342,0,0.0
16343,0,0.005990423336605694
16344,0,0.0022988505747126436
16345,0,0.6030188109658309
16346,0,0.02417240119320387
16347,0,0.4106674732809034
16348,1,0.5951515395422423
16349,1,0.4304112513364638
16350,1,0.7656580811869634
16351,0,0.18455318668591703
16352,1,0.5432837822652848
16353,1,0.2584419712676547
16354,1,0.6820009216339642
16355,0,0.001564945226917058
16356,0,0.351776081029447
16357,0,0.5115000632303534
16358,0,0.08061470202058528
16359,1,0.33609814779031505
16360,1,0.530307743681676
16361,0,0.0436230949064809
16362,1,0.6470989441474537
16363,0,0.0015015015015015015
16364,1,0.6411802961171488
16365,0,0.004917509798559839
16366,0,0.2584419712676547
16367,0,0.002226139182660922
16368,0,0.002226139182660922
16369,0,0.015520866944423525
16370,1,0.376730130815398
16371,1,0.8355674163407215
16372,0,0.2780927151085916
16373,0,0.30081111145982625
16374,0,0.06481144804026552
16375,0,0.057569214243893
16376,0,0.0883007711108586
16377,0,0.48552964710105023
16378,1,0.43981809318555004
16379,0,0.4836092795528075
16380,1,0.3613991795809977
16381,0,0.0022988505747126436
16382,0,0.007259318845818979
16383,0,0.09764512530100855
16384,0,0.05891482147480559
16385,1,0.6112914451005339
16386,0,0.047634482070041985
16387,0,0.17552817552817554
16388,0,0.09625325717279738
16389,0,0.0015015015015015015
16390,0,0.011004425478109689
16391,0,0.3674371791293463
16392,0,0.1343023756914735
16393,1,0.4813001747801999
16394,0,0.412380754701316
16395,0,0.12272492047956429
16396,1,0.6957216641682661
16397,0,0.28799854089229865
16398,1,0.4088999511517894
16399,0,0.05467498188461264
16400,0,0.3082089556543463
16401,1,0.438951800232288
16402,1,0.37513468921995635
16403,1,0.6283438136145522
16404,1,0.24391860047186106
16405,0,0.05315753815432891
16406,1,0.4693639738649471
16407,0,0.0
16408,0,0.185932806094224
16409,1,0.6433228033289995
16410,1,0.25237507045649576
16411,1,0.5691186898144972
16412,1,0.4894710764275982
16413,0,0.5012453866470764
16414,1,0.5827409432672591
16415,0,0.2239232870990148
16416,0,0.0286175736724502
16417,0,0.014404315209144184
16418,0,0.006980223025216614
16419,1,0.5023030987457865
16420,1,0.47359349906713627
16421,0,0.3106119764442668
16422,0,0.43480106100795757
16423,1,0.4671915359944003
16424,1,0.47393033029067994
16425,0,0.002226139182660922
16426,0,0.10020905084457127
16427,0,0.4383623216728552
16428,0,0.05730942441386469
16429,0,0.08061470202058528
16430,1,0.4552112271833353
16431,0,0.019418317350648178
16432,1,0.5029433890025617
16433,1,0.5130859877580566
16434,0,0.006419011300061342
16435,1,0.3640029526521143
16436,0,0.06329191033138402
16437,1,0.6283438136145522
16438,0,0.011004425478109689
16439,1,0.6503004214868621
16440,0,0.33619546457384225
16441,0,0.022987145385814468
16442,0,0.591938048245614
16443,0,0.0007246376811594203
16444,0,0.012273320987322976
16445,0,0.002226139182660922
16446,0,0.5481552605456755
16447,0,0.21443452671999583
16448,0,0.2067429138608535
16449,0,0.03164557932673875
16450,1,0.3930429522081065
16451,0,0.41226291487634503
16452,1,0.7866177994551857
16453,1,0.7579197461127832
16454,0,0.08239790600417779
16455,0,0.1401976646541864
16456,0,0.024060514333196708
16457,0,0.03164557932673875
16458,1,0.737418128266583
16459,1,0.7866177994551857
16460,1,0.8146425495262705
16461,1,0.7345606327415019
16462,0,0.1510217303653966
16463,0,0.0
16464,1,0.7419724392084799
16465,1,0.6003196582666781
16466,0,0.058383670680418644
16467,0,0.30383808095952025
16468,0,0.006419011300061342
16469,0,0.0015015015015015015
16470,0,0.2263961038961039
16471,0,0.23255003912572259
16472,1,0.3423789704389886
16473,0,0.0015015015015015015
16474,0,0.1722268343334359
16475,0,0.0015015015015015015
16476,0,0.002226139182660922
16477,1,0.7699893778751017
16478,0,0.0015015015015015015
16479,0,0.6820009216339642
16480,0,0.0015015015015015015
16481,0,0.23042535071484135
16482,0,0.002226139182660922
16483,0,0.24336354183338718
16484,0,0.21045931393027897
16485,0,0.06147969953917363
16486,0,0.06145954316686023
16487,1,0.41489187609585043
16488,0,0.3106119764442668
16489,0,0.4269304477869372
16490,1,0.8295845103578156
16491,1,0.2975923583704128
16492,0,0.03570663432090813
16493,0,0.028874100364783595
16494,0,0.42304140684694386
16495,0,0.27799994643141596
16496,1,0.8146425495262705
16497,0,0.01998521077468446
16498,0,0.10468186748148901
16499,1,0.457708621185369
16500,0,0.7229245565887653
16501,1,0.6496088067442187
16502,1,0.7457450889056512
16503,0,0.002226139182660922
16504,1,0.44066592791974085
16505,0,0.33319938416006617
16506,0,0.019418317350648178
16507,0,0.04360766045548654
16508,0,0.09766938496613294
16509,1,0.4111825661236588
16510,0,0.2364714045209686
16511,0,0.6640211640211641
16512,0,0.006419011300061342
16513,1,0.5802912275119723
16514,0,0.3612852355608121
16515,0,0.3004968440949134
16516,1,0.6976415323336224
16517,0,0.45166521504707396
16518,0,0.6762610609531509
16519,1,0.5595625141987259
16520,0,0.34766243349201575
16521,0,0.10015997317163806
16522,1,0.7059175685674238
16523,0,0.1361862774906253
16524,0,0.09174588638874354
16525,0,0.42314024183908866
16526,1,0.757771603032486
16527,0,0.1640310966925146
16528,0,0.17760782109889903
16529,1,0.6244794073930904
16530,1,0.5349275837080715
16531,1,0.3433534482044656
16532,0,0.601403700184188
16533,0,0.09708782244664883
16534,0,0.04874938689041253
16535,0,0.2741663200759954
16536,0,0.06297698689714397
16537,1,0.5401338589143467
16538,1,0.682173976140347
16539,0,0.4552112271833353
16540,0,0.22685685304932166
16541,0,0.3928972390880972
16542,0,0.44977065248126397
16543,0,0.20704933954933954
16544,1,0.4304112513364638
16545,0,0.508080546193069
16546,0,0.002226139182660922
16547,0,0.15586407040679903
16548,1,0.4553192967827114
16549,1,0.6733972433641718
16550,0,0.028181071516397278
16551,0,0.3130008453841721
16552,0,0.03013322073570863
16553,0,0.28222191599263485
16554,0,0.029856386999244144
16555,1,0.661272208320718
16556,0,0.0015015015015015015
16557,0,0.011004425478109689
16558,0,0.5115000632303534
16559,0,0.0015015015015015015
16560,0,0.02218979631260333
16561,0,0.20675806197837887
16562,0,0.05315753815432891
16563,0,0.13647009043350505
16564,0,0.32006809386937424
16565,0,0.665748655381698
16566,0,0.0744047619047619
16567,0,0.0051501157908480566
16568,0,0.09693375554698447
16569,0,0.16830546893818996
16570,0,0.5848797472320669
16571,0,0.056251410516813365
16572,0,0.13883364712637578
16573,1,0.4304112513364638
16574,0,0.03708994708994709
16575,0,0.03875014918248001
16576,0,0.17061607918938257
16577,0,0.03584533241842757
16578,0,0.007259318845818979
16579,0,0.1502203044584662
16580,0,0.11034342302162638
16581,0,0.4463303804363407
16582,0,0.5759170215630302
16583,0,0.008080448869922553
16584,0,0.05663983429571754
16585,1,0.7173110838678474
16586,1,0.602623570008709
16587,1,0.6424929624598908
16588,1,0.25788113695090437
16589,0,0.4156717414529914
16590,1,0.37165775196906004
16591,1,0.5701093350675649
16592,0,0.6871179858984737
16593,1,0.8153440867180585
16594,0,0.00306644672841856
16595,1,0.5744355428821448
16596,1,0.47965161212693386
16597,1,0.7109388458225667
16598,0,0.45491856362669764
16599,1,0.7004352889152701
16600,0,0.04152162814443516
16601,1,0.7062452106034147
16602,0,0.405010910211796
16603,0,0.13779448591387486
16604,1,0.7289815416313968
16605,0,0.19670518606688817
16606,0,0.0015015015015015015
16607,1,0.3674371791293463
16608,0,0.2752053383810661
16609,0,0.08597482239497946
16610,0,0.251076464835576
16611,1,0.8008582230949428
16612,1,0.7554448817920174
16613,0,0.28124312873687773
16614,0,0.4606111397866173
16615,0,0.13883364712637578
16616,0,0.103151788365203
16617,1,0.8214801563638773
16618,0,0.1986173748529938
16619,0,0.3233100030225087
16620,0,0.011173095142617032
16621,0,0.34814115548060504
16622,1,0.37596547821731646
16623,1,0.37325319356450165
16624,0,0.580058052697472
16625,0,0.2838023938523062
16626,0,0.10468186748148901
16627,0,0.25801969033748284
16628,1,0.5347897030505727
16629,1,0.5398379409313611
16630,0,0.11355072272282851
16631,1,0.31271423541086457
16632,0,0.10979203538506649
16633,0,0.006980223025216614
16634,0,0.22156943524563452
16635,1,0.5431829113647295
16636,0,0.0015015015015015015
16637,0,0.027720322363179506
16638,0,0.09501535906297587
16639,0,0.04580754891103014
16640,1,0.8441022566526989
16641,0,0.05330336387330662
16642,1,0.47910380747126435
16643,0,0.3299462042217807
16644,0,0.4728357482561322
16645,1,0.4100212569227983
16646,0,0.3218840382331449
16647,0,0.2475968746396033
16648,0,0.017133914685121793
16649,1,0.4429378531073446
16650,0,0.22490707190509696
16651,1,0.5154093711704518
16652,0,0.25819662077354605
16653,0,0.04731018670593217
16654,0,0.26203587581455134
16655,0,0.03290819152142045
16656,0,0.00306644672841856
16657,0,0.5943114585743705
16658,0,0.15255228558546766
16659,1,0.7063131261485781
16660,0,0.07414173275496168
16661,1,0.5970047822755208
16662,0,0.028111379708294085
16663,0,0.2940038415162477
16664,0,0.0062555853440571935
16665,0,0.04152162814443516
16666,0,0.2600800615506498
16667,0,0.15557336182336182
16668,1,0.6218994549496056
16669,0,0.026943880155159017
16670,0,0.041053465068474446
16671,0,0.006419011300061342
16672,1,0.58492748163519
16673,1,0.784064410411546
16674,0,0.05742724867724868
16675,0,0.7588881447997471
16676,0,0.43480106100795757
16677,1,0.6648173832639852
16678,0,0.1636030102231488
16679,0,0.021153415252794138
16680,0,0.6240717881387454
16681,0,0.4528315576431054
16682,0,0.4972109153530319
16683,0,0.5115000632303534
16684,0,0.0051501157908480566
16685,0,0.1478791000978579
16686,0,0.2459259259259259
16687,1,0.4065894259503668
16688,0,0.23534464717607248
16689,0,0.0051501157908480566
16690,0,0.10074525745257452
16691,0,0.22490707190509696
16692,0,0.5290787782297725
16693,0,0.027007724940055766
16694,0,0.008080448869922553
16695,0,0.4825230488458618
16696,1,0.4727767695099819
16697,0,0.03617503486750349
16698,0,0.2016663625859028
16699,0,0.03524588516769035
16700,1,0.6493171593852253
16701,0,0.40041279669762636
16702,0,0.0801539528673675
16703,0,0.44066592791974085
16704,0,0.30434043114302056
16705,1,0.3437956578809251
16706,1,0.5125350494915712
16707,0,0.3898577254102857
16708,0,0.009904199633403749
16709,0,0.25819662077354605
16710,1,0.49145299145299143
16711,1,0.47352435472832904
16712,0,0.30434043114302056
16713,0,0.03174989955156358
16714,1,0.7056045900472198
16715,0,0.38970095835012003
16716,1,0.44987902321513223
16717,0,0.024275828623654707
16718,1,0.4054126481092773
16719,0,0.03129834278902602
16720,1,0.446085352686512
16721,0,0.07599602301400617
16722,0,0.17278439153439154
16723,0,0.008080448869922553
16724,0,0.19795309541788417
16725,0,0.09348177821084225
16726,0,0.06373720177371156
16727,0,0.012273320987322976
16728,1,0.5137734631746608
16729,1,0.30713503919337043
16730,0,0.507312520457111
16731,0,0.45589983365553205
16732,1,0.6431482704546485
16733,1,0.5741617922783037
16734,0,0.00306644672841856
16735,0,0.2504641993453404
16736,1,0.8457861557446523
16737,0,0.2591231432291035
16738,0,0.011004425478109689
16739,0,0.03140015993918124
16740,0,0.4781898547860363
16741,0,0.0015015015015015015
16742,1,0.5657990157990157
16743,0,0.10178338549817423
16744,0,0.019418317350648178
16745,0,0.019418317350648178
16746,1,0.8227514941254658
16747,0,0.3720764372773231
16748,1,0.6515418209891313
16749,0,0.04016519034260697
16750,0,0.02256061622258805
16751,1,0.5152836649227989
16752,1,0.6340481552345959
16753,1,0.7090898915903291
16754,0,0.012062506161885046
16755,0,0.6289199501063908
16756,1,0.7288144499967908
16757,0,0.25815581220448275
16758,0,0.2278786103915101
16759,0,0.09546479942821406
16760,1,0.7901540750377959
16761,0,0.16084564257583414
16762,1,0.48813533432619244
16763,1,0.6765186419818104
16764,0,0.012273320987322976
16765,1,0.6147239329057511
16766,0,0.06297698689714397
16767,0,0.6957216641682661
16768,0,0.07048032984353016
16769,0,0.3537226688631119
16770,1,0.6094206088679192
16771,0,0.10788916718269115
16772,0,0.351776081029447
16773,0,0.17505744127716447
16774,1,0.7819521178637201
16775,1,0.6295251074787728
16776,0,0.2239232870990148
16777,0,0.02846301904217412
16778,0,0.29479775032006295
16779,0,0.027574618364092047
16780,0,0.006980223025216614
16781,0,0.0015015015015015015
16782,0,0.03293515535895297
16783,0,0.468509396095603
16784,0,0.17618814740293612
16785,0,0.002226139182660922
16786,0,0.006980223025216614
16787,0,0.04229618456442818
16788,0,0.0
16789,0,0.4471847029812
16790,0,0.4246328502996091
16791,0,0.02744342516983669
16792,0,0.02021566642385932
16793,1,0.6804900770483936
16794,0,0.0015015015015015015
16795,1,0.4533534415060963
16796,1,0.6161629233809246
16797,0,0.0015015015015015015
16798,0,0.2786424254450149
16799,0,0.4606111397866173
16800,1,0.6624595804132457
16801,1,0.4813001747801999
16802,0,0.3993720388817104
16803,0,0.18413434879778245
16804,0,0.0
16805,0,0.4728357482561322
16806,0,0.3674371791293463
16807,0,0.8359933120535036
16808,0,0.005947464864059199
16809,0,0.3659785571982804
16810,0,0.06894533442375844
16811,1,0.734707629968513
16812,0,0.0051501157908480566
16813,0,0.013564007663386548
16814,1,0.6792187392868051
16815,0,0.47393033029067994
16816,0,0.02450628427282957
16817,0,0.02648041416157358
16818,1,0.7658805476316813
16819,0,0.42304140684694386
16820,0,0.5290787782297725
16821,0,0.17028738396358323
16822,0,0.012273320987322976
16823,1,0.6745447104563126
16824,1,0.6184358890810504
16825,0,0.06771395539511481
16826,0,0.6141650083189247
16827,0,0.05744815600329916
16828,1,0.5050187360532188
16829,0,0.03565696649029983
16830,0,0.032904699697663777
16831,0,0.7554448817920174
16832,1,0.7962588425200589
16833,1,0.5795010082335385
16834,1,0.5482111157358492
16835,0,0.16424162042613233
16836,0,0.400856385658278
16837,1,0.405010910211796
16838,0,0.39864158144319006
16839,1,0.4371807305481874
16840,1,0.8566587812005024
16841,0,0.24513937285506274
16842,0,0.002226139182660922
16843,1,0.7795375160277668
16844,0,0.002226139182660922
16845,1,0.512926654899058
16846,0,0.12196106318298777
16847,0,0.20872482888624677
16848,0,0.13057379962342114
16849,1,0.2632126321017299
16850,1,0.6349175946468887
16851,0,0.0015015015015015015
16852,1,0.7173110838678474
16853,0,0.01575850932066538
16854,0,0.04258846048824618
16855,1,0.6479697518451416
16856,0,0.5970047822755208
16857,0,0.011173095142617032
16858,0,0.1132314862457003
16859,0,0.36635761440715003
16860,0,0.0
16861,0,0.03181124126179071
16862,1,0.6051911365470688
16863,0,0.6611359256636214
16864,1,0.45589983365553205
16865,1,0.5087631397976226
16866,0,0.48574894196827206
16867,1,0.6779169739271608
16868,0,0.002226139182660922
16869,1,0.3400695121278434
16870,0,0.027007724940055766
16871,1,0.4606111397866173
16872,1,0.6326754664085378
16873,0,0.04506766352638333
16874,1,0.5212447314142229
16875,0,0.4728357482561322
16876,0,0.0015015015015015015
16877,0,0.007216360373272483
16878,0,0.2157386276398252
16879,0,0.0
16880,1,0.5441641487459409
16881,0,0.2425289785607713
16882,0,0.31765544250645994
16883,0,0.6957216641682661
16884,0,0.016563938836293226
16885,0,0.022988224372383428
16886,0,0.3793284419418721
16887,0,0.09625325717279738
16888,0,0.11315225323846012
16889,0,0.01436135673659769
16890,0,0.20820151425868616
16891,0,0.4961604868104699
16892,1,0.5634510393951402
16893,0,0.1109867971792658
16894,0,0.00306644672841856
16895,1,0.4110547290457336
16896,0,0.0015015015015015015
16897,0,0.15467697399634892
16898,0,0.17236904983383858
16899,0,0.5334119722895978
16900,1,0.6082731194988279
16901,1,0.446085352686512
16902,1,0.41043033497856724
16903,0,0.1318211646110197
16904,1,0.627349601814731
16905,1,0.540838023764853
16906,0,0.08933936265438702
16907,0,0.0015015015015015015
16908,0,0.38603050957481333
16909,1,0.6496088067442187
16910,0,0.46799726174575645
16911,1,0.7104945621973485
16912,0,0.5866045535506385
16913,1,0.7442756680731364
16914,0,0.05671215967003113
16915,1,0.7871634575310494
16916,0,0.0015015015015015015
16917,1,0.7403750569318204
16918,0,0.251076464835576
16919,1,0.8457861557446523
16920,0,0.010448457461457611
16921,1,0.35453209948684505
16922,0,0.5257050672658657
16923,1,0.662218530823182
16924,1,0.39794164719576175
16925,1,0.4304112513364638
16926,0,0.2423083738873212
16927,1,0.5774477460523973
16928,0,0.00306644672841856
16929,0,0.2325350951579236
16930,0,0.6316875675991698
16931,0,0.6092114761084754
16932,0,0.0015015015015015015
16933,1,0.8441022566526989
16934,0,0.14023085699625984
16935,0,0.41226291487634503
16936,0,0.531223939170959
16937,1,0.3756345779223564
16938,1,0.5970047822755208
16939,1,0.6623992856449026
16940,1,0.667392559424099
16941,0,0.15359144679796854
16942,0,0.3660918970993987
16943,0,0.362949821495061
16944,0,0.0015015015015015015
16945,0,0.07282146865480199
16946,1,0.6431482704546485
16947,0,0.6811902894755887
16948,1,0.46745715622209305
16949,1,0.4950245739745534
16950,0,0.0
16951,1,0.7962588425200589
16952,0,0.02417240119320387
16953,1,0.7119025015355441
16954,0,0.08862433862433862
16955,1,0.7207055053975955
16956,1,0.6571449771119057
16957,0,0.017361287909504367
16958,0,0.4126688904386959
16959,0,0.49726633710193946
16960,0,0.3546925319178728
16961,1,0.8227514941254658
16962,0,0.05923485459567812
16963,0,0.39004487964096296
16964,0,0.008080448869922553
16965,0,0.0015015015015015015
16966,0,0.017175794171099334
16967,0,0.006419011300061342
16968,1,0.3805541139867275
16969,0,0.26738422566252756
16970,0,0.6571449771119057
16971,0,0.031605152819154804
16972,0,0.31118362786807424
16973,0,0.011173095142617032
16974,0,0.2735676363076467
16975,0,0.3299462042217807
16976,0,0.08933936265438702
16977,1,0.7613347752000427
16978,0,0.04883122755652778
16979,0,0.07614256570380644
16980,1,0.6991501068267981
16981,0,0.38214955558216906
16982,0,0.031605152819154804
16983,0,0.002226139182660922
16984,1,0.6598060191128227
16985,0,0.2984263369571874
16986,1,0.5322269804324357
16987,1,0.6733972433641718
16988,0,0.40842621969886733
16989,0,0.4229653607210591
16990,1,0.6160291725194232
16991,0,0.01743848615248814
16992,0,0.0051501157908480566
16993,1,0.5987663375468254
16994,0,0.04450898627438912
16995,0,0.17028738396358323
16996,1,0.6161003903458134
16997,1,0.5450882235081599
16998,0,0.02370893519961843
16999,0,0.12336103254832777
17000,0,0.5154503906825888
17001,1,0.6026472664522707
17002,1,0.6295251074787728
17003,0,0.10604588500929964
17004,0,0.02021566642385932
17005,0,0.002226139182660922
17006,0,0.0015015015015015015
17007,0,0.3106119764442668
17008,0,0.12736563584907026
17009,0,0.6623992856449026
17010,1,0.5888095089926468
17011,0,0.02370893519961843
17012,1,0.5490124408867257
17013,0,0.06192029232007801
17014,0,0.19902999085866466
17015,1,0.5861146542311657
17016,0,0.0015015015015015015
17017,0,0.10693966715308179
17018,1,0.6433228033289995
17019,1,0.8227514941254658
17020,0,0.0007246376811594203
17021,1,0.8566587812005024
17022,1,0.4140297669690236
17023,0,0.0015015015015015015
17024,0,0.1720088686148289
17025,0,0.4938755421575564
17026,0,0.2334251375310978
17027,0,0.058383670680418644
17028,0,0.001564945226917058
17029,0,0.017027404829878665
17030,1,0.5958622334299067
17031,0,0.27475587920807243
17032,0,0.12923444839042272
17033,0,0.30603218226431167
17034,1,0.6329402896677974
17035,0,0.5741617922783037
17036,0,0.040132458443641154
17037,0,0.3155748630872693
17038,0,0.2735304111450901
17039,1,0.6804900770483936
17040,0,0.1117959820902557
17041,1,0.33988066440896625
17042,0,0.21287873115703304
17043,0,0.18868598025574768
17044,0,0.011584176465226506
17045,0,0.019862728576730562
17046,0,0.362148597437695
17047,0,0.23430887447029236
17048,1,0.6933153245190424
17049,1,0.6104404415603789
17050,0,0.2212980102685985
17051,0,0.09553712480252764
17052,0,0.27475587920807243
17053,0,0.5484809543280309
17054,0,0.37325319356450165
17055,0,0.06038529690030628
17056,1,0.5111135786019197
17057,1,0.5873436196830693
17058,0,0.02744342516983669
17059,1,0.4612391526897976
17060,1,0.682173976140347
17061,1,0.5118307618307618
17062,0,0.0015015015015015015
17063,0,0.2510090399796282
17064,1,0.6695988628039715
17065,0,0.18986404149755784
17066,0,0.012273320987322976
17067,0,0.31417624521072796
17068,0,0.0007246376811594203
17069,1,0.8566587812005024
17070,1,0.44675925925925924
17071,0,0.05884441983363642
17072,1,0.4767171606802288
17073,0,0.33727490407749344
17074,1,0.6899929443511486
17075,0,0.07048032984353016
17076,0,0.2014180873705758
17077,1,0.3109344193658889
17078,1,0.276461015543294
17079,0,0.06481144804026552
17080,0,0.006578947368421052
17081,0,0.0015015015015015015
17082,0,0.055612191718463495
17083,0,0.3793674934527606
17084,0,0.0015015015015015015
17085,0,0.0022988505747126436
17086,1,0.3930429522081065
17087,1,0.7131738392971326
17088,1,0.4700134335684208
17089,1,0.24228664639260666
17090,0,0.3733223379033089
17091,0,0.11426478841687238
17092,0,0.04731018670593217
17093,0,0.0015015015015015015
17094,0,0.46056533371323943
17095,0,0.03129834278902602
17096,0,0.42304140684694386
17097,1,0.3334231414726771
17098,1,0.6325174307452288
17099,0,0.08720563750889809
17100,1,0.6248232667066064
17101,0,0.08780928353810102
17102,1,0.7517584362010657
17103,0,0.4927219399013281
17104,1,0.7216279367027124
17105,1,0.3505054157063015
17106,0,0.2835791426489101
17107,0,0.058383670680418644
17108,0,0.43069221868872676
17109,0,0.0015015015015015015
17110,1,0.5891460005445166
17111,1,0.8359933120535036
17112,0,0.44066592791974085
17113,0,0.05284261472008885
17114,1,0.5953154735763432
17115,0,0.12368509489988362
17116,0,0.5973661544040981
17117,1,0.4495305048869261
17118,0,0.5864720334397241
17119,1,0.7627011525217261
17120,1,0.7387743853225457
17121,1,0.46781942206041305
17122,0,0.22905717770310016
17123,0,0.055840103937930034
17124,0,0.1117959820902557
17125,1,0.5648928620591872
17126,0,0.4420925195884455
17127,0,0.0801539528673675
17128,0,0.012013402688374671
17129,1,0.5481552605456755
17130,1,0.8233650048291944
17131,0,0.6234164801439878
17132,0,0.1008815316035198
17133,0,0.1720088686148289
17134,1,0.6167968341819732
17135,0,0.34616523727787724
17136,0,0.002226139182660922
17137,0,0.0
17138,1,0.3171335699996907
17139,0,0.08061470202058528
17140,0,0.0015015015015015015
17141,0,0.08516938496613292
17142,1,0.6976415323336224
17143,0,0.0
17144,0,0.17292593891765543
17145,1,0.7346438558302966
17146,0,0.0015015015015015015
17147,0,0.011173095142617032
17148,0,0.49970608998168253
17149,0,0.04258846048824618
17150,1,0.5986886813674742
17151,0,0.16801864587460616
17152,0,0.3482691341807364
17153,1,0.34881057639678326
17154,0,0.02218979631260333
17155,0,0.0945474953044339
17156,0,0.3617039208690751
17157,0,0.16314735975332004
17158,0,0.012834532712478246
17159,0,0.07707269693193806
17160,0,0.014833985123840196
17161,0,0.3420726197346869
17162,0,0.09164901332111912
17163,0,0.019418317350648178
17164,0,0.3458319617759424
17165,1,0.5005332078726575
17166,0,0.2669183347203364
17167,0,0.15118411257372646
17168,1,0.3441799880401543
17169,0,0.021318022678848917
17170,0,0.002226139182660922
17171,1,0.5334676808071305
17172,0,0.5057598553989894
17173,0,0.5508428694475206
17174,0,0.3296319368568679
17175,0,0.0
17176,1,0.5145299145299145
17177,1,0.7613347752000427
17178,0,0.67128302386098
17179,0,0.2505536535529205
17180,0,0.7021544559519244
17181,1,0.9103470830499404
17182,0,0.6089150713849992
17183,0,0.0051501157908480566
17184,0,0.0015015015015015015
17185,0,0.34201513147987406
17186,0,0.30885804647272536
17187,0,0.00306644672841856
17188,0,0.26123657931800465
17189,0,0.18146529396529396
17190,1,0.757771603032486
17191,0,0.14599867724867724
17192,0,0.0945474953044339
17193,0,0.3356794624820519
17194,1,0.5951515395422423
17195,0,0.002226139182660922
17196,0,0.46799726174575645
17197,0,0.1464771176919064
17198,0,0.19617931610551534
17199,0,0.21477269972804183
17200,0,0.4044446548779245
17201,0,0.4130676976159298
17202,0,0.2278786103915101
17203,1,0.5700671696049201
17204,0,0.002226139182660922
17205,1,0.548272284319868
17206,1,0.5703455144888152
17207,0,0.16726630772568907
17208,1,0.3794462817668431
17209,1,0.7370904862305921
17210,1,0.6820009216339642
17211,0,0.024278911048447
17212,0,0.02846301904217412
17213,0,0.2835791426489101
17214,1,0.6765186419818104
17215,0,0.45035646320334033
17216,0,0.28039584032203957
17217,0,0.677815271648972
17218,0,0.006980223025216614
17219,0,0.03293515535895297
17220,0,0.0801539528673675
17221,0,0.26143218412881325
17222,1,0.6393024637675929
17223,0,0.08061470202058528
17224,0,0.05884441983363642
17225,1,0.5718871200688055
17226,0,0.14081556215176905
17227,1,0.41453334563799676
17228,1,0.5376414446104483
17229,1,0.5322765469824292
17230,0,0.0015015015015015015
17231,0,0.09815493148826482
17232,0,0.07139617486445399
17233,1,0.6431482704546485
17234,0,0.002226139182660922
17235,0,0.009904199633403749
17236,0,0.07205466449713312
17237,0,0.22295931393027893
17238,0,0.006419011300061342
17239,0,0.10020905084457127
17240,0,0.0015015015015015015
17241,0,0.19204403983815746
17242,0,0.14345604145401225
17243,0,0.20177002583979328
17244,0,0.3307760398070711
17245,0,0.0
17246,0,0.04731018670593217
17247,0,0.03417163890113639
17248,1,0.5979757085020244
17249,0,0.019862728576730562
17250,0,0.09794659663906526
17251,1,0.6875845152462431
17252,1,0.540328126535023
17253,0,0.0015015015015015015
17254,0,0.012273320987322976
17255,0,0.0778085177733065
17256,0,0.7229245565887653
17257,0,0.021597286878227345
17258,1,0.6310232354111945
17259,0,0.18882875364123566
17260,0,0.0015015015015015015
17261,0,0.4957843236843273
17262,0,0.019158399051699877
17263,1,0.8441022566526989
17264,0,0.058383670680418644
17265,1,0.39543692162777977
17266,0,0.19053410357758183
17267,1,0.4915548513634769
17268,0,0.00306644672841856
17269,1,0.37849696266458066
17270,1,0.7781390969211229
17271,0,0.2860210850170517
17272,1,0.7216970810415196
17273,0,0.48759288636553394
17274,1,0.7866177994551857
17275,1,0.405010910211796
17276,0,0.47359349906713627
17277,0,0.14449520266651314
17278,1,0.19704720055002545
17279,0,0.37589055620186423
17280,1,0.5753907577302073
17281,0,0.3613896535041623
17282,0,0.0062555853440571935
17283,1,0.6733972433641718
17284,1,0.5186073687768603
17285,0,0.04445580819157722
17286,0,0.44480826813484015
17287,1,0.5371955739820433
17288,0,0.13839027689814679
17289,0,0.0007246376811594203
17290,1,0.7045701610273403
17291,0,0.42304140684694386
17292,0,0.03013322073570863
17293,0,0.13278133903133904
17294,0,0.5347348422193274
17295,1,0.696461216428145
17296,1,0.6640211640211641
17297,0,0.21429840485299592
17298,0,0.5974677469150572
17299,0,0.2765603604524975
17300,1,0.5290787782297725
17301,0,0.028181071516397278
17302,0,0.0015015015015015015
17303,1,0.47615722441809405
17304,0,0.029417555058580697
17305,0,0.04166745386341288
17306,0,0.03664268149163872
17307,0,0.2232046644243876
17308,1,0.7004352889152701
17309,0,0.040132458443641154
17310,0,0.2821193626959112
17311,0,0.04475742757276333
17312,1,0.26657042504139006
17313,1,0.5257050672658657
17314,1,0.6503004214868621
17315,1,0.4456495508942819
17316,1,0.3718963731139451
17317,0,0.3929343261180877
17318,0,0.05744815600329916
17319,0,0.33727490407749344
17320,0,0.002226139182660922
17321,0,0.01998521077468446
17322,1,0.48304457450798916
17323,1,0.25934213371960785
17324,1,0.26203587581455134
17325,0,0.4445473403438374
17326,0,0.003023488255872064
17327,0,0.3752506125795178
17328,0,0.032904699697663777
17329,0,0.10468186748148901
17330,1,0.5854400959664118
17331,0,0.0
17332,1,0.7771227682992389
17333,0,0.002226139182660922
17334,1,0.7974684698703228
17335,1,0.749274262418853
17336,0,0.030021333875701467
17337,1,0.734707629968513
17338,0,0.18202652721352655
17339,0,0.40433332290917434
17340,0,0.012834532712478246
17341,0,0.23503210272873187
17342,0,0.13730356801008978
17343,0,0.012371066718892806
17344,0,0.010744507179161386
17345,0,0.47758830903439636
17346,0,0.1986173748529938
17347,1,0.7173110838678474
17348,0,0.05028438231018426
17349,0,0.02218979631260333
17350,1,0.573907960398211
17351,1,0.6924934284050307
17352,0,0.04739294908858433
17353,0,0.0
17354,1,0.6739903125824936
17355,1,0.369032620724788
17356,0,0.08061470202058528
17357,0,0.3930429522081065
17358,1,0.47751821447473625
17359,1,0.4691647040903606
17360,1,0.5903441265520161
17361,0,0.29281573533504174
17362,0,0.05985149110149111
17363,0,0.34354644937873974
17364,0,0.1706218700783918
17365,0,0.22898404798001468
17366,0,0.10497163874274568
17367,0,0.3476766118735693
17368,0,0.14391547150167838
17369,0,0.05671215967003113
17370,0,0.26845726560845834
17371,0,0.17028738396358323
17372,0,0.06080006087670444
17373,0,0.04751290334822911
17374,0,0.008080448869922553
17375,0,0.0007246376811594203
17376,1,0.29994146570949076
17377,1,0.5069907569907569
17378,0,0.00306644672841856
17379,0,0.017027404829878665
17380,0,0.31903751420992804
17381,0,0.0163354866253417
17382,0,0.0015015015015015015
17383,0,0.011004425478109689
17384,0,0.6051911365470688
17385,1,0.5264559729676009
17386,0,0.006666666666666667
17387,0,0.19162336169158556
17388,0,0.007259318845818979
17389,0,0.1996080709855307
17390,0,0.5934096209899712
17391,0,0.12368509489988362
17392,0,0.007216360373272483
17393,1,0.5437408159680762
17394,1,0.3016409470451166
17395,0,0.029440993788819873
17396,0,0.0015015015015015015
17397,0,0.5842875250183225
17398,0,0.02417240119320387
17399,1,0.6871179858984737
17400,0,0.019862728576730562
17401,0,0.0015015015015015015
17402,1,0.6733972433641718
17403,1,0.40598387620365034
17404,0,0.02218979631260333
17405,0,0.05008166566788732
17406,1,0.7228917077754287
17407,1,0.5904421792293646
17408,1,0.6872097446030817
17409,0,0.324408726729288
17410,1,0.659079229132932
17411,0,0.22589034581654507
17412,0,0.011584176465226506
17413,1,0.5627957314003825
17414,0,0.035876623376623375
17415,0,0.0022988505747126436
17416,0,0.04705215419501133
17417,1,0.7540974742519336
17418,0,0.0062555853440571935
17419,1,0.6503004214868621
17420,0,0.002226139182660922
17421,0,0.026646076096625546
17422,0,0.0015015015015015015
17423,0,0.024583482515813344
17424,1,0.7242397125615652
17425,0,0.07282146865480199
17426,0,0.6710029639146949
17427,0,0.02417240119320387
17428,0,0.3911275500188247
17429,0,0.016843203035671658
17430,1,0.6299392552099937
17431,1,0.8566587812005024
17432,0,0.40207018658640686
17433,1,0.7863235503339623
17434,1,0.7012306377208885
17435,0,0.0062555853440571935
17436,0,0.4130614427005767
17437,0,0.209300765835322
17438,0,0.02218979631260333
17439,1,0.3299462042217807
17440,0,0.04654480135249366
17441,1,0.7554448817920174
17442,1,0.7532258306008474
17443,0,0.49598544781707776
17444,1,0.6149716729186928
17445,0,0.002226139182660922
17446,0,0.006980223025216614
17447,0,0.3485093360217422
17448,0,0.38014544030246916
17449,0,0.10074525745257452
17450,1,0.6942960554329733
17451,1,0.8146425495262705
17452,1,0.5888958376763255
17453,0,0.5006145632279934
17454,1,0.6459742136722822
17455,1,0.35405719759168036
17456,0,0.24193749518552024
17457,0,0.6813892660813562
17458,0,0.06373720177371156
17459,0,0.02727884222135368
17460,1,0.7554448817920174
17461,1,0.20454507400709931
17462,0,0.08001310331122537
17463,1,0.604987428434201
17464,0,0.08857314083467753
17465,0,0.012839369982227128
17466,0,0.14957702704181577
17467,0,0.5150609470229722
17468,0,0.06758252818035428
17469,0,0.01575850932066538
17470,0,0.22284025713034147
17471,0,0.505192755068129
17472,0,0.5733481621353476
17473,0,0.17948337893990066
17474,0,0.34447195205815895
17475,0,0.1860165913551509
17476,0,0.20098082796823244
17477,1,0.4149364576330868
17478,0,0.560812549599735
17479,1,0.8954248366013071
17480,0,0.3766685030515729
17481,0,0.14088735818834147
17482,0,0.3766685030515729
17483,0,0.12470683550495758
17484,1,0.37589055620186423
17485,1,0.4915548513634769
17486,0,0.2348209899934038
17487,0,0.019862728576730562
17488,0,0.32845518056968936
17489,1,0.7478388402406931
17490,1,0.5290787782297725
17491,1,0.6111884894493591
17492,0,0.002226139182660922
17493,0,0.08644088067107225
17494,1,0.8230108917929178
17495,0,0.10570475089342023
17496,0,0.3759681749641417
17497,1,0.8559147335814549
17498,0,0.030214904131791842
17499,1,0.7853464616935972
17500,0,0.0015015015015015015
17501,0,0.19419740108012207
17502,1,0.5923931623931624
17503,1,0.7554448817920174
17504,0,0.05226208351208352
17505,1,0.7841711690548899
17506,1,0.6013159133858718
17507,0,0.04304076703145027
17508,0,0.0015015015015015015
17509,1,0.6924451259838863
17510,0,0.24333296726246675
17511,1,0.4915548513634769
17512,0,0.2006823172520847
17513,0,0.36157694601388757
17514,0,0.43558528895274584
17515,1,0.4651585281914226
17516,0,0.002226139182660922
17517,0,0.03611197234330134
17518,1,0.5024247782868473
17519,1,0.5383207617675342
17520,1,0.7242397125615652
17521,0,0.17236904983383858
17522,0,0.23368593452536487
17523,0,0.006419011300061342
17524,0,0.5932382745942069
17525,1,0.6071316529867882
17526,1,0.6069115776714913
17527,0,0.40139433915003764
17528,1,0.572765411552597
17529,0,0.0015015015015015015
17530,0,0.012902813707642681
17531,0,0.07907970660081354
17532,0,0.4722218103640003
17533,1,0.5888958376763255
17534,0,0.11034342302162638
17535,1,0.45385737018597055
17536,0,0.0015015015015015015
17537,0,0.5481552605456755
17538,0,0.03013322073570863
17539,0,0.030214904131791842
17540,1,0.7974684698703228
17541,0,0.011584176465226506
17542,1,0.522905985436518
17543,0,0.048217077818617754
17544,1,0.549875701670098
17545,0,0.16130952380952382
17546,1,0.40186658807348463
17547,0,0.7062452106034147
17548,0,0.22295931393027893
17549,1,0.8227514941254658
17550,1,0.5373178695484854
17551,0,0.375713308127177
17552,0,0.04731018670593217
17553,0,0.35916770083560845
17554,0,0.055612191718463495
17555,1,0.5234578566593752
17556,0,0.04794940550428203
17557,0,0.0386863000202959
17558,0,0.13779448591387486
17559,0,0.0
17560,0,0.058243720665525855
17561,1,0.11993948649365045
17562,0,0.09459175084175085
17563,0,0.0015015015015015015
17564,1,0.5283270724529915
17565,1,0.7952724021302447
17566,0,0.24333296726246675
17567,0,0.30769748769748767
17568,1,0.5943680380958725
17569,0,0.6998277347114557
17570,0,0.12716919583303465
17571,0,0.3912836901996495
17572,0,0.6442957375467894
17573,0,0.06985111490599143
17574,0,0.02417240119320387
17575,0,0.5700671696049201
17576,0,0.30434043114302056
17577,0,0.006980223025216614
17578,1,0.7045701610273403
17579,1,0.4857276191957689
17580,0,0.47616171736569163
17581,0,0.5719952027764936
17582,1,0.6543207610482688
17583,1,0.791065379403794
17584,0,0.14187169312169312
17585,0,0.0015015015015015015
17586,0,0.027007724940055766
17587,0,0.46790781551158495
17588,1,0.5437408159680762
17589,0,0.277715184691199
17590,0,0.13677156177156177
17591,1,0.3204035233988231
17592,0,0.0051501157908480566
17593,0,0.0
17594,0,0.20872482888624677
17595,0,0.25801969033748284
17596,0,0.27287975698571726
17597,0,0.2543453246281607
17598,1,0.6667372514293414
17599,0,0.2546820536780204
17600,0,0.43029341151149286
17601,0,0.06573461932431662
17602,1,0.20322465647136204
17603,1,0.6466984140835531
17604,0,0.37354936154586965
17605,0,0.06573461932431662
17606,0,0.5108153608395248
17607,0,0.48574894196827206
17608,1,0.737418128266583
17609,0,0.0015015015015015015
17610,0,0.5115000632303534
17611,0,0.2975923583704128
17612,0,0.6061890963817315
17613,1,0.6470989441474537
17614,0,0.42263543128459297
17615,1,0.4432593029045357
17616,0,0.39543692162777977
17617,0,0.045812245993405415
17618,0,0.08862433862433862
17619,0,0.0022988505747126436
17620,0,0.010315280956013221
17621,0,0.012273320987322976
17622,1,0.6733972433641718
17623,0,0.37984643220996067
17624,1,0.6733643945508353
17625,0,0.2801538489374346
17626,0,0.4570329256736556
17627,0,0.004488921835104192
17628,0,0.04794940550428203
17629,0,0.2267867668729738
17630,0,0.026646076096625546
17631,0,0.5528201996857205
17632,1,0.5888958376763255
17633,0,0.4721283883512986
17634,0,0.18868598025574768
17635,0,0.002226139182660922
17636,0,0.4548743959597916
17637,1,0.8213269927009644
17638,1,0.5227325608450836
17639,0,0.008080448869922553
17640,1,0.6613115589782802
17641,0,0.03900211917227624
17642,0,0.02417240119320387
17643,0,0.24490903367193337
17644,0,0.15557336182336182
17645,0,0.28103946010922753
17646,0,0.03524588516769035
17647,0,0.017133914685121793
17648,0,0.2595604434767958
17649,0,0.18717836010540037
17650,0,0.019569480374309348
17651,0,0.4046876384327327
17652,0,0.47393033029067994
17653,0,0.006419011300061342
17654,0,0.2239232870990148
17655,0,0.17259113421596675
17656,1,0.8516795865633076
17657,0,0.4728357482561322
17658,1,0.3982834207813182
17659,0,0.07185194785483617
17660,0,0.33609814779031505
17661,0,0.047619047619047616
17662,0,0.19490841857389932
17663,0,0.0015015015015015015
17664,1,0.6733972433641718
17665,1,0.2467888578233406
17666,0,0.38678999462883007
17667,1,0.573907960398211
17668,0,0.40433332290917434
17669,1,0.6749929508550198
17670,0,0.31118362786807424
17671,0,0.4169428551246733
17672,0,0.06550936985719594
17673,1,0.6998277347114557
17674,1,0.579926955288675
17675,1,0.5716875492421799
17676,1,0.6854936787114371
17677,1,0.8559147335814549
17678,1,0.7123397147629449
17679,0,0.007259318845818979
17680,0,0.006419011300061342
17681,1,0.5937000123046635
17682,1,0.32983490304005686
17683,0,0.038895974901457735
17684,0,0.5056941538351486
17685,0,0.3434679922798349
17686,0,0.02021566642385932
17687,0,0.0007246376811594203
17688,0,0.40341546861635447
17689,0,0.07186313268179612
17690,1,0.6866435746143531
17691,0,0.185932806094224
17692,1,0.3403187206300287
17693,0,0.294797650360435
17694,1,0.48813533432619244
17695,1,0.6623992856449026
17696,0,0.10309711406864519
17697,0,0.0007246376811594203
17698,0,0.13185291790806106
17699,1,0.26756237116044046
17700,1,0.4883846667585991
17701,1,0.7196383111017258
17702,1,0.4002997571154898
17703,1,0.8213269927009644
17704,0,0.006787772409816835
17705,1,0.7004352889152701
17706,1,0.7188189400053807
17707,0,0.0051501157908480566
17708,0,0.3373440484163008
17709,0,0.405423013900893
17710,0,0.14088735818834147
17711,0,0.0432983456135393
17712,0,0.019767179643858792
17713,0,0.09316645705140285
17714,0,0.15118411257372646
17715,0,0.22295931393027893
17716,0,0.16037567865398053
17717,0,0.1578459854321923
17718,0,0.0015015015015015015
17719,0,0.41538274714573636
17720,0,0.027574618364092047
17721,0,0.548272284319868
17722,0,0.05453794545190954
17723,1,0.6749929508550198
17724,0,0.03406982175098117
17725,0,0.6543207610482688
17726,0,0.0062555853440571935
17727,0,0.20189238224562178
17728,1,0.290080116091763
17729,1,0.6624595804132457
17730,1,0.42618946885962594
17731,1,0.31874769905900713
17732,0,0.6646039146039145
17733,0,0.4728357482561322
17734,0,0.029417555058580697
17735,0,0.0015015015015015015
17736,1,0.5767127799736496
17737,0,0.03875014918248001
17738,0,0.23255003912572259
17739,1,0.31577168680616957
17740,0,0.024275828623654707
17741,0,0.47393033029067994
17742,0,0.0015015015015015015
17743,0,0.005671250372228465
17744,1,0.5124860698255195
17745,0,0.3794462817668431
17746,1,0.7004352889152701
17747,0,0.29327615780445965
17748,0,0.14345707462091342
17749,0,0.10834409991386736
17750,0,0.027097357267514333
17751,0,0.02218979631260333
17752,0,0.0015015015015015015
17753,0,0.0015015015015015015
17754,0,0.5366378654120082
17755,0,0.006419011300061342
17756,1,0.3625337564543654
17757,0,0.0
17758,0,0.006419011300061342
17759,0,0.5766290218359764
17760,1,0.522905985436518
17761,0,0.4371807305481874
17762,0,0.002226139182660922
17763,0,0.03417163890113639
17764,1,0.7166237717186736
17765,0,0.1046321094884169
17766,0,0.03337165751500589
17767,0,0.1647255792683079
17768,0,0.12737384630204965
17769,0,0.029029912466210398
17770,0,0.08070699975662128
17771,1,0.5619550984453491
17772,0,0.5481552605456755
17773,0,0.01575850932066538
17774,0,0.4704560787159024
17775,0,0.14752081507118622
17776,0,0.021036075153072074
17777,0,0.5348392742009763
17778,0,0.02370893519961843
17779,0,0.38970095835012003
17780,0,0.049823633156966494
17781,0,0.4421913545805903
17782,0,0.0015015015015015015
17783,0,0.21025092340100135
17784,0,0.002226139182660922
17785,0,0.16918737834742215
17786,1,0.6431482704546485
17787,1,0.8566587812005024
17788,1,0.5298716242575255
17789,0,0.24183746640866707
17790,0,0.0015015015015015015
17791,1,0.6986817325800376
17792,0,0.19053410357758183
17793,0,0.5528201996857205
17794,1,0.6269263482052359
17795,0,0.15894549163416097
17796,0,0.13824894197086657
17797,0,0.05671215967003113
17798,0,0.018795352254983005
17799,0,0.4304112513364638
17800,1,0.4528315576431054
17801,0,0.0015015015015015015
17802,0,0.001564945226917058
17803,0,0.40562381147088794
17804,0,0.10417136033519914
17805,1,0.7939052977027661
17806,0,0.007259318845818979
17807,0,0.1087201096038141
17808,0,0.11355072272282851
17809,1,0.905217680292456
17810,0,0.0
17811,0,0.02021566642385932
17812,0,0.2729025044722719
17813,0,0.017175794171099334
17814,0,0.17822813148766406
17815,0,0.012273320987322976
17816,1,0.5827409432672591
17817,0,0.04807979677226539
17818,0,0.4972109153530319
17819,0,0.2622461248689533
17820,0,0.2331110321069988
17821,0,0.013564007663386548
17822,0,0.006980223025216614
17823,1,0.405010910211796
17824,1,0.5366378654120082
17825,1,0.4728357482561322
17826,1,0.7900610624629154
17827,0,0.016563938836293226
17828,0,0.0015015015015015015
17829,1,0.5685359392317467
17830,0,0.23767333607050034
17831,0,0.27077926014096226
17832,0,0.0
17833,0,0.24048254553354118
17834,0,0.22887179765538335
17835,0,0.0015015015015015015
17836,0,0.04304076703145027
17837,0,0.5504428046306439
17838,0,0.369032620724788
17839,0,0.026646076096625546
17840,0,0.10583927488889643
17841,0,0.17038713480844528
17842,0,0.0015015015015015015
17843,0,0.19586481579101503
17844,0,0.04360766045548654
17845,0,0.03288548752834467
17846,1,0.5960657797223555
17847,0,0.04734254433080187
17848,1,0.5488231470048324
17849,0,0.019158399051699877
17850,1,0.31271423541086457
17851,0,0.0
17852,0,0.002226139182660922
17853,0,0.18146529396529396
17854,0,0.3161911726617609
17855,0,0.05671215967003113
17856,0,0.19617931610551534
17857,0,0.09766938496613294
17858,0,0.08120135819666335
17859,0,0.3280463906598208
17860,0,0.04807979677226539
17861,0,0.44298661871382033
17862,0,0.019418317350648178
17863,0,0.31651361558338303
17864,0,0.42400621807683764
17865,0,0.3384725525969377
17866,0,0.2949703487490243
17867,1,0.5524124176223915
17868,0,0.0015015015015015015
17869,0,0.013564007663386548
17870,0,0.007259318845818979
17871,0,0.01436135673659769
17872,0,0.008080448869922553
17873,0,0.0015015015015015015
17874,0,0.08580166187272238
17875,0,0.23045264978004662
17876,0,0.4955051788157124
17877,1,0.5867806267806267
17878,0,0.23894062940941385
17879,0,0.3347821160095957
17880,0,0.006980223025216614
17881,0,0.26305652839729887
17882,0,0.018318091505942238
17883,0,0.012273320987322976
17884,0,0.17546816383952699
17885,0,0.002226139182660922
17886,1,0.6588851974898486
17887,0,0.21025092340100135
17888,0,0.48574894196827206
17889,0,0.02417240119320387
17890,0,0.30434043114302056
17891,0,0.09914333375097961
17892,0,0.09164901332111912
17893,0,0.11426478841687238
17894,0,0.172061163275952
17895,0,0.07048032984353016
17896,0,0.031865236213062295
17897,0,0.021136537725009574
17898,0,0.0015015015015015015
17899,0,0.013469707131678962
17900,0,0.11627380100286504
17901,0,0.5366378654120082
17902,0,0.3866571417975848
17903,0,0.011173095142617032
17904,0,0.003023488255872064
17905,0,0.06821826052595283
17906,0,0.0015015015015015015
17907,1,0.5125678983049079
17908,0,0.734707629968513
17909,0,0.0007246376811594203
17910,0,0.2414582868173979
17911,0,0.011173095142617032
17912,1,0.30713503919337043
17913,1,0.26203587581455134
17914,0,0.033825706322497075
17915,0,0.25801969033748284
17916,0,0.13623535516355853
17917,0,0.19081066866662896
17918,0,0.405010910211796
17919,1,0.5990094207347111
17920,0,0.013564007663386548
17921,0,0.049823633156966494
17922,1,0.6051911365470688
17923,1,0.31874769905900713
17924,0,0.09837962962962964
17925,0,0.2902538892498559
17926,1,0.8153440867180585
17927,0,0.002226139182660922
17928,0,0.3149259851129148
17929,0,0.12368509489988362
17930,0,0.5565830772788846
17931,0,0.0
17932,0,0.5353750901850104
17933,1,0.3016409470451166
17934,1,0.7196383111017258
17935,0,0.002226139182660922
17936,0,0.09349562474562474
17937,1,0.6466984140835531
17938,0,0.5120279146141214
17939,0,0.0015015015015015015
17940,0,0.32845518056968936
17941,0,0.008080448869922553
17942,0,0.23274734524734522
17943,0,0.029029912466210398
17944,1,0.38929104893628175
17945,0,0.11628764753764753
17946,1,0.6381797101538318
17947,1,0.14469926486068277
17948,0,0.11087962962962965
17949,1,0.5974677469150572
17950,1,0.6097744199061518
17951,1,0.6820009216339642
17952,1,0.7508112287648941
17953,1,0.5057598553989894
17954,1,0.6930667948983968
17955,0,0.06894533442375844
17956,0,0.3537226688631119
17957,0,0.0
17958,0,0.45123232550790204
17959,0,0.002226139182660922
17960,1,0.6297858932837024
17961,0,0.04874938689041253
17962,0,0.006578947368421052
17963,0,0.041010497583592743
17964,1,0.6553020923533456
17965,0,0.07140970979170562
17966,0,0.570505459867162
17967,0,0.2420927199486802
17968,0,0.019418317350648178
17969,0,0.028181071516397278
17970,1,0.8441022566526989
17971,0,0.3718272287751378
17972,0,0.3787275498304141
17973,0,0.11017882156843546
17974,0,0.05028438231018426
17975,1,0.5951033122387241
17976,0,0.23767333607050034
17977,1,0.6530232063018948
17978,1,0.7419639006982216
17979,0,0.007259318845818979
17980,1,0.5567891697759467
17981,1,0.7425941081229904
17982,1,0.6496088067442187
17983,0,0.00306644672841856
17984,0,0.012273320987322976
17985,0,0.002226139182660922
17986,1,0.5286134265670919
17987,0,0.3898577254102857
17988,0,0.21386306979882355
17989,0,0.09349562474562474
17990,1,0.4445505750377074
17991,0,0.05884441983363642
17992,0,0.002226139182660922
17993,0,0.2940038415162477
17994,0,0.20617467921704122
17995,1,0.42304140684694386
17996,0,0.008080448869922553
17997,1,0.4778229713879867
17998,1,0.4252412915756936
17999,0,0.0015015015015015015
18000,0,0.0015015015015015015
18001,0,0.2504641993453404
18002,0,0.014404315209144184
18003,0,0.0652721971934833
18004,0,0.09212832900580314
18005,0,0.4914667333722192
18006,0,0.3403187206300287
18007,0,0.002226139182660922
18008,1,0.6657375145180023
18009,1,0.8441022566526989
18010,0,0.11929312446328151
18011,0,0.006980223025216614
18012,0,0.3458319617759424
18013,0,0.38970095835012003
18014,0,0.10191481271293477
18015,0,0.002226139182660922
18016,0,0.0950009181945244
18017,0,0.1363427455148513
18018,0,0.012273320987322976
18019,0,0.0
18020,0,0.02417240119320387
18021,0,0.00306644672841856
18022,0,0.046560235803488025
18023,0,0.3951203831168912
18024,1,0.7769415761614832
18025,0,0.0007246376811594203
18026,1,0.7717996794763708
18027,1,0.6041784968254441
18028,0,0.032895839495218376
18029,1,0.6489636454538962
18030,1,0.6859350385129948
18031,0,0.41052176016089414
18032,1,0.667914963712018
18033,0,0.07139617486445399
18034,1,0.7352976458239616
18035,0,0.0015015015015015015
18036,0,0.008080448869922553
18037,1,0.8072351421188632
18038,0,0.15039848308715242
18039,0,0.0015015015015015015
18040,1,0.5124860698255195
18041,1,0.41043033497856724
18042,0,0.002226139182660922
18043,0,0.003023488255872064
18044,1,0.8355674163407215
18045,0,0.1401976646541864
18046,0,0.10074525745257452
18047,0,0.1704161864424756
18048,0,0.4877985031026488
18049,0,0.2165471956252892
18050,0,0.012273320987322976
18051,1,0.35712446329376024
18052,0,0.19213785354624605
18053,0,0.4082142769018186
18054,0,0.09004096125575
18055,0,0.4126688904386959
18056,0,0.37496553660243287
18057,1,0.649677951083026
18058,1,0.7991743240029893
18059,1,0.5543022131033327
18060,1,0.6871179858984737
18061,0,0.007820530570974251
18062,0,0.28381714643997485
18063,0,0.11932116461101967
18064,0,0.6745447104563126
18065,0,0.011173095142617032
18066,0,0.0015015015015015015
18067,1,0.8153440867180585
18068,0,0.05008166566788732
18069,0,0.28987685738926355
18070,1,0.5681032169060812
18071,0,0.03912575088730964
18072,0,0.2619177512794534
18073,0,0.20704933954933954
18074,0,0.026943880155159017
18075,0,0.3551112932193106
18076,1,0.6288385472851492
18077,0,0.2854856221700685
18078,1,0.6251575100667802
18079,0,0.4728357482561322
18080,0,0.00306644672841856
18081,0,0.6998277347114557
18082,0,0.2729025044722719
18083,1,0.5212394999592231
18084,0,0.003023488255872064
18085,0,0.002226139182660922
18086,1,0.5973929579192738
18087,0,0.04751290334822911
18088,1,0.682173976140347
18089,0,0.24746136738756663
18090,1,0.680466010402863
18091,1,0.42846083161371507
18092,0,0.0015015015015015015
18093,0,0.4660305645533884
18094,0,0.0015015015015015015
18095,1,0.6856680161943319
18096,0,0.5861146542311657
18097,1,0.6325174307452288
18098,0,0.05671215967003113
18099,0,0.006419011300061342
18100,1,0.3885621551444336
18101,1,0.5643652795752535
18102,0,0.12140481630656551
18103,1,0.8295845103578156
18104,0,0.5170381980726808
18105,1,0.5744355428821448
18106,0,0.005990423336605694
18107,0,0.1739281805841549
18108,0,0.5833962512620167
18109,1,0.2957306854365678
18110,0,0.09764512530100855
18111,0,0.32845518056968936
18112,1,0.44076476291188565
18113,1,0.38937137282255385
18114,0,0.30603218226431167
18115,0,0.43099247718333533
18116,0,0.0015015015015015015
18117,0,0.10468186748148901
18118,1,0.6804900770483936
18119,0,0.0015015015015015015
18120,1,0.8441022566526989
18121,1,0.8137438581990173
18122,1,0.5865478612724498
18123,0,0.30713503919337043
18124,1,0.5029433890025617
18125,0,0.05028438231018426
18126,0,0.002226139182660922
18127,0,0.21427002583979327
18128,0,0.0038637958016297016
18129,0,0.22365110111588984
18130,1,0.8153440867180585
18131,0,0.530454374840276
18132,0,0.015669856459330143
18133,1,0.7291615761781428
18134,0,0.411228902066526
18135,0,0.1511361577921321
18136,0,0.007216360373272483
18137,1,0.734707629968513
18138,1,0.5827409432672591
18139,1,0.23580652790435466
18140,0,0.015308207615899926
18141,0,0.11355072272282851
18142,1,0.6240464847114556
18143,0,0.23791868656460902
18144,0,0.17028738396358323
18145,1,0.6424929624598908
18146,0,0.045812245993405415
18147,0,0.002226139182660922
18148,0,0.20667143514240016
18149,0,0.00306644672841856
18150,0,0.38706311735993576
18151,0,0.2890366693479774
18152,0,0.03571428571428572
18153,0,0.008080448869922553
18154,0,0.4904012905827788
18155,0,0.14703400677572329
18156,1,0.7900610624629154
18157,0,0.5166494825676863
18158,1,0.5799104548473074
18159,0,0.11331342582053942
18160,0,0.3718963731139451
18161,0,0.007259318845818979
18162,0,0.2170288369550362
18163,0,0.48794247361263293
18164,0,0.18209522595990488
18165,1,0.5476169763251103
18166,1,0.7282929137767847
18167,0,0.13057379962342114
18168,0,0.0801539528673675
18169,0,0.02370893519961843
18170,0,0.143881258656125
18171,0,0.08453606741583126
18172,0,0.13883364712637578
18173,1,0.5333082505506228
18174,1,0.7045701610273403
18175,0,0.04322915418026831
18176,0,0.2507990040470291
18177,1,0.581594353939261
18178,0,0.10497163874274568
18179,1,0.7537849161372359
18180,1,0.3312190495661261
18181,1,0.7004352889152701
18182,1,0.4457101489888375
18183,1,0.7270355375618535
18184,0,0.002226139182660922
18185,0,0.02417240119320387
18186,0,0.003023488255872064
18187,0,0.01529504332707994
18188,0,0.016563938836293226
18189,1,0.3674371791293463
18190,0,0.4528315576431054
18191,1,0.4660305645533884
18192,0,0.696461216428145
18193,0,0.3019207918572326
18194,0,0.4304112513364638
18195,0,0.04059941626098327
18196,1,0.457442614258347
18197,1,0.5371955739820433
18198,0,0.0015015015015015015
18199,0,0.09164901332111912
18200,1,0.5634510393951402
18201,1,0.3476766118735693
18202,1,0.6543506358140504
18203,1,0.3016409470451166
18204,0,0.0015015015015015015
18205,1,0.6393024637675929
18206,0,0.20309476447583863
18207,0,0.0840753182626135
18208,0,0.02218979631260333
18209,1,0.4368121865729521
18210,0,0.06038529690030628
18211,0,0.3843881110422978
18212,1,0.7873622881355932
18213,0,0.013564007663386548
18214,0,0.0015015015015015015
18215,1,0.2890366693479774
18216,0,0.5171561272199083
18217,0,0.4981050144784069
18218,0,0.19999841367461293
18219,0,0.006980223025216614
18220,0,0.2654770319855097
18221,0,0.0015015015015015015
18222,0,0.13883364712637578
18223,0,0.07001958069031239
18224,0,0.07048032984353016
18225,0,0.251076464835576
18226,1,0.6616142478211443
18227,1,0.5057598553989894
18228,0,0.0838220017217874
18229,0,0.29131816012409023
18230,1,0.61364522417154
18231,1,0.6312090065707263
18232,1,0.8170279858100118
18233,0,0.4915548513634769
18234,0,0.376730130815398
18235,0,0.5742966419257703
18236,1,0.7785088548559904
18237,0,0.351776081029447
18238,0,0.0801539528673675
18239,0,0.03129834278902602
18240,1,0.6094797959700466
18241,0,0.1464771176919064
18242,0,0.046560235803488025
18243,0,0.13824894197086657
18244,0,0.07907970660081354
18245,0,0.25801969033748284
18246,0,0.038081208914542246
18247,0,0.18075045136643766
18248,0,0.008080448869922553
18249,0,0.23996803153779897
18250,0,0.31300290138517745
18251,0,0.5376414446104483
18252,0,0.31118362786807424
18253,0,0.0015015015015015015
18254,0,0.291143213839843
18255,0,0.008080448869922553
18256,0,0.3755423453031108
18257,1,0.5673248161053039
18258,1,0.6708657196462076
18259,0,0.09766938496613294
18260,0,0.0022988505747126436
18261,0,0.03013322073570863
18262,1,0.6001927759740261
18263,0,0.0015015015015015015
18264,1,0.5292585878574144
18265,1,0.6085653892105505
18266,1,0.4778229713879867
18267,0,0.007259318845818979
18268,1,0.6371201189614132
18269,0,0.20879801026859848
18270,1,0.7737670257861587
18271,0,0.5176962327435718
18272,0,0.4130311248869947
18273,1,0.6094206088679192
18274,0,0.008080448869922553
18275,1,0.667914963712018
18276,1,0.5408434110913812
18277,1,0.7370904862305921
18278,0,0.055104838875945826
18279,0,0.2504665242165242
18280,0,0.36635761440715003
18281,1,0.6705936611773322
18282,0,0.0062555853440571935
18283,0,0.16004562143523532
18284,0,0.002226139182660922
18285,1,0.47393033029067994
18286,1,0.549816836124402
18287,0,0.3947606274505458
18288,0,0.19587142954762882
18289,0,0.007259318845818979
18290,0,0.002226139182660922
18291,1,0.8359933120535036
18292,0,0.0015015015015015015
18293,0,0.20208007954486829
18294,0,0.008080448869922553
18295,1,0.6408547008547009
18296,1,0.7021873047652609
18297,0,0.20107442100062026
18298,0,0.006980223025216614
18299,1,0.34447195205815895
18300,1,0.6733972433641718
18301,1,0.5957181571815718
18302,0,0.03946286832549401
18303,0,0.0015015015015015015
18304,0,0.051985186318740696
18305,0,0.1160900237711832
18306,0,0.002226139182660922
18307,0,0.006980223025216614
18308,1,0.665748655381698
18309,0,0.009815546772068511
18310,1,0.41018611543438954
18311,1,0.6790904828879513
18312,0,0.40426284267421436
18313,1,0.6968779807762858
18314,0,0.32983490304005686
18315,1,0.7991523689622761
18316,0,0.3440532667498959
18317,0,0.34857848036054945
18318,0,0.6193961405825812
18319,0,0.2212980102685985
18320,0,0.04807979677226539
18321,0,0.1353110967007106
18322,0,0.1567977133322695
18323,0,0.5890221043085738
18324,0,0.11476648166547203
18325,0,0.04731018670593217
18326,1,0.7092163643112662
18327,0,0.027007724940055766
18328,0,0.0
18329,1,0.737418128266583
18330,0,0.012273320987322976
18331,1,0.655167768128607
18332,0,0.3083751826507592
18333,1,0.4947476573153767
18334,0,0.002226139182660922
18335,0,0.02846301904217412
18336,0,0.2661316842131095
18337,0,0.34072139768342297
18338,0,0.32365670333710855
18339,0,0.42304140684694386
18340,1,0.7379745342459066
18341,1,0.5970047822755208
18342,1,0.6393024637675929
18343,0,0.013564007663386548
18344,0,0.4130614427005767
18345,0,0.5057598553989894
18346,0,0.2225035280804818
18347,0,0.3912836901996495
18348,1,0.527786966929328
18349,1,0.4144394841637684
18350,0,0.4361500988642905
18351,0,0.6340213517194203
18352,0,0.09680529497602668
18353,0,0.7062452106034147
18354,0,0.49726633710193946
18355,0,0.23767333607050034
18356,1,0.5906944044994088
18357,0,0.0007246376811594203
18358,0,0.008080448869922553
18359,0,0.16639960773581464
18360,0,0.003023488255872064
18361,0,0.037006962647988285
18362,0,0.028874100364783595
18363,0,0.013564007663386548
18364,0,0.08070699975662128
18365,0,0.007216360373272483
18366,0,0.43998394679509234
18367,0,0.002226139182660922
18368,1,0.5737666639976343
18369,0,0.0
18370,0,0.05156214522732433
18371,0,0.22589034581654507
18372,0,0.004425478109688636
18373,0,0.011173095142617032
18374,0,0.1834300310162379
18375,1,0.7764551978291695
18376,1,0.5229307082014467
18377,0,0.22473598012397142
18378,1,0.6519264815987919
18379,0,0.14741835094464015
18380,0,0.0015015015015015015
18381,1,0.3070603718118878
18382,1,0.672483219635673
18383,0,0.1290165587766207
18384,0,0.030214904131791842
18385,0,0.012273320987322976
18386,0,0.01743848615248814
18387,0,0.5707491926325323
18388,0,0.002226139182660922
18389,1,0.3166030526348454
18390,0,0.13883364712637578
18391,1,0.5342193648645261
18392,0,0.10693966715308179
18393,0,0.6314334747462544
18394,0,0.04229618456442818
18395,0,0.3456487083453375
18396,1,0.6295251074787728
18397,0,0.10788916718269115
18398,0,0.024400920604157352
18399,0,0.30713503919337043
18400,0,0.049440432432209074
18401,1,0.5767127799736496
18402,0,0.055612191718463495
18403,0,0.23859985852605778
18404,0,0.6733686436679832
18405,0,0.12420270442658503
18406,0,0.11034342302162638
18407,0,0.06348905723905725
18408,0,0.033913130105598724
18409,0,0.07469845642864802
18410,0,0.49770180392113406
18411,1,0.7301618575368743
18412,0,0.4274274583499591
18413,1,0.4938755421575564
18414,0,0.0801539528673675
18415,0,0.0015015015015015015
18416,0,0.16803044797291658
18417,1,0.43029341151149286
18418,1,0.696461216428145
18419,0,0.7041730182926829
18420,0,0.2106356999974021
18421,0,0.22898404798001468
18422,1,0.8420884645880947
18423,0,0.0022988505747126436
18424,1,0.4927809601230087
18425,0,0.02515037593984962
18426,1,0.6129200680149699
18427,0,0.2475968746396033
18428,0,0.0
18429,1,0.5298716242575255
18430,0,0.02727884222135368
18431,0,0.333810767381508
18432,0,0.005294819017195112
18433,0,0.06038529690030628
18434,0,0.006980223025216614
18435,1,0.5833962512620167
18436,0,0.21386306979882355
18437,1,0.31118362786807424
18438,1,0.4445505750377074
18439,0,0.20872482888624677
18440,1,0.5783912645991541
18441,0,0.0015015015015015015
18442,0,0.6012565682026532
18443,0,0.4421726136433856
18444,1,0.4928113006091173
18445,0,0.021597286878227345
18446,0,0.2906317203503337
18447,1,0.549816836124402
18448,0,0.6151764545447134
18449,1,0.45886920592705166
18450,0,0.16830546893818996
18451,0,0.0015015015015015015
18452,0,0.18146529396529396
18453,0,0.027720322363179506
18454,0,0.14345604145401225
18455,0,0.02846301904217412
18456,0,0.0015015015015015015
18457,1,0.8353080186732694
18458,0,0.1498610151232512
18459,0,0.3718272287751378
18460,1,0.6705936611773322
18461,0,0.02218979631260333
18462,0,0.2546820536780204
18463,0,0.12773085699625986
18464,0,0.1601530117865281
18465,1,0.6933153245190424
18466,1,0.594889571379822
18467,0,0.21949720885891097
18468,0,0.0015015015015015015
18469,0,0.09837962962962964
18470,0,0.04016519034260697
18471,0,0.019418317350648178
18472,1,0.3917610604677475
18473,0,0.019418317350648178
18474,0,0.014404315209144184
18475,0,0.007259318845818979
18476,0,0.05284261472008885
18477,0,0.16946287634559734
18478,0,0.00306644672841856
18479,0,0.0
18480,0,0.12272492047956429
18481,1,0.42409813657592615
18482,0,0.006980223025216614
18483,1,0.41695449664020884
18484,1,0.514183942603879
18485,1,0.6064930731393264
18486,1,0.5790284522849745
18487,1,0.33020788698799275
18488,0,0.0679924189959094
18489,1,0.8227514941254658
18490,0,0.03854195806776002
18491,0,0.5707880813143972
18492,0,0.10191481271293477
18493,1,0.45023862337836934
18494,0,0.30434043114302056
18495,0,0.03181124126179071
18496,0,0.17038713480844528
18497,1,0.8017246053499704
18498,0,0.012834532712478246
18499,0,0.0
18500,0,0.23130899585172449
18501,0,0.06373720177371156
18502,0,0.25478743478743476
18503,0,0.028181071516397278
18504,0,0.02846301904217412
18505,0,0.0015015015015015015
18506,0,0.36394810508182607
18507,1,0.4861339171683999
18508,0,0.029414922745661345
18509,1,0.7387743853225457
18510,0,0.03181124126179071
18511,0,0.07707126533184298
18512,0,0.033736147040976015
18513,0,0.14345604145401225
18514,0,0.05008166566788732
18515,0,0.06758252818035428
18516,0,0.31118362786807424
18517,1,0.5254742037350734
18518,0,0.23045264978004662
18519,1,0.7857365376700512
18520,0,0.002226139182660922
18521,1,0.5707880813143972
18522,1,0.665748655381698
18523,0,0.01743848615248814
18524,0,0.3232666537191688
18525,0,0.002226139182660922
18526,0,0.30434043114302056
18527,0,0.0015015015015015015
18528,0,0.05028438231018426
18529,0,0.07048032984353016
18530,0,0.019418317350648178
18531,1,0.552384732866526
18532,0,0.07185194785483617
18533,0,0.08616750946329839
18534,0,0.10020905084457127
18535,0,0.005990423336605694
18536,0,0.19958535589128598
18537,0,0.0015015015015015015
18538,0,0.1337788199712886
18539,0,0.6976415323336224
18540,0,0.024765201760506922
18541,1,0.5109364438632732
18542,0,0.008080448869922553
18543,1,0.4929814430321815
18544,0,0.002226139182660922
18545,0,0.0036486142893465546
18546,1,0.6496088067442187
18547,0,0.055612191718463495
18548,0,0.07051966907736139
18549,0,0.41538274714573636
18550,1,0.5827409432672591
18551,0,0.31515617777900623
18552,0,0.02218979631260333
18553,1,0.5258127074898878
18554,0,0.4464695828185676
18555,0,0.00306644672841856
18556,0,0.24186436546243475
18557,0,0.002226139182660922
18558,1,0.7650129198966408
18559,0,0.3040249278005776
18560,1,0.7092163643112662
18561,0,0.0015015015015015015
18562,0,0.0015015015015015015
18563,0,0.05028438231018426
18564,1,0.29856614547974925
18565,0,0.296697463922395
18566,1,0.8271565636468144
18567,0,0.09395637389884252
18568,0,0.21477269972804183
18569,1,0.47393033029067994
18570,0,0.0007246376811594203
18571,0,0.08636855529675865
18572,0,0.015865019175908508
18573,0,0.06550936985719594
18574,0,0.6141894257703081
18575,1,0.6312866627500774
18576,0,0.5864975724091747
18577,1,0.41078531310587435
18578,0,0.4552112271833353
18579,1,0.6855164972901685
18580,0,0.011173095142617032
18581,1,0.5874621014525632
18582,0,0.045812245993405415
18583,0,0.027720322363179506
18584,1,0.7045701610273403
18585,1,0.41920166186120955
18586,1,0.6383475595340001
18587,1,0.4849485531303713
18588,0,0.35530540071264133
18589,0,0.40764827284915867
18590,0,0.1688764368104397
18591,0,0.30290323608102937
18592,1,0.44066592791974085
18593,0,0.1093359565074661
18594,0,0.4405898817938561
18595,0,0.3912836901996495
18596,0,0.012273320987322976
18597,1,0.8008582230949428
18598,1,0.5906944044994088
18599,0,0.14391547150167838
18600,0,0.002226139182660922
18601,1,0.6543207610482688
18602,1,0.4904741191822532
18603,1,0.6149448694035172
18604,1,0.6283438136145522
18605,0,0.31169832238656114
18606,0,0.39766830870279146
18607,0,0.058383670680418644
18608,0,0.08933936265438702
18609,1,0.3075867018826732
18610,1,0.6200514485773388
18611,0,0.0
18612,0,0.006980223025216614
18613,1,0.7737670257861587
18614,0,0.4395585082076699
18615,1,0.7984302763839417
18616,0,0.21489771419123815
18617,1,0.45853196483789493
18618,0,0.14345707462091342
18619,0,0.1179432986498204
18620,0,0.06343773605036174
18621,1,0.757771603032486
18622,0,0.09748584748584749
18623,1,0.5331923619120851
18624,1,0.41453334563799676
18625,0,0.05437228351685758
18626,1,0.30738891130840285
18627,0,0.4347839723986513
18628,0,0.4728357482561322
18629,1,0.7267468284496149
18630,0,0.5334119722895978
18631,0,0.18868598025574768
18632,0,0.08598745778098175
18633,0,0.014404315209144184
18634,0,0.1453315992950139
18635,0,0.1719462655587616
18636,1,0.7724956880245702
18637,0,0.017027404829878665
18638,0,0.424211261347045
18639,0,0.18060797960394628
18640,0,0.08636855529675865
18641,0,0.05870714159064953
18642,0,0.35472732787647215
18643,0,0.21434315556287875
18644,0,0.006419011300061342
18645,0,0.0062555853440571935
18646,0,0.6571449771119057
18647,0,0.14275501252162173
18648,1,0.42263543128459297
18649,1,0.6325174307452288
18650,0,0.0324744062057352
18651,0,0.04166745386341288
18652,1,0.734707629968513
18653,0,0.002226139182660922
18654,0,0.0007246376811594203
18655,0,0.3349292712352014
18656,0,0.2865721297050828
18657,0,0.13779448591387486
18658,1,0.5328123728123728
18659,0,0.039317042606516285
18660,1,0.5134667604227213
18661,0,0.53786397417154
18662,1,0.6310232354111945
18663,1,0.5827409432672591
18664,0,0.03337165751500589
18665,0,0.1631955001520219
18666,0,0.23374329431984284
18667,1,0.8353080186732694
18668,0,0.01823218422408706
18669,0,0.10105189062094704
18670,0,0.5191782461611839
18671,0,0.5179187623046635
18672,0,0.09553712480252764
18673,1,0.6405411399423375
18674,0,0.005990423336605694
18675,0,0.4420925195884455
18676,0,0.00306644672841856
18677,1,0.303727562348252
18678,0,0.0015015015015015015
18679,0,0.0286175736724502
18680,0,0.014971208633180464
18681,0,0.44467111337780046
18682,0,0.04304076703145027
18683,0,0.36267477825208977
18684,0,0.1502203044584662
18685,0,0.14345707462091342
18686,0,0.01743848615248814
18687,0,0.03290819152142045
18688,0,0.002226139182660922
18689,0,0.006419011300061342
18690,1,0.8441022566526989
18691,0,0.006980223025216614
18692,0,0.3617039208690751
18693,1,0.5529684461348352
18694,0,0.05028438231018426
18695,0,0.06343773605036174
18696,1,0.6836846449377217
18697,1,0.5634510393951402
18698,0,0.30313420673227603
18699,0,0.0015015015015015015
18700,0,0.02172910400145839
18701,0,0.012062506161885046
18702,0,0.003023488255872064
18703,1,0.7320888846668409
18704,1,0.31118362786807424
18705,0,0.045812245993405415
18706,0,0.24746136738756663
18707,0,0.13883364712637578
18708,0,0.3296319368568679
18709,0,0.2984263369571874
18710,1,0.24636561568761164
18711,1,0.6080985866244769
18712,0,0.15586407040679903
18713,1,0.7045701610273403
18714,1,0.6398608072459463
18715,0,0.0062555853440571935
18716,1,0.5248115629240857
18717,1,0.5970047822755208
18718,0,0.10608909477506052
18719,1,0.4050800545506033
18720,1,0.8566587812005024
18721,1,0.6431482704546485
18722,1,0.667914963712018
18723,0,0.02417240119320387
18724,0,0.008080448869922553
18725,0,0.09396843092495266
18726,0,0.16581490258030543
18727,0,0.09348177821084225
18728,1,0.42828299192837166
18729,1,0.7370904862305921
18730,0,0.4915548513634769
18731,0,0.008080448869922553
18732,0,0.0015015015015015015
18733,0,0.028181071516397278
18734,0,0.08000741017756724
18735,1,0.4130311248869947
18736,0,0.4731378700998954
18737,0,0.5706458448912679
18738,1,0.4377861682218485
18739,0,0.10661402451381019
18740,0,0.30713503919337043
18741,0,0.0015015015015015015
18742,0,0.1179432986498204
18743,1,0.6733972433641718
18744,0,0.0015015015015015015
18745,0,0.09395637389884252
18746,1,0.5753135740332972
18747,0,0.08857314083467753
18748,0,0.058383670680418644
18749,0,0.13436083048945802
18750,1,0.2949703487490243
18751,0,0.041329824865055535
18752,0,0.3626632919561819
18753,0,0.05730942441386469
18754,0,0.3710370962240259
18755,0,0.029417555058580697
18756,0,0.6567617197146793
18757,1,0.47393033029067994
18758,1,0.4548052516209844
18759,0,0.11219232503319941
18760,1,0.14046522471042053
18761,0,0.6623992856449026
18762,0,0.3078173683939169
18763,0,0.11034342302162638
18764,1,0.4269304477869372
18765,1,0.5833962512620167
18766,1,0.8001141754758953
18767,0,0.0015015015015015015
18768,0,0.06481144804026552
18769,0,0.3299462042217807
18770,0,0.5097104121618933
18771,1,0.667914963712018
18772,0,0.016382453882453882
18773,0,0.03499073200871516
18774,0,0.4098029372771621
18775,1,0.5911197775149443
18776,1,0.552384732866526
18777,0,0.6282879584243785
18778,0,0.0022988505747126436
18779,0,0.0007246376811594203
18780,0,0.12368509489988362
18781,0,0.05744815600329916
18782,0,0.2543453246281607
18783,1,0.4411987856096593
18784,0,0.012273320987322976
18785,1,0.9523809523809524
18786,0,0.5890221043085738
18787,0,0.45364508039430573
18788,0,0.08636855529675865
18789,0,0.006419011300061342
18790,0,0.2537705425334422
18791,1,0.8213269927009644
18792,0,0.1877895924287348
18793,1,0.48813533432619244
18794,0,0.08598745778098175
18795,1,0.46257783697898525
18796,0,0.405010910211796
18797,0,0.007259318845818979
18798,1,0.42304140684694386
18799,0,0.02846301904217412
18800,0,0.02021566642385932
18801,1,0.6340481552345959
18802,1,0.24388528099530257
18803,0,0.26756237116044046
18804,1,0.6794755706470478
18805,1,0.6733972433641718
18806,0,0.1701479935454412
18807,0,0.037195317546634035
18808,0,0.04597790792845738
18809,0,0.011173095142617032
18810,1,0.7699893778751017
18811,1,0.6733972433641718
18812,0,0.002226139182660922
18813,0,0.0
18814,1,0.6450199420684517
18815,1,0.8428309188911104
18816,0,0.5063710616634626
18817,0,0.07205466449713312
18818,1,0.6026472664522707
18819,0,0.3039629415776205
18820,0,0.008080448869922553
18821,1,0.530454374840276
18822,0,0.37166998336215057
18823,0,0.2599015765860229
18824,0,0.47352435472832904
18825,0,0.22295931393027893
18826,0,0.04751290334822911
18827,0,0.23996803153779897
18828,0,0.5741617922783037
18829,0,0.23042535071484135
18830,0,0.2340301173834266
18831,1,0.4728357482561322
18832,1,0.5457227309934695
18833,0,0.03792787290572228
18834,0,0.28143703349536475
18835,0,0.0
18836,0,0.405010910211796
18837,1,0.8020142423019614
18838,1,0.7425941081229904
18839,0,0.09553712480252764
18840,0,0.0022988505747126436
18841,0,0.003023488255872064
18842,0,0.014971208633180464
18843,1,0.6310232354111945
18844,1,0.6573921541253664
18845,0,0.007259318845818979
18846,0,0.04396007849955219
18847,1,0.5322715841816722
18848,1,0.5554426891709591
18849,0,0.032895839495218376
18850,0,0.4126688904386959
18851,1,0.7853464616935972
18852,0,0.011173095142617032
18853,0,0.28183675697596433
18854,1,0.5146928691822531
18855,0,0.012834532712478246
18856,1,0.5366641363032703
18857,0,0.333280843450335
18858,0,0.33653702081952863
18859,0,0.6952472528841455
18860,0,0.07889671233301027
18861,0,0.019158399051699877
18862,0,0.3260644756344275
18863,0,0.03013322073570863
18864,0,0.23791868656460902
18865,1,0.7450447900980026
18866,0,0.0022988505747126436
18867,0,0.12737384630204965
18868,0,0.13928548303548305
18869,0,0.047634482070041985
18870,0,0.07469845642864802
18871,0,0.35671137663757585
18872,0,0.0
18873,0,0.3314512151376558
18874,0,0.005694373618901921
18875,0,0.23274734524734522
18876,0,0.021993722798551774
18877,0,0.4171727817666821
18878,1,0.8345639710542218
18879,0,0.002226139182660922
18880,0,0.012062506161885046
18881,0,0.3403187206300287
18882,0,0.011173095142617032
18883,1,0.565657719398439
18884,1,0.5307821807821808
18885,0,0.3280463906598208
18886,0,0.05330336387330662
18887,0,0.09459175084175085
18888,0,0.033782738837615366
18889,0,0.030700114159744912
18890,0,0.09301741618814789
18891,0,0.1464771176919064
18892,0,0.04360766045548654
18893,0,0.031605152819154804
18894,0,0.103151788365203
18895,0,0.049823633156966494
18896,0,0.314492930436911
18897,1,0.3361498141540518
18898,0,0.04152162814443516
18899,0,0.15586407040679903
18900,0,0.0015015015015015015
18901,0,0.4265995474919772
18902,0,0.014404315209144184
18903,1,0.6144414434143611
18904,0,0.11642107773388392
18905,0,0.02417240119320387
18906,1,0.7092163643112662
18907,0,0.3947606274505458
18908,1,0.6064930731393264
18909,0,0.02171932886317014
18910,1,0.47815980261153035
18911,0,0.251975349892296
18912,1,0.7540974742519336
18913,1,0.6248729299678318
18914,1,0.6462381732795307
18915,0,0.00306644672841856
18916,0,0.0015015015015015015
18917,0,0.02218979631260333
18918,0,0.27968874631487495
18919,1,0.5366378654120082
18920,1,0.6136190532861265
18921,0,0.0015015015015015015
18922,1,0.5678370539664387
18923,0,0.26000688016829804
18924,0,0.0015015015015015015
18925,0,0.5509906872890169
18926,1,0.508317698561601
18927,0,0.3403187206300287
18928,0,0.016843203035671658
18929,1,0.6119467530952915
18930,0,0.3167516193744478
18931,0,0.012273320987322976
18932,0,0.058277908189880025
18933,1,0.560812549599735
18934,0,0.11545927959279594
18935,1,0.6624595804132457
18936,0,0.14449520266651314
18937,0,0.007216360373272483
18938,0,0.02417240119320387
18939,0,0.07218609171189366
18940,1,0.48569916673364943
18941,0,0.11276180686118575
18942,1,0.5208974607905885
18943,0,0.26546145454768094
18944,0,0.012013402688374671
18945,0,0.04207279188580609
18946,1,0.6532849071832122
18947,1,0.39169767017815893
18948,1,0.5771176597964526
18949,0,0.2969143404488232
18950,1,0.47359349906713627
18951,0,0.10693966715308179
18952,0,0.1194396671530818
18953,1,0.5027873489782071
18954,1,0.5757386600083229
18955,0,0.12397009043350506
18956,0,0.049823633156966494
18957,0,0.07218609171189366
18958,0,0.2584419712676547
18959,1,0.5973929579192738
18960,0,0.4751564390502117
18961,0,0.2068554131054131
18962,1,0.23767333607050034
18963,0,0.19229153987774675
18964,0,0.11029434534869319
18965,0,0.002226139182660922
18966,0,0.06443507244580764
18967,0,0.002226139182660922
18968,1,0.5833962512620167
18969,1,0.5029433890025617
18970,0,0.2876165266124933
18971,0,0.08933936265438702
18972,0,0.21343430287074142
18973,0,0.016563938836293226
18974,0,0.011004425478109689
18975,1,0.5488231470048324
18976,0,0.17971232332083797
18977,1,0.5865478612724498
18978,0,0.02417240119320387
18979,0,0.16670749429370116
18980,0,0.15836954115237722
18981,0,0.6325174307452288
18982,0,0.02370893519961843
18983,1,0.6282879584243785
18984,1,0.6299392552099937
18985,0,0.40424625761371447
18986,0,0.1719462655587616
18987,1,0.525666178584001
18988,0,0.056509443027734196
18989,0,0.525598086124402
18990,0,0.46258107167285517
18991,0,0.10178338549817423
18992,0,0.002226139182660922
18993,1,0.520411870051004
18994,0,0.14081556215176905
18995,0,0.007216360373272483
18996,0,0.02846301904217412
18997,0,0.37589055620186423
18998,1,0.734707629968513
18999,0,0.031234498004129276
19000,0,0.13057379962342114
19001,0,0.031865236213062295
19002,0,0.20872482888624677
19003,1,0.38654362146927795
19004,0,0.017916815849146676
19005,1,0.4894710764275982
19006,1,0.6667372514293414
19007,1,0.6045545957310663
19008,0,0.13436083048945802
19009,0,0.13647009043350505
19010,0,0.20664238350836983
19011,1,0.656573430114934
19012,0,0.29093300110741976
19013,0,0.2584419712676547
19014,0,0.0015015015015015015
19015,0,0.024583482515813344
19016,0,0.24480264380520303
19017,0,0.4915548513634769
19018,1,0.5530550715016734
19019,0,0.008080448869922553
19020,0,0.08061470202058528
19021,0,0.5154474316514059
19022,0,0.15936286555533416
19023,1,0.8723450557103064
19024,0,0.2181000641870207
19025,1,0.5702108068947234
19026,0,0.0015015015015015015
19027,1,0.4601293059763825
19028,0,0.09164901332111912
19029,0,0.024255163575856036
19030,0,0.02218979631260333
19031,0,0.31254009623095436
19032,0,0.3155748630872693
19033,0,0.052240023353252285
19034,1,0.5283270724529915
19035,1,0.7063131261485781
19036,1,0.6869393539559204
19037,1,0.46257783697898525
19038,0,0.4076718363468441
19039,0,0.007820530570974251
19040,0,0.02370893519961843
19041,0,0.058243720665525855
19042,0,0.19006539016257307
19043,0,0.0015015015015015015
19044,0,0.017027404829878665
19045,1,0.6711141830883047
19046,0,0.6641457715391087
19047,1,0.5627957314003825
19048,0,0.251076464835576
19049,1,0.7472126637694272
19050,0,0.16822437441684301
19051,0,0.576225041108762
19052,0,0.006578947368421052
19053,0,0.2507990040470291
19054,0,0.012273320987322976
19055,0,0.17259113421596675
19056,0,0.031234498004129276
19057,1,0.44298661871382033
19058,0,0.06269861023018314
19059,0,0.04705215419501133
19060,0,0.21839700996677738
19061,0,0.016563938836293226
19062,0,0.2420927199486802
19063,0,0.011173095142617032
19064,0,0.46257783697898525
19065,0,0.47697485377736154
19066,0,0.002226139182660922
19067,1,0.7050648946979373
19068,0,0.0015015015015015015
19069,1,0.6733972433641718
19070,0,0.39500702424628326
19071,0,0.41153731378915204
19072,0,0.09242137847907078
19073,0,0.1706218700783918
19074,0,0.07159391534391535
19075,0,0.052240023353252285
19076,0,0.002226139182660922
19077,0,0.26427609299581617
19078,1,0.6814733391500306
19079,0,0.15936286555533416
19080,0,0.12401931711624808
19081,0,0.29479775032006295
19082,0,0.012424484010984144
19083,0,0.0007246376811594203
19084,1,0.6957216641682661
19085,1,0.7166659225775248
19086,0,0.002226139182660922
19087,0,0.4520373308099785
19088,0,0.0062555853440571935
19089,0,0.019418317350648178
19090,0,0.4126688904386959
19091,1,0.681423675888805
19092,1,0.6431482704546485
19093,1,0.298002363203249
19094,0,0.47172832854406127
19095,1,0.6656588021490529
19096,0,0.33310887410776424
19097,0,0.30434043114302056
19098,1,0.5315922885488104
19099,0,0.04597790792845738
19100,1,0.7045701610273403
19101,1,0.42753149163857157
19102,1,0.5376414446104483
19103,1,0.3476990367813153
19104,0,0.20210913117889862
19105,0,0.007259318845818979
19106,1,0.5718871200688055
19107,0,0.00306644672841856
19108,0,0.002226139182660922
19109,0,0.3866571417975848
19110,0,0.0
19111,0,0.011173095142617032
19112,0,0.2975923583704128
19113,1,0.680466010402863
19114,0,0.25801969033748284
19115,0,0.2685283286127307
19116,0,0.44299329558934414
19117,0,0.17236904983383858
19118,0,0.10020905084457127
19119,1,0.5228025486646176
19120,0,0.18731780724400648
19121,0,0.2546820536780204
19122,0,0.07962832900580313
19123,0,0.011173095142617032
19124,0,0.6294354255165193
19125,0,0.5012453866470764
19126,1,0.5970047822755208
19127,0,0.11697672332307966
19128,0,0.06894533442375844
19129,0,0.02021566642385932
19130,0,0.17971232332083797
19131,1,0.6282879584243785
19132,0,0.049823633156966494
19133,0,0.42304140684694386
19134,1,0.734707629968513
19135,1,0.7288144499967908
19136,0,0.0015015015015015015
19137,0,0.03140015993918124
19138,0,0.12250224996703869
19139,1,0.42846083161371507
19140,1,0.6056084605453131
19141,1,0.4371807305481874
19142,0,0.0015015015015015015
19143,1,0.4484230851748552
19144,0,0.2752053383810661
19145,1,0.5658318646123525
19146,0,0.014404315209144184
19147,1,0.5485352195697023
19148,0,0.012371066718892806
19149,0,0.038895974901457735
19150,0,0.012273320987322976
19151,1,0.37319451651963326
19152,0,0.012273320987322976
19153,1,0.5060390793177678
19154,0,0.04166745386341288
19155,0,0.30603218226431167
19156,1,0.6911893470459917
19157,0,0.012371066718892806
19158,1,0.6075453623569101
19159,1,0.8353080186732694
19160,1,0.6933153245190424
19161,1,0.5306293750685296
19162,1,0.7045701610273403
19163,0,0.019158399051699877
19164,1,0.7102634005511197
19165,0,0.5607767665430412
19166,0,0.14617327117327117
19167,0,0.1426240750502743
19168,0,0.0015015015015015015
19169,0,0.2510090399796282
19170,0,0.13730356801008978
19171,0,0.04734254433080187
19172,0,0.006980223025216614
19173,0,0.31357178200325153
19174,1,0.6083647447531296
19175,0,0.15867327117327115
19176,1,0.30713503919337043
19177,0,0.47974045162479345
19178,0,0.4552112271833353
19179,0,0.032895839495218376
19180,0,0.00306644672841856
19181,1,0.6398608072459463
19182,0,0.014971208633180464
19183,0,0.019418317350648178
19184,0,0.002226139182660922
19185,1,0.6733972433641718
19186,0,0.0015015015015015015
19187,0,0.4548743959597916
19188,0,0.036507626002931164
19189,0,0.13623535516355853
19190,0,0.48813533432619244
19191,0,0.0015015015015015015
19192,0,0.09022472051656803
19193,1,0.4293038316243929
19194,0,0.4915548513634769
19195,0,0.10788916718269115
19196,0,0.0051501157908480566
19197,0,0.3155748630872693
19198,0,0.0015015015015015015
19199,1,0.571306776577515
19200,0,0.26123657931800465
19201,0,0.041206704710195115
19202,1,0.5408673377328586
19203,0,0.0
19204,0,0.0015015015015015015
19205,0,0.09164901332111912
19206,0,0.38362441684736187
19207,1,0.5643652795752535
19208,1,0.5970047822755208
19209,0,0.5637419774315104
19210,1,0.5571407858489198
19211,0,0.04213441168075499
19212,0,0.00306644672841856
19213,0,0.01998521077468446
19214,0,0.04739294908858433
19215,0,0.28715478309943737
19216,1,0.5909115103127078
19217,0,0.4552112271833353
19218,0,0.3864917213992903
19219,0,0.04171877505210839
19220,0,0.376730130815398
19221,1,0.45023862337836934
19222,0,0.5001049985391508
19223,1,0.6052469917372424
19224,0,0.0015015015015015015
19225,1,0.8008582230949428
19226,0,0.31169832238656114
19227,0,0.0007246376811594203
19228,0,0.1649402422480071
19229,0,0.03524588516769035
19230,1,0.520411870051004
19231,1,0.5366378654120082
19232,0,0.2945095995958065
19233,0,0.282769409571999
19234,0,0.5157295355512037
19235,0,0.05284261472008885
19236,1,0.7588881447997471
19237,0,0.6041838077999013
19238,1,0.5873542320963353
19239,0,0.5290787782297725
19240,0,0.04809523122325976
19241,1,0.3720764372773231
19242,1,0.8559147335814549
19243,0,0.006419011300061342
19244,0,0.05466106581006506
19245,0,0.17971232332083797
19246,0,0.3475302040007922
19247,1,0.6623992856449026
19248,0,0.0598889766543795
19249,0,0.01180177455132083
19250,0,0.07907970660081354
19251,0,0.0015015015015015015
19252,0,0.0015015015015015015
19253,0,0.39543692162777977
19254,1,0.6733972433641718
19255,0,0.2746160706855106
19256,0,0.1554141682457432
19257,0,0.0015015015015015015
19258,0,0.308139811315539
19259,0,0.16750803394341088
19260,0,0.369032620724788
19261,1,0.5888958376763255
19262,0,0.04304076703145027
19263,0,0.47359349906713627
19264,1,0.26972158380685096
19265,0,0.3409737786642357
19266,0,0.008080448869922553
19267,0,0.39460414980184444
19268,0,0.0007246376811594203
19269,0,0.030952550478352433
19270,1,0.4127809051444336
19271,0,0.017027404829878665
19272,0,0.18762479679690258
19273,0,0.5529684461348352
19274,0,0.376730130815398
19275,1,0.698662419422333
19276,0,0.12714126233629777
19277,0,0.027720322363179506
19278,0,0.37397739593751594
19279,0,0.34857848036054945
19280,0,0.5056528742575255
19281,0,0.0
19282,1,0.4904741191822532
19283,1,0.6708657196462076
19284,0,0.11087962962962965
19285,1,0.6776747138193843
19286,1,0.858342680292456
19287,0,0.059773799781811854
19288,1,0.6431482704546485
19289,0,0.2420004873294347
19290,0,0.2034000023959691
19291,0,0.011004425478109689
19292,0,0.30713503919337043
19293,0,0.13057379962342114
19294,0,0.019569480374309348
19295,0,0.24950733268306038
19296,1,0.556899242790691
19297,1,0.5654948840995353
19298,0,0.019725292475736154
19299,0,0.0
19300,0,0.056509443027734196
19301,0,0.0062555853440571935
19302,0,0.008080448869922553
19303,0,0.30434043114302056
19304,0,0.26207717759972876
19305,1,0.5540283933298221
19306,0,0.2331110321069988
19307,0,0.10020905084457127
19308,0,0.07051966907736139
19309,1,0.6091482461994994
19310,0,0.2520944066922335
19311,0,0.00306644672841856
19312,0,0.11034342302162638
19313,1,0.4736700007113581
19314,0,0.007391304347826088
19315,1,0.5366378654120082
19316,0,0.3947606274505458
19317,0,0.00306644672841856
19318,0,0.30178196884284086
19319,0,0.006419011300061342
19320,0,0.026591150677650815
19321,1,0.7501679006229692
19322,1,0.6976415323336224
19323,0,0.35216124004611754
19324,0,0.01400841888946893
19325,0,0.3299462042217807
19326,0,0.06862469590249885
19327,0,0.12737384630204965
19328,0,0.16605377522588102
19329,1,0.44481935411470647
19330,0,0.34338920396575245
19331,0,0.6819378752209286
19332,0,0.04874938689041253
19333,0,0.12737384630204965
19334,0,0.039332477057510654
19335,0,0.0015015015015015015
19336,0,0.4981050144784069
19337,0,0.039907157831686135
19338,0,0.09250648517664224
19339,1,0.405010910211796
19340,1,0.6871179858984737
19341,0,0.13068118997471392
19342,0,0.0015015015015015015
19343,1,0.7021873047652609
19344,0,0.014404315209144184
19345,0,0.019158399051699877
19346,0,0.44066592791974085
19347,0,0.4027116977869372
19348,0,0.08852406316174433
19349,1,0.34490182725028323
19350,0,0.011173095142617032
19351,0,0.19162336169158556
19352,0,0.008080448869922553
19353,0,0.46257783697898525
19354,0,0.5417256538015396
19355,0,0.0015015015015015015
19356,1,0.7540974742519336
19357,0,0.020298428806511486
19358,0,0.10650663416251742
19359,0,0.020460208492245103
19360,0,0.17808211597394497
19361,1,0.36382381006908665
19362,0,0.052240023353252285
19363,0,0.3625337564543654
19364,0,0.5481552605456755
19365,0,0.0015015015015015015
19366,1,0.8227514941254658
19367,1,0.7062452106034147
19368,1,0.5685359392317467
19369,0,0.012371066718892806
19370,0,0.2951014327161116
19371,1,0.28283721387169664
19372,1,0.622095293281734
19373,0,0.5157295355512037
19374,0,0.2876165266124933
19375,0,0.0
19376,0,0.40341546861635447
19377,0,0.0007246376811594203
19378,1,0.5257050672658657
19379,1,0.6479697518451416
19380,0,0.36450060660586975
19381,0,0.017175794171099334
19382,1,0.3774958620440943
19383,0,0.0015015015015015015
19384,0,0.19081066866662896
19385,0,0.0015015015015015015
19386,0,0.0015015015015015015
19387,0,0.4915548513634769
19388,0,0.09794659663906526
19389,0,0.19818783068783066
19390,1,0.5754337607044993
19391,0,0.36076450578169617
19392,0,0.018729172828551712
19393,0,0.1341536892933032
19394,1,0.8020142423019614
19395,0,0.017027404829878665
19396,0,0.16004562143523532
19397,0,0.0
19398,0,0.5094319668253041
19399,0,0.018729172828551712
19400,0,0.013564007663386548
19401,0,0.005990423336605694
19402,1,0.5627957314003825
19403,1,0.562054612054612
19404,0,0.007259318845818979
19405,0,0.14081556215176905
19406,1,0.6916078833899627
19407,0,0.0015015015015015015
19408,1,0.5654948840995353
19409,0,0.019418317350648178
19410,1,0.7004352889152701
19411,0,0.004917509798559839
19412,0,0.0015015015015015015
19413,0,0.049717118924436
19414,0,0.11238340710635435
19415,0,0.1092551841361923
19416,0,0.27880039872659795
19417,0,0.0015015015015015015
19418,1,0.6234164801439878
19419,1,0.6804900770483936
19420,0,0.001564945226917058
19421,0,0.05744815600329916
19422,1,0.6543207610482688
19423,0,0.6009749662614358
19424,1,0.5562891837893947
19425,0,0.0015015015015015015
19426,0,0.021036075153072074
19427,0,0.275186235484906
19428,0,0.008080448869922553
19429,0,0.2836911121903837
19430,0,0.17760782109889903
19431,0,0.016563938836293226
19432,0,0.2975923583704128
19433,0,0.22368015274992017
19434,1,0.48574894196827206
19435,0,0.13518248954323836
19436,1,0.6479697518451416
19437,0,0.6033092328879512
19438,0,0.002226139182660922
19439,1,0.74281312930338
19440,0,0.44066592791974085
19441,0,0.0051501157908480566
19442,1,0.4761564859106919
19443,0,0.056251410516813365
19444,0,0.6149716729186928
19445,0,0.028874100364783595
19446,1,0.348948571990934
19447,0,0.151281581633941
19448,0,0.002226139182660922
19449,0,0.5366378654120082
19450,1,0.37513468921995635
19451,0,0.02417240119320387
19452,1,0.4998882656695156
19453,1,0.7062452106034147
19454,1,0.3457381453967998
19455,0,0.5783912645991541
19456,1,0.6804900770483936
19457,0,0.08379151900493365
19458,0,0.006578947368421052
19459,1,0.8566587812005024
19460,0,0.003444028138629896
19461,0,0.02370893519961843
19462,0,0.05501971593925617
19463,0,0.0
19464,1,0.6871179858984737
19465,0,0.05008166566788732
19466,0,0.0906541360928081
19467,0,0.3016409470451166
19468,0,0.0
19469,1,0.8359933120535036
19470,1,0.4601293059763825
19471,1,0.6299392552099937
19472,0,0.08046815933078501
19473,0,0.04304076703145027
19474,0,0.4050800545506033
19475,1,0.4915548513634769
19476,0,0.0286175736724502
19477,1,0.5523444942378687
19478,0,0.0022988505747126436
19479,1,0.6811902894755887
19480,0,0.09788898141859832
19481,0,0.38068022914684946
19482,0,0.019418317350648178
19483,0,0.405010910211796
19484,0,0.0015015015015015015
19485,0,0.01400841888946893
19486,0,0.006980223025216614
19487,0,0.002226139182660922
19488,0,0.03129834278902602
19489,0,0.007259318845818979
19490,1,0.6125163898712528
19491,0,0.6310232354111945
19492,0,0.10004319535328283
19493,0,0.0015015015015015015
19494,0,0.4548052516209844
19495,0,0.2067429138608535
19496,1,0.7166659225775248
19497,0,0.002226139182660922
19498,0,0.5485907273648701
19499,0,0.05603913512760698
19500,0,0.17760782109889903
19501,0,0.13133615579267754
19502,0,0.002226139182660922
19503,1,0.6167968341819732
19504,0,0.0015015015015015015
19505,1,0.2656626575581085
19506,1,0.4972109153530319
19507,0,0.1936490040932016
19508,1,0.6582924442040464
19509,0,0.3065443697200974
19510,1,0.634265625442096
19511,1,0.4552112271833353
19512,1,0.5511410798608031
19513,0,0.05884441983363642
19514,1,0.508241690490328
19515,0,0.04705215419501133
19516,0,0.05744815600329916
19517,1,0.53786397417154
19518,0,0.07001958069031239
19519,0,0.08401077480024849
19520,1,0.6517519487244409
19521,1,0.6030188109658309
19522,1,0.6951940816843324
19523,0,0.02417240119320387
19524,1,0.5965862933195057
19525,1,0.4728357482561322
19526,1,0.3494162762822626
19527,0,0.0015015015015015015
19528,0,0.0
19529,0,0.13928548303548305
19530,0,0.3752401743158553
19531,1,0.7541476985849691
19532,1,0.4442246019914484
19533,0,0.007259318845818979
19534,0,0.08516938496613292
19535,0,0.11706336493942691
19536,0,0.2325350951579236
19537,0,0.01823218422408706
19538,0,0.002226139182660922
19539,0,0.7511186739774375
19540,1,0.5552201596098673
19541,0,0.0015015015015015015
19542,0,0.026201240318237243
19543,0,0.13769811940543647
19544,0,0.002226139182660922
19545,0,0.04794940550428203
19546,0,0.2595604434767958
19547,0,0.32617030795068686
19548,0,0.039317042606516285
19549,1,0.731000652374624
19550,0,0.5974677469150572
19551,1,0.46984283095958995
19552,1,0.5651956913245294
19553,0,0.0029239766081871343
19554,1,0.6493171593852253
19555,0,0.13057379962342114
19556,0,0.5943680380958725
19557,1,0.4505731788340484
19558,0,0.007259318845818979
19559,1,0.6310232354111945
19560,0,0.36367920498048534
19561,1,0.7933354971329655
19562,0,0.34470193965984136
19563,0,0.00306644672841856
19564,0,0.011173095142617032
19565,0,0.13057379962342114
19566,1,0.5231534916000935
19567,0,0.06190274063059
19568,0,0.07523148148148148
19569,0,0.3131947501426592
19570,1,0.6299392552099937
19571,1,0.8559147335814549
19572,0,0.36288067715625366
19573,0,0.1464771176919064
19574,1,0.6804900770483936
19575,0,0.0015015015015015015
19576,0,0.080140106332585
19577,1,0.6991639511536816
19578,1,0.5970047822755208
19579,0,0.006419011300061342
19580,0,0.0
19581,0,0.05008166566788732
19582,0,0.0062555853440571935
19583,1,0.30713503919337043
19584,1,0.7059175685674238
19585,0,0.0
19586,0,0.05315753815432891
19587,1,0.3774958620440943
19588,0,0.3667348745243651
19589,1,0.7433622326435719
19590,0,0.4471847029812
19591,1,0.4557910813123491
19592,1,0.6286370293308742
19593,0,0.013564007663386548
19594,0,0.05741340214246618
19595,1,0.6543207610482688
19596,0,0.039332477057510654
19597,0,0.13065617242157526
19598,0,0.002226139182660922
19599,0,0.029417555058580697
19600,1,0.7940010643686563
19601,1,0.3816649632508072
19602,1,0.5564019178653324
19603,0,0.1341536892933032
19604,1,0.5009314624159744
19605,1,0.5916327611090564
19606,0,0.041206704710195115
19607,0,0.003023488255872064
19608,0,0.02417240119320387
19609,0,0.49923304484040126
19610,0,0.07383786848072563
19611,0,0.0015015015015015015
19612,0,0.012273320987322976
19613,0,0.019418317350648178
19614,0,0.2430625830034411
19615,0,0.0015015015015015015
19616,1,0.6010730189387843
19617,1,0.4227045756234002
19618,0,0.028287215787215783
19619,0,0.002226139182660922
19620,1,0.4445473403438374
19621,0,0.07205466449713312
19622,0,0.003023488255872064
19623,0,0.23042535071484135
19624,1,0.6459742136722822
19625,0,0.44066592791974085
19626,0,0.019418317350648178
19627,1,0.5108932461873638
19628,0,0.103151788365203
19629,0,0.42846083161371507
19630,1,0.4957843236843273
19631,0,0.2340301173834266
19632,1,0.6821637426900585
19633,0,0.011173095142617032
19634,0,0.2656626575581085
19635,1,0.6517519487244409
19636,0,0.006980223025216614
19637,0,0.10020905084457127
19638,1,0.4588581234172997
19639,0,0.028874100364783595
19640,0,0.08933936265438702
19641,1,0.5634375851628756
19642,1,0.6624595804132457
19643,0,0.47616171736569163
19644,0,0.40764827284915867
19645,0,0.016563938836293226
19646,0,0.1647255792683079
19647,0,0.5134667604227213
19648,0,0.038081208914542246
19649,0,0.172061163275952
19650,0,0.007216360373272483
19651,0,0.1194396671530818
19652,0,0.27799994643141596
19653,0,0.34766243349201575
19654,1,0.3832484474454048
19655,0,0.47393033029067994
19656,0,0.25450390818010743
19657,0,0.37165775196906004
19658,1,0.46833134659221615
19659,0,0.17971232332083797
19660,1,0.8213269927009644
19661,0,0.0015015015015015015
19662,1,0.8566587812005024
19663,0,0.09253545032530541
19664,0,0.2752053383810661
19665,0,0.002226139182660922
19666,1,0.8008582230949428
19667,0,0.16670749429370116
19668,1,0.7883016985471393
19669,0,0.006980223025216614
19670,1,0.6393024637675929
19671,1,0.7901540750377959
19672,0,0.2623108967798247
19673,0,0.22944773460445855
19674,0,0.0007246376811594203
19675,0,0.33915639973294825
19676,0,0.0015015015015015015
19677,0,0.5700671696049201
19678,1,0.61364522417154
19679,1,0.8575986326734083
19680,0,0.4915548513634769
19681,0,0.05788799783046645
19682,0,0.006419011300061342
19683,0,0.11227626037408646
19684,1,0.34447195205815895
19685,0,0.002226139182660922
19686,0,0.02417240119320387
19687,0,0.2097430723659008
19688,1,0.5179187623046635
19689,0,0.006419011300061342
19690,0,0.012062506161885046
19691,0,0.30434043114302056
19692,0,0.001564945226917058
19693,1,0.4229653607210591
19694,0,0.08597615566093043
19695,0,0.2308717874063436
19696,0,0.3167516193744478
19697,1,0.8723450557103064
19698,0,0.055177164250259404
19699,0,0.06895386359672073
19700,1,0.7139095912846081
19701,0,0.5858925532776923
19702,0,0.047911889375304016
19703,0,0.05304558605051216
19704,1,0.42846083161371507
19705,0,0.11457611642864035
19706,0,0.008877797943133696
19707,0,0.26668956935262617
19708,0,0.08888237113525944
19709,1,0.5123131996420233
19710,0,0.30713503919337043
19711,1,0.6134409484293257
19712,1,0.8213269927009644
19713,0,0.2157386276398252
19714,0,0.4721283883512986
19715,0,0.37325319356450165
19716,0,0.22159114091853774
19717,1,0.4704560787159024
19718,0,0.05730942441386469
19719,0,0.2546820536780204
19720,0,0.002226139182660922
19721,0,0.30938236634439165
19722,0,0.36945033158946555
19723,0,0.26845726560845834
19724,1,0.4728357482561322
19725,1,0.7754509248781122
19726,0,0.3084399545616306
19727,1,0.44859126380865516
19728,0,0.2014180873705758
19729,1,0.4894710764275982
19730,0,0.008080448869922553
19731,1,0.479180418717884
19732,0,0.5146928691822531
19733,0,0.02021566642385932
19734,1,0.42735341190164416
19735,0,0.5305307394728787
19736,1,0.3710845826097886
19737,1,0.405010910211796
19738,0,0.6450199420684517
19739,0,0.13436083048945802
19740,0,0.33220636504017614
19741,0,0.48368072078931507
19742,0,0.24183746640866707
19743,0,0.17760782109889903
19744,0,0.020575325999854305
19745,0,0.22421241559519564
19746,0,0.22490707190509696
19747,0,0.3016409470451166
19748,0,0.0015015015015015015
19749,0,0.0950009181945244
19750,0,0.20114306640530244
19751,0,0.008080448869922553
19752,1,0.49116836673504327
19753,0,0.09207821816596877
19754,0,0.051768368453534906
19755,0,0.0007246376811594203
19756,0,0.027354961477768492
19757,0,0.0
19758,0,0.0015015015015015015
19759,0,0.08228700630201567
19760,0,0.2546820536780204
19761,0,0.29117503768351544
19762,1,0.764609209870093
19763,0,0.5911503259822771
19764,1,0.633064893132959
19765,0,0.5491957931588614
19766,1,0.665748655381698
19767,0,0.002226139182660922
19768,0,0.03807335668658562
19769,0,0.3582042651273684
19770,1,0.6776747138193843
19771,0,0.22176336168956093
19772,0,0.013564007663386548
19773,0,0.04152162814443516
19774,0,0.02846301904217412
19775,1,0.5217752758485422
19776,0,0.3010692956213092
19777,1,0.46020140213262534
19778,0,0.10082194228535692
19779,0,0.4374772939478822
19780,1,0.6957549669414077
19781,0,0.007259318845818979
19782,0,0.4728357482561322
19783,0,0.0015015015015015015
19784,0,0.0015015015015015015
19785,0,0.03350204878298925
19786,0,0.46963793006362975
19787,0,0.07001958069031239
19788,0,0.06758252818035428
19789,0,0.19640140048764357
19790,1,0.4612040185434681
19791,0,0.007259318845818979
19792,0,0.0652721971934833
19793,1,0.4645585082076698
19794,0,0.33889275584066486
19795,0,0.2454154126403437
19796,0,0.2546820536780204
19797,1,0.4957843236843273
19798,0,0.2656626575581085
19799,1,0.4947476573153767
19800,0,0.0062555853440571935
19801,0,0.019418317350648178
19802,0,0.007259318845818979
19803,0,0.28183675697596433
19804,1,0.6930667948983968
19805,1,0.6385429334797861
19806,0,0.23055318013253032
19807,0,0.005947464864059199
19808,0,0.15898016917948884
19809,1,0.7397298956414978
19810,1,0.4861339171683999
19811,0,0.2845720393150201
19812,0,0.43261410230557235
19813,0,0.0
19814,0,0.26960401611249385
19815,0,0.04152162814443516
19816,0,0.012273320987322976
19817,0,0.0015015015015015015
19818,0,0.02846301904217412
19819,0,0.549816836124402
19820,0,0.013564007663386548
19821,0,0.03417163890113639
19822,0,0.3403187206300287
19823,1,0.5023030987457865
19824,0,0.38209380930457143
19825,1,0.37310766466846323
19826,0,0.4252727939219556
19827,0,0.3809111737914015
19828,0,0.47359349906713627
19829,0,0.0015015015015015015
19830,1,0.8146425495262705
19831,1,0.6160291725194232
19832,0,0.006980223025216614
19833,1,0.5168211656240299
19834,0,0.3403187206300287
19835,1,0.5170370370370371
19836,1,0.6092114761084754
19837,0,0.02370893519961843
19838,0,0.05663983429571754
19839,0,0.08644088067107225
19840,0,0.04213441168075499
19841,0,0.02417240119320387
19842,0,0.04731018670593217
19843,0,0.13950187120918828
19844,0,0.06343773605036174
19845,1,0.8227514941254658
19846,0,0.0007246376811594203
19847,0,0.4541038074712644
19848,0,0.08077932513093487
19849,0,0.08453606741583126
19850,0,0.37589055620186423
19851,0,0.0
19852,0,0.04166745386341288
19853,0,0.22194137207362152
19854,0,0.6341131382360768
19855,0,0.4568767854928308
19856,1,0.40341546861635447
19857,0,0.003023488255872064
19858,0,0.0295453140136447
19859,0,0.33374558439429913
19860,1,0.6393024637675929
19861,0,0.002226139182660922
19862,1,0.6891446797234525
19863,1,0.4642970516083899
19864,1,0.6202348690153568
19865,1,0.5023030987457865
19866,1,0.7062452106034147
19867,0,0.31118362786807424
19868,0,0.4731378700998954
19869,0,0.006980223025216614
19870,0,0.0015015015015015015
19871,1,0.5207225796725591
19872,0,0.07453159945340464
19873,0,0.20208007954486829
19874,1,0.5527186959973845
19875,1,0.4680746456608526
19876,0,0.0
19877,0,0.6068195812807882
19878,0,0.15359144679796854
19879,0,0.4781898547860363
19880,0,0.051737089201877924
19881,0,0.11034342302162638
19882,1,0.49726633710193946
19883,1,0.2584419712676547
19884,0,0.21194444444444446
19885,0,0.02417240119320387
19886,1,0.8348233687216737
19887,0,0.012273320987322976
19888,1,0.8331394696297204
19889,1,0.6496088067442187
19890,0,0.0015015015015015015
19891,1,0.7554448817920174
19892,1,0.7207055053975955
19893,1,0.6706667430404399
19894,0,0.4130676976159298
19895,0,0.004425478109688636
19896,0,0.08598745778098175
19897,0,0.21290185282805207
19898,0,0.002226139182660922
19899,0,0.6149716729186928
19900,0,0.03524588516769035
19901,0,0.027007724940055766
19902,0,0.11087962962962965
19903,0,0.26123657931800465
19904,1,0.5673248161053039
19905,0,0.1658939574637249
19906,0,0.6654456654456654
19907,0,0.3177917140765438
19908,1,0.6385429334797861
19909,0,0.44066592791974085
19910,0,0.0015015015015015015
19911,0,0.2715343314605307
19912,0,0.3299462042217807
19913,0,0.002226139182660922
19914,0,0.0
19915,1,0.43891567392543474
19916,1,0.5627957314003825
19917,1,0.5102236055157212
19918,0,0.2622461248689533
19919,1,0.42304140684694386
19920,0,0.0
19921,0,0.2793418313203953
19922,0,0.11743883420423705
19923,1,0.6733972433641718
19924,0,0.043281489336632485
19925,0,0.11326657129975337
19926,0,0.0015015015015015015
19927,0,0.0015015015015015015
19928,1,0.5087358541878265
19929,1,0.5191782461611839
19930,1,0.6393024637675929
19931,0,0.09242137847907078
19932,0,0.0007246376811594203
19933,0,0.622054606886558
19934,0,0.0015015015015015015
19935,0,0.0
19936,1,0.7853464616935972
19937,1,0.4371807305481874
19938,0,0.5537642045454546
19939,0,0.3078173683939169
19940,1,0.7540974742519336
19941,1,0.661272208320718
19942,0,0.00306644672841856
19943,1,0.6854936787114371
19944,0,0.055612191718463495
19945,0,0.08291158529454017
19946,1,0.696461216428145
19947,0,0.1918093045682109
19948,1,0.6924216336080743
19949,1,0.7769415761614832
19950,0,0.006980223025216614
19951,0,0.0534158615136876
19952,1,0.6202348690153568
19953,0,0.2948228487582257
19954,0,0.019418317350648178
19955,0,0.0801539528673675
19956,0,0.5298716242575255
19957,1,0.338239764485041
19958,0,0.5103596751224277
19959,0,0.050177868077653766
19960,0,0.1464771176919064
19961,1,0.5115000632303534
19962,1,0.4686347977755552
19963,0,0.25649998786466677
19964,0,0.0015015015015015015
19965,0,0.019862728576730562
19966,1,0.3733223379033089
19967,0,0.06080006087670444
19968,0,0.4150181173386786
19969,1,0.6340481552345959
19970,0,0.5204458457091122
19971,0,0.06895386359672073
19972,0,0.0051501157908480566
19973,0,0.45093768905021187
19974,0,0.2014180873705758
19975,0,0.006419011300061342
19976,1,0.6957549669414077
19977,0,0.38424666774593924
19978,0,0.002226139182660922
19979,0,0.01616959064327485
19980,1,0.5095890363231895
19981,0,0.0015015015015015015
19982,1,0.726927884604576
19983,0,0.12770436927413673
19984,1,0.33889275584066486
19985,1,0.737418128266583
19986,0,0.02171932886317014
19987,0,0.1867040652303544
19988,1,0.4904012905827788
19989,1,0.42304140684694386
19990,0,0.006419011300061342
19991,0,0.26638944908607826
19992,0,0.10020905084457127
19993,0,0.17760782109889903
19994,0,0.07065109629212192
19995,0,0.049823633156966494
19996,0,0.02111792858260052
19997,1,0.5817471503518016
19998,0,0.37596547821731646
19999,0,0.030118008537944913
20000,1,0.5904068501311345
20001,1,0.44753400711862573
20002,0,0.010771819485821474
20003,0,0.14109144679796856
20004,0,0.5249520519934094
20005,0,0.005990423336605694
20006,0,0.016843203035671658
20007,1,0.7530297739626542
20008,1,0.46000116103564376
20009,0,0.27077926014096226
20010,0,0.2232046644243876
20011,1,0.5885997429377932
20012,0,0.44066592791974085
20013,0,0.006980223025216614
20014,0,0.005694373618901921
20015,0,0.14550925925925925
20016,0,0.0
20017,1,0.667914963712018
20018,0,0.5161056986773463
20019,0,0.31118362786807424
20020,0,0.0015015015015015015
20021,0,0.0015015015015015015
20022,0,0.4823086699233488
20023,1,0.6891446797234525
20024,1,0.6733972433641718
20025,0,0.0
20026,0,0.002226139182660922
20027,0,0.12767531764010637
20028,0,0.25649998786466677
20029,0,0.05607294087168127
20030,0,0.012273320987322976
20031,0,0.21670260080856107
20032,0,0.0007246376811594203
20033,1,0.7419489468326678
20034,0,0.05068972033257748
20035,0,0.007259318845818979
20036,0,0.47815980261153035
20037,0,0.529581232942833
20038,1,0.4468756596538137
20039,0,0.5597216378701039
20040,0,0.11014696685428392
20041,0,0.002226139182660922
20042,0,0.14345604145401225
20043,0,0.16830546893818996
20044,1,0.3720764372773231
20045,1,0.48181778135524667
20046,0,0.0051501157908480566
20047,0,0.6094206088679192
20048,1,0.5057598553989894
20049,0,0.002226139182660922
20050,1,0.5408673377328586
20051,0,0.003023488255872064
20052,0,0.22159114091853774
20053,0,0.02218979631260333
20054,0,0.6141401667181229
20055,0,0.03370554059463159
20056,1,0.5408673377328586
20057,1,0.3457381453967998
20058,1,0.6546122163858875
20059,0,0.06260912352866375
20060,0,0.0062555853440571935
20061,1,0.680466010402863
20062,0,0.02846301904217412
20063,0,0.02218979631260333
20064,0,0.29890140249947184
20065,1,0.2579196615606297
20066,0,0.7866177994551857
20067,0,0.1717073972767722
20068,0,0.028874100364783595
20069,0,0.07159391534391535
20070,1,0.44643141945773523
20071,0,0.21862472766884533
20072,0,0.4056807069980258
20073,1,0.7061423761423762
20074,1,0.4915548513634769
20075,0,0.15941550423366121
20076,0,0.012371066718892806
20077,0,0.06145954316686023
20078,0,0.40764827284915867
20079,0,0.4660305645533884
20080,0,0.29479775032006295
20081,0,0.0
20082,0,0.31271423541086457
20083,0,0.3039629415776205
20084,1,0.4117871909376653
20085,0,0.0022988505747126436
20086,0,0.03013322073570863
20087,0,0.09058953494024286
20088,1,0.6503004214868621
20089,1,0.47616171736569163
20090,1,0.7166237717186736
20091,1,0.5639303945755558
20092,0,0.27617520143582697
20093,0,0.24957878966499658
20094,0,0.011173095142617032
20095,0,0.2935904251693725
20096,1,0.8441022566526989
20097,0,0.10468186748148901
20098,0,0.11355072272282851
20099,1,0.8441022566526989
20100,1,0.6648173832639852
20101,0,0.31903751420992804
20102,0,0.4405898817938561
20103,0,0.10268103453264427
20104,0,0.4126688904386959
20105,0,0.0007246376811594203
20106,0,0.004917509798559839
20107,0,0.002226139182660922
20108,0,0.25488999397227247
20109,1,0.7144724556489263
20110,0,0.019418317350648178
20111,0,0.14023085699625984
20112,0,0.49116836673504327
20113,0,0.39864158144319006
20114,0,0.03792787290572228
20115,0,0.34857848036054945
20116,0,0.3347821160095957
20117,0,0.006419011300061342
20118,0,0.02370893519961843
20119,1,0.7101819589624467
20120,0,0.0
20121,1,0.6976415323336224
20122,1,0.602138230857954
20123,1,0.5562891837893947
20124,1,0.5910337812005024
20125,0,0.5439296966950847
20126,0,0.034623055395708216
20127,0,0.3306732682879472
20128,0,0.002226139182660922
20129,0,0.03766227536397614
20130,1,0.5235176858661955
20131,0,0.0007246376811594203
20132,1,0.6871179858984737
20133,0,0.4304112513364638
20134,0,0.07907970660081354
20135,0,0.5773990349806425
20136,0,0.027720322363179506
20137,1,0.47352435472832904
20138,0,0.029417555058580697
20139,0,0.11238340710635435
20140,0,0.0062555853440571935
20141,0,0.44066592791974085
20142,1,0.7699893778751017
20143,1,0.6891446797234525
20144,0,0.07048032984353016
20145,0,0.014404315209144184
20146,0,0.0015015015015015015
20147,0,0.17618814740293612
20148,0,0.4967283285440613
20149,1,0.6338131442864844
20150,0,0.049717118924436
20151,1,0.7627011525217261
20152,0,0.166624086461043
20153,0,0.26123657931800465
20154,0,0.20323862763982525
20155,0,0.17760782109889903
20156,0,0.4981050144784069
20157,1,0.45182237940858627
20158,0,0.2181000641870207
20159,0,0.007216360373272483
20160,0,0.03196705336321752
20161,0,0.41958021776203597
20162,1,0.858342680292456
20163,0,0.2940038415162477
20164,0,0.0
20165,1,0.521701282249425
20166,1,0.63744694225849
20167,0,0.10140982899603589
20168,1,0.5366378654120082
20169,0,0.02417240119320387
20170,1,0.5768610264227643
20171,1,0.446085352686512
20172,0,0.33727490407749344
20173,0,0.21839700996677738
20174,0,0.30434043114302056
20175,1,0.6657375145180023
20176,0,0.1407155181803069
20177,0,0.027720322363179506
20178,0,0.4054126481092773
20179,0,0.04787708012996845
20180,0,0.5423493511504707
20181,1,0.42414211700823773
20182,1,0.5317743714986558
20183,0,0.03766227536397614
20184,1,0.4227045756234002
20185,0,0.05437228351685758
20186,0,0.1964185240047309
20187,1,0.7915785764622973
20188,0,0.3720764372773231
20189,0,0.001564945226917058
20190,0,0.29093300110741976
20191,0,0.037006962647988285
20192,0,0.006980223025216614
20193,1,0.5537068295688985
20194,0,0.0015015015015015015
20195,0,0.059861040285568594
20196,0,0.17415938070900228
20197,1,0.8559147335814549
20198,0,0.6488415099784279
20199,0,0.04751290334822911
20200,0,0.2993236834296437
20201,0,0.37325319356450165
20202,0,0.10178338549817423
20203,1,0.42414211700823773
20204,1,0.4806170401877294
20205,0,0.14722623055956388
20206,0,0.03499073200871516
20207,0,0.033736147040976015
20208,0,0.28987685738926355
20209,1,0.6648660981752591
20210,1,0.5234254418720438
20211,0,0.12401931711624808
20212,1,0.891901746448463
20213,0,0.0022988505747126436
20214,0,0.3954371163946151
20215,0,0.012273320987322976
20216,0,0.2141084202929322
20217,1,0.6459742136722822
20218,0,0.011004425478109689
20219,1,0.6075453623569101
20220,0,0.07051966907736139
20221,1,0.5257001542421093
20222,0,0.4232896527227216
20223,0,0.39221645878416833
20224,0,0.0
20225,0,0.24746136738756663
20226,0,0.041673662527537216
20227,0,0.13647009043350505
20228,0,0.49810439709390586
20229,1,0.8353080186732694
20230,0,0.0062555853440571935
20231,0,0.0
20232,0,0.04734254433080187
20233,0,0.008080448869922553
20234,0,0.411228902066526
20235,0,0.342706874765206
20236,0,0.0778085177733065
20237,0,0.0
20238,1,0.7425941081229904
20239,0,0.008080448869922553
20240,1,0.6385429334797861
20241,0,0.31369347417820714
20242,0,0.08336125256856963
20243,0,0.0007246376811594203
20244,1,0.6149716729186928
20245,1,0.5408673377328586
20246,0,0.09680529497602668
20247,1,0.858342680292456
20248,0,0.2353150438143153
20249,0,0.0
20250,1,0.4842486893870293
20251,0,0.2546820536780204
20252,1,0.6804900770483936
20253,0,0.058965599733582896
20254,0,0.23344686502581236
20255,1,0.5885997429377932
20256,0,0.001564945226917058
20257,0,0.009904199633403749
20258,1,0.659446673408488
20259,0,0.0041928721174004195
20260,1,0.6282879584243785
20261,1,0.565657719398439
20262,0,0.006419011300061342
20263,0,0.4728357482561322
20264,0,0.3384740705324018
20265,0,0.13928548303548305
20266,1,0.7658167734934649
20267,1,0.7229245565887653
20268,0,0.2070777185625422
20269,0,0.39500702424628326
20270,0,0.13883364712637578
20271,0,0.07159391534391535
20272,0,0.021993722798551774
20273,0,0.0
20274,1,0.5335493240029893
20275,0,0.08016189457822527
20276,1,0.41995887526087694
20277,0,0.0
20278,1,0.6517519487244409
20279,0,0.39463839380354804
20280,1,0.6153615746683783
20281,0,0.43029341151149286
20282,1,0.5718871200688055
20283,0,0.3004968440949134
20284,1,0.5874621014525632
20285,1,0.8457861557446523
20286,0,0.30434043114302056
20287,0,0.22589034581654507
20288,0,0.29479775032006295
20289,0,0.18528439153439155
20290,0,0.0015015015015015015
20291,1,0.7388164602119334
20292,0,0.187557015143222
20293,0,0.3078173683939169
20294,0,0.4150181173386786
20295,1,0.4923679877751468
20296,0,0.012273320987322976
20297,0,0.09680529497602668
20298,1,0.7917449615548687
20299,0,0.003023488255872064
20300,0,0.21117632367632366
20301,1,0.6650969430506083
20302,1,0.5078417550624515
20303,0,0.5196769039722563
20304,0,0.06266387635999408
20305,0,0.23996803153779897
20306,0,0.09896322768515227
20307,0,0.0015015015015015015
20308,0,0.2141084202929322
20309,0,0.031605152819154804
20310,0,0.11706336493942691
20311,1,0.6615173527037933
20312,0,0.16803044797291658
20313,1,0.5595625141987259
20314,0,0.2603416848699867
20315,0,0.4388664056994533
20316,1,0.5562563349760582
20317,1,0.5432837822652848
20318,0,0.6108502467301334
20319,1,0.37446459141250044
20320,0,0.5707880813143972
20321,0,0.103151788365203
20322,1,0.4371807305481874
20323,0,0.011173095142617032
20324,0,0.040132458443641154
20325,1,0.4751564390502117
20326,0,0.02727884222135368
20327,0,0.05224823697730102
20328,0,0.09748584748584749
20329,1,0.8214801563638773
20330,0,0.07048032984353016
20331,0,0.1179432986498204
20332,0,0.09612182995803686
20333,0,0.08516938496613292
20334,0,0.012273320987322976
20335,0,0.3798037540793306
20336,0,0.49726633710193946
20337,1,0.7288144499967908
20338,1,0.4911740786988122
20339,0,0.2325350951579236
20340,1,0.37325319356450165
20341,0,0.27775140286791355
20342,0,0.017916815849146676
20343,1,0.3320689142395853
20344,0,0.37325319356450165
20345,0,0.13623535516355853
20346,0,0.0015015015015015015
20347,1,0.8559147335814549
20348,0,0.42605944196831375
20349,0,0.23401003856796013
20350,0,0.30713503919337043
20351,0,0.058383670680418644
20352,0,0.3857916640525336
20353,1,0.6863131774846546
20354,0,0.002226139182660922
20355,1,0.5488231470048324
20356,0,0.12470683550495758
20357,0,0.010771819485821474
20358,0,0.13278133903133904
20359,0,0.26429281180521796
20360,1,0.44066592791974085
20361,0,0.008080448869922553
20362,0,0.05008166566788732
20363,0,0.20019812472642662
20364,0,0.002226139182660922
20365,1,0.8559147335814549
20366,1,0.8227514941254658
20367,0,0.02218979631260333
20368,0,0.6384656508954825
20369,0,0.6562137049941928
20370,1,0.7887897247013269
20371,0,0.0051501157908480566
20372,0,0.5724833076527992
20373,1,0.4483417557429332
20374,0,0.00306644672841856
20375,0,0.043281489336632485
20376,0,0.08933936265438702
20377,0,0.39463839380354804
20378,0,0.011173095142617032
20379,1,0.6479697518451416
20380,1,0.6424929624598908
20381,0,0.16994188670728957
20382,0,0.10015997317163806
20383,0,0.5423493511504707
20384,0,0.446085352686512
20385,1,0.6200514485773388
20386,0,0.0015015015015015015
20387,1,0.6393024637675929
20388,0,0.05028438231018426
20389,0,0.38061108480804223
20390,0,0.0062555853440571935
20391,0,0.16670749429370116
20392,1,0.6642343007245515
20393,1,0.5970047822755208
20394,1,0.4302513578375648
20395,0,0.32006809386937424
20396,0,0.17236904983383858
20397,0,0.002226139182660922
20398,0,0.2951014327161116
20399,1,0.5263145691872456
20400,0,0.016563938836293226
20401,1,0.6385362950265457
20402,0,0.09634274387431678
20403,0,0.0
20404,1,0.4548052516209844
20405,0,0.003023488255872064
20406,0,0.017027404829878665
20407,0,0.008080448869922553
20408,1,0.623765510255761
20409,0,0.00306644672841856
20410,1,0.8132180481017691
20411,0,0.0945474953044339
20412,1,0.42810899261162505
20413,1,0.5634510393951402
20414,1,0.6320201584137802
20415,1,0.4830866167730575
20416,0,0.27559582672473604
20417,1,0.5509906872890169
20418,0,0.3373040954653213
20419,0,0.1964185240047309
20420,0,0.0007246376811594203
20421,0,0.031234498004129276
20422,1,0.6283438136145522
20423,0,0.08857314083467753
20424,0,0.11430573251225425
20425,0,0.30713503919337043
20426,0,0.16605377522588102
20427,0,0.47967130728598617
20428,1,0.40923782454565605
20429,1,0.6733972433641718
20430,0,0.23042535071484135
20431,1,0.7288144499967908
20432,1,0.5286922936013387
20433,0,0.026943880155159017
20434,0,0.04166745386341288
20435,1,0.8355674163407215
20436,0,0.10417136033519914
20437,0,0.05028438231018426
20438,0,0.017027404829878665
20439,1,0.6433228033289995
20440,1,0.24154418692709312
20441,0,0.05437228351685758
20442,0,0.05617908514249977
20443,0,0.002226139182660922
20444,0,0.0015015015015015015
20445,0,0.05154948608895978
20446,0,0.04751290334822911
20447,0,0.47788936936375626
20448,1,0.6431482704546485
20449,0,0.36699966458268035
20450,1,0.7212116950091634
20451,1,0.5334119722895978
20452,0,0.3590455547602973
20453,0,0.0015015015015015015
20454,1,0.6381582056829392
20455,0,0.2420927199486802
20456,1,0.572765411552597
20457,0,0.5263603752606234
20458,1,0.7229245565887653
20459,0,0.10930529497602669
20460,0,0.46143312311943346
20461,0,0.20607977486336057
20462,0,0.11476648166547203
20463,0,0.05028438231018426
20464,0,0.056509443027734196
20465,1,0.4667387933210718
20466,0,0.0015015015015015015
20467,0,0.5176962327435718
20468,0,0.0062555853440571935
20469,1,0.6718623321330707
20470,1,0.690952575395205
20471,0,0.3161911726617609
20472,0,0.2890366693479774
20473,0,0.33727490407749344
20474,0,0.05160080455490242
20475,0,0.10679312446328153
20476,0,0.0015015015015015015
20477,0,0.4388664056994533
20478,0,0.567395551123821
20479,0,0.6289199501063908
20480,0,0.17948337893990066
20481,0,0.31651361558338303
20482,0,0.012273320987322976
20483,0,0.031234498004129276
20484,0,0.446085352686512
20485,1,0.7866177994551857
20486,1,0.6896653023151577
20487,1,0.5976600985221675
20488,0,0.0015015015015015015
20489,0,0.35827541063893914
20490,0,0.1562652355587595
20491,0,0.0015015015015015015
20492,0,0.03013322073570863
20493,0,0.5250843026781437
20494,1,0.6299392552099937
20495,1,0.7119025015355441
20496,0,0.2780295566502463
20497,0,0.12773085699625986
20498,0,0.1950290502256794
20499,0,0.06373720177371156
20500,0,0.0015015015015015015
20501,0,0.0
20502,0,0.00306644672841856
20503,1,0.6282537697171843
20504,0,0.025329409842409997
20505,0,0.006419011300061342
20506,1,0.5664902031976747
20507,0,0.2536343168100445
20508,1,0.7021873047652609
20509,1,0.5011726875678543
20510,0,0.0007246376811594203
20511,0,0.0
20512,1,0.5754337607044993
20513,0,0.037195317546634035
20514,0,0.002226139182660922
20515,0,0.029779203902010918
20516,0,0.6625918485034507
20517,0,0.46203773145532195
20518,1,0.5783912645991541
20519,1,0.7250782948882022
20520,0,0.008080448869922553
20521,0,0.12384657907045966
20522,1,0.30713503919337043
20523,1,0.4992474413004215
20524,0,0.0
20525,0,0.5305307394728787
20526,0,0.2751264423513734
20527,1,0.6898901098901099
20528,1,0.5503004214868622
20529,0,0.4606111397866173
20530,0,0.11034342302162638
20531,0,0.05884441983363642
20532,1,0.7050648946979373
20533,0,0.5154503906825888
20534,0,0.4704560787159024
20535,0,0.07231718148928729
20536,0,0.377504105090312
20537,0,0.6690710355495919
20538,0,0.45035646320334033
20539,1,0.48574894196827206
20540,0,0.1401976646541864
20541,0,0.003023488255872064
20542,0,0.24950733268306038
20543,1,0.7731732113356208
20544,1,0.6733972433641718
20545,0,0.16726630772568907
20546,0,0.40764827284915867
20547,0,0.1363427455148513
20548,0,0.027007724940055766
20549,1,0.7658805476316813
20550,0,0.4591357742762174
20551,0,0.7242397125615652
20552,0,0.3049502496139534
20553,0,0.0015015015015015015
20554,0,0.0015015015015015015
20555,0,0.15303783210759955
20556,0,0.025322255168437526
20557,0,0.007259318845818979
20558,0,0.05211512412812428
20559,1,0.5257050672658657
20560,0,0.031234498004129276
20561,0,0.32634473059694563
20562,0,0.037360979481686
20563,1,0.7785088548559904
20564,1,0.4793545233175915
20565,1,0.5217467717467718
20566,0,0.002226139182660922
20567,0,0.49770180392113406
20568,0,0.1498117623117623
20569,1,0.5035261395853123
20570,0,0.23850063050814788
20571,0,0.0
20572,0,0.02218979631260333
20573,0,0.1562652355587595
20574,0,0.0
20575,0,0.0015015015015015015
20576,1,0.5970047822755208
20577,1,0.37325319356450165
20578,0,0.3109344193658889
20579,0,0.5077048262876604
20580,1,0.8146425495262705
20581,0,0.1194396671530818
20582,1,0.5283270724529915
20583,0,0.34272956638521324
20584,1,0.5117862667911325
20585,1,0.6225687818755855
20586,0,0.5481552605456755
20587,0,0.011004425478109689
20588,0,0.3020375972342264
20589,0,0.2397074335670827
20590,1,0.858342680292456
20591,0,0.08862433862433862
20592,0,0.19220813204508858
20593,0,0.009904199633403749
20594,0,0.14543898964630672
20595,0,0.0015015015015015015
20596,1,0.7472126637694272
20597,0,0.11649346024346025
20598,0,0.17236904983383858
20599,1,0.421073840995811
20600,1,0.5307821807821808
20601,1,0.4149002775137076
20602,0,0.2752053383810661
20603,1,0.6666436259504297
20604,1,0.5334119722895978
20605,0,0.07065109629212192
20606,0,0.15848776714995896
20607,0,0.2595604434767958
20608,0,0.07048032984353016
20609,0,0.06192029232007801
20610,0,0.42304140684694386
20611,1,0.7062452106034147
20612,1,0.3720764372773231
20613,1,0.49808567019424616
20614,0,0.2141084202929322
20615,0,0.07861386907174053
20616,1,0.2716655913898756
20617,0,0.019534573651570575
20618,0,0.03350204878298925
20619,0,0.2969143404488232
20620,0,0.045812245993405415
20621,0,0.09612182995803686
20622,1,0.5773990349806425
20623,0,0.10930529497602669
20624,0,0.26681577553549873
20625,0,0.049823633156966494
20626,0,0.006980223025216614
20627,0,0.0007246376811594203
20628,0,0.17061607918938257
20629,1,0.34766243349201575
20630,1,0.6543207610482688
20631,0,0.28039584032203957
20632,0,0.028113715496471427
20633,0,0.35252987048885265
20634,1,0.23464367917198103
20635,0,0.1179432986498204
20636,0,0.028747964940433555
20637,0,0.46799726174575645
20638,0,0.36635761440715003
20639,1,0.3930429522081065
20640,0,0.01998521077468446
20641,1,0.4601293059763825
20642,0,0.006980223025216614
20643,0,0.1418024567352788
20644,0,0.369032620724788
20645,1,0.6447439779454965
20646,0,0.23055318013253032
20647,0,0.2507990040470291
20648,0,0.007820530570974251
20649,1,0.8170279858100118
20650,0,0.04607553366174055
20651,1,0.7886288225271275
20652,0,0.0015015015015015015
20653,0,0.011173095142617032
20654,0,0.45330352414861935
20655,1,0.48552964710105023
20656,0,0.26798465209061234
20657,0,0.10468186748148901
20658,0,0.08516938496613292
20659,0,0.0015015015015015015
20660,0,0.26854163306993495
20661,0,0.06600819352675132
20662,1,0.4915548513634769
20663,0,0.42304140684694386
20664,1,0.4915548513634769
20665,0,0.003023488255872064
20666,0,0.010448457461457611
20667,0,0.6340481552345959
20668,1,0.7110446659283869
20669,0,0.2420927199486802
20670,0,0.11802353935974626
20671,0,0.058383670680418644
20672,0,0.3307760398070711
20673,0,0.6562137049941928
20674,1,0.5888958376763255
20675,0,0.14703400677572329
20676,1,0.5129339384552062
20677,0,0.07158006880913285
20678,0,0.024275828623654707
20679,1,0.6733972433641718
20680,1,0.5879721466907907
20681,1,0.527786966929328
20682,0,0.44731958493426377
20683,0,0.296697463922395
20684,1,0.7242397125615652
20685,0,0.18168737834742218
20686,1,0.4252727939219556
20687,0,0.0015015015015015015
20688,0,0.23078545071165
20689,0,0.013806706114398423
20690,0,0.0015015015015015015
20691,0,0.3403187206300287
20692,0,0.3274259851129148
20693,1,0.42263543128459297
20694,1,0.6820009216339642
20695,0,0.07065109629212192
20696,1,0.6312866627500774
20697,0,0.44066592791974085
20698,1,0.3720988621850691
20699,0,0.07990658907869487
20700,0,0.433205619412516
20701,0,0.001564945226917058
20702,0,0.0
20703,0,0.0
20704,1,0.6009749662614358
20705,0,0.20872482888624677
20706,1,0.8022736399694134
20707,0,0.035770479105804866
20708,0,0.012273320987322976
20709,1,0.6810357351242572
20710,1,0.7781390969211229
20711,0,0.0
20712,0,0.037195317546634035
20713,0,0.09242137847907078
20714,1,0.29176459681559247
20715,0,0.0022988505747126436
20716,0,0.40748224648308257
20717,0,0.037195317546634035
20718,0,0.1188138087785975
20719,0,0.0
20720,1,0.5759170215630302
20721,0,0.011173095142617032
20722,0,0.48446333435135225
20723,0,0.4850612407959137
20724,1,0.4894449055421848
20725,1,0.6792187392868051
20726,0,0.008080448869922553
20727,0,0.42263543128459297
20728,0,0.00306644672841856
20729,0,0.10635908806640514
20730,1,0.7650129198966408
20731,0,0.6820447439698224
20732,0,0.006419011300061342
20733,1,0.5263603752606234
20734,0,0.17287398332389806
20735,0,0.4938755421575564
20736,0,0.08077932513093487
20737,0,0.033736147040976015
20738,0,0.21792535071484131
20739,0,0.2014180873705758
20740,1,0.5833962512620167
20741,0,0.0015015015015015015
20742,0,0.09242137847907078
20743,0,0.14868530903869445
20744,0,0.47815980261153035
20745,0,0.032904699697663777
20746,0,0.07365714682787854
20747,0,0.02172910400145839
20748,0,0.2546820536780204
20749,1,0.6568690129889504
20750,0,0.06192029232007801
20751,0,0.09164901332111912
20752,0,0.167212323320838
20753,0,0.3794462817668431
20754,0,0.045900589687186945
20755,1,0.5146928691822531
20756,0,0.0015015015015015015
20757,0,0.1882164881510001
20758,0,0.05453794545190954
20759,0,0.4252727939219556
20760,0,0.04874938689041253
20761,0,0.006419011300061342
20762,0,0.002226139182660922
20763,0,0.04874938689041253
20764,0,0.18146529396529396
20765,1,0.7131738392971326
20766,1,0.4420925195884455
20767,0,0.369032620724788
20768,0,0.051907469571550034
20769,1,0.8227514941254658
20770,1,0.6624595804132457
20771,1,0.47815980261153035
20772,1,0.737418128266583
20773,1,0.8132180481017691
20774,0,0.3403187206300287
20775,0,0.53786397417154
20776,0,0.2592229366877254
20777,0,0.002226139182660922
20778,0,0.12302512302512303
20779,1,0.8213269927009644
20780,1,0.4418240582946465
20781,1,0.7191638998176052
20782,0,0.37166998336215057
20783,0,0.019418317350648178
20784,0,0.005947464864059199
20785,0,0.028747964940433555
20786,0,0.0
20787,0,0.2097430723659008
20788,0,0.0
20789,0,0.0051501157908480566
20790,0,0.4606111397866173
20791,1,0.5607886229582578
20792,1,0.6759962376938914
20793,0,0.024739294617240153
20794,0,0.1498610151232512
20795,1,0.4957843236843273
20796,0,0.08061470202058528
20797,1,0.6745185395708994
20798,0,0.013070670060534117
20799,0,0.024739294617240153
20800,1,0.7235945512712426
20801,1,0.5276717644582338
20802,0,0.3421731500871706
20803,0,0.26606659111758674
20804,0,0.2595604434767958
20805,1,0.8575986326734083
20806,0,0.1080867586185509
20807,0,0.012834532712478246
20808,1,0.593795983164242
20809,1,0.7540974742519336
20810,1,0.5988354818856326
20811,0,0.14065841380740418
20812,0,0.3083751826507592
20813,1,0.6733972433641718
20814,0,0.28385212333952786
20815,0,0.24299816256077808
20816,0,0.5513480664975754
20817,1,0.3878563082524931
20818,1,0.7627011525217261
20819,0,0.2584419712676547
20820,0,0.007216360373272483
20821,0,0.04871416234210788
20822,0,0.4043936365150758
20823,0,0.46257783697898525
20824,1,0.47616171736569163
20825,1,0.5290787782297725
20826,1,0.4915548513634769
20827,0,0.42033182503770733
20828,0,0.34338920396575245
20829,0,0.0015015015015015015
20830,0,0.4524255820807545
20831,1,0.5508428694475206
20832,0,0.6151035408366184
20833,0,0.4642970516083899
20834,0,0.0007246376811594203
20835,0,0.008056667919030121
20836,0,0.06192029232007801
20837,0,0.38706311735993576
20838,0,0.44298661871382033
20839,0,0.24746136738756663
20840,0,0.0007246376811594203
20841,0,0.2713521233395278
20842,0,0.3185273407300613
20843,1,0.6193961405825812
20844,0,0.2505536535529205
20845,0,0.3403187206300287
20846,0,0.1318211646110197
20847,1,0.5849087124089235
20848,0,0.12470683550495758
20849,1,0.5401010101010101
20850,0,0.017160125258110042
20851,0,0.007259318845818979
20852,0,0.12171229076191227
20853,1,0.5376414446104483
20854,0,0.6708657196462076
20855,0,0.25801969033748284
20856,0,0.2860210850170517
20857,1,0.4823086699233488
20858,0,0.001564945226917058
20859,0,0.6640211640211641
20860,0,0.24490903367193337
20861,0,0.0015015015015015015
20862,1,0.614541919676138
20863,0,0.3441181008025471
20864,0,0.21117632367632366
20865,0,0.46143312311943346
20866,1,0.7333602224284294
20867,0,0.31271423541086457
20868,0,0.40858020497699243
20869,0,0.008080448869922553
20870,0,0.42304140684694386
20871,0,0.002226139182660922
20872,0,0.03442383858467888
20873,0,0.3935373028326552
20874,1,0.5888958376763255
20875,1,0.6723811324491983
20876,1,0.5879568351231602
20877,1,0.5685359392317467
20878,0,0.2331110321069988
20879,0,0.33609814779031505
20880,1,0.4898926856330507
20881,0,0.0015015015015015015
20882,0,0.28425931683455624
20883,1,0.5111135786019197
20884,1,0.7627011525217261
20885,0,0.019418317350648178
20886,0,0.011584176465226506
20887,0,0.014404315209144184
20888,1,0.5833962512620167
20889,1,0.3488912866469851
20890,1,0.37679927515420525
20891,1,0.572765411552597
20892,0,0.4915548513634769
20893,0,0.33889275584066486
20894,0,0.05924975785602963
20895,0,0.09837962962962964
20896,0,0.2437980698850264
20897,0,0.586723541795019
20898,1,0.6543207610482688
20899,0,0.10650663416251742
20900,0,0.5057598553989894
20901,1,0.6066827481461629
20902,0,0.2623108967798247
20903,0,0.37030771273860147
20904,0,0.029417555058580697
20905,0,0.3751277499122599
20906,0,0.14264032883279745
20907,1,0.7514047408007892
20908,1,0.5528201996857205
20909,0,0.002226139182660922
20910,0,0.344632795321034
20911,1,0.7708413246387931
20912,0,0.3912836901996495
20913,1,0.4728357482561322
20914,0,0.10468186748148901
20915,0,0.0
20916,0,0.4704560787159024
20917,0,0.019418317350648178
20918,0,0.22129230081649223
20919,1,0.5231534916000935
20920,0,0.14449520266651314
20921,0,0.46056533371323943
20922,0,0.11802353935974626
20923,1,0.8716010080912588
20924,0,0.002226139182660922
20925,1,0.8072351421188632
20926,0,0.02172910400145839
20927,1,0.6340481552345959
20928,0,0.0015015015015015015
20929,0,0.0015015015015015015
20930,0,0.0436230949064809
20931,0,0.05330336387330662
20932,0,0.23092874029044239
20933,0,0.0015015015015015015
20934,0,0.375521238021238
20935,0,0.003023488255872064
20936,0,0.05884441983363642
20937,0,0.033782738837615366
20938,0,0.17592996901836025
20939,0,0.22806007226738934
20940,0,0.35282075881798747
20941,0,0.02370893519961843
20942,0,0.0015015015015015015
20943,1,0.7508112287648941
20944,1,0.7216279367027124
20945,1,0.333810767381508
20946,0,0.3720764372773231
20947,0,0.11326657129975337
20948,0,0.37469247954349694
20949,0,0.0015015015015015015
20950,1,0.4302564168964967
20951,0,0.011004425478109689
20952,0,0.0
20953,0,0.18528439153439155
20954,0,0.001564945226917058
20955,0,0.6282879584243785
20956,0,0.04874938689041253
20957,0,0.015308207615899926
20958,0,0.45219412469252457
20959,1,0.5130859877580566
20960,0,0.08516938496613292
20961,0,0.002226139182660922
20962,0,0.018795352254983005
20963,0,0.001564945226917058
20964,0,0.33727490407749344
20965,0,0.4929814430321815
20966,0,0.36288067715625366
20967,0,0.42846083161371507
20968,0,0.308139811315539
20969,0,0.3733223379033089
20970,1,0.6957549669414077
20971,0,0.19567075293358574
20972,0,0.0015015015015015015
20973,0,0.0015015015015015015
20974,0,0.2941749102605542
20975,1,0.5627957314003825
20976,1,0.8441022566526989
20977,0,0.04731018670593217
20978,0,0.4361655083094856
20979,0,0.00306644672841856
20980,0,0.10020905084457127
20981,1,0.6871775778033905
20982,0,0.185932806094224
20983,0,0.18052892472052684
20984,0,0.5157295355512037
20985,0,0.021318022678848917
20986,0,0.3898577254102857
20987,1,0.7554448817920174
20988,1,0.6199824266558152
20989,0,0.4659847584800106
20990,1,0.4861335321032169
20991,1,0.5946417729204614
20992,1,0.4728357482561322
20993,0,0.13623535516355853
20994,1,0.4606111397866173
20995,0,0.020062291458455617
20996,0,0.019418317350648178
20997,1,0.44336643482984944
20998,0,0.010771819485821474
20999,0,0.19818783068783066
21000,0,0.01484872643522657
21001,0,0.0015015015015015015
21002,0,0.6920202756844844
21003,0,0.0015015015015015015
21004,0,0.7554448817920174
21005,0,0.20399693536161426
21006,0,0.002226139182660922
21007,0,0.011584176465226506
21008,1,0.4868623321330707
21009,0,0.3469138944263006
21010,1,0.5356318713688809
21011,0,0.027354961477768492
21012,0,0.08862433862433862
21013,0,0.391276242938647
21014,0,0.0324744062057352
21015,0,0.0
21016,0,0.03875014918248001
21017,0,0.024153346425700814
21018,1,0.5759170215630302
21019,1,0.4704560787159024
21020,0,0.07536290869624203
21021,0,0.07444103447260737
21022,0,0.529169129253736
21023,0,0.007391304347826088
21024,0,0.04794940550428203
21025,0,0.42304140684694386
21026,1,0.48166361740062696
21027,1,0.5970047822755208
21028,0,0.2023148148148148
21029,1,0.7866177994551857
21030,0,0.024739294617240153
21031,0,0.00306644672841856
21032,0,0.0051501157908480566
21033,0,0.10178338549817423
21034,0,0.007259318845818979
21035,0,0.006491722692113063
21036,0,0.3204035233988231
21037,1,0.5115000632303534
21038,0,0.009904199633403749
21039,0,0.0015015015015015015
21040,0,0.0
21041,0,0.03900211917227624
21042,1,0.7785088548559904
21043,0,0.017175794171099334
21044,0,0.0015015015015015015
21045,0,0.002226139182660922
21046,1,0.5633087256610453
21047,0,0.6340481552345959
21048,1,0.5540283933298221
21049,0,0.020833333333333332
21050,0,0.2325350951579236
21051,0,0.011004425478109689
21052,0,0.3016409470451166
21053,0,0.0015015015015015015
21054,0,0.09553712480252764
21055,0,0.4932804567572046
21056,1,0.30147664441232475
21057,0,0.03293515535895297
21058,1,0.5678710296245469
21059,0,0.2546820536780204
21060,0,0.02417240119320387
21061,0,0.002226139182660922
21062,1,0.7754509248781122
21063,1,0.7737670257861587
21064,0,0.282769409571999
21065,0,0.3437956578809251
21066,1,0.5904564212815381
21067,0,0.3505054157063015
21068,0,0.35472732787647215
21069,0,0.16639960773581464
21070,0,0.006419011300061342
21071,0,0.1979821470519145
21072,0,0.1587062702022369
21073,0,0.28729408369087117
21074,1,0.682173976140347
21075,0,0.2752053383810661
21076,0,0.1722268343334359
21077,0,0.0015015015015015015
21078,0,0.002226139182660922
21079,0,0.011173095142617032
21080,0,0.00306644672841856
21081,0,0.18849609712048832
21082,0,0.4290968801313628
21083,0,0.0015015015015015015
21084,1,0.6295251074787728
21085,1,0.8227514941254658
21086,0,0.0015015015015015015
21087,1,0.6017108804306036
21088,0,0.16918737834742215
21089,0,0.10693966715308179
21090,0,0.0051501157908480566
21091,1,0.6354090354090354
21092,1,0.5485907273648701
21093,0,0.34324473078984935
21094,0,0.14345604145401225
21095,1,0.7177764526601735
21096,0,0.37325319356450165
21097,1,0.6026472664522707
21098,0,0.32845518056968936
21099,0,0.3307760398070711
21100,0,0.012273320987322976
21101,0,0.06202123681798479
21102,0,0.4465567701881352
21103,1,0.6112450521096643
21104,0,0.002226139182660922
21105,0,0.3951000904042361
21106,1,0.8244353932174192
21107,1,0.6684096973826151
21108,0,0.38929450443494745
21109,1,0.6503296703296703
21110,1,0.6277357722024924
21111,0,0.03499073200871516
21112,0,0.0015015015015015015
21113,1,0.7199440376107589
21114,0,0.029779203902010918
21115,0,0.31900044182039883
21116,0,0.006419011300061342
21117,0,0.27658170756185246
21118,1,0.405010910211796
21119,0,0.004388558439218967
21120,0,0.026646076096625546
21121,0,0.40018005221731695
21122,0,0.8227514941254658
21123,0,0.35810000876299125
21124,1,0.38015827752716236
21125,0,0.1973127322824555
21126,0,0.14632207930720534
21127,1,0.33889275584066486
21128,0,0.014404315209144184
21129,0,0.0022988505747126436
21130,1,0.7952724021302447
21131,0,0.26429281180521796
21132,0,0.5513480664975754
21133,0,0.4375115829736002
21134,1,0.5027873489782071
21135,1,0.6887405870838169
21136,0,0.37463774378474923
21137,0,0.39722756989980557
21138,0,0.44339040381102873
21139,0,0.0015015015015015015
21140,0,0.4463437065131981
21141,0,0.056251410516813365
21142,0,0.013070670060534117
21143,0,0.006980223025216614
21144,0,0.0015015015015015015
21145,0,0.5714433893091547
21146,1,0.6259434597525486
21147,1,0.7581944936783646
21148,1,0.5888958376763255
21149,0,0.37867261833127275
21150,0,0.37919707326465774
21151,0,0.002226139182660922
21152,0,0.3367311796215322
21153,0,0.16581490258030543
21154,0,0.1363427455148513
21155,0,0.3972757564409107
21156,0,0.3752506125795178
21157,1,0.3349292712352014
21158,1,0.5286922936013387
21159,0,0.14275501252162173
21160,0,0.46526513926637403
21161,1,0.46803610333022094
21162,0,0.446085352686512
21163,0,0.1341536892933032
21164,1,0.7785088548559904
21165,0,0.033782738837615366
21166,0,0.019158399051699877
21167,0,0.012273320987322976
21168,0,0.02370893519961843
21169,0,0.4229653607210591
21170,0,0.21045931393027897
21171,0,0.29641829035366735
21172,1,0.6733972433641718
21173,0,0.07523148148148148
21174,0,0.18868598025574768
21175,1,0.5827409432672591
21176,1,0.8200556549393759
21177,0,0.14345604145401225
21178,1,0.6080985866244769
21179,1,0.309807293792504
21180,0,0.03633737252984114
21181,1,0.8369919177652229
21182,0,0.06844901417783165
21183,0,0.2752053383810661
21184,0,0.16994188670728957
21185,1,0.5626356482437423
21186,1,0.7554448817920174
21187,1,0.5495818522143802
21188,0,0.5646420666934028
21189,1,0.7853464616935972
21190,0,0.002226139182660922
21191,1,0.7849343414245921
21192,0,0.2546820536780204
21193,1,0.45506294471811715
21194,0,0.667392559424099
21195,0,0.014404315209144184
21196,0,0.32845518056968936
21197,1,0.8027105995855995
21198,0,0.04705215419501133
21199,0,0.0
21200,1,0.5879568351231602
21201,0,0.30434043114302056
21202,0,0.0015015015015015015
21203,0,0.09611012988123681
21204,0,0.02450628427282957
21205,1,0.6203923957017748
21206,0,0.0
21207,0,0.09612182995803686
21208,0,0.24641363051959078
21209,1,0.1720088686148289
21210,0,0.27894855827839915
21211,0,0.03013322073570863
21212,1,0.8428309188911104
21213,0,0.37010887142619026
21214,1,0.4733975083231648
21215,1,0.6079540859077511
21216,0,0.1739281805841549
21217,1,0.40218622751668165
21218,1,0.5637919865195763
21219,0,0.4050800545506033
21220,0,0.6394207435141639
21221,0,0.05884441983363642
21222,1,0.8058135412974122
21223,0,0.05884441983363642
21224,1,0.4524255820807545
21225,1,0.4904741191822532
21226,0,0.12368509489988362
21227,0,0.002226139182660922
21228,0,0.3810744210006203
21229,0,0.06024220032840722
21230,0,0.017133914685121793
21231,0,0.0015015015015015015
21232,0,0.13290669180940004
21233,0,0.42304140684694386
21234,0,0.02727884222135368
21235,0,0.05028438231018426
21236,0,0.011584176465226506
21237,0,0.012273320987322976
21238,0,0.34921508264769613
21239,1,0.6503004214868621
21240,0,0.02370893519961843
21241,0,0.38706311735993576
21242,1,0.6733972433641718
21243,1,0.4728357482561322
21244,0,0.3947606274505458
21245,1,0.5347348422193274
21246,0,0.0945474953044339
21247,0,0.12767531764010637
21248,1,0.4552112271833353
21249,0,0.30086084094704785
21250,1,0.631223939170959
21251,1,0.5795077260656024
21252,0,0.0015015015015015015
21253,0,0.0007246376811594203
21254,0,0.5054748589679267
21255,0,0.11732993197278911
21256,0,0.05160080455490242
21257,0,0.028768736696111376
21258,0,0.0652721971934833
21259,0,0.02945104897685093
21260,1,0.8153440867180585
21261,0,0.347427403371384
21262,1,0.47433749113999896
21263,1,0.665748655381698
21264,0,0.07205466449713312
21265,0,0.2835791426489101
21266,0,0.20696538603515346
21267,1,0.8355674163407215
21268,0,0.3987404164353349
21269,0,0.012273320987322976
21270,0,0.3626632919561819
21271,0,0.12232887332095088
21272,0,0.42304140684694386
21273,0,0.2141084202929322
21274,0,0.34447195205815895
21275,1,0.6976415323336224
21276,1,0.28961260629705265
21277,0,0.0015015015015015015
21278,0,0.20114306640530244
21279,0,0.15557336182336182
21280,0,0.4796418160291425
21281,1,0.7658805476316813
21282,1,0.34072814922742073
21283,0,0.3407518413283898
21284,1,0.6134409484293257
21285,1,0.4954362637875735
21286,0,0.0015015015015015015
21287,1,0.33727490407749344
21288,0,0.0015015015015015015
21289,0,0.5114542571569755
21290,0,0.0950009181945244
21291,0,0.31903751420992804
21292,0,0.26910312429975347
21293,1,0.511272935415143
21294,1,0.5989241882924472
21295,0,0.13730356801008978
21296,0,0.10140589186376332
21297,0,0.007259318845818979
21298,1,0.5403026767929274
21299,0,0.6314334747462544
21300,0,0.0015015015015015015
21301,0,0.3217824266334441
21302,0,0.04751290334822911
21303,1,0.5321814074136055
21304,1,0.5220226214238189
21305,0,0.15747158204669878
21306,1,0.5783912645991541
21307,0,0.4915548513634769
21308,0,0.0015015015015015015
21309,0,0.002226139182660922
21310,1,0.6200514485773388
21311,1,0.6869393539559204
21312,0,0.016563938836293226
21313,0,0.5423493511504707
21314,0,0.006578947368421052
21315,0,0.3912836901996495
21316,0,0.14449520266651314
21317,0,0.11034342302162638
21318,1,0.4606111397866173
21319,1,0.8153440867180585
21320,0,0.2751912142622448
21321,1,0.4319661662793375
21322,0,0.5711547272746647
21323,0,0.3346259758287708
21324,0,0.003023488255872064
21325,1,0.40294217585097236
21326,0,0.13677156177156177
21327,1,0.6804900770483936
21328,0,0.12773085699625986
21329,0,0.14462932554886576
21330,1,0.6913954563536863
21331,0,0.36455701296861515
21332,1,0.5783673379576768
21333,0,0.02881170418099308
21334,1,0.5528201996857205
21335,0,0.0022988505747126436
21336,0,0.0015015015015015015
21337,1,0.43981809318555004
21338,0,0.0945474953044339
21339,1,0.47393033029067994
21340,1,0.6969419782979105
21341,1,0.5208974607905885
21342,0,0.017175794171099334
21343,1,0.5450882235081599
21344,1,0.8213269927009644
21345,0,0.0
21346,0,0.21920048292452757
21347,0,0.11227626037408646
21348,0,0.18717836010540037
21349,0,0.04166745386341288
21350,0,0.3145271262192934
21351,0,0.178277339443913
21352,0,0.13623535516355853
21353,1,0.6924216336080743
21354,0,0.2656626575581085
21355,1,0.693764766166619
21356,0,0.12171229076191227
21357,0,0.006419011300061342
21358,0,0.10020905084457127
21359,0,0.53786397417154
21360,0,0.4436635265421344
21361,0,0.08307972415324281
21362,0,0.19340924220294695
21363,0,0.26756237116044046
21364,0,0.002226139182660922
21365,1,0.5762611411713282
21366,0,0.03196705336321752
21367,0,0.0
21368,0,0.36494991197921034
21369,0,0.314492930436911
21370,0,0.2689545151453732
21371,0,0.12272492047956429
21372,0,0.1311790851424998
21373,0,0.30434043114302056
21374,0,0.0015015015015015015
21375,1,0.366280780227533
21376,1,0.5238815926620806
21377,0,0.0007246376811594203
21378,0,0.05028438231018426
21379,1,0.8428309188911104
21380,1,0.5263603752606234
21381,0,0.400856385658278
21382,1,0.4341748239355894
21383,0,0.5334119722895978
21384,0,0.1625136165577342
21385,1,0.6804900770483936
21386,0,0.02648041416157358
21387,1,0.6058377651445688
21388,1,0.6878748727585937
21389,0,0.08137045813586098
21390,0,0.446085352686512
21391,0,0.12397009043350506
21392,0,0.05335468506200214
21393,0,0.26099122882389597
21394,0,0.4269304477869372
21395,0,0.04731018670593217
21396,1,0.4731378700998954
21397,0,0.013564007663386548
21398,0,0.3794462817668431
21399,0,0.007391304347826088
21400,1,0.5125678983049079
21401,0,0.16670749429370116
21402,0,0.027574618364092047
21403,0,0.0015015015015015015
21404,0,0.16355831165613774
21405,0,0.19617931610551534
21406,0,0.26000688016829804
21407,0,0.03571428571428572
21408,0,0.019418317350648178
21409,1,0.8230108917929178
21410,1,0.2922279495585866
21411,0,0.006419011300061342
21412,1,0.5503907577302073
21413,0,0.33727490407749344
21414,0,0.012273320987322976
21415,0,0.001564945226917058
21416,0,0.006980223025216614
21417,0,0.016563938836293226
21418,0,0.19778087464686098
21419,0,0.19321857068335943
21420,0,0.04304076703145027
21421,0,0.0
21422,0,0.22376788191574293
21423,0,0.03766227536397614
21424,1,0.282769409571999
21425,0,0.1795897361242923
21426,1,0.36474051316595313
21427,1,0.5125678983049079
21428,0,0.5376414446104483
21429,0,0.25801969033748284
21430,0,0.4227045756234002
21431,0,0.007391304347826088
21432,0,0.017027404829878665
21433,1,0.6136190532861265
21434,0,0.10020905084457127
21435,1,0.26927937413039155
21436,0,0.0015015015015015015
21437,0,0.00306644672841856
21438,0,0.2505536535529205
21439,0,0.04287040801402301
21440,0,0.1046321094884169
21441,1,0.6490327897927034
21442,1,0.44861699825613227
21443,1,0.47352435472832904
21444,0,0.08933936265438702
21445,0,0.0015015015015015015
21446,0,0.49770180392113406
21447,1,0.636709197235513
21448,0,0.6450199420684517
21449,0,0.23791868656460902
21450,0,0.3334231414726771
21451,0,0.012839369982227128
21452,0,0.10468186748148901
21453,1,0.5342193648645261
21454,0,0.07048032984353016
21455,0,0.0007246376811594203
21456,0,0.0015015015015015015
21457,0,0.4915548513634769
21458,0,0.11034342302162638
21459,0,0.002226139182660922
21460,1,0.446085352686512
21461,0,0.05028438231018426
21462,1,0.7901540750377959
21463,0,0.22365110111588984
21464,0,0.06080006087670444
21465,0,0.41375030569821475
21466,1,0.6013159133858718
21467,1,0.7464692915225041
21468,0,0.09395637389884252
21469,0,0.18056890613828105
21470,1,0.42304140684694386
21471,0,0.31118362786807424
21472,0,0.027354961477768492
21473,0,0.006980223025216614
21474,0,0.5557107518749606
21475,1,0.6710029639146949
21476,0,0.4347839723986513
21477,1,0.6871179858984737
21478,0,0.05437228351685758
21479,0,0.17260378510378507
21480,1,0.5134667604227213
21481,0,0.12559365176985104
21482,1,0.6083647447531296
21483,0,0.16670749429370116
21484,0,0.02511921859420464
21485,1,0.7173110838678474
21486,0,0.016382453882453882
21487,0,0.05330336387330662
21488,0,0.30286852920812235
21489,0,0.1742040652303544
21490,0,0.006419011300061342
21491,1,0.6257440883295805
21492,0,0.23361679018655765
21493,0,0.041206704710195115
21494,1,0.3926571890998769
21495,1,0.7442756680731364
21496,0,0.3864850445237666
21497,0,0.0051501157908480566
21498,0,0.0015015015015015015
21499,0,0.31674393667013595
21500,1,0.507186447067694
21501,0,0.06665562594914992
21502,0,0.0
21503,0,0.011173095142617032
21504,0,0.18909158655637529
21505,0,0.04166745386341288
21506,1,0.6611882426516572
21507,1,0.3437956578809251
21508,1,0.3617039208690751
21509,1,0.4374384236453202
21510,0,0.06420454020803061
21511,1,0.6756685956579006
21512,0,0.20456071763811448
21513,0,0.001564945226917058
21514,1,0.6503004214868621
21515,0,0.028181071516397278
21516,0,0.024739294617240153
21517,1,0.7425941081229904
21518,1,0.6503004214868621
21519,0,0.027720322363179506
21520,1,0.5146928691822531
21521,0,0.008231611893583726
21522,1,0.5813434722080845
21523,0,0.02648041416157358
21524,0,0.006419011300061342
21525,1,0.734707629968513
21526,0,0.3912836901996495
21527,0,0.08001310331122537
21528,0,0.3456487083453375
21529,0,0.030491801325134658
21530,1,0.8441022566526989
21531,1,0.4150181173386786
21532,1,0.3724885409664201
21533,0,0.24706044347679582
21534,0,0.0062555853440571935
21535,0,0.2656626575581085
21536,0,0.0015015015015015015
21537,0,0.0022988505747126436
21538,1,0.3070603718118878
21539,0,0.0625
21540,0,0.30713503919337043
21541,1,0.6200514485773388
21542,0,0.012273320987322976
21543,0,0.5227325608450836
21544,0,0.007259318845818979
21545,0,0.0015015015015015015
21546,0,0.28715478309943737
21547,0,0.38926300208868553
21548,0,0.4200218386264898
21549,0,0.3407518413283898
21550,0,0.04731018670593217
21551,0,0.006980223025216614
21552,0,0.362148597437695
21553,0,0.33929939792008756
21554,0,0.4395585082076699
21555,0,0.0038637958016297016
21556,0,0.3556955041071063
21557,0,0.0007246376811594203
21558,0,0.3617039208690751
21559,0,0.11034342302162638
21560,0,0.07009662798594501
21561,0,0.228647318930155
21562,0,0.0015015015015015015
21563,1,0.5634103675023012
21564,0,0.3720764372773231
21565,1,0.7050648946979373
21566,1,0.5437408159680762
21567,0,0.18168737834742218
21568,0,0.5625053400856902
21569,0,0.09316645705140285
21570,0,0.16084564257583414
21571,0,0.003023488255872064
21572,0,0.024153346425700814
21573,1,0.7785088548559904
21574,0,0.02511921859420464
21575,1,0.30434043114302056
21576,0,0.48879064232095004
21577,0,0.0015015015015015015
21578,1,0.7699893778751017
21579,0,0.41698988307898355
21580,0,0.005990423336605694
21581,1,0.7554448817920174
21582,1,0.4784161186600211
21583,0,0.006419011300061342
21584,0,0.05744815600329916
21585,0,0.16192679109889688
21586,0,0.314620714932023
21587,0,0.36294586014346253
21588,0,0.37628792113893855
21589,0,0.0652721971934833
21590,0,0.46727393220672003
21591,0,0.02648041416157358
21592,0,0.0015015015015015015
21593,0,0.012273320987322976
21594,0,0.28373306653959035
21595,0,0.0038637958016297016
21596,0,0.02574049116501947
21597,0,0.0015015015015015015
21598,1,0.6623992856449026
21599,0,0.10979084149815858
21600,1,0.5607886229582578
21601,0,0.35216124004611754
21602,0,0.2906317203503337
21603,0,0.3114464629621694
21604,0,0.0015015015015015015
21605,0,0.42304140684694386
21606,0,0.6009749662614358
21607,0,0.33889275584066486
21608,0,0.0
21609,0,0.08461295146077756
21610,0,0.37030771273860147
21611,0,0.0007246376811594203
21612,0,0.2935904251693725
21613,0,0.19617931610551534
21614,0,0.18146529396529396
21615,0,0.3642414430325925
21616,0,0.006578947368421052
21617,0,0.2823919200065989
21618,0,0.0015015015015015015
21619,0,0.23733660702064072
21620,0,0.3403187206300287
21621,1,0.6630052384891094
21622,1,0.7131738392971326
21623,0,0.14286241321492563
21624,1,0.4371807305481874
21625,0,0.31271423541086457
21626,1,0.7785088548559904
21627,1,0.3720764372773231
21628,1,0.6733972433641718
21629,0,0.05884441983363642
21630,0,0.080140106332585
21631,0,0.055104838875945826
21632,0,0.29090504693683966
21633,1,0.5582912004614701
21634,0,0.006419011300061342
21635,0,0.13877717234619152
21636,0,0.0015015015015015015
21637,0,0.5334119722895978
21638,1,0.2459913495894189
21639,0,0.12305913905085557
21640,1,0.9374387254901961
21641,0,0.0
21642,0,0.11541005291005291
21643,0,0.3299462042217807
21644,1,0.2766156462585034
21645,0,0.031234498004129276
21646,0,0.06373720177371156
21647,0,0.0062555853440571935
21648,0,0.6080985866244769
21649,0,0.1917839017817992
21650,0,0.342706874765206
21651,0,0.05437228351685758
21652,0,0.039317042606516285
21653,0,0.6003196582666781
21654,0,0.10178338549817423
21655,0,0.07051966907736139
21656,0,0.20949918451005708
21657,1,0.7901540750377959
21658,1,0.6193961405825812
21659,0,0.41190580989484005
21660,1,0.38970095835012003
21661,0,0.0015015015015015015
21662,1,0.6200514485773388
21663,0,0.0015015015015015015
21664,0,0.36288067715625366
21665,0,0.007259318845818979
21666,1,0.5607886229582578
21667,1,0.5970047822755208
21668,1,0.24881977778319242
21669,0,0.38061108480804223
21670,0,0.06145954316686023
21671,1,0.42063313313313316
21672,0,0.026943880155159017
21673,0,0.019158399051699877
21674,0,0.0015015015015015015
21675,1,0.5960403783515514
21676,0,0.018795352254983005
21677,0,0.6134409484293257
21678,0,0.0015015015015015015
21679,1,0.6274804819391298
21680,0,0.3587823379635377
21681,1,0.6448181418347083
21682,1,0.7259236116535187
21683,0,0.38015827752716236
21684,0,0.012273320987322976
21685,0,0.29451267434297795
21686,0,0.352065047751075
21687,0,0.025329409842409997
21688,0,0.15586407040679903
21689,0,0.3400695121278434
21690,0,0.47663914411041447
21691,1,0.4793929975748157
21692,1,0.6056084605453131
21693,0,0.024583482515813344
21694,0,0.0015015015015015015
21695,0,0.008080448869922553
21696,1,0.7449208293634589
21697,1,0.446648505598485
21698,0,0.004917509798559839
21699,0,0.09741699014087073
21700,0,0.45418599179942193
21701,1,0.4595182675401548
21702,1,0.7298655896467113
21703,1,0.7737670257861587
21704,1,0.33766560369189286
21705,1,0.6344858844858844
21706,0,0.20456071763811448
21707,0,0.0062555853440571935
21708,0,0.43480106100795757
21709,1,0.7059175685674238
21710,0,0.24746136738756663
21711,1,0.6066827481461629
21712,0,0.11086103254832778
21713,1,0.48813533432619244
21714,1,0.47616171736569163
21715,0,0.0015015015015015015
21716,1,0.8036981413939147
21717,0,0.007259318845818979
21718,0,0.05671215967003113
21719,0,0.0015015015015015015
21720,0,0.21614175399662672
21721,0,0.002226139182660922
21722,1,0.4794002821108936
21723,0,0.019418317350648178
21724,0,0.10650663416251742
21725,1,0.6303209284228276
21726,1,0.525666178584001
21727,0,0.1421795796795797
21728,1,0.698662419422333
21729,0,0.002226139182660922
21730,0,0.0015015015015015015
21731,0,0.4070083292268123
21732,0,0.08857314083467753
21733,1,0.5932645454854689
21734,0,0.11034342302162638
21735,1,0.4728357482561322
21736,0,0.2581191407419692
21737,1,0.7545922079225308
21738,1,0.4657104001726365
21739,0,0.5590045007631795
21740,0,0.03356578802354877
21741,1,0.6398421047748926
21742,0,0.05607294087168127
21743,0,0.23877066329896515
21744,0,0.04731018670593217
21745,0,0.5408673377328586
21746,1,0.5500309555772142
21747,1,0.5716875492421799
21748,0,0.2334578066090042
21749,0,0.23274734524734522
21750,0,0.23601203240881988
21751,1,0.5565830772788846
21752,0,0.1867040652303544
21753,0,0.01400841888946893
21754,1,0.7720495263705875
21755,0,0.014404315209144184
21756,1,0.8362478701461752
21757,0,0.1963351161720727
21758,0,0.010448457461457611
21759,0,0.4601293059763825
21760,0,0.08336125256856963
21761,0,0.4825230488458618
21762,1,0.6124706263673932
21763,1,0.5958622334299067
21764,0,0.0015015015015015015
21765,0,0.04794940550428203
21766,0,0.00306644672841856
21767,0,0.5495818522143802
21768,0,0.15578300024922367
21769,0,0.029779203902010918
21770,0,0.40748224648308257
21771,0,0.06600819352675132
21772,0,0.018318091505942238
21773,0,0.0324744062057352
21774,0,0.14275501252162173
21775,0,0.04597790792845738
21776,1,0.44066592791974085
21777,0,0.08857314083467753
21778,0,0.3625337564543654
21779,1,0.7869449234351742
21780,0,0.5212211466865228
21781,0,0.41470583931742233
21782,0,0.05008166566788732
21783,0,0.050177868077653766
21784,0,0.4262123995211892
21785,0,0.2034000023959691
21786,1,0.2648831896799377
21787,1,0.7166659225775248
21788,0,0.5866883116883116
21789,1,0.8008582230949428
21790,0,0.4227045756234002
21791,0,0.0
21792,0,0.15029088108900315
21793,0,0.5895182889066389
21794,0,0.12559365176985104
21795,0,0.10268103453264427
21796,0,0.21782107301770218
21797,0,0.030215983118360795
21798,1,0.5427350427350427
21799,0,0.5476169763251103
21800,1,0.7900610624629154
21801,0,0.0
21802,0,0.32004013969879413
21803,0,0.07907970660081354
21804,0,0.20704933954933954
21805,0,0.5408673377328586
21806,0,0.1789349819529802
21807,0,0.30081111145982625
21808,0,0.4704560787159024
21809,0,0.1898148148148148
21810,1,0.30434043114302056
21811,0,0.0015015015015015015
21812,0,0.0007246376811594203
21813,0,0.021036075153072074
21814,0,0.2505536535529205
21815,1,0.49966573610842396
21816,0,0.07724162434927022
21817,1,0.7724956880245702
21818,0,0.057569214243893
21819,1,0.5092111592111591
21820,0,0.07185194785483617
21821,1,0.4870197969298135
21822,1,0.5973929579192738
21823,1,0.7004352889152701
21824,0,0.06343773605036174
21825,0,0.0521676979789387
21826,0,0.008080448869922553
21827,1,0.7554448817920174
21828,0,0.0
21829,0,0.5403570819178806
21830,0,0.36715614223138165
21831,1,0.5684596425134346
21832,0,0.37325319356450165
21833,0,0.4252727939219556
21834,1,0.8129293389895306
21835,0,0.3068841589986678
21836,1,0.37325319356450165
21837,0,0.07660934744268078
21838,0,0.4227045756234002
21839,0,0.008080448869922553
21840,0,0.021036075153072074
21841,0,0.6051911365470688
21842,0,0.012273320987322976
21843,0,0.15255228558546766
21844,0,0.0
21845,0,0.42263543128459297
21846,1,0.46258107167285517
21847,0,0.12869927494932065
21848,0,0.0945474953044339
21849,0,0.412380754701316
21850,1,0.5842721736404325
21851,0,0.03288548752834467
21852,0,0.33374558439429913
21853,1,0.6152162014230979
21854,1,0.41453334563799676
21855,0,0.1970991970991971
21856,0,0.7377524334302977
21857,0,0.02417240119320387
21858,0,0.08580166187272238
21859,1,0.47352435472832904
21860,0,0.029414922745661345
21861,0,0.014928250160633968
21862,0,0.022987145385814468
21863,1,0.8227514941254658
21864,1,0.5053460700519524
21865,0,0.3373040954653213
21866,1,0.7023989895476291
21867,0,0.21638810049406076
21868,0,0.2740072867450585
21869,1,0.5943680380958725
21870,0,0.04892794450835606
21871,0,0.43480106100795757
21872,1,0.5631978319783197
21873,0,0.3356794624820519
21874,0,0.5154503906825888
21875,0,0.6269263482052359
21876,0,0.37804522062986773
21877,0,0.23850063050814788
21878,0,0.31340202675383155
21879,0,0.21434315556287875
21880,0,0.22065696649029984
21881,0,0.405423013900893
21882,0,0.012902813707642681
21883,1,0.6200514485773388
21884,0,0.37463774378474923
21885,0,0.1811574074074074
21886,1,0.6240717881387454
21887,0,0.024739294617240153
21888,0,0.002226139182660922
21889,0,0.1631955001520219
21890,1,0.5974139219692063
21891,0,0.37166998336215057
21892,0,0.12869927494932065
21893,0,0.007259318845818979
21894,0,0.0
21895,1,0.522905985436518
21896,0,0.002226139182660922
21897,1,0.6568690129889504
21898,0,0.172061163275952
21899,0,0.17760782109889903
21900,1,0.3720764372773231
21901,0,0.058383670680418644
21902,0,0.0015015015015015015
21903,1,0.8072351421188632
21904,0,0.007259318845818979
21905,0,0.024275828623654707
21906,0,0.026943880155159017
21907,0,0.027574618364092047
21908,0,0.1401976646541864
21909,1,0.6745447104563126
21910,0,0.06481144804026552
21911,1,0.21460675857685496
21912,1,0.6745185395708994
21913,0,0.001564945226917058
21914,1,0.61364522417154
21915,1,0.5983775470972702
21916,0,0.06171757567778106
21917,1,0.5799960646680008
21918,0,0.01575850932066538
21919,1,0.4830866167730575
21920,0,0.0007246376811594203
21921,1,0.7511721735740265
21922,0,0.15473515644247351
21923,0,0.6013159133858718
21924,1,0.5176962327435718
21925,0,0.04794940550428203
21926,0,0.13409965904917653
21927,0,0.04059941626098327
21928,1,0.6792187392868051
21929,0,0.3001744011732913
21930,1,0.7532258306008474
21931,0,0.014928250160633968
21932,0,0.2996629921856398
21933,0,0.0778085177733065
21934,0,0.25819662077354605
21935,1,0.5685359392317467
21936,1,0.656573430114934
21937,1,0.6745447104563126
21938,0,0.0
21939,0,0.13779448591387486
21940,0,0.012273320987322976
21941,1,0.556899242790691
21942,1,0.6976415323336224
21943,0,0.07001958069031239
21944,0,0.12559365176985104
21945,1,0.376730130815398
21946,0,0.40856102309032144
21947,0,0.07001958069031239
21948,0,0.6759962376938914
21949,0,0.14345604145401225
21950,0,0.0038637958016297016
21951,1,0.6199824266558152
21952,0,0.12923444839042272
21953,0,0.020062291458455617
21954,0,0.38002750761371457
21955,1,0.6097052755673446
21956,0,0.0015015015015015015
21957,0,0.09199833738765441
21958,0,0.049823633156966494
21959,0,0.015201664282355325
21960,0,0.041206704710195115
21961,0,0.07065109629212192
21962,0,0.0015015015015015015
21963,0,0.018318091505942238
21964,0,0.005990423336605694
21965,1,0.4116352923171105
21966,0,0.05870714159064953
21967,0,0.3158097990511505
21968,0,0.5028372735021032
21969,1,0.5510656010656011
21970,1,0.8566587812005024
21971,1,0.6393024637675929
21972,0,0.15255228558546766
21973,0,0.5517127799736495
21974,0,0.0
21975,0,0.0
21976,0,0.018318091505942238
21977,1,0.731000652374624
21978,1,0.7900610624629154
21979,0,0.17038713480844528
21980,1,0.4915548513634769
21981,1,0.5595625141987259
21982,1,0.7917449615548687
21983,0,0.31271423541086457
21984,0,0.1658939574637249
21985,0,0.0
21986,0,0.02108957046789739
21987,0,0.0015015015015015015
21988,0,0.003023488255872064
21989,1,0.6119467530952915
21990,0,0.003023488255872064
21991,0,0.052240023353252285
21992,0,0.019418317350648178
21993,1,0.5298716242575255
21994,1,0.5566381766381766
21995,0,0.13912341838763242
21996,0,0.4329608484940753
21997,0,0.3718272287751378
21998,0,0.024583482515813344
21999,0,0.003023488255872064
22000,0,0.10568451859438775
22001,0,0.27077926014096226
22002,0,0.019418317350648178
22003,0,0.05617908514249977
22004,0,0.0007246376811594203
22005,0,0.15867327117327115
22006,0,0.051768368453534906
22007,0,0.02851767143639065
22008,0,0.0015015015015015015
22009,0,0.0062555853440571935
22010,1,0.45589983365553205
22011,1,0.23690551479888697
22012,0,0.00306644672841856
22013,0,0.0286175736724502
22014,0,0.0950009181945244
22015,0,0.5685359392317467
22016,1,0.4252727939219556
22017,1,0.7155673735143934
22018,0,0.196721040928358
22019,0,0.0
22020,1,0.4553192967827114
22021,0,0.37901417457695924
22022,1,0.6433228033289995
22023,1,0.7658805476316813
22024,0,0.1724205604338076
22025,0,0.5057598553989894
22026,1,0.5092111592111591
22027,1,0.6869393539559204
22028,0,0.06373720177371156
22029,0,0.0
22030,0,0.20687711877831635
22031,0,0.0
22032,1,0.6487087139186879
22033,0,0.2876107045586136
22034,1,0.34272956638521324
22035,0,0.19607468825012822
22036,1,0.6358447168016877
22037,0,0.107073153760449
22038,1,0.5508428694475206
22039,0,0.13057379962342114
22040,0,0.24691043486584674
22041,0,0.002226139182660922
22042,0,0.15359144679796854
22043,1,0.5073294035738602
22044,0,0.6561396632158201
22045,0,0.010869565217391304
22046,0,0.09625325717279738
22047,0,0.029029912466210398
22048,0,0.24957878966499658
22049,0,0.1739281805841549
22050,0,0.16822437441684301
22051,0,0.1188111844662012
22052,0,0.58492748163519
22053,1,0.5056941538351486
22054,0,0.4721505324376138
22055,1,0.30713503919337043
22056,0,0.006980223025216614
22057,0,0.0015015015015015015
22058,0,0.39460414980184444
22059,1,0.47670679488861306
22060,1,0.6568690129889504
22061,0,0.0022988505747126436
22062,0,0.14696384595981266
22063,1,0.5024379806988503
22064,0,0.08070699975662128
22065,0,0.0038637958016297016
22066,0,0.10230099502487562
22067,0,0.21427002583979327
22068,0,0.5076212455682655
22069,0,0.2429169723648814
22070,0,0.019418317350648178
22071,0,0.04874938689041253
22072,0,0.0015015015015015015
22073,0,0.0163354866253417
22074,0,0.19818783068783066
22075,1,0.6976415323336224
22076,0,0.017133914685121793
22077,0,0.30434043114302056
22078,0,0.2203378071406351
22079,1,0.7658167734934649
22080,0,0.15221327967806839
22081,0,0.002226139182660922
22082,0,0.017133914685121793
22083,1,0.8441022566526989
22084,0,0.6234164801439878
22085,0,0.0
22086,0,0.446085352686512
22087,0,0.0007246376811594203
22088,0,0.631223939170959
22089,1,0.4957843236843273
22090,0,0.058777244834937147
22091,0,0.2526808902955692
22092,0,0.008056667919030121
22093,0,0.0015015015015015015
22094,0,0.005757817344317478
22095,1,0.6598060191128227
22096,0,0.0
22097,0,0.002226139182660922
22098,0,0.09495184052159118
22099,1,0.42818500068289805
22100,0,0.0694146127499385
22101,0,0.00306644672841856
22102,0,0.06509710930442637
22103,0,0.5883667963138162
22104,0,0.007259318845818979
22105,0,0.0373803278381993
22106,1,0.8723450557103064
22107,0,0.09612182995803686
22108,0,0.006980223025216614
22109,0,0.011584176465226506
22110,1,0.5408673377328586
22111,1,0.7289815416313968
22112,0,0.511811636365534
22113,1,0.39543692162777977
22114,0,0.11029434534869319
22115,0,0.0015015015015015015
22116,1,0.7207055053975955
22117,0,0.2755398671096345
22118,0,0.13505396264016953
22119,0,0.0015015015015015015
22120,1,0.6214161628795775
22121,0,0.4281240003901714
22122,0,0.4495305048869261
22123,0,0.21670260080856107
22124,0,0.0015015015015015015
22125,0,0.06031224025470888
22126,0,0.22988886750354642
22127,1,0.3456487083453375
22128,0,0.007259318845818979
22129,0,0.007259318845818979
22130,1,0.3822659965172546
22131,1,0.7397298956414978
22132,1,0.827900611265862
22133,1,0.4463437065131981
22134,0,0.1977591689739577
22135,1,0.8440945461669441
22136,1,0.5972416013142633
22137,0,0.03900211917227624
22138,0,0.1368996345986682
22139,0,0.007259318845818979
22140,0,0.0015015015015015015
22141,1,0.7090898915903291
22142,0,0.08598745778098175
22143,1,0.5217752758485422
22144,0,0.5308627491070356
22145,0,0.2782649358796148
22146,0,0.11219232503319941
22147,0,0.6623992856449026
22148,0,0.00306644672841856
22149,0,0.14940026597003342
22150,0,0.17760782109889903
22151,0,0.006980223025216614
22152,0,0.3403187206300287
22153,0,0.14957702704181577
22154,0,0.5232728688345676
22155,0,0.12272492047956429
22156,0,0.2603416848699867
22157,0,0.2752053383810661
22158,1,0.5713433078549358
22159,0,0.0778085177733065
22160,0,0.23791868656460902
22161,0,0.3282631535455844
22162,0,0.38706311735993576
22163,1,0.5864720334397241
22164,0,0.014404315209144184
22165,0,0.48786845082291497
22166,0,0.28425931683455624
22167,0,0.24048254553354118
22168,1,0.6804900770483936
22169,0,0.405010910211796
22170,1,0.6325174307452288
22171,1,0.5315343864712391
22172,0,0.002226139182660922
22173,0,0.21021985111174982
22174,0,0.011173095142617032
22175,0,0.08857314083467753
22176,0,0.07216239668416348
22177,0,0.2507990040470291
22178,1,0.4423766399628469
22179,0,0.33727490407749344
22180,0,0.019418317350648178
22181,0,0.006578947368421052
22182,0,0.1087201096038141
22183,0,0.09764512530100855
22184,1,0.5064151633937469
22185,0,0.010771819485821474
22186,1,0.6952472528841455
22187,0,0.0015015015015015015
22188,1,0.6510966407296833
22189,0,0.37867261833127275
22190,0,0.5305602307297224
22191,1,0.8559147335814549
22192,0,0.0015015015015015015
22193,0,0.0062555853440571935
22194,0,0.40764827284915867
22195,0,0.6074368165342583
22196,0,0.4606111397866173
22197,0,0.14957702704181577
22198,1,0.6813892660813562
22199,0,0.5589592800498976
22200,0,0.006578947368421052
22201,0,0.022988224372383428
22202,0,0.05730942441386469
22203,0,0.07186313268179612
22204,1,0.665748655381698
22205,0,0.3491256455962339
22206,0,0.03164557932673875
22207,1,0.6733972433641718
22208,0,0.027720322363179506
22209,1,0.5168211656240299
22210,0,0.008080448869922553
22211,0,0.4606111397866173
22212,0,0.4098096141526859
22213,0,0.3184853620198448
22214,0,0.1453315992950139
22215,0,0.012834532712478246
22216,0,0.405010910211796
22217,0,0.019418317350648178
22218,0,0.3155748630872693
22219,1,0.734707629968513
22220,0,0.10468186748148901
22221,1,0.7687180401135132
22222,0,0.04705215419501133
22223,1,0.6189118790813707
22224,0,0.22194137207362152
22225,0,0.5658318646123525
22226,0,0.002226139182660922
22227,0,0.024481947622679887
22228,1,0.8441022566526989
22229,1,0.4134824422021654
22230,1,0.5528201996857205
22231,0,0.012062506161885046
22232,1,0.2595011993791449
22233,0,0.49116836673504327
22234,0,0.005990423336605694
22235,0,0.0041928721174004195
22236,0,0.4509188269562851
22237,0,0.1533939574637249
22238,0,0.17701419285981237
22239,0,0.15898016917948884
22240,0,0.0022988505747126436
22241,0,0.026943880155159017
22242,0,0.038081208914542246
22243,0,0.010859538784067086
22244,0,0.4500435899248369
22245,0,0.0062555853440571935
22246,0,0.446085352686512
22247,1,0.6624595804132457
22248,0,0.006980223025216614
22249,0,0.0062555853440571935
22250,0,0.3854031118734083
22251,0,0.1669295786758294
22252,0,0.056509443027734196
22253,0,0.002226139182660922
22254,0,0.0022988505747126436
22255,1,0.5657990157990157
22256,0,0.4751564390502117
22257,1,0.4621638524077549
22258,0,0.23274734524734522
22259,0,0.0015015015015015015
22260,1,0.4661230037376826
22261,1,0.42304140684694386
22262,1,0.5437408159680762
22263,0,0.16670749429370116
22264,0,0.4981050144784069
22265,0,0.4371807305481874
22266,0,0.007259318845818979
22267,1,0.6303679274164371
22268,0,0.6393024637675929
22269,1,0.6193961405825812
22270,0,0.03423548368603314
22271,0,0.47393033029067994
22272,0,0.0015015015015015015
22273,1,0.6367420460488497
22274,0,0.03499073200871516
22275,0,0.5842875250183225
22276,0,0.172061163275952
22277,0,0.019418317350648178
22278,0,0.24108210370493213
22279,1,0.720013181949566
22280,0,0.7449208293634589
22281,0,0.0801539528673675
22282,0,0.0041928721174004195
22283,0,0.3110035637046962
22284,1,0.5998451413085558
22285,1,0.7370904862305921
22286,1,0.5376414446104483
22287,0,0.07861386907174053
22288,0,0.0051501157908480566
22289,1,0.41481067935340804
22290,0,0.3403187206300287
22291,1,0.6588851974898486
22292,0,0.5508428694475206
22293,0,0.0015015015015015015
22294,0,0.002226139182660922
22295,0,0.019158399051699877
22296,0,0.37741873298151757
22297,0,0.2505536535529205
22298,1,0.4605487105487105
22299,0,0.3401328992980536
22300,0,0.2158391579923089
22301,0,0.0015015015015015015
22302,0,0.44298661871382033
22303,1,0.697861096950681
22304,0,0.43981809318555004
22305,1,0.4884538110974064
22306,1,0.4445473403438374
22307,0,0.11372732045297114
22308,0,0.0790477977977978
22309,0,0.5264827764827765
22310,0,0.5685359392317467
22311,0,0.4304112513364638
22312,0,0.020575325999854305
22313,0,0.09935446011409099
22314,0,0.48813457854406134
22315,0,0.1714011914011914
22316,0,0.017916815849146676
22317,0,0.1717073972767722
22318,1,0.6957216641682661
22319,0,0.3912076440737648
22320,0,0.24147607535252247
22321,1,0.8214801563638773
22322,0,0.04809523122325976
22323,0,0.19419740108012207
22324,0,0.020298428806511486
22325,1,0.6085653892105505
22326,0,0.06758252818035428
22327,1,0.5523369388271896
22328,0,0.4579471658537689
22329,1,0.6543207610482688
22330,1,0.47393033029067994
22331,0,0.30006778172375603
22332,1,0.5508428694475206
22333,0,0.03406982175098117
22334,0,0.24513937285506274
22335,0,0.33310887410776424
22336,0,0.28768567095130054
22337,0,0.04570573176087492
22338,0,0.22898404798001468
22339,0,0.4054126481092773
22340,0,0.007259318845818979
22341,0,0.047634482070041985
22342,1,0.49869988152397576
22343,1,0.5276717644582338
22344,1,0.8441022566526989
22345,1,0.6976415323336224
22346,0,0.0015015015015015015
22347,1,0.5958622334299067
22348,0,0.017361287909504367
22349,0,0.1407155181803069
22350,0,0.4606111397866173
22351,1,0.6871179858984737
22352,0,0.14345604145401225
22353,1,0.8170279858100118
22354,1,0.7984302763839417
22355,0,0.1401976646541864
22356,0,0.007259318845818979
22357,0,0.1964185240047309
22358,1,0.4784161186600211
22359,0,0.3407518413283898
22360,0,0.28381714643997485
22361,0,0.4246328502996091
22362,0,0.08905453952047111
22363,1,0.5700671696049201
22364,0,0.4049248400161179
22365,0,0.5334119722895978
22366,0,0.02218979631260333
22367,0,0.0015015015015015015
22368,0,0.024275828623654707
22369,0,0.27799994643141596
22370,0,0.02298626806664275
22371,1,0.4455203063356918
22372,0,0.4581444567491079
22373,0,0.002226139182660922
22374,0,0.31271423541086457
22375,1,0.4655900331147666
22376,0,0.0015015015015015015
22377,1,0.8441022566526989
22378,0,0.006980223025216614
22379,0,0.4835308569691359
22380,1,0.47470120901438023
22381,1,0.4615449656679042
22382,0,0.10468186748148901
22383,1,0.509062273617558
22384,0,0.011173095142617032
22385,1,0.7853464616935972
22386,1,0.4929814430321815
22387,1,0.5092111592111591
22388,0,0.038579790165052766
22389,0,0.3202977009641514
22390,0,0.05884441983363642
22391,0,0.007216360373272483
22392,0,0.42304140684694386
22393,0,0.0015015015015015015
22394,0,0.0007246376811594203
22395,1,0.5012453866470764
22396,0,0.01529504332707994
22397,1,0.48879064232095004
22398,0,0.0778085177733065
22399,0,0.003023488255872064
22400,0,0.0838220017217874
22401,1,0.737418128266583
22402,0,0.30317155458790696
22403,0,0.038579790165052766
22404,1,0.6202908031908159
22405,0,0.5245976709279551
22406,0,0.019158399051699877
22407,1,0.8153440867180585
22408,0,0.23614285554293346
22409,0,0.3400133057362507
22410,1,0.412380754701316
22411,0,0.2632126321017299
22412,0,0.012371066718892806
22413,0,0.059773799781811854
22414,0,0.14187169312169312
22415,0,0.37487312301411774
22416,1,0.6424929624598908
22417,0,0.006578947368421052
22418,1,0.5756695156695156
22419,1,0.3964575377341335
22420,0,0.08061470202058528
22421,0,0.17235135854382713
22422,0,0.10930529497602669
22423,0,0.0007246376811594203
22424,0,0.09641160121929353
22425,0,0.06080006087670444
22426,0,0.44066592791974085
22427,1,0.6356150576105565
22428,0,0.46326967814505204
22429,0,0.21674637881063327
22430,1,0.5714433893091547
22431,1,0.6069852880197707
22432,1,0.757771603032486
22433,0,0.49770180392113406
22434,0,0.5432837822652848
22435,0,0.3617039208690751
22436,1,0.42618946885962594
22437,0,0.04654480135249366
22438,1,0.5263603752606234
22439,1,0.6484644855157387
22440,0,0.4524255820807545
22441,0,0.012013402688374671
22442,0,0.07584045021792435
22443,0,0.18083767399342685
22444,0,0.2065402105970057
22445,0,0.0950009181945244
22446,0,0.19419740108012207
22447,0,0.02218979631260333
22448,0,0.13807505468854916
22449,0,0.026943880155159017
22450,0,0.0468817951775841
22451,0,0.0015015015015015015
22452,0,0.1811574074074074
22453,0,0.5176470157880105
22454,0,0.012371066718892806
22455,0,0.1853358922186132
22456,0,0.07139617486445399
22457,0,0.0015015015015015015
22458,0,0.2014180873705758
22459,0,0.02417240119320387
22460,1,0.6041784968254441
22461,0,0.10417136033519914
22462,1,0.6340481552345959
22463,0,0.4643642413115496
22464,0,0.3438383318348399
22465,1,0.43069221868872676
22466,0,0.0015015015015015015
22467,0,0.08910934744268077
22468,0,0.028181071516397278
22469,0,0.14109144679796856
22470,0,0.002226139182660922
22471,0,0.43261410230557235
22472,1,0.5943680380958725
22473,1,0.7368283812530021
22474,0,0.09146120405875145
22475,0,0.23767333607050034
22476,0,0.0015015015015015015
22477,0,0.003023488255872064
22478,1,0.6976415323336224
22479,0,0.05807486468406009
22480,0,0.0007246376811594203
22481,0,0.3800437876299945
22482,0,0.0
22483,0,0.16074263038548753
22484,0,0.008080448869922553
22485,0,0.002226139182660922
22486,0,0.024212892137420436
22487,0,0.0015015015015015015
22488,1,0.40018005221731695
22489,0,0.0324744062057352
22490,0,0.4126688904386959
22491,0,0.019418317350648178
22492,0,0.18168737834742218
22493,1,0.5157295355512037
22494,0,0.0015015015015015015
22495,1,0.5283270724529915
22496,0,0.06203159945340464
22497,0,0.25660312429975346
22498,0,0.26845726560845834
22499,0,0.2298174100140392
22500,0,0.056251410516813365
22501,0,0.02846301904217412
22502,0,0.05107662403646416
22503,0,0.12904372050713514
22504,0,0.08933936265438702
22505,1,0.6013708513708513
22506,0,0.00306644672841856
22507,0,0.6913954563536863
22508,1,0.3781116655093712
22509,0,0.2584419712676547
22510,0,0.4926405131348582
22511,0,0.3475334102896184
22512,1,0.42304140684694386
22513,0,0.40280676611729965
22514,0,0.012273320987322976
22515,1,0.7304983490887441
22516,0,0.2070777185625422
22517,0,0.412380754701316
22518,0,0.0
22519,0,0.11430573251225425
22520,0,0.011173095142617032
22521,1,0.6424408703878902
22522,1,0.8188192323975558
22523,0,0.10650663416251742
22524,1,0.656573430114934
22525,1,0.7118350930115636
22526,0,0.2530583798609693
22527,0,0.15339712144281456
22528,0,0.012273320987322976
22529,0,0.6567164990013974
22530,1,0.7391020273585366
22531,0,0.01529504332707994
22532,0,0.00306644672841856
22533,0,0.010771819485821474
22534,0,0.0015015015015015015
22535,0,0.012013402688374671
22536,0,0.02417240119320387
22537,1,0.5754337607044993
22538,0,0.03013322073570863
22539,0,0.12551186722075713
22540,0,0.002226139182660922
22541,1,0.7062452106034147
22542,0,0.049823633156966494
22543,0,0.1194396671530818
22544,0,0.36402701614152494
22545,0,0.046560235803488025
22546,0,0.16581490258030543
22547,0,0.0652721971934833
22548,1,0.4235516837211753
22549,1,0.41244989904012325
22550,0,0.06145954316686023
22551,0,0.08056691402654477
22552,0,0.0015015015015015015
22553,1,0.5883667963138162
22554,0,0.03417163890113639
22555,0,0.14929966660854774
22556,1,0.7173110838678474
22557,0,0.056509443027734196
22558,1,0.4429518987483958
22559,1,0.42263543128459297
22560,0,0.0163354866253417
22561,0,0.005694373618901921
22562,0,0.46020140213262534
22563,0,0.5864720334397241
22564,1,0.6071316529867882
22565,0,0.5597281093672434
22566,1,0.5474985208073105
22567,0,0.35530540071264133
22568,0,0.10468186748148901
22569,1,0.5888958376763255
22570,0,0.014130901087422827
22571,0,0.0
22572,0,0.0015015015015015015
22573,1,0.4372498748869947
22574,0,0.0007246376811594203
22575,1,0.6442957375467894
22576,0,0.17760782109889903
22577,0,0.6424929624598908
22578,1,0.3307760398070711
22579,0,0.39864158144319006
22580,1,0.4552112271833353
22581,0,0.07383786848072563
22582,0,0.0015015015015015015
22583,0,0.05028438231018426
22584,1,0.6325174307452288
22585,0,0.4585338643809409
22586,0,0.41470583931742233
22587,0,0.020575325999854305
22588,1,0.6871179858984737
22589,1,0.5932645454854689
22590,0,0.3993653620061866
22591,0,0.21117632367632366
22592,0,0.04570573176087492
22593,1,0.5150609470229722
22594,0,0.006419011300061342
22595,1,0.6436404295520317
22596,0,0.21798954557575245
22597,1,0.7425941081229904
22598,0,0.024583482515813344
22599,1,0.6733972433641718
22600,1,0.8441022566526989
22601,0,0.0015015015015015015
22602,0,0.2034000023959691
22603,0,0.09766938496613294
22604,1,0.5033810304223878
22605,0,0.13779448591387486
22606,0,0.03946286832549401
22607,1,0.7289815416313968
22608,0,0.025750843131893172
22609,1,0.5943680380958725
22610,1,0.4210399896891513
22611,0,0.16918737834742215
22612,0,0.42304140684694386
22613,1,0.48678806412751374
22614,0,0.21386306979882355
22615,0,0.30564702324764115
22616,0,0.1567977133322695
22617,0,0.008080448869922553
22618,1,0.3409737786642357
22619,1,0.6221354818958559
22620,1,0.45922210351807485
22621,0,0.038579790165052766
22622,0,0.3905546565778577
22623,0,0.3202285566253441
22624,0,0.19778087464686098
22625,0,0.48263254175893716
22626,1,0.6976415323336224
22627,0,0.2454154126403437
22628,1,0.4963156320526417
22629,0,0.46257783697898525
22630,0,0.20098082796823244
22631,0,0.06998150617397479
22632,0,0.19025647223572803
22633,0,0.20844686475279484
22634,0,0.41043033497856724
22635,1,0.44066592791974085
22636,1,0.5937127301011148
22637,0,0.0007246376811594203
22638,0,0.013564007663386548
22639,1,0.492035742035742
22640,1,0.8213269927009644
22641,0,0.08300107199605954
22642,0,0.09299619947852318
22643,0,0.10788916718269115
22644,0,0.2561251515809448
22645,0,0.36288067715625366
22646,0,0.27427446561701724
22647,0,0.37544209337609624
22648,1,0.5279868693780806
22649,0,0.15624280782508632
22650,0,0.002226139182660922
22651,0,0.03570663432090813
22652,0,0.04570573176087492
22653,1,0.7004352889152701
22654,0,0.08598745778098175
22655,1,0.5833962512620167
22656,0,0.0015015015015015015
22657,1,0.44751194435521663
22658,1,0.8213269927009644
22659,1,0.5514981774422782
22660,0,0.0015015015015015015
22661,0,0.0022988505747126436
22662,0,0.18060797960394628
22663,0,0.008080448869922553
22664,1,0.6200514485773388
22665,0,0.027558106420732104
22666,0,0.0015015015015015015
22667,1,0.3030403371462974
22668,0,0.0
22669,0,0.0015015015015015015
22670,0,0.43577260929889045
22671,1,0.7435746646652821
22672,1,0.5753370664091093
22673,1,0.7517584362010657
22674,1,0.42948144772006874
22675,0,0.07460609448404003
22676,0,0.4606111397866173
22677,0,0.020460208492245103
22678,0,0.0
22679,0,0.3590377455846328
22680,0,0.10020905084457127
22681,1,0.6094797959700466
22682,1,0.6295251074787728
22683,0,0.056251410516813365
22684,1,0.7656580811869634
22685,0,0.012371066718892806
22686,0,0.19211931910672356
22687,1,0.37165775196906004
22688,0,0.13586430507162214
22689,0,0.055177164250259404
22690,1,0.6325174307452288
22691,1,0.8099795850543607
22692,0,0.22156943524563452
22693,0,0.37496553660243287
22694,0,0.1270689923312284
22695,0,0.10788916718269115
22696,0,0.00306644672841856
22697,0,0.02021566642385932
22698,0,0.3246990697500654
22699,1,0.7370904862305921
22700,1,0.5145498133303011
22701,0,0.0015015015015015015
22702,1,0.7045180689553394
22703,0,0.6161629233809246
22704,1,0.4244150158784305
22705,0,0.003023488255872064
22706,0,0.002226139182660922
22707,0,0.00306644672841856
22708,1,0.572765411552597
22709,0,0.6310232354111945
22710,0,0.0015015015015015015
22711,0,0.4420925195884455
22712,1,0.7368283812530021
22713,0,0.0015015015015015015
22714,1,0.5444513932318811
22715,1,0.7085148271194783
22716,1,0.2163947142506745
22717,0,0.14449520266651314
22718,0,0.07048032984353016
22719,0,0.3506686613173761
22720,0,0.12018221164562627
22721,0,0.2861030412754551
22722,1,0.4223581771532676
22723,1,0.6289433077058671
22724,1,0.3850348777315069
22725,0,0.24480264380520303
22726,0,0.011173095142617032
22727,1,0.48772809469011996
22728,0,0.214789592254381
22729,1,0.633064893132959
22730,0,0.04597790792845738
22731,0,0.23850903997962822
22732,0,0.4679424296352819
22733,0,0.06620157714165874
22734,0,0.0015015015015015015
22735,0,0.429394155542327
22736,0,0.08938098938098937
22737,0,0.027007724940055766
22738,0,0.4765345485798805
22739,0,0.023924894214749286
22740,0,0.0015015015015015015
22741,0,0.10650663416251742
22742,1,0.6394207435141639
22743,1,0.8441022566526989
22744,0,0.055177164250259404
22745,0,0.017175794171099334
22746,0,0.07282146865480199
22747,0,0.011004425478109689
22748,0,0.37166998336215057
22749,1,0.902262443438914
22750,0,0.5651956913245294
22751,1,0.7658805476316813
22752,0,0.2225035280804818
22753,0,0.013564007663386548
22754,1,0.456231843289689
22755,0,0.4552112271833353
22756,0,0.01998521077468446
22757,0,0.06508257934798219
22758,1,0.376730130815398
22759,0,0.0
22760,0,0.1567977133322695
22761,1,0.8072351421188632
22762,1,0.8001141754758953
22763,1,0.8438705057580123
22764,0,0.20456071763811448
22765,1,0.5783068783068782
22766,0,0.0
22767,0,0.024583482515813344
22768,1,0.7901540750377959
22769,0,0.011173095142617032
22770,0,0.3403187206300287
22771,0,0.39670311496642063
22772,1,0.4915548513634769
22773,0,0.27028536608335113
22774,0,0.23614285554293346
22775,0,0.30713503919337043
22776,0,0.1578459854321923
22777,1,0.45707928802589
22778,0,0.14645942640189502
22779,1,0.6080985866244769
22780,0,0.16004562143523532
22781,0,0.08061470202058528
22782,0,0.0015015015015015015
22783,0,0.5072744993797625
22784,0,0.43012433094212144
22785,0,0.4947476573153767
22786,1,0.5233867223769731
22787,0,0.23996803153779897
22788,1,0.37679927515420525
22789,0,0.27615263011604474
22790,0,0.14703400677572329
22791,0,0.26000688016829804
22792,1,0.5427350427350427
22793,0,0.2872797975626336
22794,0,0.0027048514803914344
22795,0,0.0015015015015015015
22796,0,0.09608960532952983
22797,0,0.6094206088679192
22798,0,0.012273320987322976
22799,0,0.3407518413283898
22800,0,0.15359144679796854
22801,0,0.00306644672841856
22802,1,0.4698232323232323
22803,0,0.04807979677226539
22804,0,0.005694373618901921
22805,1,0.40018005221731695
22806,1,0.4461399843108705
22807,0,0.0015015015015015015
22808,0,0.07065109629212192
22809,0,0.08291158529454017
22810,0,0.07218609171189366
22811,1,0.6571449771119057
22812,0,0.0015015015015015015
22813,0,0.5842721736404325
22814,1,0.6976415323336224
22815,0,0.0801539528673675
22816,0,0.0015015015015015015
22817,1,0.7242397125615652
22818,1,0.25945026910342
22819,1,0.6710029639146949
22820,0,0.30713503919337043
22821,1,0.4686609686609686
22822,0,0.0015015015015015015
22823,1,0.2752053383810661
22824,1,0.6871179858984737
22825,0,0.04304076703145027
22826,1,0.27320788598263307
22827,1,0.5115000632303534
22828,1,0.6288971970790153
22829,0,0.0007246376811594203
22830,0,0.25819662077354605
22831,0,0.0015015015015015015
22832,0,0.3001744011732913
22833,0,0.12368509489988362
22834,0,0.14703400677572329
22835,0,0.035895770668125056
22836,0,0.009815546772068511
22837,0,0.011004425478109689
22838,0,0.5137734631746608
22839,0,0.0015015015015015015
22840,1,0.7160655683930516
22841,0,0.27635845635845635
22842,0,0.1742087493588292
22843,0,0.026646076096625546
22844,0,0.056509443027734196
22845,0,0.23430887447029236
22846,0,0.37325319356450165
22847,1,0.4041681425420749
22848,1,0.6380684947960026
22849,0,0.0015015015015015015
22850,1,0.33554961476872786
22851,0,0.10979084149815858
22852,0,0.0015015015015015015
22853,0,0.28425931683455624
22854,0,0.4645181224844758
22855,0,0.021036075153072074
22856,0,0.3720764372773231
22857,0,0.1341536892933032
22858,0,0.06080006087670444
22859,0,0.11992521367521368
22860,0,0.013564007663386548
22861,0,0.07907970660081354
22862,0,0.0015015015015015015
22863,0,0.003023488255872064
22864,0,0.3342529770579674
22865,1,0.5482099547002054
22866,0,0.14065841380740418
22867,0,0.03290819152142045
22868,0,0.006980223025216614
22869,1,0.6046717991385193
22870,0,0.2674244360290872
22871,0,0.007820530570974251
22872,0,0.0015015015015015015
22873,0,0.00306644672841856
22874,1,0.7672573587207734
22875,1,0.47529781225433404
22876,0,0.286718844740732
22877,1,0.5744355428821448
22878,0,0.07048032984353016
22879,1,0.38355103797529155
22880,1,0.544304450338933
22881,0,0.038832911565132175
22882,1,0.5861907636909748
22883,0,0.002226139182660922
22884,0,0.039317042606516285
22885,1,0.2944202607546629
22886,1,0.5018868350883535
22887,0,0.2752053383810661
22888,0,0.12767531764010637
22889,0,0.03442383858467888
22890,0,0.3912836901996495
22891,1,0.6265568290597853
22892,0,0.05330336387330662
22893,0,0.025644041676046447
22894,1,0.6084737935016583
22895,0,0.5509906872890169
22896,0,0.006980223025216614
22897,0,0.01575850932066538
22898,0,0.21670260080856107
22899,0,0.08379408248655111
22900,1,0.3307760398070711
22901,1,0.4280548560513641
22902,0,0.18255493261086267
22903,1,0.6820560897327811
22904,0,0.5050187360532188
22905,1,0.5643652795752535
22906,1,0.905217680292456
22907,0,0.045812245993405415
22908,0,0.29844573158308346
22909,0,0.0062555853440571935
22910,0,0.0015015015015015015
22911,0,0.2729025044722719
22912,0,0.06600819352675132
22913,0,0.0015015015015015015
22914,0,0.23069364190843064
22915,1,0.40218622751668165
22916,0,0.028874100364783595
22917,1,0.5170370370370371
22918,0,0.09347446032228642
22919,0,0.3078173683939169
22920,0,0.2701097741920527
22921,0,0.4088999511517894
22922,1,0.6295251074787728
22923,0,0.2504641993453404
22924,0,0.1977591689739577
22925,0,0.02108957046789739
22926,1,0.572765411552597
22927,0,0.23791868656460902
22928,0,0.276461015543294
22929,0,0.22517896426124273
22930,0,0.38706311735993576
22931,1,0.40764827284915867
22932,0,0.13057379962342114
22933,0,0.012273320987322976
22934,0,0.3419510077832981
22935,0,0.0007246376811594203
22936,1,0.4322845543168414
22937,1,0.8566587812005024
22938,0,0.2475968746396033
22939,1,0.8072351421188632
22940,0,0.0
22941,1,0.6194981192584933
22942,1,0.5552201596098673
22943,1,0.6673682038584544
22944,0,0.34443785533459575
22945,0,0.008080448869922553
22946,1,0.5528201996857205
22947,0,0.23045264978004662
22948,0,0.06901560959916397
22949,0,0.09680529497602668
22950,0,0.021036075153072074
22951,1,0.3679531812211367
22952,1,0.45589983365553205
22953,0,0.001564945226917058
22954,0,0.12559365176985104
22955,0,0.0468817951775841
22956,1,0.3367139512555919
22957,0,0.30158134492499816
22958,0,0.002226139182660922
22959,0,0.012834532712478246
22960,1,0.7737670257861587
22961,0,0.006980223025216614
22962,0,0.0015015015015015015
22963,1,0.2752053383810661
22964,0,0.04445580819157722
22965,0,0.3145271262192934
22966,0,0.006419011300061342
22967,1,0.8359933120535036
22968,0,0.08379151900493365
22969,1,0.4765345485798805
22970,0,0.0015015015015015015
22971,0,0.08061470202058528
22972,1,0.45589983365553205
22973,0,0.007391304347826088
22974,1,0.675247304220222
22975,1,0.3207943859952718
22976,0,0.0
22977,0,0.0670060366488938
22978,1,0.7540974742519336
22979,0,0.002226139182660922
22980,0,0.25992280026791353
22981,0,0.376730130815398
22982,1,0.376730130815398
22983,1,0.6871179858984737
22984,1,0.4777538270491794
22985,0,0.4781898547860363
22986,0,0.02171932886317014
22987,0,0.03946286832549401
22988,0,0.0015015015015015015
22989,0,0.2701097741920527
22990,0,0.5745191714868622
22991,0,0.08291158529454017
22992,0,0.3373040954653213
22993,0,0.05076479615411319
22994,0,0.33889275584066486
22995,1,0.631223939170959
22996,1,0.5321937321937321
22997,0,0.6733972433641718
22998,1,0.6299392552099937
22999,0,0.13623535516355853
23000,0,0.04152162814443516
23001,1,0.5056528742575255
23002,0,0.23401003856796013
23003,1,0.5578865249278824
23004,1,0.31524715300285144
23005,1,0.7554448817920174
23006,0,0.17618814740293612
23007,0,0.006578947368421052
23008,0,0.5586061272552889
23009,1,0.573907960398211
23010,0,0.0022988505747126436
23011,0,0.006980223025216614
23012,0,0.23837111812330058
23013,0,0.32617030795068686
23014,0,0.09942397683837005
23015,0,0.032904699697663777
23016,0,0.027720322363179506
23017,1,0.6340481552345959
23018,0,0.08056691402654477
23019,0,0.002226139182660922
23020,0,0.0804924189959094
23021,0,0.07917692064033527
23022,1,0.8146425495262705
23023,0,0.17515001935733643
23024,0,0.01753623188405797
23025,0,0.0015015015015015015
23026,0,0.08720563750889809
23027,1,0.37325319356450165
23028,0,0.6009749662614358
23029,0,0.06844901417783165
23030,0,0.012273320987322976
23031,0,0.07205466449713312
23032,1,0.30973000537661227
23033,0,0.0
23034,1,0.412380754701316
23035,1,0.6508831720696128
23036,0,0.02218979631260333
23037,1,0.5903441265520161
23038,0,0.5010091185953255
23039,0,0.019418317350648178
23040,1,0.5685359392317467
23041,0,0.28143703349536475
23042,0,0.0015015015015015015
23043,0,0.10468186748148901
23044,0,0.47630547086720876
23045,1,0.6310232354111945
23046,0,0.26845726560845834
23047,0,0.0312891503983458
23048,0,0.3273234259280771
23049,0,0.05008166566788732
23050,1,0.33643699204267546
23051,0,0.03792787290572228
23052,0,0.24636561568761164
23053,1,0.5331923619120851
23054,0,0.14187169312169312
23055,0,0.037195317546634035
23056,0,0.5833962512620167
23057,1,0.49505492908025356
23058,0,0.012273320987322976
23059,0,0.1726643155983185
23060,1,0.382675236042693
23061,0,0.20675806197837887
23062,0,0.0015015015015015015
23063,0,0.14749536117156045
23064,0,0.033736147040976015
23065,0,0.29316583526366197
23066,0,0.011004425478109689
23067,1,0.5033810304223878
23068,0,0.0015015015015015015
23069,0,0.008877797943133696
23070,0,0.13026190952612357
23071,0,0.21782107301770218
23072,0,0.34354644937873974
23073,1,0.6597372970896168
23074,1,0.4521341128692824
23075,0,0.4825262835397317
23076,0,0.4645585082076698
23077,0,0.2023148148148148
23078,0,0.019418317350648178
23079,1,0.6710029639146949
23080,0,0.03875014918248001
23081,0,0.05884441983363642
23082,0,0.0
23083,0,0.12923444839042272
23084,0,0.06192029232007801
23085,0,0.24772406518885393
23086,0,0.44066592791974085
23087,0,0.09164901332111912
23088,0,0.13113461286480443
23089,1,0.5827409432672591
23090,0,0.1943771187783164
23091,0,0.08824525745257451
23092,1,0.6193625058527567
23093,1,0.6026472664522707
23094,1,0.712705465050372
23095,1,0.6854936787114371
23096,1,0.37589055620186423
23097,1,0.520411870051004
23098,0,0.19955127920443014
23099,0,0.5263603752606234
23100,1,0.5298716242575255
23101,1,0.734707629968513
23102,0,0.058243720665525855
23103,1,0.7732241809008723
23104,0,0.33889275584066486
23105,1,0.4041681425420749
23106,0,0.32286591926270675
23107,0,0.05884441983363642
23108,1,0.6257440883295805
23109,1,0.5408673377328586
23110,0,0.25801969033748284
23111,0,0.12336103254832777
23112,0,0.002226139182660922
23113,1,0.6804900770483936
23114,0,0.19818783068783066
23115,0,0.1188138087785975
23116,1,0.8153440867180585
23117,0,0.052240023353252285
23118,0,0.22589034581654507
23119,1,0.5888958376763255
23120,0,0.005990423336605694
23121,1,0.4917249417249417
23122,0,0.25714127081747007
23123,0,0.002226139182660922
23124,0,0.2163947142506745
23125,0,0.03196705336321752
23126,1,0.6367420460488497
23127,0,0.02417240119320387
23128,1,0.5096326770695297
23129,0,0.2014180873705758
23130,1,0.595983645983646
23131,0,0.012834532712478246
23132,0,0.2975923583704128
23133,0,0.301587898713912
23134,0,0.17760782109889903
23135,1,0.631223939170959
23136,0,0.0007246376811594203
23137,1,0.376730130815398
23138,1,0.5495587588719301
23139,0,0.11352514030125764
23140,0,0.2832711666428463
23141,0,0.027412280701754388
23142,0,0.013564007663386548
23143,0,0.0015015015015015015
23144,0,0.5245976709279551
23145,0,0.22027472919108151
23146,0,0.35391786994415914
23147,0,0.004917509798559839
23148,0,0.0015015015015015015
23149,0,0.012273320987322976
23150,1,0.5228368410977108
23151,0,0.24647509981167437
23152,0,0.27275104011849
23153,0,0.03288548752834467
23154,0,0.007391304347826088
23155,0,0.3912836901996495
23156,0,0.06329191033138402
23157,1,0.4344785575048733
23158,0,0.20905963358793547
23159,0,0.29503949308783156
23160,0,0.40764827284915867
23161,0,0.074351547771088
23162,1,0.7166894149533368
23163,1,0.2331110321069988
23164,0,0.08598745778098175
23165,0,0.025686112018240916
23166,0,0.03370554059463159
23167,0,0.16830546893818996
23168,0,0.018318091505942238
23169,0,0.13057379962342114
23170,0,0.026591150677650815
23171,0,0.24166676571383294
23172,0,0.0015015015015015015
23173,0,0.25237507045649576
23174,0,0.0015015015015015015
23175,1,0.6211709925463117
23176,0,0.0015015015015015015
23177,1,0.4601293059763825
23178,0,0.037195317546634035
23179,0,0.14699472721860782
23180,1,0.40221120838413116
23181,1,0.5833962512620167
23182,0,0.4046876384327327
23183,0,0.0804924189959094
23184,0,0.22052169837765864
23185,0,0.08938098938098937
23186,0,0.2893443222547258
23187,0,0.3751277499122599
23188,1,0.6503004214868621
23189,0,0.02417240119320387
23190,0,0.3063510957127978
23191,0,0.53786397417154
23192,0,0.4751564390502117
23193,0,0.29827468757095926
23194,0,0.23055318013253032
23195,0,0.12869927494932065
23196,0,0.2584419712676547
23197,0,0.009815546772068511
23198,0,0.002226139182660922
23199,1,0.5874621014525632
23200,1,0.49905486380614755
23201,0,0.004917509798559839
23202,0,0.003023488255872064
23203,1,0.7256565468429875
23204,0,0.39745137491616367
23205,0,0.4781898547860363
23206,0,0.019158399051699877
23207,0,0.5117862667911325
23208,0,0.5257050672658657
23209,1,0.5989241882924472
23210,1,0.6248729299678318
23211,0,0.01998521077468446
23212,0,0.0015015015015015015
23213,0,0.26772019870034364
23214,0,0.17954403983815748
23215,0,0.1631955001520219
23216,0,0.44298661871382033
23217,0,0.019418317350648178
23218,1,0.47758830903439636
23219,0,0.08466210452134565
23220,0,0.0015015015015015015
23221,0,0.15721091869574233
23222,0,0.002226139182660922
23223,0,0.6764312712489043
23224,0,0.05701616735463921
23225,0,0.1478791000978579
23226,1,0.5631978319783197
23227,1,0.5111135786019197
23228,1,0.7235945512712426
23229,1,0.7301618575368743
23230,0,0.08598745778098175
23231,0,0.405010910211796
23232,1,0.3068798449612403
23233,0,0.42304140684694386
23234,0,0.034129367462700795
23235,0,0.25801969033748284
23236,1,0.6234164801439878
23237,1,0.5651629857278418
23238,0,0.42304140684694386
23239,0,0.09794659663906526
23240,0,0.003023488255872064
23241,0,0.09766938496613294
23242,0,0.0015015015015015015
23243,1,0.8428309188911104
23244,1,0.42263543128459297
23245,0,0.007259318845818979
23246,0,0.033913130105598724
23247,1,0.4957843236843273
23248,0,0.010771819485821474
23249,1,0.6009749662614358
23250,0,0.002226139182660922
23251,0,0.007820530570974251
23252,0,0.1710230352303523
23253,0,0.007259318845818979
23254,0,0.03135788850074565
23255,0,0.12767531764010637
23256,1,0.854782026959728
23257,1,0.7166659225775248
23258,0,0.04287040801402301
23259,0,0.667392559424099
23260,0,0.09971022717501589
23261,0,0.013564007663386548
23262,0,0.032904699697663777
23263,0,0.03792787290572228
23264,0,0.0015015015015015015
23265,0,0.3407518413283898
23266,1,0.6854936787114371
23267,0,0.0015015015015015015
23268,0,0.002226139182660922
23269,1,0.6142279747542906
23270,0,0.24490903367193337
23271,1,0.5128270169499555
23272,0,0.14065841380740418
23273,0,0.0
23274,1,0.8198342103498901
23275,1,0.5796443658512623
23276,0,0.017133914685121793
23277,0,0.0
23278,1,0.6820009216339642
23279,0,0.13883364712637578
23280,0,0.027007724940055766
23281,0,0.02648041416157358
23282,0,0.14449520266651314
23283,0,0.15648971428398786
23284,1,0.4466139335704553
23285,0,0.37463774378474923
23286,0,0.22194137207362152
23287,0,0.07707126533184298
23288,0,0.037006962647988285
23289,0,0.19586481579101503
23290,1,0.6924216336080743
23291,0,0.13278133903133904
23292,0,0.3954371163946151
23293,0,0.052240023353252285
23294,1,0.6233251460222932
23295,1,0.7540974742519336
23296,0,0.03875014918248001
23297,0,0.02846301904217412
23298,0,0.04597790792845738
23299,0,0.3355379317287898
23300,0,0.018795352254983005
23301,0,0.22508400234116022
23302,0,0.07205466449713312
23303,0,0.013564007663386548
23304,0,0.026591150677650815
23305,0,0.0373803278381993
23306,1,0.5387839934560623
23307,0,0.47158562241332397
23308,1,0.5714433893091547
23309,0,0.2600821950865166
23310,0,0.4617235144341259
23311,0,0.32468342693526514
23312,1,0.6863131774846546
23313,1,0.4923679877751468
23314,1,0.4927809601230087
23315,1,0.5565830772788846
23316,0,0.013564007663386548
23317,0,0.04787708012996845
23318,0,0.09612182995803686
23319,1,0.5685359392317467
23320,1,0.833883517248768
23321,0,0.02417240119320387
23322,0,0.043965517241379315
23323,0,0.23195834777162508
23324,0,0.3548518609503706
23325,0,0.42846083161371507
23326,1,0.6411211090150212
23327,1,0.573907960398211
23328,0,0.39136224064871
23329,0,0.2507990040470291
23330,1,0.6765186419818104
23331,1,0.4305865016209844
23332,1,0.4114700646086182
23333,0,0.08933936265438702
23334,0,0.15118411257372646
23335,1,0.6649361634375218
23336,1,0.7588881447997471
23337,0,0.0468817951775841
23338,0,0.04809523122325976
23339,0,0.019418317350648178
23340,0,0.3155748630872693
23341,1,0.8213269927009644
23342,0,0.006980223025216614
23343,0,0.014404315209144184
23344,0,0.21443452671999583
23345,0,0.03170289855072464
23346,1,0.7062452106034147
23347,0,0.02648041416157358
23348,0,0.09697418231299053
23349,0,0.017133914685121793
23350,0,0.1318211646110197
23351,1,0.5944581509484016
23352,0,0.5916327611090564
23353,0,0.573212685926796
23354,0,0.2546820536780204
23355,0,0.0007246376811594203
23356,0,0.5156838820947806
23357,0,0.2656626575581085
23358,0,0.3106119764442668
23359,0,0.015201664282355325
23360,0,0.2505373807276921
23361,0,0.6125428858005391
23362,0,0.0015015015015015015
23363,0,0.5298716242575255
23364,0,0.4823086699233488
23365,0,0.39463839380354804
23366,0,0.0015015015015015015
23367,1,0.6502742506014488
23368,1,0.4304112513364638
23369,0,0.007259318845818979
23370,0,0.019158399051699877
23371,0,0.11697672332307966
23372,0,0.23042535071484135
23373,1,0.5744907109809617
23374,0,0.2873317135355005
23375,0,0.2062603420736194
23376,1,0.4657452870218827
23377,0,0.14485380427409414
23378,0,0.22905717770310016
23379,0,0.30434043114302056
23380,0,0.026646076096625546
23381,0,0.05730942441386469
23382,0,0.024583482515813344
23383,0,0.28183675697596433
23384,0,0.2752053383810661
23385,0,0.0015015015015015015
23386,0,0.4728357482561322
23387,1,0.7019190027888348
23388,0,0.09546479942821406
23389,0,0.08057789090752004
23390,1,0.7090898915903291
23391,0,0.00306644672841856
23392,1,0.5094065972509025
23393,0,0.007259318845818979
23394,1,0.6479697518451416
23395,0,0.014404315209144184
23396,0,0.405010910211796
23397,1,0.37325319356450165
23398,0,0.5685359392317467
23399,1,0.5354497354497354
23400,0,0.5858602444809341
23401,0,0.015201664282355325
23402,0,0.3871013540982582
23403,0,0.004917509798559839
23404,0,0.6477688977688979
23405,0,0.0015015015015015015
23406,0,0.07194506934396143
23407,0,0.4728357482561322
23408,0,0.011004425478109689
23409,0,0.572765411552597
23410,0,0.0521676979789387
23411,1,0.30045870255566737
23412,1,0.7484241902695152
23413,0,0.21025092340100135
23414,0,0.13623535516355853
23415,0,0.0015015015015015015
23416,1,0.858342680292456
23417,0,0.16152562594693642
23418,0,0.0015015015015015015
23419,0,0.37023856839979424
23420,0,0.001564945226917058
23421,0,0.14501281219321452
23422,0,0.013070670060534117
23423,0,0.251076464835576
23424,0,0.34303735372559246
23425,0,0.12526372458877444
23426,0,0.5207986257984437
23427,0,0.043200076971183915
23428,0,0.6323428755939274
23429,0,0.1739281805841549
23430,0,0.014971208633180464
23431,1,0.4347839723986513
23432,0,0.0015015015015015015
23433,0,0.4304112513364638
23434,0,0.17028738396358323
23435,0,0.2067429138608535
23436,0,0.26798465209061234
23437,0,0.002226139182660922
23438,1,0.3794462817668431
23439,0,0.3356794624820519
23440,0,0.4488572887920054
23441,0,0.017027404829878665
23442,1,0.40595664311353913
23443,0,0.019418317350648178
23444,0,0.22898404798001468
23445,0,0.4510659280533325
23446,1,0.4728357482561322
23447,0,0.006419011300061342
23448,0,0.006578947368421052
23449,0,0.22295931393027893
23450,0,0.002226139182660922
23451,0,0.0652721971934833
23452,0,0.38154455607285803
23453,0,0.0015015015015015015
23454,0,0.013070670060534117
23455,0,0.2505373807276921
23456,0,0.02507317769686585
23457,0,0.03013322073570863
23458,1,0.5449463808378291
23459,0,0.002226139182660922
23460,0,0.0062555853440571935
23461,0,0.6203923957017748
23462,0,0.18868598025574768
23463,1,0.5274919547172956
23464,1,0.6340481552345959
23465,0,0.0324744062057352
23466,1,0.4088348933831256
23467,0,0.005990423336605694
23468,0,0.09395637389884252
23469,0,0.02846301904217412
23470,0,0.08453606741583126
23471,0,0.18365450974146624
23472,0,0.012424484010984144
23473,1,0.7627011525217261
23474,0,0.3847762694821519
23475,0,0.012424484010984144
23476,1,0.5257050672658657
23477,0,0.1693012698576236
23478,0,0.03140015993918124
23479,1,0.46944690048138327
23480,0,0.07707126533184298
23481,1,0.3836711139113646
23482,1,0.6517519487244409
23483,0,0.4371807305481874
23484,0,0.0015015015015015015
23485,1,0.31910665854873527
23486,0,0.04287040801402301
23487,1,0.8227514941254658
23488,0,0.0545060366488938
23489,0,0.3882690650349421
23490,0,0.002226139182660922
23491,0,0.4825230488458618
23492,0,0.7131738392971326
23493,0,0.006419011300061342
23494,1,0.42304140684694386
23495,0,0.39463839380354804
23496,0,0.2158391579923089
23497,0,0.0
23498,1,0.48166872630100244
23499,1,0.41555354845699854
23500,0,0.17260378510378507
23501,0,0.07231718148928729
23502,0,0.006980223025216614
23503,1,0.42358116418633607
23504,0,0.43029341151149286
23505,1,0.3472701579583967
23506,1,0.8723450557103064
23507,0,0.014404315209144184
23508,0,0.3016409470451166
23509,0,0.34354644937873974
23510,1,0.5726366226366227
23511,1,0.6009749662614358
23512,0,0.05617908514249977
23513,1,0.7452822801660011
23514,0,0.45853719629289474
23515,0,0.1659173724262788
23516,0,0.6325174307452288
23517,0,0.2752053383810661
23518,0,0.37446459141250044
23519,1,0.40153091952192405
23520,0,0.13623535516355853
23521,0,0.5327272698987693
23522,1,0.22194137207362152
23523,1,0.6788935307251327
23524,0,0.05607294087168127
23525,1,0.20768568676378033
23526,0,0.008080448869922553
23527,0,0.007259318845818979
23528,1,0.4254810231364714
23529,1,0.4557758879701114
23530,1,0.5767127799736496
23531,0,0.0
23532,1,0.5148217636022514
23533,1,0.36737913987703724
23534,0,0.00306644672841856
23535,0,0.3078173683939169
23536,0,0.296697463922395
23537,0,0.5287104757683215
23538,0,0.02417240119320387
23539,0,0.4116128674093645
23540,1,0.648148148148148
23541,0,0.1710230352303523
23542,0,0.08598745778098175
23543,0,0.0015015015015015015
23544,0,0.010315280956013221
23545,0,0.2051737817083379
23546,0,0.3349292712352014
23547,0,0.1348960039305601
23548,0,0.004917509798559839
23549,0,0.1724205604338076
23550,1,0.5289092762487259
23551,1,0.40764827284915867
23552,0,0.0015015015015015015
23553,0,0.032904699697663777
23554,0,0.4703558079704868
23555,1,0.572765411552597
23556,1,0.8559147335814549
23557,0,0.0015015015015015015
23558,0,0.21045931393027897
23559,1,0.5554426891709591
23560,0,0.008080448869922553
23561,0,0.40748224648308257
23562,0,0.13095707462091344
23563,0,0.06080006087670444
23564,0,0.0015015015015015015
23565,0,0.30713503919337043
23566,0,0.007259318845818979
23567,1,0.489880402766111
23568,1,0.5910860012554928
23569,0,0.12961657907310084
23570,0,0.24513937285506274
23571,0,0.1167483966908653
23572,1,0.6330713515179535
23573,0,0.5054748589679267
23574,0,0.06192029232007801
23575,0,0.2014180873705758
23576,0,0.2840477443464149
23577,0,0.03013322073570863
23578,0,0.2584419712676547
23579,0,0.20775697045359962
23580,1,0.5885997429377932
23581,1,0.3718272287751378
23582,0,0.0015015015015015015
23583,0,0.187557015143222
23584,1,0.5305602307297224
23585,0,0.0
23586,0,0.023971861471861474
23587,0,0.3948620961386919
23588,0,0.04787708012996845
23589,0,0.049857324456531495
23590,0,0.33727490407749344
23591,0,0.01400841888946893
23592,0,0.006980223025216614
23593,0,0.3720764372773231
23594,0,0.07383786848072563
23595,0,0.04807979677226539
23596,0,0.1722268343334359
23597,0,0.44066592791974085
23598,0,0.12572507898461158
23599,0,0.12904968564906452
23600,1,0.6450199420684517
23601,0,0.002226139182660922
23602,0,0.4269304477869372
23603,0,0.26845726560845834
23604,0,0.05467498188461264
23605,0,0.579926955288675
23606,1,0.696461216428145
23607,1,0.7785088548559904
23608,1,0.7351444821610488
23609,0,0.46020140213262534
23610,0,0.46771844533312423
23611,0,0.06600819352675132
23612,1,0.420243851278334
23613,0,0.02648041416157358
23614,0,0.0778085177733065
23615,1,0.5883667963138162
23616,1,0.8227514941254658
23617,1,0.7630186742919962
23618,1,0.6056084605453131
23619,0,0.0051501157908480566
23620,0,0.0015015015015015015
23621,1,0.6329402896677974
23622,1,0.8227514941254658
23623,1,0.6385429334797861
23624,0,0.0945474953044339
23625,1,0.6745185395708994
23626,0,0.02417240119320387
23627,0,0.0015015015015015015
23628,0,0.04874938689041253
23629,0,0.03406982175098117
23630,0,0.14449520266651314
23631,0,0.05008166566788732
23632,1,0.7289815416313968
23633,1,0.5782430561967214
23634,0,0.5469139911943383
23635,1,0.475775232737258
23636,1,0.5101660634447519
23637,1,0.6616142478211443
23638,0,0.0
23639,0,0.1704378498581397
23640,0,0.03337165751500589
23641,1,0.5707880813143972
23642,1,0.8359933120535036
23643,1,0.549816836124402
23644,0,0.09079161394060431
23645,1,0.4795001295001295
23646,0,0.16192679109889688
23647,1,0.7508112287648941
23648,1,0.7425941081229904
23649,0,0.26170321587170126
23650,0,0.0007246376811594203
23651,0,0.3307760398070711
23652,0,0.405010910211796
23653,1,0.6510966407296833
23654,1,0.6271565636468143
23655,1,0.8559147335814549
23656,0,0.026943880155159017
23657,0,0.2656626575581085
23658,0,0.002226139182660922
23659,0,0.2141084202929322
23660,1,0.7618804332759064
23661,1,0.2941749102605542
23662,0,0.2468424912875801
23663,0,0.11476648166547203
23664,1,0.5271316589345706
23665,1,0.5631978319783197
23666,0,0.0
23667,0,0.3972757564409107
23668,0,0.3403187206300287
23669,1,0.5095890363231895
23670,0,0.025329409842409997
23671,0,0.0
23672,0,0.0015015015015015015
23673,0,0.4260507407716642
23674,0,0.20524691143142335
23675,0,0.19081066866662896
23676,0,0.10968345114686578
23677,0,0.17061607918938257
23678,0,0.045812245993405415
23679,0,0.4552112271833353
23680,0,0.07494268077601411
23681,0,0.16054558814739808
23682,0,0.0
23683,1,0.405010910211796
23684,1,0.8457861557446523
23685,0,0.061218752008225685
23686,0,0.26910312429975347
23687,0,0.4938755421575564
23688,1,0.8359933120535036
23689,0,0.1179432986498204
23690,1,0.6459742136722822
23691,0,0.4229653607210591
23692,0,0.47967130728598617
23693,0,0.0015015015015015015
23694,1,0.5176962327435718
23695,1,0.6562137049941928
23696,0,0.013564007663386548
23697,1,0.5421093615264415
23698,0,0.38214955558216906
23699,0,0.23826300984528834
23700,0,0.11476648166547203
23701,0,0.027558106420732104
23702,0,0.09612182995803686
23703,1,0.5537068295688985
23704,1,0.4915548513634769
23705,0,0.39121865176985104
23706,0,0.11706336493942691
23707,0,0.027212969520661826
23708,0,0.3407518413283898
23709,0,0.4696618518827753
23710,1,0.2944202607546629
23711,0,0.32617030795068686
23712,0,0.03293515535895297
23713,0,0.0
23714,0,0.11822709790750024
23715,1,0.7293091836673877
23716,0,0.4728357482561322
23717,0,0.00306644672841856
23718,1,0.6016433239500929
23719,0,0.0015015015015015015
23720,0,0.011173095142617032
23721,0,0.016563938836293226
23722,0,0.019418317350648178
23723,0,0.017916815849146676
23724,1,0.5485907273648701
23725,1,0.44673683435151323
23726,0,0.0015015015015015015
23727,0,0.0015015015015015015
23728,1,0.827900611265862
23729,0,0.09212832900580314
23730,0,0.028747964940433555
23731,0,0.0985087227003248
23732,0,0.038081208914542246
23733,1,0.6204897797965835
23734,0,0.056251410516813365
23735,1,0.41078531310587435
23736,1,0.4778229713879867
23737,1,0.47815980261153035
23738,0,0.5226278377682808
23739,0,0.02511921859420464
23740,0,0.049717118924436
23741,1,0.6058377651445688
23742,0,0.0015015015015015015
23743,1,0.4701938008389621
23744,1,0.5849087124089235
23745,1,0.4423766399628469
23746,0,0.2051737817083379
23747,0,0.0
23748,0,0.008080448869922553
23749,0,0.04036790698490391
23750,0,0.4378256727513293
23751,1,0.348843570638923
23752,0,0.12760646029512962
23753,0,0.0015015015015015015
23754,0,0.0015015015015015015
23755,0,0.14565261007392052
23756,0,0.005947464864059199
23757,0,0.0
23758,0,0.319045290260079
23759,0,0.1804331621404792
23760,1,0.6976415323336224
23761,1,0.34921508264769613
23762,0,0.3482697909664201
23763,0,0.560812549599735
23764,0,0.02370893519961843
23765,0,0.006578947368421052
23766,1,0.4825230488458618
23767,1,0.4325433337394668
23768,1,0.6080985866244769
23769,0,0.12714126233629777
23770,0,0.06758252818035428
23771,0,0.0015015015015015015
23772,1,0.6733972433641718
23773,0,0.0163354866253417
23774,1,0.3457381453967998
23775,0,0.19902999085866466
23776,0,0.43099247718333533
23777,1,0.5115000632303534
23778,0,0.05744815600329916
23779,0,0.006980223025216614
23780,0,0.12272492047956429
23781,0,0.1785353587319879
23782,1,0.46285783932842756
23783,0,0.002226139182660922
23784,0,0.12999375330134325
23785,0,0.08195516329137019
23786,0,0.1510217303653966
23787,1,0.6424929624598908
23788,1,0.636709197235513
23789,1,0.49770180392113406
23790,0,0.007259318845818979
23791,1,0.6568690129889504
23792,0,0.006980223025216614
23793,1,0.40153091952192405
23794,0,0.11476648166547203
23795,0,0.0062555853440571935
23796,0,0.02846301904217412
23797,0,0.005694373618901921
23798,0,0.0015015015015015015
23799,1,0.5932382745942069
23800,0,0.3711474896829588
23801,1,0.8566587812005024
23802,1,0.4915548513634769
23803,0,0.5057598553989894
23804,0,0.022987145385814468
23805,0,0.4099484283233239
23806,0,0.24211442562158347
23807,1,0.5332628853220616
23808,0,0.003023488255872064
23809,0,0.3456487083453375
23810,0,0.021036075153072074
23811,0,0.007820530570974251
23812,1,0.5482099547002054
23813,0,0.002226139182660922
23814,0,0.5354843046313101
23815,0,0.0015015015015015015
23816,0,0.013564007663386548
23817,0,0.024583482515813344
23818,0,0.3625337564543654
23819,1,0.43069221868872676
23820,0,0.04286307798846445
23821,0,0.02744342516983669
23822,1,0.7367998289236749
23823,0,0.5064151633937469
23824,0,0.10178338549817423
23825,0,0.4457445580412979
23826,0,0.14081556215176905
23827,0,0.18945024379806988
23828,0,0.002226139182660922
23829,1,0.4244150158784305
23830,0,0.08061470202058528
23831,1,0.6283438136145522
23832,0,0.0015015015015015015
23833,0,0.06190274063059
23834,0,0.3149181739879414
23835,1,0.6069115776714913
23836,0,0.08755009235778466
23837,0,0.03854195806776002
23838,1,0.7207055053975955
23839,0,0.1421795796795797
23840,0,0.1752250294904323
23841,1,0.548272284319868
23842,0,0.4227045756234002
23843,0,0.0015015015015015015
23844,1,0.4999574100083229
23845,0,0.2543453246281607
23846,0,0.19160038558234482
23847,0,0.015308207615899926
23848,0,0.14307336182336183
23849,0,0.0015015015015015015
23850,0,0.544735743508391
23851,0,0.0007246376811594203
23852,1,0.6043371227837248
23853,0,0.1719462655587616
23854,0,0.04654480135249366
23855,0,0.37166998336215057
23856,0,0.019418317350648178
23857,0,0.5861146542311657
23858,0,0.1933684353185273
23859,0,0.028181071516397278
23860,0,0.0015015015015015015
23861,0,0.3373040954653213
23862,0,0.002226139182660922
23863,0,0.018318091505942238
23864,0,0.02511921859420464
23865,0,0.003023488255872064
23866,1,0.630008399548801
23867,1,0.4127873563218391
23868,0,0.06894533442375844
23869,0,0.12401931711624808
23870,0,0.03196705336321752
23871,0,0.1464771176919064
23872,0,0.17259113421596675
23873,0,0.03370554059463159
23874,0,0.0015015015015015015
23875,0,0.002226139182660922
23876,0,0.04731018670593217
23877,0,0.13057379962342114
23878,0,0.37030771273860147
23879,0,0.37446459141250044
23880,1,0.5276717644582338
23881,0,0.021929878013655025
23882,0,0.04807979677226539
23883,0,0.19454933954933953
23884,0,0.0015015015015015015
23885,0,0.02846301904217412
23886,0,0.002226139182660922
23887,0,0.012062506161885046
23888,1,0.5508428694475206
23889,1,0.29890140249947184
23890,0,0.19775478986803555
23891,0,0.010448457461457611
23892,0,0.07893316391101328
23893,0,0.42027961416268395
23894,0,0.0007246376811594203
23895,0,0.13598256429584163
23896,0,0.013564007663386548
23897,0,0.2504641993453404
23898,0,0.02417240119320387
23899,0,0.2659776896991026
23900,0,0.2536343168100445
23901,1,0.27468072717862463
23902,1,0.6124817044558261
23903,0,0.006419011300061342
23904,0,0.37679927515420525
23905,0,0.040132458443641154
23906,0,0.0015015015015015015
23907,0,0.15817109676113483
23908,0,0.11831331062100292
23909,0,0.5840374389742916
23910,1,0.5854400959664118
23911,0,0.31118362786807424
23912,0,0.5833962512620167
23913,0,0.012273320987322976
23914,1,0.5441641487459409
23915,1,0.6855164972901685
23916,0,0.08857314083467753
23917,0,0.0
23918,0,0.25801969033748284
23919,1,0.6151056426433129
23920,0,0.0945474953044339
23921,1,0.4947476573153767
23922,0,0.049823633156966494
23923,1,0.8566587812005024
23924,0,0.014404315209144184
23925,0,0.04874938689041253
23926,1,0.6503004214868621
23927,0,0.02370893519961843
23928,0,0.4917186678051837
23929,0,0.003023488255872064
23930,0,0.002226139182660922
23931,0,0.005694373618901921
23932,0,0.16351410934744268
23933,0,0.23430887447029236
23934,0,0.26798465209061234
23935,0,0.10178338549817423
23936,0,0.03843522574823996
23937,1,0.6193961405825812
23938,0,0.3482860709827001
23939,0,0.43099247718333533
23940,0,0.033041299629771474
23941,1,0.6124706263673932
23942,1,0.7523846126723317
23943,1,0.3222530385838976
23944,0,0.0036486142893465546
23945,1,0.5873436196830693
23946,1,0.8170279858100118
23947,0,0.04874938689041253
23948,1,0.696461216428145
23949,0,0.2751912142622448
23950,0,0.4850612407959137
23951,1,0.44066592791974085
23952,0,0.3946845813246611
23953,1,0.6003196582666781
23954,0,0.02744342516983669
23955,1,0.4642970516083899
23956,0,0.0015015015015015015
23957,0,0.42263543128459297
23958,0,0.0652721971934833
23959,0,0.12264696685428393
23960,1,0.31271423541086457
23961,0,0.0015015015015015015
23962,0,0.232021348591116
23963,0,0.027007724940055766
23964,0,0.07907970660081354
23965,1,0.7866177994551857
23966,1,0.5387839934560623
23967,0,0.6367420460488497
23968,1,0.6689234538071748
23969,0,0.002226139182660922
23970,1,0.5833962512620167
23971,0,0.0945474953044339
23972,0,0.05437228351685758
23973,0,0.15467697399634892
23974,0,0.11101105684439017
23975,1,0.7658805476316813
23976,0,0.009502923976608187
23977,0,0.40764827284915867
23978,0,0.0015015015015015015
23979,0,0.018318091505942238
23980,1,0.5542498375479349
23981,0,0.21971929324103914
23982,0,0.05284261472008885
23983,0,0.23078545071165
23984,0,0.0015015015015015015
23985,0,0.25649998786466677
23986,1,0.5346498828315682
23987,0,0.006980223025216614
23988,0,0.09501535906297587
23989,0,0.3347821160095957
23990,1,0.10735260627803467
23991,0,0.47393033029067994
23992,1,0.5974677469150572
23993,1,0.5597216378701039
23994,0,0.11034342302162638
23995,0,0.3166030526348454
23996,0,0.045812245993405415
23997,1,0.35651727691346186
23998,0,0.26940572030407123
23999,0,0.03181124126179071
24000,1,0.6940973569812295
24001,0,0.14081556215176905
24002,0,0.1363427455148513
24003,0,0.0015015015015015015
24004,0,0.3944329618494557
24005,1,0.6804900770483936
24006,0,0.30317155458790696
24007,0,0.0
24008,0,0.09242137847907078
24009,1,0.6623992856449026
24010,0,0.2226233898483209
24011,0,0.0
24012,0,0.011584176465226506
24013,0,0.21021985111174982
24014,1,0.6129200680149699
24015,0,0.4280548560513641
24016,0,0.39864158144319006
24017,0,0.1704065159267257
24018,0,0.2663069229107806
24019,1,0.5800232288037166
24020,1,0.6976415323336224
24021,0,0.058291418367853565
24022,1,0.7032988232657518
24023,1,0.6924216336080743
24024,0,0.0015015015015015015
24025,0,0.029417555058580697
24026,1,0.405010910211796
24027,0,0.03442383858467888
24028,1,0.5673248161053039
24029,1,0.5861907636909748
24030,0,0.107073153760449
24031,1,0.34239273516166957
24032,0,0.05884441983363642
24033,0,0.06862469590249885
24034,0,0.11938755688755688
24035,0,0.36224743242983976
24036,1,0.446085352686512
24037,0,0.1453315992950139
24038,1,0.6546916199015939
24039,1,0.661272208320718
24040,0,0.17321740782505368
24041,0,0.18762479679690258
24042,0,0.049823633156966494
24043,1,0.7532258306008474
24044,1,0.8740289548022598
24045,1,0.659446673408488
24046,0,0.024278911048447
24047,0,0.0015015015015015015
24048,0,0.3437956578809251
24049,0,0.542130056283249
24050,1,0.5179187623046635
24051,0,0.031234498004129276
24052,0,0.012062506161885046
24053,0,0.0
24054,0,0.0015015015015015015
24055,0,0.2034000023959691
24056,0,0.0062555853440571935
24057,1,0.7459885296527383
24058,0,0.031865236213062295
24059,1,0.6920719464301506
24060,0,0.09497811450391647
24061,1,0.5562891837893947
24062,1,0.7433622326435719
24063,0,0.251076464835576
24064,0,0.002226139182660922
24065,0,0.02846301904217412
24066,0,0.0062555853440571935
24067,0,0.18316770144600333
24068,0,0.0015015015015015015
24069,0,0.37446459141250044
24070,1,0.26845726560845834
24071,1,0.8441022566526989
24072,1,0.665748655381698
24073,0,0.2616171905062883
24074,0,0.12302512302512303
24075,0,0.0801539528673675
24076,0,0.04874938689041253
24077,0,0.1361886514252377
24078,1,0.42263543128459297
24079,0,0.405010910211796
24080,0,0.36369423481698243
24081,0,0.32845518056968936
24082,0,0.23621974558144768
24083,0,0.010448457461457611
24084,1,0.6218303106107984
24085,0,0.017133914685121793
24086,0,0.44066592791974085
24087,1,0.5827409432672591
24088,1,0.42304140684694386
24089,0,0.005947464864059199
24090,0,0.007259318845818979
24091,0,0.09630188164035351
24092,0,0.002226139182660922
24093,0,0.5064151633937469
24094,0,0.3946531729140425
24095,0,0.05330336387330662
24096,0,0.35472732787647215
24097,0,0.01529504332707994
24098,1,0.39543692162777977
24099,0,0.019418317350648178
24100,0,0.012273320987322976
24101,0,0.08239790600417779
24102,0,0.3586258603148364
24103,1,0.6623992856449026
24104,0,0.012013402688374671
24105,0,0.24827958105609937
24106,0,0.3912836901996495
24107,0,0.021597286878227345
24108,0,0.007259318845818979
24109,1,0.48574894196827206
24110,0,0.05437228351685758
24111,0,0.4915548513634769
24112,1,0.4972109153530319
24113,0,0.6340481552345959
24114,0,0.0015015015015015015
24115,0,0.002226139182660922
24116,0,0.027720322363179506
24117,1,0.6703274754223774
24118,0,0.08001310331122537
24119,0,0.3529368879228935
24120,0,0.23859985852605778
24121,0,0.0015015015015015015
24122,0,0.10020905084457127
24123,0,0.103151788365203
24124,0,0.0015015015015015015
24125,0,0.1347900588050682
24126,0,0.002226139182660922
24127,0,0.49770180392113406
24128,0,0.09301741618814789
24129,1,0.8566587812005024
24130,1,0.4541038074712644
24131,0,0.07597247108723211
24132,0,0.4904012905827788
24133,1,0.5866413025033714
24134,0,0.05315753815432891
24135,0,0.25158637658637656
24136,0,0.04570573176087492
24137,0,0.009904199633403749
24138,0,0.00306644672841856
24139,0,0.06192029232007801
24140,0,0.03620698126185779
24141,0,0.1985059874765757
24142,0,0.03140015993918124
24143,0,0.025821591813494648
24144,0,0.011584176465226506
24145,0,0.29479775032006295
24146,0,0.4252727939219556
24147,1,0.5595625141987259
24148,0,0.30713503919337043
24149,0,0.4612880476149314
24150,1,0.7540685117642852
24151,0,0.19220813204508858
24152,0,0.12815463332479038
24153,0,0.0015015015015015015
24154,0,0.08001400285247472
24155,0,0.017027404829878665
24156,0,0.42304140684694386
24157,1,0.7658805476316813
24158,1,0.6218303106107984
24159,1,0.6543207610482688
24160,0,0.011173095142617032
24161,0,0.00306644672841856
24162,0,0.004425478109688636
24163,0,0.0015015015015015015
24164,0,0.2536343168100445
24165,0,0.0015015015015015015
24166,0,0.31130665443960753
24167,0,0.0
24168,0,0.08633786848072562
24169,1,0.44066592791974085
24170,0,0.055840103937930034
24171,0,0.004917509798559839
24172,1,0.6193961405825812
24173,0,0.6847237064489969
24174,1,0.4432593029045357
24175,0,0.046560235803488025
24176,0,0.011173095142617032
24177,0,0.1361862774906253
24178,0,0.22295931393027893
24179,0,0.3078173683939169
24180,0,0.0801539528673675
24181,0,0.019862728576730562
24182,0,0.04506766352638333
24183,0,0.23859985852605778
24184,1,0.5176962327435718
24185,0,0.003023488255872064
24186,1,0.3720764372773231
24187,0,0.5661054754008278
24188,1,0.44298661871382033
24189,0,0.4229653607210591
24190,0,0.14023085699625984
24191,1,0.53786397417154
24192,0,0.36635761440715003
24193,0,0.1722268343334359
24194,0,0.0
24195,1,0.5893738044900836
24196,1,0.44066592791974085
24197,1,0.4260800516013194
24198,0,0.36294586014346253
24199,0,0.24958046240614587
24200,1,0.6623992856449026
24201,1,0.500442863261454
24202,1,0.3912076440737648
24203,1,0.6820009216339642
24204,1,0.7387743853225457
24205,0,0.1777741329980136
24206,1,0.7724956880245702
24207,1,0.6733972433641718
24208,0,0.0015015015015015015
24209,0,0.30713503919337043
24210,0,0.11034342302162638
24211,1,0.5747354497354497
24212,0,0.2392660125713185
24213,1,0.6716847461607194
24214,0,0.4957843236843273
24215,1,0.8457861557446523
24216,0,0.005947464864059199
24217,1,0.6199824266558152
24218,1,0.6199824266558152
24219,0,0.06573461932431662
24220,0,0.01400841888946893
24221,0,0.5191652432882232
24222,0,0.011584176465226506
24223,1,0.6200514485773388
24224,0,0.007259318845818979
24225,1,0.6924216336080743
24226,1,0.6398852143503436
24227,0,0.039332477057510654
24228,0,0.20872482888624677
24229,0,0.214789592254381
24230,0,0.002226139182660922
24231,1,0.6203923957017748
24232,0,0.007259318845818979
24233,1,0.7863235503339623
24234,0,0.3505705783238455
24235,1,0.6624595804132457
24236,0,0.026943880155159017
24237,0,0.661272208320718
24238,0,0.013070670060534117
24239,0,0.04775362565341134
24240,0,0.0840753182626135
24241,0,0.35810000876299125
24242,0,0.38209380930457143
24243,1,0.6399089583555603
24244,0,0.44751194435521663
24245,0,0.421073840995811
24246,1,0.27099945822438926
24247,0,0.33630854249930464
24248,0,0.4377566877566877
24249,1,0.6923263443160748
24250,0,0.11355072272282851
24251,0,0.3080467973952484
24252,0,0.006980223025216614
24253,0,0.4252727939219556
24254,0,0.107073153760449
24255,0,0.0
24256,0,0.011584176465226506
24257,0,0.020575325999854305
24258,1,0.8566587812005024
24259,1,0.6976415323336224
24260,0,0.03584533241842757
24261,0,0.2505536535529205
24262,0,0.008080448869922553
24263,1,0.5509906872890169
24264,0,0.5591117940374506
24265,1,0.8152560602299991
24266,0,0.0449697354276069
24267,0,0.35587918051126205
24268,0,0.06024220032840722
24269,0,0.18316770144600333
24270,0,0.0015015015015015015
24271,1,0.8566587812005024
24272,0,0.12915269783941116
24273,0,0.3866571417975848
24274,0,0.5191782461611839
24275,0,0.0015015015015015015
24276,1,0.6193961405825812
24277,1,0.5434030928042904
24278,1,0.6479697518451416
24279,0,0.13824894197086657
24280,0,0.05744815600329916
24281,0,0.12397009043350506
24282,0,0.44298661871382033
24283,0,0.012371066718892806
24284,1,0.6323457729720071
24285,0,0.22176336168956093
24286,0,0.5352257307874296
24287,0,0.4552112271833353
24288,0,0.0945474953044339
24289,0,0.30081111145982625
24290,0,0.05663983429571754
24291,0,0.002226139182660922
24292,0,0.47815980261153035
24293,0,0.15359144679796854
24294,0,0.3199934058345683
24295,0,0.13441175718600892
24296,0,0.002226139182660922
24297,0,0.2819923748309343
24298,0,0.11751520084853417
24299,0,0.3860996539136206
24300,1,0.43029341151149286
24301,0,0.0015015015015015015
24302,0,0.004917509798559839
24303,1,0.25819662077354605
24304,0,0.014404315209144184
24305,0,0.09764512530100855
24306,1,0.4728357482561322
24307,0,0.15788427369755104
24308,0,0.3815221578807641
24309,0,0.002226139182660922
24310,0,0.21117632367632366
24311,0,0.12171229076191227
24312,1,0.5593904459020739
24313,0,0.04794940550428203
24314,0,0.27427446561701724
24315,0,0.0007246376811594203
24316,1,0.8441022566526989
24317,0,0.05008166566788732
24318,1,0.7131738392971326
24319,0,0.05160080455490242
24320,1,0.5298716242575255
24321,0,0.041206704710195115
24322,0,0.42669938559066023
24323,1,0.5027755054553915
24324,0,0.3809111737914015
24325,0,0.0007246376811594203
24326,0,0.06038529690030628
24327,0,0.011173095142617032
24328,1,0.5179187623046635
24329,1,0.6597372970896168
24330,0,0.012273320987322976
24331,0,0.17525450284070973
24332,1,0.7841711690548899
24333,1,0.3793284419418721
24334,0,0.282769409571999
24335,1,0.7049594287568972
24336,0,0.014971208633180464
24337,0,0.025322255168437526
24338,0,0.007216360373272483
24339,0,0.35530540071264133
24340,1,0.33643699204267546
24341,0,0.5974677469150572
24342,0,0.020298428806511486
24343,0,0.20704933954933954
24344,1,0.6813892660813562
24345,0,0.2420927199486802
24346,0,0.03946286832549401
24347,1,0.5218384617197086
24348,1,0.5566381766381766
24349,0,0.05985149110149111
24350,0,0.28143703349536475
24351,1,0.6745447104563126
24352,0,0.10468186748148901
24353,0,0.03164557932673875
24354,1,0.6623968568341274
24355,0,0.0015015015015015015
24356,0,0.02218979631260333
24357,1,0.41342267989810155
24358,1,0.4892865745573131
24359,0,0.0361177156435176
24360,0,0.28715478309943737
24361,1,0.6155544235014434
24362,1,0.661272208320718
24363,1,0.7004352889152701
24364,0,0.00306644672841856
24365,0,0.411228902066526
24366,0,0.4986929287706441
24367,0,0.06038529690030628
24368,0,0.006980223025216614
24369,1,0.6013159133858718
24370,1,0.47670679488861306
24371,1,0.5031212286879052
24372,0,0.10191481271293477
24373,0,0.09612182995803686
24374,1,0.5298716242575255
24375,0,0.0015015015015015015
24376,0,0.44298661871382033
24377,1,0.4864512508104612
24378,0,0.0
24379,0,0.48574894196827206
24380,0,0.14240166406170787
24381,0,0.015669856459330143
24382,0,0.30086084094704785
24383,1,0.6161952861952862
24384,0,0.0007246376811594203
24385,0,0.04807979677226539
24386,0,0.1882164881510001
24387,0,0.0015015015015015015
24388,0,0.0015015015015015015
24389,0,0.0015015015015015015
24390,0,0.07048032984353016
24391,0,0.0062555853440571935
24392,0,0.22532185762954993
24393,1,0.42677614773364647
24394,0,0.43261410230557235
24395,0,0.14774784182678918
24396,0,0.0015015015015015015
24397,0,0.1478791000978579
24398,0,0.006419011300061342
24399,0,0.1772862401665647
24400,0,0.17760782109889903
24401,1,0.36737913987703724
24402,1,0.5591817415340613
24403,0,0.15359144679796854
24404,0,0.19649278459061068
24405,1,0.7627011525217261
24406,1,0.7724956880245702
24407,0,0.11276180686118575
24408,0,0.0015015015015015015
24409,0,0.0062555853440571935
24410,1,0.7811645005973816
24411,1,0.6592239791909077
24412,0,0.30713503919337043
24413,0,0.0015015015015015015
24414,1,0.412380754701316
24415,0,0.08750490151126548
24416,0,0.0015015015015015015
24417,0,0.23274734524734522
24418,0,0.47557805399625774
24419,0,0.0015015015015015015
24420,0,0.009815546772068511
24421,0,0.4099484283233239
24422,1,0.49922045897466494
24423,0,0.04734254433080187
24424,0,0.02370893519961843
24425,0,0.14565993798566387
24426,1,0.5508428694475206
24427,1,0.6431482704546485
24428,0,0.008080448869922553
24429,0,0.0015015015015015015
24430,0,0.16899651274651273
24431,0,0.02417240119320387
24432,0,0.012273320987322976
24433,1,0.6316875675991698
24434,0,0.03164557932673875
24435,1,0.644768478573483
24436,1,0.41765215221895197
24437,1,0.6325766178473563
24438,1,0.6340481552345959
24439,0,0.0015015015015015015
24440,1,0.5528201996857205
24441,0,0.5117862667911325
24442,0,0.014404315209144184
24443,1,0.36428067984069795
24444,0,0.01998521077468446
24445,1,0.7062452106034147
24446,0,0.3320689142395853
24447,1,0.6602470123061885
24448,0,0.5298716242575255
24449,0,0.1194396671530818
24450,0,0.31874769905900713
24451,1,0.5759170215630302
24452,0,0.5417836735865852
24453,0,0.24889234989124
24454,0,0.019418317350648178
24455,0,0.007259318845818979
24456,0,0.0
24457,0,0.1045827088481117
24458,1,0.5408434110913812
24459,0,0.5146928691822531
24460,0,0.0
24461,1,0.737418128266583
24462,0,0.016563938836293226
24463,1,0.4680746456608526
24464,0,0.14841656806175915
24465,0,0.5734423804044058
24466,0,0.020575325999854305
24467,1,0.5627957314003825
24468,1,0.3790156432126006
24469,1,0.43558528895274584
24470,1,0.6582573292068874
24471,0,0.002226139182660922
