id,y_true,p_right
0,1,0.5780404153834339
1,0,0.6112083664814262
2,0,0.00039123657648525503
3,1,0.4284624301383732
4,0,0.1536623950254375
5,0,0.10062909080788524
6,0,0.011877525488013083
7,0,0.0011345133553222835
8,0,0.0005739668234446115
9,0,0.000648226096007687
10,0,0.015483262560173745
11,0,0.0007952426106865073
12,0,0.08082996830828068
13,0,0.09522407180779004
14,1,0.16323733719293262
15,0,0.07951107467107282
16,0,0.006788454358753997
17,0,0.7360109305793505
18,0,0.004204626373314509
19,1,0.35128498340566394
20,0,0.00033376981062712015
21,0,0.2555732728662
22,0,0.7290750193574186
23,1,0.43597963146830415
24,0,0.00012932490808431347
25,0,0.024141543385950145
26,0,0.30690226111938756
27,0,0.3009957153509512
28,0,0.03928980176212253
29,1,0.5939204797650395
30,1,0.805251188030244
31,1,0.4706831462190645
32,0,0.003508958668688701
33,0,0.09674336759382901
34,0,0.008929693179639703
35,1,0.42319005964068296
36,1,0.12574319979710671
37,0,0.017124786085408298
38,0,0.12637951114012844
39,0,0.031986681051095305
40,0,0.0006427937426419903
41,0,0.0176898211161597
42,0,0.31390907284557196
43,0,0.2078952190874004
44,0,0.11305859235249607
45,0,0.01927991750153882
46,1,0.47694910799802803
47,1,0.6429329616611068
48,0,0.04236717159561834
49,0,0.2476887197405586
50,0,0.5296462042908755
51,0,0.04962598574557848
52,0,0.2171573545194969
53,1,0.8329409508999059
54,1,0.7694787716936806
55,0,0.00016496849172956054
56,0,0.004827572631284311
57,0,0.020758421477325005
58,0,0.7352714322534063
59,0,1.9380862022777297e-06
60,0,0.6077759848024865
61,1,0.39374051514417585
62,0,0.0015959640463466926
63,0,6.687769776569871e-05
64,0,0.010151051076260569
65,1,0.5203550149176231
66,0,0.001026270819879787
67,0,0.19340164964191325
68,0,0.03124094573069923
69,0,0.0006564016143504333
70,0,0.0016685535512739335
71,0,0.01731662804335178
72,0,0.2828301475252564
73,0,9.628385900457653e-07
74,0,0.017010715238893984
75,0,0.42728299574963374
76,0,0.22977840091269203
77,0,0.10157673065675261
78,0,0.1641241056583053
79,0,0.09389893956157316
80,1,0.9006071325798087
81,0,0.0011723994712315284
82,0,0.03795142612995714
83,1,0.6879311476698508
84,0,0.348585492450258
85,0,0.0034416637184660754
86,0,0.029966794763114313
87,0,0.2776611315616065
88,0,0.0009367947862025197
89,1,0.284563981649536
90,0,0.004058536815127811
91,0,0.17649991086722097
92,0,0.14581846394641243
93,0,0.05716390363346062
94,0,1.0556482281386834e-05
95,0,0.020538290138783565
96,0,0.0007851366168764085
97,1,0.6457945799877978
98,0,0.01986715924693799
99,0,0.1391162849032475
100,0,0.009969937142160391
101,0,0.07968413666876491
102,0,0.6600525789604245
103,1,0.37531560483494425
104,1,0.08329362696482498
105,0,0.2119095171726297
106,0,0.00010134526282810493
107,0,9.836938541343667e-05
108,1,0.8972054891999303
109,0,0.021306824370323125
110,0,0.011155630755125297
111,0,0.1609093109554982
112,0,2.8717181260214157e-05
113,1,0.4060578980085207
114,0,0.40965589545106823
115,0,0.00044035858490287544
116,0,0.005287724357713946
117,0,0.0008807398226594835
118,1,0.0936083840338486
119,1,0.8185901044023999
120,0,0.0002267468083408198
121,0,0.0035785332490268417
122,0,0.5846856774312892
123,1,0.4670775527701052
124,0,0.025150732811582078
125,1,0.5418742477363038
126,0,0.6757903168339414
127,1,0.18476460920773558
128,0,0.0004922140812924988
129,0,0.0071693850220581005
130,0,0.00957014325353459
131,0,0.0036866104046303218
132,0,0.00740839410148714
133,1,0.43762895813771674
134,0,0.009086624675674
135,1,0.9271306806822696
136,0,0.0038105339504536186
137,1,0.8297071147104712
138,0,0.597114855772144
139,0,0.6362696806475074
140,0,0.5568354841945697
141,0,0.03550316947906032
142,0,8.910827329832995e-06
143,0,0.8519620906272614
144,0,0.0174297007598332
145,0,0.012051535903717032
146,1,0.08101018095902973
147,0,0.1863162360837371
148,0,2.1892279336355617e-05
149,0,0.00037677452055280157
150,0,0.015996512698578776
151,0,0.004593805267290469
152,0,0.006694182877979528
153,0,0.003869376858703648
154,1,0.7294004292672716
155,0,0.003419581866269835
156,0,0.02369479632992155
157,1,0.7571241007777971
158,0,0.009297808751654283
159,1,0.8373015711278138
160,0,0.42770180578739714
161,0,0.015950595762558997
162,0,0.006395279630179754
163,0,0.014693368667797675
164,0,0.008556202144124198
165,0,0.012679640075551968
166,0,0.07576232912865435
167,0,0.12098427845799915
168,0,0.009876191896658428
169,0,0.004029814647270575
170,0,0.006326439521754183
171,0,0.3803564800516985
172,0,0.031244672027258624
173,0,0.004863579508251954
174,0,0.2687285511231275
175,0,0.0058221523452610165
176,0,0.3355967527844006
177,0,0.6873052756140066
178,0,0.3510370451814186
179,0,0.05902112900353814
180,0,0.014641383528004514
181,0,6.112185287381195e-05
182,0,0.00017900452416732987
183,1,0.7879777946296039
184,0,0.00019138761630528933
185,0,0.00020750512199980343
186,0,0.007559773305479585
187,0,0.017483473801498808
188,1,0.7321969187096796
189,0,0.3666865883853519
190,1,0.7634555184396454
191,1,0.7200334152734067
192,0,0.0052078269866682025
193,0,0.0022670898722538008
194,0,0.12899691142142442
195,0,0.16515287871930523
196,0,0.15256356059553824
197,0,0.0023673190103559202
198,0,0.0015990026180366364
199,0,0.003656928445747686
200,0,0.09278672713546197
201,0,0.010248017001676895
202,0,0.0021331059460561533
203,0,0.0026751401223638334
204,1,0.03313147547715431
205,0,0.009167821530847258
206,0,0.3297047950508732
207,1,0.644296515421745
208,0,0.15809304919687517
209,0,0.023724263620414552
210,0,0.26154477684590954
211,0,0.27764819145381353
212,1,0.6058604055159211
213,0,0.0008069126809353023
214,0,0.5546306543799622
215,0,0.2886636457989759
216,0,0.38968093988840585
217,0,0.025820752559901697
218,0,0.008025948444293014
219,0,0.0012158570056268912
220,1,0.7728654206330625
221,1,0.8234973203586801
222,1,0.21490020703614215
223,0,0.0068093933842519085
224,0,0.10039196713907685
225,1,0.38259585808009655
226,0,0.1746204148090103
227,0,0.02999834455888379
228,0,0.006329457021255817
229,1,0.9252374275992257
230,0,0.23173551369716974
231,1,0.4795269324456165
232,0,0.11128489434629499
233,0,0.4782346299145653
234,0,0.0017102463952129788
235,1,0.7321010846502293
236,0,0.10169310911200093
237,0,0.29832380217572213
238,1,0.8142595393511415
239,0,0.28037029710025596
240,0,0.008919147763604678
241,0,0.004926409626504365
242,0,0.0005576922240488324
243,0,0.019878553190247245
244,0,0.00011934511241191356
245,0,0.0006937767083174486
246,0,0.290107618425966
247,0,0.0005526635558557653
248,0,0.0002708252731739985
249,0,0.000949864149969282
250,0,0.008867623122864361
251,0,0.006373315621425693
252,1,0.22328993891117618
253,0,0.0029752743387731727
254,0,0.002823428333895153
255,1,0.5384361093411023
256,0,0.009968926673561149
257,1,0.1054545644910904
258,0,0.30742271454593306
259,0,0.0019853143463693062
260,0,0.4136245735253648
261,0,6.432317116526478e-05
262,1,0.45544726813436615
263,0,0.015374995790932563
264,0,0.24263449640930063
265,0,0.003643196617191231
266,0,0.0005372788785896205
267,1,0.8498714793280069
268,0,0.3115213388269177
269,1,0.9214991748515488
270,0,0.034331322703876635
271,1,0.4472233420241157
272,0,0.009405557545291791
273,0,0.057051888989161824
274,0,0.10431475198980691
275,1,0.5628470258111261
276,0,0.0002070289619203626
277,1,0.6941822892084372
278,1,0.024761152488711906
279,0,0.0713823637891154
280,0,0.07430146545455492
281,1,0.9005268604491329
282,0,0.007471105700705033
283,1,0.3054460971927476
284,0,0.6507901152181707
285,1,0.8344690558644263
286,0,0.46511786383387144
287,0,0.0008645833530633658
288,1,0.5723017058080974
289,0,0.0038078980523456665
290,0,0.005291344124009115
291,1,0.5855486485043776
292,0,0.027616308986875546
293,0,0.09520584976629155
294,0,0.016422907707750192
295,0,0.014833597404098226
296,0,0.017958271153592432
297,0,0.030451584233400296
298,0,0.015524740940226434
299,0,0.0061648900960741765
300,0,0.034692192851453904
301,0,0.41423594294688537
302,1,0.7610853839848604
303,0,0.012705552991590773
304,0,0.4216820989892861
305,0,4.5849781752034304e-07
306,0,0.05073747483468315
307,0,0.004572668352696586
308,0,0.6159134433896499
309,0,0.011570373903140864
310,0,1.1399619735614191e-05
311,0,0.03186046414652871
312,0,0.00046608116201860987
313,0,0.47672088059224194
314,0,0.20548920729534606
315,1,0.6092598215332805
316,0,0.0003010910865412128
317,0,0.04315541977496964
318,0,0.020378632288406362
319,0,0.0096630272990851
320,0,1.930488785449107e-05
321,0,0.0787876203662849
322,0,0.041444111866832736
323,0,0.2648676183525795
324,0,0.12533660694949048
325,0,0.002956495822982372
326,0,0.012879553872961335
327,0,0.7840142774633383
328,0,0.006780100041957965
329,0,0.01778292967203611
330,0,0.01394293369406987
331,0,0.4017911761290723
332,0,0.058602811041258224
333,0,0.6443714976650488
334,1,0.1470671347286195
335,1,0.622565586714244
336,0,0.001999991723029615
337,0,0.0655516980233735
338,0,0.8447724734661749
339,0,0.022018765877082236
340,0,0.012950436652059458
341,0,0.003385966173070262
342,0,0.3395172528795424
343,0,0.0029275346166068895
344,0,0.024386352580432806
345,0,0.1090265282794641
346,0,0.4903738468480525
347,0,0.002742131302513069
348,0,0.24333953889877863
349,0,0.017644288298738504
350,1,0.8854117105904299
351,0,0.0028057192470985997
352,0,0.11173858664135788
353,0,0.0020571852532351017
354,0,0.0675940717540458
355,0,0.0009137743921600961
356,0,0.0804537336053906
357,0,0.007435192401027879
358,0,0.211824343343903
359,0,0.10431396302965866
360,0,0.2006850155793467
361,1,0.614589190004172
362,0,0.058115843141428335
363,1,0.05509997457567242
364,0,0.7860627176150183
365,0,0.07562477891902124
366,0,0.701664946221326
367,0,0.4092874848210865
368,0,0.04148395500327053
369,0,0.30896429106031986
370,0,0.12182838443547228
371,0,0.024950875297563305
372,0,0.6421179447233734
373,1,0.26833472273581216
374,0,0.1757903759669239
375,0,0.02478887394469568
376,0,0.0024647048079766577
377,0,0.00323902644360035
378,0,0.13919925130194616
379,0,0.001812417978077615
380,1,0.5339081133438627
381,0,0.005758700017896546
382,0,0.024165869138898968
383,0,0.16724670534014632
384,0,0.032296975898818234
385,0,0.4683890844689297
386,1,0.817646132134469
387,0,0.08280840016164881
388,0,0.25413216445159464
389,1,0.31290183115699716
390,0,0.42173116751424183
391,0,0.37054062309545666
392,0,0.009234538298158181
393,0,5.557864833433276e-05
394,0,0.00016400351034755138
395,0,0.04426037682307332
396,0,0.0011161437590389296
397,0,0.3966371419298659
398,0,0.34584828115551197
399,0,0.4677839322539406
400,0,0.5566365835843401
401,0,0.0015420140591847738
402,0,0.04743804910994173
403,0,0.007415007430215274
404,0,0.004739071695002012
405,0,0.009969333299117764
406,1,0.48004190333678864
407,0,0.4726202130533556
408,0,0.08838013270195527
409,0,0.00042664746989182293
410,0,0.025846027367496405
411,0,0.0036097020264668762
412,1,0.7776506342200538
413,0,0.29615556346782207
414,0,0.007946192238892518
415,0,0.02487239920069326
416,1,0.009356467110440593
417,0,0.5131640809815373
418,1,0.5939567981240573
419,0,0.0010221313429620248
420,0,0.5889082237171724
421,0,1.695158159032758e-05
422,0,0.02456889816700369
423,0,0.6511804902940508
424,1,0.7339151683959854
425,0,0.009403853975563018
426,0,0.0007284148538751147
427,0,0.00781700393862064
428,1,0.7820357199005721
429,1,0.6043559122464832
430,0,0.0028111741764019803
431,0,0.004522220888170142
432,0,0.001982176498579957
433,1,0.5542355037649033
434,0,0.02608492634715243
435,1,0.7910787896309941
436,0,0.051776947623881416
437,0,0.03509284630589075
438,0,0.30405207219836483
439,1,0.5338002546454022
440,1,0.7321031158436191
441,0,0.004873287865164158
442,0,0.5406733718205932
443,0,0.09413443585713567
444,0,0.0005070950604841806
445,0,0.04189891040060336
446,0,0.00141296108566747
447,0,0.3596913930076946
448,0,0.06848178029556796
449,0,0.08751492812635922
450,0,0.003596917912020642
451,0,0.147005476578934
452,0,0.018521289914859004
453,0,0.008163125408904032
454,0,0.5097638096634899
455,0,0.0261258190498584
456,0,0.0032793307937281214
457,1,0.8681210327473887
458,0,0.24678700874073023
459,0,0.0017511742002502737
460,0,1.2009896441104371e-09
461,0,0.008118832660781011
462,1,0.8450238755999144
463,1,0.2502630547180966
464,0,0.10574138089881918
465,0,0.14429799105986973
466,0,0.014252735518173819
467,0,0.014309280981568726
468,1,0.8787999503448809
469,0,0.004240099156844836
470,0,0.08370509837617733
471,0,0.018229290556422122
472,0,0.00012166343202852608
473,0,0.14111789969353739
474,0,0.009659347142064761
475,1,0.3063059361272326
476,0,0.01778640279207972
477,0,0.5083347209160628
478,0,0.007484722915589846
479,0,0.029469719018532303
480,0,0.05670051035565781
481,0,0.026997542763292345
482,0,0.008750323278023657
483,0,0.000367407517445153
484,0,0.025022748603299432
485,0,0.1422423640167406
486,0,0.09482292931149824
487,0,0.06517593885436024
488,0,0.056702087361709404
489,0,0.03941456434343646
490,0,0.1689302962522135
491,0,0.005524712744107806
492,0,0.13077781777242292
493,1,0.41859741134506673
494,0,0.0019363688874565422
495,0,0.01657032236235831
496,1,0.22958172855686088
497,0,0.028656259137602183
498,0,0.014166969537334916
499,1,0.27388876903836873
500,1,0.6558639300465962
501,1,0.4034004671155813
502,0,8.013144864245337e-05
503,1,0.5509697700448164
504,0,0.12326791220327492
505,1,0.14368963820371528
506,1,0.1303425531844305
507,1,0.39715300018942123
508,0,0.00128349068223145
509,0,0.30278429205177354
510,0,0.00942948066893804
511,0,0.5059822385595655
512,0,0.5274934391668998
513,1,0.4298935421798605
514,0,0.027224353971137913
515,0,0.013146641068360469
516,0,0.02674820708853686
517,1,0.31233719495481055
518,0,0.04502820413301401
519,0,0.0012065992611838832
520,0,0.030919234185185024
521,0,0.004018544613403467
522,0,0.0005767551691056886
523,0,0.027076106918089836
524,0,0.18288538224268117
525,0,0.06395898276277232
526,0,0.16001112858101282
527,1,0.6453743364994023
528,0,0.7533022856487086
529,0,4.7196284537721306e-05
530,0,0.005491202625370806
531,0,0.47656840004372786
532,1,0.542793312390768
533,0,0.0008325994326733617
534,0,0.44402833716854306
535,0,0.02763873419013318
536,0,0.29247402565031855
537,0,0.017975458636089205
538,0,0.003473925006620301
539,0,0.1307053626151086
540,0,0.5805424957631783
541,0,3.859091411590035e-05
542,1,0.2778317331915501
543,0,0.0002186751056872561
544,0,0.041167365342906145
545,0,0.039725427383379606
546,0,0.00416345225693068
547,0,0.05626245208259456
548,1,0.7479101367483357
549,0,0.0028117146382944692
550,0,0.20205028110866244
551,0,0.0071764203778299975
552,0,0.814782734429737
553,0,0.2696865477978534
554,0,0.6166878843917138
555,1,0.2169176957025239
556,0,0.062215265872769814
557,1,0.3056376471206264
558,1,0.9218413689541212
559,0,0.013514250182059132
560,1,0.6386024869305741
561,1,0.7975878177290365
562,0,0.49277327298761886
563,0,0.16537026520117262
564,0,0.04012934200823939
565,0,0.000410463543840549
566,0,0.6804238823511546
567,0,0.017389182663267787
568,0,0.005760801858129623
569,0,0.0006392827909079402
570,0,0.01747649291237399
571,0,0.1615154904057773
572,0,0.0008013978182093336
573,0,0.7162452386880769
574,0,0.031214846267047385
575,1,0.7209902737235279
576,0,0.32968137561825483
577,0,0.18144450498550507
578,0,1.0644757110464791e-05
579,0,0.37726997362007286
580,0,0.00042094212148483803
581,0,0.11355564080054992
582,0,0.19952863885111224
583,0,0.0009290611941200417
584,0,3.53889085508366e-05
585,0,0.004395210431620391
586,0,0.14348525034062817
587,0,0.0033220440692038372
588,0,0.16696369434703043
589,0,0.19205034047152908
590,1,0.4131508308236356
591,0,0.014092677003799953
592,0,0.010936417095372767
593,0,0.022541299647825586
594,1,0.5602447359095281
595,0,0.008009610475284385
596,0,0.00023701210466417033
597,0,0.6933726219770213
598,0,0.29259795798342425
599,0,0.0065878673729102616
600,1,0.2963606169769717
601,0,0.013080592786942829
602,0,0.028137667727598827
603,0,0.7255155361840168
604,1,0.2997992368895879
605,0,0.007905105777920274
606,0,0.044480354858681716
607,0,0.011913076258634577
608,0,0.017371634998416294
609,0,1.5840563986140146e-05
610,1,0.7939439550915514
611,0,0.015496652849855878
612,0,0.06691918572843113
613,0,0.14051809583668404
614,0,0.013147925208079113
615,0,0.808885030019192
616,1,0.7542007213198719
617,0,0.04208464801521188
618,0,0.0009934002932555615
619,0,0.0037316208118168444
620,0,0.0520773486614839
621,0,0.2463090563731848
622,0,0.00018186300369027892
623,0,0.009841072252136346
624,0,0.0023152947447063867
625,0,0.062275012242679784
626,0,0.4174917456392946
627,1,0.9077786210148189
628,0,0.0005986527696063075
629,0,0.02553436911381776
630,0,0.03741534990489832
631,0,0.00032540473976150824
632,0,0.021925764567764832
633,0,0.5009170130806876
634,0,0.07990016314520604
635,0,0.00034135817859117645
636,0,0.12514428926427618
637,0,0.20677885829215556
638,0,0.42780674112228395
639,0,0.12931671772672615
640,1,0.7682270715825064
641,0,0.31571295269501726
642,1,0.7030561558341334
643,1,0.0817896978239492
644,0,0.03082934996944933
645,0,0.06656069999154557
646,0,0.012609413271166324
647,0,0.023252767098044524
648,1,0.8188637553320391
649,0,0.0022495718268294566
650,0,0.013254810192050655
651,1,0.283221029909592
652,0,0.0775058296806378
653,0,0.0008216721572475862
654,0,0.00011782453913227394
655,1,0.34208973344998295
656,0,0.006537320014847733
657,0,0.02328415877608194
658,0,0.02813915097441489
659,0,7.375232716378651e-05
660,0,0.020470238397835874
661,0,0.14801045324603845
662,0,2.2999116177125464e-05
663,1,0.8369362083613096
664,1,0.6853130002625798
665,0,0.06754077421657984
666,1,0.7010332574044533
667,0,0.0025019284345527003
668,1,0.20115943198593772
669,0,0.0005199055555623291
670,0,0.015118418281635862
671,0,0.008795497162757787
672,0,0.0013288241754417158
673,0,0.5383648762162622
674,0,0.0001968501656122739
675,0,0.18131806108783863
676,0,0.020859302055308997
677,0,0.02928986820751243
678,0,0.01452116145254677
679,0,0.04490719548996072
680,1,0.8181525279913219
681,1,0.5805622397157474
682,0,0.15098984871637314
683,0,0.0035951482496953597
684,0,0.8102379890916979
685,0,0.012715668193782309
686,0,0.0037096103185859765
687,0,0.051595026030723454
688,0,1.731763938805024e-06
689,0,0.6457603576043561
690,0,0.00017778194887836695
691,0,0.7063373946179011
692,0,3.7434025019896773e-13
693,0,0.2938441633679657
694,0,0.00253196774334271
695,0,0.10956335643917564
696,1,0.48934713995819434
697,0,0.024245090792855632
698,0,0.6679451511760796
699,1,0.9355218513039568
700,0,0.07487924360846074
701,0,0.44250857544581385
702,0,0.0022618114024657893
703,0,0.0033913792138643545
704,1,0.5275616515006148
705,1,0.5735935207565989
706,0,0.007079481164437952
707,0,0.065509556560651
708,1,0.5857522613403564
709,0,0.00019562236144590384
710,1,0.016737798815720722
711,0,0.050258910528120565
712,0,0.001014698360080055
713,0,0.0004955189804038521
714,0,0.05560085245154178
715,0,0.03644847132581941
716,0,0.5919877188625177
717,0,0.0015135589409591855
718,0,0.00012422678705000943
719,0,0.1336196816410659
720,1,0.3083069054538068
721,0,0.1315169028389061
722,1,0.2589910812583034
723,0,0.03360413293148361
724,1,0.668102770757085
725,0,0.27234832465935976
726,0,0.3474006706101339
727,0,0.10953489689904398
728,0,0.03127871767158772
729,1,0.5851259348851531
730,1,0.8979193899465371
731,0,0.6256841096268745
732,0,0.05747039817784487
733,0,0.00011685221543264003
734,0,0.051088030256461435
735,0,0.008771676611188942
736,0,0.0044705898631012255
737,0,0.11584723329255
738,1,0.8340617147087099
739,0,0.014492263976636268
740,1,0.8816344832079869
741,1,0.47808058642107704
742,1,0.8372912334026451
743,0,0.244748129295893
744,1,0.15408238933880622
745,0,0.27564407898627064
746,0,0.06884311354804845
747,0,0.010331892578463644
748,1,0.11207922992910838
749,0,0.3761130580450506
750,0,0.00042226561238456375
751,0,1.322420687771379e-05
752,0,0.0019407172215033929
753,0,0.0037368941309518814
754,0,0.01793697237262198
755,0,0.0038669723129029516
756,0,0.2569356464345046
757,0,0.4661089780069078
758,0,0.056086017021337864
759,0,0.17001216606104555
760,0,4.1647494498478775e-05
761,1,0.49786044900199433
762,0,0.25337578894257323
763,0,0.047281332866516715
764,1,0.2092999870203723
765,1,0.7153732062759064
766,0,0.0027367458959805797
767,1,0.574271659830118
768,1,0.8922948434928133
769,1,0.13465026918468187
770,0,0.1572172182655106
771,0,1.2321690995121476e-05
772,0,0.03981020911116397
773,0,0.001427815320290804
774,0,0.33178014706015574
775,0,0.006030979150516271
776,1,0.3455155565138524
777,0,0.21913721316646032
778,0,0.028666738067245345
779,0,0.07616097470033889
780,0,0.02768004062927392
781,0,0.0032789342561487284
782,0,4.11239055217432e-06
783,0,0.00032468469976890574
784,0,0.8323469541983365
785,0,0.05897665143362011
786,0,0.06318484085671895
787,0,0.11035800544458213
788,0,0.0007058446045153828
789,0,0.1434017063663858
790,0,0.38868304706672413
791,0,0.028484982792952074
792,0,0.0007656021571839385
793,1,0.8705502370900408
794,0,0.00015958424582998798
795,0,0.029830449465832715
796,0,0.029828043010199562
797,0,0.13897801125982956
798,0,0.14427224056686183
799,0,0.00796760950484454
800,0,0.0022309500339037767
801,0,0.2899568924128076
802,0,0.0010644446800320206
803,0,0.034560400297969036
804,0,0.06502015794753126
805,1,0.7039833254319359
806,1,0.7700711481203878
807,0,0.026448948837610377
808,1,0.9631828406489852
809,0,0.003233203266353155
810,0,0.0014417698454628255
811,0,0.000336333586376644
812,0,0.012787287554369838
813,1,0.8755683230714265
814,0,0.009845508616740122
815,0,0.0830289333845286
816,0,0.489349608310797
817,0,0.00020316508145036533
818,0,0.02741078371449836
819,0,0.0001225963484754614
820,0,0.004445568868105725
821,1,0.7008296172056209
822,0,0.5170861904689549
823,1,0.37228187032710497
824,1,0.8134840768397156
825,0,0.00897765100461796
826,0,0.003547222355451011
827,1,0.18978283587715986
828,0,0.0026780017183878637
829,0,0.5360417210470464
830,0,0.0053020485468244375
831,1,0.7537033115165398
832,0,0.16907138178332232
833,0,0.09603374988015576
834,0,0.00801251067920866
835,0,0.010605222140302399
836,0,0.7280452447228898
837,0,0.0019649512726588733
838,1,0.3039787463370364
839,0,0.13562366420514102
840,0,0.03709045332531862
841,0,0.008156116172418158
842,0,0.00758086516585504
843,0,0.0677212948458081
844,1,0.7635046123677922
845,0,0.07182308016548161
846,0,0.004314614304446201
847,0,0.05409976055087821
848,0,0.5196609287854956
849,1,0.8439941304538401
850,0,0.0030228581056986614
851,0,0.5703098556856067
852,0,1.38600768588591e-13
853,0,0.006312531724350952
854,1,0.8305615247637018
855,0,0.1104263778555517
856,0,0.046912554057875686
857,0,6.689512527417806e-05
858,0,0.07583773329406877
859,0,0.008237154566282132
860,1,0.07710308432962214
861,0,0.0009252892260562596
862,0,0.4677090019238129
863,0,0.005342230156233344
864,0,0.15126802117489505
865,1,0.045520523218197474
866,0,0.49128052087459656
867,0,0.00046623774916286785
868,0,0.12833006618466977
869,0,9.289337287875843e-06
870,1,0.511351999455099
871,0,0.0011683740372636481
872,0,0.003635037843328303
873,1,0.24422665831104512
874,0,0.10582458550241101
875,0,0.012187746062956443
876,1,0.08861126165636457
877,0,0.04648904534494606
878,0,0.6063622104367153
879,0,0.05537538805126932
880,0,0.03194259903273909
881,0,0.026213874873873076
882,0,0.00367694685239136
883,0,0.3133047880189362
884,0,2.7568628877331193e-05
885,0,0.000866853387833497
886,0,0.010855782252755677
887,1,0.17239985336636085
888,1,0.262711898037427
889,1,0.43834448926226555
890,0,0.5273462070454128
891,1,0.6465659638201895
892,0,0.002841376068941676
893,0,0.16899662061325957
894,0,0.039288292296122684
895,0,0.011736641566042445
896,0,0.08107367447349512
897,0,3.851229061190549e-06
898,0,0.0033913914847864316
899,0,0.13532255186644146
900,1,0.8759062735178422
901,0,0.5640457799751288
902,0,0.02443055987498051
903,0,0.010550417500160536
904,1,0.8037675382000203
905,0,0.11033757785793351
906,0,0.024194335600123535
907,0,0.2861382562998277
908,1,0.7370569350594889
909,0,0.0009418403853102501
910,0,0.49644598364273385
911,0,0.0004887692244211579
912,0,0.8706695851548941
913,0,0.0054652164785627825
914,0,0.011303526807105743
915,1,0.6269022517215673
916,0,5.4757946503295775e-05
917,0,0.01759408034495745
918,0,0.0022649935438219773
919,0,0.021150558649324108
920,0,0.016925570164473738
921,0,0.06045975576178461
922,0,0.04668445672387963
923,1,0.9214664349915276
924,0,0.7639872992503474
925,0,0.08375104356713264
926,0,0.027439425395622413
927,0,0.005606291121681272
928,0,0.023896210948318397
929,0,0.016297326054948255
930,0,0.0406181818510186
931,0,0.007138299739294846
932,1,0.9032966813392049
933,0,1.7371332420654452e-13
934,0,0.14413937668774504
935,0,0.026166454698775102
936,0,0.05262170211410261
937,0,0.020886037924958023
938,0,0.01716152820221615
939,0,0.0009076052732552663
940,0,0.6753989130802671
941,1,0.5356453138391221
942,1,0.39131546809313306
943,0,0.02288764956857557
944,0,0.0025114818965327637
945,0,0.015038129466642658
946,0,0.19576712375738206
947,0,0.0051557099547222575
948,0,0.0004467877570444052
949,0,0.002321197287958991
950,1,0.6017210189875288
951,1,0.9484814056581136
952,0,0.07211222833795096
953,0,0.0066399665296737265
954,0,0.15772075165090307
955,0,0.0019041773109255114
956,1,0.3974737378912371
957,1,0.4084035928148286
958,1,0.8402595402335309
959,0,0.0010230256562482657
960,0,0.0006224261221562358
961,1,0.6189471241624512
962,0,0.00944586806862706
963,0,0.06188864595226113
964,0,0.1176560942683894
965,0,9.563350460807552e-05
966,0,0.00033948902558457195
967,1,0.006574469242492065
968,0,0.002969643159054973
969,0,0.47564201516251603
970,0,0.0014720206031664075
971,0,0.5438177280216394
972,0,0.008300240838020433
973,1,0.35867363556006443
974,0,0.001165694628318874
975,0,0.4490284721760753
976,1,0.2265247274347391
977,0,0.0001717386859627491
978,0,0.09178449328393944
979,0,0.00020892183168936708
980,0,0.08063350508632701
981,0,0.031711505539928804
982,0,0.057785497293544805
983,0,0.027243660470589667
984,1,0.7275099530167537
985,0,0.0021372401166780707
986,0,9.8073647776231e-05
987,0,0.06061550381196713
988,0,0.034358752421290904
989,0,0.0036912285707949
990,0,0.752694967523061
991,0,0.00670913134519339
992,0,0.00041803779009737274
993,0,0.00012844843097606045
994,0,0.03286698670417506
995,0,0.054016108077549196
996,0,0.1258420555738396
997,0,0.0030242507174410116
998,0,0.5687423394910298
999,0,0.031788569888900525
1000,1,0.6990718924646525
1001,0,0.190412825422368
1002,0,0.00033710427326695953
1003,0,5.000838872606424e-05
1004,0,0.00457972472426829
1005,1,0.3339685582827802
1006,0,0.14198310670041678
1007,0,0.2607737435485193
1008,0,0.3094672069566419
1009,0,2.450298591844833e-05
1010,1,0.7163170085120663
1011,0,0.007163576079801384
1012,1,0.8745350739998836
1013,0,0.0010758748320744247
1014,0,0.49011764995801166
1015,0,0.18425558194943856
1016,0,0.05156677174210492
1017,0,0.0016879283674588734
1018,0,0.0056466791016520825
1019,0,0.004564941040642227
1020,0,0.05174827184229507
1021,1,0.6306849889673518
1022,0,0.006181081258351987
1023,0,0.596909721869731
1024,1,0.7132642327071431
1025,0,0.007266272460250416
1026,0,0.5761652584318168
1027,0,0.039284589347001624
1028,0,0.0515318741491975
1029,0,0.871467193077055
1030,0,0.06614210145011803
1031,0,0.01660308398436347
1032,1,0.6030101547491701
1033,0,0.0013211566895122808
1034,0,0.009007051664742966
1035,0,0.08475343685393279
1036,0,0.03974163427821049
1037,0,0.44101919499514824
1038,0,0.12095066756202338
1039,0,0.0017223822505160551
1040,1,0.2962095603550318
1041,1,0.3311445808070764
1042,0,0.006227912077136248
1043,0,0.05108812687844009
1044,0,0.05212697693907669
1045,0,0.0040611712776927895
1046,0,0.026518497294784667
1047,0,0.00560979984045437
1048,0,8.254748719953903e-05
1049,0,0.7194037115346055
1050,0,0.004601417827311342
1051,0,0.4968353373548532
1052,0,0.0761410003408261
1053,0,0.010612094785715924
1054,0,0.0004898719083393844
1055,0,0.021879826963900548
1056,1,0.5570255011484958
1057,0,0.0012379379615444852
1058,0,0.035086583386009035
1059,0,0.1923765798446824
1060,0,0.04281998533489064
1061,0,0.07553546151625491
1062,0,0.05602616072507294
1063,0,0.04938442162031137
1064,0,0.48271457837800424
1065,0,0.025555938833086926
1066,0,0.4001572816528712
1067,0,0.6842096997641021
1068,0,0.08997348990338293
1069,0,0.27517517795235225
1070,0,0.07147810430489762
1071,0,0.03539756120515339
1072,0,0.03824548503958642
1073,0,0.03331658923120579
1074,0,0.0647545935312584
1075,0,0.05204701708729045
1076,0,0.002201251006709982
1077,0,0.014397671244843887
1078,1,0.7292233858736428
1079,0,0.0018799340158187215
1080,0,0.02007876502030903
1081,0,0.3757450264687178
1082,1,0.9028420610465324
1083,0,0.005372234293433703
1084,0,0.09509803311206055
1085,0,0.02875044023812587
1086,1,0.45858448785079886
1087,0,0.015727981500165522
1088,0,0.08862512837284038
1089,0,0.06444622688536415
1090,0,0.0009432686920900508
1091,0,0.00035621648909262075
1092,0,0.004552650833602072
1093,1,0.9234126426960979
1094,0,0.015615906546344819
1095,0,0.0009420467631102733
1096,0,0.0006050765780036795
1097,0,0.17946906839327584
1098,0,0.10228787243245797
1099,0,9.542447875690745e-05
1100,0,0.2379666678576906
1101,0,0.005559407623251771
1102,0,0.5617986140336744
1103,0,0.10175727754296927
1104,0,0.023976973831855094
1105,0,0.049917108606563024
1106,0,0.2294495872649589
1107,0,0.011043384777402711
1108,0,0.015193595649832676
1109,0,0.014974370174559526
1110,0,0.02579699642876992
1111,0,0.0018047142464887765
1112,1,0.6712636862687708
1113,0,0.012733709953571398
1114,0,0.0012006696700372539
1115,0,0.14067355761786637
1116,0,0.42932956220110696
1117,1,0.5091646862170431
1118,1,0.6628274654802826
1119,0,0.05366725654093663
1120,0,0.10587290015627779
1121,0,0.22665368491572518
1122,0,0.14301989022065864
1123,0,0.23953094487983587
1124,0,8.937097207192069e-05
1125,0,0.09705953205141418
1126,1,0.414186941275375
1127,0,0.39878944507034936
1128,1,0.3329485637263511
1129,0,0.02272041897402748
1130,0,0.011820020093470388
1131,0,0.014862809272723057
1132,0,0.12956081242569203
1133,0,0.48799302552942103
1134,0,0.0007829206809139084
1135,0,0.0008533730955435671
1136,0,0.2752026118595523
1137,1,0.8881577768788279
1138,0,0.0016790370491423009
1139,0,0.10457077947977832
1140,0,0.3066013847907712
1141,0,0.0035265346983112096
1142,1,0.8801672848813028
1143,0,0.02020885924965465
1144,0,0.0153916739522622
1145,0,0.030687528335421634
1146,0,0.2564009888831238
1147,1,0.23513546254666154
1148,0,0.021341037397785725
1149,0,0.02239893630852602
1150,0,0.014357685748492513
1151,0,0.10082487016100242
1152,0,0.006813121029266727
1153,0,1.232081374489342e-06
1154,0,8.717173267317847e-05
1155,0,0.029195599478996668
1156,0,0.052584855977922104
1157,0,0.003646599562507577
1158,0,0.005088652428745653
1159,0,0.4262895649489781
1160,1,0.7359649024716487
1161,0,0.02250198757746197
1162,0,0.007504813867955191
1163,1,0.2938926232538386
1164,0,0.0349186220259007
1165,0,0.013623028047012013
1166,1,0.6708877364400544
1167,0,3.7696803472855603e-06
1168,1,0.8685117099981313
1169,0,0.001099574187661842
1170,0,0.009948548215552574
1171,0,0.015880915388898294
1172,1,0.48294497073718423
1173,0,0.0021799934396260377
1174,0,9.570991360334018e-05
1175,0,0.22979384185035667
1176,0,0.4286195272855498
1177,0,0.10649813288579861
1178,0,0.07564566086247632
1179,1,0.31666122991911116
1180,0,0.000771819295057775
1181,0,0.01798753775240876
1182,0,0.6171875739778657
1183,0,0.25646835602187795
1184,1,0.34163669907164657
1185,1,0.23095790699586186
1186,0,0.000327157195232907
1187,0,0.33704617310103224
1188,0,0.004314042798287825
1189,0,0.16841951334776517
1190,0,0.010370756364324213
1191,0,0.12046046684924372
1192,0,0.09178752193773677
1193,0,0.1389475392490565
1194,0,0.24944350311831553
1195,0,0.44845925876417436
1196,1,0.34632368829881255
1197,1,0.43950081309049166
1198,0,0.07146536596420289
1199,0,0.0004697096666214768
1200,0,0.0010795566980188848
1201,0,0.1587789006055821
1202,1,0.712644425049381
1203,0,0.0007179785034812234
1204,0,0.004996564760897792
1205,0,0.03870770211257881
1206,0,0.48236646040641046
1207,0,0.0018285683725794738
1208,1,0.3022677133711826
1209,0,0.004139636216100975
1210,0,0.19321836471733364
1211,0,0.21044422308603347
1212,0,0.2827476388004941
1213,0,0.008749577572358986
1214,0,0.5700145322393132
1215,1,0.010870670521428767
1216,0,0.05287043735650097
1217,0,2.1576548345736623e-06
1218,0,0.06535186839229652
1219,0,0.04253622543089749
1220,0,0.0653987696634338
1221,1,0.07034495115916664
1222,0,0.10966650428663946
1223,0,0.00029733496086836736
1224,0,0.0002619107815026863
1225,0,0.0004456733309322245
1226,0,0.014533645740781333
1227,0,0.14042666373210674
1228,0,0.0749765700872545
1229,0,0.06132733666913144
1230,1,0.6009388253548541
1231,1,0.47580924837594024
1232,0,0.11364548567786566
1233,0,0.08189544080940712
1234,0,0.3011526107028821
1235,0,0.008715876835844974
1236,0,0.007568916518516095
1237,1,0.9395344359693286
1238,0,0.11950593356497974
1239,1,0.4480923335693674
1240,0,0.0005696092986142926
1241,0,0.3533782432531657
1242,1,0.805440146813558
1243,0,0.76753613852877
1244,0,0.09528344591403469
1245,1,0.574226245632179
1246,0,0.014396801198647375
1247,0,0.0007738305690758094
1248,0,0.5149829828287898
1249,0,0.0002949618397393548
1250,0,0.046491852422983024
1251,0,6.042167629598617e-05
1252,0,0.08453559272327554
1253,0,0.00704874908065943
1254,0,0.0010820409706096224
1255,0,0.13268882108580377
1256,0,0.2825023467267095
1257,1,0.4343197916615526
1258,1,0.5096784363381949
1259,0,0.0014391812197005877
1260,0,0.004673150692355732
1261,0,0.000283239282950558
1262,0,0.0069123843717478995
1263,0,0.019479507333190316
1264,0,6.889212462559434e-05
1265,0,0.007346486141649086
1266,0,0.003199270637233211
1267,0,0.45984967159341794
1268,0,0.0005068795157289987
1269,0,0.0006867325736618789
1270,1,0.047456858199270174
1271,0,0.32504306511811865
1272,0,0.23454089872334904
1273,0,0.006949145270172886
1274,1,0.10341685004134159
1275,0,0.0062876041208626485
1276,1,0.8989213786968029
1277,0,0.00504664986858865
1278,1,0.8220951007649981
1279,0,0.4649126335939884
1280,0,0.12885502557172152
1281,0,0.1234118014801214
1282,0,0.12154620373814168
1283,0,0.03744761233219632
1284,0,0.030143548088543182
1285,0,0.17971811397094914
1286,0,0.016258829183150504
1287,1,0.6825418688572731
1288,0,0.011792213093955605
1289,0,0.003387855367125069
1290,1,0.8431918362926584
1291,0,0.007721528615070453
1292,1,0.6576564626075866
1293,0,0.028186634059208758
1294,1,0.2306627657100494
1295,0,0.018805974244815924
1296,0,0.01016883094111686
1297,0,0.06483951804987403
1298,0,0.010170068505906876
1299,0,0.6173428820806109
1300,0,0.003969123495084303
1301,1,0.3882141640610987
1302,0,0.0036093686898623217
1303,0,0.020629164581954598
1304,0,5.591227497026248e-05
1305,0,0.004646059425575305
1306,0,0.010254360580014507
1307,0,0.1795716420645229
1308,0,0.14504711247697125
1309,0,0.1434601735687633
1310,0,0.0012217598934379497
1311,0,0.2954160111070335
1312,1,0.5984613273185724
1313,0,0.016274905442665983
1314,0,0.03414717655823014
1315,0,0.044379811602052004
1316,0,0.03853162256923263
1317,0,0.06780691485409686
1318,0,0.6263358053362312
1319,0,0.24058129510030615
1320,0,0.003102461312328823
1321,0,0.19935919766701818
1322,0,0.004702355289704176
1323,0,0.004311584200585112
1324,0,0.011840309163204681
1325,1,0.4286454930263878
1326,0,5.002087283355759e-05
1327,1,0.7994677439759209
1328,1,0.3396564697153604
1329,0,3.429550113032161e-05
1330,0,0.0027099895718558104
1331,1,0.8227463914598301
1332,1,0.7542202675077736
1333,0,0.5182724831234004
1334,1,0.4479033402666433
1335,0,0.0010460754376851206
1336,0,0.02751363330313509
1337,1,0.018898465869149436
1338,0,0.4821477043974704
1339,0,0.003604931591694585
1340,0,0.024917687998557675
1341,1,0.38173895247650347
1342,0,0.488166920028765
1343,0,0.000959774475537749
1344,0,0.005220012625643406
1345,0,0.0589258785204986
1346,0,0.029708324310307396
1347,0,0.003692388299909376
1348,0,0.06433367243443583
1349,0,3.5120759407230245e-05
1350,0,0.3806041861736257
1351,1,0.881920364818195
1352,0,0.03062682585566882
1353,0,0.0013221893403003685
1354,0,0.03600344541529492
1355,0,0.015095131820603904
1356,0,0.015206637392703776
1357,1,0.7969929898483425
1358,0,0.0028800887708067173
1359,0,0.07720687532056489
1360,0,0.00014314983355602875
1361,0,0.020262801433118184
1362,0,0.00392863631619658
1363,0,0.016733009926869016
1364,1,0.6417004693316221
1365,0,0.12336507148981757
1366,0,0.030784590823682716
1367,0,0.005403453633962272
1368,0,0.06723862839219731
1369,0,0.029822116378876638
1370,0,0.3418570747311401
1371,1,0.49003486994404055
1372,1,0.7226611183474434
1373,0,0.18284859061257994
1374,0,0.043888311262933084
1375,0,0.10001801994811842
1376,1,0.5103140927138814
1377,1,0.10601917328055327
1378,0,0.0011274360053477944
1379,1,0.8992307200838374
1380,1,0.652520649461963
1381,1,0.6389304126706244
1382,0,0.798055238060259
1383,0,0.00026844462291369936
1384,0,2.5291724072076576e-06
1385,0,0.09845671255391908
1386,0,0.3493550892550107
1387,1,0.7326108781590057
1388,0,0.00586928611993967
1389,0,0.002188925728370618
1390,0,0.0004624669715771851
1391,0,0.0012856188184644996
1392,1,0.3660622773964597
1393,0,0.17838479648503983
1394,0,0.00021920267441828675
1395,0,0.12845274127278847
1396,0,0.010735220768365552
1397,1,0.5603345955443937
1398,0,4.789571031880287e-05
1399,0,0.0003493120448833622
1400,0,0.2259603995070807
1401,1,0.8905841547784051
1402,1,0.27678211136141345
1403,0,0.07536182504936506
1404,1,0.8170600839358503
1405,0,0.060850069528988415
1406,0,0.004726913788497405
1407,0,0.0021966058004481916
1408,0,0.030856451042796055
1409,0,0.06682923151403435
1410,0,0.03365219573406464
1411,0,0.0006475175667360025
1412,0,0.5265506597941743
1413,0,0.08618837287422301
1414,0,0.0019434042701749153
1415,0,0.3166757281366621
1416,0,0.008269182897267902
1417,0,0.6159765560787009
1418,0,0.00517375502817832
1419,0,0.0028211939061177343
1420,0,0.019438324362463524
1421,1,0.7118903002442263
1422,0,0.5052451472298803
1423,1,0.582647753687157
1424,0,0.028836152700137847
1425,0,0.29825604090414753
1426,0,0.0066291082480490066
1427,0,0.004959058608816548
1428,0,0.008246049836100897
1429,0,0.015405152806639406
1430,0,0.0141406317442475
1431,1,0.8790897293498782
1432,0,0.04935579299450247
1433,0,0.02014603243098384
1434,0,0.13963944153276553
1435,0,0.0010043122241122453
1436,0,0.42804299299330933
1437,0,0.00701620841166616
1438,0,0.0004635050185007068
1439,0,0.004501182753996284
1440,0,0.008639855492759743
1441,0,0.0066881083071998445
1442,0,0.010811129155524759
1443,0,0.02586564221270203
1444,0,0.29389319545589526
1445,0,0.000371362024814743
1446,0,0.33376179367074893
1447,0,0.2892967144177937
1448,0,0.07374012345559809
1449,0,0.6619412063682064
1450,0,0.01541346902429659
1451,1,0.027313342188717164
1452,0,2.3455979946534878e-06
1453,1,0.7582559877182833
1454,0,0.08994817398686962
1455,0,0.015174257388802424
1456,1,0.5049578173123843
1457,0,0.004311057329399386
1458,0,0.016862916333211953
1459,0,0.07302088568655603
1460,0,0.10399790144292785
1461,0,0.09844367596530511
1462,0,0.028377722299902344
1463,0,0.11935315291471804
1464,0,0.011173164354138017
1465,0,0.0269388523496843
1466,0,0.0058391863888120335
1467,0,0.0014921790932938034
1468,1,0.6603575146423543
1469,0,0.0006332406513216927
1470,0,0.0003421471198240901
1471,0,0.28027359869617036
1472,0,0.15142450143544517
1473,0,0.00012231139336996762
1474,0,0.025188332913480282
1475,0,0.0013140213923140745
1476,0,0.002416695384205249
1477,0,0.0924157513325437
1478,0,0.7083497573238664
1479,0,0.0015588030165837271
1480,0,0.0008375142719882156
1481,1,0.6886041222921314
1482,0,0.06622355879228212
1483,0,0.021138275032457896
1484,0,0.05265746878637429
1485,0,0.4766995585581329
1486,0,0.6563503746028178
1487,1,0.5938422188117972
1488,0,0.04759321144441362
1489,0,0.00021619331569234352
1490,0,0.08826859668128668
1491,0,0.05862980359866661
1492,0,0.0003396740860718551
1493,0,0.11648113501250278
1494,1,0.8527800295803553
1495,1,0.25461911938235066
1496,0,0.003084697383107901
1497,0,0.012556628232746192
1498,0,0.004534536206409313
1499,0,0.12978701865057565
1500,0,0.0003713453319261394
1501,0,0.3662686076122706
1502,0,0.02255710042686225
1503,0,0.1274783031214746
1504,0,0.0017584806875105229
1505,1,0.8308631701200528
1506,0,0.02801031854755595
1507,0,1.636717309987831e-14
1508,1,0.2988847932523089
1509,0,5.134201833810255e-05
1510,0,0.0065344422790941225
1511,1,0.9289411178317049
1512,0,0.14581506379020778
1513,0,0.0054124889669882655
1514,0,0.17124901581999988
1515,0,0.014584571611195227
1516,0,0.05670057967895821
1517,0,0.14671117082183066
1518,0,0.031344870087171614
1519,0,0.5724705254213662
1520,0,0.1008732349941912
1521,0,0.4371837212078084
1522,0,0.0031804330707851125
1523,0,0.002145570009354048
1524,0,0.008372042126246404
1525,1,0.4079914170914308
1526,1,0.7936935550979763
1527,0,0.0001943531301641636
1528,1,0.9721996471321889
1529,0,0.001128298046743649
1530,0,0.045843586601492986
1531,0,0.4973635401818217
1532,0,0.1677880255889222
1533,1,0.6551240771639038
1534,0,0.00046316960816088193
1535,0,0.14733543439954594
1536,0,0.03703896736076043
1537,1,0.7273545547367858
1538,0,0.2838211712466168
1539,1,0.8021880679112128
1540,0,0.0038724220610077647
1541,0,0.012939575704944308
1542,0,0.010951988537347971
1543,1,0.8368576904835013
1544,0,0.053223902057430744
1545,0,0.021178728261054797
1546,0,3.4693531286265254e-05
1547,1,0.43466228000941587
1548,1,0.9657971991597597
1549,1,0.06384809904008164
1550,0,0.26549911398208514
1551,0,0.14256106798895865
1552,1,0.7757977942972059
1553,0,0.06495937999054871
1554,0,0.2390492898713043
1555,0,0.0027126931112661213
1556,0,0.00045588738505976037
1557,0,0.07269044311964656
1558,0,0.026200950384934023
1559,0,0.01810400179189614
1560,0,0.010388547878037393
1561,0,0.0028501674661650617
1562,0,0.005486835940811562
1563,1,0.31689023070493305
1564,0,0.19031555543670586
1565,0,0.014778512596040105
1566,0,0.00045282488236278554
1567,0,0.6756865473036773
1568,0,0.00794110334708351
1569,0,0.23202742376964958
1570,0,0.7677684973009736
1571,0,0.038977083371230695
1572,0,0.13922109461713134
1573,0,0.0012588582018748882
1574,0,0.07976552728477129
1575,0,0.015053827155099524
1576,0,0.4194749783797026
1577,0,0.06167338696888899
1578,0,0.05781986093549936
1579,0,0.018437731918894022
1580,0,0.035569573229409734
1581,0,0.0012910324149848689
1582,1,0.6728710637882249
1583,0,0.0018557746585899939
1584,0,8.277264823655752e-05
1585,1,0.4571830592507043
1586,0,0.001060869215098817
1587,0,0.13439990154967607
1588,1,0.20013749927192154
1589,1,0.5937588597094746
1590,0,0.07969762290427632
1591,0,0.027560389415690455
1592,0,0.3675250665840819
1593,0,0.1423611582531679
1594,0,0.1196907574475483
1595,1,0.9166682337103929
1596,0,0.4477851844479594
1597,0,5.061513524422832e-05
1598,0,0.006192175025552273
1599,0,0.02511442452810969
1600,0,0.00037416256234436805
1601,1,0.39338572853769993
1602,0,0.003324144065581555
1603,0,0.0026687403237031383
1604,0,0.0005377485486244158
1605,0,0.042407194524056405
1606,0,0.0002452318839815341
1607,1,0.7753618125986846
1608,0,0.1698024425002438
1609,1,0.24424744442028526
1610,0,0.020163525616574165
1611,0,0.16673043556182224
1612,0,0.10558305033987432
1613,0,0.0002657974352232207
1614,0,0.07565262539770476
1615,1,0.13872623546868296
1616,0,0.16058780020167984
1617,0,0.03224252982079036
1618,1,0.7995957366057791
1619,0,0.09924436932423604
1620,0,0.1393762065999815
1621,0,0.0001338643235946746
1622,0,0.15732112929766917
1623,1,0.7147727521571523
1624,0,0.03535599374349845
1625,0,0.04626697976523279
1626,0,0.16267454199413567
1627,0,0.2838562181755153
1628,1,0.598255268260625
1629,0,0.011546916782886465
1630,0,0.013320095163856857
1631,0,1.961072668044965e-05
1632,0,0.3055027371101823
1633,0,0.00931704214259477
1634,0,0.017219108655693722
1635,0,0.3382052230654904
1636,1,0.8243461113581391
1637,0,0.006146585203640685
1638,0,0.057528667596746526
1639,0,0.0067838731513721814
1640,0,0.16671132488276633
1641,0,0.005980360882153624
1642,0,0.005554377222551252
1643,0,0.005527907149548356
1644,1,0.87517493610961
1645,0,0.007308930125573412
1646,1,0.41892044143718005
1647,0,0.000342361087427228
1648,1,0.156869137431628
1649,0,0.04242499571016595
1650,1,0.09268872234689296
1651,0,0.386047081732487
1652,1,0.7964452482000607
1653,0,0.01803967536613395
1654,0,0.0967989905172911
1655,0,0.5917209101471981
1656,1,0.6387381831184452
1657,0,0.0005895447455910084
1658,0,0.12595423014049742
1659,0,0.005105095609398145
1660,0,0.28022246728476746
1661,1,0.7634757694337967
1662,0,0.0010809045278368519
1663,0,0.018926541318151635
1664,0,0.20563197955435913
1665,0,0.0009718125325194597
1666,0,0.0010534137973714295
1667,0,0.1727640779497507
1668,0,0.009524719655145186
1669,0,0.21066350566729425
1670,0,0.4088430786325881
1671,0,0.014114040605372006
1672,0,0.19191108168892032
1673,1,0.6537953161838512
1674,0,0.00042816944663985504
1675,0,0.043491382175314106
1676,0,5.72225531549733e-05
1677,0,0.07487157328075549
1678,0,0.17733083493421323
1679,0,0.431070786781846
1680,0,0.1804498026947531
1681,1,0.7533489869505862
1682,0,0.02092338496935986
1683,0,0.002779083136095329
1684,1,0.6735738289682827
1685,1,0.8896741541765094
1686,1,0.9477508269449518
1687,0,0.7921314608652282
1688,0,0.04023164000567332
1689,0,0.09466635940268696
1690,0,0.1395954963871775
1691,0,0.04297372143861953
1692,0,0.012190730964208595
1693,0,0.05618028337344943
1694,0,0.044608214605423045
1695,0,5.409201285069832e-13
1696,1,0.8145855528548994
1697,1,0.5245445473178061
1698,0,0.006161870231325382
1699,0,0.018353492183649563
1700,0,0.05786896385161245
1701,0,0.005704095245840186
1702,0,0.0010300350386969926
1703,0,0.22868357324030675
1704,0,0.009953267690276966
1705,0,0.0010632765476218046
1706,0,1.4748679841383737e-16
1707,0,0.007383359333625982
1708,1,0.7924802197766682
1709,0,0.02369058232580877
1710,1,0.6844445134159337
1711,0,0.0037133046184447366
1712,1,0.7214270714008748
1713,1,0.531821423395321
1714,0,0.009297722018004256
1715,1,0.30272408254492417
1716,0,0.01952300689667959
1717,1,0.80873888372989
1718,1,0.899727686211728
1719,1,0.7306713791657983
1720,0,0.1657045276362403
1721,1,0.5046156003666169
1722,0,0.06786943398167668
1723,0,0.23929238354686677
1724,1,0.6486826332629899
1725,0,0.01518175995734424
1726,0,0.0009933075630961263
1727,0,0.6170634142212031
1728,0,0.0004877381103998152
1729,0,0.08362921540798221
1730,0,3.851276068016467e-05
1731,0,0.30016694331384025
1732,0,0.14586394460462898
1733,1,0.5048388895015707
1734,1,0.5920854117148829
1735,0,0.0010527056644052566
1736,0,0.050747094317584215
1737,0,0.6610432015602878
1738,0,0.013740321950191354
1739,0,0.20327259756396215
1740,0,0.04148001003719436
1741,0,0.008559327845298413
1742,0,0.5334686081888075
1743,0,0.1693850102359413
1744,1,0.20132129982003377
1745,0,0.24070250020308712
1746,0,0.08504861727984919
1747,1,0.6945906097160613
1748,1,0.23760016683733978
1749,0,0.11936063280752651
1750,0,0.6793817567365321
1751,0,0.670348071651882
1752,0,0.44901046425676694
1753,0,5.3119745482593886e-05
1754,0,0.0016664511186656667
1755,0,0.04322708517803369
1756,1,0.9136160147752389
1757,1,0.5267095612260416
1758,1,0.6864443517162593
1759,0,0.004606768218535698
1760,0,2.5547537968424238e-05
1761,0,0.0015694059454076038
1762,0,0.7876942985308958
1763,0,0.003072489870962273
1764,0,0.001368331597369802
1765,0,0.2510687714769765
1766,1,0.7555934322136166
1767,0,0.16655374516744717
1768,0,0.014931267657736537
1769,0,0.010762332746656472
1770,0,0.0003284355197524805
1771,0,0.019477766388383416
1772,0,0.00674293967745062
1773,0,0.00261706430925721
1774,0,0.0002761447156086273
1775,1,0.716109072815992
1776,0,0.002464416606667513
1777,0,0.006079929727464467
1778,0,0.04030464306961697
1779,0,0.6919206064075154
1780,0,0.0012804440268610062
1781,0,0.4290570197121045
1782,0,0.24506276797621418
1783,0,0.015046667156777705
1784,1,0.9130340685155232
1785,1,0.8981684643215236
1786,0,0.01855226811758617
1787,0,0.01711248549353507
1788,0,0.0003733660699951304
1789,1,0.5031508862532008
1790,0,0.0005743676171491109
1791,0,0.00709217976516565
1792,0,0.0076274344524123626
1793,0,0.2052033024193231
1794,1,0.8894725712727886
1795,1,0.8924462890690804
1796,1,0.8869854860384607
1797,0,0.21911077681934907
1798,0,0.026341360231525356
1799,0,0.012398353612061956
1800,0,0.08427421667136561
1801,0,0.13322503569892072
1802,0,0.528865898525721
1803,0,0.7245458039455255
1804,0,0.10334133784304317
1805,0,0.05294309625478553
1806,0,0.053266977235257744
1807,0,0.0026246466070468217
1808,0,0.07015472721589026
1809,0,0.00303500303781707
1810,0,0.0013579855261515623
1811,1,0.20053227284132055
1812,0,0.006056224072470378
1813,1,0.5655492304294925
1814,0,0.0003063341021414904
1815,0,0.12263288989919552
1816,1,0.6223890849656958
1817,0,0.0005813172999438902
1818,0,0.36266228068242395
1819,0,0.00016619757701827066
1820,0,0.009552620905917682
1821,0,0.01910609557067202
1822,0,0.4364672591280788
1823,0,0.20081476973022364
1824,0,0.05872845609961902
1825,1,0.9763437016321201
1826,1,0.606804468022746
1827,1,0.5397427972126388
1828,0,0.022813962346432806
1829,0,0.006638827915174909
1830,0,0.46664717275995704
1831,1,0.48455560134890385
1832,0,0.0008706422170559611
1833,0,0.0033769806716636495
1834,0,0.20369390013764277
1835,0,0.7346588575253865
1836,1,0.20492699347482074
1837,0,0.42874058205641863
1838,0,0.02431336146108063
1839,0,0.6073541207561929
1840,1,0.5395776156585119
1841,0,0.5465645675061184
1842,0,0.0829467386889867
1843,0,0.6418180253871756
1844,1,0.37162110921428493
1845,0,0.13283006341864464
1846,0,0.010551536615780944
1847,1,0.24304648673785315
1848,1,0.3942319652105109
1849,0,0.0193177524594165
1850,0,0.00020466703909044915
1851,0,0.01003280907668685
1852,0,0.11941482026046062
1853,0,0.008255021095235389
1854,0,0.4564214890929736
1855,1,0.4943461033468824
1856,0,0.08926180829829504
1857,0,0.023650370105080983
1858,1,0.3162349902208333
1859,0,0.26561599615784903
1860,0,0.2156481072419602
1861,0,0.04184499682695383
1862,0,3.4164189386694234e-05
1863,0,0.3210303298490836
1864,0,0.043640492565501655
1865,0,0.027631749913006085
1866,0,0.08753071663694133
1867,0,0.17935902417203084
1868,0,0.5409288297862824
1869,0,0.010163779713813097
1870,0,0.0016297200810378165
1871,1,0.9059385074541981
1872,0,1.7244451554780763e-05
1873,0,0.24188063856980768
1874,0,0.052133569291489774
1875,0,0.03507043205336305
1876,1,0.8114955015324294
1877,0,0.0559467659589218
1878,0,0.001221233983702492
1879,0,0.13909016978890396
1880,0,0.05478256779519352
1881,0,0.2626243040272565
1882,1,0.14086628087690498
1883,0,0.006950959227102339
1884,0,0.30192959047897244
1885,0,0.010685430257948263
1886,0,0.21027130375827607
1887,0,0.07529425029127858
1888,1,0.7651872186917837
1889,1,0.1548234383218661
1890,0,0.00019757170016840382
1891,0,0.006433824117465938
1892,1,0.4137842042306208
1893,0,0.04383522659970732
1894,0,0.0029739053611923306
1895,0,0.00016920339223188178
1896,1,0.8870431108556269
1897,1,0.5157273260245064
1898,1,0.1846037733693619
1899,1,0.7347106845941516
1900,0,0.375066691818764
1901,0,0.008368447061492047
1902,0,0.10001775692092599
1903,0,0.0026894530901586996
1904,1,0.778888125424589
1905,1,0.6189105027696243
1906,0,0.00023873202691093257
1907,0,0.005386699850234209
1908,1,0.6711591282197081
1909,0,2.0391074463774284e-05
1910,0,0.0010790243904018483
1911,0,0.029655096590394683
1912,0,0.10220129998968891
1913,0,0.0005358264776129092
1914,0,0.0748757634780093
1915,1,0.5132221108310213
1916,0,0.14332912370472908
1917,0,0.003348920922032682
1918,1,0.0881766933601681
1919,0,0.00828198274393991
1920,0,0.1467509520726121
1921,0,0.005156983337625738
1922,0,0.250959712690238
1923,0,0.01678858848044025
1924,1,0.9789873985959536
1925,0,0.00013654050360049826
1926,0,0.05593359352272575
1927,0,0.33966941648983967
1928,0,0.02812677994500461
1929,0,0.22223946438780415
1930,0,0.006030286447364508
1931,0,0.017339972418900406
1932,0,0.00020675207106161597
1933,0,0.13661996778237964
1934,0,0.0085531261205061
1935,0,0.06870075308723073
1936,0,4.69003007669805e-06
1937,0,2.489275129959111e-06
1938,1,0.6609846222440888
1939,0,0.011874378954247117
1940,0,0.013239960599198877
1941,0,0.5720593469919754
1942,0,0.22805055845349995
1943,1,0.5513015884235702
1944,1,0.04774656222908976
1945,0,0.008070363548800957
1946,0,0.23893914649621442
1947,0,0.001590102222620588
1948,1,0.34648218687404175
1949,0,0.018865125596250146
1950,1,0.5197026311802707
1951,0,0.04011384235139469
1952,0,0.00943721939875724
1953,0,0.001997723041796063
1954,1,0.5252683385502327
1955,0,0.4634167369203451
1956,0,0.1253493468532975
1957,0,0.007630076655424329
1958,0,0.34451953985231776
1959,0,0.13407525484198368
1960,0,0.0029961422175518206
1961,1,0.18967103333895075
1962,0,0.00021043329784749254
1963,0,0.3370381825951049
1964,0,0.10112932648283601
1965,0,0.0021013197768940503
1966,0,0.12199361444932948
1967,1,0.6824101354048541
1968,0,0.30938274952824546
1969,0,0.3868383038267968
1970,0,0.24850904430875312
1971,1,0.6033359266686638
1972,0,0.2899406933870217
1973,0,0.0028152219220646544
1974,0,0.0016426524975037158
1975,1,0.4249582495984024
1976,0,0.08324658105154986
1977,0,0.0007957849348377127
1978,0,0.005955190047118545
1979,0,0.10099463663724405
1980,1,0.3282628863437083
1981,0,0.024242958815607493
1982,1,0.8645952885665517
1983,0,0.6693694830740983
1984,0,0.01928793442340125
1985,1,0.7597222611597554
1986,0,0.013331112603574191
1987,0,0.425438028977092
1988,1,0.779154498994829
1989,1,0.0881508267939269
1990,0,0.020920195723682405
1991,0,0.017385748845475803
1992,0,0.003832417608502349
1993,0,0.09242813896171703
1994,0,0.7838818566452556
1995,0,0.0001958526288467328
1996,0,1.09277887254608e-11
1997,0,0.004743079866461175
1998,0,0.21039462819870058
1999,1,0.7104806267368274
2000,0,0.19980944973790649
2001,0,0.6176954148992138
2002,1,0.8097152260971706
2003,0,1.7865074567432933e-05
2004,0,0.13506186778863977
2005,0,0.2839097009586321
2006,0,0.0001838361035288596
2007,0,0.08666385323587425
2008,1,0.04849698732113912
2009,0,0.0007224668710571039
2010,0,1.4111226681790078e-05
2011,0,0.04185457264249361
2012,1,0.8845955054878835
2013,0,0.2331984388157452
2014,0,0.37647273441566087
2015,0,0.006997639945964752
2016,0,0.014077022543278224
2017,0,0.048718789397239844
2018,0,0.003697703065512916
2019,0,0.3026424115843655
2020,1,0.8939921221934753
2021,1,0.6751036311133821
2022,0,0.14839648098800792
2023,0,0.2716663067034814
2024,0,0.0006111380429812172
2025,0,0.00714370463124355
2026,1,0.17114162666445398
2027,0,0.0021979480624699527
2028,0,0.003920011318500569
2029,0,0.017651660279871445
2030,0,0.07506604092630437
2031,0,0.0005780888561788608
2032,0,0.0024735278267891373
2033,0,0.020541885448958252
2034,0,0.0013115041053316397
2035,0,0.004684190702489343
2036,0,0.023332386731275103
2037,0,0.06163712366275182
2038,0,0.0008329854521197468
2039,0,0.58670306315278
2040,0,0.266684122168245
2041,1,0.6423739671917511
2042,0,0.004447762077117892
2043,0,0.11353377455849724
2044,0,0.10666347640391644
2045,1,0.32714305900596546
2046,0,0.638066659754303
2047,0,0.002127665109250191
2048,0,0.02504713890640556
2049,0,0.3885790457087946
2050,0,0.11612623523204929
2051,0,0.0987920231255823
2052,0,0.0007337257094279195
2053,0,0.20262279228166108
2054,0,0.35078418372858344
2055,0,0.2755077253980489
2056,0,0.0432715319339002
2057,0,0.20805448788430905
2058,0,0.3599415393865683
2059,0,0.000338262482899605
2060,0,0.1450118669057524
2061,0,0.6530876479007346
2062,0,1.1016421779710684e-12
2063,0,0.07123663556889406
2064,1,0.26118985865631533
2065,0,0.05763394147856241
2066,0,0.0006336375929882464
2067,0,0.00019727725766066414
2068,0,0.007211966298335175
2069,1,0.5055477871047652
2070,0,0.003627327844696093
2071,1,0.13683702715114882
2072,1,0.8215988111376203
2073,0,0.0038227523714410953
2074,0,2.6083524942387435e-05
2075,1,0.7476640711162036
2076,0,0.00231688910968511
2077,0,0.05233519803272027
2078,0,0.19263091650921876
2079,0,0.0010898344788157956
2080,0,0.0018441244608055705
2081,0,0.22535258900329264
2082,1,0.8727598853735331
2083,1,0.312984690550146
2084,0,0.01693994215538007
2085,0,0.002839471197128806
2086,0,2.9846540409351117e-05
2087,0,0.0005314968458872799
2088,0,0.14305747687326698
2089,1,0.7036198109757137
2090,0,0.007189605599727179
2091,0,0.0004979072775190843
2092,1,0.6860017139805539
2093,0,0.0678269118936274
2094,1,0.5902160424297478
2095,1,0.05042789108578383
2096,0,0.19481372021177454
2097,0,8.137967941063491e-05
2098,0,0.040610743142566144
2099,0,3.1239122153300824e-05
2100,1,0.7196413643832678
2101,0,0.7781720724033321
2102,0,0.006437524696315747
2103,0,0.35195469673699853
2104,0,0.10268288421460847
2105,0,0.0028738786935778794
2106,0,0.00779378454981523
2107,0,0.01785613925263609
2108,1,0.16680855803506978
2109,0,0.01595154512277465
2110,1,0.5252578138625599
2111,0,0.023922640441896986
2112,0,0.15379888099909145
2113,0,0.15505238157593482
2114,1,0.3214076293823225
2115,0,0.2913321304369652
2116,0,0.00533099696643426
2117,0,0.23417148141759642
2118,0,0.34729710923215623
2119,0,0.22783635854872536
2120,0,0.00021603352799548896
2121,0,0.005009151041014509
2122,0,0.004505861967748135
2123,0,0.47250209679299593
2124,0,0.6441540653816472
2125,1,0.39484794214067803
2126,0,0.0034032793673744515
2127,0,0.18281090603162248
2128,0,0.002976304728993518
2129,1,0.21024019620101086
2130,0,0.00025676941644846426
2131,0,0.16374629388542833
2132,0,0.017140651267750356
2133,0,0.027875847832525263
2134,0,0.020058131701107186
2135,0,0.4977446253702568
2136,0,0.01023870822390232
2137,0,0.0006266422213902567
2138,0,0.019512441854903816
2139,1,0.5976416481738122
2140,1,0.573660530803864
2141,0,0.002076766673450107
2142,0,0.7280970035904453
2143,0,0.001882352233981852
2144,0,0.2302465367373271
2145,1,0.20394826089295826
2146,0,0.08288513971598425
2147,1,0.656559899720832
2148,0,0.00227814505787947
2149,0,0.0008997605341569742
2150,0,0.0646856535580186
2151,0,0.4512587517121983
2152,0,0.2042668540313323
2153,0,0.01678482571776486
2154,0,0.016127258208013185
2155,0,0.31250751155794054
2156,0,0.001435209215024509
2157,0,0.00010626489747806535
2158,1,0.6598231900844294
2159,0,0.044169696969243756
2160,0,0.08910415391179206
2161,1,0.16159086650593904
2162,1,0.18495617348845003
2163,1,0.8935718363150114
2164,0,0.08309393720020909
2165,0,0.09398590525736196
2166,1,0.29653533517488034
2167,0,0.004092862933691125
2168,0,0.09696617544913749
2169,0,0.017913682448464786
2170,0,0.34506867012725867
2171,1,0.7502648840829121
2172,0,0.023275704233037115
2173,0,0.1661153193647032
2174,0,0.046340117058749436
2175,0,0.5659853129317142
2176,0,0.033738230261197426
2177,1,0.2750824915553511
2178,1,0.6448344436701509
2179,0,0.0063697713149685475
2180,1,0.12819672166706633
2181,0,0.04319490747430671
2182,0,0.018256523681379613
2183,1,0.08546737074910796
2184,0,0.08316753011806323
2185,0,0.002894904130094924
2186,0,0.014473984256732287
2187,0,0.0012921656460521296
2188,0,0.00099830147070215
2189,1,0.25317822522163025
2190,0,0.220173600689248
2191,0,0.1443159882302158
2192,0,0.05658565345366512
2193,0,0.2694529392007079
2194,1,0.33218556037680413
2195,1,0.7473983731809715
2196,1,0.9115900386964298
2197,0,0.03582455979789812
2198,0,0.022896564389835148
2199,0,0.01589767251902846
2200,0,0.0006210183976449726
2201,0,0.0033848022379936132
2202,0,0.05664604248530966
2203,0,0.1576418985459174
2204,0,4.459716799131411e-05
2205,0,0.048700906015887335
2206,1,0.798681147294274
2207,0,0.018622019846653817
2208,0,0.00517950682962209
2209,1,0.12032523112015421
2210,0,0.27483852501742023
2211,0,0.012215938225555034
2212,0,0.009334928748956806
2213,0,0.16382754725011825
2214,0,6.880529890594484e-05
2215,0,0.028668975774750798
2216,0,0.0019124778876224223
2217,0,0.16505430520847691
2218,1,0.5390235174819453
2219,1,0.2269008397742061
2220,0,0.00044368889706250167
2221,0,0.45097811223522055
2222,0,0.22269955330296606
2223,0,0.005795548887650852
2224,1,0.63662276543228
2225,0,7.885632236023468e-05
2226,0,0.27284234748742425
2227,0,0.49593225222253146
2228,0,0.02721175336173451
2229,0,0.4337854312680091
2230,0,0.0058111249238549136
2231,0,0.0015033373268756982
2232,0,0.013902037917128796
2233,1,0.4473180472909989
2234,0,0.2390183249007937
2235,0,0.002293485804257897
2236,0,0.03174846496285656
2237,1,0.8169334317747001
2238,0,0.01245010204583039
2239,0,0.18826293057084734
2240,0,0.000962214397552737
2241,0,0.0056150208760825
2242,0,0.03237804111309262
2243,0,0.009054682101628634
2244,0,0.11010981343320307
2245,0,0.03442586818290452
2246,0,0.18006743032669392
2247,0,0.005804205800908925
2248,0,0.006235822449485785
2249,0,0.01801833975174294
2250,0,0.126458371805054
2251,0,0.003196368263331981
2252,0,0.45976795420322303
2253,0,0.007085452607064443
2254,0,0.001067274770628989
2255,0,0.0008583926983922422
2256,1,0.9523119724385652
2257,0,0.05792555709452052
2258,0,0.00018409926773911236
2259,0,0.6940965518143056
2260,0,0.002052598841522241
2261,0,0.20549451734542706
2262,0,0.0013051289928812456
2263,0,0.035453890327153514
2264,0,0.0009545100494569276
2265,0,0.049332175460899436
2266,0,0.01565347029253033
2267,1,0.2142940735461359
2268,0,0.050649448102248515
2269,0,0.034055812641047636
2270,0,0.04208983332899584
2271,0,0.00797071646670123
2272,1,0.6718916260332102
2273,0,0.015943007886747435
2274,0,0.0033280265554916054
2275,0,0.053739317115607046
2276,0,0.14259608343163555
2277,0,0.09671887112826244
2278,1,0.584860784456837
2279,1,0.5408007537912282
2280,0,0.001963424790804234
2281,0,0.04613668972161425
2282,0,0.11751510672578587
2283,0,0.6149714224092658
2284,1,0.8056787179685867
2285,0,0.2747047063543047
2286,0,0.003815404105970365
2287,0,0.01751426482899123
2288,0,0.1447815559252932
2289,0,0.0009223346068384487
2290,0,0.0025114076419234777
2291,0,0.013159641314541854
2292,0,0.0008553970186560131
2293,0,0.318185480244834
2294,0,0.002194276995923163
2295,1,0.7180269108667772
2296,0,0.004113934974816131
2297,0,0.09083349700534363
2298,0,0.1561604084148839
2299,0,0.11969604595187047
2300,0,0.0481724876351809
2301,0,1.922428482912286e-05
2302,0,0.32720959361709145
2303,0,0.7741288108657677
2304,0,0.0007469544964640695
2305,0,0.5844364240050848
2306,0,0.025142521156355423
2307,1,0.38986399673355226
2308,0,0.06736651188880842
2309,0,0.014320066066669426
2310,0,0.0008753942875282808
2311,0,0.015840705127393263
2312,0,0.5902789564697153
2313,0,0.0320398702963473
2314,1,0.513723097898817
2315,0,0.061595092467995625
2316,0,0.003127315102166993
2317,0,0.2045468922149412
2318,1,0.37291113598667586
2319,1,0.6389594102852861
2320,0,0.32816541023645107
2321,0,0.000552998527874099
2322,0,0.0002455093247718781
2323,0,0.012625923431286485
2324,1,0.7568935944129657
2325,0,0.2523183055842381
2326,0,0.0006599293430554337
2327,0,0.0013460888324434061
2328,0,0.4597790308270665
2329,0,0.3522521522234281
2330,0,0.019684924621412535
2331,0,0.19401741904143918
2332,0,0.18110092365733607
2333,0,0.18881141512703212
2334,0,0.928421699338954
2335,0,0.10072675823163166
2336,0,0.43500147559904434
2337,0,0.1923314304598196
2338,0,0.10162345250257498
2339,0,0.0007121011361149876
2340,1,0.8338866221656206
2341,0,0.005044307862457659
2342,0,0.007692295330736726
2343,0,0.003054087095280899
2344,0,0.17780028107675497
2345,0,0.5360531426593509
2346,0,0.011054253909418884
2347,1,0.9021481668939313
2348,0,0.00011900621876113748
2349,0,1.387234021632862e-05
2350,0,0.3431362985227631
2351,0,0.03743346992095898
2352,0,0.031368161897733705
2353,0,0.1662550005541032
2354,0,0.050143026304239134
2355,0,7.30530599825055e-05
2356,0,0.204265138489464
2357,1,0.8654658169970776
2358,0,0.0004724352760608219
2359,0,0.001759845988917704
2360,0,0.0003060250594449408
2361,0,0.03423061375101624
2362,0,0.024609210324665415
2363,1,0.6114835829352919
2364,0,0.7160951896165507
2365,1,0.7743590562691143
2366,0,0.015271481982715163
2367,0,0.10986130240699728
2368,1,0.6362831091334841
2369,0,8.292129620102681e-05
2370,0,0.015460187395091201
2371,1,0.16296651301958986
2372,0,0.002961866532910953
2373,0,0.0002855140094316257
2374,0,0.04574696200175528
2375,1,0.5442849039417137
2376,0,0.3261200453057396
2377,0,0.12024574622942585
2378,0,0.14899661446609752
2379,0,0.025587275722462225
2380,0,0.5270598770411263
2381,0,0.00010025029587470432
2382,0,0.5449095426608761
2383,0,0.25136838015133345
2384,0,1.9983233377393353e-05
2385,0,0.06391120771549609
2386,0,0.0849634985103111
2387,0,0.06865725025298591
2388,0,0.17998870334864434
2389,0,0.0004750513449191556
2390,0,0.000448929740093209
2391,0,0.10759079505623716
2392,1,0.48112752840549783
2393,0,0.1243203774841468
2394,0,0.044491059178897216
2395,0,0.5943277658819517
2396,0,0.05237372945988845
2397,0,0.06106555778739869
2398,1,0.7172792078244818
2399,0,0.11784929484502335
2400,0,0.00199204344008861
2401,0,0.009430004229804924
2402,0,0.48973393005824617
2403,1,0.7189475486448372
2404,0,0.003912666175384915
2405,1,0.21631373530678402
2406,0,0.0032216587682421345
2407,1,0.41235202539815946
2408,1,0.3502497118195425
2409,0,0.6807015939056551
2410,0,0.02851617885705414
2411,0,0.14562887079112113
2412,0,0.048213423743909724
2413,0,0.010802029182260723
2414,0,0.09046709962230082
2415,0,0.04220317553043735
2416,0,0.0015503234688459635
2417,0,0.05739508715592147
2418,0,0.23494050271059627
2419,0,0.1584892395019247
2420,0,0.024432950271797035
2421,0,0.37461418260288565
2422,0,0.005905515115182334
2423,0,0.0021037136202570663
2424,0,0.3971852609605223
2425,0,0.002131147893983111
2426,0,0.028235409781901342
2427,0,0.133062655132007
2428,0,0.1787013703134121
2429,1,0.4665914708381989
2430,0,0.018372191312631778
2431,0,0.00041056379308888777
2432,0,0.1912673008342439
2433,0,0.05737485199146607
2434,0,0.010973246392304497
2435,1,0.6274659430845635
2436,0,0.34570528173259446
2437,0,0.5008615173635135
2438,0,0.04525823099448192
2439,0,0.4896670888421899
2440,1,0.7277316692801108
2441,0,0.1376624163975382
2442,0,0.028812373884425
2443,1,0.5748868223809543
2444,0,0.01599988931142969
2445,0,0.0039040249044248534
2446,0,0.032216003611555466
2447,0,0.09998791972497417
2448,0,0.028870387408503614
2449,0,0.6227349036464683
2450,1,0.03480408803391369
2451,0,0.0020560756091469535
2452,0,0.3845096284081915
2453,0,0.03890731229910614
2454,1,0.6080387686409188
2455,0,0.1693533043835818
2456,0,0.0049023191957409135
2457,0,0.011153132286047059
2458,0,0.0001963105103721343
2459,0,0.008935293803770599
2460,0,0.43815442410508515
2461,0,0.6081447384870362
2462,1,0.45894148851894956
2463,0,0.16792983967252492
2464,1,0.9215468121244916
2465,0,0.0015613837313900715
2466,1,0.17986052343406078
2467,0,0.8473471736429523
2468,0,0.20778023264324805
2469,0,0.05130371525866013
2470,0,0.6746103205677655
2471,0,0.008613249768967095
2472,0,0.09880860250474915
2473,0,0.12576731022215493
2474,1,0.3179743092244754
2475,0,0.35522821655803405
2476,0,0.005096945228028963
2477,0,0.0016424882407950747
2478,0,0.00656069900391869
2479,0,0.00019960527381879047
2480,0,0.01480992804151098
2481,1,0.40345514865377863
2482,0,0.0004020078183751873
2483,0,0.024718132334194756
2484,0,0.002787652403423052
2485,0,0.5384052657412464
2486,0,0.0001724567678956853
2487,0,0.04781691732444559
2488,0,0.003312644253727763
2489,0,0.04269849387377838
2490,1,0.6502639186102079
2491,0,0.014273619644244884
2492,0,2.6511940034468605e-05
2493,0,0.4877904023501162
2494,0,0.03179693293052434
2495,0,0.3124138342345492
2496,0,0.004729932153318527
2497,0,0.00040363742059731385
2498,0,0.10123361397262656
2499,0,0.012907745342254256
2500,0,2.9591507342280977e-06
2501,0,0.00994043465171188
2502,0,0.003540641888394332
2503,0,0.03271532521373366
2504,0,0.42065008507730633
2505,0,0.0026249191262519844
2506,0,0.4119497149590595
2507,1,0.5080587844377226
2508,1,0.8197068084787409
2509,0,0.31980858699545867
2510,0,0.009273841798629256
2511,0,0.0012326919801702938
2512,0,0.7978362196018711
2513,1,0.5114333120773564
2514,1,0.5881171799725392
2515,0,0.25803104766398866
2516,0,0.8328430463842756
2517,0,0.032091214441440995
2518,1,0.26628992633424026
2519,0,0.05891927467829201
2520,1,0.6936629761475479
2521,0,0.15267679518554864
2522,1,0.742985631453683
2523,0,0.03108735709781999
2524,0,0.1408839612651669
2525,1,0.8941440342493618
2526,1,0.5722346432425047
2527,0,0.004851117086170782
2528,0,0.0052020143962947995
2529,1,0.26749012040343
2530,0,0.06800549800557332
2531,0,0.4648332591107154
2532,0,0.7574173113994143
2533,0,0.019303811401907393
2534,0,0.23915847624543313
2535,1,0.5145434871418124
2536,0,0.014429188959178524
2537,0,0.4585847065809163
2538,0,0.01786918912134157
2539,0,0.08398214161090785
2540,0,0.0031949612889338574
2541,0,0.6065895702397924
2542,0,0.0028528497074484307
2543,0,0.30570740915831784
2544,0,0.007693672691427318
2545,0,0.006983392306678536
2546,0,0.0007087039199607689
2547,1,0.720560292810093
2548,0,0.007616567685453144
2549,0,0.003959468358675422
2550,0,0.19234090767884812
2551,0,0.013050175283649986
2552,0,0.0001949441921904383
2553,0,0.7347525662921469
2554,0,0.0013759650360806541
2555,0,0.09261643480599153
2556,0,0.0002988320854967887
2557,0,0.00047012026147584996
2558,0,0.06565018205397918
2559,0,0.003286974522401021
2560,0,0.022900794498671096
2561,0,0.4316530516776372
2562,0,0.00024496346936769695
2563,0,0.008448237648370435
2564,0,0.16464796672346318
2565,0,1.5971684341611724e-06
2566,0,0.3172996696315973
2567,0,0.0010379447375083578
2568,0,0.0592670417466036
2569,0,0.0006993478680218866
2570,0,0.07679100728710471
2571,0,0.004265042246839949
2572,1,0.9374773884202683
2573,0,0.10288069380735099
2574,0,0.03996640354294795
2575,0,0.00047082849326649244
2576,0,0.03591597886702445
2577,0,0.15124269763727774
2578,0,0.07506875257976278
2579,0,0.023754491667386954
2580,0,0.13346812107727263
2581,0,0.0023205932523719186
2582,0,1.9069255401768196e-06
2583,0,0.01875415391542128
2584,0,0.10812435765024328
2585,0,0.030371511172249555
2586,0,0.0034846143936222715
2587,0,0.01825055669856674
2588,0,0.609350876840732
2589,0,0.0010806456165965584
2590,0,0.24656197094959373
2591,0,7.508205282560291e-05
2592,1,0.6280166086629259
2593,1,0.753677669456252
2594,0,0.3719245178515872
2595,0,1.3824088919830305e-06
2596,0,0.060920131685493595
2597,1,0.1901272363918242
2598,0,0.011658772107772818
2599,0,0.005778946099930911
2600,0,0.0701955170734843
2601,1,0.293537123907465
2602,0,0.18653029351056977
2603,0,0.000177365168694259
2604,0,0.554076028935075
2605,0,0.009770349743015778
2606,0,0.006349467267178637
2607,0,0.018006687042127042
2608,0,0.00019956007371281693
2609,0,0.006389537425206721
2610,0,7.935585215616847e-05
2611,0,0.1771474222620413
2612,0,0.21403096763567403
2613,0,0.006472230985608144
2614,1,0.371613356125328
2615,0,0.02089785682453965
2616,0,0.005606864870998538
2617,0,0.0010921589425844998
2618,0,0.03465900401085317
2619,0,0.0221271881354614
2620,0,2.2400918061828564e-05
2621,0,0.02149127581611236
2622,0,3.055377657956377e-08
2623,0,0.05195644477896212
2624,0,0.22453578972831953
2625,0,0.20854545515236864
2626,0,0.008885543727054593
2627,0,0.008894801345511646
2628,0,0.0006779072804217549
2629,0,0.007049176235867461
2630,0,0.01847590239780086
2631,0,0.002093682676938494
2632,0,0.02432732468997404
2633,1,0.5612906756492215
2634,1,0.6874386540274299
2635,0,0.0006816056389284579
2636,0,0.011282227103637637
2637,0,0.038068861361371914
2638,0,0.05205353709222371
2639,0,0.015105470517538773
2640,0,0.7330239046562298
2641,0,0.00326672962195811
2642,0,0.19500678399066476
2643,1,0.5097603663296661
2644,0,0.0013082551263653712
2645,0,0.0003830106719078468
2646,0,0.008483454813252855
2647,1,0.4057290239874879
2648,0,0.02402983571414383
2649,0,0.001762571503480284
2650,0,0.19147630946650726
2651,1,0.5857393117919211
2652,0,0.06401768431743797
2653,0,0.6399243885631994
2654,0,0.0002221872429947441
2655,0,0.16468613509959967
2656,0,0.19173108182083007
2657,1,0.9060239907999885
2658,0,0.07584280518733245
2659,1,0.6099827759916255
2660,0,0.0006874863613909896
2661,0,1.3218552319585364e-05
2662,1,0.7825241655189822
2663,0,0.24316783993141536
2664,0,0.026759572520601668
2665,0,0.10174838606498196
2666,0,0.09985127725519734
2667,0,0.00040773120123172566
2668,0,0.03602006105918438
2669,0,0.002203742004024261
2670,0,0.000243433247908792
2671,0,0.0021565402347389208
2672,0,3.806060327843506e-05
2673,0,0.0005508977007867692
2674,1,0.6196165976942748
2675,0,0.041541932179996105
2676,0,0.1060365826644052
2677,0,0.002059110610867253
2678,1,0.7167418708492412
2679,0,0.05655420403887557
2680,1,0.6649370476766054
2681,0,0.14851620767281554
2682,0,0.008063238181118476
2683,1,0.49726151270521846
2684,0,0.1283674923704335
2685,0,0.3251958782108763
2686,0,0.45258409575435954
2687,0,0.01840268651626083
2688,0,0.0015568654204488935
2689,0,4.4739414390924474e-05
2690,1,0.6662061015945812
2691,0,0.3802634975979481
2692,0,0.7476231143118077
2693,0,0.6861725343009976
2694,0,0.1484372289866355
2695,1,0.09765032386615706
2696,0,0.0837080627161924
2697,0,0.00144879336910696
2698,1,0.8072352839313472
2699,0,0.0003628625629929893
2700,0,0.03413301713052347
2701,1,0.4387256065598259
2702,1,0.892902237892148
2703,1,0.7506904800865735
2704,0,0.040965122252012987
2705,0,0.0006561024400786236
2706,1,0.21507875744055144
2707,0,0.07707487256585362
2708,0,0.0007176931756763283
2709,0,0.7622501221720143
2710,0,0.43615583499343774
2711,0,0.00015078981902280584
2712,0,0.028504079894530673
2713,1,0.3211484535256045
2714,0,0.07316463289960491
2715,0,0.15893176062482522
2716,0,0.2941781592872642
2717,0,0.44177291674766656
2718,1,0.3322147924168042
2719,1,0.30559616309744003
2720,1,0.8799671996277634
2721,0,0.39125294847095243
2722,0,0.6376190813084063
2723,0,0.3111203695113193
2724,0,0.03695026181223969
2725,0,0.213370624978441
2726,0,0.23919062775014086
2727,0,0.04319550672051299
2728,1,0.5446147746759088
2729,0,0.037380768378898914
2730,0,0.0006939466176693821
2731,1,0.5388816792443639
2732,0,0.7194756131625577
2733,0,6.6567649080464756e-06
2734,0,0.011478130789337453
2735,0,0.41455286676636405
2736,0,5.2087435158169364e-05
2737,1,0.5799358320080398
2738,0,0.006081280594198944
2739,0,0.6332888489997596
2740,0,0.3137853518673955
2741,1,0.33552048151640534
2742,0,0.2350907339983959
2743,1,0.6649102830338192
2744,0,0.0073211072497742415
2745,0,0.12482673062647515
2746,1,0.24263265650792984
2747,0,0.016406949093602016
2748,0,0.036395583341242814
2749,1,0.3596238867268407
2750,0,0.009123319969574748
2751,0,0.003690793713074909
2752,0,0.0011347712029736122
2753,0,0.0007589184435600318
2754,0,0.6807036429482081
2755,0,0.6455894643953736
2756,0,0.3958635134994464
2757,0,4.662730362144773e-06
2758,0,0.003746566616528602
2759,0,0.6243655002009705
2760,0,0.0007109914241782042
2761,0,0.021485091679626655
2762,0,0.0002904299611889583
2763,0,0.00013087554059434603
2764,0,0.023345089548583723
2765,0,0.012662225429471723
2766,0,0.00020777935632513385
2767,0,0.13287177416705712
2768,0,0.2052536528751195
2769,0,0.5725214470530262
2770,0,0.0003724827176638637
2771,0,0.2749260980822358
2772,0,0.00020884454017140302
2773,0,0.0030900697307426135
2774,0,0.007027148596352141
2775,0,0.007889316274691869
2776,0,0.021489484866405728
2777,1,0.9826545735491552
2778,0,0.018844223756052977
2779,0,0.3868672855948354
2780,0,0.348338411985871
2781,0,0.1529864567562486
2782,0,0.0017451771350331879
2783,0,0.11613828433392583
2784,0,0.07652068659383474
2785,0,0.007133306704980254
2786,1,0.8349423541028214
2787,0,0.2726279838262709
2788,0,0.004061003261670884
2789,0,0.021187302716783114
2790,0,0.028846769013615662
2791,0,0.012734948024763711
2792,0,0.4448635958944799
2793,0,0.04921090492141743
2794,0,0.020136630270227513
2795,0,0.022274393195651387
2796,0,0.05891233304083944
2797,0,0.004631163526260516
2798,0,0.20452034275066797
2799,0,0.05812707250898502
2800,1,0.9702546657777182
2801,0,0.2712165129848388
2802,0,0.3943795494009685
2803,0,0.014351724482617756
2804,0,0.002963026439716239
2805,0,0.021826028337130956
2806,0,0.014873853406049568
2807,0,0.0026021755911573444
2808,0,0.4252968794696097
2809,0,0.6927039777785509
2810,0,0.004727202971878532
2811,0,0.001988867148547244
2812,0,0.00022169965744615026
2813,0,0.07278962881313197
2814,1,0.015172604093092706
2815,0,0.10257295010132654
2816,0,0.17489587938433818
2817,0,0.0027093472532052055
2818,1,0.8615428426714107
2819,1,0.611347539819374
2820,1,0.5507074171337993
2821,0,0.00921402746230192
2822,0,0.403848459261504
2823,0,8.94461725151282e-06
2824,0,0.06487575658011953
2825,0,0.0384555546795393
2826,1,0.5093964352989545
2827,0,0.0005821792568533227
2828,0,0.34860456050653243
2829,0,0.00017099040785514778
2830,1,0.564347449627371
2831,0,0.0018104258176711951
2832,0,0.34288994693095975
2833,0,0.06186206770302054
2834,1,0.5625318009599352
2835,0,0.29997134168986195
2836,0,0.009717744884867886
2837,0,0.0007586198170677932
2838,0,0.41443011557409026
2839,0,0.0012363708017780065
2840,1,0.009320866531126622
2841,0,0.0008931627880433119
2842,0,0.06303032986472877
2843,0,0.28279821045502995
2844,0,0.0006113573793855871
2845,0,0.013986825524096873
2846,0,0.009565698520451886
2847,0,0.05444611536943895
2848,0,0.012690829030390859
2849,0,0.0013408574728750663
2850,0,0.0012441127257014604
2851,0,0.010423231792841709
2852,0,0.016875193270206288
2853,0,0.019639627896733926
2854,0,0.309371265973652
2855,0,0.05602001033358748
2856,0,0.03092738444463617
2857,1,0.5131812753855639
2858,0,0.0017757939306466217
2859,0,0.08476885075145375
2860,0,0.019866760658084334
2861,0,0.15890553122428733
2862,0,0.012264066586926066
2863,0,0.24796189417809303
2864,0,0.00029949275968497687
2865,0,0.09943909429757856
2866,1,0.717273901792747
2867,0,0.22644970645076162
2868,0,0.003597422707805444
2869,0,0.004540071959697374
2870,0,0.21863373826241617
2871,0,0.22446417085228917
2872,0,0.2654260173351165
2873,1,0.6667830639026459
2874,0,0.30374272245290396
2875,0,0.0023599844431268354
2876,0,0.5356258914422781
2877,0,0.00024746565025935346
2878,0,0.012417742316025812
2879,0,0.05989268906525484
2880,0,0.5317689087043784
2881,1,0.8792851206280043
2882,0,0.40334438722028754
2883,0,0.002724087766949771
2884,1,0.8729861707562258
2885,0,0.25740174113459374
2886,0,0.01867881957192831
2887,0,0.0011715236631467763
2888,0,0.015503096831402911
2889,0,0.08517606779733024
2890,0,0.340501852213112
2891,1,0.9256480491360477
2892,1,0.5270618669066326
2893,0,0.0013575286875634886
2894,0,0.4965418833792213
2895,0,0.15722197490918097
2896,1,0.6512049607125884
2897,0,0.029809992700641764
2898,0,0.13765164190973317
2899,0,0.03608292863272545
2900,0,0.33756156449571184
2901,0,0.00029279771480932715
2902,0,0.00011151407530493529
2903,1,0.268719633998839
2904,0,0.009442995725633323
2905,0,0.03535683071816263
2906,0,0.08154206727592268
2907,0,0.011802973854176382
2908,0,0.006086546011229783
2909,0,0.10583874105900698
2910,0,0.0025115457309712918
2911,0,0.1104550122953477
2912,0,0.05910320276988991
2913,0,0.09384686605185524
2914,0,0.0247109860927051
2915,0,0.5393252258833364
2916,0,0.17143894196804013
2917,0,0.010161626956482882
2918,0,0.020170664255690304
2919,0,0.4208076573426311
2920,0,0.04334060960424914
2921,1,0.7250175590982162
2922,0,0.005778089721140411
2923,0,0.015202134448928142
2924,1,0.7854224218967161
2925,0,0.0013704368933545653
2926,1,0.15880881415685122
2927,1,0.7622625450649363
2928,0,0.012331912072829193
2929,0,0.013573388074914067
2930,0,0.2957530318739909
2931,0,0.06506600171069732
2932,1,0.8697756441048795
2933,0,0.2726155569822467
2934,0,0.05403121152266402
2935,0,0.9133916886373308
2936,0,0.43448757332114
2937,0,0.04866758276817649
2938,0,0.09554939469637173
2939,0,0.49360715384176357
2940,1,0.5127846771456033
2941,0,0.36400587594065986
2942,1,0.5854117146447273
2943,0,0.00016604072872975083
2944,0,0.019007306232918787
2945,0,0.028204774545572547
2946,0,0.03654742230753808
2947,0,0.017249093961923867
2948,0,0.013347979230562985
2949,0,0.019154147623984097
2950,1,0.4000405203948693
2951,0,2.4457006208253285e-05
2952,0,0.00013741671932804002
2953,0,0.0626420002006692
2954,0,0.07411468055482921
2955,0,0.4252736143671854
2956,0,0.3906702121986054
2957,0,0.0037033450457113317
2958,0,0.19715731709761827
2959,0,0.20131743276411299
2960,1,0.7136293487024333
2961,0,0.5252372997872169
2962,0,0.27668505620145545
2963,0,0.014057102545460493
2964,0,0.11255099139024752
2965,1,0.5472086606973795
2966,0,0.0010608996475085942
2967,0,0.010755823520155514
2968,0,0.07748390825774311
2969,1,0.8027642139466663
2970,0,0.06491859539611654
2971,0,0.01580343722554674
2972,0,0.5505919894525566
2973,0,0.00036337705792339044
2974,0,0.22933623665095432
2975,1,0.5549366132208192
2976,0,0.31545787397692293
2977,0,0.6968863820015582
2978,1,0.7465005426973964
2979,0,0.010145249842049153
2980,0,0.1288703735317158
2981,0,0.3269338893778757
2982,0,0.0048737950523610575
2983,0,0.04322392148445957
2984,0,0.10146676269044448
2985,0,0.007370501783105191
2986,0,0.01083756676238927
2987,0,0.15411535159151477
2988,0,0.4221519767605686
2989,0,0.02207610663000869
2990,0,0.09236426138635238
2991,0,8.774080770127819e-06
2992,0,0.00628865067749569
2993,0,0.17638538354185382
2994,1,0.7055863662549278
2995,1,0.4903066802851364
2996,0,0.0008264124171860929
2997,1,0.4517460929347729
2998,0,0.004158745951051511
2999,0,0.01546060365805085
3000,0,0.060289415666021355
3001,0,0.12199469083948382
3002,0,0.018793456037993372
3003,0,0.002923232818043853
3004,0,0.0007952876560491729
3005,0,0.001529880532308951
3006,0,0.010559052151527184
3007,1,0.8605999353963949
3008,0,0.020578028383968532
3009,0,3.409444002102092e-05
3010,1,0.9106060662864099
3011,0,0.1545862319431314
3012,0,0.00035500085041642273
3013,0,0.48064397414355164
3014,0,0.0004110826705871468
3015,0,0.015626752103475437
3016,1,0.795595122495051
3017,1,0.07130262731568034
3018,1,0.5968750086500842
3019,0,0.00048717400536706237
3020,1,0.6854145608880797
3021,0,0.21805997883191475
3022,0,0.0020912107557475705
3023,0,0.021190215942086615
3024,0,0.037338299309987576
3025,0,7.718256045546095e-05
3026,0,0.1475296318940296
3027,0,0.05506622477345834
3028,0,0.009272007680812365
3029,0,0.018112109649458804
3030,0,7.745441718262087e-05
3031,1,0.547625816731602
3032,0,7.63501795047673e-05
3033,0,0.5031597468926174
3034,0,0.019987951949795992
3035,0,0.012753238414529801
3036,1,0.7773260451777146
3037,1,0.7138658190315126
3038,0,0.06624238889831259
3039,0,0.03362231079530116
3040,1,0.8992351851118967
3041,0,0.0018366573331760696
3042,0,0.001149375806467392
3043,0,0.045402191740017216
3044,0,0.024532208437393375
3045,1,0.8812210246790909
3046,1,0.3611700348383466
3047,0,0.020410687939280813
3048,0,0.024187975166595738
3049,0,0.4466887313935105
3050,0,0.003533089975478482
3051,0,0.012150383097439271
3052,0,0.009241249928182529
3053,0,0.005770626362885399
3054,0,0.6109384949854937
3055,0,0.02121393375711561
3056,0,0.019037541008261924
3057,0,0.0061572995349676975
3058,0,0.2625889582623047
3059,0,0.6580002721627121
3060,1,0.34897887648034603
3061,0,0.011679455087682707
3062,1,0.5440245502826418
3063,0,0.03215803106064704
3064,1,0.8445205666125054
3065,1,0.48533952909858674
3066,0,0.00010606989094039975
3067,0,3.342276918036697e-05
3068,0,0.025024772449498838
3069,0,0.06525815256133181
3070,0,0.29353455547102847
3071,0,0.026648710070742446
3072,0,0.00185536807411113
3073,0,0.11632959211436351
3074,0,0.00017349685680919654
3075,0,0.08773081054179338
3076,1,0.8215415181026487
3077,1,0.31452554549935025
3078,0,0.03610249802343961
3079,0,0.002302973217732359
3080,0,0.05230868767577813
3081,0,0.007268307614685897
3082,0,0.0004941526682173884
3083,1,0.7020337950411516
3084,1,0.6813681438436952
3085,0,0.0014927740960057954
3086,1,0.6078972309926884
3087,0,0.0969755168692937
3088,0,0.4761136638538749
3089,1,0.8744949375762858
3090,0,0.01099755379040542
3091,1,0.6189046871215867
3092,0,0.0007393984640836257
3093,0,0.7478350578691975
3094,0,0.7033818055400777
3095,1,0.945326427123422
3096,0,0.58868384871863
3097,0,0.010544651013866401
3098,1,0.5170034086533305
3099,0,0.040813322987978864
3100,0,0.04085401884409979
3101,0,0.18870006157250802
3102,0,0.0003268735265893331
3103,0,9.222285231190566e-15
3104,0,9.425808386709173e-05
3105,0,0.007324202566072829
3106,0,0.016300002848953082
3107,0,0.018105953682951748
3108,0,5.481356926116395e-06
3109,0,0.0005084923257667862
3110,1,0.7349360925388452
3111,0,0.020647283859138933
3112,0,0.5228578579908255
3113,0,0.0015593978749823116
3114,0,0.5149981431161731
3115,0,0.007782441125322582
3116,0,0.1207908659074915
3117,0,0.0017416660726479096
3118,0,0.0024015923001195543
3119,0,0.0008998837478375263
3120,0,0.0036789979750362035
3121,0,0.0067702719186488475
3122,0,0.014118560318298267
3123,0,0.8585873029396249
3124,0,0.36770338417312864
3125,1,0.8547939703709445
3126,0,0.15962740137081277
3127,1,0.9128720759922959
3128,1,0.3097284675325536
3129,0,5.0661584039659715e-05
3130,1,0.6557790699423015
3131,0,0.14660367647595665
3132,1,0.7469839126343681
3133,0,0.00013986478223195232
3134,0,0.10917777355473783
3135,1,0.6914770078511292
3136,0,0.5780029484510794
3137,0,0.03922070196160562
3138,0,0.03259465947750126
3139,0,0.000176860232791831
3140,0,0.0023758174818414345
3141,0,0.15524940762543135
3142,1,0.645294057402311
3143,0,0.029703510671087095
3144,0,0.01715938719148699
3145,0,0.3817365923642434
3146,0,0.01284261711992111
3147,0,0.002994264333797659
3148,0,0.07331074878534088
3149,1,0.0842149895513929
3150,0,0.029577908651461114
3151,0,0.018077824889613084
3152,0,0.31307163896500034
3153,0,0.016775314801682307
3154,0,0.028609753796616903
3155,1,0.43937690868521845
3156,1,0.5081967576473759
3157,0,0.058058369159994974
3158,0,0.07212910720635486
3159,0,0.0003268355745610079
3160,0,0.20417596835674756
3161,0,0.024850532734961593
3162,0,0.14389701411113998
3163,0,0.09807523971462055
3164,0,0.0001457477462999622
3165,0,0.011383265888652313
3166,0,0.45706256595944295
3167,0,0.005374179047359017
3168,0,6.479022262541407e-06
3169,1,0.7023726047052771
3170,0,0.013167395832556765
3171,0,0.604071890111584
3172,0,0.0027459618176670663
3173,0,0.666837371999116
3174,0,0.000908516913340027
3175,0,0.025677895802043903
3176,0,0.39305815055809795
3177,0,0.0009986590684638152
3178,0,0.04247774662809512
3179,0,0.12864163893194916
3180,1,0.5228067762324793
3181,0,0.20507216759409083
3182,0,0.003304464610550329
3183,0,0.06875099947359195
3184,1,0.587159334248498
3185,0,0.03106506446691768
3186,0,0.0007264900002663573
3187,0,0.32147081010896156
3188,0,0.014281846721939148
3189,0,0.0004238201522076279
3190,0,0.0413284550109275
3191,1,0.08019382145335488
3192,0,0.21933780292861038
3193,0,0.25870076408299864
3194,0,0.005295998644245154
3195,0,0.7545952446615334
3196,0,0.003208287221571575
3197,0,0.7457184783428924
3198,0,0.16586726311389655
3199,0,0.001980936270606537
3200,1,0.8505457386389564
3201,0,0.005431235973288726
3202,0,0.045563128195375
3203,0,0.2525273764994939
3204,0,0.01356622749602803
3205,0,0.00687869459221297
3206,0,0.6814415491498856
3207,0,0.00404569664832202
3208,0,0.0017215327932998423
3209,0,0.29783608485088514
3210,0,0.013177454342355973
3211,0,0.7594990314032376
3212,0,0.00031514862569590894
3213,0,0.1894197498656675
3214,1,0.6676375969554372
3215,0,0.007001060175103151
3216,0,0.17172398338229566
3217,0,0.09774031728912864
3218,0,0.21513612705205276
3219,0,0.003851794179736168
3220,0,0.042490558537319666
3221,0,0.008326400666946659
3222,0,0.17351806262581376
3223,1,0.8064714690276762
3224,0,0.009081150343596928
3225,0,0.05696695481045195
3226,0,0.056267384679303846
3227,0,0.20322994251833923
3228,0,0.024798824056281504
3229,0,0.5761610391851425
3230,0,0.005014920369038809
3231,1,0.08871158541607428
3232,1,0.8830235297728785
3233,0,0.0013531403550916933
3234,0,0.12801593951898577
3235,0,0.010383569223212753
3236,0,0.01862249208074101
3237,0,0.02892871056536324
3238,0,0.004633808263549116
3239,1,0.558866718427626
3240,0,0.0033679390369390533
3241,0,0.00411790309933561
3242,0,0.010863658607161989
3243,0,0.022042894092093555
3244,1,0.9575398517741631
3245,0,0.4880733766131015
3246,0,0.5668901347492242
3247,0,0.08036015153121989
3248,0,0.015250256784198083
3249,0,0.0020450658862457317
3250,0,0.34996840091950177
3251,0,0.005016708668193843
3252,0,0.0007778691424507283
3253,0,0.14538947068361277
3254,0,0.02640345228441114
3255,0,0.008679029658532861
3256,1,0.9132756869216249
3257,0,0.007769873392846116
3258,1,0.2003641223496243
3259,0,0.03739932680704118
3260,0,3.9070732879583196e-05
3261,0,0.04939121325229032
3262,0,0.04650782000148075
3263,0,0.14057244289388424
3264,0,0.0019373045860857183
3265,1,0.6157270999566913
3266,0,0.19101348137019558
3267,0,0.003520111428395648
3268,0,0.33551144240376457
3269,0,0.014927387374346065
3270,1,0.7418613663262021
3271,0,0.09465545775517507
3272,0,0.001990117960419204
3273,0,0.039810806429943876
3274,0,0.012422417033968736
3275,0,3.62237081021236e-05
3276,0,0.22578686819603658
3277,0,0.0008172539210268453
3278,0,1.3432878127823367e-05
3279,1,0.44074584104146053
3280,0,0.0009270695001827705
3281,0,0.0010741609292060342
3282,0,0.016852483721113275
3283,0,0.011241591728517212
3284,0,0.055165410107288794
3285,0,0.08411329210072123
3286,1,0.8214069512157746
3287,0,0.23293646436817947
3288,0,0.21635182852744098
3289,0,0.1718234520213089
3290,0,0.007360362993881991
3291,1,0.7785285903670519
3292,1,0.33429020762148953
3293,0,0.001116089557034719
3294,0,0.09224733879438751
3295,0,0.034310655211040306
3296,0,0.0011782619981161252
3297,0,4.0636980281156105e-13
3298,0,0.002172252828564598
3299,0,0.5558227206640721
3300,0,0.019480736485043976
3301,0,0.0002332602237109442
3302,1,0.1958723265755069
3303,0,0.010405308855074555
3304,0,0.032328097449030216
3305,0,0.014922525729233443
3306,1,0.5117280755059311
3307,0,0.2089227236142172
3308,0,0.23786789660773586
3309,0,0.430322924137094
3310,0,0.013797913781710731
3311,0,0.04478967791312231
3312,0,0.03202920559803249
3313,0,0.007864200139240803
3314,0,0.010188626341929772
3315,0,0.0888876795319615
3316,0,0.10687489523616747
3317,1,0.5008385853203746
3318,0,0.12388518663342932
3319,0,0.24807573486765286
3320,0,0.09467785025258038
3321,0,0.28924009375482435
3322,0,0.048110942775661594
3323,0,0.10195588754759952
3324,0,0.9374498788963909
3325,0,0.00227915615210827
3326,0,0.21993063393801585
3327,0,0.005279669701377254
3328,0,0.000807022230268141
3329,0,0.06125881820941261
3330,1,0.8380533384791294
3331,0,0.02051371069477041
3332,0,0.0019552129381679904
3333,0,0.022777596066668824
3334,0,0.0034326370749027725
3335,0,0.013038901590625254
3336,0,0.26400460518134927
3337,0,0.013793236873549847
3338,1,0.3512543691035973
3339,0,0.11770759864406358
3340,0,0.0001535169563508403
3341,0,0.003655423958353416
3342,0,0.1320142342395617
3343,0,0.22742470872456835
3344,0,0.00252668601942777
3345,0,0.06148681931963132
3346,1,0.5896435077539195
3347,0,0.02150503112206415
3348,1,0.35541922696381684
3349,0,0.2698022500556711
3350,0,0.007189905943528005
3351,0,0.8072458333691436
3352,0,0.5244350075275561
3353,0,0.0006233273216505429
3354,1,0.6625322643042064
3355,0,0.00606830333915702
3356,0,0.005746526477736614
3357,0,0.0004779619006765225
3358,0,0.1973963538943651
3359,0,0.00015210972479992553
3360,0,0.4508738197315445
3361,0,0.17705632585816158
3362,0,0.3275816356149898
3363,0,0.0588213093869557
3364,0,0.0590347899429162
3365,0,0.0011330910814741813
3366,1,0.7085724087864852
3367,0,0.045669269286173694
3368,1,0.37417255297171426
3369,0,0.08030731987216697
3370,0,0.006238543472023237
3371,0,0.011793295439845117
3372,0,0.008013278534654876
3373,1,0.45631609168493276
3374,1,0.6922564030990508
3375,0,0.00019594052452453017
3376,0,0.17091174984930876
3377,0,0.17103593692521196
3378,0,0.00033628477444360555
3379,0,0.12855983883955913
3380,0,0.004889275888241046
3381,0,0.6727026834151575
3382,0,0.0057521361206798825
3383,0,0.34134497181840695
3384,0,0.058244658504140616
3385,0,0.0015844022115107592
3386,0,0.014710490928804805
3387,0,0.007089554495155082
3388,0,0.616253224922854
3389,0,0.04387334378080899
3390,0,0.0953189560999404
3391,0,0.4460826805597003
3392,0,0.6398380439746184
3393,0,0.020235187688256825
3394,0,0.1697921115888364
3395,0,0.08539129434180506
3396,0,0.0003156210757057072
3397,0,0.16903160248506668
3398,0,0.0022040653222895443
3399,0,0.4382242990793825
3400,0,0.0047651907659287795
3401,0,0.174427852306854
3402,1,0.09621650585242336
3403,1,0.1303580696961999
3404,0,0.01503149445774938
3405,1,0.21145338722899001
3406,0,0.07817834403056798
3407,0,0.004624577913260715
3408,1,0.15128040964566733
3409,0,0.11401706981649945
3410,0,0.15496256101318973
3411,0,0.3207558274683814
3412,0,0.0006160393863031138
3413,0,0.05613614346108167
3414,0,0.11592987113358419
3415,1,0.0936715147364277
3416,0,0.003782728792741667
3417,0,0.005576005155861989
3418,0,0.007281674140280321
3419,1,0.5974122477612234
3420,0,0.008227563475157053
3421,1,0.6261050737623953
3422,0,0.0029068938592676785
3423,0,0.04788320027762367
3424,0,0.002179127896257065
3425,0,0.5419660674265099
3426,1,0.43841324955770916
3427,0,0.044650463694012904
3428,1,0.1061942929009403
3429,1,0.08307780114817206
3430,0,0.017325073464359343
3431,0,0.004915129265334688
3432,0,0.009738459963611975
3433,1,0.7222860801519988
3434,0,0.008824766730900612
3435,0,0.007414471643940596
3436,0,0.29618900387488906
3437,0,0.0007801088596324098
3438,0,0.0004787606131862209
3439,0,0.047570889341382386
3440,0,0.26577008535344704
3441,0,0.030530990577143053
3442,0,0.10419334042462397
3443,0,0.2865196239636435
3444,1,0.6644181134369017
3445,0,0.011015667367857045
3446,0,0.028386182151044933
3447,0,0.009609970307267394
3448,0,0.08066941403323524
3449,0,0.04622528611455852
3450,0,0.17729538279387774
3451,0,0.0009451037873457268
3452,0,0.24650629987334663
3453,0,0.006445119960588465
3454,0,4.893265293811103e-06
3455,1,0.8975425777871318
3456,0,0.060705199634781465
3457,1,0.2280370625386862
3458,0,0.25823781396400086
3459,0,0.06675619774271166
3460,0,0.1288017788860711
3461,0,0.016485320571257355
3462,0,0.008111868582131664
3463,1,0.3145804837499704
3464,0,0.010163896969846445
3465,0,0.30264145007151894
3466,1,0.7947975713586953
3467,1,0.523500534261799
3468,1,0.042476245197981495
3469,1,0.3749421428983495
3470,0,0.05971986363245452
3471,0,0.26229429241423735
3472,0,0.010160471420098141
3473,0,0.37519729053893536
3474,0,0.5033066099926612
3475,0,4.311895763482283e-17
3476,0,0.41970151057221095
3477,0,0.8306613168213003
3478,0,0.14055584632035495
3479,0,0.4635145317176468
3480,0,0.2862521011760375
3481,0,0.013891860836701157
3482,0,4.1509431742843494e-06
3483,0,0.006963998979296583
3484,0,0.006181650910829047
3485,1,0.6327801591563211
3486,0,0.0012549690015101638
3487,0,0.06531349983309892
3488,1,0.32484074868587687
3489,1,0.5278858525303719
3490,0,0.002653289831593992
3491,1,0.5054555084503722
3492,1,0.3865424832134572
3493,0,0.0903117941975392
3494,0,0.00033189016341246536
3495,0,0.035144702739987384
3496,0,0.02692685174076281
3497,0,0.14245277962013658
3498,0,0.03386465617767508
3499,0,0.4628808680604306
3500,1,0.41433134428190116
3501,0,0.0011557148793039686
3502,0,0.25323576694244343
3503,0,5.342130124237492e-05
3504,0,0.14009943910961017
3505,0,0.43383604694752564
3506,0,0.265022435305935
3507,1,0.34165328050154786
3508,0,0.478643219530675
3509,0,0.0008725422772823923
3510,1,0.7554835434745448
3511,0,0.0005090161686127695
3512,0,0.02457775366546375
3513,1,0.847122393139013
3514,0,0.00017603982788438584
3515,0,0.011448538619456836
3516,0,0.005588298339749185
3517,0,5.056782593154623e-05
3518,0,0.0017576275149882644
3519,0,0.37384616076786215
3520,0,0.06684474303531933
3521,0,0.03493934348271897
3522,0,0.015974729853269875
3523,0,0.0043878731256470575
3524,1,0.2112880782343303
3525,0,0.0013679590916027774
3526,0,0.24129802126182665
3527,0,0.26511231973980354
3528,0,0.8382632619444845
3529,1,0.37396572921840937
3530,0,8.534705949527151e-05
3531,0,0.04606662823499832
3532,1,0.34350126613483395
3533,0,0.04270461159929967
3534,0,0.001064341121341646
3535,1,0.49021707248754726
3536,0,0.030985184147370327
3537,0,0.07939256812335611
3538,0,0.33923115942326654
3539,0,0.5454494489041549
3540,0,0.09691795248006313
3541,0,0.7064912835552813
3542,0,0.0012194244540709967
3543,1,0.2062972751608731
3544,0,0.0876889006782258
3545,0,0.47403791568227305
3546,0,0.015278019064987769
3547,0,0.0020200664064000044
3548,0,0.07714423435277941
3549,0,0.1218300305739974
3550,0,0.13666892282686804
3551,1,0.4234390959950844
3552,0,0.0005956310939852191
3553,0,0.7461798718523215
3554,0,0.007427011993220141
3555,0,0.09091175022229185
3556,1,0.10713633374856082
3557,0,0.023300964739731894
3558,0,0.027654156709962276
3559,0,0.22476100831514811
3560,0,0.17253924857058198
3561,0,0.0008336316168964835
3562,1,0.8269306651223618
3563,0,0.09079583864205312
3564,0,0.02777901651232992
3565,0,0.01890292657934621
3566,0,0.8623783872799838
3567,1,0.8008354127021041
3568,0,0.0026905128824795013
3569,0,0.00015393716496180172
3570,0,0.08207458074683735
3571,0,0.6143655788540491
3572,0,0.01970235726159144
3573,0,0.6867451896284134
3574,1,0.4949381884164579
3575,0,0.02013090722821088
3576,0,0.0017581419852045397
3577,0,0.011849071070611705
3578,0,0.15449248993532078
3579,0,0.47268750672228166
3580,1,0.5691147444141681
3581,0,0.1401306138490739
3582,0,0.058050368020417686
3583,0,0.16580310857242284
3584,0,0.27614799287843284
3585,1,0.08122949486639844
3586,0,0.007606435699327904
3587,0,0.08391151114570691
3588,0,0.015147242971079247
3589,1,0.6952221348011155
3590,1,0.028280559163158612
3591,0,0.018284746476978468
3592,0,0.04834825468884741
3593,0,0.005136015692839274
3594,0,0.003828024351698435
3595,1,0.9090142289477564
3596,0,0.012833611944063253
3597,1,0.5477688777784341
3598,0,0.017102891722880795
3599,0,0.2758757821951466
3600,1,0.6216199142723103
3601,0,0.05760995198642506
3602,1,0.2870285731934769
3603,0,0.010130546418497208
3604,0,0.0027985691571933437
3605,1,0.3535847729026206
3606,0,0.0014038032778459113
3607,0,0.2379680819706182
3608,0,0.020732481695992296
3609,0,0.29490808866325485
3610,1,0.6359474502857285
3611,1,0.5849563726245594
3612,1,0.8260380474128263
3613,0,0.036902618581471
3614,0,0.9206528198089973
3615,0,0.8046801736811156
3616,1,0.13424510293066477
3617,0,0.2983289713591976
3618,1,0.6528183676653314
3619,0,0.015118941585915431
3620,1,0.7372068364195443
3621,0,8.224095721076613e-05
3622,0,0.00205369301290837
3623,0,0.0065518623277662615
3624,1,0.8558641873085452
3625,0,0.11850406331441485
3626,0,0.14674115649337607
3627,0,0.0029706147882107826
3628,0,0.6478107668642319
3629,0,0.2635383089123211
3630,0,0.16665762270841278
3631,0,0.003438451565160751
3632,0,0.0012596278183492054
3633,0,0.0675833927370842
3634,0,0.00026057667933110097
3635,0,0.057546841235406966
3636,0,0.0016534079924639667
3637,0,0.00015890748017746798
3638,0,0.24535605044546557
3639,0,0.012128347319880882
3640,0,0.365133410016216
3641,0,0.16833134500032915
3642,0,0.0027154221362571617
3643,0,0.007740639728835167
3644,0,0.5436678037007527
3645,0,0.0002665494231858156
3646,0,0.006643097045016637
3647,0,0.42919236088238427
3648,0,0.04119267759954701
3649,0,0.2927783888328721
3650,0,0.7292760214770265
3651,0,0.21547802199378846
3652,0,0.01791534960468744
3653,0,0.0035330219143668313
3654,0,0.13145308944889988
3655,0,0.006579012167926723
3656,0,0.0008817832082272591
3657,0,0.0021641160770901747
3658,1,0.8747071636470439
3659,0,0.0963610225958858
3660,0,0.006600558012494674
3661,0,0.010071195984874923
3662,0,0.0013588292034302843
3663,0,0.003989939461340796
3664,1,0.2882630988546457
3665,0,0.6692466328551525
3666,0,0.0004045754834553611
3667,0,0.0002058335789391496
3668,0,0.00197902387951157
3669,0,0.0050040782430200055
3670,0,0.2457857308517037
3671,0,0.14709828453622675
3672,0,0.027590311474081936
3673,0,0.0823889573892909
3674,0,0.06793545447691217
3675,1,0.8170954129581023
3676,0,0.10850609490257002
3677,0,0.23773957605199317
3678,0,0.01319762147309261
3679,0,0.0007243752802875398
3680,1,0.8506067114131849
3681,1,0.03948173303429277
3682,0,0.35967537351789564
3683,0,0.4213004478520361
3684,0,0.2978641337411848
3685,0,0.4957248162099737
3686,1,0.18553077235151913
3687,1,0.26223432682483794
3688,0,0.03124055066903204
3689,0,0.007339459307941037
3690,0,0.09210252504515666
3691,0,0.00641961448513722
3692,0,0.00027728411719639477
3693,0,0.015342230351592852
3694,0,0.10133076048964586
3695,1,0.3183191823574192
3696,0,0.03335828564244118
3697,1,0.7127409681240215
3698,0,0.021830801174927177
3699,0,0.40036951970467605
3700,1,0.11395174837071001
3701,0,0.2470882208055195
3702,0,0.299237399906835
3703,1,0.15395038915182463
3704,0,0.20624701980829657
3705,0,2.3278528343280065e-05
3706,0,0.00012208900879038585
3707,0,0.012249951007749067
3708,0,0.15988658612292428
3709,0,0.011788191542454016
3710,0,0.7316692773819444
3711,0,0.0010264465518239599
3712,0,0.0007668665186706811
3713,0,4.191983462084352e-06
3714,0,0.025317639174833963
3715,0,0.42118501619913495
3716,0,0.0010628942533136582
3717,1,0.40926155816791876
3718,0,9.538032314374921e-07
3719,0,0.051572097041103854
3720,0,0.008130981628132266
3721,0,0.015858437004614638
3722,0,0.0042791899212946
3723,0,0.5430107747832439
3724,0,0.0007658652375560188
3725,0,0.0012055067274546831
3726,0,0.0002581509900787058
3727,0,0.003084844869309231
3728,0,0.35529038031791305
3729,0,0.0003718339388015203
3730,0,0.0001800742928420999
3731,1,0.3650584491477525
3732,0,0.6783844936239087
3733,0,0.3811460130996162
3734,1,0.2218813310351855
3735,1,0.8888564608464099
3736,0,0.00018007968606496567
3737,0,0.010533887449746199
3738,0,0.0027156151119001686
3739,0,0.1299853283612857
3740,1,0.4376565894410598
3741,0,0.007862417182112334
3742,1,0.7185542006093163
3743,0,0.009714026914697096
3744,0,0.000312531550143667
3745,0,0.000366261471026264
3746,0,0.009608777835387744
3747,0,0.015704675010224534
3748,0,0.008579027092913036
3749,0,0.25464642725598546
3750,1,0.6158576988222499
3751,0,0.0035743335034225414
3752,0,0.003914431789914211
3753,0,0.09009108330364511
3754,0,0.03971756782447581
3755,0,0.004039788394428096
3756,0,0.004679314883567417
3757,0,0.6230254230887797
3758,1,0.21526854143376523
3759,0,3.541967546189842e-05
3760,0,0.0014051174735873377
3761,0,0.0006998255726355752
3762,0,0.5360201248223057
3763,0,0.027269120076550867
3764,0,0.22244828187375434
3765,0,0.07498865945742363
3766,0,9.405354566815326e-05
3767,1,0.7416911138286008
3768,1,0.31570150704370425
3769,0,0.012357980023022545
3770,0,0.01437992757874014
3771,0,0.00048371332311905835
3772,0,0.0005190060164476493
3773,0,0.014214660215098398
3774,0,0.048893931785576036
3775,0,0.007979203762881358
3776,0,0.00044576749146446213
3777,0,0.0002189791086420701
3778,1,0.9329761983587904
3779,0,0.026947952064575592
3780,1,0.8363242851049233
3781,0,0.0007834126576312724
3782,0,0.1792902345080104
3783,0,6.20542517605724e-05
3784,0,0.4614598910786203
3785,1,0.7970449268758325
3786,0,0.2583972538204783
3787,0,0.006464052102756759
3788,0,0.44408949549040677
3789,0,0.002052990562759574
3790,0,0.2556690067283119
3791,0,0.07932203011836705
3792,0,0.004044244076035765
3793,0,0.0006430334815065501
3794,0,0.1107329169491485
3795,0,0.05099873728332178
3796,0,0.002618903650761098
3797,0,0.03953919855244388
3798,0,0.008297599505175982
3799,0,0.0032262504556366846
3800,0,0.04563754001745766
3801,0,0.6596861019282382
3802,0,0.3934057041552463
3803,0,0.0005595960147104232
3804,0,0.03495498148596386
3805,1,0.8057524237565462
3806,0,0.2079250423661563
3807,0,0.048672263672172894
3808,0,0.10237203349555435
3809,0,0.000533624643682601
3810,0,0.10510928719736322
3811,0,5.385966656874928e-05
3812,0,0.0024557638045891064
3813,0,0.36956287178989544
3814,0,0.06012491628925194
3815,0,0.0018623521563171236
3816,0,0.0008875114103909605
3817,0,0.025300363598738062
3818,0,5.194433090987839e-06
3819,0,0.4544111332299595
3820,1,0.36153946416447036
3821,0,0.1865970433117769
3822,1,0.362713730164014
3823,0,0.042367261506397844
3824,0,0.33174157124949005
3825,0,0.5468001549237267
3826,0,0.06011659045391271
3827,0,0.07450166477173245
3828,0,0.058511190540185685
3829,0,0.4536623780834849
3830,0,0.4998652291865302
3831,0,0.0003367105583267859
3832,0,0.020937291283444934
3833,0,0.15665168629004986
3834,0,0.13877927538729243
3835,0,0.03510040831978115
3836,0,0.02307660692553115
3837,0,0.0008774531747502096
3838,1,0.6653329851683115
3839,0,0.09190432525817875
3840,0,0.056906826316218316
3841,0,0.0009577924641755605
3842,0,0.11519257028822948
3843,0,0.0018175167944415465
3844,0,0.11088501294226463
3845,0,2.9468847828669003e-06
3846,1,0.5799194403572057
3847,0,0.5382022308677349
3848,0,0.012738421953228229
3849,0,0.0708248078469355
3850,0,0.09666638945427111
3851,0,0.10172749587717325
3852,0,0.013872358893991552
3853,1,0.5911340292309067
3854,0,0.00831006894486482
3855,0,0.018942798399831977
3856,0,0.010506309187115677
3857,0,0.026389894330073656
3858,0,0.0002927023251081965
3859,0,0.27121360436009345
3860,0,0.0018750106528750252
3861,0,0.35513312864015073
3862,0,0.00154490807166467
3863,1,0.6658689059036733
3864,0,0.03902953418274963
3865,0,0.0018892059648994539
3866,0,0.49602544898563367
3867,0,0.06858214332767117
3868,0,0.006410711991999545
3869,0,0.03687310526585552
3870,0,0.1715365061509956
3871,0,0.001603996927800805
3872,1,0.7054159883029002
3873,1,0.5995209793486885
3874,0,0.004983976298955381
3875,0,0.00978982912813305
3876,0,0.024441032072169817
3877,0,0.4157472483256441
3878,0,7.18515526198742e-05
3879,0,0.004914201880833276
3880,0,0.028477585642000407
3881,0,0.04378802730114915
3882,0,0.3705538386772758
3883,0,0.5651078119991437
3884,1,0.6905613831102203
3885,0,0.014358480754877175
3886,0,0.029242570261711478
3887,0,0.8468308885093961
3888,0,0.0019384149647209252
3889,0,0.0001282173420218523
3890,0,0.0009468722982910087
3891,1,0.8730910746534181
3892,1,0.6689081490734949
3893,0,0.6153016529653754
3894,0,0.02167957400070355
3895,0,0.5700226092291335
3896,0,0.004533043550614069
3897,0,0.07124772927691987
3898,1,0.806221419268091
3899,1,0.7701924189109839
3900,0,0.018822224199849486
3901,1,0.7960512016155192
3902,0,6.463503397250135e-05
3903,0,0.12417217687509408
3904,0,0.006418935425217508
3905,0,0.0013307992997426603
3906,0,0.00835230853443513
3907,0,0.00304755228067448
3908,0,0.2055801417492754
3909,0,0.5078961274925334
3910,1,0.30279282697924464
3911,0,0.0005070631460976262
3912,0,0.0006831514891731655
3913,0,0.3723574252865018
3914,0,0.10272311320662654
3915,1,0.5267296939368854
3916,0,0.007684915313413672
3917,0,0.011724440759138562
3918,0,0.053052830353122436
3919,0,0.2105484420021516
3920,0,0.4246791344670975
3921,0,0.0024937643650060695
3922,0,0.36211823084028893
3923,0,0.19599266925489273
3924,0,0.02470808591351483
3925,0,0.015127094150370581
3926,0,0.00019081600393314045
3927,1,0.7053043211411998
3928,0,0.38142083417921024
3929,0,0.00016313974417676218
3930,0,0.9045344851093611
3931,0,0.06969324377102228
3932,0,0.24881245660980067
3933,0,0.014603487056144504
3934,0,0.023867488383437437
3935,0,0.0004146024842693031
3936,0,0.011706706125130648
3937,0,0.1881878340179504
3938,0,0.016135176787744256
3939,0,0.6947185701679145
3940,0,0.00016668031490134493
3941,0,0.01060378387924168
3942,0,0.0002294999039611282
3943,0,0.02050893615725666
3944,0,0.022732227775441635
3945,0,0.004628611480361485
3946,0,0.1471673012131712
3947,0,0.0045731387882590605
3948,0,0.01626158068242542
3949,0,0.014317107394689102
3950,0,0.038921183525221434
3951,0,4.785014888441549e-05
3952,0,0.6508434554995169
3953,0,0.5712129997390258
3954,0,0.08019039202786252
3955,0,0.2255191002303145
3956,0,0.036393218099846365
3957,0,0.0012168144835103336
3958,0,0.0069102822417951475
3959,1,0.5168152884958388
3960,1,0.7044303008294486
3961,1,0.7404658739342652
3962,0,0.4225695625232013
3963,0,0.022724517370784642
3964,0,0.0010564741841716083
3965,0,0.06912996083783904
3966,0,0.026776645567982826
3967,1,0.4720511127024471
3968,0,0.007934344059140678
3969,0,0.0766974872268945
3970,0,0.2862596753202761
3971,0,0.007384164661365347
3972,1,0.7182382701169938
3973,1,0.7730255796319885
3974,0,0.0019300246484104363
3975,0,0.07106077542658724
3976,0,0.0005288629421884614
3977,0,0.5453882393084524
3978,0,0.0008936897277235029
3979,0,0.5622305768457971
3980,1,0.6900857735374202
3981,1,0.28751838752931524
3982,0,0.002587322385926657
3983,1,0.6895439176502034
3984,1,0.36952725248642077
3985,0,4.793432736487156e-05
3986,0,0.5554437911507623
3987,1,0.6645738767913766
3988,1,0.5618722929939145
3989,0,0.550384217368938
3990,0,0.5907893225454889
3991,0,4.970182999914588e-06
3992,0,0.12417551690975469
3993,0,0.11912993582256948
3994,0,0.0029788047065791444
3995,0,0.01827592740241202
3996,0,0.08682897099993647
3997,0,0.3149257761520932
3998,0,0.2737400849574293
3999,0,0.00039623787813242015
4000,0,0.6819831319858619
4001,0,0.10968939270210339
4002,1,0.682855837782146
4003,1,0.33319998653132094
4004,0,0.0008689640639551936
4005,0,0.00039221881680111845
4006,0,0.31518766156327316
4007,0,0.14737773349380892
4008,0,0.013843487292577224
4009,0,0.10546497147012293
4010,0,0.25312771922191474
4011,0,0.00039400868947100893
4012,0,0.015792128912098552
4013,0,2.365809468431111e-06
4014,0,0.003574391902168516
4015,0,0.020579352113519765
4016,0,0.03663742095802881
4017,0,0.01781522116860194
4018,0,0.003948841690974362
4019,1,0.48311091869586903
4020,0,0.03671911337317855
4021,1,0.850274663467102
4022,0,0.0007659244140495293
4023,0,0.027906273311694128
4024,0,0.0007208878990914231
4025,0,0.3115861900622844
4026,0,0.10170031194714206
4027,1,0.9437306113239707
4028,0,0.4412788355938185
4029,0,0.2336462525723174
4030,0,0.0017023625883169152
4031,1,0.7813336216628352
4032,0,0.013184096873769915
4033,0,0.0014972803006981046
4034,0,0.005466315437205053
4035,0,0.001847010481281794
4036,0,0.031049270288068295
4037,1,0.8854021767461078
4038,0,0.002877333352088774
4039,0,0.028815921675905097
4040,0,0.9141039899701332
4041,0,0.40682727618103925
4042,0,0.01289815349235788
4043,1,0.4541703316569368
4044,0,0.00027572951383713463
4045,0,0.002397441010086273
4046,1,0.5460916782216189
4047,0,0.013784567701490823
4048,0,0.12146852038702952
4049,0,0.5487804445073302
4050,0,0.016461795260701507
4051,1,0.2364031436191752
4052,0,0.05200195633277776
4053,0,0.00020821138053383345
4054,0,0.0053353730442199316
4055,1,0.5065353380860965
4056,0,0.0006923327560008629
4057,1,0.7963827692567573
4058,0,0.024195349498397235
4059,1,0.12786888529375048
4060,0,0.3779780231447488
4061,0,0.006561765993257126
4062,0,0.26376919037984914
4063,0,0.00010044824273868763
4064,1,0.617437739207252
4065,0,0.007890762790089814
4066,0,0.0073231157985368615
4067,1,0.6405841129701875
4068,0,0.007142868952893098
4069,0,0.002087433949772387
4070,0,0.0022070609076535693
4071,0,0.031906375668578214
4072,1,0.6930579662084154
4073,0,0.33613138474883575
4074,0,0.20222481910250584
4075,0,0.39457305408909843
4076,0,0.0935364075877948
4077,0,0.13103537702900245
4078,0,0.03317557967276086
4079,0,0.02800322318920499
4080,0,0.004486482852473187
4081,1,0.18411141854035032
4082,0,0.6920271960817485
4083,0,0.08779025175083531
4084,0,0.00030542934768376645
4085,1,0.5449911827262782
4086,1,0.8855297920829357
4087,0,8.569395426391604e-06
4088,0,0.0038603058160705025
4089,0,0.00248076932086963
4090,0,0.009245026919666773
4091,0,0.045402732161780354
4092,0,0.7403294377667907
4093,0,0.08887531387991572
4094,0,0.08645820962000193
4095,0,0.029018725562502658
4096,0,0.000612448457611184
4097,1,0.3815049087991891
4098,0,0.013878112036620252
4099,0,0.010936249173358727
4100,0,0.24349426356488993
4101,0,0.0016640765877694282
4102,0,0.01579265971746833
4103,0,0.008884088145712881
4104,0,0.15940653415220704
4105,0,7.12595410971788e-05
4106,0,0.0025530893289447015
4107,0,0.014928863120846875
4108,0,0.020001103658383246
4109,0,0.18249889775075845
4110,1,0.8507718287276721
4111,1,0.2679024208016693
4112,0,0.3387099176647188
4113,0,2.1288810591486752e-05
4114,1,0.8732162813700006
4115,0,0.0022303503665692444
4116,0,0.15327731787218196
4117,0,0.08473117933659244
4118,0,0.43413606144603933
4119,0,0.32534351559447067
4120,1,0.8303613123779737
4121,0,0.012445872314397652
4122,0,0.14167013072850196
4123,0,0.08977536060899656
4124,0,0.0034966797460711774
4125,0,0.11219018763370862
4126,0,0.00043662382597937704
4127,0,0.13325385044511537
4128,0,0.03339844185095928
4129,0,0.003935294544831446
4130,0,0.049355313791772104
4131,0,0.6746474992748958
4132,0,0.21284665327588717
4133,0,0.00038980986156318334
4134,0,0.2207396068294838
4135,0,0.005743145855928347
4136,0,0.0007816613083904799
4137,0,0.2157964331609967
4138,0,0.002352953511703126
4139,0,0.00508729312540058
4140,0,0.013760540884304432
4141,0,0.0009518010216309927
4142,0,0.006148740362049375
4143,0,0.2855544567546179
4144,0,0.0006648267185023525
4145,0,0.39935035835550464
4146,1,0.7480735376830221
4147,1,0.6226987217356832
4148,0,0.00884797954627351
4149,1,0.42918864704098636
4150,0,0.00746512015060042
4151,0,0.02005155626801293
4152,0,0.115755480786198
4153,1,0.2528685259062994
4154,0,0.00367862216903286
4155,1,0.7637934270550584
4156,0,0.0010085537399891326
4157,0,0.004255548677326841
4158,1,0.8501730961053293
4159,0,0.00024822582359175586
4160,1,0.7441803940254139
4161,0,0.12508319708928173
4162,0,0.00099226898545028
4163,0,0.009231767123103822
4164,0,0.048259113732325117
4165,0,0.0004535228855174145
4166,0,3.814807262600997e-06
4167,0,0.10669215101454756
4168,0,0.0007476618979393994
4169,1,0.48639664128167504
4170,1,0.756930037804391
4171,0,0.34249818310494456
4172,0,0.13449541867954923
4173,0,0.14762355737225696
4174,0,0.0009363688266402858
4175,0,0.1670555157872909
4176,0,0.005281812138469582
4177,0,0.000801938296619652
4178,0,0.01173394460820406
4179,0,1.090431208642215e-05
4180,0,0.10448858817733823
4181,0,7.346706830199272e-05
4182,0,0.4064221728102184
4183,0,0.01052692424378327
4184,0,0.021179790825964412
4185,0,0.005961208061296421
4186,0,0.09221742976923118
4187,1,0.7000071022623469
4188,0,0.12781713976640752
4189,0,0.5796941313823506
4190,0,0.23712623239337244
4191,0,0.002271471534013863
4192,0,0.23175169894490164
4193,1,0.6671146875909333
4194,0,0.0015300982249899584
4195,0,0.6217229190929925
4196,0,0.1680271295245576
4197,0,0.044288715488213504
4198,1,0.8656667047891031
4199,0,0.12244769546638018
4200,1,0.6040352555232843
4201,0,0.16172398347401992
4202,1,0.28406755034440345
4203,0,0.5701587611826459
4204,0,0.11775850142044493
4205,0,0.4220275871646817
4206,0,0.0005357099274023376
4207,0,0.020287258597659886
4208,0,0.011714208654141868
4209,1,0.8775537150264462
4210,0,0.06884099755924666
4211,0,0.006888926761861162
4212,0,0.013371901590903418
4213,0,0.0003366058342109125
4214,0,0.1310028248975384
4215,0,0.3965963510702548
4216,1,0.30135969816124963
4217,0,0.0005125065352060431
4218,0,0.11259596232272119
4219,0,0.230954572629749
4220,0,0.00244932348343078
4221,0,0.2681260056923833
4222,1,0.07554200530954307
4223,1,0.8127719145586023
4224,0,0.0097756602818089
4225,0,0.061182439500087366
4226,0,0.0027103516391981525
4227,0,0.0005621803724506688
4228,0,0.10567112281547224
4229,0,0.0179497711423935
4230,0,0.011867468514492815
4231,0,0.006287854220166776
4232,1,0.8443847022180494
4233,0,0.019362819817514552
4234,0,0.01030043344632138
4235,0,0.5416283610140193
4236,1,0.6605881867175679
4237,0,0.053358347567783015
4238,1,0.12791932545414822
4239,1,0.7695619504107544
4240,1,0.8098864265551624
4241,0,0.2363048335083599
4242,0,0.0008732053574915227
4243,0,0.008321102287638906
4244,0,0.3301759914871116
4245,0,0.008257635164490525
4246,1,0.5113140433927227
4247,0,0.00896978931077826
4248,0,0.11362969359538473
4249,1,0.10612229137466048
4250,0,0.03814709866915808
4251,1,0.18490980019531503
4252,1,0.8956790190854172
4253,0,0.06931868417868292
4254,1,0.15798760441169732
4255,0,0.0019685798295909747
4256,0,0.08259034637346417
4257,0,0.00315264154194844
4258,0,0.5502498550890939
4259,0,0.005823944770897877
4260,0,0.0818152757843268
4261,0,0.056279764162428136
4262,0,0.013146052888490236
4263,0,0.021213405890992222
4264,0,1.9542240495929575e-05
4265,0,0.00029304861447252214
4266,0,0.8252153312961329
4267,0,0.016620219817963508
4268,0,0.5032747628308452
4269,0,0.019233334636456118
4270,0,0.024653285295704125
4271,0,0.019357241804681846
4272,0,0.0028428163898531703
4273,1,0.3001543831616164
4274,0,0.001827013014413956
4275,0,0.010621852937112401
4276,0,0.25853403752515725
4277,0,0.7649514659498716
4278,0,0.006854579023713264
4279,0,0.159153586232508
4280,1,0.8984276676669235
4281,0,0.0009271056842337572
4282,0,0.00023034169704474585
4283,1,0.8802119043038664
4284,1,0.6098074131352306
4285,0,0.0900201136169517
4286,0,0.08670692658703658
4287,0,6.66335108930655e-05
4288,0,0.008567721545855694
4289,0,0.08874632437634637
4290,0,0.07318940910133882
4291,0,0.0019277578368981057
4292,0,0.03552342085655879
4293,0,0.003999235167882404
4294,0,0.005212907144007056
4295,1,0.3398157753757459
4296,0,0.0005521761110948734
4297,0,0.09064040273175669
4298,1,0.787159595479001
4299,1,0.32207409798651104
4300,1,0.36839883675339685
4301,0,0.0003024038859694977
4302,0,0.0003429166703887853
4303,0,0.06256298736040122
4304,0,0.0011670163108266976
4305,0,0.0013804977125076118
4306,1,0.8004456318007036
4307,0,0.0053941322548047245
4308,0,0.00028638720665432433
4309,0,0.007941593401253803
4310,0,0.03602625994987817
4311,0,0.7752658387811132
4312,0,0.0054269305234825845
4313,0,0.024034928821196216
4314,0,0.0005498709584367162
4315,0,0.006871313633375259
4316,0,0.7010034269872838
4317,0,0.06274380299824267
4318,0,0.0003361476236369585
4319,0,0.0719346545050365
4320,0,0.7506071802612525
4321,1,0.8321875734904723
4322,0,0.0014695668739979173
4323,0,0.003246000984416422
4324,1,0.5281284580730863
4325,0,0.3579862326370429
4326,0,0.19182052159244395
4327,1,0.5427814821951175
4328,0,0.026337794828987973
4329,1,0.20171065083452377
4330,1,0.8685973294548839
4331,1,0.7765818246884078
4332,0,0.012555486681113547
4333,1,0.1797542107935989
4334,1,0.5213835093236849
4335,0,0.020383516641374153
4336,0,0.0001780316545508378
4337,0,0.023688250616249316
4338,0,0.03572290798305615
4339,0,0.07693753001375225
4340,0,0.08631672078183376
4341,0,9.665246859080001e-05
4342,0,0.0710009118650689
4343,0,0.002542830724147847
4344,0,0.004408698613162702
4345,1,0.21200226461400432
4346,0,0.15924785843253406
4347,0,0.036198352199132595
4348,0,9.757783003943414e-05
4349,0,0.010094627092637701
4350,1,0.6719659034577466
4351,0,0.03696958840242276
4352,0,0.3186938982698385
4353,1,0.5781904820846049
4354,0,8.211351100913714e-05
4355,0,0.6081086929711744
4356,1,0.00981330453159294
4357,0,7.571627560550421e-06
4358,0,0.47877151866415324
4359,0,0.6180458375154436
4360,0,0.03158660374644852
4361,0,0.03505179973915572
4362,0,0.04212989239764347
4363,0,0.01408899010516922
4364,1,0.6585620268829894
4365,0,0.08239181060379458
4366,0,0.06996064135835658
4367,1,0.42681573106974174
4368,0,0.04387317392730396
4369,0,0.670161269355524
4370,1,0.8093142627314356
4371,0,0.0013271275943572297
4372,1,0.6144670892870547
4373,0,0.000366508880100937
4374,0,0.3965204810326564
4375,1,0.8274160700666585
4376,0,0.0027660370823975296
4377,0,0.23984795053772506
4378,0,0.11602689398472103
4379,1,0.5948425010792454
4380,0,0.4990924243524359
4381,0,5.3255390202388735e-05
4382,0,0.20472371209518192
4383,1,0.6762351617917696
4384,0,0.035486114797431856
4385,0,0.7483110927443082
4386,0,0.005093703788170127
4387,0,0.0005101601268582865
4388,0,0.11429325635029818
4389,0,0.0012738802883676464
4390,0,0.001783111066763717
4391,0,0.016382217001308905
4392,0,0.002962740862488978
4393,0,0.0053929776741279195
4394,1,0.03236160237566533
4395,0,0.039932859629998776
4396,0,0.009387786178009451
4397,0,0.00032109123001369577
4398,0,0.06251437387311319
4399,0,0.0013775919126115292
4400,0,0.00011952779477894815
4401,0,0.17312616787041632
4402,0,0.001135476949939265
4403,1,0.46595943142781376
4404,0,0.20321667635268878
4405,1,0.860705176804004
4406,0,0.7291644242946115
4407,1,0.6335339988218259
4408,1,0.7148955847722549
4409,0,0.07931581192211223
4410,0,2.5604321708830156e-05
4411,1,0.5772219611841604
4412,0,0.21191871771675694
4413,0,0.006310187189951917
4414,0,0.00028570025776312894
4415,0,0.17491497531036704
4416,0,0.019638381696035344
4417,1,0.5129201670025214
4418,0,0.0013074545824575418
4419,0,0.002718826754982055
4420,0,0.0027174704404373355
4421,0,0.02429249673887258
4422,1,0.8090683259637985
4423,0,0.01436316037346767
4424,1,0.8139800928641079
4425,0,0.062041849932272804
4426,0,0.022356689935132838
4427,0,0.034361328114318516
4428,0,0.005125034828185644
4429,0,0.4975040018392985
4430,1,0.7330965828815427
4431,0,0.4682488651424897
4432,0,0.02159276764740633
4433,0,0.18506547148776822
4434,0,0.523977725873396
4435,0,0.0007371304505265857
4436,1,0.7515399638471613
4437,1,0.020165464210507935
4438,0,0.016855093936788152
4439,0,0.003266814846615318
4440,0,0.0205851910928899
4441,1,0.2110759235733977
4442,0,0.020961878355872137
4443,0,0.0008661005094782411
4444,0,4.819899785848683e-05
4445,1,0.6337561187581856
4446,0,0.00029406744669132067
4447,0,0.0334791000672393
4448,0,0.0005670018048879776
4449,0,0.027502315602446488
4450,0,4.8217771250603735e-05
4451,0,0.00411085659455463
4452,0,0.027329048902027184
4453,0,0.15502373954619741
4454,0,0.001032996699975729
4455,1,0.8334966750897932
4456,0,0.04855008032961581
4457,1,0.48299762916961414
4458,0,0.006933969722575396
4459,1,0.45206442602277785
4460,0,0.19776684804344963
4461,0,0.39292355414472
4462,0,0.037580324029713494
4463,0,0.00720082217183843
4464,0,0.039983460663856454
4465,1,0.6138186483784613
4466,0,0.553790205057304
4467,0,0.023832809184068788
4468,1,0.4390813162650704
4469,1,0.5652459205105639
4470,0,0.0005716524593149975
4471,0,0.011291441733196768
4472,0,0.019318571633045196
4473,0,0.00037286675421055156
4474,1,0.21804125928717796
4475,0,0.5230882498273944
4476,1,0.16636075971260877
4477,0,9.557852985000752e-14
4478,0,0.002897993068813452
4479,0,0.0014136805285972082
4480,1,0.11903990831077084
4481,0,0.09145316387464965
4482,0,0.09597726198069174
4483,1,0.6919748063059367
4484,0,0.0016833123275835475
4485,0,0.051632729776878585
4486,0,0.006517238562738491
4487,0,0.7538157545147327
4488,1,0.4316703438186709
4489,0,0.00011852634431480717
4490,0,0.41333561980918376
4491,0,0.0022289361850337595
4492,0,0.021074129096223103
4493,0,0.3902797271040339
4494,1,0.5304498151828295
4495,0,0.3421039910624658
4496,0,0.004981965400024975
4497,0,0.0011995619374162104
4498,0,0.0009495428388933521
4499,1,0.8700287776259578
4500,0,0.0003051556772037227
4501,0,0.08840194416649372
4502,0,0.23501309375596804
4503,1,0.30797487801998913
4504,1,0.7401600341236877
4505,1,0.5364470513222639
4506,0,0.07398334866575773
4507,0,0.04135145918619628
4508,1,0.17565776097298952
4509,1,0.8199621152365321
4510,0,0.200527586125567
4511,0,0.0002150875847755365
4512,0,0.0003053816211361349
4513,0,0.04728561998581202
4514,0,0.24770275949688939
4515,0,0.1368190048571792
4516,0,0.000423761986584087
4517,0,0.005171536017060464
4518,0,0.19301726970496766
4519,0,0.028440312844533026
4520,0,0.1925623823681083
4521,0,0.03494864202130483
4522,0,0.056096019660436085
4523,0,0.03748226097436441
4524,0,0.01678611620902009
4525,1,0.7644232824873275
4526,0,0.02105150662936667
4527,0,0.14829442108421786
4528,0,0.0006332107340190403
4529,0,0.03273549531402536
4530,0,0.002076317374543499
4531,0,0.12254652613500444
4532,1,0.8623084803382548
4533,0,0.007004322847622783
4534,0,0.0007858647666361149
4535,1,0.885526529456713
4536,0,0.05766961798862351
4537,0,0.018489612754638462
4538,0,0.737446077406901
4539,0,0.13355056198305665
4540,0,0.0028119275724095786
4541,1,0.32655086457893684
4542,0,4.320327037442427e-05
4543,0,0.11752356038583052
4544,0,0.6857894483288434
4545,1,0.363486406639089
4546,0,0.49925517867792957
4547,1,0.538992405034929
4548,0,0.021150439800270964
4549,0,0.4041331885160672
4550,0,0.021723261551214984
4551,0,0.41473087161690225
4552,0,0.08487098483794746
4553,0,0.22697203321882065
4554,1,0.27909254803077405
4555,0,0.10131736591522393
4556,0,0.0003088016508695248
4557,0,0.00011201932192844393
4558,0,0.0012145329756037167
4559,0,0.09737139885322238
4560,0,0.0005106932941826676
4561,0,6.747670183669338e-05
4562,1,0.4643543384523773
4563,1,0.40395416402959006
4564,0,0.0004173218068613583
4565,1,0.8423343446829692
4566,1,0.47129048419890035
4567,0,0.48194143005992995
4568,0,0.255031188788997
4569,0,0.009215317772359028
4570,0,0.10087479752755195
4571,0,0.001300969111054411
4572,0,0.709324396303007
4573,1,0.17229198227055353
4574,0,0.018809208442134066
4575,1,0.3542759284278836
4576,1,0.7436245713104823
4577,0,0.010704001216335645
4578,0,0.0059474807719788
4579,0,0.05987886410052688
4580,0,0.030622230509948722
4581,0,0.20099126708139087
4582,0,0.06208238472988222
4583,0,8.147828523314889e-05
4584,1,0.7512649857100918
4585,0,0.643622029426795
4586,1,0.5386833498947472
4587,0,0.42550337795410464
4588,0,0.00783218369186505
4589,0,0.004334736058062783
4590,0,0.0008244236331416381
4591,1,0.29010171649101074
4592,0,0.015579184413910955
4593,0,0.0005899985416927096
4594,0,0.09696092182594389
4595,0,0.00037319240003236303
4596,0,0.012068786411341043
4597,0,0.0450214578014793
4598,1,0.6893605873187123
4599,0,0.0006252606834223968
4600,0,0.0023737456828128384
4601,0,0.016789401700861264
4602,1,0.42885451641611433
4603,0,0.04300114395458515
4604,0,0.013349766735863917
4605,1,0.06693554473416356
4606,0,0.03199059507839193
4607,0,0.03845723426424299
4608,0,0.21902289725016244
4609,0,0.02068957962056177
4610,0,0.007634259343203255
4611,0,0.0003452203897454486
4612,0,0.04262070302866653
4613,0,0.6088076711249533
4614,0,0.5949108684360968
4615,0,0.12572011224726162
4616,0,0.2612794958749308
4617,0,0.4455882516614264
4618,0,0.02927403822190165
4619,0,0.15285932059488036
4620,0,0.07243777340930466
4621,0,0.021731495202141387
4622,0,0.7837687449736142
4623,0,0.016949413860569286
4624,1,0.467337454286189
4625,0,0.0017594612237572106
4626,0,0.03509354275849137
4627,0,0.07754509139290927
4628,0,0.09980750718266138
4629,0,0.0013053094028062106
4630,1,0.692504522897689
4631,0,0.051559370318262354
4632,1,0.739789581843661
4633,0,0.004520174838505111
4634,0,0.05535199740241197
4635,0,0.0045937471984921355
4636,0,0.1986367641181259
4637,0,0.5897914942255256
4638,0,0.2675462599151551
4639,0,9.760560019716394e-05
4640,0,0.044564978445611386
4641,1,0.624494007797745
4642,0,0.09427805907363952
4643,0,0.10721007635853864
4644,0,0.058429273841505217
4645,0,0.1907396414838708
4646,0,0.0017433925864527708
4647,0,0.015063820188819101
4648,0,0.06808466859416434
4649,0,0.11311210746438179
4650,0,0.004600539362858716
4651,0,0.49976276761043087
4652,0,0.3079423149182502
4653,0,0.006312869268399856
4654,0,5.8145751606584736e-05
4655,0,0.22638416101401343
4656,0,0.011157495225587667
4657,0,0.04981139392285971
4658,0,0.0844329416643875
4659,0,0.0052994600898523606
4660,1,0.49464593520873873
4661,0,6.34696440118714e-06
4662,0,0.013695827686548518
4663,0,0.006963757710111721
4664,0,0.022075979186950652
4665,0,0.00202449200902514
4666,0,0.2860694851931593
4667,1,0.7049761534278411
4668,0,1.3725539033944203e-05
4669,1,0.8662579793155132
4670,0,0.014041214314945713
4671,0,4.722909960130929e-05
4672,0,0.039757895914418626
4673,0,0.017221361642631598
4674,0,0.004205342608378092
4675,0,0.6316109810332665
4676,0,0.013489792946803721
4677,1,0.7400392395091826
4678,1,0.8435377211723202
4679,0,0.012611775839860074
4680,0,0.0014131411904111848
4681,0,0.09347734813525858
4682,0,0.40114409940226015
4683,1,0.5638306445887582
4684,0,0.0038279679505833423
4685,0,0.07106620333562666
4686,0,0.7861453061162177
4687,1,0.8659415483914439
4688,0,0.00019988776940784437
4689,0,0.012169184215951073
4690,0,0.003103046423617802
4691,1,0.762886449240535
4692,0,0.0002995698438783414
4693,0,9.098090104993501e-05
4694,1,0.56403504171074
4695,1,0.611388505878839
4696,0,0.03619305934851228
4697,1,0.17451816953356256
4698,0,0.49544619350017904
4699,0,0.0011352019980966695
4700,0,0.0012650495199537219
4701,0,0.0007631501660522541
4702,0,0.07903989110253076
4703,1,0.8254882004409314
4704,0,0.09289587063044763
4705,0,0.0039078037728499685
4706,0,0.0021292940953567094
4707,0,0.3646883270431811
4708,0,0.13234922316745812
4709,0,0.37119843923521895
4710,1,0.7845514641841639
4711,0,0.009594326855369898
4712,0,0.08962434338289699
4713,0,0.21638509218250884
4714,0,0.00022435369152413193
4715,0,0.03766646607728816
4716,0,0.01567054284962482
4717,0,0.3678278807833199
4718,0,0.487048596683711
4719,0,0.004707378781252626
4720,1,0.596271075746801
4721,0,0.13720492499513037
4722,0,0.43996471094683803
4723,0,0.025786076962189933
4724,0,0.0011543985623253083
4725,0,0.02544806506367418
4726,0,0.004348121663127328
4727,1,0.020670351633648127
4728,0,0.03889742140324167
4729,0,0.007402814487175543
4730,1,0.642074975687161
4731,0,0.02018065173850335
4732,0,0.004333111397536324
4733,0,0.021034001662163966
4734,0,0.5569055965992228
4735,0,0.09588124571460703
4736,0,0.0031915600592947882
4737,0,0.011571965036945504
4738,0,0.01244001869035794
4739,0,0.0002211009656788238
4740,0,0.6139400188387841
4741,0,0.03949487973435391
4742,0,0.24377864029170226
4743,0,0.0029086806936393546
4744,0,0.017452464710589984
4745,0,0.00047029953298738077
4746,0,0.01456636589053182
4747,0,9.46389109238213e-05
4748,0,0.0033405578035329386
4749,0,0.1698930829878373
4750,0,0.0043365274129756924
4751,0,0.2750503389425398
4752,0,0.14914181246864527
4753,0,0.0005841923591258642
4754,1,0.7076948367595148
4755,0,0.0003485325974818607
4756,0,0.059835755242341235
4757,0,0.09460868401575848
4758,1,0.23806950451135883
4759,1,0.44444705696738557
4760,1,0.5071785156116255
4761,1,0.9692604453398734
4762,0,0.029096374885768835
4763,0,0.057592807918872065
4764,0,0.018799206273184575
4765,0,0.07756746963898005
4766,0,0.00783451244326608
4767,1,0.6132221475668493
4768,0,6.87672760471316e-05
4769,1,0.6640748363713947
4770,1,0.731073517011742
4771,0,0.010802602335599813
4772,0,0.00879083321997281
4773,0,0.012696472406872552
4774,0,0.08941378659706176
4775,1,0.6075456128162372
4776,0,0.5869854892821307
4777,0,0.08490466214092648
4778,0,4.970938740290043e-06
4779,0,0.0028871036870804154
4780,0,0.002802530323143491
4781,0,0.05209084005755689
4782,0,0.3195614208299773
4783,0,0.02085408538639408
4784,1,0.8039253217169858
4785,0,0.4594692766036458
4786,0,0.5433473164329375
4787,0,0.005731776662114149
4788,0,0.005634391397491343
4789,0,0.18729478469375846
4790,0,6.539734233569406e-21
4791,1,0.4766716958890114
4792,1,0.8769703200020463
4793,0,0.4244082844294656
4794,0,0.0006613795178889716
4795,0,0.2334505917533002
4796,1,0.31409340240228917
4797,1,0.923952249777734
4798,1,0.42022201516509344
4799,0,4.510986487212544e-05
4800,0,0.07575859008743493
4801,1,0.5206347472822107
4802,0,0.5151064289696992
4803,0,0.5849113826538885
4804,0,0.2556610931555387
4805,1,0.7372695216512161
4806,0,3.1857997014828515e-05
4807,1,0.8988390567022813
4808,0,0.021047446851129754
4809,0,0.0010151749004440082
4810,0,0.0030732607771649075
4811,0,0.012021748661114733
4812,0,0.2488302527333959
4813,0,0.00453122515822193
4814,0,0.0017592668173104459
4815,0,0.02516630435286725
4816,1,0.036620589932588564
4817,0,0.04859595697408199
4818,0,0.7842079064253934
4819,0,0.13623980700570748
4820,0,0.18906640859289162
4821,0,0.012693757404884102
4822,1,0.09854844648459082
4823,0,0.01687508816419493
4824,0,0.4702623265428318
4825,0,0.02880717974698773
4826,0,0.0036545851349980745
4827,0,0.005109998115893997
4828,0,0.614223015993029
4829,0,0.0010622510988530173
4830,0,0.03210634730740451
4831,1,0.7792357229549598
4832,0,0.004470385122564575
4833,0,0.013857181312529476
4834,1,0.688561856059722
4835,0,0.003253495512494147
4836,0,0.00038091027868525324
4837,0,0.0021411474324667975
4838,0,0.04961492745296867
4839,0,0.014779371242473704
4840,0,0.060817205206762724
4841,0,4.9242318610962185e-05
4842,0,0.6339475102009619
4843,0,0.21480550030347123
4844,0,0.0011472246434272582
4845,1,0.5406834914114412
4846,1,0.6852587642002398
4847,0,0.34081396522917784
4848,0,0.7139163822669541
4849,0,0.05471493644176952
4850,0,0.014745844626388983
4851,1,0.3977011348131952
4852,0,4.1308820717386946e-05
4853,0,6.280907327074778e-07
4854,0,0.047533632157896945
4855,0,0.07987088793338668
4856,0,0.0008639076599133603
4857,0,0.025581393792699567
4858,0,0.003487314585166016
4859,0,0.04204596294071777
4860,0,0.03961445087255674
4861,0,0.16089925122913024
4862,0,0.0105721175905809
4863,0,0.06222691763123171
4864,0,0.7688579940166406
4865,0,0.007106476061669214
4866,0,0.0005264893720445596
4867,0,0.16916845250024318
4868,0,0.4596576743961923
4869,0,0.027022786310703716
4870,0,0.051250568114641806
4871,0,0.05188994692610452
4872,0,0.019303577766215402
4873,0,0.08801500042065738
4874,0,0.10424195530129605
4875,0,0.2469208066942123
4876,0,0.0109918588728273
4877,0,5.601959683209922e-05
4878,0,0.2684000562427204
4879,0,0.062324325244897165
4880,0,0.1897129692043184
4881,0,0.013586057539778446
4882,0,0.09353563895186692
4883,0,0.11352254555224915
4884,1,0.07205951458984723
4885,0,0.5605420878660279
4886,1,0.8423923252923855
4887,0,0.08745548160324722
4888,0,0.004322550482796006
4889,0,0.4715277113654137
4890,0,0.14724465168756695
4891,0,0.012469739898436898
4892,0,0.027574031189622664
4893,1,0.21259570992359453
4894,1,0.3768020759453888
4895,0,0.21198113518837516
4896,0,0.3995233236224305
4897,0,0.06201657064079743
4898,0,0.0030735784950052278
4899,0,0.09334166163027907
4900,0,0.012060782431591541
4901,0,0.3228429729479386
4902,0,0.06443975037988896
4903,0,0.010747945779103743
4904,0,0.04677224476647481
4905,1,0.7811032465229362
4906,1,0.01536294661880803
4907,0,0.25640171468255835
4908,0,0.6695925350336474
4909,0,0.42949207721576266
4910,0,0.4037563348480825
4911,0,0.0200357655455409
4912,0,0.018308752455398935
4913,0,0.016160044344761208
4914,0,0.05090339304965253
4915,0,0.0054741713469810115
4916,1,0.529581764497111
4917,0,0.0020392096673761
4918,0,0.0005250649511904715
4919,0,0.10671016346057156
4920,0,0.003971942582201138
4921,0,0.5255755328732739
4922,0,0.016406614470630937
4923,0,0.001553951666425397
4924,0,0.15920891845767463
4925,0,0.013492280850453507
4926,1,0.5820622113838012
4927,0,0.13393056507196915
4928,0,0.0018738223214153403
4929,0,0.008461222219541905
4930,0,0.0010093270722249291
4931,0,0.2779106173962759
4932,0,0.22969868285757467
4933,1,0.44845099990159903
4934,0,0.04498735917685939
4935,0,0.1427916176116938
4936,0,0.00984704500829645
4937,0,0.1377167589958702
4938,0,0.0221049965761332
4939,0,0.07992792924944751
4940,1,0.6340921422610861
4941,0,0.011548692573942723
4942,0,0.008151209411595868
4943,0,0.03838779608567573
4944,0,0.04282370410602446
4945,0,0.08849326853620987
4946,0,0.11719367643305953
4947,1,0.5870112981045539
4948,0,0.0001298228224120449
4949,0,0.05631990319271922
4950,1,0.7117825711420381
4951,0,0.012998342694069404
4952,0,0.24691890729640897
4953,0,0.005952343588915786
4954,0,0.002388578436103137
4955,0,0.011471519039050434
4956,0,0.02025244504729422
4957,0,0.022909245288624494
4958,0,0.08865155772710419
4959,0,0.0036812120232618075
4960,1,0.9213852721020956
4961,0,0.006984560784275753
4962,0,0.009823824297751175
4963,0,0.005422864393098082
4964,1,0.5696874889312165
4965,0,0.1381168784232604
4966,0,0.003210217116625679
4967,0,0.0012111515189310207
4968,0,0.004638532521075666
4969,0,0.5000094658279333
4970,0,0.11304969541002731
4971,1,0.7879162142187359
4972,0,0.00024574005403904927
4973,0,0.0007608534181370109
4974,0,0.008436331621000617
4975,0,0.003426204719266895
4976,0,0.498594400283182
4977,0,0.0005180465386845392
4978,0,0.2914627662089825
4979,0,0.0021421059720508765
4980,0,0.00036927454436448936
4981,0,0.2932177784478378
4982,0,7.609056792614606e-05
4983,0,0.011945409057499754
4984,0,0.040836903539043894
4985,0,0.029455430737700614
4986,0,0.039531018215860185
4987,0,0.05149503408600239
4988,1,0.557093109107705
4989,0,0.25059196743619633
4990,0,0.014382530615459835
4991,0,0.06280522951663527
4992,0,0.015541701494578081
4993,0,0.041905305010655904
4994,0,0.34438604111348525
4995,0,0.20865029099626298
4996,0,0.01012285870261896
4997,0,0.09390085878763128
4998,0,0.023031024311698074
4999,0,0.00895498100439308
5000,0,0.051358191777463626
5001,0,0.03922034874862315
5002,0,0.03595933266732721
5003,1,0.06276821261721394
5004,0,0.006515063841777495
5005,1,0.7840082697724765
5006,0,0.1175556325723652
5007,0,0.04987223003432538
5008,1,0.5069702745962319
5009,0,0.13985224832729493
5010,1,0.6848656143171489
5011,0,0.06309690069023148
5012,0,0.6122490827259008
5013,0,0.7144250614313482
5014,1,0.8942930895533515
5015,0,0.0006359241514926129
5016,0,0.006287963365748321
5017,1,0.49225566978167357
5018,1,0.8025317114281675
5019,0,0.5924191584479594
5020,0,0.0010728655350042144
5021,0,0.010150336491123197
5022,0,0.00011254702192463824
5023,0,0.00024857838773426674
5024,1,0.07339345730855025
5025,0,0.12887659464999335
5026,0,0.030289049324204127
5027,0,0.04705755993826676
5028,1,0.25689865324592054
5029,0,0.03291509355868016
5030,0,0.03325103301284715
5031,0,0.05643695729582602
5032,0,0.08499159117424762
5033,0,0.17290942783573668
5034,1,0.8045402649096599
5035,0,0.887743967588744
5036,0,0.000848920558593439
5037,0,2.8856724674716566e-05
5038,1,0.18275135889523486
5039,0,0.4702562174891772
5040,0,0.1384438939913431
5041,0,0.007987948123314397
5042,0,0.06170034885015531
5043,0,0.011648648199113869
5044,0,8.164996835739315e-05
5045,0,0.16905204199228854
5046,0,0.0008761191689576624
5047,1,0.2728717616919172
5048,0,0.014827392680949984
5049,0,0.0035976290097988477
5050,0,0.22576717496014426
5051,0,0.04934840559403247
5052,0,0.001182020801951613
5053,0,0.0061923989521388235
5054,0,0.005387235964741738
5055,0,0.2118143779800846
5056,0,0.026581205994325098
5057,0,0.0022933256614841857
5058,1,0.4117667937060019
5059,0,0.1808204794221016
5060,0,0.010170477481410827
5061,1,0.3305516593350858
5062,0,0.27104179405042184
5063,1,0.44853380219113037
5064,1,0.5741008677561856
5065,0,0.34444432762593674
5066,0,0.0560958664632516
5067,0,0.054765656803595616
5068,0,0.0918922005043371
5069,0,0.02335629382881675
5070,0,0.6034932747967429
5071,0,0.0008351631690545609
5072,1,0.6793176088749993
5073,0,0.03462962640339178
5074,1,0.6353574081483208
5075,0,0.0014484466567563047
5076,0,0.0009297362109273947
5077,0,0.0022114795187774513
5078,0,0.2691014635747132
5079,0,0.036686685547548385
5080,1,0.8286987748937283
5081,1,0.5633328274685862
5082,1,0.7566038326712354
5083,0,0.09553157934209294
5084,0,0.005597920962025642
5085,1,0.6363696393581765
5086,0,0.054664085182296006
5087,1,0.07575052128071928
5088,0,0.6454121229984369
5089,0,0.03667041214588002
5090,1,0.694695021281441
5091,0,0.00327592766744943
5092,0,0.2500316925597662
5093,0,0.003162875550477258
5094,0,0.3712197454160142
5095,0,0.445532608089637
5096,0,0.027460946869467203
5097,0,0.004069757113056643
5098,0,0.18685573157633606
5099,0,0.0004537450043367391
5100,0,0.07844177119348138
5101,0,0.0010367559357951448
5102,0,0.1419051529488289
5103,1,0.32404502833870946
5104,1,0.634050987927587
5105,0,0.30629303485096654
5106,0,0.13586539833337916
5107,0,0.00489029199731119
5108,0,0.027668704661285588
5109,0,0.0013605084327416792
5110,0,0.004978650198370521
5111,0,0.06721311377846306
5112,1,0.9088317738375464
5113,0,0.0005211817784966788
5114,0,0.42236604394052235
5115,1,0.7592486534160544
5116,0,0.0002825856243542922
5117,0,0.011493794803523683
5118,0,0.010626076237232636
5119,0,0.2574911136506517
5120,1,0.7500153205591219
5121,0,0.24182635775147743
5122,0,0.08235457105825564
5123,1,0.33813156042666004
5124,0,0.01789129614268297
5125,0,0.023916253902453437
5126,0,0.21691261102906623
5127,0,0.08541792356797422
5128,0,0.00018648959206700238
5129,0,0.6818330401766434
5130,0,0.005524244390964757
5131,0,2.7547715078122277e-05
5132,1,0.308745907745429
5133,0,0.028534846766837818
5134,0,0.021810192367161804
5135,0,0.022285930388118155
5136,0,0.020401234385907324
5137,0,0.12080583458911724
5138,0,0.6767408027775552
5139,0,0.0015962207179108742
5140,1,0.3749483887619866
5141,0,0.2886734893584498
5142,0,0.011658770613932078
5143,0,4.579501127234033e-06
5144,0,0.3787730714770021
5145,0,0.00017739504417911632
5146,0,0.2840407877470681
5147,0,0.3803964770249381
5148,0,0.33244781044271615
5149,0,0.0012423325606901894
5150,0,0.0016145334562224511
5151,0,0.05769029271009399
5152,0,0.03463281784985554
5153,0,0.009559517440191144
5154,0,0.018279928498120115
5155,1,0.4558590467136806
5156,0,0.5816538782551556
5157,0,0.023053718243890384
5158,0,0.15230200847089082
5159,0,0.013739749313065767
5160,0,0.01456682216683626
5161,0,0.7962804681117274
5162,0,0.009183456773291843
5163,0,0.15324583659308366
5164,0,0.0032506209254504945
5165,1,0.7609171791548763
5166,0,0.25516363053097985
5167,1,0.5345552832562007
5168,0,0.19475771531050554
5169,0,0.0022017324305275447
5170,0,0.32155792055590143
5171,0,0.0012455860825063185
5172,1,0.5171241689272037
5173,0,0.0004377037507310139
5174,0,0.11189158518176448
5175,0,3.40089439884091e-06
5176,0,0.0008051286095957756
5177,0,0.1067247499563942
5178,0,0.0005756085047800238
5179,1,0.683279271658711
5180,1,0.4507756957732823
5181,0,0.1664067445722288
5182,0,0.2189602150370697
5183,0,0.12691810499544323
5184,0,0.19896316102525782
5185,0,0.011234262056897905
5186,0,0.23415568498123002
5187,1,0.35438089061429884
5188,1,0.4712658804244438
5189,0,0.000943967351499869
5190,0,0.0019404398372558287
5191,0,0.04670540739557779
5192,1,0.656267911511711
5193,0,0.08853878134262207
5194,0,0.04152626439715942
5195,1,0.43117355785549505
5196,0,0.20445946752025115
5197,0,2.891694403568116e-07
5198,0,0.0038436947648281972
5199,1,0.6669954712715572
5200,0,0.6940672968197203
5201,0,0.0027480642458745427
5202,0,0.6686138672575428
5203,0,0.0007844717348493959
5204,0,0.007703752803463256
5205,0,0.019486619018558592
5206,0,0.040281609231217264
5207,0,0.05213511948974689
5208,0,0.06872004684184721
5209,0,0.00919055596642969
5210,1,0.3849088594769913
5211,0,0.0006130030285777989
5212,1,0.22540743637332755
5213,0,0.0753862070302752
5214,1,0.7060765220419442
5215,0,0.6439378486006146
5216,0,0.05034391564724726
5217,0,0.0046246237336687625
5218,0,0.6768607921516916
5219,0,0.02804661558552969
5220,0,0.02005851745925324
5221,1,0.5179723713499677
5222,0,0.12139509428673592
5223,0,0.06628800532122922
5224,0,0.028877425237909263
5225,0,0.460952595971921
5226,0,0.005084848180222138
5227,0,0.29010068352499696
5228,0,0.6197364356177352
5229,0,0.017262640362027484
5230,0,0.07846116564257102
5231,0,0.004811827725620139
5232,0,0.01067716007368816
5233,0,0.3403430433766466
5234,1,0.05831426133386406
5235,0,0.1890119352994515
5236,0,0.004285582994682175
5237,0,0.15705731289418504
5238,0,0.01444384079145672
5239,1,0.13398041146268239
5240,0,0.0002217928465694465
5241,0,0.10433687908377702
5242,1,0.5678059409103281
5243,0,0.05052696604721042
5244,0,0.3430870670317901
5245,0,0.027066784696234084
5246,0,0.0012881739896990643
5247,1,0.2865511354343015
5248,0,0.6533494566600658
5249,1,0.6286297040525207
5250,0,0.001969431706535561
5251,0,0.051012911323586804
5252,0,0.002058125770465324
5253,1,0.6895341671344846
5254,0,0.5768343064876025
5255,0,0.17713146566268534
5256,1,0.4465709885874255
5257,0,0.21871890699453117
5258,0,0.00029952936934052836
5259,1,0.723592714464537
5260,0,0.3435021508956229
5261,0,0.5641019414043741
5262,0,0.09421752049183042
5263,1,0.7056647876675132
5264,0,0.040190952586496964
5265,0,0.00230775755847224
5266,0,0.33806240423998685
5267,0,0.015413706699685432
5268,0,0.18174368109526207
5269,0,3.122111975482328e-05
5270,0,0.24421163333407403
5271,0,0.5511663630576197
5272,1,0.7976276935795938
5273,0,0.09004402179267741
5274,0,0.010469870840903466
5275,0,0.03694492255236622
5276,1,0.7901557474632301
5277,1,0.8577485060483434
5278,0,0.2818793439696124
5279,0,0.34800994024175985
5280,0,0.0693141180646045
5281,1,0.7761687525012069
5282,0,0.0007359361864440546
5283,0,0.020385240084781143
5284,0,0.004481744133621497
5285,0,0.3005162647581899
5286,0,0.021135074261405474
5287,0,0.012108624694423495
5288,0,0.7182760233146209
5289,1,0.873930398850879
5290,0,4.018333361117461e-05
5291,1,0.16067834698301894
5292,0,0.06618221879090894
5293,0,0.23539095540918667
5294,0,0.0002550485333420169
5295,0,0.3813573059073106
5296,1,0.17171621534910064
5297,1,0.24630853608872624
5298,0,0.016257969163843002
5299,1,0.3454690767398234
5300,0,0.002353272915376803
5301,1,0.060767454364512856
5302,0,0.036448590125207556
5303,0,0.3846242256919728
5304,0,0.0021517965296449964
5305,0,0.00012658307217925014
5306,0,0.6864933861009576
5307,1,0.7040226467466804
5308,0,3.468307491003802e-05
5309,1,0.33991870801735347
5310,0,0.017994813951173867
5311,0,0.0017600142322735466
5312,1,0.6996302856967752
5313,0,0.019090661277473473
5314,0,0.009972193800723114
5315,0,0.13098797505388768
5316,1,0.6718801705551275
5317,0,0.003937491191306567
5318,0,0.0030116701804571884
5319,0,0.08909606594395851
5320,0,0.38263302054891946
5321,0,0.04703154504330566
5322,1,0.6990623807242566
5323,0,0.0006928270208134694
5324,1,0.8266883642568905
5325,0,0.13882330944022733
5326,1,0.4749770001529192
5327,0,0.003494636634601245
5328,0,0.04775040855964781
5329,0,0.0029736271459122154
5330,0,4.394326688808579e-06
5331,0,0.428413036185187
5332,0,0.004045241540937845
5333,0,0.00405425753219775
5334,1,0.6412913046807741
5335,0,0.7782896420717732
5336,1,0.708457961966734
5337,0,0.011305881271525434
5338,0,0.41423393363472405
5339,1,0.4670870136064894
5340,0,0.47707881888035425
5341,0,0.00032291678653079814
5342,1,0.43440838336803994
5343,0,0.003307937954017843
5344,0,0.0009368951562482951
5345,0,0.009368596624586875
5346,0,0.02767497750608146
5347,0,0.000308824851728937
5348,0,0.00457576491579751
5349,0,0.12941303256605982
5350,0,0.13508368877478333
5351,0,0.036945800375970714
5352,0,0.049513269969732446
5353,1,0.24153009546708695
5354,0,0.11331336671691677
5355,1,0.7542225025268736
5356,0,0.2132734794580827
5357,1,0.6841495465256422
5358,0,0.00016981731392506222
5359,0,0.074831884189133
5360,0,0.014577544038816502
5361,0,0.0009754648622723979
5362,1,0.791162185672178
5363,0,0.14250491742984403
5364,0,0.4184889490734578
5365,0,0.04227529780375707
5366,0,0.015720717771423042
5367,0,0.0006704746209751007
5368,0,0.7355765056944861
5369,0,0.7260129950320059
5370,0,0.009682720437051652
5371,0,0.00453668936419784
5372,0,0.004793768130698501
5373,1,0.7277899766823834
5374,0,0.057269780326588436
5375,0,0.07222158671485981
5376,0,0.02389338747018018
5377,0,0.040496682289517125
5378,0,0.1842354379369293
5379,0,0.6113194067580365
5380,0,0.2672262722660852
5381,1,0.2836537121818631
5382,0,0.0023910674478480557
5383,0,0.19634977850113894
5384,0,0.0007622897304291113
5385,1,0.454184742055926
5386,0,0.21303305505818457
5387,0,0.032303517311183534
5388,0,0.012299331907996019
5389,0,0.05076295660553633
5390,0,0.040638191014218734
5391,1,0.3540910941487903
5392,0,0.00024901873653602644
5393,0,0.0007490824479310675
5394,0,0.00235101247415489
5395,0,0.004610180434390778
5396,0,0.010013705989998012
5397,0,0.3506078568902688
5398,0,0.1032658859042599
5399,0,0.0006962325240638729
5400,1,0.6665630348391461
5401,0,0.0400395825421588
5402,1,0.7148426635434004
5403,1,0.6770819027455889
5404,0,0.021790731198222366
5405,0,0.07731515320036558
5406,0,0.041575413638572846
5407,0,0.01468444669185065
5408,0,0.6662468215183018
5409,0,0.1250198505426219
5410,0,0.16243427254968018
5411,0,0.0008775372598985339
5412,1,0.6881210273186816
5413,0,0.3491948557711925
5414,1,0.8863236458169579
5415,1,0.8434998879772474
5416,0,0.05269378471699671
5417,0,0.022976091887943643
5418,0,0.0026160654220966253
5419,0,0.014646051027504365
5420,0,0.4719235685877066
5421,1,0.3620709601219114
5422,0,2.0808550419805035e-05
5423,1,0.8431496515108463
5424,0,0.01845581271254899
5425,0,0.014672151374443144
5426,1,0.34814823796157207
5427,0,0.6665610529460949
5428,0,0.257220679432481
5429,0,0.042748822457122554
5430,0,0.001300742533213279
5431,0,0.11509239840473158
5432,1,0.9330836145277851
5433,0,0.3514218328161627
5434,0,0.013113340121547681
5435,0,0.15056454069901298
5436,1,0.09712304261676491
5437,1,0.5321967469368486
5438,0,0.01599945113961723
5439,1,0.8149226369598834
5440,0,0.00708286584735028
5441,1,0.49140290591664215
5442,0,0.0054314881668857656
5443,0,0.013143414395136652
5444,0,0.7160310359354765
5445,0,0.015857275024965103
5446,0,0.00048339229801527654
5447,0,0.003340495710806534
5448,0,0.1213155123697544
5449,0,0.623652242586931
5450,0,0.014577372889277617
5451,0,0.0613851182387492
5452,0,0.3972594433224885
5453,1,0.8782199285015607
5454,0,0.08288725402194176
5455,0,0.5074863415565269
5456,0,0.547758609801749
5457,0,0.2369434700151789
5458,0,0.013555028378293131
5459,0,0.00261890264412377
5460,0,0.07937902610220658
5461,0,0.00031784103750668766
5462,0,0.005324456905606171
5463,0,0.006133992930748182
5464,0,0.008181568097167167
5465,0,0.3594177416530786
5466,0,0.004212628456557265
5467,0,0.010157976568304578
5468,1,0.7460089713641508
5469,1,0.5706553403663904
5470,0,0.04851660681503911
5471,0,0.011830836782564517
5472,1,0.8518361395462215
5473,0,0.00015271620120058213
5474,0,0.00012131365660759297
5475,1,0.09911977301533041
5476,0,0.00021053335846110726
5477,0,0.0019906500801321557
5478,0,0.7610269449874152
5479,0,0.005620407584578863
5480,0,0.050654093494839375
5481,1,0.7474990966359595
5482,0,0.07123120012698216
5483,0,0.0037239156100530558
5484,0,0.00045203024954983866
5485,1,0.7619205130621577
5486,0,0.2113103430811864
5487,0,0.0019137393075823383
5488,0,0.2962096024927546
5489,1,0.35050156577898667
5490,0,0.056232056818182094
5491,0,0.016259878664270422
5492,0,0.005160928406372024
5493,1,0.7571640363047754
5494,0,0.03617707447090682
5495,0,0.27263437188795303
5496,0,0.13757096380953757
5497,1,0.5161442180492899
5498,0,0.12109646742216833
5499,0,0.32047971814437975
5500,0,0.0033104807088072444
5501,0,0.14768426902621518
5502,0,3.368220279967331e-05
5503,0,0.09633068628850493
5504,0,0.0189794052488272
5505,0,0.0007984627893725057
5506,0,0.0005151460553921402
5507,0,0.645260533802654
5508,1,0.18619567320602892
5509,0,0.05470287805761115
5510,0,0.00036253003614723024
5511,0,0.1512611812690307
5512,1,0.7282596306928416
5513,1,0.16312959670685714
5514,1,0.30738852139921946
5515,0,0.16837152691481935
5516,1,0.6463611264163842
5517,0,0.12525477276348976
5518,0,0.7694584952634969
5519,0,0.004250241229267271
5520,0,0.008512598619850181
5521,0,0.361593160548808
5522,1,0.6999000007769052
5523,0,0.031725516113240315
5524,0,0.18960965711121067
5525,1,0.10450446658524117
5526,0,0.06737485442671845
5527,0,0.005289703546653815
5528,0,0.007764390126820207
5529,0,0.7336291066456047
5530,0,0.43973039747021486
5531,0,0.04572269780630918
5532,0,0.09348031538835941
5533,0,0.012644430886109444
5534,0,0.04201438321611311
5535,0,0.09193578594045303
5536,0,0.02120208908798085
5537,0,0.006488590484556142
5538,0,0.0006726063849909405
5539,0,0.02609125729125535
5540,0,0.005211855324100332
5541,0,0.12215116575144991
5542,1,0.0032957629009883415
5543,0,0.21352919823792355
5544,0,0.35732413196857005
5545,1,0.7445327688272572
5546,1,0.7736725248250009
5547,0,0.10176084661587413
5548,0,0.5539841393052026
5549,1,0.8374161521505883
5550,0,0.014377478164848736
5551,0,0.01077109372482827
5552,0,0.0023460241519491676
5553,0,0.004310667081025104
5554,0,0.3581478515760588
5555,0,0.024869340114578857
5556,0,0.016304444751999193
5557,0,0.005558610790330008
5558,0,0.1261110223990218
5559,0,0.02020158283695386
5560,0,0.007302337217895743
5561,1,0.7285235391929737
5562,0,0.12275903830898442
5563,1,0.7413751145286918
5564,0,0.4925816956419248
5565,0,0.0005805903952857627
5566,0,0.057784394366509784
5567,0,0.005688066587179605
5568,1,0.0984474139805308
5569,0,0.12098476419066899
5570,0,0.018645474267919696
5571,0,0.08337181873245506
5572,0,1.3497095586244332e-05
5573,0,0.0011348871707688873
5574,0,0.6354419498063613
5575,0,2.323548157335083e-05
5576,0,0.007012730339677764
5577,1,0.8667305991448664
5578,0,0.004754334932904493
5579,0,0.24890458557877182
5580,0,0.009233738123063663
5581,0,0.2443590386151951
5582,0,0.002557117589784529
5583,0,0.020671496678905776
5584,0,0.0038536558940535552
5585,0,0.00043872607488438245
5586,1,0.7973909719099698
5587,0,0.7831825970548862
5588,0,0.18370967458009815
5589,1,0.3398453029729259
5590,0,0.15018492899682565
5591,0,0.00022497346488327223
5592,1,0.7642175449939328
5593,0,0.03073264552208618
5594,0,0.0023283747126464334
5595,0,0.00018289493756539144
5596,0,0.09629286178776521
5597,1,0.8774857683945771
5598,0,0.006402998300321332
5599,0,0.019677807398554573
5600,1,0.33527725935703473
5601,0,0.09969979277904888
5602,0,0.4784448262322004
5603,0,0.11947452360564231
5604,1,0.9253172510212787
5605,0,0.13069673713877375
5606,0,0.0015807337334625981
5607,0,0.0033326588982368825
5608,0,0.06036587762233079
5609,1,0.8756161444021453
5610,0,0.00218740847389973
5611,0,0.027492443301237852
5612,0,0.25623957566909156
5613,0,0.07834661624395135
5614,0,0.030183452905932894
5615,0,0.06097910014532334
5616,0,0.0001849975319803988
5617,0,0.0029676934795280583
5618,0,0.0008411940046404257
5619,0,0.021684745981299623
5620,0,0.03819386671954096
5621,0,0.025278147164332833
5622,0,0.024362432606830617
5623,0,0.00010023131801592175
5624,0,0.00012061742923577096
5625,0,0.4987728097777346
5626,0,0.014513558585360775
5627,0,6.135544252450921e-05
5628,0,0.49616563506750233
5629,0,0.014944470605737701
5630,0,0.050336620907972
5631,0,0.0777986742190769
5632,1,0.6139129779640828
5633,0,0.48035044504954044
5634,0,0.04818470832301546
5635,1,0.23029901664870472
5636,1,0.304204806506164
5637,0,0.007267393737403519
5638,0,0.3590147758370253
5639,1,0.8797459984061617
5640,1,0.7887517232490523
5641,0,0.18193123905561004
5642,1,0.7435556664623186
5643,0,0.00022967648958266589
5644,0,0.061796119924278366
5645,0,0.34363181145471244
5646,1,0.437198084008946
5647,0,0.0779518212234296
5648,0,0.039619891427780586
5649,0,0.052286853767155576
5650,0,0.007695020494412638
5651,0,0.006417075202132818
5652,0,0.001885786975227451
5653,0,0.05660247940442853
5654,0,0.0002849251699358451
5655,0,0.019960185869861213
5656,0,0.0011633056846594258
5657,0,0.04571840614398283
5658,1,0.3157778670721978
5659,0,0.002216967952970472
5660,0,0.001743019314799392
5661,0,0.04508343641210275
5662,0,0.010308956103131062
5663,0,8.8501626102105e-06
5664,1,0.7486545864451076
5665,0,0.022112216355869522
5666,0,0.011522861295139337
5667,0,0.02262778245152484
5668,0,0.0010273205850413682
5669,0,0.0028477700901855182
5670,0,0.0005848863462105686
5671,0,0.00264346501453674
5672,1,0.5410807571223563
5673,0,0.08138872696801705
5674,0,0.5336674253432012
5675,0,0.27868207201676415
5676,1,0.2817125608477514
5677,1,0.8397770717904549
5678,0,0.007988186287993007
5679,0,4.429261121290369e-05
5680,0,0.46102053062218634
5681,0,0.0004253814037858097
5682,0,0.001329066363251586
5683,0,5.248353395756829e-05
5684,0,0.01317778363528048
5685,0,0.019695401748336828
5686,0,0.5200990426510719
5687,0,0.0003418960804454632
5688,1,0.24950261677704208
5689,0,0.49571051361760293
5690,0,0.5088141827685638
5691,0,0.007808092209028883
5692,1,0.8332745224336141
5693,0,0.20232830393054854
5694,1,0.29405236626751974
5695,0,0.00039153919422117164
5696,0,0.46782645949333806
5697,0,0.0016090068309009425
5698,0,6.479872112302228e-05
5699,0,0.42682744834619796
5700,0,0.1665943844250004
5701,1,0.3358683585922373
5702,0,0.038221394938844286
5703,0,0.5817987306653869
5704,0,0.020863022132771688
5705,0,0.001420495250505813
5706,1,0.610891321174266
5707,1,0.5783012184118106
5708,0,0.00014217928165461498
5709,0,0.004997368269609066
5710,0,0.11194458631370213
5711,0,0.00047098848595153095
5712,1,0.6864865722805155
5713,0,0.2590401562211924
5714,0,0.01791959645450618
5715,0,0.0022790614593626536
5716,0,0.28818075692125
5717,1,0.9460042469753922
5718,0,0.0026135957359103242
5719,0,0.058757435080660385
5720,0,0.08644368363916786
5721,0,0.09337964261946083
5722,0,0.007663999249171809
5723,0,0.46773211378041524
5724,0,0.12794199216898924
5725,0,0.010414167743417043
5726,0,0.016771849223361876
5727,0,0.6566151394739969
5728,0,0.007172387675266511
5729,0,0.025374019388850786
5730,1,0.4763290203215542
5731,0,0.004714422745702134
5732,0,0.048063734145990224
5733,1,0.771447976329593
5734,0,0.08150216104816112
5735,0,0.04176059614503987
5736,0,0.013845081648054385
5737,0,0.002185401453479575
5738,1,0.5628094741943274
5739,0,0.4023452752251455
5740,1,0.18055132510047872
5741,0,0.15311372203521356
5742,0,0.3171071120117059
5743,0,3.236134583941837e-05
5744,0,0.04764546898885481
5745,1,0.48734500199117675
5746,1,0.4068815477364721
5747,0,0.0003252835765368521
5748,0,0.03675303844093951
5749,0,0.08688070900127114
5750,0,0.05960868515594172
5751,0,0.4802148397404032
5752,0,0.3227707986455595
5753,0,0.01285880501109516
5754,1,0.09333338913769833
5755,0,0.012729770943230282
5756,0,0.012553334453286604
5757,0,0.07937389347377877
5758,1,0.5995550379761173
5759,1,0.8712135810673517
5760,0,0.003994592060176203
5761,0,0.0015975354265649027
5762,0,0.2813337455482318
5763,0,0.007062402565599791
5764,0,0.0028017062108836124
5765,0,0.3505871695757067
5766,0,0.0009100250495705624
5767,0,0.05231798355587926
5768,1,0.8855069203418395
5769,0,0.021497467071306123
5770,0,0.41772368084709655
5771,0,0.057926113289600345
5772,0,0.009603991960247448
5773,0,0.04040290448064401
5774,0,0.0034615000272270047
5775,0,0.0340572808933416
5776,0,0.06504344615428012
5777,0,0.02330154645957598
5778,0,0.0005074088821040896
5779,0,0.5109860087499984
5780,1,0.6515682480523456
5781,0,0.04623880813180844
5782,0,0.7755439090611603
5783,1,0.7091750891331935
5784,0,0.009178689767143044
5785,0,0.0001354799590032929
5786,0,0.0056159183408456045
5787,0,0.05449600368621417
5788,0,0.0011153727977411692
5789,0,0.01956124604815591
5790,0,0.5307858856891969
5791,0,0.12121502446982535
5792,0,0.009262951742502063
5793,1,0.5356280267520794
5794,0,0.0005432635844238792
5795,0,0.00016928611512018578
5796,0,0.2884451202243092
5797,1,0.6492826721684284
5798,0,0.015145578102160651
5799,0,0.0008673447001993088
5800,0,0.838855334732283
5801,0,0.00027243262491251266
5802,0,0.4066392551651848
5803,0,0.17947688502415438
5804,0,0.02142804843313557
5805,1,0.49562088530558357
5806,0,0.01249902643173914
5807,0,0.00020196806742361247
5808,0,0.647567055008172
5809,1,0.8196195501908151
5810,0,0.010015984903002713
5811,0,0.010221503558574976
5812,0,0.028523292899891268
5813,0,0.004262579868533124
5814,0,0.06392050959177589
5815,0,0.15117480490762103
5816,0,0.00039252438590143597
5817,0,0.0030455705406685664
5818,0,0.28729969946090544
5819,1,0.5883697280579043
5820,0,0.012936611668863998
5821,0,0.10658875452623136
5822,1,0.6191864032191761
5823,0,0.25458420805820564
5824,0,0.0018450650188060666
5825,0,0.013714489765065958
5826,0,0.1953792613899327
5827,0,0.005618296321577901
5828,1,0.42683875384239744
5829,1,0.7534978158403917
5830,1,0.12595100091148403
5831,0,0.2771398113761379
5832,0,0.008023006662994473
5833,0,0.052289186915548555
5834,0,0.0411418547977697
5835,0,0.0011769679357705176
5836,0,0.3927698307299976
5837,0,0.0015871057948242365
5838,0,0.04101448832873871
5839,0,0.13895279137212177
5840,0,0.12303647391167957
5841,0,0.12019227639857287
5842,0,0.18103750096374488
5843,0,8.795540094889703e-05
5844,0,0.004377133702921869
5845,0,0.08296234347059443
5846,0,0.0002634915798262254
5847,0,0.10970306280884727
5848,1,0.7336403504206805
5849,0,0.6321962133424762
5850,1,0.678889845488493
5851,0,0.0002418177054421073
5852,0,0.00016846927156882543
5853,1,0.7040166402127247
5854,1,0.06074582226416341
5855,1,0.352244638732684
5856,0,2.9593074980198458e-05
5857,0,0.005770483320247967
5858,1,0.5330782726322602
5859,0,0.13924601496146316
5860,0,0.016852743807558235
5861,1,0.6235077816915676
5862,0,0.04566682236966522
5863,1,0.7937473939430462
5864,0,0.016597273377040818
5865,0,0.37520559399620335
5866,0,0.4228077520569713
5867,0,0.3920718755825116
5868,1,0.8426782678322486
5869,0,0.0815979400193596
5870,0,0.648178283864601
5871,0,0.0016804743017367005
5872,0,0.0011256408713719499
5873,0,0.0650349253906082
5874,0,0.8519388407752626
5875,0,0.46584598473832267
5876,1,0.7732219530808461
5877,1,0.005676679778456615
5878,0,0.023616220648563
5879,1,0.12680979774361661
5880,1,0.5937880938166757
5881,0,6.124241094013622e-06
5882,0,0.04090421089967481
5883,0,0.0009085229411047225
5884,0,0.026464512432408955
5885,0,0.5834775152315084
5886,0,0.20310886371597106
5887,0,0.0010092775287997978
5888,0,0.007505652507915309
5889,0,0.024543467576955753
5890,0,0.00021509680462197282
5891,0,0.05344612834621103
5892,0,0.013849330947339368
5893,1,0.8461998952246997
5894,0,7.422363033712086e-05
5895,0,0.3588460353262691
5896,1,0.27437134028598814
5897,0,0.02861393060441758
5898,0,0.002709875951975678
5899,0,0.1298826409358693
5900,0,0.0010586103699867218
5901,0,0.01107819195925673
5902,0,0.0031766245204355205
5903,0,8.887596251073781e-06
5904,1,0.7361278688469859
5905,0,0.00020086453476599568
5906,1,0.9038253277126137
5907,0,0.01649760251541385
5908,0,0.0512680210571469
5909,1,0.5559153512618641
5910,0,0.09126853351413405
5911,1,0.6910405297400021
5912,1,0.5833736432607634
5913,1,0.5302394178096033
5914,0,0.3596704661941185
5915,1,0.023767841222850805
5916,0,0.011876464894520086
5917,0,0.40013659602484114
5918,0,0.7633839240653499
5919,1,0.45515251570405424
5920,0,0.004842640127028674
5921,0,0.012759475816171059
5922,0,0.5067495700348787
5923,0,0.08619604561820039
5924,0,0.07312212022988138
5925,0,0.12873143161667724
5926,0,0.015939747762818392
5927,1,0.26312792098284343
5928,0,0.08106130752068665
5929,0,0.03115214815589778
5930,1,0.3658273093837863
5931,0,0.011474638317931619
5932,0,0.04326321476802387
5933,1,0.4668696841366633
5934,1,0.8134613434820626
5935,1,0.7559105111231205
5936,0,0.20545477500948578
5937,1,0.4453772880344232
5938,0,0.002519176337169723
5939,0,0.03782125041239368
5940,0,0.0714488884640074
5941,0,0.14263984147763245
5942,0,0.6442523874987982
5943,0,0.0008842930278960996
5944,0,0.002259893961148355
5945,1,0.23178087292403513
5946,0,0.0028002990960079833
5947,0,0.02109284269984223
5948,0,0.11884076617006917
5949,0,0.020341784443854462
5950,0,0.6616674740688799
5951,1,0.9502539362612694
5952,1,0.7374523616431846
5953,0,0.6901189658080892
5954,1,0.6692471320260068
5955,0,0.04083028852524963
5956,0,0.000171561354560099
5957,0,0.09955837133334149
5958,0,0.0009396171654864185
5959,0,1.082670020200483e-05
5960,0,0.0011480278163357985
5961,0,0.0077610861201855815
5962,0,0.05617009291419751
5963,0,0.0002096380008002993
5964,0,0.2478894690401636
5965,1,0.20838374882769986
5966,0,0.04194171754865126
5967,0,0.12541219264623912
5968,0,0.15752087022686964
5969,0,0.003214122711436769
5970,0,0.28408408968910237
5971,0,0.03322819805752422
5972,1,0.8095529810988032
5973,0,0.7037688342082699
5974,0,0.46603048242083733
5975,0,0.00030120472727057396
5976,1,0.4443235181678622
5977,0,0.001162013890857243
5978,0,5.116099831037663e-05
5979,0,0.004869070346939652
5980,0,0.006314890226444329
5981,1,0.4456170000424804
5982,0,0.17823594979448265
5983,0,0.048683707853428716
5984,0,0.45334774121404947
5985,1,0.2909851425776635
5986,0,0.11039051790891521
5987,0,0.08083448949597234
5988,0,0.025439030788283336
5989,0,0.0760431113089184
5990,0,0.018020112332376
5991,1,0.5640785182570576
5992,1,0.2782473255202733
5993,0,0.29483906183176056
5994,1,0.8222591921369946
5995,0,0.2174933843017556
5996,0,0.004707062280032912
5997,0,0.5622220279476569
5998,0,0.09795067938992916
5999,0,0.0010043283940090804
6000,0,2.1730565397425686e-05
6001,0,0.016747466845439395
6002,1,0.05916314130132931
6003,1,0.5441418784340857
6004,1,0.6711719189176403
6005,0,0.03438197409701107
6006,0,0.004502945362713718
6007,0,0.10161474574324195
6008,1,0.23821527463339234
6009,0,0.08551403985030623
6010,0,0.4185155241330909
6011,0,0.0041322537340806615
6012,1,0.1259026640676436
6013,0,0.0763128793423651
6014,0,0.7774879903544968
6015,0,0.07857625155333695
6016,0,0.13466962569767785
6017,0,0.0026294424718266143
6018,0,0.0004970183467377221
6019,0,0.01593041288905293
6020,1,0.9299213185890096
6021,0,0.4090912547987683
6022,0,0.044099090705170985
6023,0,0.003268569255861584
6024,0,0.3162563042750553
6025,0,0.00482839970388486
6026,1,0.7657256380908043
6027,1,0.5915094429516888
6028,0,0.41374398938631834
6029,0,0.0009566337706170493
6030,1,0.7136262057929552
6031,0,0.100897732257971
6032,0,0.5651251178854799
6033,0,0.007993978953144503
6034,0,0.00151056103482312
6035,0,0.002349463165871474
6036,0,0.0014350679520760904
6037,0,8.958200253759357e-15
6038,0,0.07932584684190964
6039,0,0.08091236506815115
6040,0,0.19043191649025007
6041,1,0.20660991995599545
6042,0,0.0008702116040705549
6043,1,0.08094858162850314
6044,0,0.07381828274158186
6045,0,0.5098625943399214
6046,0,0.009506062694093797
6047,0,0.023057049237543686
6048,0,0.005175538069052974
6049,0,0.01156645633645133
6050,0,0.037407945270668264
6051,0,0.06104041757307161
6052,0,0.07571264335331018
6053,0,0.006005532259281076
6054,0,0.021717898940828335
6055,0,0.10503072074754723
6056,0,0.07424591514250879
6057,1,0.846280675288733
6058,0,0.1800207382606632
6059,0,0.0026937913739994677
6060,0,0.057476314440454035
6061,0,0.1103118964000204
6062,1,0.18704969829709217
6063,0,0.00013977427515211898
6064,1,0.20561394320711604
6065,0,0.10477162254934351
6066,0,0.6674696420568504
6067,0,0.07389669363686284
6068,0,0.05054203625694666
6069,0,0.006485881435539101
6070,0,0.030902132275197974
6071,0,0.010110157818391063
6072,1,0.516080941413721
6073,0,0.001388519818923853
6074,0,0.0010757485696772492
6075,0,0.05488600969503084
6076,1,0.5186030881713446
6077,0,0.00010449120733338024
6078,1,0.7810968263568132
6079,0,0.02140593261614389
6080,0,0.15800839980079245
6081,0,0.0003703964385660601
6082,0,0.11908579919733747
6083,0,0.0031491655465023705
6084,0,0.021013622508636243
6085,0,0.15127735957677432
6086,1,0.5614838028314999
6087,1,0.5726358044247613
6088,1,0.9624399631553581
6089,0,3.2683413583251236e-05
6090,0,0.027930043079340473
6091,0,0.00595706460009633
6092,0,0.7450752889477413
6093,0,0.24219099316678133
6094,0,0.20744338603844278
6095,1,0.861432743478135
6096,0,0.6544233232652445
6097,1,0.6209293623051809
6098,0,0.010745328239537244
6099,1,0.12544766098003232
6100,0,0.01119930025184722
6101,0,0.008730648454688067
6102,0,0.0051875422618295
6103,0,0.00031790103573406045
6104,0,0.033651940299109694
6105,0,0.022545172588940423
6106,0,0.6033826027977185
6107,0,0.020908790440188747
6108,0,0.017502135927680518
6109,0,0.5946344522900039
6110,0,0.0019123982994164578
6111,0,0.015992579791353
6112,0,0.0007327246946062433
6113,1,0.6434444036786539
6114,1,0.8491812871067145
6115,1,0.0017171950998092435
6116,0,0.2631759764468091
6117,0,0.007692301798228674
6118,1,0.6361823903949223
6119,0,0.08601927465960241
6120,0,0.011934118375172166
6121,0,0.0308402523392523
6122,0,0.013830542561773695
6123,0,0.17648045738868123
6124,0,0.001433718521472457
6125,0,3.519522123228247e-05
6126,0,0.00035881061432610706
6127,1,0.5934754526042377
6128,0,0.1344894605146203
6129,0,0.022866987133292244
6130,0,0.00175550425489106
6131,0,0.05671674138109977
6132,0,0.012968876626644718
6133,0,5.6430849938453724e-05
6134,0,0.01510144131606971
6135,0,0.06459699004279065
6136,1,0.3224099960807887
6137,0,0.0012042604499446518
6138,0,0.025793060082369076
6139,0,0.0004172831614798625
6140,0,0.14177396988675034
6141,0,0.004051658524298088
6142,0,0.1337080744755403
6143,1,0.23901918634872726
6144,1,0.03318752273499452
6145,1,0.48481705159960237
6146,0,0.42827985348329706
6147,0,0.15745745620281837
6148,0,0.013556973487985733
6149,0,0.04312836725387873
6150,0,0.000219871186393184
6151,0,0.014645475298685696
6152,1,0.34943935027299716
6153,0,0.24678010349680604
6154,0,0.1873821415429855
6155,0,0.0017984665807784573
6156,0,0.1475815362355952
6157,0,0.3894088434074015
6158,0,0.009781991256529463
6159,0,8.862657874369052e-05
6160,1,0.43187037850831805
6161,1,0.7845769680776231
6162,0,0.01831596890025784
6163,0,0.015121516652913803
6164,1,0.24118490643290194
6165,0,0.044727484563325516
6166,0,0.12112338075145439
6167,0,0.080170259644074
6168,0,0.027005248101980007
6169,0,0.015437536218258146
6170,0,0.0010901031351710953
6171,0,0.1210444150361306
6172,0,0.20732703439615446
6173,0,0.27580076947538384
6174,0,0.00036069826219280946
6175,0,0.013430420695773326
6176,0,0.3368483035782243
6177,0,0.12356584269081394
6178,0,0.005162748215836986
6179,0,0.0012562006578752402
6180,0,0.0025846061759624873
6181,0,0.3359388040783182
6182,1,0.9160409341601387
6183,0,0.008278819067917362
6184,0,2.0164062701838827e-05
6185,0,0.048224921880705506
6186,0,0.006698396840161689
6187,0,0.6923434356796113
6188,0,0.06114258214886206
6189,0,0.006165255047304839
6190,0,0.0001962083487743611
6191,0,0.0572928243467254
6192,0,0.47557282719920135
6193,0,0.0022840511771079195
6194,0,0.00042380436497057753
6195,0,0.21058406255664458
6196,0,0.0003025964231290619
6197,0,0.06301683208192561
6198,0,0.0008750479303311818
6199,0,3.427461566725154e-05
6200,0,0.00010672500315278762
6201,0,0.041165895690132875
6202,0,0.0032338754300207002
6203,0,0.24400800708560724
6204,0,0.017054733672828677
6205,1,0.7481837487061083
6206,0,0.014146746481123813
6207,0,0.6950399183446125
6208,0,0.001665773952821322
6209,0,0.5211003621946467
6210,0,0.001991720677724976
6211,0,0.2035109269657419
6212,1,0.3773491257813342
6213,0,0.003814609321876594
6214,0,0.0708145520105341
6215,1,0.7212328196974714
6216,0,0.0050353151830866355
6217,0,0.006084429019712408
6218,0,0.00303457714787759
6219,1,0.5042936248988517
6220,0,0.0295095355905988
6221,1,0.12241043635070317
6222,0,0.0010750266021329396
6223,0,0.01508637579676644
6224,0,0.0017919213483769446
6225,1,0.4664948289158027
6226,0,0.0374562578252538
6227,0,0.004232099442843486
6228,0,0.14853728638606917
6229,0,0.47435351145442206
6230,0,3.509154403315078e-05
6231,0,0.013094041617782017
6232,0,0.059785383156074706
6233,0,0.25846498765868997
6234,0,0.0038610963985970517
6235,0,0.580533348038282
6236,0,0.011451597506721593
6237,0,1.9225514982126763e-14
6238,1,0.27298792906220687
6239,0,9.7580717167926e-05
6240,1,0.5497661256311936
6241,0,0.07033592241129166
6242,0,0.13299301107227243
6243,1,0.6685698738086253
6244,0,0.0003883556222720937
6245,0,0.07555200667786031
6246,0,0.19854674411121953
6247,0,0.0023427613794260588
6248,0,0.2928039200307829
6249,1,0.39936088975525985
6250,0,0.18487579714321292
6251,0,0.5230042381647451
6252,0,0.014973019694442685
6253,0,0.002560695128371732
6254,0,0.2711663866456963
6255,0,0.35883883945328193
6256,0,0.0026711500619617055
6257,0,0.00011558567642371252
6258,0,0.0936024234331677
6259,0,0.21387383941375646
6260,0,0.058246145389733
6261,0,0.09167359340557087
6262,0,0.032647008345123574
6263,0,0.24345271628447537
6264,0,0.0033442328092528825
6265,0,0.007857264274304892
6266,1,0.7910293726305369
6267,0,0.0001363118532240695
6268,0,0.0017992152828262612
6269,0,0.3351103298183493
6270,1,0.6751362556685137
6271,0,0.03151692979428787
6272,1,0.5870402424910873
6273,0,0.3880375511271594
6274,0,0.19470366287709007
6275,0,0.020839403441410036
6276,0,0.003169179440244449
6277,0,0.07064968514879377
6278,0,0.05572376390837582
6279,0,0.01136772875790521
6280,0,0.016872705345730675
6281,0,0.003091455962849489
6282,0,0.09175609186593905
6283,1,0.6235615894409187
6284,0,0.024907712573364223
6285,0,0.09429327053230889
6286,0,0.7619632357011235
6287,0,0.1325266746512031
6288,0,0.06369296296469995
6289,0,0.00625109075634368
6290,0,6.307939236996282e-05
6291,0,0.2330636393885899
6292,1,0.6093944746732575
6293,1,0.8775428851176789
6294,0,0.2699263057654137
6295,1,0.5506075000419508
6296,0,0.04297303210968084
6297,0,0.13902070064217684
6298,1,0.659200984147242
6299,0,0.011361984992772535
6300,0,0.02198342996948622
6301,1,0.6231574650970869
6302,0,0.00870978338830728
6303,0,0.9648816517074177
6304,0,0.07122002237159564
6305,1,0.3775937356482111
6306,1,0.5736884805167611
6307,0,0.08097786012630791
6308,1,0.8781985273757789
6309,0,0.20611834329763162
6310,0,0.002109621679414758
6311,0,0.2191085810528943
6312,0,0.0035472503664358765
6313,0,1.0334765081908048e-06
6314,0,0.04657768584605387
6315,1,0.4669593098471378
6316,0,0.02011013066504003
6317,0,0.7195433257028987
6318,1,0.5671355851516651
6319,0,4.5554734302473953e-05
6320,0,0.005961166671544289
6321,0,0.00036258265539473313
6322,0,0.02444206504478527
6323,0,0.5126525916372894
6324,0,0.011894262477432707
6325,0,0.0031363628900170407
6326,0,4.570618953141169e-05
6327,0,0.5263701903424247
6328,0,0.08587719938198485
6329,0,0.004964178870403554
6330,0,7.978872390111794e-06
6331,0,1.1115802709297926e-05
6332,0,0.05297727593196434
6333,0,0.010024346607693836
6334,0,0.02952602802799159
6335,0,0.04627331932596552
6336,0,0.10089769321624764
6337,0,0.0024635649857996157
6338,0,0.37740839220726113
6339,0,0.009985841443994408
6340,0,0.20438593928806645
6341,0,0.03220470922446522
6342,0,0.034280465443976074
6343,0,0.0004908832814624789
6344,0,0.11829705193176991
6345,0,0.3585335526652962
6346,0,0.009611488325484403
6347,0,0.05698456354234209
6348,0,0.06838641539531153
6349,0,0.6231230892384053
6350,1,0.29618612099751634
6351,0,0.030380085771703716
6352,0,0.08976441751885654
6353,1,0.17413762617839754
6354,0,0.1143156995292464
6355,0,0.03213231915815838
6356,0,0.10902424649087517
6357,1,0.7028302195495381
6358,0,0.0037471619548109284
6359,0,0.09141935258049373
6360,1,0.36878849187418794
6361,0,0.0004773378813182492
6362,0,0.12729438958669817
6363,1,0.526338250675119
6364,0,0.006117261808323053
6365,0,0.1157877564759328
6366,0,0.1406606900439478
6367,0,0.0028835307894129448
6368,0,7.679090647202162e-05
6369,0,0.029689319391549642
6370,1,0.7817020450205505
6371,1,0.8369492073923641
6372,0,0.04852380888510242
6373,1,0.6824049331823633
6374,0,4.20556292856374e-05
6375,0,0.013993126905497338
6376,0,0.002019580557085299
6377,0,0.0005829111783438044
6378,0,0.13124006149376144
6379,0,0.0015036458461462085
6380,0,0.02473680972785561
6381,0,0.06414711191804617
6382,0,0.1613503188218998
6383,0,0.023698032213290185
6384,1,0.8003739684428345
6385,0,0.1895583403169169
6386,0,0.006203971520507493
6387,0,0.027989795881552336
6388,0,0.005127000041139021
6389,0,0.00016787672625542696
6390,0,0.016987343477394574
6391,0,0.0003925297167848066
6392,0,0.00665044663428665
6393,0,0.011998490594424278
6394,0,0.007312814826394156
6395,0,0.0022323209556382503
6396,0,0.02068328382443253
6397,0,0.08203328831395265
6398,0,0.009600712441530549
6399,0,0.0898481993545404
6400,0,0.02506054626045651
6401,1,0.6798262809835685
6402,1,0.7786146562676003
6403,0,0.00238944047470447
6404,1,0.8516549161632785
6405,1,0.1777523615878167
6406,0,1.9874892674572967e-06
6407,0,0.5718433185934217
6408,0,0.48344696294043965
6409,0,0.2685497506786103
6410,0,0.043953569630036264
6411,0,0.010279811352552237
6412,0,0.1591575799551629
6413,0,0.0006265110972584763
6414,1,0.1174210637559856
6415,1,0.4388884348804901
6416,0,0.10920391396312082
6417,0,0.008069269152350114
6418,0,0.0010346377929165355
6419,0,0.7911974747079971
6420,1,0.8686417780267305
6421,0,0.008894506232579482
6422,0,0.011065775555106823
6423,0,0.27830884213396145
6424,0,0.06393973270555375
6425,0,0.2770321030473744
6426,0,0.03944829459928182
6427,1,0.5706166990122054
6428,1,0.5048951929116632
6429,0,0.10160909015258919
6430,0,0.0002813965976898392
6431,0,0.0004956447917846118
6432,0,0.029081629040003054
6433,1,0.0607199539543988
6434,0,0.2705713780524758
6435,1,0.48280092529174157
6436,0,0.16667108314148438
6437,0,0.8254399546276168
6438,1,0.7053888058155232
6439,0,0.00022195304091364099
6440,0,0.04104145121451139
6441,1,0.9219119800522226
6442,0,0.035226730363925485
6443,0,0.009098309135034828
6444,0,0.27276784265327303
6445,0,0.05165484888529408
6446,0,2.2718963481408627e-05
6447,0,0.0002693381061361713
6448,0,0.007150849928257459
6449,0,0.033349460987351136
6450,0,0.20522920098680594
6451,0,0.09729252995368033
6452,0,0.0007678623693206512
6453,0,0.03977183725786752
6454,0,0.07380816533673591
6455,0,0.007494010729859902
6456,0,0.004327282183022291
6457,1,0.5819789933869421
6458,0,0.058117417810371795
6459,0,0.08203043147505845
6460,0,0.002395294068169936
6461,0,1.5729071598148368e-05
6462,0,0.05778476017623831
6463,1,0.7351751378743825
6464,0,0.7152966654287609
6465,1,0.6833220882259334
6466,0,0.9033250694748416
6467,0,0.002024358069148606
6468,0,0.3189664373200697
6469,1,0.20944003453363091
6470,0,0.003178558294620875
6471,0,1.9606911320036346e-05
6472,0,0.01800283676152654
6473,0,0.6316171541149453
6474,0,0.06726028428764722
6475,0,0.08924625018009218
6476,0,0.0368570694450034
6477,0,0.17604543599898362
6478,0,0.01539545136155725
6479,0,0.3444791289664684
6480,0,7.461991815973379e-05
6481,0,0.5327803094291257
6482,0,0.00155314547666826
6483,0,0.0027893213589851337
6484,0,0.10463999446296664
6485,0,0.3891586372663281
6486,0,0.1421221948420277
6487,0,0.3771514403751044
6488,0,0.00946163578069525
6489,0,0.02608577938079002
6490,0,0.04124727475200458
6491,0,0.00200706284056645
6492,0,0.001117887245918972
6493,0,0.11298345752502953
6494,0,3.7023352213370012e-06
6495,0,0.00747065634934033
6496,1,0.8454306950420237
6497,0,0.8519797694376289
6498,0,0.0008599048909860821
6499,1,0.3492904487275317
6500,0,0.010027270666319235
6501,1,0.6873215876783648
6502,0,0.0002871868804581303
6503,0,0.5490800596992998
6504,0,0.002667999493236061
6505,0,0.049231134492467674
6506,1,0.5793093994169
6507,1,0.5803149193960377
6508,0,0.016090720495120066
6509,0,0.5122427145134096
6510,1,0.7391536862785281
6511,0,0.0003233357023213314
6512,0,0.5773955774217941
6513,0,0.007749556463674537
6514,0,0.18554430126056073
6515,1,0.5398336909187416
6516,0,0.0007473955575339681
6517,0,0.0843750570373276
6518,0,0.005769307574036702
6519,0,0.023443554707832697
6520,0,0.2622727671590261
6521,0,0.09260332448526647
6522,0,0.10160172958501552
6523,1,0.8966911673336473
6524,0,0.017830064179980374
6525,1,0.6846623879555981
6526,0,0.00027057731409145004
6527,0,0.6405058182041267
6528,1,0.2781291601348275
6529,0,0.008706950894964378
6530,0,0.001043495142133763
6531,0,5.4799404194456376e-05
6532,0,0.35424688271565546
6533,0,0.00014430024945239828
6534,0,0.0009605326965299375
6535,0,0.44229800600073077
6536,1,0.28012631972405844
6537,1,0.7162163415132611
6538,0,0.0003627741571664065
6539,1,0.41114350119763604
6540,0,0.4426621225715932
6541,0,0.0002059275425787467
6542,0,0.005910664952674687
6543,0,0.04547560008083253
6544,1,0.35061014592138073
6545,0,0.000491200275212386
6546,0,0.034512112443671326
6547,0,0.35025880343666776
6548,0,0.38103007692314916
6549,0,0.6281484425765265
6550,0,0.007902843067448638
6551,0,0.033726397771571465
6552,0,0.059656167630597084
6553,0,0.056204528193866184
6554,0,0.006783581626815397
6555,0,0.04101157749433477
6556,1,0.15400507223202664
6557,0,0.01698559142820288
6558,0,0.756627117504902
6559,0,0.036093491144526015
6560,1,0.8426490855721231
6561,0,0.010903637056681096
6562,0,0.00185699533430116
6563,1,0.7340460650283126
6564,1,0.7861120347197001
6565,0,0.007125997102456414
6566,0,0.014803113651211433
6567,0,0.15874882998141443
6568,1,0.7553431667227231
6569,0,0.05883422345240627
6570,1,0.5866925519706757
6571,1,0.9232904681501221
6572,0,0.0031172035852778624
6573,0,0.03186348959520629
6574,0,0.0005304846701209178
6575,1,0.8435668235043126
6576,0,0.0318900068792793
6577,1,0.6057014992290306
6578,0,0.6692623398984863
6579,1,0.7234118886177001
6580,0,0.32295618285045535
6581,0,0.5284746797246849
6582,0,0.14167299223421093
6583,0,0.02570052292511782
6584,0,0.03732231248022122
6585,1,0.05817132671674489
6586,0,0.002318095190688809
6587,0,0.2761227468873176
6588,0,0.04551623389768347
6589,0,0.00025101131098000237
6590,0,0.6969708124710191
6591,0,0.2680965495266882
6592,0,0.0013829190572117998
6593,0,0.007826426397818628
6594,0,0.6193826310313296
6595,0,0.001252204918446728
6596,1,0.7910519056060837
6597,0,0.02911670125342033
6598,0,0.26612137594386165
6599,0,0.08344666992230093
6600,0,0.025589942067189016
6601,1,0.020974185002033973
6602,0,0.000809430684857989
6603,0,0.064270352136515
6604,0,0.0881614810361051
6605,0,0.0026706739793836017
6606,0,0.028956746929554078
6607,0,0.1797782795604564
6608,0,0.3183424636404333
6609,0,0.0004454765988978248
6610,1,0.10702714760314426
6611,0,0.025098888571504396
6612,0,0.041406265054696266
6613,0,0.006666454910822555
6614,0,0.6835625311433254
6615,0,0.3893872073192999
6616,0,0.2763510650897751
6617,0,0.0014723256070128977
6618,0,0.07429394540719964
6619,1,0.699731888925699
6620,0,0.0001649210065798731
6621,0,0.029711212343175506
6622,0,0.10689742268606409
6623,0,0.004528935697522409
6624,0,0.013877104279470696
6625,0,0.027959903850419777
6626,0,0.019223203467521297
6627,0,0.004235913700090398
6628,0,0.12663490587641685
6629,1,0.8589192122147449
6630,0,4.0709573792994136e-05
6631,1,0.7269217296664027
6632,0,0.026836516650362924
6633,0,0.004388869480145176
6634,0,0.07590293007398857
6635,0,0.19202088064861614
6636,0,0.5201701029790642
6637,1,0.9018962948883299
6638,0,0.02764409916823404
6639,0,0.03134063564376635
6640,0,0.7736128637548767
6641,0,0.511804018408862
6642,0,0.003564109636261515
6643,1,0.8345892258713438
6644,0,0.0016024806013947557
6645,0,0.0016500153165439372
6646,0,0.0785368898449927
6647,1,0.5886064410678095
6648,0,0.3996602206272437
6649,0,0.004079582734861839
6650,0,0.0003894148356736426
6651,0,0.17261596302703372
6652,0,0.0002229690121090454
6653,1,0.40244312684719297
6654,1,0.11867634876707757
6655,0,0.023040911316674254
6656,0,0.0008303677395509125
6657,1,0.5875784661513163
6658,0,0.0519311225348858
6659,0,0.0051978909824774945
6660,1,0.8711934073136194
6661,0,0.30088734409765594
6662,0,0.0211672892053747
6663,1,0.9337029811942922
6664,0,0.09611521224858534
6665,1,0.08346068789763716
6666,0,0.025091747886830273
6667,1,0.46885307166424206
6668,0,0.4586934327505728
6669,1,0.10804212546146827
6670,0,0.005780053456876362
6671,0,0.0026590309474162767
6672,0,0.023545976993061896
6673,0,0.00012336904525760636
6674,0,0.0006985345650895045
6675,0,0.1340141913897444
6676,0,0.06374873806972088
6677,0,0.021876051479966453
6678,1,0.7213681719028479
6679,0,0.0016433906285598864
6680,1,0.8783696723519153
6681,0,0.14797425042610796
6682,0,0.4753289330454409
6683,0,0.007215499615398326
6684,1,0.7804639337132738
6685,0,0.0054436019531072305
6686,0,0.21306639415664366
6687,1,0.2805474552716292
6688,0,0.004260269959569126
6689,0,0.034373873603779824
6690,0,0.004448186523273112
6691,0,0.054699272365743096
6692,0,0.08846302402177789
6693,0,0.3754958130611021
6694,1,0.024196115499359617
6695,0,0.8802047772067866
6696,0,0.6368617663319365
6697,0,0.007968272474312735
6698,0,0.007955027750744508
6699,0,0.009064543482143203
6700,0,0.0006464287859174004
6701,0,0.002664560144788849
6702,0,0.002514998283032396
6703,1,0.5611429998260047
6704,0,0.014245278402936329
6705,0,0.00019249604357406637
6706,0,0.12452454530931648
6707,0,0.010613566235080056
6708,0,3.861559893294952e-05
6709,0,0.037518255661983205
6710,0,0.00602547792518491
6711,1,0.5898490219348533
6712,1,0.5489328480814089
6713,0,0.073808996886413
6714,1,0.45472078358035
6715,0,0.041425940908627584
6716,0,0.31918629039918184
6717,0,0.006653184442305444
6718,0,0.16598118486168129
6719,0,0.4355889451984928
6720,0,0.05357213521857372
6721,0,0.22213962183917277
6722,1,0.6397717348182463
6723,0,0.01621775683711451
6724,0,0.3200601485571135
6725,1,0.7834204078410145
6726,0,0.10982694723088555
6727,0,0.0028192669795424137
6728,0,0.000899474956156971
6729,0,0.0539794977734349
6730,0,0.13412655297536002
6731,0,0.18119983134248233
6732,0,0.7737259422780042
6733,0,0.05262608347319629
6734,0,0.023236185141298278
6735,1,0.654758406292238
6736,0,0.015321090560654432
6737,0,0.006812735282246908
6738,1,0.08701465445394856
6739,0,7.259212835456828e-05
6740,0,0.01964216012950217
6741,0,0.20321959232987
6742,1,0.32052844950189713
6743,1,0.5374694165604044
6744,1,0.7148932609976089
6745,0,0.04396994385342855
6746,0,0.006414063436895968
6747,0,0.009347896651378706
6748,1,0.6832248302775612
6749,0,0.04508753235376441
6750,0,0.18036134331974357
6751,0,0.03806501807715275
6752,1,0.8298583652908802
6753,0,0.012308626160115655
6754,1,0.7133503890471405
6755,0,0.0012863735706279149
6756,0,0.07845375442383334
6757,0,0.021767624652522632
6758,0,0.05911295494603907
6759,0,0.09643622444109654
6760,1,0.4785202322842456
6761,1,0.731560835814751
6762,0,0.4610973858138185
6763,0,0.05343403509096946
6764,0,0.6235417580812489
6765,0,0.01731702942651937
6766,0,0.026812042962605
6767,1,0.7138392186643276
6768,0,0.053538614807907295
6769,0,0.0013849367184636597
6770,0,0.0292117950501467
6771,0,0.38163973313001226
6772,0,0.0564476646905671
6773,0,0.2451231414683439
6774,0,0.011498032010072833
6775,0,0.04424047025432115
6776,0,0.0004196690246647343
6777,0,0.044494542127225596
6778,0,1.6175971291643147e-05
6779,0,0.130384306545498
6780,0,0.0011236034719739499
6781,0,0.0015429767013693486
6782,0,0.3494750379656353
6783,0,0.08502074736413942
6784,0,0.0031014563678563403
6785,0,0.011722555095298607
6786,0,0.003448919881737796
6787,1,0.6863325397627893
6788,0,0.10774231598726426
6789,0,0.6531257584570855
6790,0,0.004185965796347006
6791,0,0.11243409061953949
6792,0,0.5318241040533813
6793,0,0.00023868181974976595
6794,1,0.47682893567452483
6795,0,0.02538360481708498
6796,1,0.6810026996749513
6797,1,0.4086453417679585
6798,1,0.6657266377823681
6799,1,0.5112065814766528
6800,0,0.8534159347979331
6801,1,0.7068810271397266
6802,0,3.136597056444141e-05
6803,0,0.005389758586313546
6804,0,0.20693882866586166
6805,0,0.13419961860073654
6806,1,0.23630522304197818
6807,1,0.8357394718110052
6808,0,0.1450598608422743
6809,1,0.43428159171700925
6810,0,0.0027063232994021945
6811,0,4.757266429708068e-05
6812,0,0.4578380680834092
6813,0,0.0016013258928274706
6814,0,0.0052015554696765625
6815,0,0.28151497549735677
6816,1,0.35973407844675553
6817,0,0.4332236252056306
6818,1,0.6934816685431616
6819,0,0.07656758880473662
6820,0,0.0011156830514248526
6821,1,0.6656538517563336
6822,1,0.3120797374935383
6823,0,0.39994758270986314
6824,0,0.0048686755209517325
6825,0,0.008244623681527907
6826,1,0.7365796978410207
6827,0,0.5983747270486688
6828,1,0.7409268682811105
6829,0,0.0023692861758996047
6830,1,0.69614675294928
6831,0,0.13723368688554052
6832,0,0.004468461126435279
6833,0,0.008989252015387618
6834,0,0.1692737053922794
6835,1,0.29309089158948415
6836,1,0.3987804288662536
6837,0,0.016969666427561484
6838,0,0.0005382790010005225
6839,0,0.001813916558542983
6840,1,0.5387667197127645
6841,0,0.004594277404384841
6842,0,0.7042511937892331
6843,0,0.006756404409149982
6844,0,0.001204860104115151
6845,0,0.005943683154674922
6846,0,0.006795447756482864
6847,0,0.014106262918569888
6848,1,0.6040478519755356
6849,1,0.5977619633635778
6850,0,0.0011679959769800726
6851,0,0.007947495474674058
6852,1,0.8217019100292877
6853,1,0.41663142787467594
6854,0,0.00024519025498629456
6855,0,0.1037686399306149
6856,1,0.7865271775048936
6857,0,0.29567050335916883
6858,1,0.2759908720964228
6859,0,0.011469925361890756
6860,1,0.27385028566550584
6861,0,0.16331923882288174
6862,1,0.9431310473892509
6863,1,0.2562557565514373
6864,1,0.7383905034302202
6865,0,0.02295524982681849
6866,1,0.9278106845016625
6867,1,0.8861796205647193
6868,0,0.001588769685370091
6869,0,0.01884145532469312
6870,0,0.0020597194698361047
6871,0,0.7149181494294106
6872,1,0.9233573397268093
6873,1,0.3815559307416966
6874,0,0.17943265380387494
6875,0,0.8186913544649331
6876,0,0.0029477552152673845
6877,0,0.019888333607454074
6878,0,0.1674437497680609
6879,1,0.16603040902456262
6880,0,0.016978116542115382
6881,0,0.04044710437170877
6882,0,0.1314865770678075
6883,1,0.5175168975849458
6884,0,0.13730501981479876
6885,0,0.005063671304716765
6886,0,0.020745595588475232
6887,0,0.4456781023243721
6888,0,0.1210176038591611
6889,0,0.09148280077851015
6890,0,0.10717620411366753
6891,0,0.23364858595168084
6892,0,0.10105732405283885
6893,0,3.425126853832791e-06
6894,0,0.0015177271033664874
6895,0,0.050288448382510065
6896,0,0.016935715952337373
6897,0,0.0010105845970851193
6898,1,0.8249768153812623
6899,0,0.20218409315813735
6900,0,0.03559091898265645
6901,0,0.003151539074716071
6902,0,0.04079394343907123
6903,0,0.16770735881555257
6904,0,0.12193565733491193
6905,0,0.04483971191877896
6906,1,0.4639075474224753
6907,0,0.011714125863481873
6908,0,0.010482321924899545
6909,0,0.3115442002793744
6910,0,0.7591351993721849
6911,0,0.023962892905464713
6912,0,0.04851658243607354
6913,1,0.5078370612310719
6914,0,0.35359770108540134
6915,0,0.6595431781558685
6916,1,0.7019701867786506
6917,1,0.9004323331650745
6918,1,0.49602169398945656
6919,0,0.19725207852348
6920,0,0.000589605118006698
6921,0,5.078125118732562e-05
6922,1,0.8305955743142992
6923,0,0.0006507153860210563
6924,0,0.32850051268728897
6925,0,0.05054113188941967
6926,0,0.006865699399454736
6927,0,0.062277835027387464
6928,0,0.05033751514718746
6929,0,0.001524025351770291
6930,0,0.004936045146000372
6931,0,0.00530328876109319
6932,0,0.00039544215499787383
6933,1,0.691091135840956
6934,1,0.20719134163883698
6935,0,0.003347885285616081
6936,0,0.002411662114662911
6937,0,0.009091509568848804
6938,1,0.05818580283191082
6939,0,0.02405577149626237
6940,0,0.027430209303154603
6941,1,0.8124880863165456
6942,1,0.4805523832711896
6943,0,0.0070887950397269
6944,0,0.01279993118743932
6945,0,0.020640239712068725
6946,0,0.040545983475128826
6947,0,0.002454262429200019
6948,0,8.75894723247784e-05
6949,0,7.661023199953644e-18
6950,1,0.7445967024077383
6951,0,0.05973204709572635
6952,0,0.01169626457575538
6953,0,0.10423668146322206
6954,0,0.06651354587129879
6955,0,0.005696903946541005
6956,0,0.1941550194641859
6957,0,0.051162758806589596
6958,0,0.32493639848762973
6959,0,0.004025448210682257
6960,0,0.21256302737160868
6961,0,0.023740035342746716
6962,1,0.6399282825104766
6963,0,0.1436420834213773
6964,1,0.4804685793440784
6965,1,0.2208213857648977
6966,0,0.15486845710949088
6967,1,0.6760967114036885
6968,0,0.14898451510975536
6969,0,0.005795143514522238
6970,0,0.03520963502394464
6971,0,0.050764272591073634
6972,0,0.012361116942840153
6973,0,0.002761972647950012
6974,0,0.35160733546431877
6975,0,0.37609396059869193
6976,0,0.027978517019776307
6977,1,0.46619978963748443
6978,0,0.0016256674759239646
6979,1,0.8386847389378022
6980,1,0.2866580161365467
6981,0,2.9252732330372055e-05
6982,0,0.3217644028278226
6983,0,0.07362853077644135
6984,1,0.773094110922848
6985,1,0.377374606356353
6986,1,0.21058250992734454
6987,1,0.5572182720852953
6988,0,0.22755791474648912
6989,0,0.05668824391623814
6990,1,0.6423573852707625
6991,0,0.07905377208725592
6992,1,0.6826905803984719
6993,0,0.05018805399570336
6994,0,0.013287957403731806
6995,0,0.0033507055126233355
6996,0,0.0026683988634757048
6997,0,0.0771173602092616
6998,0,0.03370811467767299
6999,0,0.10123297198614302
7000,0,0.10455955895429504
7001,1,0.290606692181791
7002,0,8.397184147103853e-05
7003,0,0.0020898263091936185
7004,1,0.605080769946343
7005,0,0.009500008716919557
7006,0,0.03298659887351511
7007,0,0.038393123936186775
7008,0,0.2126233658330746
7009,0,0.09441818170839504
7010,1,0.3949469815473997
7011,1,0.6243030015456529
7012,0,0.02585461415404962
7013,0,0.13528396749327024
7014,1,0.4928310059502834
7015,0,0.026352879128345594
7016,0,0.002770874494300567
7017,0,0.10661395034296425
7018,0,0.7105845019582844
7019,0,0.00021765503278566579
7020,0,0.002214556371652518
7021,0,0.021226325711049182
7022,0,0.04133583634931356
7023,0,0.005307938017922891
7024,1,0.5376814778590457
7025,0,0.013939910095914087
7026,1,0.5632487812168225
7027,0,0.01241274004624293
7028,1,0.9639140883894652
7029,0,8.278315623721755e-06
7030,1,0.3229682669335559
7031,1,0.7150912599323709
7032,0,0.009830965270781755
7033,1,0.8356655710113953
7034,1,0.6269360652006067
7035,0,0.008517055577206516
7036,0,0.18954457243707312
7037,0,0.000617251956358908
7038,1,0.894188357717828
7039,1,0.9612452361944354
7040,0,0.002259765928807663
7041,0,0.04243407390807224
7042,0,0.01005781334010449
7043,0,0.007734851759182925
7044,0,0.22621575292412097
7045,0,0.027173755564775
7046,0,0.02025693492841079
7047,0,0.1819478762625069
7048,0,0.12177457626488644
7049,0,0.017383390030739073
7050,0,0.01680495414159787
7051,0,0.09779532040049373
7052,0,0.016876882774912894
7053,0,0.003790555896846553
7054,0,0.16486885901890597
7055,0,0.08511353296672766
7056,0,0.19526264487110248
7057,1,0.1698923870336551
7058,0,0.009405523669423696
7059,0,0.0014048464507069064
7060,0,0.0021402929553186786
7061,0,0.019615004641132427
7062,1,0.7817474994094553
7063,0,0.22053901173043464
7064,0,0.0006543645831720653
7065,1,0.43461995741936743
7066,0,0.006364753263868043
7067,0,0.00040985973700535046
7068,0,0.014026492026952378
7069,0,0.04770275158698703
7070,0,0.029239554935801874
7071,0,0.2078978023484678
7072,0,0.38607559797827623
7073,0,0.0013331336513630835
7074,0,0.0032975504284585883
7075,0,0.016634591178040118
7076,0,0.0034558712514249803
7077,0,0.00558220995393759
7078,0,0.65562116456549
7079,1,0.6497366438030444
7080,0,0.35675488441108544
7081,0,4.955686725132721e-05
7082,0,0.23256676600811552
7083,1,0.6274628734044349
7084,0,0.00030562962838457015
7085,0,0.3276718476835739
7086,1,0.7345989599447783
7087,0,0.18385461277295018
7088,0,0.015294013881671002
7089,0,0.14704519989688278
7090,1,0.663067868909382
7091,0,0.00774865861194453
7092,0,0.19664679386195963
7093,0,0.5082137371235249
7094,0,0.48299726022550743
7095,0,0.012151187414741305
7096,0,0.004851063114088614
7097,0,0.0011786543764523976
7098,0,0.03414050644907306
7099,0,0.10948763840459617
7100,1,0.8103258934949601
7101,0,0.05062550531246551
7102,0,0.004350173966935759
7103,0,0.006648967885398428
7104,0,0.040296078941400755
7105,1,0.6339652104416508
7106,0,0.027927973304574492
7107,0,0.01216118265601785
7108,1,0.9643091098903872
7109,0,0.3138947730757305
7110,0,0.018034204273375817
7111,0,0.001089830367157053
7112,1,0.6909126097122114
7113,0,0.6205082847362339
7114,1,0.2967184022558976
7115,0,0.10047105093211837
7116,0,0.07247296249742617
7117,1,0.7192347912307985
7118,0,0.0014593687350996463
7119,0,0.02236078528247953
7120,0,0.02020174322830189
7121,0,0.1435616668877268
7122,0,0.042537973150624776
7123,0,0.0024157862825933455
7124,0,0.00015331393405119623
7125,0,0.04012994436143519
7126,0,0.0177326206945791
7127,1,0.1090047548862159
7128,1,0.1533522960992819
7129,0,0.00016286454029437454
7130,1,0.8211975281528946
7131,1,0.3768855661529146
7132,0,0.000614100515530286
7133,0,0.03700446836645336
7134,0,0.07845563099871913
7135,0,0.005435623112760256
7136,0,0.0010038681146490992
7137,1,0.48708671290042205
7138,0,0.008597983039864905
7139,1,0.349978639973391
7140,0,0.0023465699370159602
7141,0,0.036810253543116254
7142,0,0.4491009987300412
7143,1,0.533514042730367
7144,0,0.0006826480094500473
7145,1,0.775543786138829
7146,0,0.428085562918178
7147,0,0.013331874928210486
7148,0,0.5602281064258222
7149,0,0.3754990946676263
7150,0,0.0010338048829492568
7151,0,0.4967244647787874
7152,0,0.3731662819966796
7153,0,0.004625872507693306
7154,0,0.19204227358346865
7155,0,0.05095592002208042
7156,0,0.004218073780595007
7157,1,0.582524026861228
7158,0,0.023186769841078758
7159,1,0.33099558492773623
7160,0,0.06829252412126523
7161,1,0.4434003919592531
7162,0,0.25760964348766513
7163,0,0.0043894083914957005
7164,0,0.7074729784518238
7165,0,0.04756866644145481
7166,0,0.002659845589962315
7167,0,0.5560707139265033
7168,0,0.0004025116181147362
7169,1,0.640381438937112
7170,0,0.04002798617597956
7171,0,0.08891467054558526
7172,1,0.48882404366390414
7173,0,0.019232361520913586
7174,0,0.06491444791421119
7175,1,0.43843591657102393
7176,0,0.006801620200510136
7177,0,0.148985310685115
7178,0,0.017448144380607537
7179,0,0.4084839837184148
7180,0,0.00027373929228724107
7181,1,0.6593178820739148
7182,1,0.8464323057539743
7183,0,0.35855990953768346
7184,1,0.1403874722181753
7185,0,0.04508248672230364
7186,0,0.018086808503383643
7187,0,0.018761510957495092
7188,0,0.014168054045638498
7189,0,0.14430767461290195
7190,0,0.04219276154286297
7191,0,0.005112996550791524
7192,0,0.0010616288101305234
7193,0,0.12651496775756185
7194,1,0.914181935242449
7195,0,0.11969068261699597
7196,0,0.041454950328737424
7197,0,0.08161016046673628
7198,0,0.000473972583296754
7199,0,0.020324039618802067
7200,0,0.3600601472365803
7201,0,0.0008961235349097346
7202,1,0.6396799536848288
7203,0,0.1356275659706187
7204,0,0.07359731091200528
7205,0,0.008234727726461156
7206,0,0.03381031095620463
7207,0,0.4985001384505044
7208,1,0.5433065543363683
7209,0,0.00015215396886518709
7210,0,0.05344225457621848
7211,0,0.03064271526156613
7212,0,0.11548679860327998
7213,1,0.8162276553686854
7214,0,0.03161611558399561
7215,0,0.001762911471233194
7216,0,0.037947456936839055
7217,0,0.6346742262469719
7218,1,0.07951529019383628
7219,1,0.4724635705277681
7220,0,0.0036701061882499675
7221,0,0.00017009999178316249
7222,0,0.0735385399110511
7223,1,0.6035068695680498
7224,0,0.0012290361611350367
7225,0,0.007435225042992661
7226,0,0.036795519453365205
7227,0,0.027933828016166694
7228,1,0.6148863494567867
7229,0,0.03205883766366085
7230,0,0.10788782619487335
7231,0,0.01563635366619678
7232,0,0.11831568535507958
7233,1,0.7571499746316004
7234,0,0.04341033782001191
7235,1,0.4855393947264218
7236,0,0.00025334738672473526
7237,0,0.3006524481903564
7238,0,0.036947662462399375
7239,0,0.014628355683072376
7240,1,0.7568969581941024
7241,0,0.014833855228747937
7242,1,0.5046532206831543
7243,0,9.224085096469479e-16
7244,0,0.01960861022910035
7245,0,0.19793642470204337
7246,0,0.012199644570373858
7247,0,0.00012915999982196985
7248,1,0.2305522193033719
7249,1,0.10864909489569652
7250,0,0.8589286810571674
7251,0,9.379580371284386e-08
7252,0,0.01154166474361718
7253,1,0.20692931900865733
7254,0,0.9258158550361777
7255,0,0.005257171389682964
7256,0,0.028510162714535214
7257,0,0.004353725095184019
7258,0,0.00026063770981870325
7259,0,0.023715177015362163
7260,0,0.06418392267444822
7261,0,0.0024745014255864017
7262,0,0.008862330209758948
7263,0,0.005158557758727259
7264,0,0.4765256132949234
7265,0,0.0001195114024067787
7266,0,0.016996917731005385
7267,0,0.001105766301829889
7268,1,0.6261612318778158
7269,0,0.14708727337821337
7270,0,0.01309484500901496
7271,0,0.4718088954019087
7272,0,0.0013341767063666543
7273,0,0.815003334348362
7274,0,0.09411641140114357
7275,0,0.4546179737518285
7276,0,0.031833352864766365
7277,0,0.05622418064423176
7278,0,0.7473110046418718
7279,0,0.024655594453562312
7280,1,0.0957420941964821
7281,0,0.14317687851596655
7282,0,0.3075568822450194
7283,0,0.0897734220208784
7284,0,0.0006252013956502117
7285,0,0.12452878049096576
7286,0,0.007786278678748649
7287,0,0.08540943860209917
7288,0,0.39463348004029397
7289,0,0.004363352610068037
7290,0,0.13174573710103776
7291,0,0.5382976456525884
7292,0,0.07282673014291806
7293,0,0.0071608830537130234
7294,0,0.045888655071102846
7295,0,0.5612444445933398
7296,0,0.028440565558903574
7297,0,0.00014598173184143942
7298,0,0.6611624212789408
7299,0,0.028451974539984576
7300,0,4.136310158888629e-06
7301,1,0.8041922813796526
7302,0,0.00019550829329844133
7303,0,0.04697693770229986
7304,0,1.783864966551838e-05
7305,0,0.12038059396375365
7306,1,0.901625808217111
7307,0,0.0047148017813134005
7308,0,0.0002577037832186104
7309,0,0.015721596707658124
7310,0,0.305859294587828
7311,0,0.00563525062675305
7312,0,0.00023278471644376555
7313,0,0.01198001232220063
7314,0,0.005809972895659963
7315,0,0.04110230387906582
7316,1,0.09225137459439131
7317,0,0.0007016855424962409
7318,0,0.0756120301978536
7319,0,0.0004417307908194279
7320,0,0.0002392184485771147
7321,1,0.5000379594890905
7322,1,0.4578991766121248
7323,0,0.033266689154061516
7324,0,0.009774632278387428
7325,0,1.489762714379735e-05
7326,0,4.324014614288216e-05
7327,0,6.3355187308672e-05
7328,1,0.36902173437585534
7329,0,0.03363845508447026
7330,0,0.0007659896172522566
7331,0,0.12251449454006783
7332,0,0.006634461074028795
7333,1,0.5887468273886716
7334,0,0.051553144028014405
7335,0,0.032512867463423786
7336,1,0.2177184991407184
7337,1,0.7988434922366392
7338,1,0.8166842504193459
7339,0,0.3399630568718642
7340,0,0.0013776843973553052
7341,0,0.09528187701444793
7342,1,0.7818163290438431
7343,0,0.14862063716861199
7344,0,0.0011870316656431125
7345,0,0.41298771352749386
7346,0,0.04378854203203356
7347,1,0.8008404950833677
7348,0,0.36349450233410063
7349,1,0.8516840615381408
7350,0,0.08057753874300289
7351,1,0.8437693543190574
7352,0,1.699014278042527e-05
7353,1,0.48073656233140094
7354,0,0.0036424815394970676
7355,0,0.10337007759448145
7356,0,8.017318286621728e-05
7357,0,0.0009625036370533975
7358,0,0.0007720582894892255
7359,0,0.04355799221623219
7360,0,0.01982396685438717
7361,0,0.0010679826711902575
7362,0,0.012812228977056467
7363,1,0.47882522706874786
7364,1,0.5504422462176242
7365,0,0.47613499207691806
7366,0,0.0011274701934129454
7367,0,5.70314587576686e-05
7368,0,0.046154218904152944
7369,1,0.5388750326832277
7370,0,0.02545481253339224
7371,0,0.06537375149685963
7372,0,0.013374117526191392
7373,1,0.7120779388362181
7374,0,0.0261351706191213
7375,0,0.5552481813599551
7376,0,0.00723292030987813
7377,0,0.004945063163423183
7378,0,0.08734563502132693
7379,0,0.02402694508536896
7380,1,0.6359142604975447
7381,0,0.427048906930719
7382,1,0.4181857151269948
7383,0,0.22146529808116194
7384,0,0.13071455684112362
7385,0,0.013050142944948905
7386,0,0.00045380525091602336
7387,0,0.04733315935578054
7388,0,0.0017609875207152286
7389,0,0.02423371024436334
7390,0,0.39794147210263375
7391,0,0.0563610350709475
7392,0,0.010193335692570308
7393,0,0.0013420022825882257
7394,1,0.007912485432847482
7395,1,0.5273918924735794
7396,0,0.00035418907022750446
7397,0,0.047381175608875906
7398,0,0.04445321981767051
7399,0,0.18745075824797172
7400,1,0.6495344736758609
7401,1,0.2746340900553541
7402,0,0.015379286055983338
7403,0,0.02756426425637891
7404,1,0.8102016072537335
7405,0,0.06171013521637511
7406,0,0.06505931150803906
7407,0,0.008241583834256628
7408,1,0.8997024404733204
7409,0,0.007802985223561933
7410,0,0.0305265221965669
7411,0,0.001190972079714041
7412,0,0.3309833345626458
7413,0,0.00038016707203785224
7414,0,2.879526586566476e-13
7415,1,0.11117815978072852
7416,0,0.02171208480926418
7417,0,0.0114547984866289
7418,0,0.13154353396695004
7419,1,0.5136724548054119
7420,0,0.4836451667233049
7421,0,0.033547359560041214
7422,0,0.0015576781018531325
7423,0,0.22687976448065172
7424,0,0.295394434088827
7425,0,0.007589651998019207
7426,1,0.7486514623623067
7427,0,0.011509466985518583
7428,0,0.6193642242828457
7429,0,0.0010996557898491648
7430,0,0.15649403309254856
7431,1,0.10701035518662791
7432,0,0.05598996214765322
7433,0,0.32808631456856135
7434,1,0.37154040942040756
7435,0,5.535926220867798e-05
7436,0,0.11422787596525301
7437,0,0.015960488208894348
7438,1,0.020450669646079625
7439,0,0.0007263810107781591
7440,0,8.285122926808299e-05
7441,1,0.08402346908869954
7442,0,0.0017739430751682658
7443,0,9.013960203782667e-05
7444,0,0.30057554340743947
7445,0,0.09548182586739945
7446,0,0.0015623438571822483
7447,0,0.01398035006206535
7448,0,0.20870620021589018
7449,0,0.025470455383664166
7450,1,0.7909727019065478
7451,0,0.14500977033449977
7452,0,0.040879600452109636
7453,0,0.03021012706915735
7454,0,0.00038531247971751865
7455,1,0.43931070243676895
7456,0,0.24251613476359893
7457,0,0.07880494632144024
7458,0,0.006622548157382702
7459,0,0.0026474698681010394
7460,1,0.5213545292946937
7461,1,0.2581153060160457
7462,0,0.0009305532867017809
7463,1,0.2749651958430929
7464,0,0.00037879405656129694
7465,0,0.00935476500022132
7466,0,0.02853036952901931
7467,0,0.0043151347683783765
7468,0,0.8009858305355614
7469,0,5.4920579672492925e-05
7470,0,0.16506978471573006
7471,0,0.27568037804821444
7472,1,0.7288959413791087
7473,0,1.2207417461955446e-05
7474,0,0.7365049553501558
7475,0,0.005365447311269949
7476,1,0.7698683558288478
7477,0,0.04449160794493868
7478,1,0.06246716055513153
7479,1,0.7316772063086646
7480,0,0.2031524726220247
7481,0,0.0009298295469397712
7482,1,0.7405124672638976
7483,0,0.010875325646097798
7484,0,0.0460406996054351
7485,0,0.01712411534843408
7486,0,0.03965206541334918
7487,0,4.409890313766577e-05
7488,0,0.0006166666172042499
7489,1,0.6636966310984985
7490,0,0.0013527109593801999
7491,1,0.2964645973832063
7492,0,0.03501509814328461
7493,0,0.023061795488695865
7494,0,0.0021023220097782583
7495,0,0.0025787607110311487
7496,0,0.0011346646526286177
7497,0,0.06056677785546462
7498,0,0.0010603128752899242
7499,0,0.007930401386404152
7500,0,0.001518474144129352
7501,0,0.003046693793514601
7502,0,0.021318345748091237
7503,0,0.14861512459450638
7504,0,0.0020886064259926424
7505,0,0.0009971917942373186
7506,1,0.3733464023877383
7507,0,0.0008366984959823608
7508,0,0.02302592655351164
7509,0,0.44710085971360863
7510,0,0.006852755316322445
7511,1,0.8071129248220967
7512,0,0.015214229627150525
7513,0,0.04047198862941535
7514,1,0.40413062373629705
7515,0,0.19197465054933535
7516,0,0.0030883459003804097
7517,1,0.6564595404309815
7518,0,0.001998427363330786
7519,0,0.0014384000662265317
7520,1,0.21194678033308714
7521,0,0.14815126943849916
7522,0,0.026674548835843324
7523,0,0.5474067821513317
7524,0,0.013239529321905256
7525,0,0.06350532109892823
7526,0,0.03738349162893899
7527,0,2.911577084316132e-05
7528,0,0.054110879069362836
7529,0,0.02952991683513423
7530,0,1.369353212962744e-05
7531,0,0.12189716924300222
7532,1,0.3524359614212979
7533,0,0.08313025606812896
7534,1,0.8231934832144018
7535,0,0.0002556885584047978
7536,0,0.002275622394824756
7537,0,0.3508761987020914
7538,0,0.6687238826849253
7539,0,0.01799744342556223
7540,1,0.01723182977465044
7541,0,0.011135922628314242
7542,0,0.016137531842023312
7543,0,0.23191266271889438
7544,0,0.00012521593889906554
7545,0,0.01718045473417178
7546,0,0.021429911596531827
7547,0,0.01966841632647505
7548,0,0.003045229708455817
7549,0,0.006327392045392831
7550,1,0.7452366252796694
7551,0,0.0016314375144935002
7552,0,2.8695729898732823e-05
7553,1,0.46228823371113226
7554,0,0.0015582545432039924
7555,0,0.1954394898557284
7556,1,0.5866231173902531
7557,0,0.04947150345751957
7558,0,0.030693043449653405
7559,0,0.02017622207066944
7560,0,0.0038372813815460574
7561,0,0.0024081547332331266
7562,1,0.51619825906823
7563,0,0.006612622580967478
7564,0,0.0017401400889222659
7565,1,0.9017215873279045
7566,0,0.26843714890726295
7567,0,0.650811841467109
7568,1,0.16612999229816258
7569,1,0.6081098447274612
7570,0,0.21806701741861031
7571,0,0.009135791122524412
7572,0,0.35579846343981536
7573,0,0.0001399985507190352
7574,0,0.007535792042351699
7575,1,0.5168964768411913
7576,1,0.6029042138999201
7577,0,0.008017060452597945
7578,1,0.4507566225031774
7579,0,0.0006596258459357214
7580,0,0.00017487138231610274
7581,0,0.12560419123356298
7582,0,0.00019559148504558416
7583,1,0.8991980243658083
7584,1,0.39878056641168624
7585,0,0.18645083073181612
7586,0,0.00021085559247965288
7587,0,0.05505225655628104
7588,0,0.0020007623261783024
7589,0,0.013917009315035504
7590,1,0.6813640704639433
7591,1,0.7290010232298842
7592,0,0.5919034553724509
7593,0,0.007465842974924326
7594,0,0.0002545686738737886
7595,1,0.3788449041599175
7596,0,0.000417033887738543
7597,1,0.80856722179341
7598,0,0.006620469839353332
7599,0,0.10995771166020972
7600,0,0.4255403863987417
7601,0,0.04967094950323587
7602,0,0.49084187625352416
7603,1,0.5130591631949744
7604,0,0.003897313026892975
7605,1,0.3727921716581
7606,0,0.05553851937195983
7607,0,0.34281178637531606
7608,0,0.027239360379276822
7609,0,0.005893914101245217
7610,0,0.0070408864666211615
7611,0,0.0001574146236369944
7612,1,0.0015718857872519525
7613,0,0.21022643685555623
7614,0,0.00010234716542802711
7615,0,0.10510671853733755
7616,0,0.0035454685940942412
7617,1,0.6119477465936699
7618,0,0.00012633911508572136
7619,0,0.0005597946899547765
7620,0,0.5492103261914031
7621,0,0.0022017855406688967
7622,0,0.021257118374511424
7623,1,0.13254509155700023
7624,0,0.03339279105482309
7625,0,0.05169570372887
7626,0,0.1055181862268472
7627,1,0.3522742747453486
7628,0,0.019433082853925702
7629,0,0.0025364885544481254
7630,0,0.06836654089879549
7631,0,0.45183360656420873
7632,0,0.043972070079600134
7633,1,0.7996851055166413
7634,0,0.042655397872111096
7635,0,0.5653851087181329
7636,0,0.004220463999659171
7637,1,0.17813725864859245
7638,1,0.8128241308733782
7639,0,0.03959941466046029
7640,1,0.01498791051648706
7641,0,0.29486705554873843
7642,0,0.17032795369733872
7643,0,0.0008392529353376147
7644,0,0.03515664415894384
7645,0,0.004696912333367818
7646,1,0.4065043037756277
7647,0,0.03598130515386173
7648,0,1.4701415980013917e-06
7649,0,0.2856592583358981
7650,0,0.07204937145419094
7651,0,0.09377796543297205
7652,0,0.47384566433848746
7653,0,3.6651858815689664e-05
7654,0,0.30638882605780277
7655,0,0.020131787118730052
7656,0,0.2962534201894528
7657,0,0.04643322900526132
7658,0,0.030343191593496757
7659,1,0.4833919955815401
7660,0,0.002601266342481846
7661,0,0.023917990920100003
7662,0,0.04088963480357905
7663,0,0.035354467579013026
7664,0,0.07036201012899672
7665,0,0.013119012737489671
7666,0,0.03473893967464499
7667,0,5.9646143528971095e-05
7668,0,0.029750860764073184
7669,0,9.577874175062043e-06
7670,0,0.42522532207486485
7671,0,0.05027324405895701
7672,0,0.07439732292708852
7673,1,0.20080502729257754
7674,0,0.04637609417939655
7675,1,0.12406066130536553
7676,0,0.03867050431390105
7677,0,5.911295251960996e-05
7678,0,0.7554388179107419
7679,0,0.3108690803128036
7680,0,0.04381095009883811
7681,0,0.17034435480847188
7682,1,0.7004858337107249
7683,0,0.10165022202475296
7684,0,0.22986371262155258
7685,1,0.6107548393706064
7686,1,0.0777500240219783
7687,1,0.3127181192469042
7688,0,6.1005816671791495e-05
7689,0,0.007722574072873124
7690,0,0.04800448925113616
7691,0,0.4400923445350945
7692,0,0.00011063602834840292
7693,0,0.07403150889349755
7694,0,0.01875124679227529
7695,1,0.4503306542706071
7696,0,0.03283641007272904
7697,0,0.0006134316066748575
7698,0,0.000996916093039079
7699,1,0.3471145884473705
7700,0,0.0004481480094035206
7701,1,0.8740488753082474
7702,1,0.7368090252109629
7703,1,0.849980089946426
7704,0,0.004249665505826812
7705,0,0.005811858108740104
7706,1,0.14293998685363263
7707,1,0.6688792950604396
7708,0,0.14411175257242215
7709,1,0.12644610498453807
7710,0,0.026832816173353848
7711,0,0.408161349098335
7712,0,0.00017481794963338036
7713,0,0.4155010810540572
7714,1,0.5366144356326633
7715,0,0.001816397052674183
7716,0,0.6457491487667313
7717,0,0.5366655886535173
7718,0,0.05120727759411846
7719,1,0.2100935121455946
7720,1,0.30636569492389654
7721,0,0.15601886914842303
7722,0,0.002487411029830231
7723,0,0.0011251103536611866
7724,0,0.0019981231500436902
7725,0,0.35564627138480354
7726,0,0.336976495023365
7727,0,0.06017761731886146
7728,0,0.003843967861781313
7729,0,0.7236366725273387
7730,0,0.08951894666352174
7731,0,0.1062285781462094
7732,0,0.04562730293449286
7733,0,0.03473243769771568
7734,0,0.008273611690169111
7735,0,0.0046875376376588705
7736,1,0.45515212464179744
7737,1,0.8508063158868632
7738,1,0.05852178609598617
7739,1,0.06181775500661284
7740,1,0.7412598589969456
7741,0,0.012158899379839145
7742,1,0.735642006987585
7743,0,0.4212343063708175
7744,0,0.028388291705926234
7745,0,0.0005033697925135536
7746,1,0.23377771119820023
7747,0,0.04452694149800273
7748,0,0.06241836977129584
7749,0,0.008643902719006178
7750,0,0.08272359917695607
7751,0,0.046008746028283184
7752,0,7.936084636903208e-05
7753,1,0.44965519335063864
7754,0,0.23691453737543083
7755,0,0.01497388803288185
7756,1,0.7125078735824552
7757,1,0.0887366449224595
7758,0,0.21089119949880006
7759,0,0.08183026941966862
7760,0,0.12723577271109826
7761,0,0.023385723084402593
7762,0,0.002082873414829775
7763,0,0.11942908165748883
7764,1,0.8911732535761292
7765,0,0.01106846597281104
7766,0,0.28784424415022203
7767,0,0.10951236184137665
7768,0,0.4453550772839721
7769,1,0.9020623272679091
7770,0,0.0019418446118248727
7771,0,0.0002992241326039825
7772,0,0.32458614173641503
7773,0,0.36536897873126106
7774,0,0.05032412173946652
7775,0,0.008957963404314326
7776,0,0.48403680560261764
7777,0,0.5552998458700498
7778,0,0.2611085078221271
7779,0,0.02503820769113488
7780,0,0.4961963239227001
7781,0,1.0780471634644816e-05
7782,0,0.24724778937977107
7783,0,0.048841051826935225
7784,0,0.0020569273755845015
7785,0,0.17869409555922272
7786,1,0.015620440209168878
7787,1,0.6056363913194501
7788,0,0.01851053735017359
7789,0,0.001297256493737415
7790,1,0.40886897583729004
7791,0,0.0006845357845300542
7792,0,0.008090308676999756
7793,0,0.006816976659443725
7794,0,0.530944550138471
7795,0,0.002273867206249746
7796,0,0.4009156071678405
7797,1,0.6435240290938667
7798,0,0.029104652052584945
7799,0,0.0002649064267900121
7800,1,0.8278531283467985
7801,0,5.480401332436796e-05
7802,0,0.2303951279634725
7803,0,0.0007580373971830705
7804,0,0.011372149377288374
7805,0,2.192341676487013e-05
7806,1,0.8326519459041469
7807,0,0.0042906562907468575
7808,0,0.3369248221492808
7809,0,0.00135567848158944
7810,0,0.4615213985319972
7811,0,0.005413171226173327
7812,1,0.05122157856136548
7813,1,0.2174709054969053
7814,0,0.07070254792741273
7815,0,0.0020193433507768557
7816,0,0.006096963446501957
7817,0,0.07729706562444233
7818,1,0.7006778727238443
7819,0,0.09033144566417613
7820,0,0.22924821982606997
7821,1,0.026116376304707818
7822,0,0.7426035452985085
7823,0,0.04739758362725507
7824,0,0.5074974490227069
7825,0,0.019734304549335082
7826,0,0.7202223909429875
7827,0,0.08680065808279905
7828,0,9.551045854578376e-06
7829,1,0.5640549581440746
7830,0,0.0014685924274668485
7831,0,7.3099283107813655e-16
7832,1,0.585530569015324
7833,1,0.704739180931149
7834,0,0.012766463887348383
7835,0,0.0012652762589967861
7836,0,0.3492760466945589
7837,0,0.5987759755673369
7838,0,0.06514771329366074
7839,1,0.6029178224391298
7840,0,0.21249498256766616
7841,0,0.035261145322090064
7842,0,0.02502879747295516
7843,0,2.894594787093731e-05
7844,0,6.374593328768319e-05
7845,0,0.5263533824081903
7846,0,0.18870821246990085
7847,0,0.46442746507793176
7848,0,0.0010232507442039375
7849,0,0.0016346502460957704
7850,0,3.3998427361050515e-05
7851,1,0.9125208308967675
7852,0,0.5875221460525649
7853,0,0.19071215446458833
7854,0,0.4642244327806977
7855,0,0.026809930861977277
7856,0,0.005626889296397723
7857,0,0.07984262682295068
7858,0,0.39314241123058
7859,0,0.6244635978882226
7860,0,0.025380867831468455
7861,0,0.6567537460483323
7862,0,0.21169443660246612
7863,0,0.001989968158328677
7864,1,0.6689153246169413
7865,0,0.33439133290994605
7866,0,0.0167376871083585
7867,0,0.06569795230894039
7868,0,0.09377504084622312
7869,0,0.03491659593775512
7870,1,0.5944288729940427
7871,1,0.6648922043840966
7872,1,0.49104619633553737
7873,1,0.669975872907202
7874,0,0.16810323080519454
7875,0,0.5316499438262522
7876,1,0.823360692557944
7877,1,0.20588947560436271
7878,0,2.808833630937749e-05
7879,0,0.00045375791944555035
7880,0,0.0023706504288478498
7881,0,0.009495177759434868
7882,1,0.5850585879189533
7883,0,0.13880417006254572
7884,0,0.2483287315530309
7885,0,0.0030090217761464793
7886,0,0.1855272130798993
7887,1,0.5089890422190905
7888,0,0.0005876392151396608
7889,0,0.002192137890668295
7890,0,0.04721408164393876
7891,0,0.0004876485709420168
7892,1,0.061853342305725874
7893,0,0.0009656333762580795
7894,0,0.0014428225553375909
7895,0,0.0018343156694657174
7896,1,0.44913334093129165
7897,0,0.06870253340983819
7898,0,3.0715064209728246e-05
7899,0,0.21176769765812067
7900,0,0.5356872667000598
7901,0,0.20918533349992136
7902,0,0.0004623190161801609
7903,0,0.00869995925157599
7904,0,0.0013311853135467512
7905,1,0.49948964382827643
7906,0,0.055436812099814756
7907,0,0.16647101017865454
7908,0,0.006293086231756233
7909,0,0.0010250861978392007
7910,0,0.0027338628436579127
7911,1,0.5442945118437431
7912,0,0.2570641867334165
7913,0,0.06180948834374536
7914,0,0.11167565922727907
7915,0,0.1326527820878642
7916,0,6.347771210103706e-05
7917,0,0.08533734443239128
7918,0,0.009897884841115066
7919,0,0.0016117806454184755
7920,0,0.00021967021137404884
7921,0,0.00012186779053587938
7922,0,0.0006507289698702343
7923,1,0.7241589022185358
7924,0,0.00034865758321325226
7925,1,0.5453233517576497
7926,0,5.5088938482963954e-05
7927,1,0.3269748439474854
7928,0,0.8553115666015872
7929,0,0.002076767923690413
7930,0,0.08182522644986469
7931,0,0.03927767196461263
7932,0,2.8982742143396462e-05
7933,0,0.019171177965572637
7934,1,0.1766734786061044
7935,0,0.02558187114318082
7936,0,3.595681676698077e-05
7937,0,0.24562250795903232
7938,0,0.08393191711951603
7939,1,0.6366500528651153
7940,0,0.025142971690199908
7941,0,0.0026404862345139955
7942,0,0.022542163384528538
7943,0,0.007088617279930497
7944,0,0.17844295996183931
7945,1,0.9150275993073377
7946,0,0.0029793856412552136
7947,0,0.24728536928032518
7948,0,0.2277449045003577
7949,1,0.5185839948147003
7950,0,0.001997374698370049
7951,0,0.11858882110848452
7952,1,0.4371950150125408
7953,0,0.03364521759793353
7954,0,0.1661593047743906
7955,0,0.004572575286876743
7956,0,0.003865904785320564
7957,0,0.246233779681423
7958,0,0.0007610925052183392
7959,0,0.0029255717140532927
7960,0,0.06898319555925667
7961,0,0.1416851173230629
7962,0,0.21968836706893602
7963,0,0.0020834596512186504
7964,1,0.7985113590083217
7965,0,0.040508834411824644
7966,0,0.0009853766170444087
7967,0,0.096435206877798
7968,0,0.05656514051957638
7969,1,0.8284993256862239
7970,0,0.010879244368755833
7971,0,0.002162587362133573
7972,0,0.08251499769331949
7973,0,0.0029885421285428737
7974,0,0.012496109195224921
7975,0,0.0017267223150104045
7976,0,0.07546575984705063
7977,0,0.5469523565005402
7978,0,0.3046115724280978
7979,0,0.08336140261154054
7980,0,0.034008620336163156
7981,0,0.012014820685755762
7982,0,0.00012584581952155476
7983,0,0.20961310955169418
7984,0,0.056987057056128394
7985,0,0.040329198495128546
7986,0,0.004911288898897966
7987,0,0.08212749956254276
7988,0,0.05576860363985893
7989,0,0.049695202178709166
7990,0,0.00045944081917280303
7991,1,0.37551032038787263
7992,0,0.0010876442473312599
7993,0,0.0002826511235892164
7994,0,0.018340908476321145
7995,0,0.0019347337061684396
7996,0,0.17460643865738465
7997,0,0.846865478389759
7998,0,0.08303677984117602
7999,0,0.023556796268210594
8000,1,0.31325257264465656
8001,0,6.875365435103524e-16
8002,0,0.0010668515093648224
8003,0,0.009922096566721487
8004,0,0.00038865574972089443
8005,0,0.06673230664589214
8006,1,0.323260143029387
8007,1,0.7948511968814248
8008,0,0.0031975710181220366
8009,0,0.11360820183693367
8010,0,0.00017931123449883046
8011,0,0.09334475996584624
8012,0,0.00034472648978327644
8013,1,0.6637990554043296
8014,0,0.04760915818260439
8015,0,0.0010013368893220828
8016,1,0.5775534130248448
8017,1,0.1398963129518322
8018,1,0.8755853945077127
8019,1,0.5799318785264679
8020,0,0.13874259818746415
8021,0,0.008546691213535547
8022,1,0.42472962835410855
8023,0,0.06882882465026048
8024,0,0.009892761630788581
8025,1,0.701203813212903
8026,1,0.1375671941817601
8027,1,0.4812549518134932
8028,0,0.833339685890443
8029,0,0.13257388801928294
8030,0,0.05664362533011472
8031,0,0.1003221951851371
8032,0,0.00035261273372204664
8033,1,0.6479673077197213
8034,0,7.028225966270734e-05
8035,0,0.03912076618333881
8036,1,0.8492802940997479
8037,0,0.03571928985105395
8038,1,0.831628325227067
8039,0,0.17490997319067236
8040,0,0.006389435324466814
8041,0,0.01920989257568976
8042,0,0.1055442542757281
8043,0,0.0003002578454514425
8044,0,0.007134760837150528
8045,0,0.2587153728493473
8046,0,0.0001506241936523509
8047,0,0.10799151427860067
8048,1,0.8293077922194155
8049,0,0.0029738893579424946
8050,0,0.32815860910969885
8051,1,0.3356812198451028
8052,0,0.04934073764976554
8053,0,0.00016774504777528087
8054,0,0.09869348849538108
8055,0,0.009487515292624427
8056,0,0.11892204994823495
8057,1,0.6141011951052346
8058,1,0.5376034859215638
8059,0,0.1489395977667437
8060,0,0.10730766674630235
8061,0,0.007798686769071045
8062,0,0.00010975524031388334
8063,0,0.07464942670866859
8064,0,0.02856550896887222
8065,0,0.006223109367310436
8066,0,0.008229800446330957
8067,0,0.0017467005335041518
8068,0,0.0004582462299717673
8069,0,0.13542709550472457
8070,0,0.07913118357272518
8071,0,0.5305576388505094
8072,0,0.08015650569723842
8073,1,0.3827502421930104
8074,0,0.1956453937698693
8075,1,0.7763983116407509
8076,0,0.4019775263663279
8077,0,0.0070538980561620996
8078,0,0.0009959363823571292
8079,0,0.03689145439755954
8080,0,0.020524582486184724
8081,1,0.5754822731996945
8082,0,0.008043909643277542
8083,1,0.22905922940266055
8084,0,0.0004226849604942548
8085,1,0.931151762380194
8086,0,0.013068981756400325
8087,0,0.19684275634534767
8088,1,0.3005975420622886
8089,0,0.26807135736778825
8090,0,0.0002541190338713781
8091,0,0.02672135529456274
8092,1,0.2581425840236821
8093,1,0.23489206717206362
8094,0,0.1332150240770754
8095,0,0.002291071326269388
8096,0,0.6636382357066656
8097,0,0.034883883088779405
8098,0,3.444336553165305e-06
8099,1,0.2680600343672218
8100,0,2.0056515444703143e-06
8101,0,0.5609158883772596
8102,0,0.00034992125240452377
8103,0,0.3528468231083958
8104,0,0.00827366004133155
8105,0,8.950035104365837e-05
8106,0,0.5389151733351202
8107,0,0.010109111155586936
8108,0,0.0007885813840542677
8109,0,0.00603735150826292
8110,0,3.1254415731765527e-06
8111,0,0.017521889520327155
8112,1,0.24792911654473013
8113,0,0.6853453177334773
8114,0,0.043442489181486174
8115,0,0.058485765813298
8116,0,0.0018590184256477179
8117,0,0.18017319549437694
8118,0,0.06860685400039361
8119,1,0.6924267110324712
8120,1,0.43487060536753913
8121,0,0.006523253051467332
8122,1,0.6378422129214882
8123,0,0.004057019387656267
8124,0,0.003681690980236409
8125,1,0.839216682573072
8126,1,0.8794327820777988
8127,0,0.004462115624444237
8128,0,0.019803085614141562
8129,1,0.5742813381506233
8130,0,0.025510763645514977
8131,1,0.6181942513598455
8132,0,0.06440668934877705
8133,1,0.7459217561052306
8134,0,0.3930235709950124
8135,0,0.26954188329495876
8136,0,0.1426297837117789
8137,0,0.015459981921640676
8138,0,0.25171517753002914
8139,0,0.05965048034641949
8140,0,0.2792744743337447
8141,0,0.012808127444334808
8142,0,0.0005324997891134337
8143,0,0.006561641670664607
8144,0,0.0008599751732355956
8145,0,0.010931008109477338
8146,0,0.0006420002858945294
8147,0,0.06041253577421848
8148,0,0.635904369242701
8149,0,4.186093110262281e-05
8150,0,0.629719969105637
8151,0,0.013509505055687744
8152,0,0.004420751263692461
8153,0,0.0023592269424573447
8154,0,0.022505386798116717
8155,0,0.013581385418203393
8156,0,0.0022924860452760223
8157,0,0.031107804472231045
8158,0,0.38415755638412624
8159,0,0.0025600790825949693
8160,0,0.2702496834139946
8161,0,0.0009884652571522626
8162,0,0.01736551874946981
8163,1,0.703863642890321
8164,1,0.8011991639931468
8165,0,0.047500392401249376
8166,0,0.152692939213968
8167,0,0.18204988897055038
8168,1,0.07561026119967777
8169,1,0.078555471468959
8170,0,0.6039569767132803
8171,0,0.4208731712549579
8172,1,0.6735221887773922
8173,1,0.280718803442072
8174,0,0.04434662944768976
8175,1,0.8301001508673299
8176,0,0.5039139376910289
8177,0,0.4610847698994499
8178,1,0.5882927008334965
8179,0,0.06587142134074611
8180,0,0.005882184300553899
8181,0,0.04245228620943964
8182,0,0.07529918691737847
8183,1,0.917040265793762
8184,0,0.401309795206772
8185,1,0.3380823091788738
8186,1,0.06328049138181802
8187,0,0.3596660796138174
8188,0,0.1483905158804211
8189,1,0.5448328891507938
8190,1,0.1404278100638296
8191,0,0.0015244586248928645
8192,1,0.573125487983703
8193,0,0.6517168961963141
8194,1,0.9019200725437503
8195,0,0.17329750436955912
8196,0,0.0325504251906127
8197,0,0.7948304356304802
8198,0,8.418357590351667e-06
8199,0,0.008185947853891503
8200,0,0.018018634771789457
8201,0,0.35809791556291715
8202,0,0.017445383624278638
8203,0,0.05984238818778942
8204,0,0.7495932682915908
8205,0,0.10317202347980069
8206,0,0.09118634508041377
8207,0,0.008932872977460794
8208,0,0.1306659279209126
8209,0,0.00459275069959823
8210,1,0.7364969134881498
8211,1,0.25193522642072697
8212,0,7.017302405066039e-06
8213,0,0.0006465191339994502
8214,0,0.06540411104267245
8215,1,0.8898984373626407
8216,1,0.5422153978493234
8217,0,0.003975249546502675
8218,0,0.1279119251952365
8219,0,0.0018871359655626527
8220,1,0.8333551940600907
8221,0,0.021404195151333166
8222,0,0.02539746600638163
8223,0,0.2960985393071788
8224,1,0.2710053684791991
8225,1,0.15811951820067874
8226,0,0.010894064779916435
8227,0,0.01520909788203214
8228,0,0.05392937476453241
8229,0,0.03801569616253146
8230,1,0.1559211628541033
8231,1,0.5603047731232406
8232,0,6.331702613957677e-05
8233,0,0.08672821080608838
8234,0,0.002384619459133585
8235,0,0.00860543005588632
8236,0,0.1465319126136033
8237,1,0.5178128873377996
8238,1,0.7142577397205674
8239,0,0.33996399319495235
8240,0,0.1291524187835951
8241,1,0.19455369047842536
8242,0,0.00955544328071921
8243,0,0.19875609259391294
8244,0,0.0021488138333821674
8245,1,0.6332067319112505
8246,0,0.01071309237985646
8247,0,0.028631745578880905
8248,0,0.004525689257947069
8249,0,0.16484464415760142
8250,0,0.6194599649759
8251,0,0.5360872316333543
8252,0,0.0002262407623012942
8253,0,0.2643610721705702
8254,1,0.8396617443234539
8255,0,0.0054475918374688615
8256,0,0.47796186885560993
8257,0,0.5195922197680882
8258,0,0.0010583990994717089
8259,0,0.5548320630053512
8260,0,0.5011730268062033
8261,0,0.00528183622776743
8262,0,0.10067506741425229
8263,0,0.000907243241079581
8264,0,0.005592644783041262
8265,0,0.9480466586169788
8266,0,0.0029382271992978454
8267,0,0.011058540855727413
8268,0,0.2978572158011993
8269,0,0.013113867012144157
8270,0,0.07883667918583014
8271,0,0.006058151496772374
8272,0,0.031061902166142175
8273,0,0.4367220730592286
8274,0,0.0770553575582037
8275,0,7.505688338368846e-05
8276,0,6.691424002837789e-05
8277,1,0.3016064158762969
8278,1,0.5040480717895135
8279,0,0.0013581709273175323
8280,0,0.052830734438380815
8281,0,0.005774721746198658
8282,0,0.08131976985285394
8283,0,0.2164693621554009
8284,0,0.09086645953095486
8285,1,0.15786054755075166
8286,0,0.21493676020635644
8287,0,0.11710566914326073
8288,1,0.5859647365563734
8289,0,0.029818347410527517
8290,0,0.0146857022939268
8291,0,0.06847705453912889
8292,0,0.029894070335751605
8293,0,0.010176055020738161
8294,1,0.8021606597769537
8295,1,0.4340399249529387
8296,1,0.4275104976013557
8297,0,6.516818972509781e-05
8298,0,0.004472222870098513
8299,0,0.03799587359782867
8300,0,0.1133766022323924
8301,0,0.0024114755812957283
8302,0,0.6570701701255772
8303,0,0.0019487390687793925
8304,1,0.21299126206624322
8305,0,0.3650345755648864
8306,0,0.029093737587931257
8307,0,0.24948066779140557
8308,0,0.01078193465153821
8309,0,0.011307313559243325
8310,0,0.4210837430657065
8311,1,0.030731474813868793
8312,1,0.19797255923772228
8313,0,0.010408497229254588
8314,0,0.04119876280197394
8315,0,0.0016900172595538036
8316,0,0.38115356882043466
8317,0,0.04900435322320803
8318,1,0.3920048289855749
8319,0,0.38779483237269363
8320,0,0.010435505150980018
8321,0,0.022902867365320958
8322,1,0.4668058076783311
8323,0,0.10767750513338215
8324,0,0.0017467438970108398
8325,0,0.6384261226692414
8326,0,0.009876836422307966
8327,0,0.009617358161586542
8328,0,0.010096830655644356
8329,0,0.014394556565729468
8330,0,0.8632034784816682
8331,1,0.3846968401022302
8332,0,0.0024992351915241987
8333,1,0.8431195135784132
8334,0,0.048434468957416
8335,0,0.035898800628726184
8336,0,0.040453627072650884
8337,0,0.010326206775534212
8338,1,0.6934135970498568
8339,0,0.022841274490095657
8340,0,0.09394725004663433
8341,1,0.7327609278978633
8342,0,0.0041760391146285535
8343,0,0.046309934942077066
8344,0,0.025274634653488833
8345,0,0.13010351250453442
8346,1,0.410335645357412
8347,0,0.0007518222633492509
8348,1,0.27069101430322795
8349,0,0.0043068306981735105
8350,0,0.0018004142480134847
8351,0,0.010847004835354002
8352,0,0.05669236815584972
8353,0,0.030009369225514053
8354,0,0.061139047754232234
8355,0,0.34077938452322487
8356,0,0.062014749847853504
8357,1,0.5420535081279183
8358,1,0.7825477436933369
8359,0,0.035839736127945165
8360,0,0.00019571291343043135
8361,0,0.06991567562473704
8362,0,0.06382958037909597
8363,0,0.021095867062408673
8364,0,0.005601341842078151
8365,0,2.455375427361658e-05
8366,0,0.696503264525268
8367,0,0.0004918788898423828
8368,0,0.0016396350643793909
8369,1,0.08949278460086132
8370,0,0.0015029171476840157
8371,0,0.0024016729453774062
8372,0,0.07744221998896095
8373,0,0.13063426697170846
8374,0,0.0654668113156619
8375,0,0.034596653851694324
8376,0,0.0018250507782273143
8377,0,0.4079449024914614
8378,0,0.11018988889376025
8379,0,0.01004328340153751
8380,0,0.006109534139316573
8381,0,0.04637071402816612
8382,0,0.005572708415504952
8383,0,0.005358494771328709
8384,0,0.052011791837423466
8385,0,0.0029544263824287367
8386,0,0.021459860642017055
8387,0,0.0819516227275989
8388,0,0.06442675197169635
8389,0,0.12153514238125318
8390,0,0.02037061280045033
8391,0,9.452486782904224e-05
8392,0,0.036517597030293385
8393,0,7.983646417687783e-05
8394,0,2.1941369321821547e-05
8395,0,0.01799406404542096
8396,0,0.04378684034657558
8397,0,0.08970934646174807
8398,0,0.15620119510556693
8399,0,0.03463569217457973
8400,1,0.9062687874865422
8401,1,0.16530254818739948
8402,0,0.0041790895449969456
8403,0,0.060300759061487026
8404,0,0.0021350541582510992
8405,1,0.8917018531772967
8406,0,0.5344631822105483
8407,0,0.21411419654007813
8408,1,0.6745692743068812
8409,1,0.6635704088936748
8410,1,0.6821811039966112
8411,0,0.08363470532078845
8412,1,0.41229278891879034
8413,1,0.5215906536836213
8414,0,0.0014022137721340397
8415,0,0.01129591517484048
8416,0,0.0029742766462242535
8417,1,0.24956723152008575
8418,0,0.09662244262966219
8419,1,0.1813135666143921
8420,1,0.23841996801332926
8421,0,0.19447836011244662
8422,0,4.741387300798206e-05
8423,1,0.8399774446433643
8424,0,0.039956848257351164
8425,0,0.0024161848040141886
8426,0,0.0013430748794573814
8427,0,0.16976150613212093
8428,0,0.010993055307826717
8429,0,6.929510812533792e-06
8430,0,0.8457836972794956
8431,0,0.005101669514180346
8432,0,0.2955534805903407
8433,1,0.6164991033970797
8434,0,0.47823881411281133
8435,0,0.2549254999592886
8436,0,0.5956118076208436
8437,0,0.01719534951087895
8438,0,4.569834646102287e-05
8439,1,0.8326930684892259
8440,0,0.017922779265122323
8441,0,0.0007046233623251037
8442,1,0.29812945537203267
8443,0,0.05771465079643321
8444,0,0.061578109080638106
8445,0,0.12661625660914105
8446,0,0.0005537227977611772
8447,0,0.16124331774722628
8448,0,0.01116919463919382
8449,0,0.019978496591388145
8450,0,0.04752494923943659
8451,0,0.001349735002331588
8452,0,0.2878927418563158
8453,0,0.5529834296494426
8454,0,0.00013315570486271584
8455,1,0.6423241638575048
8456,1,0.7508600608304035
8457,0,0.0005727333225357623
8458,0,0.03597974870474342
8459,0,0.0021970561830909462
8460,0,0.5746435810375504
8461,0,0.025743870756412594
8462,0,0.0021517879001309212
8463,0,0.212948414877195
8464,1,0.5484683555777963
8465,0,0.4638381166302755
8466,0,0.25255488080868643
8467,1,0.4940806784045873
8468,1,0.8411169227201565
8469,0,0.007595744285967229
8470,1,0.535842588827676
8471,1,0.6196366001912507
8472,1,0.7631929941558646
8473,0,0.06875700200097663
8474,0,0.009045773788689464
8475,0,0.5845971594377207
8476,0,0.0002717278256824486
8477,0,0.0011018633232854232
8478,0,0.007475173562666901
8479,1,0.8627491422988447
8480,0,0.0006035821075246157
8481,1,0.14009247498508903
8482,0,0.012038090202797539
8483,1,0.4048044530791976
8484,0,0.002548215039232568
8485,0,0.028383548662579496
8486,0,0.1335171282818139
8487,0,0.03122540737044642
8488,1,0.007754173346864957
8489,1,0.36479138425290486
8490,0,0.01675989992299061
8491,0,0.02836643195852454
8492,0,0.0026780538761683012
8493,0,0.19785632462948294
8494,0,0.17565373514702207
8495,0,0.12594913688271786
8496,0,0.17700187232378226
8497,0,0.10185851738341671
8498,0,0.0004990702722792676
8499,0,0.0016751109472361466
8500,1,0.6377957592332429
8501,0,0.00017652361245459864
8502,1,0.8481433449301404
8503,0,0.11409589448766634
8504,0,0.20815389624171968
8505,0,0.4618622079464586
8506,0,0.04183218383044204
8507,0,0.00022978916813525736
8508,0,0.009267985840637023
8509,0,0.0018481384396152355
8510,1,0.8272921687365435
8511,1,0.9068965377712729
8512,0,0.0012831711530913266
8513,0,0.1623769019926431
8514,1,0.841374175738433
8515,0,0.0018069892411708352
8516,0,0.020010704700437823
8517,0,0.0016932879982421007
8518,0,0.0660807703472968
8519,0,0.025622269898538157
8520,0,0.10725536543913358
8521,0,0.022961758886954856
8522,0,0.018019518400627755
8523,0,0.008327740144556561
8524,1,0.23483337322298606
8525,0,9.98184290212476e-07
8526,1,0.14549680237165008
8527,0,0.3394167128101417
8528,1,0.2290910264653756
8529,0,0.009804214229666928
8530,0,0.03311637598567196
8531,0,0.023970285991985293
8532,0,5.029046462791556e-05
8533,0,0.41147118725538606
8534,0,0.008371592837452504
8535,0,0.012248189036697112
8536,1,0.7718082582476508
8537,0,0.009821029516061988
8538,0,0.06570204421679697
8539,0,0.004333728657938423
8540,0,0.2781963519178543
8541,0,0.05950342683775452
8542,0,0.42921002756314625
8543,0,0.01662207054145422
8544,0,0.0072326532838764696
8545,1,0.7019022339232969
8546,0,0.11489118418837058
8547,0,0.03018117567789817
8548,0,0.5931088571399148
8549,0,0.052362210749616
8550,0,0.18857072700576552
8551,0,0.6029031495754353
8552,0,0.7742219220282931
8553,0,0.05458076115252801
8554,0,0.0011284984624589625
8555,0,0.0612292397055361
8556,1,0.2675969480776035
8557,0,0.14083678289330398
8558,0,0.017818428901482466
8559,0,0.05025561377384398
8560,0,0.019077363889743
8561,0,0.057736535235635225
8562,0,2.948763890787662e-05
8563,0,0.22131578340057154
8564,0,0.045018295420276654
8565,0,0.0018129730702391813
8566,0,0.0015638166782997954
8567,0,0.0016140026388977693
8568,0,0.05753704360343017
8569,0,0.1812733637254487
8570,0,0.17159181417330643
8571,0,0.0009804891776155164
8572,1,0.47673113358898034
8573,0,0.03236071608066178
8574,1,0.1767696927490363
8575,0,6.839575822254242e-05
8576,0,0.3626933427881967
8577,0,0.28274354335098456
8578,0,0.044883299136184614
8579,0,0.009788635814097096
8580,0,0.1580686639896084
8581,1,0.02652987110338611
8582,1,0.7250153468188183
8583,0,0.0022431668158663367
8584,0,0.057560912882035874
8585,1,0.8601789949733195
8586,0,0.06515694120874287
8587,0,0.0037596909937413873
8588,0,0.0002338619592897374
8589,1,0.8050844361643384
8590,0,0.00413661054828485
8591,0,0.02625137746498134
8592,0,0.049499971287684144
8593,0,0.03393654295797813
8594,0,0.3717685098408452
8595,1,0.6192419664554628
8596,0,0.007752593502843945
8597,0,0.0001513233241168947
8598,0,0.001219959008956684
8599,0,0.3882854218572938
8600,1,0.7941756452538028
8601,0,0.0010139988018051673
8602,0,0.00041495107689826206
8603,0,0.17826454336708866
8604,0,0.2327344771474764
8605,0,0.15752411257116164
8606,0,0.2458260493593079
8607,0,0.004879349167269808
8608,0,0.0005868217409440854
8609,0,1.6382143681940603e-05
8610,0,0.0001662415419668207
8611,0,0.0004189067090044917
8612,0,0.40513273897097846
8613,0,0.001872513870085634
8614,0,0.0010946481770742864
8615,0,0.1310021562028858
8616,0,0.015187240989519844
8617,1,0.2215974681998728
8618,0,1.5272875030687572e-05
8619,0,0.0063540019218795134
8620,0,0.011904642579225168
8621,1,0.1683467671154665
8622,0,0.04927625383498886
8623,1,0.8127312791640157
8624,0,0.00766168781578002
8625,0,0.06087202812061053
8626,0,0.028071004192820784
8627,0,0.0028815753600598035
8628,1,0.5357576969916599
8629,1,0.6555408874752268
8630,0,0.05207458176821756
8631,0,0.34185512372688537
8632,0,0.3493237868853937
8633,0,0.030020312986551664
8634,0,0.002130704661231431
8635,0,0.0062841766507620396
8636,0,0.2532046028578257
8637,0,0.04104987068172162
8638,0,0.5957295508549321
8639,0,0.34705865877453573
8640,0,0.591657770495036
8641,0,0.0019142660724207952
8642,0,0.5119791248610588
8643,0,0.029413527911949258
8644,0,0.5826860645276947
8645,0,0.00210728332557979
8646,0,0.0010369351489833967
8647,0,0.002270832669697016
8648,1,0.7374374625881674
8649,0,0.09005615658356414
8650,0,0.7297820979638802
8651,0,0.25604378007362716
8652,0,0.0001902071364891048
8653,0,0.04787639256686101
8654,0,0.008372534666770091
8655,0,0.004780366067612762
8656,0,0.0023009455657340898
8657,0,0.035324960069120635
8658,0,0.5635928179836122
8659,1,0.4927816636536512
8660,1,0.8292521961730647
8661,0,0.04874917334400345
8662,1,0.6053524744051616
8663,0,0.0011234482701980933
8664,0,0.04458707489260922
8665,0,0.006503390717237972
8666,0,0.0927461399727262
8667,1,0.3224189980412121
8668,0,0.0671133894193845
8669,0,0.004435015432661991
8670,1,0.6915994250305627
8671,0,0.07073242188160735
8672,0,0.017094015399104816
8673,1,0.4268915217706272
8674,0,0.01636261234149585
8675,0,0.04398891553898748
8676,1,0.6773973270960533
8677,0,0.02934306681667886
8678,0,0.0001261386242608047
8679,0,0.03495246979064958
8680,0,0.13464805648758113
8681,0,0.07449455626473689
8682,0,0.7258790642084515
8683,0,0.08680646228291881
8684,0,0.001787079933989669
8685,0,0.05522804484417374
8686,0,0.0005170735344106914
8687,1,0.730147771537024
8688,0,0.30806259045164613
8689,0,0.018190861680055098
8690,0,0.12322388886215732
8691,1,0.22182686573141178
8692,0,0.04185555970299673
8693,0,0.7604897485202299
8694,0,0.07496440240084234
8695,1,0.8631289658503289
8696,1,0.7354700228508866
8697,0,0.024276616222825058
8698,0,0.0025544010319135673
8699,0,0.08225985460031034
8700,0,0.3205353136121823
8701,0,0.02354919233059894
8702,1,0.23673421972755326
8703,0,0.0016415849951464385
8704,0,0.31351300019011835
8705,0,0.0027098460309688548
8706,0,0.0010303246855413552
8707,0,0.004188075494391502
8708,1,0.12120134464066636
8709,0,0.018029871678130045
8710,0,0.0006303609947144412
8711,0,0.012575249080864746
8712,0,8.792462775170108e-05
8713,0,0.7228929847907495
8714,0,0.0002971729074371751
8715,0,0.04286443699303405
8716,0,0.02633930938043333
8717,0,0.022512204719033552
8718,0,0.04529191256159867
8719,1,0.4877561465654887
8720,1,0.48822306587891795
8721,0,0.003787549047196029
8722,1,0.69581694529561
8723,0,0.03376744945478698
8724,1,0.9129937811773727
8725,0,0.050072865350241386
8726,0,0.012971501123567137
8727,0,0.0008227073800460109
8728,0,0.001340284966840038
8729,0,0.01306617235708458
8730,1,0.6111973929772021
8731,1,0.6838668956949524
8732,0,0.0015734336311969922
8733,0,0.8706156856227739
8734,0,0.009525317050403161
8735,0,0.0012663392534278599
8736,0,0.002973487875281498
8737,0,0.009043579265186095
8738,0,0.03810113429838032
8739,0,0.05539075282849892
8740,0,0.0247318963181528
8741,0,0.5007276516164405
8742,0,0.0013656211960237806
8743,0,0.13838067956535055
8744,1,0.7889597397962557
8745,0,0.002628472812045801
8746,0,0.0003743685703469885
8747,1,0.43615124026875635
8748,0,0.004350980263747434
8749,1,0.1331146801899765
8750,0,0.46334396843777687
8751,0,0.006299299409693185
8752,0,0.341172035531139
8753,0,0.0018117269885854696
8754,1,0.7745068263111663
8755,0,0.11553746703776854
8756,0,0.07020763189799051
8757,1,0.8753799051553345
8758,1,0.22082143675206845
8759,0,0.016657392019075533
8760,0,0.16968161896120912
8761,0,0.009683705489106315
8762,1,0.9138865041969242
8763,0,0.0027166262563542184
8764,0,0.45866706214523595
8765,0,0.46238355114635327
8766,0,0.11510209937419322
8767,0,0.0007141550825019066
8768,0,0.2767623815833354
8769,0,0.00016541884370492027
8770,0,0.02962192833968183
8771,0,0.08200360663486193
8772,0,0.11503789530442975
8773,1,0.23847168923749706
8774,0,0.1016281649098284
8775,0,0.007830433759615691
8776,0,0.00237265194204369
8777,0,0.00534351953285284
8778,0,0.008866743517702818
8779,0,0.014989594494794117
8780,0,8.763178450753076e-06
8781,1,0.44847255316247653
8782,0,0.2506340309286852
8783,0,0.02839695849352821
8784,0,0.00037426679103475517
8785,0,0.25341905950334287
8786,0,6.386351677472326e-05
8787,1,0.9615631013640903
8788,0,0.02170775087525334
8789,0,0.006325277521069281
8790,0,0.06447311704922984
8791,0,0.002748855807738084
8792,0,0.011147416462016009
8793,1,0.47086515138205354
8794,1,0.6569717636892048
8795,0,0.014209470557519824
8796,0,0.05200247859732541
8797,0,0.043213469567587516
8798,0,0.0023950390484308104
8799,0,0.0061561034718808725
8800,0,0.001488433421575072
8801,0,0.11062245203391911
8802,0,0.005940285563296612
8803,0,0.001632254183453261
8804,0,0.3862681942456784
8805,1,0.5954635464299519
8806,0,0.1187270140625799
8807,1,0.25472170726924726
8808,0,0.14615863749736396
8809,1,0.0011519728557721634
8810,1,0.6266703848316247
8811,0,0.00047022414626342947
8812,0,0.0031929710375242174
8813,0,0.3224373600929207
8814,0,0.0036367789383796975
8815,0,0.9214843499017866
8816,0,0.297264674320981
8817,0,0.0002718988750935749
8818,0,0.4720863983064084
8819,0,0.00691575511316706
8820,1,0.4435678684326251
8821,0,0.09798942965739484
8822,0,0.01523204489304478
8823,0,0.022224839901978398
8824,0,0.1381549365405278
8825,1,0.41510932020689734
8826,1,0.8687040124890206
8827,0,0.1722264772557072
8828,0,0.11459713138130809
8829,0,0.2397371898568287
8830,0,0.0023868191575393484
8831,0,0.00019711374550742525
8832,0,0.022376598531627892
8833,0,0.0011833960667179165
8834,0,0.6791631706230215
8835,1,0.7519901493540256
8836,0,0.6917701051678871
8837,0,0.0007077890158548313
8838,1,0.23234736075087656
8839,0,0.0240834140091205
8840,0,0.013302880472283767
8841,0,0.011996169259833416
8842,0,0.2114654923235082
8843,1,0.5701958646440064
8844,0,0.1131658251472472
8845,0,0.0470399882395917
8846,1,0.5128872037077004
8847,1,0.18175295487893486
8848,0,0.0019435528340965734
8849,0,0.5045494475209252
8850,0,0.018840573740266816
8851,0,0.07693487930345885
8852,0,0.19648230891146104
8853,0,0.005365936408552959
8854,0,0.011178971153797944
8855,0,0.19666692887049328
8856,0,0.16143090559297393
8857,0,6.083319974318817e-05
8858,0,0.015395278801424371
8859,0,0.14053503327275033
8860,0,0.07460080903559732
8861,0,0.06092368085750887
8862,0,0.012996958939968816
8863,0,0.020012809305221337
8864,1,0.32193566920662214
8865,0,0.0005169012538390191
8866,1,0.06942011902881288
8867,0,0.03892332426518549
8868,1,0.3695038599533197
8869,0,0.016906398015645016
8870,0,0.04878853070159136
8871,0,0.04530653382098122
8872,0,0.00013327049066881575
8873,0,0.012791606989824846
8874,1,0.5643804137279682
8875,0,0.0038012044542744226
8876,1,0.8439395587842123
8877,0,0.6710325045910535
8878,0,0.004021285103027447
8879,0,0.00671267141789224
8880,0,0.2111797262402771
8881,0,0.03507256207425254
8882,1,0.8128222285964112
8883,1,0.4857765771600845
8884,1,0.7389136261093949
8885,0,0.04348642410772449
8886,0,0.1095572159261698
8887,0,0.05442628841390341
8888,0,0.13829168119611507
8889,1,0.8045995080939268
8890,0,0.007614569037630825
8891,0,0.014430660922159565
8892,0,0.0018075819638050106
8893,0,0.006972147969589712
8894,0,0.10126476843120434
8895,0,0.006559908106667975
8896,0,0.304884434373578
8897,0,0.018784888611207858
8898,1,0.245969783854923
8899,1,0.0853296756115647
8900,0,0.3511724449867593
8901,0,0.037885183141221135
8902,1,0.5627265569164959
8903,0,0.008209231001608345
8904,0,0.16798525654343308
8905,0,0.0064013879922716135
8906,1,0.6773594646658212
8907,0,0.0010704103603979837
8908,0,0.11903272793733463
8909,1,0.5342566529600715
8910,1,0.44840241666501257
8911,0,0.037477882137173596
8912,0,0.008312379045478303
8913,0,0.0021419027517460276
8914,0,0.00047725465568300933
8915,0,0.0004449247398600952
8916,0,0.22338468098601771
8917,0,0.05313761475024044
8918,1,0.17814056996872485
8919,0,0.05004589582000372
8920,0,0.06125129234099825
8921,1,0.6650995651592457
8922,0,0.0070709944482984085
8923,0,0.00017106614430524515
8924,0,0.5361999616877753
8925,0,0.00016359123166562387
8926,0,0.256560030884925
8927,1,0.4059615813435865
8928,1,0.6840956916356324
8929,0,0.004865197498731177
8930,0,0.006505561077700774
8931,0,0.09014476485142765
8932,1,0.2941260067268119
8933,0,0.0035703012471957024
8934,0,0.00013626249077283584
8935,0,0.38493887009170114
8936,1,0.7170312910608383
8937,0,0.005288082890461983
8938,0,0.003165538059653586
8939,1,0.4221959010105912
8940,0,0.04544669693998908
8941,0,0.201312404315531
8942,0,0.606267963327421
8943,0,0.1142048276478527
8944,0,0.20914223522218173
8945,0,0.014287272575788032
8946,1,0.867820795003527
8947,1,0.6391557864123432
8948,0,0.0048563977555047995
8949,1,0.15873057855203082
8950,1,0.8475908636965568
8951,0,0.08838114053267017
8952,0,0.00031276150296433766
8953,0,0.05427257477863848
8954,1,0.7532082953083983
8955,0,0.4721346726530295
8956,1,0.6738150234753961
8957,0,0.048282017049752164
8958,1,0.4480916490747241
8959,1,0.10091507835564924
8960,0,0.022120609915349428
8961,1,0.655676973929145
8962,0,0.002178498228401696
8963,0,0.08065320417829973
8964,0,0.028449676384444577
8965,0,0.0233001407336907
8966,0,0.29367562550619586
8967,0,0.518395426221505
8968,0,0.19478787569629347
8969,0,0.5811056230373561
8970,0,0.1210534649423869
8971,0,0.19350305190340855
8972,0,0.06509795322039846
8973,0,0.10320541052482729
8974,1,0.5412744249049636
8975,0,0.02247937038419676
8976,0,0.00599420396876598
8977,0,0.05046137998833822
8978,0,0.08674242342095849
8979,0,0.02388232775280558
8980,0,0.140682530078625
8981,1,0.5247187827406913
8982,0,0.0009563643344949363
8983,0,0.029620701543477686
8984,1,0.604954196097021
8985,0,0.010060761981647789
8986,0,0.0033173703932251834
8987,0,0.0009228992460003158
8988,0,0.00018715780147108782
8989,0,0.00019998352965341524
8990,0,0.0071995513767722525
8991,0,0.22727232833498473
8992,0,0.0008941118970523771
8993,0,0.00014150052062201026
8994,0,0.001860876801385521
8995,0,0.0017910664614556762
8996,0,0.04592181761161905
8997,0,0.3355801873591074
8998,0,0.010178033778656902
8999,0,0.4880079823390692
9000,0,0.35757216923570195
9001,0,0.0009628593403509612
9002,0,0.020709842718714403
9003,0,0.027285440002371316
9004,0,0.4843276518338663
9005,0,0.08522346920801123
9006,0,0.38583570850841037
9007,0,0.059770337382467224
9008,0,0.052809139990646174
9009,1,0.6682248774366762
9010,0,0.36487898655541434
9011,0,0.4795409535738396
9012,0,0.008426390340449128
9013,0,0.00015650371171139246
9014,0,0.00011169809377851147
9015,0,0.3333013269873621
9016,1,0.7237067673811783
9017,0,0.03909633607912414
9018,0,0.028991224376697933
9019,0,0.22901602170003077
9020,0,0.03200165520269835
9021,0,0.0638571477166056
9022,1,0.8839273881101073
9023,0,0.0008650822580886133
9024,0,0.0035212230213623797
9025,0,0.1403657906841827
9026,0,0.00021338167765820444
9027,0,0.0013202306147470158
9028,0,0.082967274874239
9029,0,0.1869398000078997
9030,1,0.4609420701892882
9031,0,0.19462168166149774
9032,0,0.006761330003878809
9033,0,0.015825855924504164
9034,0,0.039222734719042675
9035,0,0.007083399353723339
9036,0,0.0020683521826774234
9037,0,0.2369075897216525
9038,1,0.6034311260045392
9039,1,0.239549356116349
9040,1,0.39114480893633935
9041,1,0.7852324197732985
9042,0,0.038312221066211516
9043,0,0.078618045717085
9044,1,0.6604826842508453
9045,0,0.0079537311204063
9046,0,0.14018897461064564
9047,0,0.0003787206793206633
9048,0,0.0005766463921752423
9049,0,0.0007255561301499086
9050,1,0.5339385469207787
9051,0,0.0005653000647904529
9052,0,0.01875931849179698
9053,0,1.7133501549645598e-06
9054,0,0.008629728683791308
9055,0,4.7964688519480494e-05
9056,0,0.13472118546728937
9057,0,0.04312081871393032
9058,0,0.06626509223746811
9059,0,0.00010493814578049724
9060,0,0.08063962595479707
9061,0,0.0036011690270228856
9062,0,0.23872948723760343
9063,1,0.8736802726220443
9064,0,0.228986807946404
9065,1,0.4364946088341739
9066,1,0.8781001158983002
9067,1,0.372840451156434
9068,0,0.0001103097937124034
9069,0,0.029330409524939458
9070,0,0.0018701157050595113
9071,0,0.2332376437173329
9072,0,0.10153084818432091
9073,0,0.0042458043707070195
9074,0,0.03313866974041273
9075,1,0.7766522313231287
9076,0,0.006021805834977167
9077,1,0.2599376559157628
9078,0,0.0011975598738425406
9079,0,0.44947133500496866
9080,0,0.006984672374306093
9081,0,0.0076222507004608505
9082,0,0.009276587112816299
9083,0,0.007260429560458713
9084,0,0.04839936516949508
9085,0,0.010300697012333247
9086,0,0.0076493290822748135
9087,0,0.007053124370703835
9088,1,0.21298661690072837
9089,0,0.018411806223506327
9090,1,0.10961394560658638
9091,0,0.0734375013218174
9092,0,0.00928093053727302
9093,1,0.4060691750940611
9094,0,0.01493313565342929
9095,0,0.6935747104709075
9096,0,0.027913154110060477
9097,0,0.0020978269857233082
9098,0,0.00014771805687832835
9099,1,0.16233279738477638
9100,0,0.7487005206007876
9101,0,0.1014240591941456
9102,1,0.5524789400357611
9103,0,0.020330131164776295
9104,0,0.127774654323499
9105,0,0.2138395354665367
9106,0,0.0274532592069407
9107,0,0.136442792072717
9108,0,0.0035211691315501924
9109,0,0.400210398958655
9110,0,0.00037291586016131455
9111,0,0.19011817573973308
9112,0,0.16901071802732484
9113,0,0.014963216288772405
9114,0,0.01906802143342581
9115,1,0.8382177455934634
9116,1,0.889483675794045
9117,0,0.0003761673681074519
9118,0,0.004375380197196425
9119,1,0.8482197126834826
9120,0,0.034512060233990456
9121,0,5.096563323190893e-05
9122,0,0.004590714143273019
9123,0,0.014779552321972613
9124,0,0.10430151455973372
9125,0,0.01110689410195758
9126,0,0.002503415880449451
9127,0,0.1534553127873188
9128,0,0.00025153194885469353
9129,0,0.0015592840043502985
9130,0,0.10516299692042065
9131,0,0.04940601940056245
9132,0,0.043980757651524226
9133,1,0.03759699600980649
9134,1,0.5003890559221175
9135,0,0.011902759006647433
9136,0,0.001996305130168363
9137,0,0.1649323579335099
9138,0,0.056546095621030815
9139,0,0.011031798397926918
9140,0,0.46430295369410546
9141,0,0.013798774450352727
9142,1,0.4273487475511322
9143,0,0.06388062702616093
9144,0,0.3441888439194931
9145,1,0.34741874929781674
9146,0,0.2819372003203496
9147,0,0.027201413045370017
9148,0,0.039267878552527884
9149,0,0.0003782947480902785
9150,0,0.007214806571309702
9151,0,0.025634018437264147
9152,0,8.348397369397171e-05
9153,0,0.21924270204592802
9154,1,0.6919430585543227
9155,0,0.0064098676349560076
9156,0,1.434202504549956e-05
9157,1,0.8689623508584037
9158,0,0.20327659869602444
9159,1,0.8305254057933938
9160,0,0.10912136767866484
9161,0,0.5538419618165916
9162,0,0.027055152541778777
9163,0,0.00014113489137986587
9164,1,0.5816874612499879
9165,0,0.22683993539212163
9166,0,0.05851286312567754
9167,1,0.3976442425483048
9168,0,0.0014794774337105207
9169,1,0.7106763198599773
9170,0,0.005428235145315055
9171,0,0.0004073776867820536
9172,0,0.0031815598922873183
9173,0,0.0009956639863853778
9174,0,0.023052730361027222
9175,0,0.03321166793489959
9176,0,0.0010334197850598574
9177,1,0.764097129458835
9178,1,0.7845056925842226
9179,0,0.0004301655341680041
9180,1,0.5599399975070185
9181,1,0.04612780859874079
9182,0,0.2487084413341311
9183,0,0.014255239888192632
9184,0,0.01218704173209458
9185,0,0.0360678731420665
9186,0,0.014452466235786568
9187,0,0.29011543274050544
9188,0,0.0006885390318889519
9189,1,0.3298209381205479
9190,0,0.03644825757835233
9191,1,0.5922855252193759
9192,0,0.0007560075315149754
9193,1,0.4358636545264306
9194,0,0.08659633207505349
9195,0,0.10748396670845445
9196,0,0.005160026457413077
9197,0,0.0004262709005160816
9198,1,0.6293216599662319
9199,1,0.7342987674683762
9200,0,0.661252910671486
9201,0,0.49644226279867915
9202,0,0.004078701841731645
9203,0,0.1836063486981932
9204,0,0.0038263603235099315
9205,0,0.044243659797898995
9206,0,0.03609028010652927
9207,1,0.4228065938694702
9208,0,0.011690292138585422
9209,1,0.39047211002578186
9210,1,0.4981018873816599
9211,1,0.7397468359619552
9212,0,0.0018879115444423945
9213,0,0.029983619862733266
9214,0,0.5161002359862411
9215,0,0.28504923937592874
9216,0,0.7042210152152439
9217,0,0.07013730533736824
9218,1,0.5200533019510579
9219,0,0.002369052813373003
9220,1,0.19517213979597803
9221,0,0.00022740035824722623
9222,0,0.0012673323493502208
9223,0,0.0015959467843787536
9224,0,0.13318234105562013
9225,0,0.03086105097444291
9226,0,0.25655819342790265
9227,0,0.002070395594527712
9228,0,0.0008771100497316451
9229,0,0.1623615227728524
9230,0,0.006590613493932924
9231,0,0.0005544722524974492
9232,0,0.09286944316295978
9233,0,0.05459528098582579
9234,0,0.16630515582138422
9235,0,0.009679001096597408
9236,0,0.00035600541790612854
9237,1,0.7820614479160433
9238,1,0.7926037116565589
9239,0,0.015767950942232437
9240,0,0.0013316399825620403
9241,1,0.8453047882518189
9242,0,0.013049067382624749
9243,0,0.5086372953873776
9244,1,0.5162699465298514
9245,0,0.0024986236571965296
9246,1,0.8867294326879237
9247,0,0.08858407568346159
9248,0,0.28424663772875225
9249,1,0.687710231178643
9250,0,0.00040426878727551057
9251,0,0.0048086428316663
9252,0,0.0050459081746868206
9253,0,0.0007858194336559218
9254,1,0.2158988932007178
9255,1,0.570269809068729
9256,0,0.008359554390594591
9257,1,0.29035529103843377
9258,0,0.0010792716666494172
9259,1,0.14127038916552395
9260,0,0.001992095039578667
9261,0,0.0009231239228563044
9262,1,0.4200805038883673
9263,1,0.0750484726055136
9264,0,0.4741795355657159
9265,0,0.4916672118471857
9266,0,0.49090394155384603
9267,0,0.00810820196148757
9268,1,0.5142514594026114
9269,0,0.0009246907471024745
9270,0,0.0010291220154960215
9271,1,0.49551749029391157
9272,1,0.5507990776436804
9273,0,0.080934874250505
9274,0,0.00660451504763961
9275,0,0.49248743724208793
9276,0,0.38458327488828586
9277,0,0.002158309771399891
9278,0,0.0015017717247155613
9279,0,0.317234913719945
9280,0,0.0011488511010173165
9281,0,0.005822109581320168
9282,1,0.37982808147908265
9283,0,0.027226318866422006
9284,0,8.358448440603998e-05
9285,0,0.04217763993232552
9286,0,0.2888643087406543
9287,0,0.5395316819345645
9288,0,0.010077759027666104
9289,0,0.00892288455951526
9290,0,0.0006801759976076409
9291,0,0.0015915629319742859
9292,0,0.044240539598217304
9293,0,0.03878621838843372
9294,0,0.005244115274969591
9295,1,0.85584827610859
9296,0,0.04079917966226936
9297,0,0.00012286127235359943
9298,0,0.011278171812259407
9299,0,0.016266305752608106
9300,0,0.0865694133300314
9301,0,0.015900355596369636
9302,0,0.00014007894774756952
9303,0,0.23506165397435974
9304,0,0.49022616426425414
9305,0,0.0016454724025993794
9306,1,0.8003748698642569
9307,0,0.2290303434453667
9308,0,0.0002917244879754673
9309,0,0.5376878262589444
9310,0,0.00025219460525085054
9311,0,0.008043425516434064
9312,0,0.021116393634698666
9313,0,0.0044665249046493515
9314,0,0.29879942259552006
9315,0,0.09472206933145191
9316,1,0.7829912753156826
9317,0,0.0044884420136192624
9318,0,0.0005901283988438585
9319,0,0.006181365649101761
9320,1,0.8904589817843117
9321,0,0.33282967169274175
9322,0,0.050466268958828026
9323,0,0.19684577584675042
9324,0,0.004874587896026675
9325,1,0.6665936513028535
9326,0,0.10195102635680747
9327,0,0.012242707178396333
9328,0,0.6718230991530723
9329,0,0.02204883834608942
9330,0,0.0996627007404017
9331,1,0.4498737685884569
9332,0,0.0009257433142335034
9333,0,1.4985822556716714e-05
9334,1,0.5732024659623929
9335,0,0.031376394711311935
9336,0,0.0026219061956248555
9337,0,0.071297138242577
9338,0,0.0022421692327108775
9339,0,0.2070380415609358
9340,0,0.6446294754622159
9341,0,0.18634969522603068
9342,0,0.0013760443391772857
9343,0,0.05457102444927807
9344,0,0.006935601451042688
9345,0,0.04430386933019087
9346,1,0.2082683147417602
9347,0,0.47482943132516753
9348,1,0.7153019647159656
9349,1,0.8923494158328442
9350,0,0.0435692176336313
9351,0,8.302603221922875e-06
9352,1,0.8781789424002562
9353,0,0.0007751731817675105
9354,0,0.00192185212775771
9355,0,0.05634877750618356
9356,0,0.014458483897736098
9357,0,0.0004932964282330766
9358,0,0.0046178818258387965
9359,0,0.0010678020592300311
9360,0,0.0030824437117533644
9361,0,0.0030152072803393683
9362,0,0.6940723133708198
9363,0,0.1507008405033616
9364,0,0.6292834227460368
9365,0,0.0024121504369933678
9366,0,0.7445848651162147
9367,1,0.7981726083236887
9368,0,0.0013624478425132073
9369,0,0.00017175444594267863
9370,0,0.0018924039285911902
9371,0,0.06683159380149878
9372,0,4.392214571276302e-05
9373,0,0.039268435921361644
9374,0,0.014530122138007799
9375,0,0.00019092833018758649
9376,1,0.572159952099224
9377,0,0.0005038064076158468
9378,0,0.042318857263515676
9379,0,0.37408072109986684
9380,0,0.021525530862158148
9381,0,0.008088188031032721
9382,1,0.9055037119348442
9383,0,0.17644484195686336
9384,0,0.3498897881120982
9385,0,0.27211958983730156
9386,0,0.0004604011607103862
9387,0,0.0006726828261237368
9388,0,0.07104938805579926
9389,0,4.646573515412123e-05
9390,0,0.015176561978916734
9391,0,0.015306116945502208
9392,0,0.011029963771418337
9393,0,0.5542966763081122
9394,0,0.013467454128293734
9395,0,0.0034866338458399964
9396,0,0.09987474713832467
9397,1,0.5777723080231867
9398,1,0.7236734723905927
9399,0,0.005539797229993815
9400,0,0.007497649537425876
9401,0,0.1510064147295196
9402,0,0.00019301743476149292
9403,0,0.009140935593074252
9404,1,0.6685383470146152
9405,0,0.16763374325608457
9406,0,0.00041966960296575595
9407,0,0.015269068991899405
9408,0,0.20829215861401335
9409,0,0.045141283679326634
9410,0,0.006666113055750852
9411,0,0.6640010359516964
9412,1,0.44854001659471626
9413,0,6.31636799789282e-05
9414,0,0.00892927722729325
9415,0,0.2449026890786487
9416,0,0.7405867290166497
9417,0,0.0026951897008856015
9418,1,0.29325553124345133
9419,1,0.35400090112801696
9420,0,0.008102308934924774
9421,0,0.0052702064812958594
9422,0,0.2799667443527108
9423,0,0.5855251058025653
9424,0,0.21230464828857556
9425,0,0.17559580171177527
9426,1,0.6402902374293985
9427,0,0.026865454686987672
9428,0,0.005174746957233653
9429,0,0.5848040052141775
9430,0,0.019538846696844726
9431,1,0.8914284622009008
9432,0,0.0012123293490137114
9433,0,0.02834030273936718
9434,1,0.6114556751452669
9435,1,0.8212538806189945
9436,0,0.37234319955139794
9437,0,0.0034079136512639554
9438,0,0.282181502600289
9439,0,0.06687807408580167
9440,1,0.3271103718436631
9441,0,0.002354352087982252
9442,0,0.001713400919792645
9443,1,0.5348220072821914
9444,0,0.17034334614198915
9445,0,0.31343097293249755
9446,0,6.215496680431139e-05
9447,0,2.4802998097882816e-05
9448,0,0.007949950742062766
9449,0,0.027121622792747144
9450,0,0.007440586202215528
9451,0,0.002974737309281553
9452,0,0.0803075059644689
9453,0,0.001191178404459714
9454,0,0.44776688994596137
9455,0,0.27366525994476504
9456,0,0.2075805996694951
9457,0,0.147833432108479
9458,0,0.0020395376608666974
9459,0,0.022161595029495072
9460,0,0.02493213657512326
9461,0,0.009060124583860948
9462,0,0.030793389703010043
9463,0,0.00030690539185524563
9464,0,0.5470660464143191
9465,1,0.6364703347563732
9466,1,0.72971911164496
9467,0,0.028871836318338645
9468,0,0.011134187812466619
9469,0,1.8723609396997633e-05
9470,0,0.16312127656935896
9471,0,0.019674354866328122
9472,0,0.09519253039163388
9473,0,0.0006765118923329921
9474,0,6.647107770066639e-23
9475,0,0.0020745656926709714
9476,1,0.796404345315454
9477,0,0.11521001148496497
9478,0,0.12324170935164903
9479,0,0.018903030031325464
9480,1,0.3532006027658845
9481,0,0.02617351972348291
9482,0,0.28687829036967355
9483,1,0.5425875780208422
9484,0,0.008112291823918101
9485,1,0.5242840414458556
9486,0,0.3084709093096039
9487,0,0.012256894440593295
9488,0,0.056971740964005875
9489,1,0.8820795632788251
9490,1,0.12543141268058391
9491,0,0.010710639517259582
9492,0,0.04053281577284453
9493,1,0.9667913119959098
9494,1,0.4430910565884752
9495,0,0.0045434031259630435
9496,0,0.12408298301140824
9497,0,0.0003719621375557333
9498,0,0.14168822945112675
9499,1,0.0416359874868527
9500,0,0.0005675259135033024
9501,1,0.5114975779374747
9502,0,0.45243394727337155
9503,1,0.18641414285377578
9504,0,0.021783218792044545
9505,0,0.05659829562250575
9506,0,0.010137396994156713
9507,0,0.19299266374463783
9508,0,0.020039099796584862
9509,0,0.12136586016958191
9510,0,0.03816746574294709
9511,1,0.7199410529617953
9512,0,0.04429612847434539
9513,0,0.04547005993147724
9514,1,0.4498827787569806
9515,1,0.5932952926101658
9516,1,0.15156946293792034
9517,0,0.08642366025916329
9518,0,0.0030318509402190415
9519,0,0.0002485939467352432
9520,0,0.7011530248877308
9521,0,0.022673295610040698
9522,0,0.43569229696951967
9523,0,0.04089098811912282
9524,0,0.0012103167690372815
9525,1,0.158569097262831
9526,1,0.774725657528287
9527,0,0.029652401274110507
9528,0,0.00016458031743485816
9529,0,0.6376336531175828
9530,0,0.001082149312445001
9531,1,0.389917163511691
9532,0,0.015984890348410333
9533,0,0.22570431239137712
9534,0,0.015763438939669295
9535,0,0.10612882365297975
9536,0,0.11221083244586844
9537,1,0.8092499293852938
9538,1,0.9574160948491321
9539,0,0.05807039847018523
9540,0,0.008415687038026138
9541,1,0.8699385038953105
9542,0,0.0015372649773851951
9543,0,0.04689594780202867
9544,0,0.003820324666676952
9545,0,0.323856589232253
9546,0,0.009730704526375568
9547,1,0.6992826145093715
9548,1,0.3476681017163703
9549,0,0.00010946584221251149
9550,0,0.3740522333001744
9551,0,0.0056400616838465775
9552,0,0.22954980054129903
9553,0,0.0014337966356060708
9554,0,0.0017078744613052892
9555,1,0.8121266581113626
9556,0,0.03311934048491665
9557,1,0.6493471846681406
9558,0,0.28746892722123535
9559,0,0.06680183111650441
9560,0,0.05746975561033319
9561,1,0.7356923813526992
9562,0,0.0013908953674286405
9563,0,3.9460241497389844e-07
9564,0,0.19346714252984631
9565,0,0.028788413416728956
9566,0,0.0006566661439031154
9567,0,0.15976559625717182
9568,0,0.051125828740298127
9569,0,0.19270594211573036
9570,0,0.0012009355232324352
9571,0,0.805230455379854
9572,1,0.7894565834049398
9573,0,0.08829168576375636
9574,1,0.038642826173724915
9575,0,0.0010851838250132055
9576,1,0.41952250074045055
9577,1,0.5083598127345742
9578,0,0.11103983520935747
9579,1,0.46217035942484846
9580,0,0.7387872732733235
9581,1,0.20703078077145515
9582,0,0.37533820592024014
9583,0,0.0015023292983364436
9584,0,0.0005985870961500435
9585,0,0.009212727674212634
9586,1,0.7135211221130139
9587,0,0.007492676267505354
9588,0,0.00028600896888727914
9589,0,0.058085736631105916
9590,0,0.008718804258784933
9591,0,0.20562961160686488
9592,0,0.31625146359902645
9593,0,0.4042551726377063
9594,1,0.01367078717434483
9595,0,2.966804752460448e-11
9596,0,0.10416141941046665
9597,0,0.8273772450432334
9598,0,0.004771824629364632
9599,0,0.00029508954464094146
9600,1,0.8018731805384519
9601,0,0.23136198182839057
9602,0,0.00973807343914372
9603,1,0.24458966458845519
9604,0,0.019625523795443068
9605,0,0.0573045561895364
9606,0,0.512478043376144
9607,0,0.0006263611606045539
9608,0,0.02232782734345741
9609,1,0.9090882227027396
9610,0,0.008042375721771803
9611,0,0.5990166780592407
9612,0,0.030011552706063798
9613,0,0.2332060338956705
9614,0,0.09172869728041423
9615,0,0.028234887009155153
9616,0,0.00417033139061116
9617,0,0.052753758340146215
9618,1,0.8102076456628792
9619,0,0.0002118194631941295
9620,0,0.1584750269898286
9621,0,0.034546595451671255
9622,0,0.04855010137631756
9623,0,0.22491948362178243
9624,0,0.011218079902115312
9625,0,2.651805725971828e-10
9626,0,0.03738509397826227
9627,1,0.4195984139028033
9628,1,0.27677649593821124
9629,1,0.018454026948366228
9630,0,4.3314661525114e-05
9631,0,0.21167227862705196
9632,0,0.026208221898798262
9633,1,0.5662888721669049
9634,0,0.6427291541209363
9635,0,0.001598369987458007
9636,1,0.7126455390852675
9637,1,0.6654156159286285
9638,0,0.015369402058147227
9639,0,0.022715288206809653
9640,1,0.6125253342181592
9641,0,0.06607878043231105
9642,0,0.021710323770163957
9643,0,0.4032264538504701
9644,1,0.9342442166885877
9645,0,0.0011314609518072723
9646,0,0.04006873798150448
9647,1,0.3937850933088103
9648,0,0.0031656229115500103
9649,1,0.3663876734220102
9650,0,0.025613148271405067
9651,1,0.7034628333007233
9652,0,0.12596750658445943
9653,1,0.34411389986366236
9654,0,0.3545704464330734
9655,0,0.1826390202628762
9656,0,0.1760334881638534
9657,1,0.40382915283189436
9658,1,0.6427948215183306
9659,1,0.14025726884005266
9660,0,0.03239750083618533
9661,0,0.09102922146820404
9662,0,0.008286591966262863
9663,0,0.5565824171701843
9664,0,0.12521431970961625
9665,0,0.06708677861098698
9666,0,0.13429682962126302
9667,0,0.14346954958162833
9668,0,4.817615265258343e-08
9669,0,0.025054996758820634
9670,1,0.5860686144161734
9671,1,0.939478453917967
9672,0,0.06392314778129031
9673,1,0.6129380844965299
9674,0,0.03204442137687263
9675,1,0.7913423534102143
9676,0,0.001438978685762996
9677,0,0.0025269927142113338
9678,0,0.07629224157061198
9679,0,0.1254626931729288
9680,0,0.0074364161056436045
9681,0,0.18174415844305222
9682,0,0.17534008438414894
9683,0,0.026359765543628382
9684,0,0.00012135746214649807
9685,0,0.04640731825851892
9686,0,0.13786474005115326
9687,1,0.30527690207020974
9688,0,0.022313982453034828
9689,0,0.0010705067596301911
9690,0,0.6897375522844442
9691,0,0.0783345204122077
9692,0,7.635139287081686e-07
9693,0,0.03135745420358881
9694,0,0.044916668811006026
9695,1,0.9139718619074085
9696,1,0.6253277950628982
9697,0,0.002393134637889735
9698,0,0.006749302137712128
9699,0,0.0170319694174533
9700,0,0.3931422267567985
9701,1,0.6260866209518613
9702,0,0.002704917907608945
9703,1,0.9217461799970674
9704,0,0.03325527686459234
9705,0,0.06357079579087252
9706,1,0.8592424020773073
9707,0,0.2461037885089992
9708,0,0.0007189669873145083
9709,0,0.05249026413555733
9710,0,0.5556402374842958
9711,1,0.6560711174527054
9712,0,0.3048073018349601
9713,0,0.06344642843641196
9714,0,0.020819004439242422
9715,0,0.009329726207594612
9716,0,0.11406281895119348
9717,0,0.027709888546110287
9718,0,0.12621515081811366
9719,0,0.009191996649022602
9720,1,0.22210804425223793
9721,1,0.33146170579710243
9722,0,0.00278036070400084
9723,0,0.06938990652444066
9724,1,0.6684548908161569
9725,0,0.9215374178404162
9726,0,0.2165039654211269
9727,0,0.001488131435047512
9728,0,0.23379691607480085
9729,0,0.003881366298874953
9730,0,0.014167516521169992
9731,0,0.03666887344146272
9732,0,0.38360385530949526
9733,0,0.348046026038944
9734,0,0.0675821039025035
9735,0,0.007117018719989561
9736,0,0.0015617887827868
9737,0,0.026406324767613492
9738,0,0.2015898292755702
9739,0,0.19586808863634791
9740,1,0.47229729216196187
9741,0,0.03097746209223724
9742,0,0.14340255052832498
9743,0,0.04230039163613097
9744,0,0.7839198558728915
9745,0,0.16309628515994656
9746,0,0.30624721743570155
9747,0,0.0005875292447681067
9748,1,0.11345497243886457
9749,0,0.04335616425665055
9750,0,0.6108313160525648
9751,0,0.0063964692103809385
9752,1,0.9708642121191151
9753,0,0.16525827019949302
9754,0,0.002427731368000566
9755,0,0.08837411170787084
9756,0,0.011453948655137682
9757,0,0.06231943160149442
9758,0,0.005152422223825086
9759,1,0.07095656151039466
9760,0,0.07674454027863904
9761,0,0.04786423176848822
9762,0,0.003022929939186497
9763,1,0.7374517342628714
9764,0,0.09848520682938128
9765,1,0.6728221440505652
9766,0,0.2388521267100729
9767,1,0.7154812426662948
9768,0,0.12691925090308573
9769,1,0.1998036200660552
9770,0,0.005341864974140372
9771,0,0.05856893626338039
9772,1,0.5202115695981718
9773,0,0.009420518472925332
9774,0,0.37678830226253607
9775,0,0.21280253512135935
9776,0,0.030927629579269644
9777,0,0.004728665764132406
9778,0,0.32822428332790166
9779,0,0.0019105215170602712
9780,0,0.2688765913819496
9781,0,0.003460431351268859
9782,0,0.0018642481567100635
9783,1,0.14352281667876668
9784,0,0.08675773159539117
9785,1,0.52881632984876
9786,0,0.14145977354267425
9787,0,0.07280409986906418
9788,0,0.14548458391390115
9789,0,7.726411414764003e-05
9790,0,0.588566141036714
9791,0,0.0005092059559073457
9792,0,0.0024176607615205782
9793,0,0.005591809071481163
9794,1,0.8784772989277269
9795,0,0.1212696612509963
9796,0,0.5644077516139538
9797,0,0.20263793815954959
9798,1,0.7379834642674604
9799,1,0.8355999978425295
9800,0,0.0006445881616965233
9801,0,0.00031953989228062686
9802,0,0.003707543935189412
9803,0,0.006995506337176972
9804,0,0.027537650861377185
9805,0,0.5410455511970723
9806,1,0.6932590429168495
9807,1,0.5910531941346236
9808,0,0.002311274020072309
9809,0,0.041111535148000165
9810,0,0.1248734416807146
9811,0,0.24636565498098612
9812,0,0.25665554175042393
9813,0,0.0072417813887881355
9814,0,0.18454642696763246
9815,0,0.5543188697379928
9816,1,0.6982287217062605
9817,0,0.040333653250285297
9818,0,0.013133877067728337
9819,0,0.0014023615177080886
9820,0,0.17780860538484403
9821,0,0.040948060796361214
9822,0,0.053622194808524655
9823,0,0.035511866980975804
9824,1,0.3637142040967178
9825,1,0.14789260515878344
9826,0,4.637281770230041e-05
9827,0,0.0102620733300056
9828,0,0.06746367938954158
9829,0,0.0008920958812116996
9830,0,0.002404024480289467
9831,0,0.03742684177748287
9832,0,0.00018737109209641256
9833,0,0.03061519841664155
9834,1,0.7760384367890876
9835,0,0.09616595506504247
9836,1,0.32420800556258345
9837,0,0.0014836604278181803
9838,0,0.00478388851949864
9839,0,0.04741809871000436
9840,0,0.03474279361860207
9841,0,0.06704900604773872
9842,0,0.29383603544717896
9843,0,0.1108948625018046
9844,0,0.0002818637282999962
9845,0,0.1675837144744584
9846,0,0.0025662320804158622
9847,0,0.045456297619819314
9848,0,0.08673781963418398
9849,0,0.4391940546937
9850,0,0.004428317185729639
9851,1,0.6236337151799958
9852,1,0.5232409052980358
9853,0,0.06132132838296154
9854,1,0.5471521387910793
9855,0,0.041369215157816705
9856,1,0.33700488327631967
9857,0,1.3044768290711733e-05
9858,0,0.0012693469672178561
9859,0,0.013833460534735454
9860,0,0.035321234124406645
9861,0,0.19349246458724792
9862,0,0.08262360382014135
9863,0,2.984139201288867e-16
9864,0,0.1367517136711742
9865,0,0.0005950682179287966
9866,0,0.1227122092558369
9867,0,0.13824463855352898
9868,0,0.23370021860609547
9869,1,0.8083065341769805
9870,0,0.14381790092666497
9871,0,0.07798758506869703
9872,1,0.5608971175270538
9873,0,0.03608206149950864
9874,0,0.012139892272143096
9875,0,0.0964165143480574
9876,0,0.5368823857080067
9877,1,0.32496022726930324
9878,0,0.0015654013439186207
9879,0,0.001796344077308447
9880,0,0.010616894212211824
9881,1,0.6700668608635868
9882,1,0.41039146197028353
9883,0,0.022238539800984104
9884,1,0.685513048763701
9885,0,0.5396813604498314
9886,0,0.4249180633838437
9887,0,0.27584693956215794
9888,0,0.0010706944500865525
9889,0,0.0449358898781654
9890,0,0.14356873146527213
9891,1,0.16271310098075933
9892,0,0.025795706202573206
9893,0,0.5725188721263041
9894,0,0.0005623446280546917
9895,1,0.48769996927237325
9896,1,0.9004240929862746
9897,0,0.00717477560737672
9898,1,0.5125306272331673
9899,0,0.25215644942432647
9900,0,0.003645635775241883
9901,0,0.021775652213131335
9902,0,0.04079630260841307
9903,0,0.04682374433795096
9904,0,0.06781459889850994
9905,0,0.00010373880888112654
9906,0,0.23875637712434863
9907,0,0.00034075617905339304
9908,0,0.02184474530095683
9909,0,0.0016395567449219582
9910,0,0.008264607264411332
9911,1,0.30703930549740904
9912,0,0.8587124289683227
9913,0,0.0006115353434063395
9914,1,0.6212854299429985
9915,0,0.00021475705455629155
9916,0,0.00523093305321753
9917,0,0.013129933932023566
9918,0,0.002733335161902779
9919,0,0.06705962374676594
9920,0,0.04333594009174538
9921,1,0.7762232195182802
9922,1,0.7976296544212986
9923,1,0.6423467189119961
9924,1,0.8307972832526936
9925,0,0.32688475781993176
9926,0,0.02204157427841334
9927,0,0.0862784717547383
9928,0,0.014220412399393768
9929,0,0.015908410505178227
9930,0,0.041286175412474785
9931,1,0.7285276681534519
9932,0,0.09871786515335165
9933,1,0.7882824647249342
9934,0,0.00018055102471671006
9935,0,0.38374185738777805
9936,0,0.005977720463359576
9937,0,0.01329390890255893
9938,0,0.04812270241582198
9939,0,0.0015212442442101755
9940,1,0.6215617687113938
9941,0,0.013407574917231399
9942,0,0.09736395659396356
9943,0,0.002279701536779281
9944,0,0.0492587945003439
9945,1,0.4890278394628969
9946,1,0.6704442069402574
9947,0,0.0018787932687116446
9948,0,0.39036813735979387
9949,0,0.041088704069954365
9950,0,0.0002924905758017343
9951,1,0.7982518154364062
9952,0,0.6756603407488864
9953,1,0.7614597345095653
9954,0,0.030926580441478214
9955,1,0.02523997896628137
9956,0,0.034440784331147285
9957,0,0.004254694666045079
9958,0,0.07370908143859456
9959,0,0.00045151790455323485
9960,1,0.32281591796273484
9961,0,0.00015858559921745773
9962,0,0.266404378489143
9963,0,0.005957918338724334
9964,0,0.004124114919852433
9965,1,0.9028512810251131
9966,1,0.3978844491801357
9967,0,0.0006586317485054425
9968,0,0.5673637443192542
9969,1,0.020812872998193864
9970,0,0.0037383107025574405
9971,0,0.4962196652050425
9972,0,0.019298682540998962
9973,0,0.03611762388795479
9974,0,0.00016625296134855814
9975,0,0.00223489007604496
9976,0,0.06078269592501477
9977,0,0.0006889105994988719
9978,0,0.08703800692504914
9979,0,0.4508502197441972
9980,0,0.35530530497695334
9981,0,0.0007288638151072179
9982,0,0.00017423996906315765
9983,0,0.03416447451183677
9984,0,0.126138714087841
9985,0,0.07212497086418887
9986,0,0.0012087173042049826
9987,0,0.0008810456010382736
9988,0,1.337982464194795e-05
9989,0,0.16288804663412448
9990,1,0.9413152062802078
9991,0,0.21823851370364009
9992,0,0.004935787913519692
9993,0,0.5788025248786681
9994,0,0.0016017775327696556
9995,0,0.017200436066106516
9996,0,0.4700768218231966
9997,0,0.0014710831994804304
9998,0,0.0031899150412051905
9999,0,0.007562840316561217
10000,0,0.012908251452723526
10001,1,0.10562078782215736
10002,0,0.0005883560056643279
10003,0,0.004962351974620768
10004,0,0.02813802026787048
10005,0,0.3938991465672989
10006,0,0.004966489546417611
10007,0,0.26773030254469227
10008,0,0.0019349336703771837
10009,0,0.0032287105531862374
10010,0,0.004559352931178801
10011,0,0.007560894415049785
10012,0,0.000403808222666293
10013,0,0.036167559979696805
10014,1,0.1622074304379875
10015,0,0.17175564646414415
10016,0,0.0788576283447637
10017,1,0.238611273063996
10018,0,5.2087435158169364e-05
10019,0,0.1661787732792884
10020,0,0.00403489127320343
10021,0,0.21341158782471703
10022,0,0.011633052829139597
10023,0,0.0021355444562516147
10024,1,0.44204608911693166
10025,0,0.04127847720281737
10026,0,0.0037782707036409357
10027,0,0.004984377459106999
10028,0,0.0050575070835933355
10029,0,0.0013097853719660451
10030,0,0.0029152001761923053
10031,0,0.028357874393516058
10032,0,0.07711043603559112
10033,0,0.008023037641664866
10034,0,0.09835178977846318
10035,0,0.09998795423460363
10036,0,0.11511054886082424
10037,0,0.001606058145921884
10038,0,0.5244899290810214
10039,1,0.8381150039239529
10040,0,1.4227324621250687e-15
10041,0,0.2670543366484861
10042,0,0.24702051431090613
10043,1,0.6862207108934679
10044,0,0.013712331156029087
10045,0,0.4719161734286074
10046,1,0.6176609139411443
10047,0,0.0007099807063202366
10048,0,0.0011515930073589488
10049,0,0.10679959741186366
10050,0,0.0010964776374113236
10051,0,0.000693959207089391
10052,0,0.004887023103451312
10053,0,0.06121054150083075
10054,1,0.7750972914692185
10055,0,0.0161719757215367
10056,1,0.20350041278401598
10057,1,0.7881155889961351
10058,1,0.3882047960716072
10059,1,0.9110419808558746
10060,0,0.06305303780588682
10061,1,0.9054831190597911
10062,0,0.36040368467907585
10063,0,0.6328615446979996
10064,0,1.2515272930183699e-05
10065,0,0.5047374310105035
10066,0,0.7550535296555195
10067,1,0.01087519597885504
10068,0,0.02104524174999355
10069,0,0.01124688560003297
10070,1,0.6481586432375629
10071,0,0.014317744172836336
10072,0,0.2023307031907821
10073,1,0.5824999332982413
10074,0,0.775114817606761
10075,1,0.8046271842160766
10076,0,0.08981963413205231
10077,0,0.07862436864032182
10078,0,0.5740378221117762
10079,1,0.911702614380322
10080,0,7.398496295895356e-05
10081,0,0.017426566025854226
10082,0,0.37425978668163784
10083,1,0.1430381651589389
10084,0,0.05904741335187511
10085,0,0.49419293648521473
10086,0,0.006423786103824454
10087,0,0.0002550273879579794
10088,1,0.6305857356197372
10089,1,0.7954964644513034
10090,0,0.0026073669209724305
10091,0,0.7041602063545901
10092,1,0.6603298435579871
10093,0,0.0004165211256045853
10094,1,0.42741846459178856
10095,0,0.18324700579053071
10096,0,0.007743554993831436
10097,0,0.654006624443171
10098,0,0.0003151967152606016
10099,0,0.02187944282634478
10100,0,0.009084389079163502
10101,0,0.337518126399055
10102,0,0.01225628831303342
10103,0,0.000892011578698082
10104,0,0.018577517585574042
10105,0,0.00020781233919974632
10106,0,0.00038036101825068516
10107,0,0.7167107299939478
10108,1,0.7625069808370948
10109,0,0.003607525602529419
10110,0,0.005313645239559913
10111,0,0.0061668147962437225
10112,0,0.04993952624026836
10113,0,0.30832576929765926
10114,0,0.3963679658861142
10115,0,0.0021535801220622
10116,0,0.6130133424733659
10117,0,0.003518408953633343
10118,1,0.2631851301791379
10119,0,0.5876672021943423
10120,0,0.29099758293018807
10121,0,0.000524792977791509
10122,1,0.5560435926473984
10123,0,0.13281520297226573
10124,0,0.022121542667826666
10125,0,0.0009033720217042047
10126,0,0.4740278446355992
10127,0,0.0014373237114243794
10128,1,0.9187576763258127
10129,0,0.00043950904904716567
10130,1,0.41427813070300756
10131,1,0.8538541677995739
10132,1,0.8552287046046826
10133,0,1.3073243115976823e-05
10134,1,0.1382405152947554
10135,0,0.303429260222947
10136,0,0.11660122874457371
10137,1,0.6900741650742338
10138,0,0.00022989426316061997
10139,0,0.00618235387738987
10140,0,0.04732531799721083
10141,1,0.5924131347596692
10142,0,9.800906561100604e-05
10143,0,0.059372463655455454
10144,0,0.1191412625277298
10145,0,0.024211048065693408
10146,0,0.01009041390993685
10147,0,0.041886958218936704
10148,0,0.10389291612827525
10149,0,0.1193366019980844
10150,0,0.007078967642313194
10151,0,0.01960887620386678
10152,0,0.00284994932910248
10153,0,0.015936636786682206
10154,1,0.6199118981970845
10155,1,0.45838431216809683
10156,0,0.08141716579904716
10157,0,0.01277158480154079
10158,0,0.03282469973631026
10159,0,0.0018825782370504639
10160,0,0.0051823949633959055
10161,0,0.2262822337580177
10162,0,0.04502852768437606
10163,0,0.20332911734889855
10164,0,7.11723524384792e-05
10165,0,0.00042667365365154725
10166,1,0.6477934174407138
10167,0,0.09320556651514436
10168,0,0.013673138393601524
10169,1,0.35459831527273034
10170,0,0.0012179440447487996
10171,0,0.005997069784630252
10172,0,0.06059280385135555
10173,0,0.007898021912298575
10174,1,0.043142478700531846
10175,0,0.004199558296013622
10176,0,0.004989224996624728
10177,0,0.007843293030649918
10178,1,0.3606386454223359
10179,0,0.006155264447069771
10180,0,0.0023508688496914542
10181,0,0.05093874948729707
10182,0,0.0018459997113161727
10183,1,0.6848935864037243
10184,0,0.004749444456135237
10185,0,0.002168632225367985
10186,0,0.01601915848266997
10187,0,0.26229767375293844
10188,0,0.026217358879891087
10189,0,0.08457353014860873
10190,1,0.5871967228003593
10191,0,0.011074519475118238
10192,1,0.20036252645007283
10193,0,0.0027309476513892855
10194,1,0.19570215101912639
10195,1,0.6985209962496789
10196,0,0.13378149707456635
10197,0,0.01613538607239653
10198,0,0.0007159670698534277
10199,0,0.029501998741283203
10200,0,0.00010696119134996371
10201,0,0.06232421780165147
10202,0,0.016569620367953845
10203,0,0.0004623994011096025
10204,0,0.08945261581785471
10205,0,0.022510245148810983
10206,1,0.44930391163744177
10207,0,0.00011820523082958617
10208,1,0.591644326071706
10209,0,0.007803539732969835
10210,0,0.00826656199175428
10211,0,7.479062976479943e-05
10212,0,2.6850853581037557e-05
10213,0,0.02188237905438125
10214,0,0.09978264674539153
10215,1,0.5373958933976681
10216,0,0.12242058970852572
10217,0,0.00680434027578066
10218,0,0.3668177204907161
10219,0,0.05993072010021606
10220,0,0.027000789393047436
10221,0,0.06106287337531556
10222,0,0.291950596772294
10223,0,0.06685351494314773
10224,0,0.0009255870689195886
10225,1,0.8693327138901042
10226,1,0.8435845321122192
10227,1,0.12968456404544143
10228,0,0.00016659238109961085
10229,0,0.3774629483423138
10230,0,0.006738091594752537
10231,1,0.5149004268131255
10232,0,0.010921673698259545
10233,0,0.04635679311856769
10234,0,0.001760687098288413
10235,0,0.025539872600163313
10236,0,0.0009561507993716664
10237,1,0.11075126183752816
10238,0,0.007200323350746412
10239,0,0.19307140229725628
10240,0,0.12453321056839145
10241,0,0.11284958858949122
10242,0,0.0009228121271700803
10243,0,0.00029463163587518037
10244,0,0.4711821514562803
10245,0,0.010769823334656576
10246,0,0.005839133136728582
10247,1,0.4829304347620534
10248,0,0.01900791535447888
10249,0,0.0009238461900024943
10250,1,0.04834367130107267
10251,0,0.0018424858908548322
10252,1,0.47061255911638306
10253,0,0.0010151742943795346
10254,0,0.0008266185164155035
10255,0,0.04273766853711347
10256,1,0.6873225982275466
10257,0,0.4878991031746697
10258,0,0.013322567829248741
10259,0,0.04303253156582558
10260,0,0.024954537513689496
10261,0,0.00016771795968149574
10262,0,7.056211805665455e-05
10263,1,0.14131084811870312
10264,0,0.007594472752328689
10265,0,0.005126654312513004
10266,0,0.011940942087649523
10267,0,0.07159368976346071
10268,0,0.6688217314438079
10269,0,0.04127001816232033
10270,0,0.0004199160059077183
10271,0,0.016419022137765023
10272,0,0.4065975964064065
10273,0,0.06323692944827994
10274,0,0.0030091207288169735
10275,0,0.07942142468139489
10276,0,0.3725083718913156
10277,1,0.2657831004120761
10278,0,0.0526967956710193
10279,0,0.0020768414248206763
10280,0,0.4209477098961461
10281,0,0.015964679114195055
10282,0,0.5353650150608943
10283,0,0.1356545408974092
10284,0,0.13523169610642982
10285,0,0.06864621204163145
10286,0,0.1332308876773001
10287,0,0.0014094997714745284
10288,0,0.00038965379782339264
10289,0,0.0028628849968487763
10290,0,0.03324364992658669
10291,0,0.1955502663396758
10292,0,0.012354350745415322
10293,0,0.07690241210432879
10294,0,0.00016597396100910306
10295,1,0.0034598882882663686
10296,0,2.6406044377377577e-06
10297,1,0.8147416152023594
10298,0,0.0038612864656750526
10299,0,0.6053463226048594
10300,0,0.0005183369850232786
10301,0,0.17556735249682923
10302,0,0.004585122520324883
10303,0,0.27392084354003177
10304,0,0.0014199057977876438
10305,0,0.0414788998238128
10306,0,0.13310676039349612
10307,0,0.000605684201496186
10308,0,0.011025096347944768
10309,0,0.00135952168767583
10310,0,0.08678737028293594
10311,0,0.008032779639594293
10312,1,0.024607872792781718
10313,0,0.04928021219637794
10314,0,0.005148112994315155
10315,0,0.001368233809093028
10316,0,0.022364784489784458
10317,0,0.0015919483428979446
10318,0,0.1555137136488933
10319,0,0.01882921753456406
10320,0,0.05550834243298109
10321,0,0.19057399326352456
10322,0,0.5217612347568643
10323,0,0.09684545631837345
10324,1,0.8778246474686426
10325,0,0.0003455554470949769
10326,1,0.09685377995262544
10327,0,0.21996378109353593
10328,0,0.04028691874275772
10329,0,0.0826968876838735
10330,0,0.05802833484157109
10331,1,0.15102705021109902
10332,0,0.0007937890762031944
10333,0,0.014408275808226732
10334,0,0.0007082134456544423
10335,0,0.02990403064494468
10336,0,0.17422564295579865
10337,0,0.002564721960546454
10338,0,0.09246644942058244
10339,0,0.0021213402860889483
10340,0,0.18795430363391658
10341,0,0.0004824255786832021
10342,1,0.6058951789952781
10343,0,0.052465312328596345
10344,0,0.40698409822234727
10345,0,0.028773998455015857
10346,0,0.5385203561052488
10347,0,0.007861577949385464
10348,0,0.012791124621647984
10349,0,0.0007063310097132413
10350,1,0.6728805889897312
10351,1,0.712394449287666
10352,1,0.875781834807257
10353,1,0.5879801833471034
10354,0,0.0019459659157669905
10355,0,0.5726505172467675
10356,0,3.975965488488098e-06
10357,0,0.01338529857914157
10358,0,0.12122946592573856
10359,0,0.08025312338539564
10360,0,0.15625679574999604
10361,0,0.00018723278168591027
10362,0,0.013042357158655656
10363,0,0.0005901083954389103
10364,0,0.21762504699173918
10365,0,0.00010232838973897608
10366,0,0.002018491071644855
10367,0,0.05809554429454366
10368,0,0.14738777332520947
10369,0,0.0035941669825650707
10370,0,0.14155447911253446
10371,0,0.0004998915515978059
10372,0,0.503005133794427
10373,0,0.0028497003577707446
10374,1,0.7876126989461781
10375,0,0.002583080473752222
10376,1,0.6106027768566882
10377,0,0.03752416303969212
10378,1,0.699102245434341
10379,0,0.051319097492847146
10380,0,0.007134089721435644
10381,0,0.03253338225492859
10382,0,0.1309991600681741
10383,0,0.030100107185735664
10384,0,0.01838665440177641
10385,1,0.7033729661440394
10386,0,0.5752933866111725
10387,0,0.7328259803806366
10388,0,0.0009272034812346469
10389,0,0.0011352579083708687
10390,1,0.27110663209256197
10391,0,0.421396449062466
10392,0,0.0010724416443602166
10393,0,0.1272323240844987
10394,0,0.004611421605651499
10395,0,0.006966104902887877
10396,1,0.5965993326055222
10397,0,9.714242027521044e-05
10398,0,0.013373332049623514
10399,1,0.04071147345684287
10400,0,0.07426291747241315
10401,0,0.2231320260349641
10402,0,0.3791444707761109
10403,0,0.002153420726957014
10404,0,0.5155519822076288
10405,0,0.0004934805295384916
10406,1,0.5328876834018601
10407,1,0.5712075105942066
10408,0,0.022861106541697256
10409,0,0.1709363680244364
10410,1,0.3451994076889234
10411,1,0.9078436332412452
10412,0,0.13280226225173034
10413,0,0.03326876118850963
10414,0,0.03559146979306481
10415,0,0.04143096848046667
10416,0,0.06822460109130224
10417,0,0.013490178774727532
10418,1,0.016336983474575135
10419,0,0.014066769309580824
10420,0,0.03761249294404125
10421,0,0.025388034593518315
10422,1,0.6255640899914278
10423,0,0.004608836090490488
10424,0,0.009272548022131392
10425,0,0.6009637358464761
10426,1,0.4706844871179445
10427,0,0.12210665901942794
10428,0,0.04100587179651548
10429,0,0.6514900340936801
10430,0,0.10058878415979954
10431,0,0.0006724097994672183
10432,1,0.9606704144306211
10433,0,0.28137287425270857
10434,1,0.7486019842666152
10435,0,0.0012577538700275863
10436,0,0.033341809861843125
10437,1,0.42900546492405467
10438,0,0.06354233388908626
10439,0,0.0029400230175523926
10440,1,0.4642597283930112
10441,0,0.2975065594612459
10442,0,0.0005011955778330286
10443,0,0.009902699161588379
10444,1,0.9071141192958115
10445,1,0.4123812424575464
10446,0,0.010629052759140764
10447,0,0.8005798285421967
10448,1,0.06623126727856346
10449,0,0.12095352779286996
10450,0,0.47609262722462714
10451,1,0.48990083581686084
10452,1,0.29776633739446284
10453,0,0.004837374794142772
10454,1,0.22414875473062545
10455,0,0.26756707929192175
10456,0,0.014041597788828915
10457,0,0.00010407888464300004
10458,0,0.015264862895313404
10459,0,0.012111766295142668
10460,0,0.504639613449343
10461,0,0.8747515752438091
10462,1,0.6080675203810718
10463,0,0.09758332041731686
10464,0,0.008661968018374535
10465,0,0.019321110352250318
10466,0,0.051683781944504195
10467,0,0.40658405160652816
10468,0,0.13486091279153994
10469,0,0.0016881234586342783
10470,1,0.0450539976610862
10471,0,0.0013148397599787218
10472,0,0.0019769977489493403
10473,0,0.07489297345589184
10474,0,0.10032219291429935
10475,1,0.7740526082083448
10476,0,0.05140771338968347
10477,0,0.001985787266070924
10478,0,0.1302523535772078
10479,0,0.011241605212952272
10480,0,0.8599189602289463
10481,0,0.01043541795333249
10482,0,0.0023301435112410332
10483,0,0.19190921956689727
10484,0,1.9964316447190934e-05
10485,0,0.00131936568893199
10486,0,0.01715179678604288
10487,0,0.5595676141209801
10488,1,0.6820806240605252
10489,0,0.25847273777730756
10490,1,0.8446597973380499
10491,0,0.4980150131354826
10492,1,0.9109120794437702
10493,0,0.0029933845410613897
10494,0,0.00038510251030662206
10495,0,0.18311204348664448
10496,1,0.25133659801597
10497,0,0.14095534861094663
10498,1,0.7958119362456628
10499,0,0.001339301257498379
10500,0,0.12787327721316602
10501,1,0.892135021400352
10502,0,0.009149710846699083
10503,1,0.3213692664002171
10504,0,0.20397222748603824
10505,1,0.6913735522513612
10506,0,0.582368804348759
10507,0,0.07288722279512397
10508,0,0.08061571014452476
10509,0,0.014679969869082921
10510,0,0.1790198493640156
10511,0,0.03603093605935462
10512,0,0.057951839065379915
10513,1,0.9474284943145368
10514,1,0.7187231808033429
10515,0,0.07504097193804149
10516,0,0.7080543070312185
10517,0,0.08317434117496782
10518,0,0.4845966044896106
10519,1,0.763632151689442
10520,0,0.01764402748582466
10521,0,2.1784736386214522e-05
10522,0,0.003314431024350373
10523,0,0.3154365886041017
10524,0,0.2625241668045143
10525,0,0.7139481264743275
10526,1,0.7222470792045201
10527,0,0.08661511886919314
10528,0,0.0009966862991952826
10529,0,0.027083086361829083
10530,0,0.13268586668095358
10531,0,0.0014692173668654504
10532,0,0.22606100581076127
10533,1,0.2162429298229514
10534,0,0.1353810464782835
10535,0,0.0066467623116086595
10536,0,0.03406068601185752
10537,0,0.03546929011682328
10538,0,0.13649935356742857
10539,0,0.034226578814213114
10540,1,0.8271058203628732
10541,0,0.235951867036927
10542,0,0.19110123897095604
10543,0,0.006607070216366972
10544,0,0.05794094812328083
10545,0,0.005412267199318824
10546,0,0.00039426078897955775
10547,0,0.41327241206123544
10548,0,0.16459905633709673
10549,0,0.17050609788652804
10550,0,0.019033335608907274
10551,0,0.009122029590530217
10552,1,0.7199469544542809
10553,0,0.2023200184501433
10554,0,0.007042534694057472
10555,0,0.010029722768374135
10556,0,0.0021106043304164267
10557,0,0.6773317551979785
10558,0,0.1781280703554256
10559,0,0.6326962604009042
10560,0,0.018878190093511084
10561,0,0.05536569796196649
10562,1,0.6587784259115255
10563,0,0.1374427756857399
10564,0,0.007403722046082928
10565,0,0.0006461421195751759
10566,0,0.0001946128465155088
10567,0,0.1698329963815837
10568,1,0.6320632894919654
10569,0,0.3692104469022216
10570,0,0.019749395889903914
10571,0,0.0005619743272983198
10572,0,2.5073211080291265e-06
10573,0,0.054329005194050296
10574,1,0.43406410779286836
10575,0,0.012281883720493028
10576,0,0.24029378587868575
10577,0,0.004421281351986631
10578,0,0.002931021628983712
10579,1,0.7310562400954154
10580,0,0.005883153436525953
10581,1,0.9022399053176126
10582,0,0.0621713331841977
10583,1,0.5744963623715382
10584,0,0.00785497767695746
10585,1,0.44555800990462946
10586,0,0.0022101406570775328
10587,0,0.3955662514779005
10588,0,0.5042028131374177
10589,0,0.05388403609429973
10590,1,0.717350688581704
10591,0,0.040149678638073005
10592,0,0.7766746471441592
10593,0,0.34200167833880313
10594,0,0.07192402065613811
10595,1,0.333028669045356
10596,0,0.15399474208494016
10597,1,0.09734019317542258
10598,0,0.02333926914910735
10599,0,0.12294325489686396
10600,0,0.0198355975994723
10601,0,0.016608447330409698
10602,0,0.13458780215956048
10603,0,0.0019994768750689995
10604,1,0.19806511185871611
10605,0,0.10271443927843268
10606,0,0.0007297836804648491
10607,1,0.4187076665383579
10608,1,0.5606396803403614
10609,1,0.18179148095528308
10610,0,0.2082287459663208
10611,1,0.45572378827608534
10612,1,0.11097812049333926
10613,0,0.043138561429461424
10614,0,0.057820388217801735
10615,0,0.09485387439724009
10616,0,1.6884782840106043e-05
10617,0,0.30630819623266003
10618,0,0.04696404697389398
10619,0,7.593661141946619e-06
10620,1,0.9465077934116535
10621,1,0.3412056781542653
10622,1,0.39002141446894695
10623,1,0.8910894049958369
10624,0,0.2620104317731746
10625,1,0.4725836509131884
10626,1,0.7960309653880026
10627,0,0.14643666269477096
10628,0,0.004246638994598891
10629,0,0.08410075597915298
10630,0,0.008782090239266804
10631,0,0.0011310521689537215
10632,0,0.028860089214874887
10633,0,0.009415175540565679
10634,0,0.9089649566399906
10635,0,0.2079797758424906
10636,0,0.00021827080727010803
10637,0,0.041310745866833955
10638,1,0.6643125134149667
10639,0,0.2908476723380037
10640,0,0.8839698022852343
10641,0,0.6052110314126645
10642,0,0.11965228698633805
10643,0,0.8795085406198637
10644,0,0.06336416699235153
10645,0,2.7874758826625285e-05
10646,0,0.07349398142528486
10647,0,0.004688523892627055
10648,0,0.5795778334801921
10649,0,0.0428322933298332
10650,0,0.14952394096614532
10651,0,0.029422227172259306
10652,1,0.3182193140255599
10653,0,0.12341720033242022
10654,0,0.2331550634513859
10655,0,0.00015872821993583646
10656,0,0.020991424273617675
10657,1,0.10974875527761321
10658,1,0.48709034528835693
10659,0,0.0034533710864339817
10660,1,0.46141070107939486
10661,0,0.0663159360241381
10662,0,0.13199799806532472
10663,0,0.0005278475267419578
10664,0,0.00029926872210484277
10665,0,0.047501970817165264
10666,0,0.02540765680444609
10667,1,0.5197718363249013
10668,0,0.005333302386614799
10669,0,0.4434382397445475
10670,0,0.000364321480698058
10671,0,0.018789374630648066
10672,0,8.976527330291328e-05
10673,0,0.001111217547094586
10674,1,0.06992298965291785
10675,0,0.2399695037135322
10676,0,0.033677356870787455
10677,0,0.012297614861164402
10678,0,0.38238275310998243
10679,0,0.1186532907885178
10680,0,0.11836787621865012
10681,1,0.5615739621570494
10682,0,0.09608028053429514
10683,1,0.8301014931523736
10684,1,0.3615070761497986
10685,0,0.04778032377353077
10686,0,0.11921845093082307
10687,0,0.027663549231448863
10688,0,0.01577892122008361
10689,0,0.0365514863368567
10690,0,0.055713917984020624
10691,1,0.4486149329778187
10692,0,0.0071297836407795325
10693,0,0.0025384281947389386
10694,0,0.0007317863736654026
10695,0,0.31735518950289976
10696,0,0.0007072402710558379
10697,0,0.1550355413266849
10698,0,0.14377531900082346
10699,1,0.6342980616317374
10700,0,0.013570130974214717
10701,0,0.000350185819064212
10702,0,0.2726063431018941
10703,0,0.16547890113160826
10704,0,0.5233585514278216
10705,0,0.11842677612597885
10706,0,0.0028254287763012785
10707,0,0.04889772629361018
10708,0,0.02085974833893702
10709,0,0.0005059533842603773
10710,0,0.003379645209894253
10711,0,0.032788893029927796
10712,0,0.6144851236474327
10713,0,0.010330956360790105
10714,1,0.7033601518153383
10715,0,0.5097845653220446
10716,0,0.05656652341973694
10717,0,0.08083229953069335
10718,1,0.6046876581236161
10719,0,0.19336400565485384
10720,0,0.39659112601476604
10721,0,0.3109869163529426
10722,0,0.007209493702954271
10723,1,0.7568193619233542
10724,0,0.007823954378654933
10725,0,0.00028563390307057837
10726,0,0.0032954925667552184
10727,1,0.7864312948680502
10728,0,0.16808648030255213
10729,0,0.08129237722740139
10730,0,0.003526869171404722
10731,1,0.3781817134324977
10732,0,0.5040368758325843
10733,1,0.39009867639924356
10734,0,0.0013289882400467218
10735,0,0.10943644369445787
10736,0,0.4058066230607275
10737,0,0.0035068396791947906
10738,0,0.020376490929470928
10739,1,0.5818826950638579
10740,0,0.19329017777222396
10741,1,0.7185405517092484
10742,0,0.4308970980447774
10743,1,0.7307494084319551
10744,0,0.029412972503724197
10745,0,0.04099189646504361
10746,0,0.0036310510450657243
10747,0,0.2477929900929403
10748,0,0.30188939387757047
10749,0,0.0029285917028048047
10750,1,0.25429798210829985
10751,0,0.00017361048287852784
10752,0,0.1650457211255639
10753,1,0.1721708638754386
10754,0,0.0019184045911844292
10755,0,0.13274513725572987
10756,0,0.2503638363034527
10757,0,0.07325556467541508
10758,1,0.28008156136935347
10759,0,0.06768834938447606
10760,1,0.5073651047327198
10761,0,0.0018661654453515685
10762,1,0.39610486963760744
10763,1,0.8468429268241643
10764,0,0.05458808328065499
10765,0,0.29662187853469074
10766,0,0.0062425071025520975
10767,0,0.19478206862365027
10768,0,0.06536005411992285
10769,0,0.009520646237687943
10770,0,0.004848391075897929
10771,1,0.8203629540278332
10772,1,0.2509752124671084
10773,0,0.006134780192046103
10774,1,0.7759864010654999
10775,0,0.09660566206208057
10776,0,0.22921327048819062
10777,0,0.10623073164905286
10778,0,0.22562138128012085
10779,0,2.152289084673464e-05
10780,0,0.002054585135686986
10781,0,0.00034977395722901404
10782,0,0.33471906972014565
10783,0,0.013909313099391207
10784,0,0.708121817529633
10785,0,8.952904264241728e-06
10786,0,0.6502973681217566
10787,0,0.0005837377980116219
10788,0,0.05303268252529255
10789,0,0.0027421006037671902
10790,0,0.001753442610104211
10791,0,0.0030271644264732753
10792,0,0.0001422351170589377
10793,0,0.0027340673714133993
10794,0,0.04264437478834634
10795,0,0.005869992271490708
10796,0,0.1574046443970024
10797,0,0.001217229114785802
10798,0,0.00016691661395896426
10799,0,0.0026402257378303384
10800,0,0.3885058486158028
10801,0,0.012720619380784106
10802,1,0.7526194915126636
10803,1,0.5393114970621682
10804,0,0.006866843354927273
10805,1,0.41893645462467927
10806,0,0.15383934260403578
10807,0,0.0021384022269006517
10808,1,0.09146720085681823
10809,0,0.025694037278069775
10810,0,0.057278173748145596
10811,1,0.919187575668449
10812,0,0.015240396645641644
10813,1,0.635269499277853
10814,0,0.0010788880466849262
10815,0,0.016310806741806926
10816,1,0.7424723404814625
10817,0,4.839975678169537e-05
10818,0,0.12545613446955825
10819,0,0.005497256849954507
10820,0,0.007500698480917598
10821,0,0.017436522303675973
10822,0,0.20766265638841205
10823,0,0.07422172542515788
10824,1,0.8761243779063586
10825,0,0.012008258118203234
10826,0,0.019027858948557404
10827,1,0.8631319589099504
10828,0,0.004914777428664486
10829,1,0.8043692112498203
10830,1,0.027746030506115193
10831,0,0.6978670197599797
10832,0,0.6821627935807856
10833,0,0.03973405663865742
10834,0,0.004405604810268502
10835,0,0.24579192897005328
10836,0,0.0021635302260846357
10837,0,0.014517550999499739
10838,1,0.24140838815876794
10839,0,0.007484342645359916
10840,0,0.0006320275774652317
10841,1,0.42472545218689817
10842,0,1.2924600085773102e-06
10843,0,0.31078850697853133
10844,1,0.29379794181808605
10845,0,0.26441344401386535
10846,1,0.24670923063278558
10847,1,0.7089705056681715
10848,0,0.2632179128651218
10849,0,0.4931001411886314
10850,0,0.0030777775891999834
10851,0,0.15209630339458147
10852,1,0.7009323874245132
10853,0,0.003026882692760951
10854,0,0.0014978374025412628
10855,0,0.08875216749655399
10856,0,0.14273146128963107
10857,0,0.027127602539731493
10858,0,0.0030028690854404395
10859,0,2.6802458549311534e-06
10860,0,0.027860129683822142
10861,0,0.3927064541733388
10862,0,0.4320986917348494
10863,1,0.37941974075016816
10864,0,9.805729572857753e-06
10865,1,0.7924326010352185
10866,1,0.7780520495890286
10867,1,0.6030431685528681
10868,0,0.0007851147405101774
10869,0,0.044760929112747115
10870,0,0.22134005382565763
10871,0,0.03752127688692996
10872,0,0.23733431442435218
10873,0,0.015458027261577292
10874,0,0.0023332758240142268
10875,1,0.9130922820388258
10876,0,0.0029829294422141785
10877,0,0.008464946066589527
10878,0,0.6039983401507465
10879,0,0.008727440615609209
10880,1,0.19282847344204856
10881,0,0.01821730922908251
10882,1,0.7752214394297237
10883,0,0.15782166991931623
10884,0,0.014465481569299679
10885,0,0.5371309589608794
10886,1,0.6398160984208533
10887,0,0.6108465155845526
10888,0,0.0017387296879630258
10889,0,0.19963948022815256
10890,0,0.6832603220631208
10891,0,0.4069674923589102
10892,0,0.10790376853546059
10893,1,0.6902285273056538
10894,1,0.650951055332137
10895,1,0.34505344299228685
10896,0,0.10176330288094888
10897,1,0.35539376824248214
10898,0,1.779880260446587e-05
10899,1,0.6012274905355397
10900,1,0.6138187570808408
10901,1,0.4964542779527404
10902,0,0.053295196954622946
10903,0,0.1805932583733821
10904,0,0.0841868803837803
10905,0,0.009087461751297687
10906,1,0.4113906075290144
10907,0,1.383773986452832e-06
10908,0,0.002837475222965759
10909,0,0.005065800836760093
10910,0,0.4266498726158859
10911,0,0.2512704440656749
10912,0,0.018435199509202155
10913,0,0.007454125522304437
10914,0,0.24476852688024162
10915,0,0.0015526098913488295
10916,0,0.0021627772235840496
10917,0,0.0002743049213724688
10918,0,0.005213884956944114
10919,1,0.9641425850236242
10920,0,0.2485318523242902
10921,0,0.06104120672768565
10922,0,0.1209407183747476
10923,0,0.020570055027600453
10924,0,0.006925610220626698
10925,0,0.27733264011255443
10926,0,0.007931556717979403
10927,0,0.024630101350142704
10928,0,0.429071175131651
10929,0,0.14608038738112317
10930,0,0.22095312883995755
10931,0,0.01928564081674863
10932,0,0.009959998856169366
10933,0,0.0006624783512162594
10934,0,0.3720031318234485
10935,0,0.03560551356820245
10936,0,0.016783462012906217
10937,0,0.005609530854065688
10938,0,0.0034300079373261075
10939,0,0.27821480104368934
10940,0,2.57140851793217e-05
10941,0,7.232324701201493e-05
10942,0,0.002885322315000664
10943,0,0.041865598640180426
10944,1,0.7504961497518133
10945,1,0.6472443664143951
10946,0,0.2649104494448286
10947,0,0.1182067100113303
10948,0,0.05538315244214552
10949,0,0.27053251149064084
10950,0,0.010440774774335188
10951,0,0.01175383942417148
10952,0,0.6191534746897159
10953,0,2.1601639062121484e-05
10954,0,0.26200358670859597
10955,1,0.9509491001264571
10956,0,0.036192298346049125
10957,0,0.2234603319937478
10958,0,0.007567156354494005
10959,0,0.05124918020989707
10960,1,0.5816326894787026
10961,0,0.03801820800150349
10962,1,0.5115454524836117
10963,0,0.16656459287349787
10964,0,0.0008752118223783428
10965,0,0.003178973775775194
10966,0,0.000990894076156359
10967,0,0.572122306255904
10968,0,0.011432585610690998
10969,1,0.8227600372963426
10970,0,0.007445640373348895
10971,1,0.8453737823719218
10972,0,7.173926975370399e-06
10973,1,0.5419962153409024
10974,0,0.19348016574239982
10975,0,0.13578703836748796
10976,0,0.5539151509997647
10977,0,0.009760771804311553
10978,0,0.0018726381508622882
10979,0,0.5037227866511517
10980,0,0.004622834401441733
10981,0,0.022205137756102788
10982,0,0.00023672521414647857
10983,0,0.008552363045296042
10984,1,0.30064448996257015
10985,0,0.026316760398274137
10986,0,0.00048635008119816893
10987,0,0.1065442721567403
10988,0,0.03961063073077132
10989,0,0.019381895360337704
10990,1,0.8729933490343008
10991,0,0.22251711253036577
10992,1,0.6253897275220974
10993,0,0.019443076987522536
10994,0,0.016994942316340175
10995,0,0.0017388769679334668
10996,0,5.2373641386719114e-05
10997,0,0.025003030606977172
10998,0,0.33268685643666346
10999,1,0.9010190737916236
11000,0,0.004417687504991393
11001,0,0.0027551293299994243
11002,0,0.00027765711828801496
11003,0,0.0006659279602379202
11004,1,0.08638306099536049
11005,1,0.7819121428806098
11006,0,0.005018001214179703
11007,0,0.14756780922612467
11008,0,0.6141738608997053
11009,0,0.0006200070730265144
11010,1,0.292332751888162
11011,1,0.5718907667639648
11012,0,0.02556266865252158
11013,1,0.010317953419940441
11014,0,0.013220099123268053
11015,0,0.03715956159204767
11016,0,0.01670787653109604
11017,0,0.08449434504204774
11018,0,0.042340744640230014
11019,0,0.011252093252932175
11020,1,0.7089317119346387
11021,0,0.5585072569703473
11022,1,0.5428900297604596
11023,1,0.5895471539773509
11024,0,0.3345662318013408
11025,0,0.019678151946190266
11026,0,0.0006881705226176399
11027,0,0.053198259893991524
11028,0,0.007340899392490587
11029,1,0.43272616949590587
11030,1,0.7023632811617717
11031,0,0.01496074986854319
11032,1,0.37915978534298855
11033,0,0.00244354571764263
11034,0,0.01090032089141758
11035,0,0.4877878333924387
11036,0,0.0030049292649403773
11037,1,0.722214578398971
11038,0,0.007720293976015481
11039,0,0.0015850019838269886
11040,1,0.4309552684271463
11041,0,0.29516547660562303
11042,1,0.704485037267462
11043,0,0.011566714014090422
11044,0,0.8209228167927842
11045,0,0.018296726700094537
11046,0,0.4427993527415041
11047,0,0.13065270495258702
11048,0,0.22838791061142197
11049,1,0.9139061815965337
11050,0,0.6619389693811207
11051,0,0.0978321498643857
11052,1,0.18487014611140887
11053,0,0.002260481328362756
11054,0,0.003666866388669423
11055,0,0.005169452624199726
11056,0,0.04841322557702963
11057,0,0.022790333669506807
11058,0,0.03369005498499597
11059,1,0.6402546164330101
11060,0,0.00015735558744714768
11061,0,0.0008247022703273111
11062,0,0.07033770314649569
11063,0,0.3011437459796889
11064,1,0.7457146179559504
11065,1,0.354298767929331
11066,0,0.0013506706278961335
11067,0,0.1645830108087946
11068,0,0.001153664747302992
11069,0,0.002183534760660047
11070,1,0.37026074894292726
11071,0,0.003256999327501673
11072,0,0.012543005567652907
11073,1,0.34452806761053706
11074,0,0.0008946422667787292
11075,0,0.005196030073530584
11076,0,0.01196852139267122
11077,1,0.49747441571600104
11078,0,0.16712217280887484
11079,0,0.055950969204760205
11080,0,0.009246042418601878
11081,0,0.060464108711541585
11082,0,0.014399064108513765
11083,0,0.029746255728205346
11084,0,0.5994982467653333
11085,0,0.17199752788829603
11086,0,0.00512249068655162
11087,0,0.036221139408737654
11088,0,0.31342602486488236
11089,0,0.02290632355006665
11090,1,0.5281087261744879
11091,0,0.16299733142911424
11092,0,0.1484977284002905
11093,1,0.45228628053286596
11094,0,0.16899786149628196
11095,1,0.49927682457550027
11096,0,0.006360621740492094
11097,1,0.6206278294954397
11098,0,0.0730843016847477
11099,1,0.8473233138162666
11100,1,0.8462802317483068
11101,0,0.04590806466428828
11102,0,0.046357256072351964
11103,1,0.4179130226488407
11104,0,0.0038286809242925
11105,1,0.7025580114128138
11106,0,0.0010008111294969933
11107,0,0.0066924198220349096
11108,0,0.00037875613333562304
11109,0,0.3090672874091904
11110,0,0.11530813305312776
11111,1,0.6980271759938254
11112,0,0.23979486878044218
11113,0,0.023239136828446565
11114,0,0.04190866841584753
11115,0,0.11151694660079724
11116,0,0.0003592984831032233
11117,0,0.14095997076049305
11118,0,0.12381894614222758
11119,0,0.003310134370521264
11120,0,0.1306009195526106
11121,0,0.3964749371417641
11122,1,0.013253078031829336
11123,0,0.39824017752956237
11124,0,0.022976518126601786
11125,0,0.005237005728512902
11126,1,0.6216695762982244
11127,0,0.17601202329440868
11128,0,0.09196330002824271
11129,0,0.007079372103704497
11130,0,0.17295563923242713
11131,0,0.04934022233083879
11132,0,0.017807267036502043
11133,1,0.6447750693352833
11134,0,0.025358792083682243
11135,0,7.94092854543507e-05
11136,0,0.16813348348412427
11137,1,0.6872226264819961
11138,0,0.0002617764018447655
11139,0,0.06932923751639339
11140,0,0.6059014721262872
11141,0,0.003117080293227048
11142,1,0.8474766526096531
11143,1,0.6353224288772311
11144,0,0.056253491179207755
11145,1,0.6538015244659063
11146,0,0.07603197106122976
11147,1,0.8670969422494026
11148,0,0.0015035452596302208
11149,0,0.10332900967038085
11150,0,0.009041310670251556
11151,0,0.16245165575826787
11152,0,0.0021250466314211465
11153,1,0.6336459623392053
11154,0,0.00764813589113797
11155,0,0.5483578258368582
11156,0,0.8026186514012559
11157,0,0.13396664915352513
11158,0,0.0006917080802687438
11159,0,0.13925486588820638
11160,1,0.5374761990552377
11161,0,0.43377088873425007
11162,1,0.7665237140836355
11163,1,0.8563785804394348
11164,0,0.0003682087635032562
11165,0,0.0008727478927926165
11166,1,0.8029458594512442
11167,0,0.07146512941773599
11168,1,0.8228121310588611
11169,1,0.25658978736344884
11170,0,0.6685891506530013
11171,0,0.6161992549777062
11172,1,0.8068608366024168
11173,0,0.049275083316599584
11174,0,0.057564416754152456
11175,0,0.0002545960365381203
11176,0,0.0031879266039570673
11177,0,0.0049326705342549165
11178,1,0.37779413719355454
11179,1,0.8415691545486114
11180,0,0.004217780070452552
11181,0,0.017066692839744785
11182,0,0.010682021301372994
11183,0,0.006011489314259963
11184,0,0.3591005742377574
11185,0,0.19110064278524666
11186,0,0.009380130577380616
11187,0,0.24746959458962842
11188,0,0.11828336243561455
11189,0,0.051408709198304224
11190,0,1.1814319433815158e-05
11191,0,0.006979030085958327
11192,1,0.2892784932656841
11193,0,0.08831885337762604
11194,0,0.32124995832182274
11195,0,0.06229099629988065
11196,1,0.8387260732050049
11197,0,0.5273359137120953
11198,0,4.560805224094688e-05
11199,0,0.038170525712897974
11200,0,0.0006960210531430438
11201,1,0.6557775598863538
11202,1,0.8090363694774608
11203,0,8.746280820965607e-05
11204,0,0.00822885087304422
11205,0,5.1069554465853244e-05
11206,0,0.14000231159797696
11207,0,0.1322135800463191
11208,0,0.1422816759139417
11209,0,0.0014215814313201334
11210,0,0.042259954821300155
11211,0,0.012389658314456594
11212,0,0.004899101478769355
11213,0,0.006169429379544027
11214,0,0.5069562250432458
11215,0,0.05631944307915759
11216,0,3.3593761286630044e-05
11217,0,0.00907617055609168
11218,0,0.005510579875064789
11219,0,0.0016603994376755242
11220,0,0.8622186120807152
11221,0,0.1458918092456398
11222,1,0.6800703464188119
11223,0,0.00657938539051855
11224,0,0.023714243965043905
11225,0,0.17553062998514665
11226,1,0.5397617808986213
11227,0,0.0002789857933921167
11228,0,0.14306512571796215
11229,0,0.3828831349699719
11230,0,0.007613044978326901
11231,0,0.0005241113854370122
11232,0,0.07789341092026682
11233,1,0.6717040934107633
11234,0,0.01659899766685941
11235,0,0.4274175394911911
11236,0,0.09362158421255505
11237,0,0.15460266793854718
11238,0,0.0008602474123935293
11239,0,0.007544908911688217
11240,1,0.49350536903357456
11241,0,0.00893253361452488
11242,0,0.017591290029169787
11243,0,0.0110940506605644
11244,1,0.716590443828672
11245,1,0.9394206953324957
11246,0,0.0016209555576078578
11247,0,0.09321314737951276
11248,0,0.26664545918084875
11249,0,0.0021601738513817707
11250,0,0.049586301914077556
11251,1,0.6067758533578232
11252,1,0.674226606811893
11253,0,0.04712203481307404
11254,0,0.006378025568819548
11255,0,0.16644631423030798
11256,0,0.05314029986778265
11257,1,0.2224415779240554
11258,1,0.21388788214820156
11259,0,0.3481839393415072
11260,0,0.0038125960523074437
11261,1,0.8997953386728298
11262,1,0.5922440214865516
11263,1,0.09769456623140192
11264,1,0.652921241181
11265,0,0.01025143057026112
11266,0,0.048346717543571546
11267,0,1.1444049399573227e-08
11268,0,0.0001538380948586097
11269,0,0.05809877635953206
11270,0,0.20588197469081382
11271,0,0.07479662234968065
11272,1,0.6947024057742627
11273,0,0.0036886057626297386
11274,0,0.04020188843210004
11275,0,0.1157493823818211
11276,1,0.4886193983682969
11277,0,0.006168361464620091
11278,0,0.0016223950724427894
11279,1,0.7148620786203219
11280,0,2.6682627565846437e-05
11281,1,0.4014986819709571
11282,0,0.11027097661231804
11283,0,0.010962174575800746
11284,0,0.010755741318585473
11285,0,0.004623421747161996
11286,0,0.002994834255997685
11287,0,0.02783065044359237
11288,0,0.3425621201336525
11289,0,0.0018612861728147436
11290,1,0.51764931713126
11291,0,0.032595381067230755
11292,1,0.9334251542074335
11293,0,0.048028305582060934
11294,1,0.07180889418203738
11295,1,0.4332547496091308
11296,0,0.05970193534498719
11297,0,0.05893484233385282
11298,0,0.15830900276436566
11299,0,0.20468948279754606
11300,1,0.4589184421614111
11301,1,0.16581081142788298
11302,0,0.13103679400170729
11303,0,0.00378959964572769
11304,1,0.46765038350931565
11305,0,0.3163273886596097
11306,0,0.1733564752972638
11307,0,0.002266775083935175
11308,0,0.03463886759604606
11309,0,0.008549600067944557
11310,0,0.001768751436236042
11311,1,0.15785952553874227
11312,0,0.050751129190466114
11313,0,0.20952160906887476
11314,0,0.03541340262916636
11315,0,0.21027346619190485
11316,0,0.1596032529239455
11317,0,0.00042976981703742837
11318,0,0.06956854028787214
11319,1,0.4554777308944357
11320,0,0.02648159901224599
11321,0,0.07894434539573392
11322,1,0.644061038204909
11323,0,0.003169726196465244
11324,0,0.01476788692272604
11325,0,0.01415761814519395
11326,0,3.119261292727363e-05
11327,0,0.0008174843983185739
11328,0,0.18880894899320372
11329,1,0.9593679435458952
11330,1,0.5122348941964535
11331,0,0.5058275545445973
11332,1,0.6675840927790084
11333,0,0.028316651190597352
11334,0,0.31637132298735554
11335,1,0.637904987156329
11336,0,0.001443320158652496
11337,1,0.5916851677988224
11338,1,0.6011007425552604
11339,1,0.7272016409261214
11340,1,0.639382846907917
11341,1,0.6772159437768984
11342,0,0.3645904715928168
11343,0,0.01899965195302534
11344,0,0.836199778501427
11345,0,0.8608036394004477
11346,0,0.0016302382469850281
11347,0,0.011527877287272108
11348,0,0.015632281735413922
11349,0,0.2476545887193648
11350,0,0.009287053213350546
11351,0,0.017940949156670292
11352,0,0.013681804536204892
11353,0,0.18608535103081142
11354,0,0.0021694177982265095
11355,0,0.0019908531913482076
11356,0,0.002606186433391705
11357,0,0.013339630765120701
11358,0,0.004551470883488944
11359,0,0.00847929819647816
11360,0,0.002760861868584773
11361,0,0.007193527086197754
11362,0,0.01749902598427128
11363,0,0.0258980916012416
11364,1,0.3565322702949883
11365,0,0.0009200015185446905
11366,0,0.7988480722022533
11367,0,0.02582816510640076
11368,0,0.09251438081205486
11369,0,0.26366502270440034
11370,0,0.18275133876877925
11371,1,0.5559461825894135
11372,0,0.17562074849119105
11373,0,0.02617337408490616
11374,0,0.07613891560416497
11375,0,0.2027445043017489
11376,0,0.5202803750912931
11377,0,0.12103899884583189
11378,0,0.06802820264671193
11379,0,0.04971700586241594
11380,0,0.003987202458721491
11381,0,0.019490732665790184
11382,0,0.21432041818506842
11383,0,0.0030058139186477616
11384,0,0.5126433150509055
11385,1,0.4569748560729409
11386,1,0.4310589444042986
11387,0,0.4293392153992139
11388,0,0.006131992801348458
11389,0,0.0014349295612329689
11390,0,0.07883979845888682
11391,0,0.0024930727674689307
11392,0,0.5984359616744368
11393,0,0.06760125067508596
11394,0,0.0008405607856957239
11395,1,0.2163868289475324
11396,0,0.0016632798947262093
11397,1,0.28483718759783166
11398,0,0.1644277416026028
11399,0,0.10622028959508917
11400,0,0.005342455842432601
11401,0,0.2742376420759347
11402,0,0.00044515252033541433
11403,0,0.014029306382352367
11404,1,0.21008605421954682
11405,0,0.03425986651400537
11406,1,0.08870165420131391
11407,1,0.8947202088116627
11408,1,0.4675433695236624
11409,0,0.6696320210439615
11410,0,0.004010052770570653
11411,0,0.1180277371741139
11412,0,0.055620104094071865
11413,1,0.4890821668034983
11414,0,0.01753208634983836
11415,0,0.02468298750504279
11416,0,0.04133276706604799
11417,0,0.00661853584643696
11418,0,0.2775343161208169
11419,0,0.18200222885649267
11420,0,8.331445572797231e-05
11421,0,0.01692999603960537
11422,1,0.3927006271747212
11423,0,0.00282814316315644
11424,0,0.06806599594875826
11425,0,0.5170890330528924
11426,0,0.23876614998242038
11427,0,0.4334466699775068
11428,0,0.07712013675521046
11429,0,0.743981248760073
11430,0,0.01077914803932737
11431,0,0.19829241877491452
11432,0,0.003910267652352042
11433,0,0.0009875110752777675
11434,1,0.5842898431686666
11435,0,0.009933742770735122
11436,0,0.09719990613365394
11437,0,0.06914658410251186
11438,0,0.48582163615270924
11439,1,0.41258215362290207
11440,0,0.17729811734241063
11441,0,0.0103895577686234
11442,1,0.76663670546533
11443,0,0.07576179501325438
11444,0,0.0019101673312967352
11445,0,5.3826332574241966e-05
11446,0,0.009812491230879926
11447,1,0.41142532527105274
11448,0,0.004864484769236703
11449,1,0.8759270471075559
11450,0,0.09324154603040921
11451,1,0.21857094404189414
11452,0,0.00017012186535581006
11453,1,0.6300197133731137
11454,0,0.016991623978444607
11455,1,0.876053378815222
11456,0,0.7132673607773985
11457,0,0.16802679031791293
11458,0,0.00020749293372323196
11459,0,0.004754324130400399
11460,0,0.4051645484597848
11461,0,0.012787792446200649
11462,0,0.09948374205022448
11463,0,0.010595078986739413
11464,0,0.6625390834974575
11465,1,0.11350456965379782
11466,0,0.0006528951090813785
11467,0,0.04394518397504514
11468,0,0.009942229889759865
11469,0,0.6230761601732994
11470,0,0.0008797391137002618
11471,0,0.002283289437136068
11472,0,0.0003551458593271239
11473,0,0.0011460569612318627
11474,0,0.008319434578543483
11475,0,0.0012943508869232966
11476,0,0.6751786115618598
11477,0,0.013738252512563942
11478,1,0.4965905627184173
11479,0,0.02126387896393082
11480,0,0.0010583211217764978
11481,0,0.05256561028711568
11482,0,0.00037670910931824654
11483,0,0.001332227798226555
11484,0,0.16579894907989107
11485,0,0.21565284478380192
11486,1,0.36908164371361035
11487,1,0.6112592260772032
11488,0,0.008952060338394406
11489,0,0.003941521307313435
11490,0,0.040534642515222194
11491,0,0.001008293589107814
11492,0,0.3061390742097006
11493,0,0.02271289124041168
11494,0,0.001188394125296362
11495,0,0.1831337369833132
11496,0,0.03613216142116664
11497,0,0.03273525196341966
11498,0,0.056048010928940635
11499,1,0.7115501104954616
11500,0,0.006751144957074089
11501,0,0.004783226198987085
11502,0,0.0003548824035234714
11503,1,0.6973968801646184
11504,1,0.8696045777134437
11505,0,0.17443341665803538
11506,0,0.13985769454377328
11507,1,0.6263824541427683
11508,1,0.021668742199787046
11509,1,0.8882924547118085
11510,0,0.09180051405353644
11511,1,0.055723166896171385
11512,0,0.1522747734477572
11513,0,0.002597623251280525
11514,1,0.8308630434812947
11515,0,0.002352512386304677
11516,1,0.4634419424408065
11517,0,0.16204267193592647
11518,0,0.0015984609385516347
11519,0,0.07763124678656529
11520,0,0.0001496178332816203
11521,1,0.6304844003713037
11522,0,0.0001455120605256274
11523,0,0.029829039002227744
11524,1,0.5352723491652812
11525,0,0.0050497175080364545
11526,0,0.852277924754969
11527,1,0.3496304973545679
11528,1,0.674838226472798
11529,0,0.08756586613960854
11530,0,0.008762251293608397
11531,0,0.10295751977253075
11532,0,0.014974435362134083
11533,0,9.431516847792025e-05
11534,1,0.5188296929798395
11535,0,0.22152109166731146
11536,1,0.7910940311927638
11537,1,0.4023355473592099
11538,0,0.06187017540201986
11539,0,0.028525594022087042
11540,0,0.0016421552962116938
11541,0,0.04623755767015782
11542,1,0.8323739858627518
11543,0,0.016525698839198914
11544,0,0.49693615636274974
11545,1,0.7767931136935233
11546,0,0.02203205302360825
11547,0,0.002037901207735836
11548,0,0.07333000372361513
11549,1,0.3470773745549332
11550,0,0.008148072103397434
11551,0,0.5563910305733732
11552,0,0.0012013370760468368
11553,1,0.5243511063132426
11554,0,0.4146506857712179
11555,0,0.015234449564224673
11556,0,0.41368710223855387
11557,0,0.005171169390098088
11558,1,0.24472990630290845
11559,0,0.14549453530727058
11560,0,0.016523814584460103
11561,0,0.10705999596180699
11562,0,0.06451607612546674
11563,0,0.0009194308265919243
11564,0,0.023671877172971627
11565,0,0.03756726699180229
11566,0,0.008854203304432985
11567,0,0.0036947991472477
11568,1,0.750498275763025
11569,1,0.09029456861686137
11570,0,0.03900005483086186
11571,0,0.093777202105927
11572,0,0.005358654750077198
11573,0,0.031038286003841557
11574,0,0.10081204690656495
11575,0,0.022128307370035565
11576,0,0.005586352384036842
11577,0,0.028677509238900188
11578,0,0.008102039878430705
11579,0,0.07113531876094854
11580,0,0.24196241005567948
11581,0,0.00021804717447274316
11582,0,0.1967484930916861
11583,0,0.0033758372793812603
11584,0,0.11240316095716622
11585,0,0.003081223922280365
11586,0,0.25412260985391616
11587,0,7.965587275731646e-05
11588,0,0.009023612610941301
11589,0,0.6201948513679268
11590,0,0.030732310091575992
11591,1,0.8393560909657478
11592,1,0.8844623000512194
11593,0,0.009757254911982776
11594,0,0.005950468365123729
11595,0,0.266249750452225
11596,0,0.017831831906589716
11597,0,0.3582694974865255
11598,1,0.23540583646632973
11599,0,0.031350620583673744
11600,0,0.04879957235811179
11601,0,0.042049394758471505
11602,0,0.0028659789419180136
11603,0,0.05473303127163515
11604,0,0.23507369545171247
11605,0,0.018721155222344504
11606,0,4.2155998653973805e-05
11607,1,0.5906316976068643
11608,0,0.009656919893501745
11609,0,0.008772356812936482
11610,0,0.02906396914696388
11611,0,0.30183448545619906
11612,1,0.5481785738523741
11613,0,0.7489676620456258
11614,0,0.09338316839202498
11615,1,0.46231947209922647
11616,1,0.571730130999257
11617,0,0.5524297439093524
11618,0,0.10884924323040415
11619,1,0.5781592050515909
11620,0,0.000728684257090479
11621,0,0.018616869671857945
11622,0,0.10197765839900684
11623,0,0.00368453406187927
11624,0,0.040651327426334614
11625,1,0.5223558652873393
11626,0,0.1016311554254657
11627,0,0.7925192788821581
11628,0,0.21624693513309304
11629,1,0.2283818942600115
11630,0,0.12035207428477403
11631,1,0.7998175979746932
11632,0,0.018754696108409477
11633,0,0.0035516175103571194
11634,0,0.2980152379519561
11635,0,0.004160834516775427
11636,0,0.6284406042670428
11637,1,0.5560187858447404
11638,0,0.0023101366960524873
11639,0,0.4933669390492818
11640,0,0.04292418415171567
11641,0,0.039425373384787236
11642,0,0.014792845914780613
11643,0,0.030346714079044684
11644,0,0.03352190778646931
11645,1,0.18559472275209726
11646,0,0.00205146803544205
11647,1,0.5973834834266668
11648,0,0.0005758895473967102
11649,0,0.4046568867233706
11650,0,0.00014710591594829152
11651,0,0.001140509357399433
11652,1,0.6463493465990319
11653,0,0.02359881989474483
11654,0,0.02511451957454898
11655,1,0.45752426640747074
11656,1,0.15526072411299516
11657,1,0.7594144570692458
11658,0,0.018661967000372027
11659,1,0.23405891435834433
11660,0,0.4864876492634063
11661,0,0.030612650009791763
11662,0,0.0015923578548789224
11663,1,0.72732942242896
11664,1,0.7426886324420537
11665,0,0.011332169071213807
11666,0,0.02323554353438735
11667,0,0.05229686549670441
11668,1,0.44298406537683627
11669,1,0.5113903441465265
11670,0,0.009652621189307039
11671,0,0.0005580877926811087
11672,0,0.002355065541103729
11673,1,0.7291018462227081
11674,1,0.80469425331812
11675,0,0.0026557320908858406
11676,0,0.23113926020928896
11677,1,0.7159841944627974
11678,0,0.15072531382273413
11679,0,0.2120246657213116
11680,1,0.7685395210084572
11681,0,0.48179462979593957
11682,0,0.02038318019040268
11683,0,0.000870871740206268
11684,0,3.379812071917135e-05
11685,1,0.5248265301834785
11686,0,0.08295442658219468
11687,0,0.06721473411577067
11688,1,0.7440895278730018
11689,1,0.8538011193957893
11690,0,2.143525405419889e-05
11691,0,0.24977081903798232
11692,0,0.00045575698877858064
11693,1,0.02284085512297722
11694,0,0.0008493646247108123
11695,0,0.014884070940175456
11696,1,0.050933979327383
11697,0,0.05176729006904156
11698,1,0.7989332832554156
11699,0,3.438486290294344e-05
11700,1,0.929501666283392
11701,1,0.14073112940036814
11702,0,0.004025028560645818
11703,0,0.0036014591504767266
11704,0,0.028488036641102648
11705,0,0.15899676864737733
11706,0,0.30828163100279155
11707,0,0.04219509696386595
11708,0,0.28353282690030446
11709,1,0.9547012313027939
11710,0,0.009665646345381392
11711,0,0.4203632331558036
11712,0,0.020516459309999995
11713,0,0.024070856392042206
11714,1,0.05964029748271869
11715,0,0.020786101991108405
11716,0,0.0015078355538005169
11717,1,0.4996728467766639
11718,0,0.704351273156083
11719,0,0.009193360650370753
11720,0,0.005944167361958473
11721,1,0.7151640941372139
11722,0,0.2192550822161213
11723,1,0.6497594236180567
11724,0,0.06811000803170927
11725,1,0.6389529201974833
11726,1,0.3823922420506535
11727,0,0.5552303853786267
11728,0,0.15497379968575953
11729,0,0.6947475241414351
11730,0,0.0011281189685717634
11731,0,0.29251359847471053
11732,0,0.36507344944050446
11733,1,0.6403785099463208
11734,0,0.04984713195425223
11735,0,0.7298985172228785
11736,0,0.0005430233705896163
11737,0,0.3244054631387695
11738,0,0.7145862663714109
11739,0,0.6077756753557079
11740,0,0.006665836359531468
11741,0,0.08791107222965212
11742,1,0.6857143046712458
11743,0,0.28488780430316185
11744,1,0.11089844329966979
11745,1,0.7871059813050186
11746,0,0.03036937379054402
11747,0,0.003187178733755509
11748,1,0.8832008617346006
11749,0,0.054500856999086855
11750,0,0.5542747201161633
11751,1,0.27254348461287325
11752,0,0.05690756566456762
11753,0,0.006289448721540446
11754,0,0.020379527695114145
11755,0,0.2073196448322087
11756,0,0.013963162575054993
11757,0,0.4676421520545778
11758,0,0.005099703705562367
11759,0,0.005672414555928711
11760,1,0.8042495211603963
11761,0,0.12661707209406128
11762,0,0.02674664597180587
11763,1,0.8234476464226365
11764,0,0.000396575349105008
11765,1,0.4835403971895527
11766,0,0.25975678595091783
11767,0,0.20458280868151266
11768,0,0.1125995671485048
11769,0,0.2117072630424939
11770,1,0.4368810676535589
11771,0,0.01151320705484714
11772,1,0.9139317872672301
11773,0,0.02766019395940831
11774,0,0.6170311319668904
11775,0,0.18283794454855007
11776,0,0.004127294153309706
11777,0,0.0009019387900653921
11778,0,0.07554661476788295
11779,0,0.0016688145646939557
11780,0,0.008324152039952019
11781,0,0.018582097369475394
11782,0,0.23116132123406724
11783,0,0.0012775621403846261
11784,0,0.16301929106289179
11785,0,0.0030721608884438077
11786,0,0.022395692163474874
11787,1,0.8565606445027176
11788,0,4.823253883451691e-05
11789,0,0.18011600625298796
11790,0,0.004603500949784805
11791,0,0.35829960023486623
11792,0,0.033092545574308754
11793,0,0.09953186596733393
11794,0,0.1896774155350086
11795,1,0.5521780386336492
11796,0,0.000263708043587981
11797,0,0.8012126812687683
11798,0,0.20236550209700016
11799,0,2.979717312881473e-05
11800,1,0.17201930556086598
11801,0,0.0005506203224790932
11802,1,0.7318879539169787
11803,0,0.35712735610838287
11804,0,0.07989077246965404
11805,1,0.1691413579150559
11806,0,0.12257693618952553
11807,0,1.9040314988664652e-05
11808,1,0.26308034058687463
11809,0,0.2726906189313627
11810,0,0.06655753659958002
11811,0,0.1750694590727591
11812,0,0.07858704308705663
11813,0,0.00030453549559387224
11814,0,0.11601031570928312
11815,0,0.0014393308926147718
11816,0,0.12782051035960088
11817,0,0.003752513716830723
11818,0,0.01421357923711541
11819,0,0.0003804754401799621
11820,0,0.017005511248677135
11821,0,0.10018086876501348
11822,0,0.0027859789478835847
11823,1,0.5533299956753495
11824,0,0.17212788089108705
11825,0,0.12052177237219037
11826,0,0.37735054159986925
11827,0,1.8643078995725958e-06
11828,0,0.014366219087970162
11829,0,0.003903665571849282
11830,1,0.16476503438259107
11831,0,0.09340909480230687
11832,1,0.09739097017445235
11833,0,0.00040803248933509513
11834,0,0.0003713000091804615
11835,0,0.008136424556924517
11836,1,0.3540787928978193
11837,0,0.6550075486353018
11838,0,0.5830294071992469
11839,0,0.05469652789479317
11840,0,0.02079175999132829
11841,0,0.17008534488260021
11842,1,0.7290121068557581
11843,0,0.20446204423797865
11844,0,0.015932168378902486
11845,1,0.3211652047313927
11846,0,0.011416021475798526
11847,0,0.05500155165445863
11848,0,0.001549803313032551
11849,0,0.01933930789867917
11850,0,0.004881330731580095
11851,0,0.08944486408826692
11852,0,0.006850939876124298
11853,0,0.013450486209244623
11854,0,0.006627900434812942
11855,1,0.5298204589818283
11856,1,0.8703239794407059
11857,0,0.13186030253956207
11858,0,0.32053557314656483
11859,0,0.004266206963489941
11860,0,0.3259505577752867
11861,0,0.05818480428205209
11862,0,0.49644764823831344
11863,0,0.008108619113351034
11864,1,0.5679013237373116
11865,1,0.6700404062730154
11866,0,0.01489912308214083
11867,0,0.0428955802251158
11868,0,0.059302157253607116
11869,1,0.6690091975280742
11870,0,0.000554369952704573
11871,0,0.59943155039798
11872,0,0.351826652419559
11873,1,0.853396264366723
11874,0,0.009884490157206521
11875,0,0.08993357721179204
11876,0,0.05760474653425612
11877,0,0.15837228948423973
11878,0,0.004860447771325954
11879,0,0.33351229100001506
11880,0,0.004963058162489208
11881,0,0.035710643714700945
11882,1,0.49390934787891
11883,0,0.0495289047543807
11884,0,0.05914060315625679
11885,0,0.003544164558792679
11886,0,0.0011105570376975379
11887,1,0.3192201106206326
11888,0,0.005932107454348687
11889,0,3.9999568411140185e-05
11890,0,0.014942219086634416
11891,0,0.006431993298514176
11892,0,0.009151225038582527
11893,1,0.7599579066476155
11894,0,0.08413581336418649
11895,1,0.5593971703276802
11896,0,0.00021791972258384637
11897,0,0.00606547697472762
11898,1,0.5703935271381335
11899,0,0.36660144184375404
11900,1,0.4720612169603771
11901,0,0.09395821039911645
11902,0,0.09713481760541376
11903,0,0.04264172003498153
11904,1,0.7554310144601464
11905,0,0.023563319882831044
11906,0,0.13149190789534237
11907,0,0.013297691578857754
11908,0,0.09766314856127976
11909,0,0.012815895553315311
11910,0,0.0012961418650527347
11911,0,0.003406936303775747
11912,0,0.11466881512159048
11913,0,0.5420995536709069
11914,0,0.0017130820606086829
11915,0,0.029021324987335412
11916,0,4.639206546617215e-05
11917,0,0.0005397780820954496
11918,0,2.2845391414943328e-07
11919,0,0.0011456810774660234
11920,1,0.8724298872217074
11921,0,0.20591295651128358
11922,0,0.01123916990422422
11923,0,0.054801402947752535
11924,0,0.4132608306539682
11925,1,0.549992878958801
11926,0,0.03650985309691015
11927,1,0.14984716195185924
11928,0,0.14610516778592592
11929,0,0.008897808649447688
11930,0,0.08492952858104079
11931,0,0.011948071953090776
11932,0,0.0032066811484080322
11933,1,0.4565055435447173
11934,0,0.000365295994282129
11935,1,0.7874876819691072
11936,0,0.003177264423459434
11937,0,0.011808919816921976
11938,0,0.20048619947999724
11939,0,0.749298831795294
11940,0,0.0015886141297959278
11941,0,0.002887392314814251
11942,0,0.051632128838626036
11943,0,0.00670748626266645
11944,0,0.006393322275627183
11945,0,0.01889222608976812
11946,0,0.0008769966909459526
11947,0,6.095941038872043e-05
11948,0,0.006654168553263356
11949,1,0.4402339531287147
11950,0,0.024236029177144562
11951,1,0.8568533402776355
11952,1,0.8644917708327879
11953,0,0.05537776214003191
11954,0,0.20281537672071598
11955,0,0.09745855500520664
11956,1,0.7632772848398353
11957,0,0.38137023303743756
11958,0,0.04695623371385094
11959,0,0.024854480303895542
11960,1,0.8071647437128857
11961,0,6.618134797695684e-05
11962,0,0.5807795172412001
11963,0,0.07126701477648645
11964,0,0.0018869954559818415
11965,0,0.0010414508186368176
11966,0,0.004246664445761026
11967,0,0.052286860734763956
11968,0,0.006531923332422678
11969,0,0.008805161455886668
11970,0,0.004902460034694221
11971,0,0.002429191459486112
11972,0,0.2129018556330293
11973,0,0.012355417581390468
11974,0,0.47031835428318847
11975,0,0.000992313200910117
11976,0,0.12875370364327374
11977,1,0.6679844767495428
11978,0,0.16202691992093857
11979,0,0.00031268762141739706
11980,0,0.0016285450796593955
11981,1,0.7703738539430962
11982,0,0.057225977526249985
11983,1,0.05156838262999755
11984,0,0.06593447784855197
11985,0,0.2056309286000371
11986,1,0.7252539049247735
11987,0,0.03654815401216648
11988,0,0.3109535636561275
11989,1,0.8626402946645966
11990,1,0.7384556541988481
11991,0,0.13375284373654148
11992,0,0.0014930817531683836
11993,0,0.00836953373035728
11994,0,0.0010730534646383428
11995,0,0.0027497905596698406
11996,0,0.00033851843865540215
11997,0,0.0008666927256949504
11998,1,0.7191690450836093
11999,0,0.038143187989431136
12000,0,0.06026127730894852
12001,0,0.038388928589209066
12002,0,0.018549139994307583
12003,0,0.39739479904978936
12004,0,0.17082619653538633
12005,1,0.5643631702817693
12006,0,0.0001983585621853266
12007,0,3.468642816174089e-06
12008,0,0.00891402259992121
12009,0,0.002930508891397216
12010,0,0.14614889766817152
12011,1,0.7657282073252458
12012,0,0.09438541072196377
12013,0,0.24556924246499304
12014,1,0.15329018338240688
12015,0,0.002538345368061488
12016,0,0.020232670522992238
12017,0,0.033703636245944704
12018,0,0.014753249420432487
12019,0,0.03097370220620402
12020,0,0.006390818165180192
12021,0,0.01960836907565639
12022,0,0.016784152882886306
12023,0,0.42555097271203335
12024,0,0.7033772980199043
12025,0,0.008927255099401621
12026,0,0.3462649746892414
12027,0,0.016880706378230515
12028,1,0.706453797499371
12029,0,0.0016578380007135102
12030,0,0.03825837938214865
12031,1,0.7565463234986987
12032,1,0.5636188632426103
12033,0,0.00019182900986887186
12034,0,0.001789991093449257
12035,0,0.00014948374626197523
12036,0,0.32471245316934394
12037,0,0.3673826249308325
12038,0,0.00033236008614687606
12039,0,0.07430774831799718
12040,1,0.055850011519238775
12041,0,2.06125471893276e-06
12042,0,0.012371550282197887
12043,0,0.0247933196936443
12044,0,0.01603887472221019
12045,0,0.20418375495570185
12046,0,0.03516553731577472
12047,0,0.01712433418281165
12048,0,0.009071115806259718
12049,0,0.0023171959699116716
12050,0,0.46056763937730183
12051,0,0.5509991940219233
12052,0,0.2019429604182313
12053,0,0.02658210929928764
12054,1,0.7631728866464339
12055,0,0.051504571982015405
12056,0,0.003025568648317992
12057,0,0.20946064926006913
12058,0,0.6401909740532162
12059,0,0.01552769514430061
12060,1,0.5203462028012485
12061,0,0.030854787749806108
12062,0,0.005353847375388951
12063,0,0.0031700670116106056
12064,1,0.17923304590270842
12065,0,0.02518066835172732
12066,0,0.453715319688108
12067,0,0.07430114166773803
12068,0,0.021925578494914715
12069,0,0.06349527682843752
12070,0,0.5664814868778912
12071,0,0.029802747541972454
12072,0,0.2154111047583566
12073,0,0.021375015030907676
12074,0,0.015544528128633266
12075,0,0.048571107590868294
12076,0,0.550215312566672
12077,1,0.19240549264513182
12078,0,0.0007410285420410444
12079,0,0.029413331801554317
12080,0,0.029197482366157577
12081,0,0.6568513151122742
12082,0,0.05408417347268445
12083,0,0.21421357432944324
12084,0,0.009813312805158429
12085,0,0.14004875126419172
12086,0,0.06530443943088457
12087,0,0.11903111559510947
12088,0,0.10454123143216885
12089,0,8.471588497156312e-05
12090,0,0.013502387977455614
12091,0,0.36700881294109305
12092,1,0.5922427410233079
12093,0,0.08579844804060589
12094,0,0.0011953778654646987
12095,0,0.0031639438388460714
12096,0,0.0014401605217090174
12097,0,0.008835630653451861
12098,1,0.6716476960041747
12099,0,0.016151164492753917
12100,0,0.01910310236936412
12101,0,0.00022291382366754109
12102,1,0.5266064890403422
12103,0,0.005535848032132342
12104,0,0.009554333271768807
12105,0,0.11114508033457636
12106,0,0.012345894969646515
12107,0,0.6948781770343734
12108,0,0.00142661826332007
12109,0,0.355574869961093
12110,1,0.7488209244256272
12111,0,0.06323006101206347
12112,1,0.1654314417764363
12113,0,0.2067873624625086
12114,0,0.04751871008661822
12115,0,0.009711133229409008
12116,0,0.023552459589055802
12117,0,0.16787578807404382
12118,0,1.458260156953186e-05
12119,1,0.639517007006873
12120,0,0.31453599911032976
12121,0,0.07595805983447704
12122,0,3.557692247887143e-05
12123,1,0.5560534175617273
12124,0,0.0007362285543055414
12125,0,0.19391171956306905
12126,0,0.2265996886941331
12127,0,0.001140208103022622
12128,1,0.33145211445773
12129,0,0.03811672830679694
12130,0,0.00016336692077658407
12131,1,0.7957293114760742
12132,1,0.8317930229788317
12133,0,0.04331498012551817
12134,0,0.38796970058485675
12135,0,0.0012746076248155267
12136,0,0.18985178607136138
12137,0,0.0046592786014242335
12138,0,9.563287315520418e-05
12139,0,0.0041341985085136075
12140,0,0.00689953754606764
12141,0,0.0649183381249544
12142,1,0.15314818735439126
12143,1,0.3754386123924762
12144,0,0.002332162954905546
12145,1,0.8096278757156115
12146,0,0.04172891740126057
12147,1,0.27346985957788345
12148,1,0.46312084675812853
12149,0,0.5661965200105701
12150,0,3.6479302672084104e-06
12151,0,0.015428917432069601
12152,0,0.04810699822231662
12153,0,0.003423881813009757
12154,0,0.01061352289838479
12155,0,0.24501163853538255
12156,0,0.00015323020274327778
12157,1,0.7482734119643462
12158,0,0.02323547788711432
12159,0,0.3634818504650803
12160,1,0.5127606179455585
12161,0,0.004036860690268845
12162,1,0.40164809785845396
12163,0,2.1633959113336042e-05
12164,1,0.09243441303930147
12165,0,0.06633053856543059
12166,0,0.006228099416192028
12167,1,0.8347272177242696
12168,0,0.09667270361254351
12169,0,0.03307298021231536
12170,1,0.2430376283421735
12171,0,0.00018793635328000682
12172,0,0.19570246209850695
12173,0,0.8254862374051742
12174,0,0.089046928926423
12175,0,0.0022797279235288507
12176,0,0.02424450824631363
12177,0,0.09944821077762936
12178,0,0.06683187249957125
12179,0,0.08418145234966481
12180,0,0.032756510583942106
12181,0,0.006164535581047443
12182,0,0.2924950115381662
12183,0,0.00893850691915966
12184,1,0.43513795118877724
12185,0,9.036182160875676e-06
12186,1,0.7223206503866549
12187,0,0.15388027637836196
12188,0,0.018750136470771523
12189,0,0.1782454315347544
12190,1,0.44006488772008473
12191,0,0.06809147491693655
12192,0,0.001833793501832105
12193,0,0.004564955593322121
12194,0,0.0047499346773851505
12195,0,0.02714500076144501
12196,0,0.24774283180342693
12197,0,0.07230109582700463
12198,0,0.0003887769736889275
12199,0,0.021179666808800457
12200,0,0.000902204317896746
12201,0,0.0024336059864064814
12202,1,0.09243998837537387
12203,0,0.03963077858515054
12204,0,0.1502771967162878
12205,0,0.014709995126208384
12206,1,0.3514147755388675
12207,0,0.003271394514539075
12208,0,0.022806097606742334
12209,0,0.6928062113651364
12210,1,0.361510010583441
12211,0,0.017569986099834543
12212,0,0.10462750421698318
12213,0,0.0185385149500515
12214,0,0.07449772508807585
12215,0,0.236060547747919
12216,0,0.09109661251821576
12217,0,0.7587961718808367
12218,0,0.07167924114556133
12219,0,0.009925924514341782
12220,0,0.000523953521913192
12221,0,0.23796280315122167
12222,0,0.030948456858645588
12223,0,0.0017886596284545264
12224,0,0.12222971179090429
12225,0,0.036641015400745984
12226,1,0.9526827415726306
12227,1,0.358796321467211
12228,0,9.55282863536715e-06
12229,0,0.0056603803677931
12230,0,0.41145518716739293
12231,0,0.03682268442366355
12232,0,0.0013010470795195431
12233,0,0.5228661655888329
12234,0,0.00872179898038974
12235,0,0.6586886508421276
12236,0,0.0014466302588424496
12237,1,0.6979915958253591
12238,1,0.005354949539836186
12239,0,0.30253777029969137
12240,0,0.13848002302556325
12241,1,0.3782773274330044
12242,0,0.46068831795363746
12243,1,0.43188669809290936
12244,0,0.10810690872476154
12245,0,0.00018261437462073395
12246,0,0.10912615848642235
12247,0,7.850256885288655e-05
12248,0,0.05422406368366763
12249,0,0.2694120442763102
12250,0,0.18948537540149643
12251,1,0.6845683299995956
12252,0,0.03894546401822597
12253,0,0.31571388273515777
12254,0,0.00020478282765237394
12255,0,0.046403121220649164
12256,0,0.006614479185206141
12257,0,0.18424166140430015
12258,0,0.13792445367792944
12259,1,0.8910560959041867
12260,0,0.025852151463805217
12261,0,0.6580521359500133
12262,1,0.8231318385363433
12263,0,0.16443028440972202
12264,0,0.09810047305166597
12265,0,0.4300723129836578
12266,0,0.013276234107761582
12267,1,0.4560862431002938
12268,0,0.04745579085722284
12269,0,0.001679791638169975
12270,0,0.00362469454002966
12271,0,0.0008255680193445595
12272,1,0.31228144950471415
12273,0,0.006767734731986897
12274,0,0.029731610839746736
12275,0,0.5082719190830681
12276,0,0.0003354155773836639
12277,1,0.3576891736422341
12278,0,0.002595044797213662
12279,1,0.8904580319567452
12280,0,0.040355948338116295
12281,0,0.01200095392537682
12282,0,0.05703667682902316
12283,0,0.2620415313440781
12284,0,0.001069469689710308
12285,1,0.4035903620264943
12286,1,0.8722595837230229
12287,0,0.0001744999200815251
12288,0,0.0028732305581975408
12289,0,1.8853182902081522e-05
12290,0,0.05799361285464949
12291,0,0.1717919449314896
12292,1,0.9122413192417094
12293,0,0.08075852780400498
12294,0,0.0020853998647775477
12295,0,0.5482387455983528
12296,0,0.004755639084844545
12297,0,0.00016653183728739337
12298,0,0.6078545832250868
12299,0,0.07724793026258918
12300,1,0.18522004642921724
12301,0,0.06598162228921266
12302,0,0.280213113798315
12303,0,0.021927713608143152
12304,0,8.02157622265771e-06
12305,0,0.0022366314217817044
12306,0,0.29372937996791354
12307,1,0.2975261804627124
12308,0,0.008189128525700614
12309,0,0.4108782552544873
12310,0,0.0010106145527137424
12311,0,0.00014645235511134925
12312,0,0.042639014059443724
12313,0,0.011352542845015993
12314,1,0.5891334252435539
12315,1,0.1812358976232986
12316,1,0.8683453926142578
12317,0,0.01293568217047959
12318,0,0.025825555139161318
12319,0,0.012130068528949307
12320,0,0.0031720632684601197
12321,0,0.0031898240054377045
12322,0,0.616285704045794
12323,1,0.5715127201432191
12324,1,0.8583321398094845
12325,0,0.05953251011334375
12326,0,0.013672352054905093
12327,0,0.6036489665736957
12328,0,0.019082861920087613
12329,1,0.7952244093971791
12330,1,0.24287270835158556
12331,0,0.0016710556238279488
12332,1,0.27854131744172006
12333,0,0.001825995726875886
12334,0,0.2059342473679509
12335,0,0.024381954359329622
12336,0,0.09381572512346008
12337,0,0.029005062734159398
12338,0,0.006452329125909939
12339,0,0.3525345056266074
12340,0,0.0489706162994906
12341,0,0.16293803764938583
12342,0,0.022242769404720256
12343,0,4.111513121230358e-08
12344,0,0.0033848301492339613
12345,0,0.6212865203696071
12346,0,0.2780370519845276
12347,0,0.5403701140660164
12348,0,0.000863145085324609
12349,0,0.0023909814398713775
12350,0,0.061752464678460406
12351,0,0.005493829211052812
12352,0,0.009023689163837022
12353,0,0.032460732168831545
12354,0,0.34224734830221165
12355,0,0.0006273918886743655
12356,1,0.7722885396262124
12357,0,0.05205146851573739
12358,0,0.4146623409197175
12359,1,0.555661132005596
12360,0,0.0005453168587473449
12361,0,0.0015574988195986839
12362,0,0.516565193602755
12363,1,0.4369892818717465
12364,1,0.6232033472236277
12365,0,0.1308420224752869
12366,0,2.5997132625615787e-05
12367,0,0.030555580153231322
12368,1,0.7980902065240549
12369,0,0.3508406947149393
12370,0,0.010265982592367846
12371,0,0.00042527433733338796
12372,1,0.6792852012397508
12373,0,0.13851653888499457
12374,1,0.666365310424405
12375,0,0.029116122766159973
12376,0,0.03443048684986114
12377,0,0.005902212930877982
12378,1,0.24297375788534986
12379,1,0.16973583463080294
12380,0,0.08846984871905116
12381,0,0.335375524590834
12382,0,0.002170381134932543
12383,0,0.5987004176199112
12384,0,0.0006223004863457803
12385,0,0.10598077226841895
12386,0,0.2300413832816745
12387,0,0.09361165590986929
12388,1,0.7730659933741183
12389,0,0.24877402197127438
12390,0,0.14098019321005592
12391,0,0.010608125876238984
12392,0,0.319527638189185
12393,0,0.0714658209301944
12394,0,0.012529137720998654
12395,0,0.041775866348100744
12396,0,0.015078192669487019
12397,1,0.6413245424213001
12398,0,0.0013931668985602817
12399,0,0.0010582438636009784
12400,0,0.26839759927309337
12401,1,0.06450628442818437
12402,0,0.016790321211378047
12403,0,0.07425583202779054
12404,0,0.07584065433322187
12405,0,0.07066779775311068
12406,0,0.6377188333243486
12407,0,0.03402529641224892
12408,0,0.0843907762374347
12409,0,0.020756380402558377
12410,0,0.004997757827504456
12411,0,0.2126368466625556
12412,0,6.528458286614953e-05
12413,0,0.06618673915217191
12414,0,7.472400859445867e-05
12415,0,3.2224487057668797e-06
12416,0,0.005400878610422868
12417,0,0.015709537638906878
12418,0,0.0038372461278152357
12419,0,0.0030459127896639844
12420,0,0.003617135792579264
12421,0,0.5149730808415562
12422,0,0.016112702041769917
12423,0,0.12831643159347741
12424,0,0.007722994231422707
12425,0,0.07618219101227912
12426,0,0.28133342596458416
12427,1,0.8630131924081179
12428,0,0.5883639023050605
12429,0,0.01648329695147756
12430,0,0.004841433102332261
12431,0,0.07479044087332336
12432,0,0.416533197138097
12433,0,0.008864275180512313
12434,0,0.0012134279680844145
12435,0,0.009549937700337687
12436,0,0.014053825819065799
12437,0,0.513554999245954
12438,1,0.7882244914940246
12439,0,0.04404325210437249
12440,0,0.5070200405827185
12441,0,0.0036351529926870367
12442,0,0.06027023681480714
12443,0,0.13510560090771032
12444,0,0.059322329206139744
12445,0,0.08486536278890727
12446,0,0.008916945833086332
12447,0,0.0033857228613412295
12448,0,0.13133745063323882
12449,0,0.10084890188519421
12450,1,0.5673515549883201
12451,0,0.0025260967966015866
12452,0,0.00015671317202926976
12453,0,0.3145643323063762
12454,0,0.05793141158339629
12455,0,0.025522516872232386
12456,0,0.08412765205454963
12457,0,0.0013290027342204305
12458,1,0.30974034268957235
12459,1,0.7717079521808812
12460,1,0.5549883225811194
12461,0,0.025305599614594353
12462,0,0.1433146111035124
12463,1,0.2551740189905197
12464,0,0.03503702668497899
12465,0,0.0008760157165474667
12466,0,0.00021502405460903666
12467,0,0.001589061168722079
12468,0,0.029746666595583237
12469,0,0.16622925943213762
12470,0,7.631910329006823e-10
12471,0,0.03180648914556688
12472,0,0.261784414309808
12473,0,0.03139862393393794
12474,0,0.37071659174838384
12475,0,0.029790853093528736
12476,0,0.03558152526139897
12477,0,0.2931124987126421
12478,0,0.11717799886444545
12479,0,0.04178272411218562
12480,0,0.016678709815348615
12481,0,0.18137572989177944
12482,1,0.20809536024268616
12483,1,0.7388562194390597
12484,0,0.2850250071422716
12485,0,0.01161150957354953
12486,0,0.015690082386506703
12487,0,0.0004022640745546776
12488,0,0.4818111613809929
12489,0,0.0011896736237421701
12490,0,0.18408964166698666
12491,0,0.026017774158009547
12492,0,0.00025553147207861495
12493,0,0.4610286966104435
12494,0,0.23541217942758336
12495,0,0.8736406506591902
12496,0,0.7057322532513541
12497,0,0.00864080348228612
12498,0,0.4598362067015261
12499,0,0.015388494706424241
12500,0,0.008443954389077237
12501,0,0.0059101787335336066
12502,0,0.0021515937333455933
12503,0,0.5456352574881742
12504,0,0.12276980590861045
12505,0,0.05324272703950099
12506,0,0.6330673467414
12507,0,0.11862323052038046
12508,0,0.29446172289873995
12509,1,0.8611711343885703
12510,1,0.8204791222542129
12511,0,0.009219227415959104
12512,0,0.02043029255741772
12513,0,0.026323768628827966
12514,0,0.0012155378802235683
12515,0,0.001015185379374004
12516,0,0.023164243023862593
12517,0,0.0011746433896224458
12518,0,0.00012227436833184364
12519,0,0.575829853229173
12520,1,0.7009304850181977
12521,0,0.10695368110878935
12522,0,0.5873412643091757
12523,0,0.00040685169390010725
12524,1,0.741248318440264
12525,0,0.0007381395030014815
12526,0,0.0016309799767089395
12527,0,0.013463046097736308
12528,0,0.003992509717973605
12529,0,0.034588372182983114
12530,0,0.33657085495697403
12531,1,0.5378126390936429
12532,0,0.2858987003253892
12533,0,0.15062097046844503
12534,1,0.6073025018594965
12535,0,0.002673751211269724
12536,0,0.8090194013648385
12537,0,0.7785876922933794
12538,1,0.43826730688235055
12539,0,0.0048892462248334495
12540,1,0.5314758907995127
12541,0,0.04278814853209479
12542,0,0.138179576247201
12543,0,0.4229499271661125
12544,0,0.05441755581400599
12545,1,0.7495151131048925
12546,0,0.0021208102328838466
12547,1,0.16388049012472655
12548,0,0.23950742152208743
12549,0,0.0009119088085119877
12550,0,0.01740197690572053
12551,0,9.468694685679128e-08
12552,0,0.009795467534897476
12553,0,0.0013578217383641018
12554,0,0.5871587007087682
12555,0,0.010869337928151718
12556,0,0.6864145332430145
12557,0,0.0012779556736593114
12558,1,0.8757733506858
12559,0,0.01124458895065984
12560,1,0.5705923216137055
12561,0,0.08661597826018383
12562,0,0.043791259354342055
12563,0,0.19720871293758585
12564,0,0.23726945950693343
12565,0,0.00036431823156602404
12566,0,0.013176758156401035
12567,0,0.036721126240667645
12568,1,0.7029595382830005
12569,1,0.6712186185591014
12570,0,0.022998510677328284
12571,1,0.15687202722481988
12572,0,0.19340907033507854
12573,0,0.2997691611815705
12574,0,0.3001935155959773
12575,0,0.08546054331592813
12576,0,0.009307852562104297
12577,1,0.535510698548305
12578,0,0.1537126641840347
12579,0,0.0004022921497239006
12580,0,0.1374570977697835
12581,0,3.361936805841975e-06
12582,1,0.9355942873352907
12583,0,0.024071766477278
12584,0,0.4186334125080771
12585,0,0.020302760074807184
12586,1,0.8198841303271633
12587,1,0.8259139810628828
12588,0,0.04139342937378406
12589,0,0.0038970990994407323
12590,0,0.2360746793714971
12591,0,0.4490776167153522
12592,1,0.7319146760504823
12593,0,0.05230478656018312
12594,1,0.9019141535339603
12595,0,0.0020148182614615783
12596,0,0.0003834996912679177
12597,0,0.025375690772749943
12598,0,0.302480094243608
12599,0,0.6709991723763846
12600,0,0.16790829968808516
12601,0,0.07131945008755644
12602,0,0.005176040894228956
12603,0,0.011253668879277505
12604,1,0.8269734297700317
12605,0,0.00038801022672601583
12606,0,0.006069985017819771
12607,0,0.1459063511079615
12608,0,0.0012397446556167498
12609,0,0.015335679467392543
12610,0,0.0008618914259227031
12611,0,0.039616588111365356
12612,0,0.00030698374189975906
12613,1,0.37392060299625085
12614,0,0.08347683342302219
12615,0,0.004434118485077988
12616,1,0.5597456894740578
12617,1,0.7060763894250363
12618,0,0.009695342722968731
12619,0,0.0024328917562115265
12620,0,0.021462130074048638
12621,0,0.10906298992278181
12622,0,0.017683655391248363
12623,1,0.7844300085508527
12624,0,0.5101284392092886
12625,0,0.03169478582364546
12626,1,0.1546780123979025
12627,1,0.6098159579588818
12628,0,0.235154185963986
12629,1,0.05499529108510064
12630,0,0.05487902372372183
12631,1,0.46798172924657705
12632,0,0.1541429709031828
12633,0,0.0014012263971304275
12634,0,0.0003498213427389092
12635,0,0.1508958066159334
12636,0,0.009710603297357671
12637,1,0.691138265021929
12638,0,0.015387986487780163
12639,0,0.17973545744398375
12640,1,0.8149135324710076
12641,0,0.004376105527598638
12642,0,0.4551831583306285
12643,0,0.8548193526312788
12644,0,0.04400113984412993
12645,0,0.001310235244911742
12646,0,0.0010683156068073984
12647,0,0.11924436951708219
12648,1,0.28414024248703285
12649,0,0.013242980022991464
12650,0,0.0631174160659253
12651,0,0.00016509861983472169
12652,0,0.6942943478941611
12653,0,0.006661301648127589
12654,0,0.4395271625478876
12655,0,0.011408122292420012
12656,0,0.8468518528741524
12657,0,0.07740920222016882
12658,0,0.033706507218265375
12659,0,0.0020498392312420007
12660,0,0.07952545142430166
12661,0,0.019096317311692892
12662,0,0.038043115053872395
12663,0,0.21988412947370525
12664,0,0.12801751106684567
12665,0,0.047624799284021066
12666,0,0.3147232530001016
12667,0,9.660936007347348e-05
12668,0,0.09750799591642627
12669,1,0.7183064743681967
12670,0,0.002023451324599259
12671,0,0.17608393712410972
12672,0,0.08551416349933072
12673,0,0.005955164924900136
12674,1,0.48094109164085636
12675,0,0.0670096418733513
12676,0,0.039262002334366074
12677,1,0.623818123141349
12678,0,0.019713800764342204
12679,1,0.5120450730947725
12680,1,0.9360759173079019
12681,1,0.03760996586585348
12682,1,0.13223252324012214
12683,1,0.7256531148640344
12684,0,0.9567816106882668
12685,0,0.035175567852797546
12686,0,0.05588692986542414
12687,0,0.00757839337393493
12688,0,0.01883032462396535
12689,0,0.001961519564180311
12690,1,0.7058053505940449
12691,1,0.25774114494855105
12692,0,0.0019126238001609178
12693,0,0.45486674414239064
12694,0,8.000061505163995e-10
12695,0,0.004403321192685192
12696,0,0.20399722901017253
12697,0,0.13752089820323596
12698,0,0.0063118287973915775
12699,0,0.010054529152081852
12700,0,0.07414579722177321
12701,1,0.4923629204633884
12702,1,0.5396538533724689
12703,1,0.6633547769443381
12704,0,0.04243972048696678
12705,0,0.04016949772923939
12706,0,0.025432619930284693
12707,0,0.8099860991477874
12708,0,0.03729822392863282
12709,0,2.2796382093016877e-05
12710,0,0.605132226144083
12711,0,0.5388166445761177
12712,0,0.0378175897514276
12713,0,0.10119574117001164
12714,1,0.7308365779528443
12715,0,0.014251220250823284
12716,0,0.06175046866227554
12717,0,0.02348792419003539
12718,0,1.138659924326287e-05
12719,0,0.04065496993970262
12720,0,0.25194941018936834
12721,0,0.018391819530760186
12722,0,0.22134794584770573
12723,0,0.005369346125137326
12724,0,0.000303251886615287
12725,0,0.0024385951951878576
12726,0,0.02109345096438067
12727,0,0.10296796783766198
12728,0,0.0852699737156182
12729,0,0.12293535950592804
12730,0,0.12589851688758807
12731,0,0.28647760661420313
12732,0,9.221224806468821e-05
12733,0,0.00206423560691162
12734,0,0.09393160627768124
12735,0,0.02509982730622323
12736,0,0.0031399739860189634
12737,0,0.16897575617644822
12738,0,0.10570172709722528
12739,0,0.0038514461543705148
12740,1,0.5234203434178187
12741,0,0.07787019556621096
12742,1,0.7613061166778673
12743,0,2.6587455841533318e-05
12744,0,0.24549156324623972
12745,0,0.024296194439680608
12746,0,0.5847613410912692
12747,0,0.0010392786737812667
12748,0,0.21936326627061498
12749,0,4.439285464003607e-05
12750,0,0.0005664731725045703
12751,0,0.025146093154579108
12752,0,0.03476399586014292
12753,1,0.39209818065119795
12754,1,0.43629523332823944
12755,0,0.7700262373674129
12756,0,0.0005957657162236398
12757,1,0.3996890694952579
12758,0,0.012089106320726092
12759,0,0.07568033970751303
12760,0,0.015580864865954648
12761,1,0.7708375710149069
12762,0,0.01378888921050993
12763,0,0.163940725122197
12764,0,0.0016267420275272214
12765,0,0.0036826224252626324
12766,0,0.003763363111631325
12767,1,0.3441123267741787
12768,1,0.46563091204353396
12769,1,0.9101886864184853
12770,1,0.4634634373110904
12771,0,0.3477793160148836
12772,0,0.2797911947042724
12773,1,0.9157744090938883
12774,0,0.0046957502319630385
12775,1,0.20885018488721965
12776,0,5.2320121384938085e-05
12777,0,0.01430869253350099
12778,0,0.05109380830571948
12779,0,0.001366403025127123
12780,0,0.1325395236244142
12781,0,0.0010428794588378655
12782,0,0.0021413405417703662
12783,1,0.7573656310236381
12784,0,0.2068260267298527
12785,0,0.10700423018906378
12786,0,0.012779901915400554
12787,0,0.0009970095858163794
12788,1,0.8011363379454416
12789,0,0.02728407753766659
12790,0,0.037571375459888465
12791,0,2.3533927549595156e-07
12792,0,0.10043740781542153
12793,0,0.16991196220478808
12794,0,0.5500513561727759
12795,0,0.09839883190628315
12796,0,0.022687871478578224
12797,0,1.563694017993692e-05
12798,0,0.09462362744446558
12799,0,0.4387784944157264
12800,0,0.35454507417773085
12801,0,0.006073563343167801
12802,0,0.007301827513832888
12803,0,0.0007050320090618752
12804,1,0.7565590897506639
12805,0,0.0382239907405219
12806,0,0.08093940830833375
12807,0,0.014489150967373734
12808,1,0.5294128220161981
12809,0,0.001392250576569895
12810,0,0.00819007912986756
12811,0,0.009512269934175258
12812,0,0.03458377612569331
12813,0,0.10116519576239044
12814,0,0.011792897796434512
12815,1,0.8124129168486177
12816,0,0.20309802488989254
12817,0,0.006368092357016736
12818,0,0.09037115699347383
12819,0,0.029337399277562758
12820,0,0.00883880316036631
12821,0,0.022353692727783328
12822,0,0.3991788007575415
12823,0,0.4133609462742364
12824,0,0.0002004217311479844
12825,0,0.19185299970669073
12826,1,0.6920665205051447
12827,0,0.03587898301121317
12828,0,0.003988147698799037
12829,0,0.024150695475277508
12830,1,0.4515289741029228
12831,0,0.028122632114324305
12832,1,0.731233062445471
12833,0,0.0007619781202303201
12834,0,0.5591704854876063
12835,1,0.36492438501050667
12836,0,0.012548085989400486
12837,0,0.11852395892890359
12838,0,0.11466700429984969
12839,1,0.45448622836716224
12840,0,0.02289312855273233
12841,1,0.4762315347949257
12842,0,0.10250052769504221
12843,0,0.12012753585578834
12844,1,0.6100297737713726
12845,0,0.005741488924665874
12846,0,0.0005784392302135709
12847,0,0.0001726676752521183
12848,0,0.005283117356890055
12849,1,0.06160063934151926
12850,1,0.5056513276908866
12851,1,0.39827700630378804
12852,0,0.003387054390717269
12853,0,0.32344277825211776
12854,0,0.004283242329185497
12855,0,0.02177532316574153
12856,1,0.7883880469966885
12857,0,0.0011626331156178232
12858,1,0.39101641831515327
12859,0,6.422455841541155e-05
12860,0,0.0011546343852071508
12861,0,0.0006136282640044935
12862,0,0.06277107374179704
12863,0,0.3370729327842161
12864,0,0.16150200524880703
12865,0,0.01874906371253437
12866,0,0.01686003038677302
12867,0,0.005985878167595666
12868,0,0.010344248888800284
12869,0,0.0022249915024249874
12870,0,0.06501527292262817
12871,0,0.016601992879844055
12872,1,0.40768862653525845
12873,0,0.005528823106786926
12874,0,0.48319288128099575
12875,0,0.10883950597086645
12876,0,0.004567945631032202
12877,0,0.5018028440923314
12878,0,0.03649710152160022
12879,0,0.009059658044992687
12880,0,0.0390336221523061
12881,0,0.6134180121355044
12882,0,0.05096820845457358
12883,0,1.2925726209902828e-05
12884,0,0.1418979473587104
12885,0,0.003756564381785682
12886,1,0.7996682691360912
12887,0,7.250031684051686e-06
12888,0,0.3946798227536382
12889,0,0.026702341864322614
12890,0,0.0010135087197662516
12891,1,0.19094692244997072
12892,0,0.05606523708203385
12893,0,0.0066298126462779735
12894,0,0.01709429077907609
12895,1,0.12135562411853217
12896,1,0.8710956511113565
12897,0,0.28387774714552194
12898,0,0.07667072332338393
12899,0,0.0011489882040671671
12900,0,0.03965255498464153
12901,0,0.3789474473322228
12902,0,0.0013387572535450227
12903,0,0.017459521493497086
12904,0,0.5937443085956974
12905,0,0.16564083098077084
12906,0,0.000806941385936422
12907,0,0.001453291329540244
12908,0,0.09558976777904202
12909,0,0.00011614366811455298
12910,0,0.000855205384519074
12911,0,0.036834664790331054
12912,1,0.8071428833652428
12913,1,0.6597543869848563
12914,1,0.6312179435097146
12915,0,0.0006073374613132912
12916,0,0.21043292300427227
12917,0,0.00039941382240039203
12918,0,0.06881155946894782
12919,0,0.33694895891405435
12920,0,0.30409877244248495
12921,1,0.37302547986591433
12922,0,0.0012545383841252292
12923,0,0.021385222065683385
12924,0,0.044144461213122245
12925,0,0.08687615117185957
12926,0,0.1877766159903664
12927,0,0.11941911653076963
12928,0,0.020540887094324386
12929,0,0.015536251210770907
12930,0,0.0831741016270042
12931,0,0.38248317848532626
12932,0,0.0007653091417119919
12933,0,0.029675325237885533
12934,0,0.4541244872324781
12935,0,0.013230326292540045
12936,0,0.00018001244088860827
12937,0,0.0024118735845282545
12938,0,0.003105965309225927
12939,1,0.3344567072111774
12940,0,0.04124407124790631
12941,1,0.41712505888903406
12942,0,0.0029755219806789834
12943,1,0.38722640216162785
12944,0,0.5526588133019903
12945,0,0.16079570371932833
12946,0,0.09813518100845797
12947,0,0.0016469124687936497
12948,1,0.6429385087952945
12949,0,0.4322523189860944
12950,0,0.07664964645572742
12951,1,0.2194769537952538
12952,0,0.09526741972189262
12953,1,0.4165804932057607
12954,0,0.003754135223263869
12955,1,0.36235665930050986
12956,0,0.002994638844312059
12957,0,0.15383314077224267
12958,0,0.24957667866642314
12959,0,0.2020629197282985
12960,0,0.3495319667270273
12961,1,0.10487703361761275
12962,0,0.0004982433068431181
12963,0,0.018985420327736622
12964,0,4.228626187952156e-15
12965,1,0.4006966826994689
12966,0,0.007741473262639389
12967,1,0.18628683195827314
12968,0,0.4270838160052321
12969,0,0.00016723470091882221
12970,0,0.055248524364064765
12971,1,0.4298143149043031
12972,0,0.31377274670649724
12973,0,0.010162771301099886
12974,1,0.5901132660943585
12975,0,0.07807306181261121
12976,1,0.29770684065869696
12977,0,0.00039108292280986493
12978,1,0.626240385971917
12979,0,0.0001890226771027838
12980,0,0.07430415852562751
12981,0,0.737043679080471
12982,0,0.013382046844945851
12983,0,0.3993830786070107
12984,1,0.2938404815743776
12985,0,0.2503206500794905
12986,0,0.0005299623437396507
12987,0,0.025185226440685497
12988,0,0.2588744097407546
12989,0,0.12693618250393335
12990,1,0.5503577556371196
12991,0,0.0017894090297699429
12992,0,0.1701579126433553
12993,1,0.6165744442274977
12994,0,0.0004925509639959866
12995,0,0.1340854929909618
12996,1,0.20602255422655422
12997,0,0.30945159722767435
12998,0,0.010006254642430296
12999,0,0.0002732158370909234
13000,0,0.01620643608203145
13001,0,0.34942278907438495
13002,0,0.12343101338960057
13003,0,0.023006218180545292
13004,0,0.09717416602098414
13005,0,0.013485706089163104
13006,1,0.7089864809675364
13007,0,6.440667640660394e-05
13008,1,0.8531237085939314
13009,1,0.11256682490918592
13010,0,0.06860425567248077
13011,0,0.0006093613237074105
13012,0,0.021031754780258143
13013,0,0.005484567448280993
13014,0,0.026706144262018484
13015,1,0.8131011271640765
13016,0,0.13500891545510232
13017,0,0.00031281433268795923
13018,1,0.8136944090024151
13019,1,0.09599842575123461
13020,0,0.011533665225566283
13021,0,0.0005548066521134067
13022,0,0.0385832387744596
13023,1,0.594973786853909
13024,1,0.7248800911279344
13025,0,0.6599275139799821
13026,0,0.030133138494069234
13027,0,0.004990911155431177
13028,0,0.0004377295327722251
13029,1,0.863219497933856
13030,0,0.01565019700814825
13031,0,0.13169228214053014
13032,0,0.022065108189708457
13033,0,0.07805537728095134
13034,0,0.04849811378038839
13035,0,0.00026202424754616426
13036,0,0.04299429653227926
13037,0,0.4763129503935163
13038,0,0.02274147453612554
13039,0,0.0189413439908814
13040,0,0.0033611528676801656
13041,0,0.0007900812223140141
13042,0,0.14980479567694593
13043,1,0.7864593754450812
13044,0,0.026994252557266316
13045,0,0.10130873453249828
13046,0,0.017001883533222777
13047,0,0.016406513768208966
13048,0,0.4575365748202993
13049,1,0.3405484418408925
13050,0,0.00013509958653860912
13051,0,0.037185720769984
13052,0,0.002661937211875762
13053,0,0.0013868458417600688
13054,1,0.16298677107813825
13055,0,7.623588324397949e-05
13056,0,0.011175549359506834
13057,0,0.030204621086337504
13058,1,0.8055940639243672
13059,0,0.006397718829331766
13060,0,0.03983298631036725
13061,1,0.7406519875515805
13062,0,0.24789393917602412
13063,0,0.029990675405405745
13064,0,0.2809996939907008
13065,0,0.006922491700861264
13066,0,0.05120199866558681
13067,0,0.14259493278881388
13068,0,0.15505111184482998
13069,0,0.719522537778262
13070,1,0.7238332741842523
13071,1,0.6220729889591542
13072,0,0.5068201708644673
13073,1,0.3955696366255972
13074,1,0.19372846447661218
13075,0,0.007296844702256791
13076,1,0.5982819389888452
13077,0,0.02897061665781378
13078,1,0.9086025107892092
13079,0,0.0620914775732145
13080,1,0.22265873558634788
13081,1,0.5013580865149586
13082,0,0.31957929097582344
13083,0,0.010477868884923944
13084,0,0.12816050086363345
13085,0,0.00046515841810889133
13086,0,0.0003219496364336377
13087,0,0.16490235034984146
13088,0,0.17665556488219383
13089,0,0.00583797512327242
13090,1,0.6575172526877242
13091,0,0.13521603416513045
13092,0,0.009135032590081865
13093,0,0.01398534244174226
13094,0,0.03299520529194036
13095,0,0.09665956444704862
13096,0,0.2968444511605451
13097,0,0.03449418812459725
13098,0,0.01129523540693097
13099,0,0.2114628756181955
13100,1,0.8289329814709198
13101,0,0.06131186482764918
13102,0,0.00449464189074174
13103,0,0.06064928676012572
13104,1,0.4245904235863643
13105,0,0.215073538625629
13106,0,0.06310263487522265
13107,0,0.00535769026769061
13108,0,2.5216715605766498e-05
13109,0,0.09167005258483511
13110,0,0.38565416809754133
13111,1,0.8500086829874024
13112,0,0.18889957050476275
13113,0,0.13579383708178588
13114,0,0.019222836138826225
13115,1,0.5823316445823492
13116,0,0.01157787297657114
13117,0,0.024846615260355292
13118,0,0.008911955952485352
13119,1,0.5055554905316659
13120,0,0.00033585026201393947
13121,0,0.1608812456273334
13122,0,0.029459048289704196
13123,0,0.10085415236021905
13124,0,0.01706210819523332
13125,0,0.006457599783391691
13126,0,0.018329890353828635
13127,1,0.5355566524200661
13128,0,0.0018717762295936196
13129,0,0.006439875362684451
13130,0,0.0006889684786549527
13131,0,0.012038148380888201
13132,0,0.0057655276094056105
13133,0,0.023713055685804924
13134,0,0.06318848648230407
13135,0,0.022649911771880464
13136,0,9.827166586618735e-05
13137,0,0.011276954413518251
13138,0,0.01952117654629659
13139,0,0.04831179218546062
13140,0,0.010093673573105847
13141,0,0.04782240202253399
13142,0,0.006179647169696039
13143,1,0.5682649518264175
13144,0,0.4608527001760495
13145,0,0.003067566540364059
13146,0,9.148449119894387e-05
13147,0,0.3010578724307492
13148,0,0.007707925503110934
13149,0,0.07252117383264998
13150,0,0.003867973335657824
13151,0,0.00033714264807233144
13152,0,0.012322723119507169
13153,1,0.6590209667185324
13154,0,0.002840742662990537
13155,0,0.1553968960685348
13156,0,0.533496390176291
13157,0,4.5940754681343094e-07
13158,0,0.2425011697759066
13159,1,0.13690877285134007
13160,0,0.09485902219562142
13161,0,0.02862414946354074
13162,0,0.009368470634327566
13163,0,0.005565050728946895
13164,1,0.8166791712753557
13165,0,0.08970569795218075
13166,0,0.0010294252316892022
13167,0,0.02284819462474365
13168,0,0.004502050151848145
13169,0,0.06080012324955473
13170,1,0.7752821115809853
13171,1,0.11024106289022277
13172,0,0.0011567736229162577
13173,0,0.049835032130333454
13174,0,0.0012317816019604482
13175,0,0.206644679314921
13176,1,0.8128560375653242
13177,0,0.05735059493502976
13178,1,0.8440503076487949
13179,1,0.23557759442963455
13180,0,0.0048087516322077315
13181,0,0.3453642535307495
13182,0,0.00010706276043370099
13183,0,0.15393629100358333
13184,0,2.692700634101526e-05
13185,0,0.05609299492869315
13186,1,0.6749707838605041
13187,1,0.7423853903873344
13188,0,0.1550299179381056
13189,1,0.762771869158488
13190,0,0.03829415631361129
13191,1,0.9324851232154658
13192,0,0.014770988292346663
13193,0,0.0010277439108099975
13194,0,0.2282746820757873
13195,0,0.0002004731690729562
13196,1,0.11921297169558695
13197,0,0.006468839008551255
13198,1,0.7985251284715423
13199,0,0.01002829916243148
13200,1,0.2776857693734923
13201,0,0.0011100859760922422
13202,1,0.7399858575871344
13203,0,0.005866385226034439
13204,0,0.7184397166892745
13205,1,0.7905442210816434
13206,1,0.43794073445456955
13207,1,0.12472804585031297
13208,0,0.007306449858277736
13209,0,0.010023812897956858
13210,1,0.8196150670140934
13211,0,0.0005791229689879015
13212,0,0.0006767009331233743
13213,0,0.14852167325269874
13214,0,0.03936494722253921
13215,0,0.02622581991877132
13216,0,0.045543520029416855
13217,0,0.5424031051406547
13218,0,0.05079804845613577
13219,0,0.3785318935601489
13220,0,0.14066103380363582
13221,0,0.0508958129891508
13222,0,0.22579697285935782
13223,0,0.0061894917830769185
13224,1,0.815957731136687
13225,0,0.08712124796523024
13226,0,2.2304232130146382e-05
13227,1,0.5888994351032206
13228,1,0.6157914307631366
13229,0,0.0023895155591507093
13230,0,0.03729040127900586
13231,0,3.888929870884007e-05
13232,0,0.17705431889779408
13233,0,0.013936891677845793
13234,1,0.8207023561283489
13235,1,0.8665620636419052
13236,0,0.025019564762274543
13237,0,0.6813351813302071
13238,0,0.038850649544173756
13239,0,0.02807801330080175
13240,0,0.04341206621026165
13241,0,0.10605275062827665
13242,0,0.5321382318876199
13243,1,0.6341625422284978
13244,0,0.36259522683940354
13245,0,0.16703604685588705
13246,0,0.004455829308266091
13247,0,0.05534594076659265
13248,0,0.0004130808664204717
13249,0,0.5434237781866669
13250,1,0.7508223240737366
13251,1,0.8384096755841497
13252,1,0.2339738198706256
13253,0,0.21088146154193962
13254,1,0.5347687131077972
13255,0,0.25564852902993385
13256,1,0.7261419542050481
13257,0,0.00302576556534515
13258,0,0.19207338141037877
13259,1,0.2937260701186264
13260,0,0.01351516958894209
13261,0,0.3457751948407208
13262,0,0.8177211682194556
13263,0,0.6497020073424894
13264,1,0.7735194523625435
13265,0,0.22808629004600597
13266,0,0.008787024652958886
13267,1,0.7552962820218558
13268,1,0.5988703912386495
13269,0,0.0020411594417009925
13270,0,0.24670747450572458
13271,0,0.03681320090810837
13272,0,0.0015329407944012162
13273,0,0.12850881368761014
13274,0,0.15306002686275835
13275,0,0.0005276150449086685
13276,0,0.006624153388564023
13277,0,0.5147827757804433
13278,0,0.03190554348939663
13279,0,0.44443682817247326
13280,0,0.642772056239846
13281,0,0.4989803633202261
13282,0,8.872196856013875e-06
13283,0,0.0020535888360693412
13284,0,0.0031372139374272402
13285,0,0.016169733826163542
13286,0,0.012621426152453387
13287,0,0.011496024603351798
13288,0,0.004185431646713189
13289,0,0.1177605581066578
13290,0,0.1712433468564229
13291,0,0.0033220440692038372
13292,1,0.8159240252143929
13293,0,0.15310313659221478
13294,0,0.000182435842283986
13295,0,0.008571571755752707
13296,0,0.007173690287424233
13297,1,0.7878285187551197
13298,0,0.08386306154765899
13299,0,0.011283970795264884
13300,0,0.00024027508422480253
13301,1,0.27430493245603393
13302,1,0.7743201173722557
13303,1,0.25012940549404955
13304,0,0.8449049185368951
13305,0,0.0003641986183335311
13306,0,0.1004197170592814
13307,0,0.13763966378764214
13308,0,0.0006563373814645382
13309,1,0.7554706173735561
13310,1,0.6921827845392442
13311,0,1.531827874006949e-18
13312,0,0.24552893709721554
13313,0,7.161824984943987e-05
13314,0,0.0005174857474474826
13315,1,0.7474889913070819
13316,0,0.1894141661126591
13317,0,0.0012008676051734931
13318,0,0.7189418321874418
13319,0,0.26623222778517874
13320,1,0.5919828772256057
13321,0,0.0023085849184948017
13322,0,0.0033632734587888623
13323,1,0.3434957962558872
13324,0,0.5780478197706573
13325,1,0.8248972918085427
13326,0,0.0018495276789561883
13327,1,0.43406016483663395
13328,1,0.7484937167506996
13329,0,0.08404733115859708
13330,0,0.07090457886182486
13331,0,0.0032197853890084103
13332,1,0.925885089008642
13333,0,0.00550334537465361
13334,0,0.05419176070616582
13335,0,0.5401677118442936
13336,0,0.04226376619918935
13337,0,0.015779772819569625
13338,1,0.40370225575393753
13339,0,0.0057984156274386
13340,0,0.026773088804273995
13341,0,0.00401167923408206
13342,0,0.0009527421850792729
13343,0,0.000391538046409748
13344,0,0.06364486362643967
13345,1,0.6436555183016953
13346,0,0.0001896678904763455
13347,0,0.08398400931476216
13348,0,0.13325151230247906
13349,0,0.027370721052568468
13350,0,0.052493227230838636
13351,0,0.04362744524600499
13352,0,0.06929727152869816
13353,0,0.08030778091187285
13354,0,0.08767455372246419
13355,0,0.007686603149582324
13356,0,0.05163738775637597
13357,1,0.802535679493491
13358,0,0.0013433058669863878
13359,0,0.024850201621651517
13360,0,0.0032710556216303515
13361,0,0.013815932619869187
13362,0,0.03085292086285478
13363,0,0.0005386538237251084
13364,0,0.032758899357135565
13365,0,0.06669155884221714
13366,1,0.775556302288756
13367,0,0.34277572159412184
13368,0,0.08238872927513427
13369,1,0.7197517583737781
13370,0,0.018997450633192612
13371,0,0.0037740821882655097
13372,0,0.07572419922277074
13373,0,0.00763360044299014
13374,1,0.6576599993711902
13375,0,0.048444363558760174
13376,0,0.18427694485452029
13377,0,0.00030419964648519855
13378,1,0.6169992408701505
13379,1,0.20268685336759873
13380,0,0.18749549346506914
13381,0,0.0047387507781935225
13382,0,0.42999884326227816
13383,1,0.7058226210008232
13384,0,0.006639194475772777
13385,0,0.6791916674248213
13386,0,0.44900820620884146
13387,0,0.005422211611537429
13388,0,0.0024216136462035095
13389,0,0.2304881841393734
13390,0,0.007323254633907384
13391,0,0.17947977875721388
13392,0,0.10425454277758789
13393,0,0.12873327114070254
13394,0,0.006035078329393901
13395,0,0.0010688713375109852
13396,1,0.26569695985484876
13397,0,0.004262755199283923
13398,0,0.0005215295888408967
13399,0,0.0060316090021244415
13400,0,0.0010808676245290874
13401,0,0.00980758561229788
13402,0,0.00041473273122384933
13403,0,0.3740271792884664
13404,1,0.7328563351610305
13405,0,0.6892655176133217
13406,0,0.11082455068035796
13407,0,0.07594019889392194
13408,0,0.6825947555514101
13409,0,0.014103702213385775
13410,0,0.0018393836474631829
13411,1,0.03704148289930325
13412,0,0.15409193163869714
13413,0,0.0025912176194460177
13414,0,0.01540270706009679
13415,1,0.6189229252627659
13416,1,0.9397627127556408
13417,0,0.022105872636549527
13418,1,0.14011081100432904
13419,0,0.04823386277656681
13420,0,0.27628480531504596
13421,0,0.6018756101320006
13422,0,0.011461968210674777
13423,0,0.016405184679337225
13424,0,0.2907787353963379
13425,1,0.9655656488416614
13426,0,0.0001976898583524059
13427,0,0.00091510061856172
13428,0,0.04975222030828503
13429,0,0.5403502386314614
13430,1,0.3880980029640872
13431,0,0.079142277064468
13432,1,0.2765014176181491
13433,0,0.003012807691701934
13434,1,0.37497737826613314
13435,0,0.06667430965977321
13436,0,0.5178860019585317
13437,1,0.123654911935259
13438,1,0.3063714668528465
13439,0,0.049327186458803206
13440,0,0.0543138111747673
13441,1,0.39848408145650044
13442,1,0.6043750751314886
13443,0,0.0025203147505551576
13444,0,0.6042503758205194
13445,0,0.10166931470555352
13446,0,0.08790134580600271
13447,0,0.0004917175306099106
13448,0,0.15086553213534432
13449,0,0.00030858241156771004
13450,1,0.6039300834058512
13451,0,0.003885192659738745
13452,0,0.36948740519065876
13453,0,0.006225693449968363
13454,0,0.13118730582065088
13455,0,0.0024104712490913755
13456,0,0.03267976386135277
13457,0,0.000905381235516742
13458,0,0.00011928512542125987
13459,1,0.7579662661163267
13460,0,0.0007857218113176417
13461,0,0.04078846268845173
13462,0,0.02672718610105877
13463,0,0.009524479623100886
13464,0,0.002053129868862018
13465,0,0.008153829203192315
13466,0,8.262037110068499e-05
13467,1,0.5718559251720515
13468,0,0.03687671401241245
13469,0,0.2916542194362387
13470,1,0.8331107298230284
13471,0,0.07943549977824874
13472,1,0.3988184736937649
13473,0,0.004298210201669687
13474,0,0.16003900404670868
13475,0,0.1104991067738162
13476,1,0.7770812863196555
13477,0,0.017976340166726227
13478,0,0.00019772023785648852
13479,0,6.516750067423301e-05
13480,0,0.0011637751270125532
13481,0,0.02239293065197838
13482,1,0.8409929705339096
13483,0,0.03685599807990798
13484,1,0.7862669867670335
13485,0,0.04856832502104551
13486,0,0.00506488317109828
13487,0,0.002231842980734492
13488,1,0.8358424540167341
13489,0,0.036199294528903775
13490,1,0.8089359861346352
13491,1,0.5969054861764477
13492,0,0.031486827933066376
13493,0,0.2368393813491384
13494,0,0.00038389755143298756
13495,0,0.03684419691960988
13496,0,0.25779001526609396
13497,0,0.011859889363748707
13498,0,0.03674441250032734
13499,0,0.11430136939240437
13500,0,0.004392949372348159
13501,0,0.07128657384095852
13502,0,0.21476719739975114
13503,1,0.5714555894109067
13504,0,0.3549353101165017
13505,0,0.0002245237396005358
13506,0,0.0003027216250116555
13507,0,0.03898243207890047
13508,0,0.023083418424128234
13509,1,0.7918583438321531
13510,0,2.9666494818807924e-05
13511,0,0.2779259734342886
13512,0,0.006042592006385006
13513,0,0.0011670892381418472
13514,1,0.8329001199699391
13515,0,0.3732015394825955
13516,1,0.8555595402949026
13517,0,0.5794446179897446
13518,0,0.01319788467712351
13519,0,0.0005211512988585834
13520,1,0.7655014020557686
13521,0,0.008636782927670542
13522,0,0.03268393475902478
13523,0,0.266912149733099
13524,0,0.22661281703612682
13525,0,0.1624719401608559
13526,0,0.10338072801656642
13527,0,0.24482051663236967
13528,1,0.8839882736438286
13529,0,0.09288198570799204
13530,1,0.6642421518473731
13531,0,0.11190996545611664
13532,0,0.00301524699416902
13533,1,0.3303183933351152
13534,0,0.05998758936556289
13535,1,0.09117279583141621
13536,1,0.4671638632323618
13537,1,0.5042562654160841
13538,0,0.02819830376260732
13539,1,0.6508795326830639
13540,0,0.003293334594933118
13541,0,0.5988917210271436
13542,0,0.5892651729951828
13543,0,0.024344135354758777
13544,0,0.09414485379642101
13545,0,0.2893040086074727
13546,0,0.003586645648940492
13547,0,0.026198146100325004
13548,0,0.0010870236928156325
13549,0,0.00649945418981819
13550,0,0.0032192147453578963
13551,0,0.19670259288185568
13552,0,0.020733874147371607
13553,0,0.5700533860185288
13554,0,0.00030069437081117767
13555,0,0.2826135660089485
13556,0,0.000466037876510337
13557,0,0.0027187329008353666
13558,0,0.002325203101277353
13559,0,0.06173003115991002
13560,0,0.00048726723329718246
13561,1,0.4089380553989866
13562,0,0.01946560090848835
13563,1,0.10917152447871947
13564,1,0.6144020137351746
13565,1,0.6987185478616561
13566,0,0.03709022242777603
13567,0,0.11571693009048283
13568,0,0.42617392577026464
13569,0,0.01531611008575023
13570,0,0.0008535472162446082
13571,0,0.02302354796793688
13572,0,0.000646206603424269
13573,0,0.18593155273015413
13574,0,0.19817814843422032
13575,1,0.6172069248803898
13576,0,0.003642241001718536
13577,0,0.16441426944790685
13578,1,0.13240958117585688
13579,0,0.019648798570497887
13580,0,0.0007103401705297215
13581,0,0.0940448785729786
13582,0,0.020240963123659163
13583,0,0.23453888924408753
13584,0,0.018752135375786187
13585,0,0.0005299868703559177
13586,1,0.3294005648533946
13587,0,0.22045019096491136
13588,1,0.6931516184251225
13589,1,0.719965827333942
13590,0,0.007154171367825383
13591,0,0.0015369722772011687
13592,0,0.012568648646122208
13593,0,0.0007700839368348491
13594,1,0.5875143029277824
13595,0,0.005856599823459904
13596,0,0.6750080046189577
13597,0,0.3647054999556211
13598,0,0.023720654577135937
13599,0,0.31262059731541597
13600,0,0.07254711916382785
13601,0,0.010899530043762947
13602,1,0.3791976051087658
13603,0,0.0009053822270940068
13604,0,0.028234704004269334
13605,0,0.19522660849612072
13606,0,0.006994446918896179
13607,0,0.003047517207554387
13608,0,0.2516648348021326
13609,0,0.0036326259393185635
13610,1,0.31198786671770146
13611,0,0.00030007807808778863
13612,0,6.427383223449064e-05
13613,1,0.9439881986413322
13614,0,0.019651632205515752
13615,1,0.46311353674386535
13616,0,0.11337501716204441
13617,0,0.0028504930849959165
13618,0,0.001578581466784283
13619,0,0.0023705812161425818
13620,1,0.426714785350121
13621,0,0.004030867554849757
13622,1,0.793304717943468
13623,0,0.0012661271478398726
13624,0,0.03175047836330461
13625,0,0.00012983260938795034
13626,0,0.10060563950008243
13627,0,0.24579913733665
13628,1,0.8362684363666495
13629,0,0.005771679241400273
13630,0,0.03228684763096174
13631,0,0.45729076568988597
13632,0,0.16193168719195342
13633,0,0.011651984272700464
13634,0,0.5910820726984152
13635,0,0.13787760580582364
13636,0,0.10379153166791359
13637,0,0.005684852184600545
13638,0,0.011935045272676447
13639,1,0.42119759101209736
13640,0,0.0006086492232636036
13641,0,0.0035774239061508637
13642,0,0.01675306170261718
13643,0,0.018984517038097577
13644,1,0.4091294097123055
13645,0,1.6162204968062952e-08
13646,0,0.001001013763729734
13647,0,0.03621296661937109
13648,1,0.6087717456728702
13649,0,0.0002375349477372645
13650,0,0.36387273018811933
13651,0,0.752357674181192
13652,0,0.019187849842435562
13653,0,0.021972217373921153
13654,0,3.317678691479926e-05
13655,1,0.28889611863991305
13656,0,0.08017633366122823
13657,0,0.008123214440410852
13658,0,0.01276252517599811
13659,0,0.10600591368261529
13660,0,0.026379834991187047
13661,0,0.0012627731198665618
13662,0,0.19168760350907216
13663,0,0.007007659318641461
13664,0,0.07719105627646776
13665,0,0.3897814921299628
13666,0,0.029564798538706628
13667,0,0.3344474262003033
13668,0,0.003325837658977057
13669,1,0.8868094614618799
13670,1,0.24560233434220086
13671,0,0.0004925240133295269
13672,1,0.24784503593244153
13673,0,0.005610123576865364
13674,0,0.010972703844544275
13675,0,0.018900923040907854
13676,0,0.0010848064290746046
13677,0,0.018986289852624412
13678,1,0.6252010450565065
13679,0,0.0017018369191725605
13680,0,0.029236290860747208
13681,0,0.44965067987011365
13682,0,0.22333154237609534
13683,0,0.07511807687192965
13684,1,0.7755972950098183
13685,0,0.005171675644806908
13686,1,0.0923864231161655
13687,1,0.1913526880621872
13688,0,0.3585442129026969
13689,0,0.0009249637950312095
13690,1,0.3354862916741092
13691,0,0.02499979126266998
13692,0,0.0002053281174466839
13693,1,0.20928191851153952
13694,0,0.012788325232119877
13695,1,0.7261240642550715
13696,0,0.0002730207075743881
13697,1,0.33943783375069314
13698,0,0.631001667403275
13699,1,0.5857543926330717
13700,0,0.23733128895319805
13701,0,0.6754268310166578
13702,0,0.2089214759673953
13703,0,0.0014472035093883377
13704,0,0.01526371506051045
13705,0,0.5823647992893207
13706,0,0.5081730565182309
13707,0,0.03736343872741027
13708,1,0.5513876975067381
13709,0,0.426528610379112
13710,1,0.8508918135176052
13711,1,0.07888723288301605
13712,0,0.16957374996412444
13713,0,0.14968013022522492
13714,0,0.00033773202029465017
13715,0,0.5858728337423776
13716,1,0.5722169544724724
13717,0,0.05585358827558094
13718,0,0.003899790050082613
13719,0,0.0012879063527463284
13720,0,0.017011519409064018
13721,0,0.0006753454296011451
13722,0,0.11833520757809331
13723,1,0.4394710539295155
13724,0,0.09537223877684571
13725,0,0.48152173617335864
13726,0,0.1746384572876005
13727,0,0.010194532232558427
13728,0,0.14125835901408076
13729,0,0.1297172008028576
13730,0,0.009495711342838676
13731,0,0.002698947181594167
13732,0,0.02339658264686961
13733,0,0.0005017109810931462
13734,1,0.8700815105351832
13735,0,3.743519648410792e-07
13736,0,0.0008580870384374083
13737,0,0.022675879917487644
13738,0,0.0560405664732697
13739,0,0.0010451890073613884
13740,0,2.349466435475734e-05
13741,0,0.05444890047635294
13742,1,0.7399076894055057
13743,0,0.00993938806330099
13744,0,0.3870594976740796
13745,0,0.03962363185484056
13746,0,0.08164723434748668
13747,0,0.037392124393467306
13748,0,0.030976395753156253
13749,0,0.004056938950932022
13750,0,0.46867493498881974
13751,0,0.7414345542031787
13752,0,0.2192820660457236
13753,0,0.309349152029137
13754,0,0.24378311969033245
13755,1,0.5478799340925644
13756,0,0.2762630007356699
13757,0,0.05709556422912792
13758,0,0.11294264059102786
13759,1,0.7134417385993933
13760,1,0.5998074846461761
13761,0,0.0285800129429301
13762,1,0.3446201439091504
13763,1,0.7932932216244463
13764,1,0.11044459121237736
13765,0,0.22224753107993814
13766,0,0.08333545504063929
13767,1,0.611753484700401
13768,0,0.010783048441245419
13769,0,0.0009107731986714598
13770,0,0.0009701292240141896
13771,0,0.00445504536324751
13772,0,0.0005124368372208092
13773,0,0.05405034695365514
13774,0,0.1420671252266818
13775,0,0.18420673849286395
13776,1,0.862471712539612
13777,1,0.1733773604225841
13778,0,0.01870928390996028
13779,0,3.182226991069959e-06
13780,0,0.004659910388144212
13781,0,0.8459803405071743
13782,1,0.7026075406241351
13783,0,0.0004894113185455935
13784,0,0.13910422201486194
13785,0,0.0714111456277683
13786,0,0.28822352050605354
13787,0,0.10690341205398293
13788,0,0.006576492121577902
13789,0,0.004109960857376593
13790,0,0.0028815674476045613
13791,0,0.01555778614778312
13792,0,0.12471910247209772
13793,0,0.3523843704357291
13794,0,0.5173301102080754
13795,0,0.0021697441786077717
13796,0,0.03027361423795411
13797,1,0.7846491634947779
13798,0,0.08651671715959246
13799,1,0.6930621855940696
13800,0,0.01191981878420232
13801,0,0.10596112848770164
13802,0,0.00033762263607383275
13803,0,0.0010385140125888895
13804,0,0.1348999577367419
13805,0,0.0006881379616502079
13806,1,0.8767035210463617
13807,0,0.0019029718536167628
13808,0,0.18202060619257765
13809,1,0.07019954296558872
13810,0,0.18167269974308367
13811,1,0.7569852352733506
13812,0,0.08076273844673823
13813,0,0.0008528681277043597
13814,0,0.005311348073308293
13815,0,0.02675941264576246
13816,0,0.12093156408943044
13817,0,5.518764626606454e-05
13818,1,0.9213229927859273
13819,0,0.6855677542729653
13820,0,0.0025428828836060262
13821,0,0.13557369443111816
13822,1,0.6011130444702149
13823,0,0.1079251371609013
13824,0,0.030769873440996312
13825,0,0.06633468332605187
13826,0,0.4825375765594721
13827,0,0.361764886313663
13828,1,0.49347842190269403
13829,0,0.13269917123566657
13830,1,0.36227309812249553
13831,0,0.3802113171016074
13832,0,0.06571813675114653
13833,0,0.0026427285308419455
13834,0,0.049763865425629265
13835,0,0.10774964883666326
13836,1,0.327401986138313
13837,0,0.016135152260256448
13838,0,0.0007424133977614985
13839,0,0.5133206578461934
13840,0,1.1497587796209406e-05
13841,0,6.485165997581966e-05
13842,1,0.7097400244933628
13843,1,0.7826945391002176
13844,1,0.6643120938355731
13845,0,0.04727879325296083
13846,0,0.40292355315143336
13847,0,0.5528128743681857
13848,0,0.04842007084583036
13849,0,0.07260158429838649
13850,0,0.06879945329768396
13851,0,0.13411917565307407
13852,0,0.017606819649825894
13853,0,0.5210143113945679
13854,1,0.28754019655028107
13855,0,0.07433540382229427
13856,0,0.04183405099466381
13857,0,0.09070799574016325
13858,0,0.0016166674767477821
13859,0,0.09827437185065864
13860,0,0.04736896051745945
13861,0,0.28572478944585694
13862,0,0.6150604931186668
13863,0,0.007425290073917614
13864,0,0.274864904003144
13865,0,0.03501708870484492
13866,1,0.8065184738498588
13867,1,0.8974635692975973
13868,0,0.0027404662681310846
13869,0,0.46629528315039975
13870,0,0.00012960425293607097
13871,0,0.5235541030110852
13872,1,0.2489436545243988
13873,0,0.7234678471523625
13874,0,0.0006140582458580618
13875,1,0.340081259451847
13876,0,0.00081450444310757
13877,0,0.015611554821061671
13878,0,0.0011861021523040419
13879,0,0.0007186462614379004
13880,0,0.055993741100799556
13881,0,0.46122179004589475
13882,0,0.01634507242138785
13883,1,0.8693247084979516
13884,0,0.050631115341928476
13885,1,0.554125568015643
13886,0,0.0028880573583125123
13887,1,0.8820750059267918
13888,0,0.05294367474447293
13889,0,0.000735310787506555
13890,0,0.05626689927396066
13891,0,0.7910009788629551
13892,0,0.0003576831142879363
13893,0,0.00011454583177421669
13894,0,0.6121614276471856
13895,0,0.0003015598433924222
13896,0,0.0003787917385116482
13897,0,0.004876224518636848
13898,0,0.008078229147433266
13899,0,0.3940321603368323
13900,0,0.0317964806235745
13901,0,0.0002082122399887476
13902,1,0.45193228977286065
13903,0,0.28705094081090093
13904,0,0.01953769938641193
13905,1,0.249331348925319
13906,0,0.05842810867421307
13907,0,0.032431059051673795
13908,0,0.09254475041448451
13909,0,0.007078437164728257
13910,0,0.02382592773755122
13911,1,0.8550145615629441
13912,0,1.801305882757942e-05
13913,0,0.03233799743435299
13914,0,0.04572256000920761
13915,0,0.0312809469547324
13916,1,0.2594253643337591
13917,0,0.09545588139327489
13918,0,0.0013495308041298001
13919,0,0.5268525428321376
13920,0,2.5448043600409942e-05
13921,1,0.7121673346069414
13922,0,0.005561160618213021
13923,0,0.14851244380064654
13924,0,0.4549632262437222
13925,0,0.006372340917941279
13926,0,0.014604057867716333
13927,0,0.19034344420351454
13928,0,8.022728969358122e-05
13929,0,0.38151868404463674
13930,1,0.2513685940096659
13931,0,0.27820140804584587
13932,0,0.18831721085009787
13933,0,0.018020148530451956
13934,0,0.07601041640891694
13935,0,0.09572120832336191
13936,0,0.008757979739953348
13937,1,0.31546741723803773
13938,0,0.5679782996870057
13939,0,0.00026444441787186533
13940,0,0.004362937233790775
13941,0,0.08526152328415827
13942,1,0.05809185258738645
13943,0,0.013265243653261637
13944,0,0.11411639541942009
13945,0,0.13648375430075874
13946,0,0.4595291129100497
13947,0,0.009993519590149087
13948,0,0.05002714372446196
13949,0,0.06087938763413209
13950,0,0.00689242179101133
13951,0,1.8764242287867522e-05
13952,1,0.2054557952924311
13953,0,0.0008618633840071593
13954,0,0.0015927036961187672
13955,1,0.5453065357570035
13956,0,0.019173795150192574
13957,0,0.10892405988751377
13958,0,0.28366833410355025
13959,0,0.0014454549687934258
13960,0,0.0771372361665937
13961,1,0.5082347422057694
13962,0,0.009030338298100859
13963,0,0.05730304221588263
13964,0,0.771452706665909
13965,0,0.04253681241116084
13966,0,0.8107820864468593
13967,1,0.588539978764061
13968,1,0.8257577069216687
13969,0,0.22916333156636196
13970,0,0.0008230273585679395
13971,1,0.39769893015259306
13972,0,0.00016063980006529677
13973,0,0.1356398203429859
13974,1,0.21503761965179272
13975,0,0.002365864701550039
13976,0,0.003371292565756964
13977,0,0.06045216484204133
13978,0,0.05723518995590749
13979,0,0.4064286022463146
13980,0,0.42463143435047623
13981,0,0.007148959602920185
13982,1,0.5208854236701723
13983,1,0.7341868260682297
13984,0,0.01107924909436676
13985,0,0.3500299592643468
13986,0,0.006073712488411902
13987,1,0.7585822867157924
13988,0,0.13552217092501065
13989,0,0.0007073082834435258
13990,1,0.8041383078436327
13991,0,0.40117528485607085
13992,0,0.5643611253272312
13993,0,0.03300247966386183
13994,0,0.002318215906699002
13995,0,0.00022528554216011117
13996,0,0.0638760875727902
13997,0,0.1806135288716144
13998,0,0.012890145352009903
13999,0,0.2571197426645027
14000,1,0.9377226144375764
14001,1,0.5072734152778154
14002,0,0.2878400145344918
14003,0,0.0008006914874628228
14004,0,0.0011511986111160204
14005,0,0.01572433539401499
14006,1,0.6649171120309102
14007,0,0.0024683155178253334
14008,0,0.0009429273623836896
14009,0,0.008062397815948702
14010,1,0.4284788049496237
14011,0,0.09060640763465672
14012,0,0.24393188117979261
14013,1,0.7045451694970715
14014,0,0.0026277512367146373
14015,0,0.00869195518834331
14016,1,0.7526214441053131
14017,1,0.4119810524885429
14018,0,0.7130778087897159
14019,0,0.0010759847449983242
14020,0,0.07005221448654635
14021,0,0.5385182306228188
14022,1,0.623235780267731
14023,0,0.3482483977829091
14024,0,0.11188453247666773
14025,0,0.008654001185835503
14026,0,0.0017420388937139705
14027,0,0.010087104084640343
14028,1,0.4901384424946147
14029,1,0.36512984854286684
14030,0,0.051496982828346166
14031,0,0.1483328042719236
14032,0,0.0003976609646741254
14033,0,0.0002940949739322306
14034,0,0.0007497924745093294
14035,0,0.004365074039282596
14036,0,0.0011859793365383293
14037,0,0.4914581138028593
14038,1,0.6674248971392399
14039,0,0.023998538937302416
14040,1,0.3221070884298073
14041,0,0.011746843990327974
14042,0,0.008572550071720881
14043,0,0.006311803749109118
14044,1,0.3772613337814514
14045,0,0.004202992709231954
14046,0,0.576969597385351
14047,0,0.004218737514545929
14048,1,0.6672036129249854
14049,0,0.1524244700660544
14050,0,0.32257142789540844
14051,0,0.06028495257417413
14052,1,0.733310332580521
14053,0,0.23706239768906323
14054,0,0.0008451648745394268
14055,0,0.0019884102975993383
14056,1,0.8175976225798941
14057,0,0.3560541899772011
14058,0,0.011167328690049614
14059,0,0.0002415415332685842
14060,0,0.060965350199902756
14061,0,0.0005508581695635329
14062,1,0.7737154227800382
14063,0,0.1734759363103184
14064,0,0.10873038450890193
14065,0,0.17303128903434864
14066,0,0.0003196911408742123
14067,0,0.003974135615168391
14068,0,0.14828053218998666
14069,0,0.9021291954443483
14070,1,0.6732141029403755
14071,0,0.10551835237750541
14072,1,0.9071185881005588
14073,0,0.14028772952244448
14074,1,0.7666297789763159
14075,0,0.0005081489316708511
14076,0,0.14094579149356967
14077,1,0.3832002311646443
14078,0,0.009454272648564913
14079,1,0.9311950402574908
14080,1,0.5809064977456586
14081,0,0.0427612886184042
14082,0,0.2845936346349194
14083,0,0.0018469991843392268
14084,0,0.6896741151328607
14085,0,0.007643532413908692
14086,0,0.09169494067744761
14087,1,0.6312901404515694
14088,1,0.5304240896694703
14089,0,0.6225288802094071
14090,0,0.03932603177107097
14091,0,0.03567069359975376
14092,1,0.11853623562702324
14093,0,0.0036811055754984367
14094,0,0.005796403534068646
14095,1,0.7028678953520108
14096,0,0.07685283509148566
14097,0,0.03381325671424277
14098,0,0.001106532430915838
14099,0,0.16685169615836862
14100,1,0.7398580648937545
14101,0,0.3865185704999418
14102,0,0.0002476775266549227
14103,0,0.0011441128845511488
14104,0,0.005759539145640354
14105,1,0.851541979964234
14106,1,0.7880875496860736
14107,0,0.0017030393797780295
14108,0,0.015179344654128181
14109,0,0.000671677121993039
14110,1,0.5145012088866975
14111,0,0.08406703624897467
14112,0,0.03999773687140428
14113,0,0.0006910905081917388
14114,1,0.0893686760248903
14115,1,0.2912160326091997
14116,0,0.0011720153264234787
14117,0,0.005719311191582932
14118,1,0.5630172762418915
14119,0,0.002870596594080083
14120,0,0.000274197029894255
14121,0,0.0023026856897426715
14122,0,0.00010635423132372029
14123,0,0.007612763159225198
14124,1,0.33391322127968165
14125,0,0.738506204293529
14126,0,0.5324703722639134
14127,1,0.3074269189851412
14128,0,0.00037382988546266364
14129,0,0.3465136271652539
14130,0,0.0006818503753913428
14131,0,0.009289202241169985
14132,0,0.02109345894071661
14133,1,0.6036903895172294
14134,0,0.0005857210205894145
14135,0,0.08678429159036542
14136,0,0.2599390883280928
14137,0,0.0001435387816429943
14138,0,0.48006234250256485
14139,0,0.428452290684564
14140,0,0.5968911137325394
14141,1,0.31106472419991665
14142,0,0.012014101747491257
14143,0,0.217214093285179
14144,1,0.126239030249323
14145,0,0.025493034905178912
14146,0,0.11734125142842773
14147,0,0.0012299806748958422
14148,1,0.5787114677695835
14149,1,0.5380022553381376
14150,1,0.8342832499209787
14151,0,0.3675615210077754
14152,0,0.011751938173424525
14153,0,0.0015991061558801275
14154,0,0.006650154072292832
14155,0,0.00148282151397892
14156,0,0.00968212083069648
14157,0,0.0008499841032032373
14158,0,0.038519336958500336
14159,0,0.7312956875043082
14160,0,0.03429445242931764
14161,0,0.33985363746471015
14162,0,0.028089745574486635
14163,0,0.3969368227979617
14164,1,0.458653666611992
14165,0,0.013146925273104636
14166,1,0.08344866794800045
14167,1,0.40357729243159185
14168,1,0.41945687345071886
14169,0,1.9265154413148005e-05
14170,0,0.009641527789272323
14171,1,0.882676056722068
14172,0,0.0006447506505536028
14173,0,0.12039081865353395
14174,0,0.002120310317637298
14175,0,0.025624870186128128
14176,0,0.05650409398297465
14177,1,0.654768097926154
14178,0,0.04293890739176748
14179,0,0.02843060243398494
14180,0,0.001901308833076898
14181,0,0.0168883176553413
14182,1,0.5675877745553011
14183,0,0.019861273206739236
14184,1,0.8382151903429775
14185,0,0.12924913887327732
14186,0,0.11407055681185431
14187,0,0.11630107136846396
14188,0,0.00025636532823151964
14189,0,0.2570763295214417
14190,0,0.7158803274761564
14191,0,3.44390287773683e-05
14192,1,0.839045022773405
14193,0,0.16070671067286338
14194,0,0.006755995728985026
14195,1,0.7346552384188914
14196,1,0.6364179251471362
14197,0,0.087493809456989
14198,1,0.6688294235568517
14199,1,0.20698903920030154
14200,0,0.056795480135498705
14201,1,0.7202758266978116
14202,0,0.012460625310271726
14203,0,0.031920057238479196
14204,0,0.12074957410074742
14205,0,0.002143502928382861
14206,0,0.0007834699849784349
14207,0,4.1309565189075305e-06
14208,0,0.0008009512378920599
14209,0,0.0022072126802992536
14210,0,0.03944489456718051
14211,0,0.33975016085301935
14212,1,0.6290566834845148
14213,0,0.0515519341884482
14214,0,0.19098112935773526
14215,0,0.016238596220979507
14216,0,0.00016107472256270355
14217,0,0.0015382867502529596
14218,0,0.0064676333704565036
14219,0,0.0008789724585616973
14220,0,0.000286677709768037
14221,0,0.02587062399113487
14222,0,4.872997367853447e-05
14223,1,0.7305846344815562
14224,1,0.7682991397766024
14225,0,0.09525344790389591
14226,0,0.28855775681336654
14227,1,0.06653076580944599
14228,0,0.819688998329702
14229,0,0.0011616650104711416
14230,0,0.11726878566796853
14231,1,0.3590551149749213
14232,0,0.8427666317212832
14233,0,0.00026139986057631203
14234,1,0.3721465096039432
14235,0,3.7880604736331035e-05
14236,1,0.6781141981031805
14237,0,0.546193729991153
14238,1,0.8174107940665297
14239,0,0.0035909666943106126
14240,1,0.7461383554084626
14241,0,0.12591382757560338
14242,1,0.1874937295040336
14243,0,0.001089074678164184
14244,0,0.6684408523674966
14245,0,0.5855964250391341
14246,0,0.0038905097064049
14247,0,0.02960980370691532
14248,0,0.0035748577899891456
14249,1,0.5494027834604621
14250,1,0.5928280307640248
14251,0,0.021458777969154273
14252,0,0.2619900960951564
14253,0,0.0098606279147718
14254,0,0.08288092892798497
14255,0,0.00032085804823256213
14256,0,0.07527247415016873
14257,1,0.7513169927339236
14258,0,0.47778285244947566
14259,1,0.9330212319175573
14260,0,0.013849020943678545
14261,0,0.09241794982197325
14262,0,0.018715704419435628
14263,0,0.0002059214327266435
14264,0,0.9135037306456589
14265,0,0.09185836810201803
14266,0,0.015141327733408401
14267,0,0.009068080626241511
14268,0,0.004427165538366953
14269,0,0.1799240823768742
14270,0,0.017585642662079876
14271,0,0.3127976329226183
14272,0,0.11937732458756413
14273,0,0.0024925173258308554
14274,0,0.022821887261511294
14275,0,0.017603389745226388
14276,0,0.013112624925257254
14277,1,0.09260855177414196
14278,0,0.37863642161665634
14279,0,0.02071562453390937
14280,0,0.010406912333289556
14281,0,0.08939466930522957
14282,0,0.06707083189562797
14283,0,0.026093433101479713
14284,0,0.1248841591479746
14285,1,0.029511469208647646
14286,0,0.05572705077676538
14287,0,0.0025628991296810124
14288,1,0.5650871990232557
14289,0,0.08343377763136182
14290,0,0.10052461403942745
14291,0,0.018576111605012807
14292,0,0.22723380241825913
14293,1,0.24810387409291124
14294,0,0.3442332673456808
14295,0,0.05126317777823849
14296,0,0.3702632265621594
14297,0,0.002393481326040029
14298,1,0.7038889506300425
14299,0,0.05025577579948403
14300,1,0.5330438854295044
14301,0,0.004708413804096941
14302,0,0.0006985637485754935
14303,1,0.2528275238101439
14304,0,3.7942035868749164e-05
14305,0,0.21021680624068687
14306,0,0.006501820555838655
14307,1,0.7884633337681128
14308,0,0.3266818012994474
14309,1,0.12517511891282113
14310,1,0.8503611585584052
14311,0,0.0034257137084442706
14312,0,0.016988191502663366
14313,0,0.00537073294170307
14314,0,0.04550105427231646
14315,0,0.036846299207317953
14316,0,0.012667819692215667
14317,1,0.7063422207736146
14318,0,0.07111550452985987
14319,0,0.0225810136245286
14320,1,0.7847878028377067
14321,0,0.003181524884151654
14322,0,0.7935667581652105
14323,0,0.0003058316132657806
14324,1,0.7497412999348958
14325,0,0.46183075190200457
14326,0,0.013909111719489333
14327,0,0.006626102344104652
14328,1,0.8959596115250957
14329,0,0.18393221739544124
14330,1,0.2618570766073754
14331,0,0.34119461127479245
14332,0,0.5911073137086372
14333,0,0.02096900902899772
14334,0,0.0030679177119298595
14335,0,0.001690453910621702
14336,0,0.2868343827461627
14337,0,0.023435348396636704
14338,0,0.49518028950382287
14339,0,0.03547338014342313
14340,0,0.03594636436194462
14341,0,0.12793935768175158
14342,0,0.11799962298068205
14343,0,0.07564537644896435
14344,0,0.05146412811741896
14345,0,0.08945563680347075
14346,0,0.3211664123191064
14347,0,0.020989691945470543
14348,1,0.696160346928914
14349,0,0.00027291676201996796
14350,0,0.009026793917103149
14351,0,0.00044458768531754585
14352,0,0.027659230198109723
14353,0,0.0024078358572908964
14354,0,0.0003266324838374348
14355,0,0.004623816769218692
14356,0,0.01883868642321621
14357,0,0.002124439237186883
14358,0,0.0002898308852330793
14359,0,0.020755313943753777
14360,1,0.542001322198581
14361,0,0.1958077650795998
14362,0,4.489425353142305e-05
14363,0,0.005181899590963471
14364,0,0.04695119198735213
14365,1,0.5381703703853298
14366,1,0.3392680186543089
14367,0,0.0017469534380080132
14368,1,0.8223297083871661
14369,0,0.0382992071617473
14370,0,0.0007824575425980928
14371,0,0.7518954090356647
14372,0,0.0005010463578693054
14373,0,0.14630847993544346
14374,0,0.03179077203238333
14375,1,0.5297965547818455
14376,0,0.19813249823772158
14377,1,0.7007957420910066
14378,1,0.8034203987738484
14379,0,0.01199100510818661
14380,0,0.052399274069519296
14381,0,0.11402116083725772
14382,1,0.2836733994128298
14383,0,0.06244155725473527
14384,0,0.005023734586682185
14385,0,0.2678427474595032
14386,1,0.5586224812340186
14387,0,0.09825764166402182
14388,0,0.0004733322006455511
14389,1,0.26800810126958086
14390,0,0.004870012303625161
14391,0,0.0001488672920674305
14392,0,0.0010664836538293026
14393,0,0.006373228836197403
14394,0,0.0026073002575748134
14395,0,0.39218998958642304
14396,0,0.057483718913414965
14397,0,0.5447824967765315
14398,0,0.0001830496978188188
14399,1,0.7828114033037268
14400,0,0.006106111547094267
14401,1,0.8629259012191995
14402,1,0.45460781118582766
14403,0,0.011594243440469422
14404,0,0.1555780201591249
14405,0,0.031114130485004388
14406,0,0.028058908514135585
14407,0,0.004946355260249156
14408,0,0.10815066300210173
14409,0,0.06499784778012901
14410,0,0.004240601270243677
14411,1,0.5800022568514863
14412,1,0.8378827717266154
14413,1,0.03310825983829166
14414,0,0.002512640172781508
14415,1,0.5342585678176183
14416,0,0.1423132982131501
14417,0,0.003838663229636065
14418,1,0.8773768740046813
14419,0,0.0703990170966569
14420,1,0.8054974038406536
14421,0,0.003348731662394628
14422,0,0.0067523117570694405
14423,1,0.5971222189070179
14424,0,0.2435521741951179
14425,0,0.01596980063571959
14426,1,0.12832707394611328
14427,1,0.7697221890994808
14428,1,0.6040729348327809
14429,0,0.03926668827202812
14430,1,0.4546290321013076
14431,0,0.00028835127850757313
14432,0,0.062054509646167266
14433,0,0.6883135530567208
14434,1,0.5438843154201515
14435,0,0.07262671347370603
14436,0,0.0003315597990220839
14437,0,0.023769301129443695
14438,0,0.00018666967774713168
14439,0,0.0021645265191199453
14440,0,0.0036942551025194166
14441,0,0.0030628226549781505
14442,0,0.49436425340144485
14443,0,0.5779637578549759
14444,0,0.0026281012769110955
14445,1,0.7876741157450792
14446,0,0.00021895762464228553
14447,0,1.6615919240959409e-09
14448,0,0.0016272607152842161
14449,0,0.002050516991742171
14450,0,0.3661645372962891
14451,0,0.02204385649063549
14452,0,0.0021861569450666997
14453,0,0.0111752556230552
14454,0,0.08388999545790489
14455,1,0.47161395715276727
14456,0,0.10819153161547192
14457,0,0.03795665834662611
14458,1,0.5254927011324537
14459,0,0.0005189869382088874
14460,0,0.008496121583226454
14461,0,0.0017601692920353948
14462,0,0.07367002669711398
14463,0,0.37813962633384535
14464,0,0.49575328919633616
14465,0,3.771353446692929e-05
14466,0,0.03297704310265264
14467,1,0.619390902943673
14468,0,0.00924071458069319
14469,0,0.6447220676862804
14470,0,0.055790353430973424
14471,1,0.681171879709594
14472,0,0.027285450354287907
14473,0,0.007258935056288311
14474,0,0.051267139561985656
14475,0,0.011498661374619162
14476,0,0.0010644328581876222
14477,0,0.013951700868093938
14478,0,0.0020865322702332293
14479,0,0.2555757547635531
14480,0,0.0013959361486671363
14481,1,0.6655477455390949
14482,1,0.7921290798316256
14483,0,0.2726118496299554
14484,0,0.4922282559029021
14485,0,0.04562963183262053
14486,0,0.005531404339337475
14487,0,0.017019209273291046
14488,0,0.5758060305305261
14489,0,0.4430403443152932
14490,0,0.034951384466921705
14491,0,0.0072723734916465225
14492,1,0.8793534018146327
14493,1,0.8471949702462741
14494,1,0.2995656197127371
14495,0,0.7028468250506632
14496,0,0.004212645644337591
14497,0,0.13001382989677496
14498,0,0.4569273847474824
14499,0,0.024980417595002524
14500,0,0.22181053893509547
14501,0,0.0011489897302907471
14502,0,0.09962739702437273
14503,0,0.3960384888715696
14504,0,0.2626913045415935
14505,0,0.018220249817171717
14506,0,2.8473622495408304e-07
14507,0,0.0034248630122687344
14508,1,0.8409733938731474
14509,0,0.15144244907967833
14510,0,0.0033932055198228764
14511,0,0.0007176483909192506
14512,0,0.014808098214241425
14513,0,0.004671705079601158
14514,1,0.5598339433217898
14515,1,0.7126816456697721
14516,1,0.5159628484822963
14517,1,0.07019433211693345
14518,0,0.3715349075652045
14519,0,0.0334254759997931
14520,0,0.0038808434060692513
14521,0,0.008460069146580632
14522,0,0.0005724041968479686
14523,1,0.8535997718508924
14524,0,0.009392773682655889
14525,1,0.7543264328587501
14526,1,0.6923758956853738
14527,1,0.7074806371498575
14528,0,0.04398402112651417
14529,0,0.0560763760558592
14530,1,0.6806126056014917
14531,0,0.216863677117826
14532,1,0.06560211447605438
14533,0,0.07777292527440686
14534,0,1.6320387851507495e-05
14535,0,0.0022917077761657424
14536,0,0.002186496072259126
14537,0,0.0008763354827626768
14538,0,0.7777943815285908
14539,0,0.025097340551545503
14540,0,0.005566592102149216
14541,0,0.000998226724176552
14542,1,0.16319901681271926
14543,0,0.028877588790584767
14544,0,0.10120326752991754
14545,0,0.3618817461297771
14546,0,1.5929774788041655e-06
14547,0,0.06872385808314692
14548,0,0.012938196452861499
14549,0,0.18413006134947782
14550,1,0.5881751553778514
14551,0,0.027336835659240853
14552,1,0.40933619191933707
14553,0,0.0036949881880612213
14554,0,0.01816559094701494
14555,0,0.3495775735897819
14556,0,0.024435575874295457
14557,0,0.2239649791802889
14558,1,0.7463339331635502
14559,0,0.4132659131011836
14560,0,0.44043207319128563
14561,0,9.186826576809602e-05
14562,0,2.4314473079159483e-05
14563,0,0.0018398160496526576
14564,0,0.10076459233716871
14565,0,0.005435223879189521
14566,0,0.035368406781832756
14567,1,0.865148440274522
14568,1,0.36797412650678435
14569,0,0.40642528443740966
14570,0,0.3171471065592222
14571,0,0.001893794949610906
14572,0,0.04263492024818551
14573,0,0.0161407293427805
14574,0,0.012373131455071996
14575,1,0.40351091566124225
14576,0,0.0014903649410741996
14577,1,0.8418432441276144
14578,0,0.008727554391912149
14579,0,0.7521084801780432
14580,0,0.23731183673304693
14581,0,0.7803450597371283
14582,1,0.10086360154182943
14583,1,0.7624064779633766
14584,0,0.1467479295883995
14585,1,0.4707538240756511
14586,0,0.10478785966532356
14587,0,0.004515515492916846
14588,0,0.029159312674965382
14589,0,0.049460727384045486
14590,0,0.5434342697045439
14591,0,0.004755060206615141
14592,0,0.020146846524984875
14593,0,0.40298414462863386
14594,0,0.14679816628522094
14595,0,0.024231563680975735
14596,0,0.0013738013889703785
14597,0,0.012550019335911638
14598,1,0.09417268658683187
14599,0,0.004201526090467726
14600,0,0.00010494881900742324
14601,0,2.3567287773903258e-05
14602,0,0.03227525376404646
14603,1,0.43676698337635317
14604,1,0.3087979908942976
14605,0,0.22900963516461212
14606,0,0.0038114053699749404
14607,0,0.07603013923283168
14608,0,0.0051336886405940595
14609,0,0.07917409590058394
14610,0,0.19688127233439134
14611,0,0.0029110358242380317
14612,1,0.8433795199370753
14613,0,0.3132114287264065
14614,0,0.000697173266702872
14615,1,0.9330888250485864
14616,0,0.003760190368445143
14617,0,0.0009997574814744838
14618,1,0.44432511876435166
14619,0,0.07720605264756228
14620,1,0.8861793272152761
14621,0,0.00029973856317128724
14622,0,0.058322613876786666
14623,0,0.003103942389400898
14624,0,0.043876943657269456
14625,0,0.002259951893367032
14626,0,0.0078502497763001
14627,1,0.7061490070824159
14628,0,0.02142937723259375
14629,0,0.1812221936308053
14630,0,0.0009070366566323855
14631,0,0.009974719252827502
14632,0,0.015004541508782606
14633,0,0.05310943749450187
14634,0,0.329238225462039
14635,0,0.01836787707804829
14636,0,0.03879586194656851
14637,0,0.67174911596327
14638,0,0.006365985036550715
14639,0,0.23301224213565358
14640,0,0.0030709021129268657
14641,0,0.016595850016608762
14642,0,0.0007638810526270341
14643,0,0.4196012475561184
14644,0,0.007370408364367114
14645,0,0.26311432210072155
14646,0,0.006757196714016374
14647,0,0.8398782447515385
14648,1,0.9214028888212331
14649,0,0.005474880522395062
14650,0,0.05328641720094068
14651,0,0.012725025794926606
14652,0,0.17471642809449
14653,0,0.01879542214813488
14654,0,0.004900821427018862
14655,0,0.01025073983895635
14656,0,0.030067941132233707
14657,0,0.0285647520213089
14658,0,0.06463400080083236
14659,1,0.7647586183943194
14660,0,0.030592637319380868
14661,0,0.31920129879383613
14662,0,0.010956506193841068
14663,1,0.8038973100777558
14664,0,0.008730763150102688
14665,0,0.12185398080462123
14666,1,0.9042280787551454
14667,0,0.05297123498238578
14668,1,0.3715759674602371
14669,0,0.0428724907853068
14670,1,0.10843273771299945
14671,0,0.030649675524385436
14672,1,0.31135935855321883
14673,0,0.004395729132628837
14674,1,0.24106288425718927
14675,0,0.02792380489206429
14676,0,0.06799676156914726
14677,0,0.00581074209835488
14678,0,0.014366114510982483
14679,0,0.007548528162232393
14680,0,0.001979167041587412
14681,0,0.23451757917738608
14682,1,0.7363268638344602
14683,0,0.0007494406012488337
14684,0,0.0779716641487673
14685,0,0.031994547574527715
14686,0,0.0024112010076312814
14687,0,0.005545901773863611
14688,0,0.349978478271272
14689,0,0.0003399581221841898
14690,1,0.42138320020613973
14691,1,0.28399022294033893
14692,1,0.8644921398440952
14693,0,0.1623059143070865
14694,0,0.1786087725869315
14695,0,0.09331137829205516
14696,0,0.08316105626381418
14697,0,0.20683985425471624
14698,1,0.2960665079214461
14699,1,0.005228701147444457
14700,0,0.09548976786732097
14701,1,0.7738575993669197
14702,0,0.003488290915084188
14703,0,0.2699658536221427
14704,0,0.005558375552550646
14705,0,0.07477926201360244
14706,0,0.00011838733790968941
14707,0,0.01818485734945219
14708,0,0.0007014537565270719
14709,0,0.012526461368904116
14710,1,0.4326158869089197
14711,0,0.009119815800557996
14712,1,0.7222556120800757
14713,1,0.8445005853022154
14714,1,0.7773998794771795
14715,1,0.5669554526906724
14716,0,0.05380199007210466
14717,0,0.0013466845455276859
14718,1,0.23730282602859573
14719,0,0.6143173324755075
14720,0,0.00473318055545975
14721,0,0.019934112082085283
14722,0,0.0036388304088092937
14723,0,0.12710817343419745
14724,0,0.16869759666232728
14725,0,0.03714338786439608
14726,0,0.11977349203748056
14727,0,0.015733040658206965
14728,1,0.6105384793296122
14729,0,0.00894146876245869
14730,0,0.19784698328854414
14731,0,0.00535591149367188
14732,1,0.35277800497238015
14733,0,0.06189944575692835
14734,0,0.00262476323866937
14735,0,0.13209095358443954
14736,1,0.6685170479853209
14737,0,0.0009308635522459777
14738,1,0.47806497959828026
14739,0,0.00170568322059962
14740,0,0.097625246292687
14741,1,0.7556250434589159
14742,0,0.004703689000544281
14743,0,0.02902406275819499
14744,1,0.5524276412969481
14745,0,3.0296719945723944e-05
14746,1,0.8579738825794098
14747,0,0.0861622220192733
14748,0,0.004812296619532315
14749,0,0.013414288342184033
14750,0,0.0013492906047706773
14751,0,3.410054888769339e-05
14752,0,0.013735564737569256
14753,0,0.3859181164857075
14754,0,0.009777447063761114
14755,0,0.06676891064289553
14756,0,0.12101619853908838
14757,0,0.0012601776360584584
14758,1,0.6612050950642819
14759,0,0.054413785903570565
14760,0,0.09972801252766525
14761,0,0.13672206229539874
14762,0,0.3436876858243632
14763,0,0.00092421237614623
14764,1,0.3647854277346754
14765,1,0.7984756423637911
14766,1,0.8838865609252536
14767,0,0.34010106729984885
14768,0,0.040992920134310204
14769,0,0.12405659787963338
14770,0,0.0022280046200008016
14771,1,0.889421867448805
14772,0,0.161119774630366
14773,0,0.032960699871506655
14774,0,0.028172916466946422
14775,0,0.020882082087814145
14776,0,0.06903206541321355
14777,0,0.0007974784438579305
14778,0,0.00033547472484609227
14779,0,0.004070695737460465
14780,0,0.000572446321582308
14781,0,0.01111565973881878
14782,0,0.0020189392406518678
14783,0,1.4845395790098213e-07
14784,0,0.24732631702292554
14785,0,0.017486785658687352
14786,0,0.017556687067780744
14787,0,0.0016140693680877299
14788,0,5.3596335533679976e-05
14789,0,0.00021821133331748803
14790,0,0.00032420581485209047
14791,1,0.7692988577416555
14792,0,0.06066192174723913
14793,0,0.1529029414865592
14794,0,0.023043964002950716
14795,0,0.1413792787665286
14796,0,0.2682056190154394
14797,1,0.8830308986945189
14798,0,0.01844035100680497
14799,1,0.26939154533353477
14800,0,0.5917524309485117
14801,0,0.19068320192423702
14802,0,0.05602463600968114
14803,1,0.34866816476120754
14804,0,0.5696747401195031
14805,0,0.17072355423617827
14806,0,0.0037158357360902623
14807,1,0.22919096693965077
14808,0,0.0004181571123232296
14809,1,0.1216846429814409
14810,0,9.287941638872282e-05
14811,0,0.18044917530399923
14812,0,0.00456479780819506
14813,1,0.3981349140646031
14814,0,0.22994901088934833
14815,0,0.5606290497031855
14816,0,0.4782744555652288
14817,0,0.0051708622436575785
14818,0,0.05733667264148414
14819,0,0.7777093611412269
14820,0,0.8124186084812368
14821,0,1.8390956261851925e-05
14822,0,0.6542112218956938
14823,0,0.006999394095643598
14824,0,0.0314977443757579
14825,0,0.10033545850613418
14826,0,0.03347421910008989
14827,0,0.0913730449873758
14828,0,0.0019542730745509785
14829,0,0.10887908255629906
14830,0,0.001860878939944689
14831,0,0.09124240711888117
14832,1,0.268599433670938
14833,0,0.0009096430394861658
14834,0,0.21988870214944034
14835,0,0.041343654670102405
14836,0,0.004745146406209991
14837,1,0.24278370730606175
14838,0,0.007668009807577843
14839,0,0.07527909387361077
14840,0,6.517296387577178e-05
14841,1,0.19609261741199424
14842,0,0.6007508138582992
14843,0,0.004630757769696357
14844,0,0.00045208374468514226
14845,0,0.006762923842663539
14846,0,0.01155740308116626
14847,0,0.5162735226871952
14848,1,0.754027232132536
14849,0,0.009542805511214647
14850,0,0.046260978678543355
14851,0,0.7920659363770362
14852,1,0.6511469150458533
14853,1,0.5879274447701841
14854,0,0.0038736596545835326
14855,0,0.008847394874690153
14856,0,0.14816917719879547
14857,1,0.40177133479953675
14858,0,0.22059014754805123
14859,0,0.033328008878570056
14860,1,0.44161432460352634
14861,0,0.05110441952542342
14862,0,0.028644358292962524
14863,0,0.0002583301672932372
14864,0,5.351484664557482e-05
14865,0,0.12243735131525328
14866,0,0.46689234210965175
14867,0,0.6277793687030183
14868,0,0.6301736740029994
14869,1,0.6373715887651595
14870,0,0.060890086514486214
14871,0,0.020221488690534008
14872,0,0.22933147973451984
14873,0,0.013117512997505068
14874,0,0.29455939865494724
14875,0,0.030464689245099486
14876,0,0.00889753882423344
14877,0,0.24533215690050433
14878,0,0.0001367477976968105
14879,0,0.00048027628985314243
14880,0,0.7711897956389475
14881,1,0.7864044418267915
14882,0,0.009537668209212634
14883,0,0.10902702939192903
14884,0,0.19309860837853707
14885,0,0.4579758459969164
14886,0,0.00409264228403314
14887,0,0.48812683711423155
14888,0,0.020669794346074244
14889,0,0.004275438992974609
14890,0,0.14532847987006553
14891,0,0.48702434902904296
14892,1,0.0111166769029973
14893,1,0.7159213056239151
14894,0,0.01729181240716094
14895,0,0.018574648744221888
14896,0,0.20026332489896026
14897,0,0.033038046654066025
14898,0,0.022284874185833876
14899,0,0.0007874659520347
14900,0,0.011951760764856292
14901,1,0.5818084210631614
14902,0,0.0049130697857732
14903,0,2.7721120264636274e-05
14904,0,0.0035215444988305187
14905,1,0.16542516892137601
14906,0,0.04656862234870732
14907,1,0.5780210764504836
14908,0,0.006212175041472675
14909,0,0.059657967172705904
14910,0,0.02389974193662242
14911,0,0.22659050038651754
14912,0,0.000271286723618562
14913,0,0.8192543909966788
14914,0,0.0015292269257414037
14915,1,0.623675899639833
14916,0,0.00020088822020720073
14917,0,0.06261861080617155
14918,0,0.18209872053704323
14919,0,0.03322682418176572
14920,0,0.032975296305613785
14921,0,0.7405434221118412
14922,0,0.06016360135204677
14923,0,0.02814225842427857
14924,0,0.09361768400187405
14925,0,0.005775814467643746
14926,0,0.0025691960203080497
14927,0,0.5158659165344713
14928,0,0.011107817418679994
14929,0,0.022214203656017596
14930,0,0.34559174226020734
14931,0,0.0009040232769505621
14932,0,0.004368498482247506
14933,0,0.07504908697120807
14934,1,0.6548625517137225
14935,0,0.048771614231243134
14936,1,0.32167792506387644
14937,0,0.07018257549205084
14938,1,0.7860497200107167
14939,1,0.7214968734421527
14940,0,0.1152291400651678
14941,0,0.20168636739049373
14942,0,0.8086650586863003
14943,0,0.12880544791971502
14944,0,0.5445972955245196
14945,1,0.2671701420867221
14946,0,0.3994439563150993
14947,0,0.0005476209451724473
14948,0,0.21208987514607203
14949,1,0.9364833438964519
14950,0,0.2611066072793899
14951,0,0.0003517129728505824
14952,0,0.0065398819329915
14953,0,0.0033078168715611513
14954,0,0.0974304714443266
14955,0,1.2893534196648125e-05
14956,0,0.028440129282658204
14957,0,0.06321787354100633
14958,0,0.015959698161302452
14959,1,0.5859332309765314
14960,0,0.0068039358207824
14961,0,0.29505110376924726
14962,0,0.5514496270416821
14963,0,0.7578150948797043
14964,0,0.003908090106664891
14965,1,0.41376316220764214
14966,0,0.0008520991085437333
14967,1,0.4150154407828199
14968,0,0.01335288960214611
14969,1,0.366303514922028
14970,0,0.06066624668328886
14971,0,0.4294206139187878
14972,0,0.0013776495511733306
14973,0,0.01609269403626426
14974,1,0.3536592025675467
14975,0,0.058299589398433625
14976,1,0.8025174394489987
14977,0,1.920666930107372e-05
14978,0,0.0021754667852096113
14979,0,0.0002494334058958071
14980,0,0.1238343803842357
14981,0,0.0035917804163791652
14982,0,0.1710180585733035
14983,0,0.9030311632748229
14984,0,0.0017081563238485053
14985,0,0.01945607533647546
14986,1,0.31473403113908643
14987,0,0.00043336984716024074
14988,0,0.504668181735545
14989,0,1.353947648292366e-07
14990,0,0.0004179117137877367
14991,0,0.12015786244149676
14992,0,0.09240196432361496
14993,0,0.4248616077459728
14994,0,0.036501658342922905
14995,0,0.19326119817915097
14996,0,0.014998854525870789
14997,0,0.018172564686137063
14998,0,0.002847479115775434
14999,0,0.0018588475530712581
15000,1,0.6922768418767011
15001,0,0.8657109368194423
15002,0,5.890557622007024e-05
15003,0,0.00012472340735298758
15004,0,0.00010406163595686838
15005,0,0.018431338245603567
15006,0,0.5201006947319731
15007,0,0.0002819190737999345
15008,0,0.35227508718563355
15009,0,0.00011088414410621801
15010,0,0.20884015366055264
15011,1,0.6382427563103498
15012,0,0.0002985067921698444
15013,1,0.6002882615398862
15014,0,0.0031843208999089065
15015,0,0.002638248805621106
15016,0,0.05682891742541934
15017,0,0.7529723275673451
15018,1,0.4884770210301274
15019,0,0.0006788053931192384
15020,0,0.00030562572086786514
15021,0,0.015827159834246925
15022,0,0.012341930834042156
15023,0,0.12848128761995375
15024,1,0.1680382382205859
15025,0,0.020608600633235226
15026,1,0.6200782889612487
15027,1,0.5280978177463612
15028,0,0.0025417420254710246
15029,0,0.14579103514232655
15030,0,0.02214474568277105
15031,1,0.25128457477130406
15032,0,0.015960013400832355
15033,0,0.00044494998774939105
15034,0,0.02586520115769921
15035,0,0.05868798132064238
15036,0,0.023445352433926085
15037,0,0.04056192081129171
15038,0,0.11650358958825614
15039,0,0.1349774849039088
15040,0,0.04150449440656266
15041,0,0.015075817610333504
15042,0,0.30220814209374486
15043,0,0.18480069080159728
15044,0,0.034826839709249865
15045,0,0.1287685824223221
15046,0,0.0023733110161626375
15047,0,0.6336658594281754
15048,0,0.3692258425312236
15049,0,0.015061500434928581
15050,1,0.8467665216559409
15051,0,0.06041838640434475
15052,0,0.7823192266907708
15053,0,0.10372104567501006
15054,0,0.11669462304860571
15055,0,0.00882122709730879
15056,0,0.08617936453855678
15057,0,0.21620320535845236
15058,1,0.3242146730263935
15059,1,0.8469927845329623
15060,1,0.3196118529649243
15061,0,0.6192951201803134
15062,1,0.4422215961032978
15063,0,0.0007768995222706038
15064,0,0.07222268665784025
15065,0,0.005739544819258545
15066,0,1.0513433385621206e-05
15067,0,0.6224827056321756
15068,0,0.08786143139437091
15069,0,0.08583175804093264
15070,0,0.01016055048810335
15071,0,0.0030592099064362084
15072,0,0.04882448770241617
15073,0,0.4931042196129563
15074,0,0.03185151835608028
15075,0,0.03510483063742922
15076,0,0.01850590384400558
15077,0,0.00259180996694868
15078,0,1.0486634120275618e-05
15079,0,0.13743202295864201
15080,0,0.02997580428393681
15081,0,0.625695191012729
15082,0,0.03893485861998626
15083,0,0.045268699130083564
15084,0,0.15329648268650745
15085,0,0.039004688829871854
15086,1,0.764964602619272
15087,0,0.004562661852575994
15088,1,0.8584740179398955
15089,0,0.5589532284659283
15090,0,0.3823826371597401
15091,0,0.3839215196413976
15092,0,0.0002744155756729527
15093,1,0.12991975974947606
15094,0,0.0007983578904839405
15095,1,0.7308193112579198
15096,0,0.06513814056773456
15097,0,0.0013435206094794033
15098,0,0.3429305230229655
15099,1,0.7284442768306008
15100,0,0.014476348539069022
15101,0,0.000422453259279477
15102,1,0.317511417906709
15103,0,0.007970437640311042
15104,0,0.00021153673777551463
15105,0,0.7649519138784036
15106,0,0.010777638798930332
15107,0,0.1297227600933864
15108,0,0.004316557169159931
15109,1,0.7475808912811155
15110,0,0.21484895241810414
15111,0,0.17949843054502893
15112,1,0.7564982460489987
15113,0,0.027671208938912673
15114,0,0.0020358874042810107
15115,0,0.25825291572467474
15116,0,0.04359525295425711
15117,0,0.13735829487099713
15118,0,0.26676199723668187
15119,0,0.16496315208410656
15120,0,0.010654296029578503
15121,0,0.019423777531596197
15122,1,0.5681288390565136
15123,0,1.8165835041648397e-05
15124,0,0.46639555104855224
15125,0,0.08403041908838708
15126,0,0.766896802720742
15127,1,0.0007148642055473106
15128,0,0.30685925549692
15129,0,0.4673089963919419
15130,0,0.24683002760324918
15131,0,0.0004341957611025311
15132,0,0.6027329530629473
15133,1,0.743415559513162
15134,0,0.0009586052859335356
15135,1,0.10062720169611276
15136,0,0.0004758849440280357
15137,0,0.0451813681159578
15138,1,0.10468594764463439
15139,0,0.002210576015598338
15140,0,0.7387494513369824
15141,1,0.4560005148246765
15142,0,0.02631002152123904
15143,1,0.7816534647935423
15144,0,0.11825515462918469
15145,0,0.00041490982561865697
15146,0,0.013830513343825018
15147,0,0.0025325165824016697
15148,0,0.011542832472393726
15149,0,0.009826324431298694
15150,0,0.44601627689417095
15151,1,0.6296912269491317
15152,1,0.7310532583449397
15153,0,0.4501496647783734
15154,0,0.4290126807506592
15155,1,0.6367460462028663
15156,1,0.23257035004936155
15157,0,0.08771710013697383
15158,0,0.15079877503229477
15159,0,0.007002542331162372
15160,0,0.004946098241597133
15161,0,0.004811672583912258
15162,0,0.002138952413339084
15163,0,0.07125856532190453
15164,0,0.6267113372534304
15165,0,0.5001729039844575
15166,0,0.06719361224833988
15167,0,0.02826838654450355
15168,1,0.6213951755508421
15169,0,0.006373724999832393
15170,0,0.3088006702591317
15171,0,0.1341112867844011
15172,0,0.08764886775065668
15173,0,0.008145899425218131
15174,0,0.1634591608580514
15175,0,0.0391668821679694
15176,0,0.0109603471761107
15177,0,0.25649755613841085
15178,1,0.6090021229841573
15179,0,0.00036625421032365513
15180,0,0.012617328969463675
15181,0,1.0595902829483958e-05
15182,1,0.8360591508172371
15183,0,0.009590425127042699
15184,1,0.527973621873744
15185,0,0.0003225704307756932
15186,0,0.33285847474279484
15187,1,0.6616389686961839
15188,0,0.006016537037237232
15189,0,0.04084662216250849
15190,0,0.05250464838722128
15191,0,0.0006594898067894135
15192,0,0.03504155825006252
15193,0,0.36627680463336226
15194,0,0.040428349555211386
15195,0,0.013297182137126766
15196,0,0.0012918473288701703
15197,0,0.11754217478301926
15198,0,0.000177263734555768
15199,0,0.10429739727208437
15200,0,0.016322377500082003
15201,1,0.03988349053869584
15202,1,0.266029917381019
15203,0,0.003854000765102815
15204,1,0.7115543542081831
15205,0,0.012944793470270232
15206,1,0.47911203541901404
15207,0,0.16206064163219375
15208,0,0.0153900270900659
15209,1,0.6402462794475178
15210,0,0.04148768197003845
15211,0,0.00026117282249162727
15212,0,0.005233810484939656
15213,0,0.008410035643075221
15214,0,0.32258765415689444
15215,0,0.0079709959656834
15216,0,0.1274815508779502
15217,1,0.4457367205341076
15218,0,0.7501020886044146
15219,0,0.2569120141914905
15220,0,0.0009856402708826927
15221,1,0.5337041035273324
15222,0,0.005417199885969406
15223,0,0.03394124438344245
15224,0,1.6408758070855993e-05
15225,0,0.028701425557648194
15226,0,0.006027606829002559
15227,0,0.03902194519399578
15228,0,0.04125894402146957
15229,0,0.501566349004589
15230,0,0.1672507109247724
15231,0,0.15456495315019997
15232,1,0.7780021574835655
15233,0,0.522945956293665
15234,0,0.001043206803005661
15235,1,0.7488104854398225
15236,0,0.26251322457937026
15237,0,0.0004714865557452893
15238,1,0.5395271181558893
15239,0,0.08184299934277318
15240,0,0.11849920021469279
15241,0,0.0013227561835248262
15242,0,0.11561226269109572
15243,0,0.010436697905949312
15244,0,0.12415241890274505
15245,0,0.007015059148819329
15246,0,0.03446224174807541
15247,1,0.4871591838919246
15248,0,0.1025764287934267
15249,0,0.0003167226594588655
15250,0,0.26903687876809285
15251,0,0.015575132483066073
15252,0,0.00037349805247614576
15253,0,0.01178413648396095
15254,1,0.8724432585461687
15255,0,0.011151330709053916
15256,1,0.1497957037223047
15257,0,0.20064828992169179
15258,0,0.19101236202046504
15259,0,0.0013422667318402466
15260,1,0.5564111020187588
15261,1,0.6756936813044654
15262,0,0.032565523430151094
15263,0,6.17199068403128e-06
15264,0,0.03193286895890951
15265,0,0.0015750592591440328
15266,0,0.1286574095469384
15267,0,0.00021996177028222935
15268,1,0.19084634822693342
15269,0,0.7082389536204532
15270,1,0.8300201260864598
15271,0,0.053375788064899676
15272,0,0.17161551868735955
15273,0,0.3797809035307281
15274,0,0.014558346855646278
15275,0,0.00048471483547320865
15276,1,0.7451698678550139
15277,1,0.10670011369092026
15278,1,0.2442318666729213
15279,0,0.06759282444780786
15280,0,0.5163925454789458
15281,0,0.00025431868181143274
15282,0,0.007784719233433462
15283,0,0.6749096816927634
15284,0,0.03276833074172122
15285,0,0.12222478879914171
15286,0,2.4034861040345554e-05
15287,0,0.011993429632986585
15288,1,0.48014072683192194
15289,0,0.06162718544313688
15290,0,7.77191885614519e-05
15291,0,0.04814888681642124
15292,0,0.14375830705399964
15293,0,0.12416901074088912
15294,0,0.009291596448630299
15295,1,0.5493053253083925
15296,0,0.0037191197896412473
15297,1,0.09488255512097439
15298,0,0.0004588003271012783
15299,0,0.12474435503917757
15300,0,0.11029582941427539
15301,0,0.025448912521052542
15302,0,1.309615025149102e-05
15303,0,0.1959372081667893
15304,0,0.005100710795125444
15305,0,0.007475180717962923
15306,0,0.010780309674255225
15307,0,0.5939007864102546
15308,1,0.4155801253237337
15309,1,0.7211415941936347
15310,1,0.9221211963191501
15311,0,0.7261524823723295
15312,0,0.23138090970650868
15313,1,0.7679049006181441
15314,0,0.16378735773053332
15315,0,0.010271204560258916
15316,0,0.3999401825574132
15317,0,0.7633668991630539
15318,0,0.012429670179988936
15319,1,0.2400344541135847
15320,1,0.42299444646992146
15321,0,0.0014430350441794672
15322,0,0.21324311615631253
15323,1,0.6101215842771482
15324,0,0.7746297269893282
15325,0,0.002605131006700133
15326,0,0.13235252915061493
15327,0,0.00024976952329133144
15328,1,0.49819974138801704
15329,0,0.6045229670294421
15330,0,0.002685432278589883
15331,0,0.01743641091227584
15332,0,0.3738190881865969
15333,0,0.00011279924043630284
15334,0,0.06830205450739485
15335,0,3.151400254892067e-06
15336,0,0.0002324796657849658
15337,0,0.009456346012434386
15338,0,0.04158739386729007
15339,0,1.806889783563198e-05
15340,0,0.002243574675585789
15341,0,0.9150931480802089
15342,1,0.8764519698122074
15343,1,0.6094837409120231
15344,0,0.018137844570900827
15345,1,0.8525760359020406
15346,0,0.002956560247274399
15347,1,0.256489683400227
15348,0,0.008880889792882584
15349,1,0.2574011154149879
15350,0,0.8325138802818789
15351,0,0.12766157602424372
15352,0,0.0017015785681007516
15353,0,0.44936668233088545
15354,0,0.0005450928061748415
15355,0,0.005258665445524809
15356,0,0.0024820318679447243
15357,0,0.00914549509322873
15358,0,0.0001551935079056169
15359,0,0.011084404104489097
15360,1,0.5176174982409528
15361,0,0.183163440204674
15362,0,0.1578695361480354
15363,1,0.3783957555426998
15364,1,0.7323409143556275
15365,0,0.00837486898760362
15366,0,0.0019853614624405318
15367,1,0.748705787709427
15368,0,0.05046853009109123
15369,1,0.7884467720832509
15370,1,0.4847129928439978
15371,1,0.9279925569462159
15372,1,0.8408133267243808
15373,0,0.0017504106685708948
15374,0,0.4970625068685295
15375,1,0.7061021573629799
15376,0,0.8919503289522746
15377,1,0.5061928721284044
15378,0,0.0017764451053557694
15379,0,0.01449222434446034
15380,1,0.7554701601406224
15381,0,0.8764489287095093
15382,0,0.09857169469634668
15383,0,0.04412637597864718
15384,0,0.0014016474928998817
15385,0,0.36435624820933715
15386,0,0.2854962317804356
15387,0,0.0018352311496006772
15388,0,1.4847600262457302e-05
15389,0,0.0029181504300376275
15390,0,0.0722337874550953
15391,0,0.035537391133084954
15392,0,0.13548197271843937
15393,0,0.052687836952264235
15394,0,0.0003191671288158702
15395,1,0.7294525545730042
15396,0,0.003540392177286966
15397,0,0.05191148945836983
15398,0,0.4747683228073781
15399,0,4.3146114931171036e-05
15400,0,0.01144944864160943
15401,0,0.05591507173429858
15402,0,0.04353535554298665
15403,0,0.4110188660614604
15404,1,0.1422157175172542
15405,0,0.2512179258130302
15406,1,0.7121181298150303
15407,1,0.19793356885117078
15408,0,0.002340962552640595
15409,0,0.1801677175110108
15410,0,0.01383696848691889
15411,1,0.7439497055599849
15412,0,0.05044835152081483
15413,1,0.35912561694836137
15414,1,0.8642341781207464
15415,0,0.03155989485343912
15416,0,0.0020102354404930665
15417,0,0.015811506042801588
15418,0,0.4988364299656512
15419,0,0.0007984903165041093
15420,1,0.26943285341224055
15421,0,9.79131037360571e-05
15422,0,0.15740772792156954
15423,1,0.5183635632637453
15424,1,0.8439055873463323
15425,0,0.02331711593336332
15426,0,0.019225263911362277
15427,1,0.06039148928216552
15428,0,0.19453712327480027
15429,0,0.24077611573666757
15430,0,0.147659748805383
15431,0,0.026805218115641526
15432,0,0.00021292481080458628
15433,0,0.0532752719116815
15434,0,0.2869861600374575
15435,0,0.5050526574040256
15436,0,0.044769591109205226
15437,0,0.006730754012802453
15438,0,0.00027328219091302016
15439,0,0.006146522384373966
15440,0,0.0041490859326969035
15441,0,0.12790822514696562
15442,1,0.34584369731948866
15443,0,0.00011438499012081679
15444,0,0.0015990369470808802
15445,0,0.05361366366703036
15446,0,0.04914957614613353
15447,0,0.001970585331831966
15448,1,0.47486902428846395
15449,0,0.0041000211539063995
15450,0,0.16270993005932535
15451,1,0.33713353956631514
15452,1,0.6176606054471574
15453,0,0.6759540197598428
15454,0,0.4888685491168909
15455,0,0.03680162857756318
15456,1,0.30624003835366326
15457,0,0.05842751102195017
15458,1,0.813047255833512
15459,1,0.953704218509526
15460,0,0.007992159751982078
15461,0,0.00031080462793140845
15462,1,0.6275105830138332
15463,1,0.7732744695511329
15464,0,0.002634863257937348
15465,0,0.001301710559408376
15466,0,0.07149600150996707
15467,0,0.029098064305509784
15468,0,0.10287779628240924
15469,1,0.48898634253421563
15470,0,0.560277322269259
15471,0,0.040545216652614506
15472,0,0.11189375465743547
15473,0,0.07823844557999846
15474,1,0.6073432636274517
15475,1,0.49255216206750163
15476,0,0.05775534935038863
15477,1,0.10161786349323791
15478,0,0.04146081242364151
15479,0,0.6130163024534843
15480,0,0.00043861928621706866
15481,0,0.003970788503714136
15482,0,0.00035983810579738183
15483,0,0.10936679493409814
15484,0,0.06215351938372999
15485,0,0.0003448396915575738
15486,0,0.19119705613127366
15487,0,0.0027361927464466416
15488,0,0.356015769804353
15489,0,0.003347214928358204
15490,1,0.5663394386494778
15491,0,0.07751974686793853
15492,0,0.02692548188996077
15493,0,0.00813571184160998
15494,0,0.003315502108012008
15495,0,0.052323308159424944
15496,0,0.13555930417216974
15497,0,0.007121090646847071
15498,1,0.6942824408653322
15499,0,0.0007289801073373717
15500,0,0.011151373885641027
15501,0,0.022383347125429852
15502,0,0.0013886383264629237
15503,0,0.044400130062475306
15504,0,0.003618005734058159
15505,0,0.0005101612290545875
15506,1,0.5884285216585802
15507,1,0.3708312941855842
15508,0,0.0015473201773060603
15509,0,0.47655268040263976
15510,0,0.026795858999294337
15511,1,0.8109210195572956
15512,0,0.015542662167097756
15513,0,0.03163772242529145
15514,1,0.8409944624553384
15515,0,0.11669307654606055
15516,0,0.009386614151654054
15517,0,0.15492504661698392
15518,0,0.03779177759873356
15519,0,0.6839546552380295
15520,0,0.10687210799071079
15521,1,0.896937724512602
15522,0,0.06013911430259308
15523,0,0.0547331059037238
15524,1,0.966259435894447
15525,1,0.5674325887060063
15526,0,0.004041920511794679
15527,0,0.04709628928184149
15528,0,0.0010723169935485278
15529,1,0.09753251684945395
15530,0,0.04433130583296322
15531,1,0.5591365382924663
15532,1,0.22683944336599404
15533,0,0.3230263466349697
15534,1,0.9560764223137299
15535,0,7.869684554555338e-14
15536,0,0.08310757693376433
15537,0,0.0022443262804947334
15538,0,2.006264993596837e-07
15539,1,0.2919593098917585
15540,0,0.0948151033050362
15541,0,0.02571727632536273
15542,0,0.01708942206086356
15543,1,0.5291364223037359
15544,0,0.003457579120919196
15545,0,0.001957918986686709
15546,0,0.0009433749903104481
15547,0,0.016603858224697628
15548,0,0.16663104419839067
15549,0,0.0010732516798641026
15550,0,0.00026001948591350524
15551,0,0.25863163177604953
15552,0,0.029868506118430813
15553,0,0.4182971128593723
15554,1,0.6579960638440107
15555,0,0.4208310850858117
15556,0,0.04738395909499964
15557,0,3.7037846060894986e-06
15558,0,0.02313688084307019
15559,0,0.23789746990032098
15560,0,0.0011430780895484013
15561,1,0.5306237279231214
15562,0,0.0013296705137347126
15563,0,0.2925031724174645
15564,1,0.7984762777717864
15565,0,0.2983391403060333
15566,0,0.5620226533270131
15567,0,3.903856854698423e-05
15568,0,0.0004129231956799633
15569,0,0.0062401714006284125
15570,0,0.018922224035262555
15571,0,0.0016251237940164787
15572,0,0.60246746412802
15573,0,0.1205353511820827
15574,1,0.7835529462748256
15575,1,0.8965653003144723
15576,0,0.011265588701481572
15577,0,0.0001830240406884017
15578,0,0.7980082232971258
15579,0,0.046736681026558806
15580,0,0.0010559125500169803
15581,0,0.0932146124667507
15582,1,0.11300477167463616
15583,0,0.5262820147894801
15584,1,0.5163770181637488
15585,0,0.04755679931893917
15586,0,0.05125718393487689
15587,0,0.009133903635991198
15588,0,0.1779709161515734
15589,0,2.4027539871262352e-05
15590,1,0.07368201573765173
15591,1,0.3543208510425826
15592,0,0.0013784800135305498
15593,0,0.006352093521963241
15594,0,0.018943430344686842
15595,0,0.002683467696402622
15596,0,0.21835722749587624
15597,0,0.06744127704917845
15598,0,6.092327369935864e-06
15599,1,0.680708547364903
15600,0,0.23244720288897752
15601,0,0.05030299797420635
15602,0,0.0004826610387588756
15603,0,0.1669356842520069
15604,0,0.12730744296328228
15605,0,0.004304289325712261
15606,0,0.0023364384551798558
15607,1,0.3817171899805955
15608,0,0.003841692689416414
15609,0,0.0804588547717784
15610,0,0.001187175650979836
15611,0,0.0028972668035640316
15612,0,0.1874416441536397
15613,0,0.0043551082079287375
15614,0,0.023240548088786298
15615,0,0.022934738423202414
15616,0,0.4435039034076123
15617,1,0.8491218334181394
15618,1,0.06418582616837579
15619,0,0.027355403151928873
15620,0,0.4114790984494823
15621,0,0.10315242024878418
15622,0,0.006593080982328522
15623,0,0.0016728077925281467
15624,1,0.8194757210679395
15625,1,0.27656717145030074
15626,1,0.45555738104406757
15627,0,0.041428090269854896
15628,0,1.272182271818707e-07
15629,0,0.3514072125687914
15630,0,0.003905580970706195
15631,0,0.10115182222362556
15632,0,0.006395842085193053
15633,0,0.03923096279276116
15634,1,0.430190101754177
15635,1,0.3783067079742902
15636,0,0.00028784932236279695
15637,1,0.7002650462730214
15638,0,0.009309467662883274
15639,0,0.06550945723836182
15640,1,0.23100735192321376
15641,0,0.028640767792144885
15642,0,0.00114054423172265
15643,1,0.5564383684071095
15644,0,0.1170128654758573
15645,0,3.70967029921196e-05
15646,1,0.8498708170689756
15647,0,0.2401994849862296
15648,0,0.7157218464428401
15649,0,0.0013514312830067068
15650,0,0.0024955997506111998
15651,0,0.00017513878697846992
15652,0,0.012109141359925297
15653,0,0.00143201833382173
15654,0,0.0025066791003990467
15655,0,0.0324408486812926
15656,0,0.11523554012351973
15657,0,0.0013129694718090508
15658,0,0.4224195441542465
15659,0,0.04449623691394995
15660,0,0.007883544785228134
15661,0,0.7188208310316537
15662,0,0.00014313296440617495
15663,0,0.09096590256225515
15664,0,0.8962423934561233
15665,0,0.02516239855560896
15666,0,0.0018402708057926591
15667,0,0.47183585599883016
15668,0,0.2023083007509248
15669,0,0.29651534056417506
15670,1,0.47971888181179934
15671,0,0.05357007311826879
15672,0,0.5985382879390265
15673,1,0.7786880593564024
15674,1,0.7970879662641536
15675,0,0.28820118393863564
15676,0,0.2947590363149241
15677,0,0.5523975000577783
15678,0,0.8077269354394196
15679,1,0.44844175670172925
15680,0,0.0033290910203408464
15681,1,0.022093116005604506
15682,0,0.023572113924516865
15683,0,0.0952755642057883
15684,0,0.3103043756728922
15685,1,0.14009301380716221
15686,0,0.0009295629822089856
15687,0,0.0006326607558756504
15688,0,0.13250385636012527
15689,0,0.035259391762755325
15690,0,0.6305583052384642
15691,1,0.1999052782164828
15692,1,0.6660931047610539
15693,0,0.04927069376090343
15694,0,0.30700418406614544
15695,0,0.01903462003053878
15696,0,0.00033486846640299505
15697,1,0.8414226823199241
15698,1,0.7486390149456759
15699,0,0.0885494196565899
15700,0,0.007403164915654299
15701,0,0.009321154463060519
15702,0,0.0002538197200800421
15703,0,0.003644450974534575
15704,0,0.0023969981036784825
15705,1,0.6270356548380734
15706,0,0.007062434430512511
15707,0,0.1053419588649982
15708,0,0.504283674954688
15709,0,0.15567699829538312
15710,0,0.09069797379902361
15711,1,0.38441241285861116
15712,0,0.411793651399285
15713,0,0.48787813704515287
15714,0,0.08674506770478038
15715,0,0.6515306328140769
15716,0,0.0525201039445709
15717,0,0.019440734987140038
15718,0,0.13515909453873873
15719,1,0.3609290115603123
15720,0,0.7143851053629997
15721,0,0.08128885698750511
15722,1,0.47174654359359
15723,0,0.0009076073787994938
15724,1,0.4975524927400817
15725,1,0.7261944555062536
15726,0,0.008878977401478652
15727,1,0.7237647583905877
15728,0,0.09805696366673616
15729,0,0.002232482730936925
15730,0,9.925503736758023e-05
15731,1,0.8887864954445521
15732,0,0.009016842769583885
15733,0,0.00842805610106899
15734,0,0.16930194178289829
15735,1,0.03314140696480951
15736,1,0.6461129630837135
15737,0,0.003923128553731092
15738,0,0.13155379489178468
15739,0,0.0014838355453548754
15740,0,0.0009853171781322612
15741,1,0.7081553481667755
15742,0,0.014324592320077437
15743,0,0.6293207193316199
15744,0,0.028583661960647863
15745,0,0.10449480552391056
15746,0,0.014469769108508907
15747,0,0.0016126112013228895
15748,0,0.012350806362080883
15749,1,0.7760173397300932
15750,0,0.018690531604287273
15751,0,0.2804771261887324
15752,0,0.43563195253311393
15753,0,0.13504664959267693
15754,0,0.028562336368935553
15755,0,0.08039486148164281
15756,1,0.7821847786338266
15757,0,0.00812661806619382
15758,0,0.0002023710660481073
15759,0,0.011095301730567483
15760,0,0.00013139571601108432
15761,0,0.0004632900598619319
15762,0,0.6693967185992746
15763,0,0.008743823872540992
15764,1,0.6849841362395044
15765,0,0.027968150189566866
15766,0,0.0008186840752030314
15767,0,0.00520548182910469
15768,0,0.01577850324933193
15769,0,0.7359542160552948
15770,0,0.023465105736969433
15771,0,0.007393412639048996
15772,0,0.28592722546064653
15773,0,0.00013012651398101782
15774,0,0.09597215539805444
15775,0,0.3877771453682579
15776,0,0.12005192738388304
15777,0,0.09397318451652532
15778,0,0.3362281210484475
15779,0,0.05131040217467746
15780,1,0.6002954631637384
15781,0,0.3046638755430477
15782,0,0.11822670222072781
15783,0,0.020033032486226374
15784,0,0.21915547546446085
15785,0,0.0010221797686860135
15786,0,0.001083109838058107
15787,0,0.08119257189480876
15788,0,0.3771390364737412
15789,0,0.001321515563074573
15790,1,0.6146054365182093
15791,0,0.044818163207346516
15792,0,0.17570316824266363
15793,0,0.035529639356686904
15794,0,0.0058380551402693074
15795,0,0.008113863167818956
15796,0,0.0006397478341427037
15797,0,0.0019705079979803483
15798,0,0.04160686017119972
15799,1,0.6164282284963286
15800,0,0.1313767596659325
15801,0,0.36509287183589384
15802,0,0.030037481335121175
15803,1,0.3734413155189198
15804,0,0.5453212657788982
15805,0,0.09012535641224717
15806,0,0.022382632933476133
15807,0,0.4967707327239686
15808,0,0.0029528541751393887
15809,1,0.24418320146389794
15810,0,0.012461537929592934
15811,1,0.24649938498421795
15812,1,0.9327953333078457
15813,0,3.05227492281524e-05
15814,1,0.8351742437992857
15815,1,0.6604172033157379
15816,0,0.2539224829603838
15817,1,0.6635597426363149
15818,1,0.39230025138288427
15819,1,0.45369204980995276
15820,0,0.08276371850369522
15821,1,0.9281006479842883
15822,0,0.4049749466873486
15823,1,0.3180467065888897
15824,0,0.01025229449853895
15825,0,0.00020256566869016992
15826,0,0.00019547531360750647
15827,0,0.07678093104277407
15828,0,0.7896497948529467
15829,0,0.0009427365166898066
15830,0,0.07862474001827001
15831,0,0.04030404011362543
15832,0,0.0355999577812443
15833,0,0.009819421278863231
15834,0,0.04349894450470483
15835,0,0.013994578427926702
15836,0,0.00010254702645494726
15837,0,0.020857771714017998
15838,0,0.15917827156377146
15839,0,0.08115673801427017
15840,1,0.7614808538607708
15841,0,0.774963959149683
15842,1,0.3355997673716644
15843,0,0.4199098322782868
15844,0,0.0006076151639964025
15845,0,0.00037761450422436085
15846,0,0.0011877880213679302
15847,0,0.2847952032237479
15848,1,0.13037590785803158
15849,0,0.07069609528351946
15850,0,0.0024902892288371802
15851,0,0.08362249437704937
15852,0,0.639575959134833
15853,1,0.3382012447717249
15854,0,0.46986892006745073
15855,0,0.26788089550521055
15856,1,0.6098972891981809
15857,1,0.11792862492403003
15858,0,0.19282913486487088
15859,1,0.396794264852752
15860,0,0.00012135848843463987
15861,0,0.06388500608176448
15862,0,0.02462976318721956
15863,0,0.0017737402038933083
15864,1,0.5748803510127832
15865,0,0.02108411813800952
15866,0,2.1129280641274173e-05
15867,0,0.005794334303697587
15868,0,0.0396397224336272
15869,0,0.05935482498013425
15870,1,0.7605004622403919
15871,0,0.006592911094824355
15872,0,0.005817185608324834
15873,1,0.8163855297928396
15874,1,0.45305429414478204
15875,1,0.06528655645766139
15876,0,0.0016712815792170126
15877,0,0.04870493378808957
15878,0,0.008654404126064557
15879,0,0.0429138008274447
15880,1,0.42986118776007176
15881,0,0.157350171681643
15882,1,0.9580443427418893
15883,0,0.397493901421741
15884,0,0.002184519427430838
15885,0,0.23594080259880454
15886,0,0.008348520121098633
15887,1,0.8759569991638797
15888,1,0.6710678066558535
15889,0,0.26114426571668686
15890,0,0.016475092327972386
15891,0,0.0007961724112880128
15892,0,0.007121940026231501
15893,0,0.01088008728399134
15894,1,0.5656289375711542
15895,1,0.2832095934977516
15896,0,0.0029190322304367953
15897,1,0.64235140634553
15898,0,0.07629968211476545
15899,0,0.7420833195103665
15900,0,0.02804178258453508
15901,0,0.0011943167287808525
15902,0,0.002984511333699766
15903,1,0.4841296636000376
15904,0,0.004540989623339116
15905,0,0.008782772599114355
15906,0,0.0002392205117186828
15907,0,0.014272867248065908
15908,0,0.022626298167619654
15909,0,0.07450889156183252
15910,0,0.4564381612020809
15911,0,0.010211502076109304
15912,0,0.351996595811708
15913,0,0.08152843342216239
15914,0,0.037879165132331784
15915,0,1.3930337641544081e-05
15916,0,0.0017021226314150718
15917,0,0.014319037967209198
15918,0,0.05148601127622001
15919,0,0.06827617763861113
15920,0,0.33628187308532614
15921,0,0.26861096220782216
15922,0,0.3858042875728876
15923,0,0.023341614236660042
15924,0,0.09925111368428774
15925,0,0.4194404809282467
15926,0,0.002898155980065536
15927,0,0.0010307352475462796
15928,0,0.003011629065578685
15929,0,0.08612669544293129
15930,1,0.8331764342602525
15931,1,0.3955098737061801
15932,0,0.14361510246797796
15933,0,0.2415443935932394
15934,0,2.8101703009314378e-05
15935,0,0.03974003721856838
15936,0,0.15259299843356658
15937,0,0.0024687388556836167
15938,0,0.0004923953899746661
15939,0,0.0003596257260053759
15940,0,0.023575392655249564
15941,0,0.00029219297538626084
15942,1,0.16963163644514095
15943,1,0.7189090118637235
15944,0,0.15838433645908034
15945,0,0.258388976385278
15946,1,0.2048608104432405
15947,1,0.5800802837806814
15948,1,0.2437697378111829
15949,0,0.44692622136591187
15950,0,0.2726532001428044
15951,0,0.7118044587464517
15952,0,0.0049338924720399935
15953,0,0.0007380633047115979
15954,0,0.16181593493305632
15955,0,0.01844722238192242
15956,0,0.004474185843078588
15957,0,0.3754822935258052
15958,0,0.08382390132893651
15959,0,0.0038059160368449957
15960,0,0.01950153132444492
15961,0,0.0677168196267531
15962,0,0.0001621615109937275
15963,0,0.02747052851798961
15964,0,0.5389827894979947
15965,0,0.002455564391424715
15966,0,0.10606215212436815
15967,0,0.0028562494803331556
15968,0,0.04846324601729433
15969,0,0.00017541535738952263
15970,0,0.07072902747111534
15971,0,0.001956886522013736
15972,0,0.14926713373289774
15973,0,0.2247454135885468
15974,1,0.3117101356242289
15975,0,0.0002923690444155039
15976,0,0.00034269393292802485
15977,0,0.608991101055375
15978,1,0.38374149330567764
15979,0,0.32247944408224966
15980,0,0.000771151098715027
15981,1,0.379648532817691
15982,0,0.010960310413315404
15983,0,0.00233568457162929
15984,0,0.06834643566681348
15985,0,0.20560250463636381
15986,0,0.029943613490201755
15987,0,0.12845617267162257
15988,0,0.01232701078577024
15989,0,4.4423282148590846e-05
15990,0,0.014119112824509596
15991,0,0.06961240532912562
15992,1,0.28524194651558954
15993,0,0.00023055877567904485
15994,0,0.07415916701413472
15995,0,0.05757867005530452
15996,0,0.008801433919415064
15997,0,0.061898813439647364
15998,0,0.02165824837512633
15999,0,0.07259212437085479
16000,0,0.023647055876625266
16001,0,0.22081628127598593
16002,0,0.0019436735359497797
16003,0,0.02905802316235201
16004,0,0.010310112541915136
16005,0,0.5320364844855848
16006,0,0.002262431625917925
16007,0,0.391354759682572
16008,1,0.7159844850360362
16009,0,0.026730650265170974
16010,0,0.10807267112926201
16011,0,0.0895613345190944
16012,1,0.8470360120429347
16013,0,0.03407686290643909
16014,0,0.0005063395088429507
16015,0,0.06400739637010881
16016,0,0.06622810392813533
16017,0,0.0004940876697230247
16018,0,0.04619390697103729
16019,0,0.40901121339732277
16020,0,0.054608297832183246
16021,1,0.1423531744097635
16022,1,0.08317979996963601
16023,0,0.06019378008999126
16024,0,0.47663009258822603
16025,0,0.01957888121788953
16026,0,0.08088497031359891
16027,0,0.04458304837265041
16028,0,0.0004989808002677994
16029,0,0.020937323656960573
16030,0,7.771465988217947e-05
16031,0,0.1435989394464209
16032,0,0.10149227893900137
16033,0,0.10305623766287576
16034,0,0.10358538386076113
16035,0,0.0008270104470691982
16036,0,0.1924750379565034
16037,0,0.006373725268307811
16038,1,0.8206017409975787
16039,0,0.1135116326500738
16040,0,0.041846710715838696
16041,0,0.46083226757974477
16042,0,2.526396110829208e-05
16043,1,0.12947407195413504
16044,0,0.28815279420439704
16045,0,0.12097644260552665
16046,0,0.025426490946916604
16047,0,0.6212458255078971
16048,1,0.877160364161166
16049,1,0.30631040324554115
16050,1,0.6657946018969804
16051,0,0.06949896556324434
16052,1,0.15662238962695016
16053,0,0.000707136145715532
16054,0,0.16988733976244794
16055,0,0.05327590994077058
16056,0,0.0500519836437848
16057,0,0.0009476763274284145
16058,0,0.0011224817504367488
16059,0,0.11289608280337711
16060,0,0.060012675355091645
16061,1,0.6508626781944072
16062,0,0.5271538288753621
16063,0,0.0007174910223014474
16064,0,0.37032264742046495
16065,1,0.19917331071565855
16066,0,0.06301356143149088
16067,0,0.0006251572666640787
16068,0,0.1707351437474546
16069,0,0.0004050733892083937
16070,0,0.00040077618040887706
16071,0,0.2613025169593061
16072,1,0.5366708398597626
16073,1,0.6740837126137991
16074,1,0.6617466394729487
16075,0,0.0016803622658166603
16076,0,0.021429009745261653
16077,0,0.15340830644905934
16078,0,0.0011607598522986105
16079,0,0.005689758472240983
16080,1,0.7309257067047605
16081,0,0.01244360100533951
16082,0,0.0014960369226621648
16083,0,0.018539450579672313
16084,0,0.3622990782033817
16085,1,0.4374887879347423
16086,0,0.02333729565648419
16087,1,0.4559375030378231
16088,0,0.00010340477653796447
16089,0,0.00710720612472274
16090,0,0.026781966703523608
16091,0,0.008218305013479074
16092,0,0.10096876946524262
16093,0,0.24725939653903728
16094,1,0.5865017873152456
16095,0,0.6426938875238148
16096,0,5.9533103824796925e-05
16097,0,0.26863749755879307
16098,0,0.1459195055743358
16099,0,4.531171065995711e-05
16100,0,0.07520892249743512
16101,0,0.00037901109073158767
16102,0,0.37112820900016014
16103,0,0.3038972488895514
16104,0,0.0004512996899063762
16105,0,0.2974903190393223
16106,0,0.0019881219855246175
16107,0,0.8509234241184465
16108,0,0.019515546685448068
16109,0,0.0059507272765120375
16110,0,0.020412875262706787
16111,0,0.29871749552425014
16112,0,0.13554959535160874
16113,0,0.00021909679165315813
16114,0,0.0015082310728991837
16115,0,0.0016976776906568237
16116,1,0.7826865252053878
16117,0,0.002274812384835981
16118,0,0.1417236446467958
16119,0,0.006592459151018306
16120,1,0.5352302891605444
16121,0,0.0007556891024459591
16122,0,0.0029486444667639624
16123,0,0.0018583770558252858
16124,1,0.14206557272259174
16125,0,0.03629072029404448
16126,0,0.044879687658628084
16127,0,0.0053154167232718425
16128,0,0.23137234987587155
16129,0,0.004025863508241564
16130,0,0.05797238854573059
16131,0,0.01266553955176195
16132,0,0.04302069985400806
16133,1,0.02799189446429157
16134,0,0.17231986200276067
16135,0,0.005936678574585793
16136,0,0.0026472334514442888
16137,0,0.020573764118013198
16138,0,0.018710562090839156
16139,0,0.006848001702720913
16140,0,0.14718640737254624
16141,0,5.003599130739442e-14
16142,0,0.03073761642053002
16143,1,0.1278185601740097
16144,0,0.0011008883764714184
16145,1,0.5833266142708465
16146,0,0.030785665026643625
16147,0,0.0030581989503642723
16148,0,0.004409676111405097
16149,1,0.8208592865945048
16150,0,0.0030517910236056473
16151,0,0.001091137743327
16152,1,0.7518463504065737
16153,1,0.46206638788263693
16154,1,0.4009432145998132
16155,1,0.2823770005840711
16156,1,0.5103609290444648
16157,0,0.020212343936332797
16158,0,0.3292911085061008
16159,0,0.2434806812820208
16160,1,0.5215176045158098
16161,0,0.15048735559563636
16162,0,0.013280527618322137
16163,0,0.017854055615479213
16164,0,0.0020124589350469096
16165,0,0.017200001126928016
16166,1,0.34587079585495106
16167,0,0.0004856270316128702
16168,0,0.11190327129476421
16169,0,0.2401826208127333
16170,0,0.084058517298121
16171,0,0.04739307605600692
16172,0,0.10488295617101485
16173,0,0.017635656882350637
16174,1,0.8650668137908211
16175,0,0.10897824034073067
16176,0,0.40786888297282425
16177,0,0.00012537030623345258
16178,0,0.5021441533245259
16179,0,0.21518563734041418
16180,1,0.5598277687206646
16181,0,0.06679206709501158
16182,1,0.9123686818536658
16183,0,0.49414843291278104
16184,0,0.2253507448070938
16185,0,0.126175303680948
16186,1,0.334157332241969
16187,0,0.6846579675542248
16188,0,0.004008243339123137
16189,0,0.0024861385667445195
16190,0,0.0021471461898411193
16191,0,0.23535130869401358
16192,0,0.7519058532507207
16193,0,0.04005995273821571
16194,0,0.0002915810593463122
16195,0,0.52966131751831
16196,1,0.8374291016019189
16197,0,0.0003394032290707663
16198,1,0.40847715251548167
16199,0,0.010539856981487654
16200,1,0.1443618956084206
16201,0,0.01628685548956313
16202,1,0.8549688496107635
16203,0,0.0005990502971590731
16204,0,0.1247120121557951
16205,0,0.017007074541912946
16206,1,0.8017387248776727
16207,0,0.15439199849595892
16208,1,0.8155297314013377
16209,1,0.4457515695863471
16210,1,0.6324213347971749
16211,0,0.015270289079742769
16212,0,0.1180749736164244
16213,1,0.5728822966327648
16214,0,0.5259092982384865
16215,0,0.0005357334983005402
16216,0,0.02563018576481969
16217,0,1.4605361477389486e-06
16218,0,0.0003679041351843845
16219,0,0.5048480146015014
16220,0,0.1875571082006402
16221,1,0.7841595252226621
16222,0,0.00031911352498285346
16223,0,0.002294554010940128
16224,0,0.022204961933094243
16225,0,0.023089347332090514
16226,1,0.40895893210238515
16227,0,0.6851085927543079
16228,0,0.15943460115094535
16229,0,0.05777719302368564
16230,0,0.004430801936855625
16231,0,0.05081839907390787
16232,0,0.01908307307933532
16233,0,0.0326388420392099
16234,1,0.35480793312217923
16235,0,0.08379257785011743
16236,0,0.0001669964049897386
16237,0,0.04549823075279169
16238,0,0.08589957354833633
16239,1,0.6480649328739827
16240,0,0.3584126400866516
16241,0,0.0044841117296676265
16242,0,0.31817957178088585
16243,0,0.0005604040073088257
16244,0,0.25480626931559625
16245,1,0.03421414102225046
16246,0,0.001321577688325436
16247,0,0.07954025985558955
16248,1,0.39277695583611194
16249,0,0.00013136038153379627
16250,0,0.29365303643709884
16251,0,0.0008121560704697226
16252,0,0.0017675244440057962
16253,0,0.00017364629210651978
16254,0,0.05836695417429804
16255,0,0.10294431095877539
16256,0,0.01070103023082682
16257,0,0.2842676430511833
16258,1,0.7587857186050533
16259,0,0.0008886376868304642
16260,0,0.11374314240238319
16261,0,0.0012367347490998017
16262,0,0.009859655672766726
16263,1,0.7222790325519005
16264,0,0.18472480928322643
16265,0,0.02913645719997357
16266,0,0.0682635513209032
16267,1,0.5894843051343437
16268,0,0.33345534358840306
16269,0,0.03926959531616337
16270,0,0.102128403994005
16271,0,0.0024349184538300372
16272,0,0.03709924181384209
16273,0,0.10271671313707913
16274,0,0.2693262289741706
16275,0,0.06533725694254973
16276,0,0.003111495539230577
16277,0,0.005802947679259417
16278,0,0.0012723735738867836
16279,0,7.0193013667517e-05
16280,0,0.002032165357393716
16281,1,0.7114620988089679
16282,0,0.06814951903876762
16283,1,0.5918189488470064
16284,0,0.026115442548919423
16285,0,0.006199127915152836
16286,1,0.7533800620798761
16287,0,0.18154707989924007
16288,0,0.08315437049674515
16289,0,0.050352804299901334
16290,0,0.5242021419383731
16291,1,0.6757908498210267
16292,0,0.008585975349083058
16293,0,0.12436585158995696
16294,0,0.02665785586897488
16295,0,0.00010549764735108842
16296,0,0.009603694811271572
16297,0,0.004772040705437647
16298,0,0.0015935183106952455
16299,1,0.7513346357788665
16300,0,0.00031118928983727274
16301,0,0.1150278853846515
16302,0,0.06554731716885351
16303,0,0.12176127982129754
16304,0,5.7791041717786705e-05
16305,0,0.001394080460488611
16306,0,0.0041868863578290935
16307,0,0.0017213876895274007
16308,1,0.2295871328059637
16309,0,0.591721081888102
16310,0,0.00404327469876611
16311,0,0.4199640800039385
16312,1,0.8404437278941723
16313,0,0.01799257439457809
16314,0,0.00019839319450081237
16315,0,0.009938843770280835
16316,0,0.5671131946519077
16317,0,0.012916204223354849
16318,0,0.0006288490233678563
16319,1,0.5630874545755068
16320,0,0.2646426622172892
16321,0,0.1463654226010866
16322,1,0.7738670994115633
16323,1,0.18572057845161496
16324,0,0.001171775408042002
16325,0,0.030568212570172067
16326,0,0.030425351729336487
16327,0,0.060955891822911425
16328,1,0.8231931042852294
16329,1,0.5022129126812912
16330,0,0.7543222110522627
16331,0,0.00020433885852444493
16332,0,0.007149853706067806
16333,0,0.628886986861308
16334,1,0.7286295549721028
16335,1,0.4030239719217379
16336,0,0.09682834127201342
16337,0,0.002240979266696332
16338,0,0.3157119824792089
16339,0,0.4158280118167678
16340,0,0.005534586029843541
16341,0,0.0015335535766958304
16342,0,0.045742960756158815
16343,0,0.012994405164160889
16344,0,0.005241465140545209
16345,0,0.02613579397950833
16346,0,0.056037222774493474
16347,0,0.030874501127688966
16348,0,0.029146963049193446
16349,0,0.00982162345581674
16350,0,0.018745836998581934
16351,0,0.40991963179149826
16352,1,0.3897963720183811
16353,0,4.634720698460919e-05
16354,0,0.001297539448424482
16355,0,0.00020473136574035533
16356,1,0.7206264224880876
16357,0,0.015734175404432227
16358,0,0.0713097203946113
16359,0,0.010531528510047862
16360,1,0.4568219390736114
16361,0,0.0753823264656352
16362,1,0.9030025271578275
16363,0,0.008601696481755423
16364,1,0.8645885220842983
16365,0,0.12464900589333701
16366,0,0.01268949698396378
16367,0,0.03256023759789556
16368,0,0.49522085228195983
16369,1,0.7632297632374374
16370,0,0.0008948432298072598
16371,1,0.8761763587705137
16372,0,0.0780589126852511
16373,0,0.1284833508877938
16374,0,0.18261810798823422
16375,0,1.2303193536391072e-13
16376,0,0.04485919400950177
16377,0,0.0065277658926195985
16378,0,0.041134184965079895
16379,1,0.4187456462684695
16380,1,0.06364734144137497
16381,0,0.1576259795953965
16382,0,0.037101378238608894
16383,0,0.0014279019015225334
16384,1,0.3601740539010179
16385,0,0.008025643265082953
16386,0,0.027418103781136027
16387,1,0.4403120369042009
16388,0,0.049499572348238256
16389,0,0.028877589016932888
16390,0,0.008172558179950535
16391,0,0.001947501633150833
16392,0,9.880098756215063e-05
16393,0,0.2045432354660006
16394,0,4.610908502570115e-05
16395,0,0.0006198151852367044
16396,0,0.0009922088507816583
16397,1,0.45114669083226316
16398,0,0.0009121817630234162
16399,0,0.00018221669505577294
16400,1,0.2394363467445219
16401,1,0.6686766393954594
16402,0,0.0002907774808306865
16403,1,0.6785021294307627
16404,1,0.17492129637290382
16405,0,0.001659635047738724
16406,1,0.5871327205171852
16407,0,0.03327651143016886
16408,0,0.04868283518508269
16409,0,0.00432627875249725
16410,0,0.061949645922169956
16411,0,1.182963238639349e-05
16412,0,0.39149576719096957
16413,0,0.0007549137698433077
16414,1,0.6993337763665626
16415,1,0.16986550424052757
16416,0,0.0504947182618407
16417,0,0.023261891831386675
16418,0,0.28345295992742464
16419,0,0.039035928606904184
16420,0,0.11751504592213538
16421,0,0.0007905028541015527
16422,0,0.34506546062914567
16423,1,0.2128495079956006
16424,0,0.0016843727426418549
16425,0,0.005233017844638522
16426,0,0.00699825170344898
16427,0,0.5836059301399859
16428,0,0.019979337674584437
16429,0,0.17552670986368216
16430,1,0.48187615308119003
16431,0,0.10085759408702039
16432,1,0.6478475745449388
16433,1,0.6336016554823528
16434,0,0.0037603291422891967
16435,1,0.4752651007598964
16436,1,0.7013596394189272
16437,1,0.7021708370542352
16438,0,0.011012585529722407
16439,1,0.8967573706700684
16440,0,0.007894119852331903
16441,0,0.018180470956981675
16442,0,0.786317619131445
16443,0,0.009513803515150535
16444,0,0.00045319600275268393
16445,0,0.003611460979016718
16446,0,0.639735345525198
16447,0,0.3175862973588352
16448,0,0.2112512659857709
16449,0,0.015802100214491934
16450,0,0.11634598597840938
16451,0,0.6681482059345344
16452,1,0.15537606590758435
16453,0,0.7207134456714153
16454,0,0.1825394825577567
16455,0,0.03715659257602337
16456,0,0.01579683235636227
16457,0,0.009585628191259882
16458,1,0.8821731474696123
16459,1,0.761954953179623
16460,0,0.0050925228397943785
16461,0,0.0013208747558059429
16462,0,0.3698310658063772
16463,1,0.37440674409889113
16464,1,0.7654499628274699
16465,0,0.0004435720203882813
16466,0,0.3171680314676315
16467,0,0.17034280560070186
16468,1,0.6244914233426232
16469,0,0.2342458755473042
16470,0,0.0042730669080800684
16471,0,0.04527449775247651
16472,0,0.3840778854307888
16473,0,0.00033009628361214055
16474,0,0.004662506504083179
16475,0,0.00010080534468102338
16476,0,0.02567051492620802
16477,1,0.8869156089619034
16478,0,0.005397095111064625
16479,0,0.02055586216154292
16480,0,0.029953367521005907
16481,0,0.2705168806842686
16482,0,0.02715434251721565
16483,0,0.3047725611245769
16484,0,0.07614408975888937
16485,0,0.022144428736060248
16486,0,0.03513336636624771
16487,1,0.601310911843467
16488,0,0.0008327357110322102
16489,0,0.010708899863883518
16490,1,0.17045758870773087
16491,0,5.8610204148443244e-08
16492,0,0.020314755067475074
16493,0,0.016099522476889835
16494,1,0.1306480585197548
16495,0,0.03562197445025276
16496,0,0.00042357253039050435
16497,0,0.011353239474031274
16498,0,0.0025471653968736296
16499,1,0.7266035283269618
16500,1,0.2103247880300571
16501,1,0.7511135428751292
16502,1,0.8510065311887889
16503,0,0.003923412512549664
16504,1,0.46487260055261936
16505,0,0.3816955143895893
16506,0,0.018962278185305038
16507,0,0.000218557823019292
16508,0,0.109828533869564
16509,0,0.709004018086166
16510,1,0.6722749017076451
16511,0,0.28145907444533813
16512,1,0.33140222399305774
16513,0,0.009477655308756036
16514,0,0.025890041853465707
16515,1,0.6426233075046371
16516,0,0.2240643885472715
16517,0,0.0331218357210205
16518,0,0.000219501357947134
16519,0,0.04606580686130049
16520,0,0.016209287648243104
16521,0,0.36989448456428126
16522,0,0.08855347096435312
16523,1,0.3094601632763205
16524,0,0.042568881823528026
16525,0,0.03811240586729573
16526,0,0.06604126331930203
16527,0,0.17834574868308592
16528,0,0.008617101136174947
16529,0,0.10998644761537797
16530,1,0.6070240248384297
16531,0,0.21843880654142458
16532,1,0.3427166426093668
16533,0,0.036820999856668785
16534,1,0.7102273662934523
16535,0,0.1636499607506858
16536,0,0.10101219919663028
16537,0,0.6277163331168065
16538,1,0.9411736677975555
16539,0,0.3914964850186484
16540,0,0.06992236845710607
16541,0,0.0016196025966809444
16542,1,0.38869968170783276
16543,0,0.028082048520156503
16544,0,0.02860014618655608
16545,0,0.6093203346225813
16546,0,0.0005526202674984357
16547,0,0.0015055755856141382
16548,1,0.31834140732954835
16549,0,1.3793201046809134e-05
16550,0,0.017212761408049677
16551,0,0.1231752198658176
16552,0,0.00652432667829881
16553,0,0.020354825925323557
16554,0,0.22491269593929042
16555,1,0.8153785735531058
16556,0,0.030833710772870133
16557,0,0.06235996504467542
16558,0,0.657891102801696
16559,0,0.017172085565079178
16560,0,0.03826834354818854
16561,0,0.36915214863048296
16562,0,0.0044978909557025016
16563,0,0.041284086018304356
16564,1,0.5959056968694264
16565,0,0.0008772462230817032
16566,0,0.0407894767781218
16567,0,0.5157990921488016
16568,0,0.05748035286752782
16569,0,0.017489713917850903
16570,0,0.000334776306938589
16571,0,0.25758170880321757
16572,0,0.0006560843367735452
16573,0,0.0024075183231769687
16574,0,0.05564832099087712
16575,0,0.030739219073091132
16576,0,0.8800921173343922
16577,0,0.016116087941976928
16578,0,0.020127435809262108
16579,1,0.08483894658290152
16580,0,0.030974049068123503
16581,0,0.029569918134331595
16582,0,0.1462788698207761
16583,0,6.02268926884247e-14
16584,0,0.07115353322441949
16585,1,0.6333549878434396
16586,0,7.48284973500577e-05
16587,0,0.001996300908325251
16588,1,0.38070551020171406
16589,0,0.2485604223492857
16590,0,0.11101402762824408
16591,1,0.5395595776776719
16592,0,0.00039360762129934045
16593,0,0.31969731799541623
16594,0,0.0002287002625393446
16595,0,0.30757042414938496
16596,0,0.021761088548807806
16597,1,0.38704339540668636
16598,0,0.030877495200254467
16599,1,0.7861250377473633
16600,0,0.007193688611845519
16601,0,0.0030746830049293325
16602,0,1.6016820838589045e-05
16603,0,0.0069617039536660815
16604,1,0.8282747981111834
16605,0,0.22572013755036321
16606,0,0.1768609430302634
16607,1,0.613291111943414
16608,0,0.010108122235231467
16609,0,0.02380946924272863
16610,0,0.012459343420235212
16611,1,0.8138235423137992
16612,0,0.00010814557414653219
16613,0,0.001742879668157268
16614,0,0.015003549051928775
16615,0,0.0034617277391771214
16616,0,0.009857898329683326
16617,1,0.8462315415225913
16618,1,0.3883062098640929
16619,0,0.596265629041581
16620,0,0.005302641904015843
16621,0,0.3119964721594708
16622,1,0.4976581452275787
16623,0,0.0003616476867333086
16624,0,0.5301049691675238
16625,0,0.034511108214196576
16626,0,0.010620700247830137
16627,0,0.007476488392077916
16628,1,0.7144044083025171
16629,1,0.14316064970955156
16630,0,0.02392045219247401
16631,0,0.0018729421486470767
16632,0,0.22069108424115638
16633,0,2.5782520536226374e-06
16634,0,0.0020768254471847307
16635,1,0.694586174542472
16636,0,0.02823353953586874
16637,0,0.1894782502976858
16638,0,3.714319705279213e-05
16639,1,0.4521468658389878
16640,1,0.7331759632125979
16641,0,0.13736979427368348
16642,0,0.020415388562604626
16643,1,0.37095625028470286
16644,0,0.0006668981918304389
16645,1,0.573221885849656
16646,0,0.6384387186560383
16647,0,0.44152217041849573
16648,0,0.6378061909963756
16649,1,0.41505878524372447
16650,0,0.08438901742843183
16651,0,0.6450106765899899
16652,1,0.23481971429952259
16653,0,0.08021748145858698
16654,0,0.005686277637881256
16655,0,0.0437207308759537
16656,0,0.18106539142702616
16657,0,0.523026318044056
16658,0,0.08011898266786498
16659,0,0.026697754628147996
16660,1,0.2726819992314431
16661,1,0.45701767384396463
16662,0,0.43790617464637316
16663,0,0.23222006040611243
16664,0,0.0019101449122845544
16665,0,0.03770468380091304
16666,0,0.46514294936774453
16667,1,0.7019567062200827
16668,1,0.8038537400054109
16669,0,0.007494420938843606
16670,0,0.019925943215250683
16671,0,0.023643277190405963
16672,1,0.6512846089483254
16673,0,0.00891477583160005
16674,1,0.8056256036305252
16675,0,8.450028979134342e-05
16676,0,0.0005954704410377468
16677,0,0.0061571999982651246
16678,1,0.05774557979917375
16679,0,0.012869713557241747
16680,0,0.040529340902629926
16681,0,0.29180273634305204
16682,0,0.008741369777528471
16683,0,0.0087691568313771
16684,0,0.01655362904042497
16685,0,0.04239049235100283
16686,1,0.28949700147544716
16687,0,0.04711262440509343
16688,0,0.005246200193783469
16689,0,2.5585854332623227e-05
16690,0,0.23498237690106
16691,1,0.3103671728129872
16692,0,0.04141526713987673
16693,0,0.35951064823546336
16694,0,0.02127493201551894
16695,0,0.09640886472965755
16696,0,0.021814387102982186
16697,0,0.0004341666295017753
16698,0,0.005418000204914882
16699,0,0.022088666523073296
16700,1,0.41278963129061336
16701,0,0.009527199514963539
16702,0,0.3412290990471488
16703,1,0.47410885606097514
16704,0,0.0002681405909980272
16705,0,0.0007437291488211219
16706,0,0.012474293451186806
16707,0,0.008437833470491785
16708,0,0.003422189214330889
16709,0,0.04731234022122625
16710,0,0.22751897802880397
16711,0,0.00033960230392936794
16712,0,0.03666940228087775
16713,0,0.00787307695258144
16714,0,0.020747974110940214
16715,0,0.0013351392870217644
16716,0,0.0383300090888116
16717,0,0.6395353325859302
16718,1,0.0766932406170389
16719,0,0.027281420158227238
16720,0,0.010216306025928086
16721,0,0.00834475481079728
16722,0,0.10562725194723549
16723,0,0.018743305105468268
16724,0,0.0008184383804657327
16725,0,0.31873372476690526
16726,0,0.031832449661893816
16727,0,0.16615933784665357
16728,1,0.5074821827890937
16729,0,0.0017203969720920658
16730,1,0.6140044330462517
16731,0,0.0037586008215598887
16732,0,0.07210494033525842
16733,0,0.013431410032893389
16734,0,0.008496225296609646
16735,0,0.0076728544685628515
16736,1,0.7908201236265874
16737,0,0.5939469986534947
16738,0,0.5920239219914545
16739,0,0.024728086620537493
16740,0,0.005891435732029098
16741,0,0.01075314124748327
16742,1,0.7044416061266814
16743,1,0.41655144408217387
16744,0,0.02307849728673628
16745,0,0.015846909808591186
16746,0,0.0004686434387259297
16747,0,0.29037561548028795
16748,0,0.002743544324320829
16749,0,0.005254349921867084
16750,0,0.15421729645097382
16751,0,0.0026885605600395052
16752,0,0.022872845945420526
16753,1,0.796780389919946
16754,0,0.029909959377895173
16755,0,0.0011048512916170107
16756,1,0.9327153851165454
16757,0,0.9671947904868979
16758,1,0.4246193457488826
16759,0,0.00517555318272308
16760,1,0.7744905668686409
16761,1,0.35299085642969413
16762,0,0.014823984184511321
16763,1,0.8208819934345399
16764,0,0.0008792186336806231
16765,0,0.411179452527211
16766,0,0.28479562545130366
16767,0,1.7773880641426434e-05
16768,0,0.19388654823776527
16769,0,1.429102042950509e-05
16770,0,0.0002547630459347476
16771,0,0.06700743215874559
16772,0,0.7191128795501618
16773,1,0.48275207170421325
16774,0,0.46325985642065587
16775,1,0.8294741516931813
16776,0,0.010550700205078305
16777,0,0.03612913099619844
16778,0,0.10557618349438934
16779,0,0.0008863406679085052
16780,1,0.15489900471227105
16781,0,0.07877783314036241
16782,0,0.02089712481277131
16783,0,0.005778124415963104
16784,0,0.015120942267623678
16785,0,0.01913814143156093
16786,0,0.02872781415459812
16787,0,0.3820700273125612
16788,0,0.1668641978715595
16789,0,0.35233443662523267
16790,0,0.5963692855327383
16791,0,0.1004364532351619
16792,0,0.015856176560936606
16793,1,0.7661314361335891
16794,0,0.09026105453835474
16795,0,0.12785766337150176
16796,0,0.015599664555800355
16797,0,0.29183875851996316
16798,0,0.03803892618370821
16799,0,0.4788660560331916
16800,1,0.9030363216026357
16801,0,0.14341933666940013
16802,1,0.7248739855468298
16803,0,0.14818793006478412
16804,0,0.002339711170342809
16805,0,0.0035915665816335265
16806,0,0.10382024038401866
16807,0,0.013677036121487357
16808,0,0.20346663629854
16809,0,0.0624029666128139
16810,0,0.025190877252960542
16811,0,4.460396338374434e-05
16812,0,0.004896011005414967
16813,0,0.04838169842584166
16814,1,0.49424589638862476
16815,0,0.24574759120087186
16816,0,0.009497329574483637
16817,0,0.14816189551093886
16818,1,0.19725977659722124
16819,0,0.008435801074008343
16820,0,0.12429015666003979
16821,0,0.11403134562933713
16822,0,0.012730278732863325
16823,1,0.9125929458978712
16824,1,0.760704096679373
16825,0,0.00014992288167032988
16826,0,0.018403924620472675
16827,0,0.0031633402827284697
16828,0,0.06818220796663488
16829,0,0.008492210291183796
16830,0,0.08054173511573198
16831,0,0.6034787137909065
16832,0,0.10614081733440955
16833,1,0.4347983201311837
16834,0,0.008509771995489057
16835,0,0.10208614637836642
16836,1,0.6822057186853188
16837,0,0.003371586084531142
16838,0,0.5559068065060758
16839,0,0.010237529909709397
16840,0,0.0021222276265293917
16841,0,0.0014943509565651756
16842,0,0.00015893204056453275
16843,1,0.8128415042195474
16844,0,0.0004465805841431895
16845,0,0.014712102442933968
16846,0,0.03661984016292591
16847,0,0.23190754021271756
16848,0,0.09489887054366625
16849,0,0.00822134796960337
16850,0,0.02092067678499255
16851,0,0.00996475508605603
16852,0,0.0005852751237686128
16853,0,0.10893865052054033
16854,0,0.008039802638401034
16855,1,0.5623362494924449
16856,0,0.69414507026561
16857,0,0.007121964500437121
16858,0,0.0971191199847257
16859,0,0.0128238498104092
16860,0,1.2496264459154496e-05
16861,0,0.010766919178024211
16862,0,0.011017150450602255
16863,0,0.16168913791218092
16864,0,0.004557116078186121
16865,0,0.6229174904573476
16866,0,0.0919626672543068
16867,1,0.5886140267094313
16868,0,0.0026267335268472243
16869,1,0.4927803218891613
16870,0,0.016920078673393284
16871,1,0.8352007803369236
16872,0,2.1655669561464332e-07
16873,0,0.003976953192543597
16874,0,0.08370033336767022
16875,0,0.0006385217264363563
16876,0,0.15110577094734437
16877,0,0.542702513155672
16878,0,0.2685241974248155
16879,1,0.8674496895182495
16880,1,0.49551718716231447
16881,0,0.10609328368184927
16882,0,0.5172654234416669
16883,0,0.025501396021621412
16884,0,0.004173849126890514
16885,0,0.436223102344556
16886,0,0.006519176006016753
16887,0,0.10144475202721887
16888,1,0.054196587139971
16889,0,0.0002124465143295329
16890,0,0.611263867824774
16891,0,0.7032129721217893
16892,0,0.03889658633675673
16893,0,0.00036012908425107177
16894,0,0.018778233155893966
16895,1,0.41364419570321903
16896,0,0.012413580731623037
16897,1,0.6641345385537333
16898,0,0.11223395551044511
16899,0,0.0024868680655375968
16900,1,0.8508459686170926
16901,0,0.03756225642282245
16902,0,8.367619773588268e-05
16903,0,0.5006730400012376
16904,0,0.042504158175810776
16905,1,0.05539712304438511
16906,0,0.2152974831971233
16907,0,0.029085318542156104
16908,0,0.5242275831703604
16909,1,0.8657025566938138
16910,0,0.0003607834154876461
16911,0,0.029690582064845705
16912,0,0.798979629738631
16913,1,0.7196867054898994
16914,0,0.14763738763738013
16915,0,5.3552568744154716e-05
16916,0,0.024619194706073436
16917,0,0.003996382802055313
16918,0,0.10256704693356582
16919,1,0.42734943344990234
16920,0,0.0010533143362746083
16921,0,0.0739700216573836
16922,0,0.09866449050612824
16923,1,0.7995507832784428
16924,0,0.0001603463762765575
16925,0,0.00011545289207698451
16926,0,0.049371710850684355
16927,1,0.4799367160207353
16928,0,0.04569524498206457
16929,0,0.47328728984783114
16930,0,0.06789223888568022
16931,0,0.002303024583134741
16932,0,1.1001410333427428e-05
16933,0,0.011105406103063088
16934,0,0.017436363455693868
16935,0,0.0063247172960676475
16936,0,0.10899381805668626
16937,0,0.006069120176701545
16938,1,0.713823939779792
16939,0,0.0002228091182889467
16940,1,0.8504059448926629
16941,0,0.027902599668363972
16942,0,0.04374529469120472
16943,0,0.0035357014209670885
16944,0,0.005396208295559508
16945,0,0.14914173046179532
16946,0,0.05602590714094688
16947,0,0.6873723505054259
16948,0,0.08089650160083306
16949,1,0.5775385642043473
16950,0,0.49637939261612063
16951,1,0.7604316516095602
16952,0,0.038791503907097034
16953,1,0.9027619493535948
16954,0,0.0208494717968827
16955,0,0.035052456921298936
16956,0,0.01230299481583281
16957,0,0.00371898417592195
16958,0,0.02574918558933495
16959,0,0.003466697936773681
16960,0,0.00569190161334564
16961,0,0.0010116554405629357
16962,0,0.024257405023657936
16963,0,0.00532804927365081
16964,0,0.09822292444664547
16965,0,0.0006535095458572817
16966,0,0.0014017542603996056
16967,0,0.033384542516285316
16968,0,0.007142134859903168
16969,0,0.02559550140709468
16970,0,0.008432729749738188
16971,0,6.810167948301782e-05
16972,0,0.11349759416925528
16973,0,0.0007365999581456114
16974,0,0.36733401268773563
16975,0,0.18906287373213326
16976,0,0.20851270496081198
16977,0,0.006198250527056918
16978,0,0.3865191389840029
16979,0,0.006274167631389561
16980,1,0.4348488092621368
16981,0,0.0015055864472698517
16982,0,0.13675779208822536
16983,0,0.08220915111378528
16984,1,0.5808988296689197
16985,0,0.14827514009831166
16986,0,0.005262525853022742
16987,0,0.0013577885469782704
16988,0,0.05414920750106695
16989,0,0.31542062878275845
16990,1,0.48760260233208574
16991,0,0.10121784080488276
16992,0,0.01734644769437568
16993,1,0.6570456798156787
16994,0,0.18671830461684683
16995,0,0.19349634311276886
16996,0,0.006114290469428374
16997,0,0.06329027072091549
16998,0,0.9531989515519302
16999,1,0.6940784896351783
17000,0,0.00019956677769859807
17001,0,3.508803139728199e-05
17002,1,0.8569107401087814
17003,0,0.006760320141602297
17004,0,0.21507465722507965
17005,0,0.007324206567854792
17006,0,0.037962034083583215
17007,0,0.004165765157321422
17008,0,0.1916199400473182
17009,0,0.5983190464025425
17010,0,0.33316104437204014
17011,0,0.0020253890982888365
17012,0,0.00017699495509163458
17013,1,0.6903423220330094
17014,0,0.01971085818196285
17015,0,0.008966561330389939
17016,0,0.0034882606898938855
17017,0,0.0005422903950478255
17018,0,0.05457636212762925
17019,0,2.5975313024423894e-05
17020,0,0.20641802272151383
17021,1,0.8036019860507987
17022,0,0.07708310530032775
17023,0,0.0057221578202293275
17024,0,0.24032299183832853
17025,0,0.02067007478672006
17026,0,0.23137018174589563
17027,0,0.05521732283354775
17028,0,0.0004450780839252362
17029,0,0.12684968766330168
17030,0,0.035056888942354106
17031,1,0.14087127281168035
17032,0,0.2698304060009377
17033,0,0.00026205886580095064
17034,1,0.8514585788081098
17035,0,0.8101606968685707
17036,0,0.05151826838193289
17037,1,0.2619412503065819
17038,0,0.7783801909555723
17039,1,0.6206111724482795
17040,0,0.05411430894494302
17041,0,0.3649365775376911
17042,0,0.33541861089351355
17043,0,4.534699611284785e-15
17044,0,0.0020058074044461377
17045,0,0.002653474007495062
17046,0,9.875454846525652e-13
17047,0,0.19287862328781774
17048,1,0.7773906039365203
17049,0,0.0033253661283311198
17050,0,0.6048372561612113
17051,0,0.5868030081721736
17052,0,0.360320578921254
17053,0,0.6305607537412061
17054,1,0.14122714802650344
17055,0,0.09738257301303159
17056,0,0.020855081097186173
17057,1,0.5682316679521893
17058,0,0.005967880637553778
17059,0,0.006161843356206288
17060,1,0.8812470189628673
17061,0,0.21912544655351765
17062,0,0.00013381628215434514
17063,0,0.007170987165446596
17064,1,0.5241693022564718
17065,0,0.510481264393323
17066,0,0.002644405601519553
17067,0,0.044120433665047636
17068,0,0.0009255511604003638
17069,0,0.0024081107963157345
17070,0,0.11873160235345157
17071,0,0.4472646523903245
17072,0,0.001986252271411451
17073,1,0.15730460250697395
17074,0,0.005470453920737219
17075,0,0.011489207513245083
17076,0,0.013726269632347871
17077,0,0.0020282801443279232
17078,0,0.06481452785151832
17079,0,0.05018175312367581
17080,0,1.6421254370914653e-05
17081,0,0.00020627151265731846
17082,0,0.0019840438118136437
17083,0,0.02781894262653922
17084,0,0.26494943884469313
17085,0,0.19198401160318895
17086,0,0.00011223308985536805
17087,0,0.2456793876662821
17088,1,0.6817955800601065
17089,0,4.092189814356491e-05
17090,0,0.0006507038473989171
17091,0,0.13404638866056115
17092,0,0.0003008873255480207
17093,0,0.005100839201359675
17094,0,0.007265004193145434
17095,0,0.0023988631715288707
17096,0,0.49249001556257366
17097,1,0.6467300471445294
17098,0,0.005330730185359216
17099,0,0.08898028130663857
17100,0,0.006554562828377948
17101,0,0.02291517540608346
17102,0,0.0026350260351627698
17103,0,0.480203084407037
17104,1,0.3681999242025199
17105,1,0.4830636478439571
17106,0,0.003911709309310866
17107,0,0.19087845192991754
17108,0,0.026489816328466316
17109,0,0.050578282541837695
17110,1,0.638634819941774
17111,0,0.0031118833700335955
17112,0,0.0011924220934207987
17113,0,0.056843967143739606
17114,0,0.0018040591350385307
17115,0,0.16761078286963432
17116,0,0.45023818743271005
17117,0,0.3069255189626043
17118,1,0.6719442162229695
17119,1,0.6469765391537824
17120,1,0.9239247236132448
17121,0,0.4078944172753741
17122,0,0.009532599338688209
17123,0,0.04995066577199553
17124,0,0.058239380248486294
17125,0,0.3666679553804952
17126,1,0.5053590854453306
17127,0,0.0332092575897285
17128,0,0.011822073889549055
17129,0,0.05141076162506488
17130,1,0.7295409650445253
17131,0,0.004179747687255921
17132,0,0.0851837730792885
17133,0,0.3757547386332315
17134,1,0.6936674237934679
17135,1,0.6115073542423917
17136,0,0.00013751542545433198
17137,0,0.0011900492015951003
17138,1,0.2576125087834324
17139,1,0.8973220639662586
17140,0,0.03243968672546147
17141,0,0.18006356927509085
17142,0,0.0011822815555863665
17143,0,0.00023850494512896923
17144,0,0.30173434069988947
17145,1,0.749698688456183
17146,0,0.009748019445599455
17147,0,0.07351405551614432
17148,0,0.159757175204586
17149,0,0.025187783334227005
17150,1,0.502476675185503
17151,0,0.02653691607998368
17152,0,0.6411877373922386
17153,0,0.0037287026048613003
17154,0,0.18825204293323483
17155,0,0.09102984727097473
17156,0,0.001164081735355663
17157,1,0.8144541308333427
17158,0,0.11272423629346447
17159,0,0.016210012951427037
17160,0,1.387616464462739e-05
17161,0,0.008439130990726117
17162,0,0.11718848909972356
17163,0,0.009503782084158606
17164,0,0.009156595843257268
17165,1,0.8198422246199148
17166,0,0.03040287099302186
17167,1,0.09973159437683507
17168,1,0.677148873754952
17169,0,0.10765230695055795
17170,0,8.519749398666175e-05
17171,1,0.777671778723524
17172,0,0.0942460076745272
17173,0,0.0016214114794225955
17174,0,0.15533701538347297
17175,0,0.40629308776330125
17176,1,0.7956541307078548
17177,1,0.8544371869319011
17178,0,0.17957195234611195
17179,0,0.006808687808489594
17180,0,0.7172521067932732
17181,1,0.8316799483652404
17182,0,0.6401692180424992
17183,0,0.005981143201741974
17184,0,0.004347533755112868
17185,0,0.08820598046816971
17186,0,0.37520050587144943
17187,0,0.0013906595740855907
17188,0,0.08458502493010185
17189,0,0.02491742615619237
17190,0,0.07023616154212711
17191,0,0.011507802395514279
17192,0,7.385820443859863e-05
17193,0,0.0013604434486301675
17194,1,0.5108828425253271
17195,0,0.007316508576281944
17196,0,0.021457857478819117
17197,1,0.37346687621566754
17198,0,0.7574876912864693
17199,0,0.001915727129824333
17200,0,0.16076851778200968
17201,0,0.10386149173763876
17202,0,2.5296705606513126e-07
17203,1,0.4828619688867541
17204,1,0.2589914233481858
17205,1,0.8873229070777722
17206,1,0.2755116986056629
17207,0,0.13777241001477455
17208,0,0.0005067640137272969
17209,1,0.6134984822909033
17210,0,0.0016416783042874326
17211,0,0.0004707195963587309
17212,0,0.005482311489873084
17213,0,0.02488602505625371
17214,1,0.1862172726923512
17215,0,0.016312616569955238
17216,0,0.007740894034810994
17217,0,0.6657373760737285
17218,0,0.0022065423495205754
17219,0,0.017483736905467326
17220,0,8.579452750083663e-05
17221,0,0.08349284041735511
17222,0,0.0020759129596285186
17223,0,0.32075978004422145
17224,0,0.46529292940116795
17225,1,0.6976026600433828
17226,0,0.381889690608577
17227,0,0.012381144801310275
17228,0,0.029340925186567394
17229,0,0.07596717842925538
17230,0,0.1850636047258162
17231,0,0.005993618989804711
17232,0,0.019507306687251192
17233,0,0.19300901566578577
17234,0,0.004507056822185951
17235,0,0.04763474513030918
17236,1,0.41999092324743154
17237,1,0.09940416714398227
17238,0,0.09656325182860113
17239,0,0.37194138568185925
17240,0,0.0034233243823703955
17241,0,0.006141669102082099
17242,0,0.20161492747445653
17243,0,0.004666026243372494
17244,0,0.837334101078027
17245,1,0.2721650263038139
17246,0,0.00117499872367144
17247,0,0.04265623196699669
17248,0,0.057345817038854795
17249,0,0.009804511775808418
17250,0,0.0007336975425993067
17251,1,0.8148315758827641
17252,1,0.8515677018883018
17253,0,0.04596383137849139
17254,1,0.4608985919870954
17255,0,0.062159093556146995
17256,0,0.8309608227598064
17257,1,0.8366484090507575
17258,0,0.010443042964593929
17259,0,0.07278095025121932
17260,0,0.013850652998930457
17261,0,0.005290689677906621
17262,0,0.05681498195340288
17263,0,0.007012322903456585
17264,0,0.031383789803251315
17265,0,0.020925755652548773
17266,0,0.06591624842906944
17267,0,0.0009486085790735199
17268,0,0.01415030935846472
17269,0,0.22822719122583082
17270,1,0.8870061164345543
17271,0,0.08020300237543335
17272,1,0.44076146047710796
17273,0,0.5195973838019357
17274,1,0.49279767919271816
17275,0,9.010061876224898e-05
17276,0,0.0006535578710388992
17277,0,0.000521252819890065
17278,0,0.16901799280132682
17279,0,0.23609273354090748
17280,0,0.006542626484504642
17281,0,0.004467164467232408
17282,0,0.004691645435992568
17283,0,0.1026342298942874
17284,0,0.0004924948004664347
17285,1,0.4738944658118394
17286,0,0.003161349110057347
17287,0,0.001243856534565361
17288,0,0.08495971764083173
17289,1,0.8088634653667816
17290,1,0.47238842058846464
17291,0,0.006864067686479141
17292,0,0.000667831556626802
17293,1,0.013936278215725665
17294,0,0.0427585443016048
17295,1,0.49340732299888357
17296,0,0.025512324983615043
17297,0,0.3770086231792272
17298,0,0.5920654984507391
17299,0,0.16024453135299943
17300,0,0.0016451551829119685
17301,0,0.0002703884270311681
17302,0,0.010377085431607367
17303,0,0.2889463259842491
17304,0,0.05243888425876567
17305,0,0.021768517802992587
17306,0,0.017771073456862588
17307,0,0.007861736202093931
17308,1,0.8793352923381316
17309,0,0.1164667865941201
17310,0,0.12094294470910522
17311,0,0.6877297057167162
17312,1,0.3486980386913735
17313,0,0.009556788960998154
17314,0,0.014603145662568696
17315,1,0.23994170415493568
17316,0,0.0027450655167164974
17317,0,0.5737958038422126
17318,0,0.02449528283529004
17319,0,0.0022373209006203067
17320,0,0.055542587941270524
17321,0,0.0925629857079167
17322,1,0.1854447463285452
17323,0,0.33939270513782693
17324,0,0.0001976980297131322
17325,0,0.0005101496525288499
17326,0,0.00047272587774168734
17327,0,0.028235948744855414
17328,0,0.004110162420121604
17329,0,0.7427746179157865
17330,0,0.6935226867786264
17331,1,0.5857201403292928
17332,1,0.10204311976298391
17333,0,0.020425715071810128
17334,1,0.5754063593272442
17335,0,0.035205116042639296
17336,0,0.004740371754316067
17337,0,0.00018112172895658126
17338,0,0.1122415445470621
17339,0,0.03232479294176673
17340,0,0.07955409264882737
17341,1,0.8434765709325773
17342,0,0.19307197336272874
17343,0,0.02731415133724891
17344,0,1.0210610857781022e-05
17345,0,0.8371223396817407
17346,0,0.008818561517400432
17347,0,0.26909408881299957
17348,0,0.2636067583894269
17349,0,0.032918816100807394
17350,1,0.5269535709946253
17351,1,0.4253943537159236
17352,0,0.22422897982060286
17353,0,0.007732159901898857
17354,1,0.7085838292933978
17355,0,0.0047464341669586334
17356,0,0.2631438665026151
17357,0,0.7963371502424357
17358,1,0.16380572197417045
17359,0,0.0033691002797449784
17360,0,0.09302610874870065
17361,0,0.20005880580135948
17362,1,0.048037414704472516
17363,0,0.0023067733434703527
17364,1,0.8125908005962783
17365,0,0.3975791176858332
17366,0,0.007357063217237173
17367,0,0.02687525253047604
17368,0,0.3946307817600472
17369,0,0.04881926283340377
17370,0,0.0014235189736159276
17371,0,0.017791155587661353
17372,0,0.003137040638736028
17373,0,0.09553449687234364
17374,1,0.4705281529880601
17375,0,0.36110552286759917
17376,1,0.19971992109849274
17377,1,0.2529961171551937
17378,0,0.11852157279168836
17379,0,9.529493803322782e-05
17380,0,0.20653486160980025
17381,0,0.00031917857350861894
17382,1,0.5720759730674257
17383,0,0.3957443681810612
17384,0,0.8499603264798608
17385,1,0.6934733999411679
17386,0,0.0003419775272439293
17387,0,0.0048142190041417475
17388,0,0.14144822688101188
17389,0,0.039316769224247636
17390,0,0.5805172061944233
17391,0,0.07299204339122863
17392,0,0.029432703869885644
17393,1,0.8432786818844294
17394,0,0.011997148185828517
17395,0,0.1709402919414368
17396,1,0.6121348898333291
17397,0,0.3804534528394336
17398,0,0.00453950452552358
17399,0,0.16768187673834486
17400,0,0.04321719319001487
17401,0,0.0001109682325197375
17402,0,3.27620338082247e-05
17403,1,0.5493510062378751
17404,1,0.14379669563694528
17405,0,0.034406565476083964
17406,1,0.7751549679912042
17407,0,0.041054874272324175
17408,0,0.050603161117858404
17409,0,0.055477273309530714
17410,0,0.002031140831238106
17411,0,0.0004482242052662853
17412,0,0.004132360578306147
17413,0,0.1081150451343091
17414,0,1.595220780634704e-05
17415,0,0.0007964684536411586
17416,0,0.00013679412177552755
17417,1,0.9310035498911547
17418,0,0.003713986881941389
17419,1,0.8733194349933722
17420,0,0.2513142491949483
17421,0,0.12779409438571257
17422,0,4.335292214457571e-05
17423,0,0.010226531224005212
17424,0,0.10781652702613624
17425,0,0.07033756181865639
17426,0,0.000245847756766485
17427,0,0.04872162211102504
17428,1,0.9394004244822701
17429,0,0.40983743272589707
17430,1,0.5166342932122177
17431,0,0.1633907636917878
17432,0,0.7022403568047916
17433,1,0.8157129984141182
17434,0,0.06902904196460545
17435,0,0.009709526924693093
17436,0,0.23598051015028224
17437,0,0.18419241727337674
17438,0,0.07182440821083924
17439,0,0.0015448998745406426
17440,0,0.39730768167950264
17441,0,0.007051229320483243
17442,1,0.4588730974116794
17443,0,0.5816757249630379
17444,0,0.02137296403080953
17445,0,0.0030290379866423373
17446,0,0.005368867314177195
17447,0,0.006760348569126173
17448,0,0.5552979576476309
17449,0,0.151048885711566
17450,0,0.00216457843110358
17451,0,0.0023441946365951897
17452,1,0.7618019915201916
17453,0,0.2617319770755846
17454,0,0.005583652668946991
17455,0,0.0067820983592256755
17456,0,0.0039009211764372367
17457,0,0.0156694909134527
17458,0,0.007654911798669239
17459,0,0.0450580780878471
17460,0,0.007157353022407057
17461,1,0.5718890344198022
17462,0,0.029699570003240163
17463,1,0.6606211318673135
17464,0,0.3020323016362321
17465,0,0.01692940209551609
17466,0,0.005483280027310484
17467,0,0.12488526879350116
17468,0,0.024744552275399526
17469,0,0.0025598569189681257
17470,0,0.003686807616851966
17471,0,0.5731159443776065
17472,0,0.012705782917668216
17473,0,0.3307198774275818
17474,0,0.0033090768112405316
17475,0,0.5555900584590149
17476,0,0.5629066793087465
17477,0,0.08503733262308082
17478,0,0.004008570671420826
17479,1,0.8799486972452668
17480,0,0.025669548172076426
17481,0,0.012081072564089178
17482,0,0.2586740549433916
17483,0,0.6724215904760956
17484,0,0.002726098451645717
17485,0,0.0006259489538977541
17486,0,0.02032398905642543
17487,0,0.003757620058898997
17488,0,0.0009523024552164286
17489,1,0.666542031156931
17490,0,0.13683704560574747
17491,0,0.07613653722845616
17492,0,0.0057036008585899444
17493,0,0.0011854948736987037
17494,1,0.806795845473991
17495,0,0.2501660789968052
17496,0,0.5339767175233827
17497,0,0.007570295487329795
17498,0,0.1285222982039606
17499,0,0.008462281172310418
17500,0,0.08021805197194486
17501,0,0.6016980748688008
17502,1,0.3924103333919412
17503,1,0.4580409820221052
17504,0,0.014302347456307589
17505,0,0.004246782703332991
17506,0,0.0453200149581733
17507,0,0.4517971506151865
17508,0,0.01087793204077434
17509,1,0.7792811621438386
17510,0,0.2718449014992953
17511,0,0.0007086718713525163
17512,0,0.012757459264844765
17513,0,9.097154390535929e-05
17514,0,0.41967003642762735
17515,1,0.6172347757541089
17516,0,0.5039200071915276
17517,0,0.0024160607575330166
17518,1,0.922764011420053
17519,0,0.0012959020677450934
17520,1,0.8431502920945486
17521,0,0.12332557277785919
17522,0,0.062046523299584655
17523,0,0.00044458776436665404
17524,0,0.00012452393775904796
17525,1,0.881868936836692
17526,1,0.6613579395866916
17527,0,0.06642785339602486
17528,0,0.0010496229852557978
17529,0,0.07025190542929594
17530,0,0.20477725125438284
17531,0,0.413806786142708
17532,0,0.598229565167172
17533,1,0.6662677480669765
17534,0,0.001278468807438798
17535,0,0.1315869479461153
17536,0,0.10677350046093911
17537,0,0.44309592183371077
17538,0,0.011836110600417185
17539,0,0.0008774376291854327
17540,1,0.6090766780041877
17541,0,0.0008490279054899918
17542,0,3.021713443554819e-05
17543,0,0.007431312740091651
17544,0,0.1295180754034764
17545,0,0.09635179653962188
17546,1,0.7555927615661198
17547,0,0.15227232955109182
17548,0,0.06236054108705249
17549,1,0.8062593541381055
17550,0,0.5510461880003212
17551,0,0.2110779204184965
17552,0,0.053806939329421655
17553,0,0.06789560491962648
17554,0,0.00024367528846173147
17555,1,0.34518348804590543
17556,0,0.00043803336770450264
17557,0,0.0007605832422222931
17558,0,0.04166352434912582
17559,0,0.00011121427956464082
17560,0,0.1189880496110116
17561,1,0.6230035026654954
17562,1,0.6944145475658549
17563,0,0.002457931125024863
17564,0,0.009209527587351798
17565,1,0.36148003237868875
17566,0,0.10045606966652555
17567,0,0.001733308461809342
17568,0,0.07892505937575123
17569,0,0.8230685009728678
17570,0,0.6305232271263639
17571,0,0.0008525459162416068
17572,0,0.5388225862646117
17573,0,0.009991693717479197
17574,0,0.013543897711195196
17575,0,6.586950986361457e-06
17576,0,0.03468636314289653
17577,0,0.00035424910684542075
17578,1,0.7729393634853338
17579,1,0.3779685856227887
17580,0,0.12930400919237456
17581,0,0.6352021097068414
17582,1,0.8225875083441808
17583,1,0.7650155094905272
17584,0,0.36475234761671327
17585,0,0.010230649408774602
17586,0,0.00020030443847733002
17587,0,0.090735192881559
17588,1,0.8754250886465013
17589,0,0.35758038596091174
17590,1,0.22878086323558577
17591,0,0.09535963459603429
17592,0,0.0036236672925003704
17593,0,0.14091683841848637
17594,0,0.08245502362231819
17595,0,0.20308668059879706
17596,0,0.0007632096998368473
17597,0,0.19791103333599608
17598,0,0.0003977291383391383
17599,0,0.4490038310657322
17600,0,0.03229778491708775
17601,0,0.07470333288255086
17602,0,0.0024426245375174377
17603,0,0.7493779825536242
17604,1,0.30984908415299356
17605,1,0.5718669535215103
17606,0,0.7393069154647778
17607,0,0.19938226162578326
17608,1,0.7759371895380461
17609,0,0.0004424531533127133
17610,0,0.00017238458998505637
17611,0,0.005729317136487826
17612,0,0.6952848125269243
17613,0,0.0034166758107146804
17614,1,0.16899010440416673
17615,1,0.46484692799564115
17616,0,0.2975051161552128
17617,0,0.002693731721724837
17618,0,0.33330134640106096
17619,0,0.08891608089572263
17620,0,0.020596379790580037
17621,0,0.0156471764682075
17622,0,0.08933671472369215
17623,1,0.1771580208773253
17624,1,0.6739455728772088
17625,0,0.010595070700255659
17626,0,0.00887804802464856
17627,0,0.010231628904322504
17628,0,0.042732130105607516
17629,0,0.029311227946244096
17630,0,0.0006866003090952189
17631,0,0.5100514741121122
17632,1,0.951725411557521
17633,0,0.13236014244791253
17634,1,0.9085731544543648
17635,0,0.17169452583131636
17636,0,0.014343293030806123
17637,0,0.0037629648153286828
17638,0,0.0011050080252366311
17639,0,0.005687121751718088
17640,1,0.2630010904218949
17641,0,0.0047707592315233745
17642,0,0.009431531113170244
17643,0,0.059441233518947985
17644,0,0.044836298965260236
17645,0,0.00018808896156259427
17646,1,0.4501536628033311
17647,0,0.057003065614006525
17648,0,0.031011366176740076
17649,0,0.006458917817055929
17650,0,0.005772179455209041
17651,1,0.36620088591144884
17652,0,0.0726786246217118
17653,0,0.03908410959070056
17654,0,0.1842313227989456
17655,0,0.04486791716934701
17656,1,0.8275295425097953
17657,0,0.26997361784518725
17658,0,0.05036324342968728
17659,0,0.002759328584725566
17660,0,0.004088558273626849
17661,0,0.15575364475228365
17662,0,0.14894240612173298
17663,0,0.008346025712004362
17664,0,0.021058814417101886
17665,0,0.0002733486932180753
17666,0,0.2989016758575024
17667,1,0.6141375479651148
17668,0,0.3512112097878762
17669,0,0.0025636993993830956
17670,0,0.19610232462953858
17671,0,0.05854733395320871
17672,0,0.07940683437098353
17673,1,0.7370769408760842
17674,0,0.23025522848804617
17675,1,0.649728293635074
17676,0,0.00989445561303803
17677,0,0.006628372616360815
17678,0,0.02392048975716598
17679,0,0.007411925752043439
17680,0,0.000295553038560376
17681,1,0.7428168560724075
17682,0,0.013538469588049497
17683,0,0.006504131930474139
17684,0,0.016778222295432743
17685,0,0.6475016455454642
17686,0,0.0002026060637746362
17687,0,0.02594678051989302
17688,0,0.22742633989106867
17689,0,0.11370500953746969
17690,0,0.23094085584501078
17691,0,0.14716314853552392
17692,0,0.000558475998984071
17693,0,0.06876068898057516
17694,0,0.012434589434056863
17695,0,0.0453128672339509
17696,0,0.042666838169303195
17697,1,0.44906290177273894
17698,0,0.01357629722218178
17699,0,0.0007526902367765067
17700,0,0.06414868960887103
17701,0,0.0012471486022469524
17702,0,0.5982137823955365
17703,1,0.9095930825815306
17704,1,0.07242078584956181
17705,0,0.17309771784141276
17706,1,0.5443106590133383
17707,0,4.155040561137695e-05
17708,0,0.002264306310516504
17709,0,0.01707119967018586
17710,0,0.03210777722223498
17711,0,0.007868870588129987
17712,0,0.4181312539553111
17713,0,0.14042530896669897
17714,0,0.04460473196253304
17715,1,0.28255555521141035
17716,0,0.0025812413399966616
17717,1,0.816548676576349
17718,1,0.671093015652788
17719,0,0.146287051140851
17720,0,0.06365168345762137
17721,0,0.0009863339528708168
17722,0,0.09374025131026587
17723,1,0.6823375538184286
17724,0,0.05220188650440633
17725,0,0.5670650710443763
17726,0,0.0022747072761632823
17727,0,0.005034568303072504
17728,0,0.039828235156226716
17729,1,0.8590942893251201
17730,1,0.8271146862214752
17731,0,0.033390116040888
17732,0,0.5150463642135243
17733,0,0.002863261912877958
17734,1,0.463031196962147
17735,0,0.0001451481055066771
17736,0,0.013080403282219807
17737,0,0.005632279704318799
17738,0,0.011212336085096699
17739,0,0.005227753809920597
17740,0,0.045083494332318966
17741,0,0.29078305713961466
17742,0,0.02275374924833888
17743,0,0.0040108155669632654
17744,0,0.009630389283070771
17745,0,0.232407208630428
17746,1,0.8068039537915074
17747,0,0.008209573848417553
17748,0,0.13542946251758636
17749,0,0.1497101508315964
17750,0,0.012868012525834768
17751,0,0.5416134911035996
17752,0,0.11354830921928097
17753,0,0.15244581156588746
17754,0,0.16601309549166574
17755,0,0.0051646334529116275
17756,0,0.004928080611594159
17757,0,0.0012100974449180504
17758,1,0.048903889173000696
17759,0,0.5387842251167473
17760,0,3.805765014549144e-05
17761,0,0.6663966034306937
17762,0,0.0189705951817391
17763,0,0.09237074079446403
17764,1,0.657284422365152
17765,0,0.5754364150221843
17766,0,0.023392996746061233
17767,0,0.006997259861919497
17768,0,0.04059820202798831
17769,0,0.0029275274479240872
17770,0,7.38724171042384e-05
17771,0,0.05550809903018995
17772,0,0.08263398711932264
17773,0,0.0020826231445608195
17774,0,0.00732294635051588
17775,0,0.45886575812847025
17776,0,0.11830474703813065
17777,0,0.03432363115559015
17778,0,0.23580221185229155
17779,0,0.15139139162392196
17780,0,0.01124595927488755
17781,1,0.22876248770526972
17782,0,0.0021606258584621557
17783,0,0.35508556044765865
17784,0,0.015563791753029734
17785,0,0.05282127555235503
17786,0,0.0007891319302926188
17787,1,0.07288551775660096
17788,0,0.034709976677780204
17789,0,0.01991956454773826
17790,1,0.4854009721938141
17791,0,0.061265431795160065
17792,0,0.3191103676519142
17793,0,0.21479675861797168
17794,0,0.0006217716723561607
17795,0,0.1705952518247712
17796,0,0.05683628416614984
17797,0,0.003975173751519797
17798,0,0.0024546433060314873
17799,0,0.0005231857510763773
17800,0,0.0011975356134188875
17801,0,0.0037460684648984825
17802,0,0.004872960373822602
17803,0,0.5761802851828149
17804,0,0.002170693521798855
17805,1,0.5012616575032469
17806,0,0.003831324661016145
17807,1,0.19865544263364834
17808,0,0.040268039352304386
17809,1,0.880006530293327
17810,0,0.006593494753385579
17811,0,0.03305972525281882
17812,0,0.3795323804983293
17813,1,0.7805490209913222
17814,0,0.4443679352921428
17815,1,0.8928824727810042
17816,0,3.3426274105211864e-05
17817,0,0.01016762966697862
17818,0,0.7110546899174142
17819,0,0.36410483247378006
17820,0,0.18528487142591402
17821,0,0.1900483429015431
17822,0,0.00021224081190603295
17823,0,0.010214414982081407
17824,0,0.021953047069891162
17825,0,0.01836071944808997
17826,0,0.5086732777666889
17827,0,0.024552168041997766
17828,0,0.00582763433604035
17829,0,0.022359746800123412
17830,0,0.5627585439856371
17831,0,0.19913769224125813
17832,0,0.02785584680006539
17833,0,0.18484931850729933
17834,0,0.02598356185154891
17835,0,0.23159163790128923
17836,0,0.012893255342092735
17837,0,0.6958699263484761
17838,0,0.0006402173038314047
17839,0,0.0001910597606101361
17840,0,0.04863386068689699
17841,0,0.03877340587599878
17842,0,0.0015892281366678925
17843,1,0.6355819954534153
17844,0,0.053394131575367536
17845,0,0.00042162551943887187
17846,1,0.679228520550787
17847,0,0.06122963282380329
17848,1,0.43363215619148726
17849,0,0.03741807792999429
17850,0,0.04920214154664897
17851,0,0.051827899060598946
17852,0,0.001160804353296139
17853,0,0.0005379992284179976
17854,1,0.8943143253418971
17855,0,0.016217953092656858
17856,0,0.38835009200501674
17857,0,0.07932523645395528
17858,1,0.08089329216106281
17859,0,0.31527376529935536
17860,0,0.5517828677633921
17861,0,0.0006890174305662299
17862,0,0.04188982333221873
17863,0,0.0005721646405961355
17864,0,0.1451197440956056
17865,1,0.7482279392590638
17866,0,0.0042862511154632185
17867,1,0.7448655412015021
17868,0,0.277934884599185
17869,0,0.345110839452708
17870,0,0.0012432604081022574
17871,0,0.0014256907685675593
17872,0,0.01178031866958185
17873,0,0.006219970588477307
17874,0,0.6224134834469138
17875,0,0.008857993304220022
17876,1,0.05176721536355144
17877,1,0.6882522093637411
17878,1,0.4220997967632966
17879,0,0.06025434410707887
17880,0,0.00021158127334995172
17881,1,0.26154542729727637
17882,0,0.0096045336497891
17883,0,0.0002968952725841075
17884,0,0.3618628366000103
17885,1,0.04581213187356428
17886,1,0.6597800645508733
17887,0,0.0913820734739564
17888,0,0.6065376133727984
17889,0,0.24293923416328342
17890,0,0.07486344802206753
17891,0,8.811562767266274e-05
17892,0,0.22956885602913402
17893,0,0.39238307298671393
17894,1,0.746778679728992
17895,0,0.03424569221275204
17896,0,0.03789440911737972
17897,0,0.0010267471620644872
17898,0,0.3086766376093272
17899,0,0.004600190529838898
17900,0,0.03257404214186136
17901,0,0.021182292357508986
17902,0,0.02562565431392491
17903,0,5.404894656319232e-05
17904,0,5.5410065283942355e-05
17905,0,0.0022369649467614433
17906,0,0.09196115012373994
17907,1,0.5727113481878202
17908,0,0.36311598169269943
17909,0,0.8037660555782538
17910,0,0.22460786638975053
17911,0,0.0001350697679618949
17912,0,0.002112556070871473
17913,0,0.01069690899826501
17914,0,0.024490728810467835
17915,0,0.038038145294276474
17916,0,0.14738893496249633
17917,0,0.43568053745013735
17918,1,0.010888477135181368
17919,1,0.8003477521869453
17920,0,0.0032202028623315873
17921,0,0.042391755292294594
17922,0,0.0008646650677492125
17923,0,0.1938577109639983
17924,0,0.025975051993563193
17925,0,0.3670532439447465
17926,0,0.0011044375985712637
17927,0,0.00048740801462343223
17928,0,0.03188165712438504
17929,0,0.30546088049317943
17930,1,0.1451061588646095
17931,0,0.00012694256192198177
17932,0,0.521677226492871
17933,0,0.03888112199176479
17934,1,0.6374129480543177
17935,0,0.07539849921752502
17936,0,0.050045339329851335
17937,1,0.4678381798039785
17938,0,0.5117837281392673
17939,0,0.0009701146833055404
17940,0,0.001605315109498318
17941,1,0.09296166780474675
17942,0,0.27039467182580396
17943,0,0.0943490926073104
17944,0,0.039932052750208204
17945,0,0.009000539860246027
17946,1,0.7882263337336898
17947,1,0.5118911089527006
17948,0,0.021717133204842382
17949,0,0.011865127812074848
17950,1,0.5166039003740138
17951,0,0.0003719092468330323
17952,1,0.8765098967385999
17953,0,0.007234764109893155
17954,0,0.532366874527555
17955,0,0.21715089472689972
17956,0,0.8277176832109296
17957,0,0.006117594957831837
17958,0,0.7702950147491163
17959,1,0.1919272326272647
17960,0,0.07108318108124353
17961,0,0.008039297585729502
17962,0,0.11417728035903059
17963,0,0.027418453321827085
17964,1,0.7857563899125805
17965,0,0.03309369439037346
17966,0,0.0038043755806569817
17967,0,0.0006098733762140557
17968,0,0.12211199631638922
17969,0,0.092463579666717
17970,1,0.8050623689740785
17971,0,0.06360756142704914
17972,0,0.00018891536665802008
17973,0,0.0004931137542759031
17974,0,0.02345101895573888
17975,1,0.8265860043301986
17976,0,0.004581698053606995
17977,1,0.7443733458345503
17978,1,0.7601291466577735
17979,0,0.0009364571719732217
17980,1,0.11745433376020831
17981,0,0.0024872080201487332
17982,1,0.4083516518671534
17983,0,3.394869004450702e-09
17984,0,0.018791618449963507
17985,0,0.2608026866725923
17986,1,0.6806456726386985
17987,0,0.025625268079687992
17988,0,0.2530764510061295
17989,1,0.2742534516236677
17990,0,0.019297647322586545
17991,0,0.1416008067009821
17992,0,0.01115431034015604
17993,0,0.0849399596503544
17994,0,0.1410596165801734
17995,1,0.5248544349115262
17996,0,0.047117644909004656
17997,0,0.019337773685486677
17998,0,0.002790241776020214
17999,0,0.040500042697399534
18000,0,0.03188014098770669
18001,0,0.03317123633395713
18002,0,0.09542345267973625
18003,0,0.24591217217872413
18004,0,0.23346219471519053
18005,0,0.004556005932061779
18006,1,0.33508938879268685
18007,0,0.053755303403428385
18008,0,0.240489297842597
18009,0,0.02349538527433196
18010,0,0.06566194818117421
18011,0,0.001595230629338764
18012,0,8.974198141097147e-05
18013,0,0.1840289920894746
18014,0,0.031019320314436293
18015,0,0.03568431334022675
18016,0,0.011899136610667724
18017,1,0.4364846364605808
18018,0,0.07175911424177678
18019,0,0.0020219882410976754
18020,0,0.2679146184682149
18021,0,0.040566343317948284
18022,0,0.011300630283888868
18023,0,0.09758870009152776
18024,1,0.9066182849308627
18025,0,0.037645052982901536
18026,1,0.9306593768889463
18027,0,1.680316687262827e-05
18028,0,0.014408409829216972
18029,1,0.7730133149390969
18030,0,1.669363464992903e-05
18031,0,0.33705967636860024
18032,1,0.6543833793434183
18033,1,0.4893056261514723
18034,1,0.5344836294746487
18035,0,0.004558828319705197
18036,0,0.027546713050097104
18037,0,0.00019012050779860688
18038,1,0.5009223481173285
18039,0,0.00042360440505041737
18040,1,0.5174845827795241
18041,0,0.007421871430397022
18042,0,0.11672597656509517
18043,0,0.13547409197285123
18044,1,0.753641048119895
18045,0,0.059665651453250514
18046,0,0.005321300236098211
18047,0,0.050382846252375504
18048,0,0.016994019824646215
18049,0,0.25060284929784976
18050,1,0.6960066351684925
18051,0,0.4385946270902521
18052,0,0.17256703825382166
18053,0,0.0156440591057704
18054,0,0.00023465221295422155
18055,0,0.573301328661764
18056,0,0.5066474365481368
18057,1,0.6894663722513413
18058,1,0.38500874507296345
18059,0,0.012828561029036279
18060,1,0.7873183750444838
18061,0,0.09192814213350839
18062,0,0.47099277721522104
18063,0,0.009888725274398314
18064,0,0.004902752286736397
18065,0,0.5481464275886755
18066,0,0.0011760055170103412
18067,0,0.09312308161251928
18068,0,0.04345672095135043
18069,0,0.1572476527420355
18070,1,0.7564910523474198
18071,0,0.11281775599141594
18072,0,6.468730839982255e-05
18073,0,0.16234744498960815
18074,0,0.2477039757504983
18075,0,0.004761642317018656
18076,0,0.07213897818700311
18077,0,0.006201835367900546
18078,0,0.01754422667420625
18079,0,0.002295302137492318
18080,0,0.009118610008670215
18081,0,0.8171361411166156
18082,0,0.030833439523836683
18083,1,0.686557108721754
18084,0,0.08528882894020724
18085,0,0.0006760222674310581
18086,0,0.011386758815728834
18087,0,0.012093723638839034
18088,1,0.7100149232684454
18089,0,0.019747635219040407
18090,1,0.9114535400477335
18091,0,0.011583115873342698
18092,0,0.020123529430724273
18093,0,0.0053060748018873
18094,0,0.0006807597410935259
18095,1,0.9069264972367872
18096,0,0.3705885404000172
18097,0,0.04383851885221242
18098,0,0.06538830510329546
18099,0,0.05044055923805229
18100,0,0.05145889946557306
18101,1,0.8805826784888123
18102,0,0.000580855360867975
18103,1,0.876302908933016
18104,0,0.4660326094291975
18105,1,0.5572812784575207
18106,0,0.0009104082774145161
18107,0,0.1999055574152614
18108,0,0.03833430983777082
18109,0,0.00020104726040711987
18110,1,0.1918274802500253
18111,1,0.5629209045555812
18112,0,0.006284516530620358
18113,0,0.00032498231200158605
18114,0,0.45520064433112734
18115,0,0.004999877215968172
18116,0,0.03498196006747164
18117,0,0.10087851446993043
18118,1,0.8408005002429276
18119,0,0.04524057148677567
18120,0,0.020579834095706656
18121,0,0.007085072079835177
18122,1,0.2282197064540955
18123,0,0.00030511449511908407
18124,1,0.5229898556184102
18125,0,0.019957755795536325
18126,0,0.007250235996776229
18127,0,0.17110947591813455
18128,0,0.9230189666001305
18129,0,0.059022410282792225
18130,1,0.8423024548989048
18131,0,0.0034861111588544926
18132,0,0.4573753115472307
18133,1,0.6059877804478478
18134,0,0.002250631451303053
18135,0,0.336587127184351
18136,0,0.0009282559964878611
18137,0,0.003890268549528279
18138,0,0.004471073224412907
18139,0,0.4526564407298005
18140,0,0.00783834732570576
18141,0,0.0051497648920180526
18142,0,0.5681910865226978
18143,0,0.031862653927077704
18144,1,0.5180804964178749
18145,0,0.03783913563865772
18146,0,0.13086695402842757
18147,0,0.002388940507176036
18148,0,0.05628779071664376
18149,0,0.003773401567720767
18150,0,0.628532589429034
18151,1,0.24004422507491177
18152,0,7.79166741491911e-05
18153,0,0.49363163690461087
18154,0,0.00561844736038092
18155,1,0.48644678179390866
18156,1,0.8396603443558837
18157,0,0.6010079420164567
18158,1,0.42246372341105365
18159,1,0.2958449600671235
18160,0,0.012776367550089146
18161,1,0.008574326324546792
18162,0,0.0011112378582723982
18163,0,0.06596697222010538
18164,1,0.3905711382091276
18165,0,0.0002504968381381214
18166,0,0.06639269872386189
18167,0,0.07098611166377224
18168,0,0.0748699022488548
18169,0,0.34956898369932476
18170,0,0.030216619146663532
18171,0,0.03543639000542039
18172,0,0.14968915293414634
18173,0,0.020476596017000397
18174,1,0.4628148948449637
18175,0,0.00129821563654974
18176,0,0.250296231970422
18177,1,0.9388253476014615
18178,0,0.11952688723875879
18179,1,0.7286917788934699
18180,0,0.036114582651194556
18181,0,0.10318143658156
18182,1,0.36399444869117803
18183,0,0.07216277563413862
18184,0,0.0033017457596914894
18185,0,0.07423647401292495
18186,0,0.0339560966285722
18187,0,0.03134713982756831
18188,0,0.0590871140070136
18189,0,0.00989168658140109
18190,0,0.0005622649229018881
18191,1,0.4821950464255439
18192,0,0.5690182443108207
18193,0,0.05509133210169592
18194,0,0.6214750591866364
18195,0,0.0008191082959801494
18196,1,0.5546612059293974
18197,0,0.001743881841391626
18198,0,0.6779333288355776
18199,0,0.5021471057686645
18200,0,0.00044573517356769093
18201,0,0.00031127036973708626
18202,0,0.0036986233427663186
18203,0,0.0031741749360455775
18204,0,0.00842636354869662
18205,1,0.5561531152811492
18206,0,0.3977308050494279
18207,0,6.845736826079371e-05
18208,1,0.17274459119980876
18209,0,1.4831749005752009e-05
18210,0,0.1121048265135981
18211,0,1.7593503740981625e-05
18212,1,0.8609107166732975
18213,0,0.026922624827671996
18214,0,0.0008218422339508324
18215,0,0.006652746421533972
18216,0,0.002719563915797609
18217,0,0.0009454646733125419
18218,0,0.0001462218567210905
18219,0,0.0015500284520178998
18220,0,0.05006586345652574
18221,0,0.03758486753561757
18222,1,0.282608661525401
18223,0,0.09679684232400386
18224,0,0.06119161728040586
18225,0,0.5418042926265443
18226,0,0.024220275304974094
18227,0,0.015040867042604695
18228,0,0.06132472272087466
18229,0,0.005972756636881417
18230,0,0.0026739231761958556
18231,0,0.00860635619885157
18232,1,0.8208689299887276
18233,0,0.009934122611900695
18234,1,0.026697075278422917
18235,0,0.12213775977350134
18236,0,0.0005412339151810038
18237,1,0.12399421476017504
18238,0,0.26292445596943725
18239,0,0.026158018999409397
18240,0,0.6808923676373547
18241,1,0.38622765469418957
18242,0,0.00034368584693985753
18243,0,7.183153202744524e-05
18244,0,0.028208515763946333
18245,0,0.0009682498806127339
18246,0,0.018260004391784154
18247,0,0.19862546174879736
18248,0,0.0006064955274303281
18249,0,0.02348065057003319
18250,1,0.6134258518730934
18251,0,0.09719300375790985
18252,0,0.16373327599696416
18253,0,0.00033434827914654246
18254,1,0.35959702920178827
18255,0,0.000414338155724826
18256,1,0.26663428426816277
18257,0,0.0024132157129640197
18258,0,0.0018344449530031891
18259,0,0.036716827488917476
18260,0,2.8287493773085355e-05
18261,1,0.9144282154904045
18262,1,0.7964617082010894
18263,0,0.01668697957971567
18264,0,7.714214181085065e-13
18265,1,0.5589207662559055
18266,0,0.6903577760236462
18267,0,0.5433727178215456
18268,1,0.3760148612719454
18269,0,0.014939516427688773
18270,1,0.8762781959333298
18271,0,0.0014741379400303285
18272,1,0.7611255214257739
18273,1,0.8551288722806534
18274,0,0.31704497707298573
18275,1,0.3370367981301603
18276,0,0.6856512735513964
18277,0,0.11883877182195915
18278,0,0.04911984865373628
18279,1,0.7592818725408278
18280,0,0.0036008879081775662
18281,1,0.7988084676241267
18282,0,0.509937809369425
18283,0,0.007470776789010642
18284,0,0.00018493881712082282
18285,0,0.002680270567774254
18286,0,0.003199587954912205
18287,0,0.04185646853282736
18288,0,0.0014550027908193839
18289,0,0.019791757232052617
18290,0,0.030982709662625982
18291,0,0.003442426989304299
18292,0,0.018385605136263514
18293,0,0.11366286399102593
18294,0,0.002927521535739224
18295,0,0.10732577652607635
18296,1,0.8562360139275025
18297,0,0.21521084631972612
18298,0,0.0014241216931204764
18299,0,0.015065829955769052
18300,1,0.7677437820392973
18301,1,0.8143819140827974
18302,1,0.36317749287560563
18303,0,0.01606341912247094
18304,0,0.023521885550649532
18305,0,0.005848297505438987
18306,0,0.27835864004919714
18307,0,0.0070752204803207165
18308,0,0.1649791862863834
18309,0,0.008529908210036803
18310,1,0.6231517286037659
18311,1,0.6619837142531609
18312,1,0.32788057368110113
18313,1,0.8202154256559787
18314,0,0.30550124032937753
18315,1,0.6037634815124497
18316,1,0.5022922008346367
18317,0,0.24037501351149965
18318,0,0.307830162840664
18319,0,0.00022794615435738324
18320,0,0.009609347307249343
18321,0,0.07515312255752767
18322,0,0.23213218801194888
18323,0,0.16666193708217047
18324,0,0.06671447816164516
18325,0,0.041795665910668627
18326,1,0.7269669713829675
18327,0,0.05065833538329226
18328,0,9.396535514290061e-08
18329,0,0.2373998953978554
18330,0,0.0030598844250208958
18331,0,0.476653224064861
18332,0,0.000437322027338104
18333,0,0.006819421682894384
18334,0,0.02784647416911627
18335,0,0.013867799320891503
18336,0,0.33095651760375283
18337,0,0.0629464055071569
18338,0,0.22362217808748439
18339,0,0.08973911441892171
18340,0,1.3119128028789042e-05
18341,1,0.3742933812669442
18342,0,1.090253074997389e-05
18343,1,0.2708232537413087
18344,0,0.00036865489967986316
18345,0,0.5111325522693945
18346,0,0.02687474237321239
18347,0,0.007695115326531755
18348,0,0.0005260997186649763
18349,1,0.5344049942118907
18350,0,0.35458654070980516
18351,0,7.001154786175227e-05
18352,0,0.021283595936634297
18353,0,0.11176231719262972
18354,0,0.008860083053608215
18355,0,0.02213208229226347
18356,0,0.00015743460212271822
18357,0,0.027543165604150918
18358,0,0.021482838566049055
18359,0,0.06745670880319384
18360,0,0.05094976688241417
18361,0,0.2593081729449578
18362,0,0.0029193732001271465
18363,1,0.5128353004326952
18364,0,0.01703907093692681
18365,0,0.03590572786620164
18366,0,0.004591002967163927
18367,0,0.024631840623819096
18368,1,0.48317496120434483
18369,0,0.0014950046052664087
18370,0,0.26306736862803665
18371,0,0.18000074244961448
18372,0,0.19821089745426856
18373,0,0.557767195743943
18374,0,0.001932422966454579
18375,1,0.6900119124512344
18376,0,0.052171019601493826
18377,0,0.2717651618851622
18378,0,0.02595083525400132
18379,0,0.07747534308325515
18380,0,0.0005573653922183674
18381,0,0.010058023860618113
18382,0,0.025992441278498722
18383,0,0.11507085700389884
18384,0,0.006352578432947136
18385,0,0.0007716323729841545
18386,0,0.10359688117512554
18387,0,0.496489800375781
18388,0,0.0003575878003608389
18389,0,0.0016167611221310793
18390,0,0.01128339702862273
18391,1,0.6396665632514172
18392,1,0.5029355388450386
18393,0,0.0016011113440372378
18394,0,0.06353395268085997
18395,0,0.03326279708452063
18396,1,0.7333920162903099
18397,0,0.7818471765441872
18398,0,0.01642990837331641
18399,0,3.17234968610328e-05
18400,1,0.4141687526586411
18401,0,5.063585387314643e-05
18402,0,0.005268790532559458
18403,0,0.04374860173752806
18404,0,0.9206781439568895
18405,0,0.06180916332336942
18406,0,0.022393201430014994
18407,1,0.5461945301171524
18408,0,0.04757188215039294
18409,0,0.010729834694147674
18410,0,0.04158857066797188
18411,0,1.256078688111532e-05
18412,0,0.662464425468108
18413,0,0.24969179619054538
18414,0,0.08722072861278035
18415,0,0.1509335155202366
18416,1,0.4459344643755676
18417,0,0.008063865742189244
18418,0,0.004286674229725962
18419,0,0.7621421652338866
18420,1,0.4169537518419397
18421,0,0.01164679599991762
18422,1,0.49008759067265106
18423,0,0.10049666198339673
18424,0,0.005530513234736754
18425,0,0.13052955507813976
18426,1,0.6899968154412788
18427,0,0.0530439036373269
18428,0,0.061644317037186924
18429,0,0.002122573524663877
18430,0,0.02387680031091419
18431,0,0.8922172646107079
18432,0,0.06189095860091921
18433,0,0.22868279513675374
18434,0,0.004224242284211794
18435,0,0.0022298194965567684
18436,0,0.12450901351618428
18437,0,0.045962054535748795
18438,0,0.000373259076193538
18439,0,0.23449820127588472
18440,0,0.017130887603906235
18441,0,0.06614994238616657
18442,0,0.5463283451068308
18443,0,0.004372089966403896
18444,1,0.7496740429490286
18445,0,0.030626080895843382
18446,1,0.7389786227216087
18447,0,0.00018747905247253613
18448,0,0.8464669987479343
18449,0,0.00017225663819536567
18450,0,0.21701359167417478
18451,0,0.023877508940046175
18452,0,0.00566570952745987
18453,0,0.021033545221301367
18454,1,0.39012756454607617
18455,0,0.009570640992279063
18456,0,0.032724447705877034
18457,0,0.0017682618371310437
18458,0,0.009913802937949068
18459,0,0.0016505891190103136
18460,1,0.8703491529018859
18461,1,0.47553838866116194
18462,1,0.21428514473241136
18463,1,0.35239345168068714
18464,0,0.12508896496511
18465,0,0.0086946263657215
18466,1,0.7877052307521154
18467,0,0.11013212598940432
18468,0,0.00019787310457776086
18469,0,0.05968237653137844
18470,0,0.006350341872264585
18471,0,0.09991700036028871
18472,1,0.4425461746148107
18473,0,0.10007219108599753
18474,1,0.5920896092420821
18475,0,0.007158135904822332
18476,0,0.015807798188544935
18477,0,0.002092093765223303
18478,0,0.09823511418354179
18479,0,0.01717010303177235
18480,0,0.48728068196117597
18481,1,0.7542879631079521
18482,0,4.824575093536249e-05
18483,0,0.03260076781487582
18484,1,0.8005073004341118
18485,0,4.2743094725151416e-05
18486,0,0.0013211055099459795
18487,0,0.09130576469863981
18488,0,0.02581483443717598
18489,1,0.6339900193265996
18490,0,0.13834539585329128
18491,0,0.04047663748080692
18492,0,0.12865446871401584
18493,1,0.7538145752669112
18494,0,0.0007341321472006946
18495,0,0.014289477629680082
18496,0,0.049873444169963005
18497,1,0.9164915310013705
18498,0,0.018409913175871245
18499,0,0.0014894578411893283
18500,0,0.15555833039369518
18501,0,0.003525943006966699
18502,0,0.012326975061053897
18503,0,0.002702921737636012
18504,0,0.043569789391622336
18505,0,0.0006619463319380359
18506,0,0.23339167492812793
18507,0,0.015868602239671452
18508,1,0.8739496635126975
18509,1,0.6590478816881445
18510,0,0.000860630186125062
18511,0,0.0026843116274750077
18512,0,0.0657720512813225
18513,1,0.1831609289558463
18514,1,0.36122156291820645
18515,0,0.019343978817887342
18516,0,0.7748059110484853
18517,0,0.016749767695735274
18518,1,0.17175522486251937
18519,1,0.6402623107468526
18520,0,0.00022627611208560745
18521,0,0.002039228220641427
18522,0,0.006511828983643713
18523,0,1.5076965590585636e-05
18524,1,0.2849468286314902
18525,0,0.03288617073580669
18526,0,0.008070586413419035
18527,0,0.015300560466646315
18528,0,0.030173553511318157
18529,0,0.003052254597765146
18530,0,0.028537459383482813
18531,1,0.4086244039936025
18532,0,0.056571210255166864
18533,0,0.17077707750634827
18534,0,0.8229847076972026
18535,0,0.06737733961754971
18536,0,0.03266458973115336
18537,0,0.04701712258118486
18538,1,0.8214553905299866
18539,0,0.5753041002596901
18540,0,0.40522301770598257
18541,0,0.21056414669854248
18542,0,0.004278508851465476
18543,0,0.0010977371159617269
18544,0,0.06809673795244396
18545,0,0.0001010776723190708
18546,1,0.9408874088146592
18547,0,0.2189688406931851
18548,0,0.11143447700743449
18549,0,0.3868849000598329
18550,0,0.00019183595931968552
18551,0,9.34447258519032e-06
18552,0,0.13715956628773204
18553,1,0.576312385287067
18554,0,0.2108769040013699
18555,0,0.21829389965415671
18556,0,0.3029410359672058
18557,0,0.0015389214751763585
18558,1,0.80058885951775
18559,0,0.0022164073519433496
18560,1,0.8954510977540965
18561,0,0.002068210496230901
18562,0,0.033064766277903716
18563,0,0.010536343908234222
18564,0,0.00021703019533989083
18565,0,0.003109397168966342
18566,0,0.005821939290072554
18567,0,0.19280829688789017
18568,0,0.28669686692323765
18569,1,0.6568262642992118
18570,0,0.022340787648007076
18571,0,0.00699640367933306
18572,0,0.004727886203504432
18573,0,0.27451271947262856
18574,0,0.6176870062821316
18575,0,0.255053247143987
18576,0,0.711381771783741
18577,1,0.5146351411547724
18578,0,0.7839071883712174
18579,1,0.6232786581084504
18580,0,0.008642991866817327
18581,1,0.6142935012679774
18582,0,0.038114457571312696
18583,1,0.04929473318328722
18584,1,0.9103194904068406
18585,1,0.7451354595064001
18586,0,0.035713328229996386
18587,0,0.04881032036406832
18588,0,0.579392636624482
18589,0,0.8298688237283038
18590,0,0.13780272170280147
18591,1,0.6919304457210195
18592,1,0.6326342094111246
18593,0,0.3207529640780748
18594,0,0.7428548201810362
18595,0,0.6210285169703555
18596,0,0.010218921220045267
18597,1,0.8964651504246185
18598,0,0.5395194151081885
18599,0,0.14363694614129316
18600,0,0.42365344495835733
18601,0,0.0011169462938978838
18602,0,0.00033874252722483037
18603,1,0.7932749025219674
18604,1,0.7470341702395088
18605,0,0.33332739660626337
18606,0,0.0001837080789047607
18607,0,1.53951485422618e-05
18608,0,0.27937971457474203
18609,1,0.7367260551204194
18610,1,0.886904474290336
18611,0,0.11647036019195385
18612,0,0.010886886559121596
18613,1,0.8532198254715246
18614,0,0.0004869312158133813
18615,0,0.02062811974947951
18616,0,0.002652067701798127
18617,1,0.3189934810819363
18618,0,0.0007063980418770264
18619,1,0.6927747844391595
18620,0,0.39537191358606105
18621,0,0.0026788128870995367
18622,0,0.017397642368708912
18623,1,0.8324875743286689
18624,0,0.0011435720873937546
18625,1,0.18737611213727523
18626,0,0.051766695094664035
18627,0,0.24121632160917786
18628,0,0.8038054146928023
18629,1,0.7285174361233362
18630,0,0.03743844070428704
18631,0,0.41498239660936254
18632,0,0.015450859365478253
18633,0,7.801732880271514e-05
18634,0,0.09951648960652466
18635,0,0.14853109381323198
18636,0,1.9603660832878855e-05
18637,0,0.24396796371021628
18638,0,0.5450930284028006
18639,0,0.32275585649414434
18640,0,0.007465843579769724
18641,0,0.030096555079496306
18642,0,0.5094399287086302
18643,0,0.008404334038836182
18644,0,0.004863450983681482
18645,0,0.0002217024023410906
18646,0,0.011627170799617354
18647,1,0.7203127295841306
18648,0,0.004066634474969351
18649,0,6.35541581757612e-06
18650,0,4.0546915886897303e-05
18651,0,8.761804408360368e-05
18652,0,0.0005052418216565425
18653,0,0.004680002388493999
18654,0,0.002026347915777295
18655,0,0.4243924153289475
18656,1,0.14660247483647723
18657,0,0.06197582078501434
18658,0,8.177512546638111e-07
18659,0,0.012684723386924623
18660,0,0.006146788054211299
18661,0,0.0166600640631377
18662,0,0.09689257667921859
18663,0,0.004765615142600165
18664,0,0.02181716606240806
18665,0,0.2191836416895946
18666,0,0.41207871230710486
18667,0,0.0008243128370828844
18668,0,0.003177008379977331
18669,0,0.0005590346416113161
18670,0,0.48423934654045225
18671,0,0.27404937766963033
18672,0,0.5506684382689481
18673,1,0.9326556204149204
18674,0,0.0690396013134973
18675,0,0.008296938556082689
18676,0,0.47907121056198554
18677,0,0.008321701353103958
18678,0,0.0045358861759082205
18679,0,0.006172639351168623
18680,0,0.08611346520585444
18681,0,0.0028853153942271412
18682,0,0.16476047797199692
18683,0,0.07012261660121522
18684,0,0.0228898054258779
18685,0,0.0707469182297813
18686,0,0.00039818506372354593
18687,0,0.49650042233932956
18688,0,9.215647634199306e-06
18689,0,0.0023686498538876047
18690,0,8.156934564996693e-05
18691,1,0.6580505962284998
18692,0,0.0005783745797983316
18693,0,0.0001778125511011166
18694,0,0.03961040779542529
18695,0,0.01043350465930752
18696,0,0.0018938573302940767
18697,1,0.356285783539307
18698,1,0.35304442036738287
18699,0,0.013687835262092617
18700,0,0.0019373886587356296
18701,0,0.039387079995468255
18702,0,0.0026202048050191834
18703,1,0.47468090251351414
18704,0,0.0037950409026325516
18705,1,0.7409141075660135
18706,0,0.4279339287517748
18707,0,0.48980830402373166
18708,0,0.1959134120523327
18709,0,0.37249596594028744
18710,0,0.04672683852591923
18711,0,0.00048554600101481665
18712,0,0.15383264126954468
18713,1,0.34800505977710755
18714,1,0.09008276206619414
18715,0,0.0005859342536327208
18716,1,0.35011131673609724
18717,1,0.8439333160316628
18718,0,0.010477153246881784
18719,1,0.5102050945845189
18720,0,0.00020197069343828706
18721,0,0.005082107984147007
18722,1,0.8703860836102559
18723,0,0.15848309460288537
18724,0,0.02183384237654686
18725,0,0.06235201465513909
18726,1,0.9194110296739152
18727,0,0.10896995962374945
18728,1,0.5383480104777081
18729,0,0.11531033499453412
18730,0,0.06419145930031754
18731,0,0.00011239164764467563
18732,0,0.001235114603242777
18733,0,0.009504530690233992
18734,0,0.14636366780086651
18735,0,0.0017087984952634215
18736,0,0.0005190762740003575
18737,0,0.17633697866439155
18738,1,0.2184564796738006
18739,0,0.3188046979474128
18740,0,0.5363989446743428
18741,0,0.011901580755103947
18742,0,0.032308345238307855
18743,0,0.2342310979239129
18744,0,0.0009408322645303412
18745,0,0.14387496560473306
18746,1,0.6772882335565552
18747,0,0.010873593502146646
18748,1,0.1686764587700294
18749,1,0.08777017334328155
18750,0,0.03366212152005622
18751,0,0.04965721410870832
18752,0,0.0015751041826768057
18753,0,4.20651616058421e-05
18754,0,0.0704254421143192
18755,0,0.03550314601624889
18756,0,0.9125993172258172
18757,0,0.0013747089167271862
18758,0,0.10485640918145188
18759,0,0.2067619964383974
18760,0,0.0004454312330447828
18761,0,0.0011116644450655116
18762,1,0.5932609287992279
18763,0,0.004834188498003498
18764,0,0.3870495509252084
18765,0,0.0164501712004835
18766,0,0.19087268225174917
18767,1,0.1247007039219555
18768,0,0.000950187478824146
18769,0,0.002024485931416678
18770,0,0.8886368740020919
18771,1,0.6729231787126837
18772,0,0.003811463529884689
18773,1,0.24836704371721782
18774,1,0.4409737222011123
18775,0,0.08738673690030581
18776,1,0.9145532114191338
18777,0,0.005418833442603207
18778,0,0.004618830665137316
18779,0,0.006169790772744739
18780,0,0.03446821940671845
18781,0,0.07653570637829886
18782,0,0.09497609390446367
18783,0,0.008648750754461806
18784,0,0.02302448942914053
18785,1,0.8693735588676063
18786,0,0.4823692081363957
18787,1,0.5264983684958503
18788,0,0.07508536893338119
18789,0,0.024545189558315965
18790,0,0.5365255241231178
18791,1,0.7913802684443569
18792,0,0.0033889055873151364
18793,0,0.004863875061937013
18794,0,0.052099154730891724
18795,0,0.013082046797572426
18796,0,0.01891594651264952
18797,0,0.019522863003172537
18798,0,0.00013076655344842144
18799,0,0.017849373483874748
18800,0,0.3078831691144208
18801,1,0.63321090353631
18802,1,0.4282398306830168
18803,0,0.03879407935346802
18804,1,0.8647939091437665
18805,0,0.0036289612669864343
18806,0,0.02871079450115548
18807,0,0.08598770890935854
18808,0,0.06180631562788659
18809,0,0.06825268951093552
18810,1,0.853101286516523
18811,1,0.8184138968343722
18812,0,0.015930860098364728
18813,0,0.005478364808097564
18814,0,0.0016767887439900662
18815,0,0.0014662916081572524
18816,0,0.8864557105339858
18817,0,0.046845569556955916
18818,0,0.00657593429986867
18819,0,0.19721317069593397
18820,0,5.991249883239619e-05
18821,0,0.001546450219805835
18822,0,0.08768161632087207
18823,0,0.6243465395110085
18824,0,0.00013935290371471453
18825,0,0.5503147846097584
18826,0,0.014103253735876358
18827,0,0.006424125459378602
18828,1,0.48464600589668155
18829,0,0.02084183040948209
18830,0,0.2377313022431784
18831,1,0.4614740777623702
18832,0,0.0475978413863776
18833,0,0.01775058186679163
18834,0,0.2388773608145191
18835,0,0.0004445667386364765
18836,0,0.003650848653380774
18837,0,0.09502916648099476
18838,0,0.000247897004628278
18839,0,0.49491088972897057
18840,0,0.005560900760101258
18841,0,0.0203624832416393
18842,0,0.19827630158696832
18843,0,0.08968560493580892
18844,1,0.7561348069334571
18845,0,0.2261533352174245
18846,0,0.03213372910656276
18847,0,0.11260742919050354
18848,1,0.4032264538504701
18849,0,3.7185006647391395e-05
18850,0,0.00850792391929599
18851,0,0.11490467704084761
18852,0,0.0014053283690478634
18853,0,0.049368705724781914
18854,0,0.0005104728479277933
18855,0,0.06292539154930042
18856,0,0.07187654422503656
18857,1,0.4376047615000495
18858,0,0.6706474542985859
18859,0,0.00013476508588961488
18860,0,0.14789011014682663
18861,0,0.0010944692181836292
18862,0,0.31269412150756865
18863,0,0.11287311663033037
18864,1,0.2582814251172354
18865,0,0.00111561130792267
18866,0,0.027547169523592353
18867,0,0.06475028033976009
18868,0,0.51303354557639
18869,0,0.0354818645838157
18870,0,0.018993163357683224
18871,0,0.31104492610676554
18872,0,0.0013869804879229075
18873,0,0.6567242469626977
18874,0,0.12220839449845977
18875,0,0.6119842330557141
18876,1,0.11094361283035699
18877,0,0.0009628396246499549
18878,0,0.09544182650122558
18879,0,0.04157940586938711
18880,0,0.09684756758885646
18881,1,0.4883436039205262
18882,0,0.0030641223431862315
18883,1,0.529952224177237
18884,0,0.5697367044326802
18885,0,0.4086408727481946
18886,0,0.22169761493018808
18887,0,0.07743633997523856
18888,0,0.0669305811902653
18889,0,0.0029364349577012416
18890,0,8.629750324684516e-05
18891,0,0.22361661059604762
18892,0,0.01449331445568972
18893,0,0.047379199459216585
18894,0,0.006191173664039149
18895,0,0.006659826309005909
18896,0,0.05035636823055737
18897,1,0.06195257769912019
18898,0,0.008830828979232081
18899,0,0.017681016268094697
18900,0,0.0007073581016959476
18901,0,0.886732008526155
18902,0,0.00402026174057006
18903,0,0.020680080410535612
18904,1,0.5635181646263423
18905,0,0.050667693620719906
18906,1,0.5737294705798109
18907,0,0.03892778110931975
18908,0,0.0033033252542359207
18909,0,0.0006348109236810181
18910,0,0.005039356015344324
18911,0,0.6122847226210182
18912,1,0.9044411275595916
18913,0,0.5210438390941221
18914,0,0.31110604517531637
18915,0,0.3981206322481282
18916,0,0.0771252280527149
18917,0,7.37988051098555e-05
18918,0,0.09748326236824648
18919,0,0.001123187878921176
18920,0,0.0041811259601352195
18921,0,0.029674152809539306
18922,0,0.17778265431865317
18923,0,0.24262796915981424
18924,0,0.008990092557607512
18925,1,0.4008297780167222
18926,1,0.799140743307836
18927,0,0.09585674748684862
18928,0,0.0005254309053982394
18929,0,0.0107951614171463
18930,0,0.0017597011365657648
18931,0,0.0008169782778431633
18932,0,0.4617835677095579
18933,0,0.0007237237095191642
18934,0,0.0048222229292236825
18935,1,0.804748110592417
18936,0,0.025065179126245892
18937,0,0.010574526416458702
18938,0,0.001092640465970435
18939,0,0.026340314987375175
18940,1,0.7281067509895055
18941,0,0.10265275939697667
18942,0,0.006033477414363843
18943,0,0.18206272826937195
18944,0,0.23158588451556883
18945,0,0.8869951691264449
18946,1,0.4244383360403155
18947,1,0.23593065687501585
18948,1,0.4290683241240017
18949,0,0.1951945983336529
18950,0,0.0063779986734772325
18951,0,0.5145358099655654
18952,0,0.13252306638566605
18953,0,0.0067529986863689925
18954,1,0.7567754698195225
18955,0,0.003701801935390186
18956,0,1.7722760182915823e-05
18957,0,0.005876865784430539
18958,0,0.0001917707295787917
18959,1,0.24175912376202513
18960,0,0.024409646606184894
18961,0,0.5241997385743589
18962,0,0.010715105224554794
18963,0,0.017937507617987344
18964,0,0.12433471490140616
18965,0,0.0018954085980187722
18966,0,0.032536756920035416
18967,0,0.06509279657678986
18968,0,0.010167860484682718
18969,1,0.7063386197183028
18970,0,0.002505193599229808
18971,0,0.055132595431425076
18972,0,0.3931346726046842
18973,0,0.006627449918810522
18974,0,0.022843526911766898
18975,1,0.7887146027895082
18976,0,0.03397468279396129
18977,1,0.4619223622256832
18978,0,0.07429451858748626
18979,0,0.0804335407014833
18980,1,0.65792641936723
18981,0,0.0019572252632691226
18982,0,0.039916201738882134
18983,0,0.0004201818278115574
18984,1,0.3782940814333093
18985,0,0.13491470475537454
18986,0,0.013982139296279134
18987,0,0.011496932369064326
18988,0,0.006701120655728619
18989,0,0.1662453361118905
18990,0,0.7820817484389236
18991,1,0.1207281153759211
18992,0,0.37457515827244015
18993,1,0.6373043212239774
18994,1,0.21668460612360735
18995,1,0.5884766361448114
18996,0,0.23194681088558292
18997,1,0.28536216991808977
18998,0,0.0171808688082601
18999,0,0.13537544726793083
19000,0,0.2900276444220083
19001,0,0.01769801442144739
19002,0,0.01599588263445401
19003,0,0.07709512215372584
19004,0,0.0003940993299044433
19005,1,0.6514939390804864
19006,1,0.44173711159950374
19007,1,0.7842529549108643
19008,0,0.0017258520674602173
19009,0,0.10725970299730711
19010,1,0.1500848500898744
19011,1,0.623797486998511
19012,0,0.26723962294895853
19013,0,0.16347207742567113
19014,0,0.002208688164247159
19015,0,0.44082411203321936
19016,0,0.012184119515572049
19017,0,0.09965485900003587
19018,1,0.27309379595160765
19019,0,0.2843147612072513
19020,0,0.03481413396540686
19021,0,0.018679545485464032
19022,0,0.008910884967692583
19023,0,8.472657616093295e-06
19024,0,0.22501020111063888
19025,1,0.8387970416652154
19026,0,0.11633418813997065
19027,0,0.0038457354423510324
19028,0,0.5825586926732884
19029,0,1.9467952362061742e-05
19030,0,0.48526350163528603
19031,0,0.010710637770832946
19032,0,0.21435034069744646
19033,0,0.11488632785671822
19034,0,0.03052039998145335
19035,0,8.599667587386796e-05
19036,1,0.740527849640605
19037,0,0.006775531251839181
19038,0,0.054550238438387334
19039,0,0.007920801456969148
19040,0,0.00910344632136483
19041,0,0.23345648706854058
19042,0,0.09052771003075653
19043,0,0.03255566680237369
19044,1,0.11419189521904013
19045,1,0.6732607743154175
19046,0,0.6509697503427541
19047,0,0.0018867237119215496
19048,0,0.38293231995388577
19049,0,0.11268978783807483
19050,0,0.32450645165352143
19051,0,0.2927919220138326
19052,0,0.0008225220448722062
19053,0,6.58347856555385e-05
19054,0,0.018254527154372594
19055,0,0.12412715581639146
19056,0,0.0027363003314781844
19057,0,0.533904771338324
19058,0,0.06233984915205999
19059,0,0.025869752750582002
19060,0,0.25091058154760343
19061,0,0.0007898647090823824
19062,0,0.34701922213245007
19063,0,0.022695502974301257
19064,0,0.0007177298260407493
19065,0,0.00535423599847488
19066,0,2.4191012087231314e-05
19067,0,0.001527981364486434
19068,0,0.1658366362853736
19069,1,0.6137663833591371
19070,0,0.18558991774352904
19071,0,0.4798382923490972
19072,0,0.009536461030195242
19073,0,0.5563864662950925
19074,0,0.06068883971862429
19075,0,0.01786418089823318
19076,0,0.0006831680493934245
19077,0,0.0637715280733914
19078,0,0.33362026804562855
19079,0,0.01370802394466401
19080,0,0.007014466067222839
19081,0,0.13237675973168722
19082,0,0.0042298001941398124
19083,0,0.00020934075356234
19084,0,4.1294912878817814e-05
19085,0,0.010573085544122108
19086,0,0.04869803785217802
19087,0,0.2612582291646312
19088,0,0.0062138708488977835
19089,0,0.11946894837535325
19090,0,0.004133350308510342
19091,0,0.003068467900573346
19092,0,0.010800191337855024
19093,1,0.3494136918404072
19094,0,0.00933260259745036
19095,0,0.09771980748717712
19096,0,0.5284577816520847
19097,0,0.0005665691286406758
19098,1,0.3043502441621344
19099,0,0.03722185374347921
19100,1,0.8648609425921907
19101,1,0.6964606691038043
19102,0,0.038016647586057974
19103,1,0.43828338490794844
19104,0,0.07729223393960366
19105,0,0.32602962431905225
19106,0,0.8314325801154997
19107,0,0.022204484931335415
19108,0,0.0015499634016727915
19109,0,0.2380642318471211
19110,0,6.7036599736412804e-06
19111,0,0.19678841906189576
19112,0,0.00160563866177263
19113,0,0.520845096694801
19114,0,0.09473286947470771
19115,0,0.27549916292084126
19116,0,0.25060927449463516
19117,0,0.5599644731305395
19118,0,0.0044488183718220725
19119,1,0.769596817044431
19120,0,0.04823142436460371
19121,0,6.801142020701965e-05
19122,0,0.02345762123904316
19123,0,0.03293454573725882
19124,0,0.11924554157766161
19125,0,0.00042953125155908246
19126,1,0.3434408507941132
19127,1,0.10952158694953791
19128,1,0.717643088173219
19129,0,0.0034342906591799485
19130,0,0.20038839567129035
19131,0,0.005247928687263658
19132,0,0.003845632455660807
19133,0,0.027815941648156987
19134,0,0.02570888056143677
19135,0,0.47224176885537394
19136,0,0.007796413997398113
19137,0,0.33155647840011876
19138,0,0.6844297603766942
19139,0,0.3809246286029457
19140,1,0.16535699580270943
19141,0,0.00040228652110078233
19142,0,0.008212009884243648
19143,1,0.5732640764455428
19144,0,0.7717972364971929
19145,1,0.5848627250424873
19146,0,0.35875967220300964
19147,1,0.6331791789191374
19148,1,0.08336834286127609
19149,0,0.00013728844096984292
19150,0,0.0005820602213400936
19151,0,0.4017066480576194
19152,0,0.0247678064464618
19153,1,0.5860801695053753
19154,0,0.21387535421686715
19155,0,0.6728056423216007
19156,0,0.02412647519676597
19157,1,0.06926908682400526
19158,1,0.36078420134652023
19159,1,0.921797898271535
19160,0,0.004255060797499638
19161,0,1.511793431388262e-06
19162,1,0.6983381555610918
19163,1,0.5295004628761716
19164,1,0.7509643991826511
19165,1,0.7969286630939619
19166,0,0.01242776768181173
19167,0,0.05614900667797886
19168,0,0.014307897979360449
19169,0,0.01844871151387789
19170,0,0.26406082226842814
19171,0,0.04423415714992678
19172,0,0.0032435678470025325
19173,1,0.06200696324754653
19174,0,0.0002801511544645501
19175,0,0.000606993308553764
19176,0,0.008887483391330418
19177,1,0.05534351142983117
19178,0,0.001035329529013933
19179,0,0.3382137127327938
19180,0,0.4013647039956944
19181,1,0.7469269906926456
19182,0,0.3245399492584052
19183,0,0.019919300098363152
19184,0,0.24445504883501318
19185,1,0.5782305191810779
19186,1,0.21944589928295677
19187,0,0.006223470320510964
19188,0,0.01600075881812182
19189,0,0.07529412458303833
19190,0,0.0004904150030743112
19191,0,0.12304034699328922
19192,0,0.2671244969000606
19193,1,0.7240312457852469
19194,0,0.050159446522310754
19195,0,0.0669907605431252
19196,0,0.001707063610755637
19197,0,0.11395146901283451
19198,0,0.17106972211491359
19199,0,0.060868436029089715
19200,0,0.008861191873595731
19201,1,0.5834573684612999
19202,0,0.0028215743262234487
19203,0,0.1651721787296384
19204,0,0.003161061890931272
19205,0,0.003581024942041344
19206,0,0.45315073110400605
19207,1,0.4440873448769231
19208,1,0.33283010973287613
19209,0,0.006825874631097802
19210,1,0.7631702806535213
19211,0,0.04542339787933964
19212,1,0.8852445283569
19213,0,6.842537089319248e-05
19214,0,0.2876997923461734
19215,0,4.0785638687461754e-05
19216,1,0.4192873516182216
19217,0,0.0014884764258844098
19218,0,0.14374194469682014
19219,0,0.031431244072774006
19220,0,0.010635593635565847
19221,0,0.05258430303122606
19222,0,0.504389286883065
19223,1,0.19749376122034276
19224,0,0.011087464203433612
19225,1,0.7092278085045741
19226,0,0.013373166478404268
19227,0,0.0018207980217199065
19228,0,0.0037878934008610185
19229,0,0.0021050578836491075
19230,0,0.0009302624151113933
19231,0,0.001998226407524219
19232,0,0.0001660677289597291
19233,0,0.6562991927717763
19234,0,0.0026251598888537607
19235,0,0.02779129198381705
19236,0,0.0003431499200330618
19237,0,0.003011891059777877
19238,1,0.7029464770562651
19239,0,0.021604384345993547
19240,0,0.25179972268402717
19241,0,0.002318440783280975
19242,1,0.45519823365850615
19243,0,0.0024672347384151762
19244,0,0.6477486170507418
19245,0,0.12357471833948115
19246,1,0.24815668487160966
19247,1,0.7213639854507827
19248,0,0.06189770291533703
19249,0,0.00020592044739820484
19250,0,0.0009978367312068251
19251,0,0.09659807970134912
19252,0,0.0010976020792600443
19253,0,0.029311229518234925
19254,0,0.08348795761528124
19255,0,0.006438170290370608
19256,0,0.5989537194544501
19257,0,0.0030594717627067105
19258,0,0.013524312690238524
19259,0,0.06853890043926908
19260,0,0.6625298791499517
19261,1,0.6013657588086427
19262,0,0.0594176131787637
19263,0,0.15231530084144534
19264,1,0.7012456602224937
19265,0,0.031040641205855316
19266,0,0.004757676367579466
19267,0,0.7868780347918998
19268,0,0.045970184257380975
19269,0,0.013437079624558135
19270,0,0.01582300276627602
19271,0,0.0003510967348871322
19272,0,0.13613998762458596
19273,0,0.003928846962242444
19274,0,0.0002617165142406845
19275,1,0.811340084309689
19276,0,0.008471683902384279
19277,0,0.025383016832136947
19278,0,0.6307675132916237
19279,0,0.01328316476647375
19280,0,0.029624933054615974
19281,0,0.00021621581378279575
19282,0,0.0037287218494373104
19283,0,0.010082001005666188
19284,0,0.005109718213478608
19285,0,0.0014502147546394493
19286,1,0.8634474984704578
19287,0,0.006737983894874144
19288,0,0.004416508837611488
19289,0,0.5283805861125972
19290,0,0.004300667996057654
19291,0,0.0028828468672109334
19292,0,0.7332434897475362
19293,0,0.015058259382630248
19294,0,0.0016495532202257237
19295,0,0.1173393659039146
19296,0,0.11431470841959276
19297,0,0.00010292028529860684
19298,1,0.9184109192520608
19299,0,0.03234792536425941
19300,0,0.44444399506428395
19301,1,0.548686215297616
19302,0,0.00669498994579241
19303,0,0.6939827651541803
19304,1,0.05380499524024717
19305,1,0.8479609706346941
19306,1,0.33361021871951074
19307,0,0.025081788349009034
19308,0,0.1410540973109522
19309,0,8.28640660338754e-05
19310,1,0.3957343669979772
19311,0,0.022158288875136524
19312,0,0.011897592451711127
19313,1,0.7471197144962117
19314,0,0.00026963385721490146
19315,1,0.7076790226603522
19316,0,0.11102281497769052
19317,1,0.42902517359295983
19318,1,0.7978225646686261
19319,0,0.05030461354081596
19320,1,0.6887192861672321
19321,1,0.7306809374420561
19322,1,0.6458465725610439
19323,0,0.2553103096672386
19324,0,0.0016507116979771256
19325,0,0.06322498043497952
19326,0,0.0014404193773756924
19327,0,0.13135637537463926
19328,1,0.4357630915401112
19329,1,0.15105899222793953
19330,0,0.7125309699561211
19331,1,0.8509975361309666
19332,0,0.004382124034519194
19333,1,0.6014842098747261
19334,0,0.00014402409114332802
19335,0,0.01315141255355815
19336,0,0.016648438041177185
19337,0,0.005865101874483401
19338,0,0.3237920377724496
19339,0,0.008959606211745548
19340,0,0.01612934480940428
19341,0,0.49355610855567633
19342,0,0.000421636523280885
19343,0,0.03948091483906982
19344,0,0.009673055859395678
19345,0,0.18424017408473967
19346,0,0.009477469982134062
19347,0,0.08166249498698402
19348,0,0.047380397449162934
19349,1,0.43014224204730006
19350,0,0.000238650834635814
19351,1,0.5627454992129196
19352,0,1.301613297923048e-05
19353,0,0.005238741160800507
19354,0,0.778562130274762
19355,0,0.004516835792926938
19356,1,0.7241454522600244
19357,0,0.00032857928216218556
19358,0,1.4637800993032334e-05
19359,0,0.010194626677308697
19360,0,0.3583636827309313
19361,0,0.09924781559394377
19362,0,0.0011445313165310306
19363,0,0.7799671281998368
19364,1,0.7855848956129758
19365,0,0.2876045106179322
19366,1,0.9141910074989227
19367,0,0.019413123207119968
19368,0,0.0007944615799163739
19369,0,0.03279477843032851
19370,0,0.040446604024652694
19371,0,0.0850781620688281
19372,0,0.0001566070784261217
19373,0,0.013732034211647254
19374,0,0.004346439148986581
19375,0,3.08046134221852e-06
19376,0,0.00011948336959661478
19377,0,0.0005039123127754682
19378,0,0.040695982013247485
19379,1,0.5742083998210883
19380,0,0.005175031698493656
19381,0,0.012183965919404887
19382,0,0.005267125627750813
19383,0,0.00010785884698482837
19384,0,0.11688470462091029
19385,0,0.015851229268100002
19386,0,0.05061594060833257
19387,0,0.06552829569797808
19388,0,0.08788434882794424
19389,0,0.056929939433556245
19390,1,0.5129586846260372
19391,0,0.004589298567618405
19392,0,0.003560215521616188
19393,0,0.21923278605484248
19394,0,0.011476352375845432
19395,1,0.20717196524489526
19396,0,0.05304919648704745
19397,0,0.31546826182468574
19398,0,0.6198894859534413
19399,0,0.00661637974162435
19400,0,0.08775451774102684
19401,0,6.500321047228702e-05
19402,0,0.0016500534576125467
19403,0,0.6040018587348744
19404,0,0.0024350352697408545
19405,0,0.18212649614451776
19406,0,0.007913086595466176
19407,0,0.012029269611479659
19408,1,0.3399651951773136
19409,0,0.0007873580364254741
19410,1,0.47605620002923343
19411,1,0.684883039858917
19412,0,0.4355924106963447
19413,0,0.7056416073951457
19414,1,0.3611457123933771
19415,0,0.21335753427941578
19416,0,0.37645401736624673
19417,0,0.0008251834983541517
19418,0,0.020537003206052423
19419,1,0.1761823414333669
19420,0,0.04676942667626654
19421,0,0.14008596470426038
19422,0,0.000143515094402073
19423,0,0.19983168960548633
19424,1,0.44972344753327276
19425,0,0.002248951672244641
19426,0,0.17705935539425788
19427,0,0.6672725362845064
19428,0,0.008771815901541295
19429,0,0.03852919391000019
19430,0,0.2540408698929863
19431,1,0.6435363823136138
19432,0,0.0025105403200162317
19433,0,0.11821555217437299
19434,0,0.5488245899758087
19435,0,0.12728012983311676
19436,1,0.6010448905673742
19437,0,0.8526104461560889
19438,0,0.0035365013314440125
19439,1,0.7239849082534633
19440,0,0.00392493962040678
19441,1,0.2579039575924345
19442,1,0.8222243620648517
19443,0,0.12390362513111257
19444,0,0.036586274157310514
19445,0,0.047663532771948444
19446,1,0.8138145354488096
19447,0,0.0005003755246335091
19448,0,0.04214450604015975
19449,0,0.3810359625911887
19450,0,0.009200705688112949
19451,0,0.014356965722404663
19452,0,0.06372679812238691
19453,1,0.643250570650457
19454,1,0.49464632622754484
19455,0,0.03753262217148416
19456,0,0.052440336468206894
19457,0,0.02052814486924846
19458,1,0.15846307605452975
19459,1,0.8799477800653595
19460,0,0.007122328871790421
19461,0,0.010653927983517731
19462,1,0.7657141902386185
19463,0,3.226034614518021e-05
19464,1,0.25682473642789644
19465,0,0.04818615356814527
19466,0,0.1708541966303033
19467,0,0.028500529460773045
19468,0,0.003006786544604796
19469,1,0.7804849275644697
19470,1,0.20798961819883582
19471,1,0.8226873575607752
19472,0,0.05344626919732001
19473,0,0.0013075502558091388
19474,0,0.0033234993033301116
19475,0,0.021069213379160186
19476,0,0.04763250862321594
19477,1,0.5952170101370396
19478,0,0.003529991499164758
19479,0,2.1171117978120562e-07
19480,0,0.023408134483426178
19481,0,0.025090288604368013
19482,0,0.048387765335475966
19483,0,8.710331500755846e-05
19484,0,0.03576148271319283
19485,0,0.002402349786575054
19486,0,0.0016595206693172336
19487,0,0.0005117989720578773
19488,0,0.14215832280438592
19489,0,0.06858027590206524
19490,1,0.3226309763459401
19491,0,7.720789786769031e-05
19492,0,0.03258352084972461
19493,0,0.031989429714581415
19494,0,0.675848630500346
19495,0,0.1542691098677618
19496,0,0.0019983929863538496
19497,0,0.001772120343780365
19498,0,0.12280206280717662
19499,0,0.011207509648984487
19500,1,0.06260157822535285
19501,0,0.018216218112533523
19502,0,0.029261579263465586
19503,1,0.7196221287631259
19504,0,0.023167558816296164
19505,0,0.043092063128494784
19506,0,0.5351043086792051
19507,1,0.22428185440681625
19508,0,0.005180701538631636
19509,1,0.41877767976865055
19510,1,0.4984806612746446
19511,0,0.10021174625290057
19512,1,0.6242687975111255
19513,0,0.00573898332017277
19514,1,0.8504558407434671
19515,0,0.02994648488036959
19516,0,0.2526137065896202
19517,0,0.04999900844894925
19518,0,0.042269655944071324
19519,0,0.011107934981122385
19520,0,0.007013375010575321
19521,0,0.003956519867433015
19522,1,0.7605672786303455
19523,0,0.026712524903994377
19524,0,0.07766450714312677
19525,0,0.0009008298944290944
19526,0,0.21871734470629764
19527,0,0.03773774092510482
19528,1,0.35235762779593527
19529,0,0.27035119150421444
19530,0,0.0005481389622904397
19531,0,0.20180080255842997
19532,1,0.7958619992258286
19533,0,0.002311658567476738
19534,0,0.0007593364946877735
19535,0,0.08277525573736697
19536,0,0.19304174716939337
19537,0,0.002255548499017359
19538,0,0.005878333496679334
19539,1,0.40813856656556646
19540,0,0.02232099867093794
19541,0,0.03039333794316023
19542,0,0.09029950076714598
19543,0,0.0005030917786383777
19544,0,0.002419930228472879
19545,0,0.0007341500465851882
19546,0,0.5421974253094947
19547,0,0.006371391654403411
19548,0,0.03129490478895682
19549,1,0.7874384334438984
19550,0,0.005718084443134707
19551,0,0.006746849087546839
19552,1,0.6534572107068479
19553,0,0.0005189703347766491
19554,0,0.7231777637797607
19555,0,0.39578643302991867
19556,0,0.038514015014035424
19557,1,0.4177991780687195
19558,0,0.12026551729456549
19559,0,0.1462252226853419
19560,0,0.8186890223251508
19561,0,0.001928943036846165
19562,0,0.004621176624200996
19563,0,0.017758434531227874
19564,0,9.684253187814819e-05
19565,0,0.056040787859049916
19566,1,0.47484739490270056
19567,0,0.008813739577904394
19568,1,0.0541769371883205
19569,0,0.6427286556954234
19570,1,0.8332263696532031
19571,1,0.8880410445164397
19572,0,0.010948666456399709
19573,0,0.08358123157812
19574,1,0.7671782852895336
19575,0,0.002949198479692872
19576,0,0.03420983301513941
19577,1,0.05591453715625377
19578,1,0.6834334283341554
19579,0,0.30384472526463385
19580,0,0.010904200762235375
19581,0,0.13590243857913456
19582,1,0.11457534232183521
19583,0,0.00032313592220196833
19584,1,0.6774059655429093
19585,0,0.0008530894368994459
19586,0,0.01224206365915498
19587,0,0.04808293676931335
19588,0,0.4346411912950411
19589,0,0.00043192692190283994
19590,0,0.00435980896645824
19591,1,0.12014113801639649
19592,0,0.3935161310842756
19593,1,0.5893698546526862
19594,0,0.02581056594544307
19595,0,0.12293535909895603
19596,0,0.04600579370434399
19597,0,0.5394807187304836
19598,0,0.004088393328590196
19599,0,0.15672270835907023
19600,0,0.017131955119511166
19601,1,0.2669491790398796
19602,1,0.17758704361828442
19603,0,0.06212575060819753
19604,1,0.8666491540276549
19605,0,0.14049694916946306
19606,0,0.09832841059750433
19607,0,0.0002627088587492236
19608,0,0.046801028066694526
19609,0,0.0012093831809859284
19610,0,0.008958660913365052
19611,1,0.20912939290278756
19612,0,0.03500962040147244
19613,1,0.3843239580646901
19614,1,0.10509254393107303
19615,0,0.009094156952477178
19616,1,0.7227603036879613
19617,0,0.025796686668767863
19618,0,0.18285300312623778
19619,0,0.1554928645964613
19620,0,0.0013495802113478942
19621,0,0.042240436094495425
19622,0,0.004963432698099514
19623,0,0.0012942236317153985
19624,1,0.5057029823524204
19625,1,0.48105454462670394
19626,1,0.3299396467106053
19627,0,0.5970977346676527
19628,0,0.03681872038258697
19629,0,0.10150570377820138
19630,0,0.08280678490951573
19631,0,0.36881414741940854
19632,1,0.9478758150581159
19633,0,0.00010347428784514928
19634,1,0.03768439234100065
19635,1,0.40439162103368853
19636,0,0.0017510355635634188
19637,0,0.03780903655875432
19638,0,0.14477143489348004
19639,0,0.14224193880536523
19640,1,0.7421455958444839
19641,1,0.4621509858980275
19642,1,0.7383086494399425
19643,0,0.007231164849472841
19644,0,0.00414949222093338
19645,0,0.00429148012207882
19646,0,0.04690802661270698
19647,0,0.5366862714527971
19648,0,0.013640227490908827
19649,0,0.00915046070356796
19650,0,0.0028554993668570457
19651,0,0.24787729498684374
19652,0,0.007018846549339761
19653,1,0.09238035170873447
19654,0,0.12644038619377854
19655,0,0.0011277341602788978
19656,0,0.18435151139647152
19657,0,0.00649579323815135
19658,1,0.5484089568544626
19659,0,0.06426158023954727
19660,0,0.0004949182046866524
19661,0,0.031407000045106
19662,0,0.000850379435913079
19663,0,0.26559420138198137
19664,0,0.13259211173354515
19665,0,0.028183366961411514
19666,1,0.5845424482648821
19667,0,0.0640931331936517
19668,1,0.611877276263519
19669,0,0.027466428168348045
19670,1,0.8092036756069122
19671,1,0.5641415928374592
19672,0,0.010216344664857784
19673,0,0.22467547640606297
19674,0,0.006510302354133393
19675,0,0.0018504584430449357
19676,0,0.20208506763117487
19677,0,0.14088845134168865
19678,0,0.0036464174291893784
19679,1,0.5200572486299834
19680,0,0.3906168961740048
19681,0,0.3372404032918008
19682,1,0.12876260489028096
19683,0,0.1282892907732914
19684,0,0.011199229268202129
19685,0,0.04121641229848859
19686,0,0.0021587080486953213
19687,0,0.037654289036486356
19688,0,0.009236997062834956
19689,0,0.002250774343955746
19690,0,0.005423161596790747
19691,1,0.12497277135350715
19692,0,0.006049314895821547
19693,0,0.0003883761056403696
19694,0,0.25981256804157304
19695,0,0.3994111143831743
19696,0,0.005262851679622363
19697,0,0.00018787579475594186
19698,1,0.3514001522308537
19699,0,0.04621421355890271
19700,0,0.0013544504645385045
19701,0,0.05568952450146703
19702,0,0.004843655518123852
19703,0,0.0008501698192573493
19704,0,0.0007929752477945629
19705,1,0.03639540311078315
19706,0,0.49159821468911896
19707,0,0.07875208370454684
19708,0,0.013080141736410736
19709,1,0.7880631585625548
19710,0,0.18699570463454557
19711,0,0.010991015162209395
19712,1,0.8504547299188474
19713,0,0.2967551145238948
19714,0,0.17088480272641707
19715,0,0.3936834458820929
19716,1,0.3992249092695315
19717,0,0.00825013998660754
19718,0,1.6481924642059313e-05
19719,0,0.08086752364329639
19720,0,0.12993077543107961
19721,0,0.649826482436887
19722,0,0.2246042117502713
19723,0,0.3398854000519682
19724,0,0.000881101799691427
19725,1,0.8143879496231257
19726,0,0.06606430822290453
19727,1,0.5903956530688409
19728,0,0.03301518248626363
19729,1,0.6975879833303142
19730,0,0.03868863914126561
19731,0,0.0008737262457163618
19732,0,0.026247499312015535
19733,0,0.04037028976707723
19734,0,0.0039150209835229315
19735,1,0.3893278140901284
19736,0,0.30302363234351676
19737,0,0.005969309887914204
19738,0,0.0009892787284837756
19739,0,0.001878860905733813
19740,0,0.009698502620908274
19741,1,0.6668106570375828
19742,0,0.0892443483291887
19743,0,0.0004029087504899137
19744,0,0.0084436008343887
19745,0,0.00869711815386599
19746,0,0.027196878731146026
19747,0,0.4841857334466316
19748,0,0.021114560916061686
19749,0,0.05647539659793416
19750,0,1.1139089463054755e-05
19751,0,0.16242468781116412
19752,0,0.0004049135980303358
19753,0,0.0065252558657511875
19754,0,0.0032147741453637715
19755,0,0.0033192080354138365
19756,0,0.0250856759041354
19757,0,0.2511730960707939
19758,0,0.10799662074510051
19759,1,0.7765591970475387
19760,0,0.1945299247297214
19761,0,1.6897453208648518e-05
19762,1,0.567684388683938
19763,0,0.5348420906525769
19764,1,0.7542353403210722
19765,0,0.0339332283190314
19766,0,0.00020781197751701896
19767,0,0.006518001807038237
19768,0,0.39382519418743495
19769,0,0.005643062191517425
19770,1,0.7796695015875017
19771,0,0.06785957623745713
19772,0,0.0003675724637214227
19773,0,1.5434236850848804e-07
19774,0,0.01602137622416039
19775,1,0.5977127008003791
19776,0,0.23721399585356592
19777,0,0.01137184598889805
19778,0,0.006201322290741952
19779,0,0.7148860618817087
19780,0,0.04999700793761273
19781,0,0.005271231954724115
19782,0,4.7922432143313605e-05
19783,0,0.013123696506239258
19784,0,0.002435968101630088
19785,0,0.0005465528627272658
19786,0,0.6248404788623169
19787,0,0.001612911519306352
19788,0,0.04237219702878563
19789,0,0.33102800337793353
19790,1,0.360369709089633
19791,0,0.024763625947742382
19792,0,0.02233219012749191
19793,1,0.7987033677276981
19794,0,0.25845515331495417
19795,0,0.08422468983210474
19796,0,0.10760100237182847
19797,0,0.001886512813820313
19798,0,0.045978493811933294
19799,0,0.007374037557256801
19800,0,0.003549332720577413
19801,0,0.04378779504811021
19802,0,0.020645954305826414
19803,0,0.045685030906941426
19804,0,0.0013193273465803173
19805,1,0.38816854367958653
19806,0,0.0066698522185499
19807,0,0.017246982666390763
19808,0,0.027784919629281743
19809,0,0.0033962156611502653
19810,1,0.723788820875749
19811,0,0.07151369695943499
19812,0,0.0022367000811966942
19813,0,0.00045592862424122916
19814,0,0.013766669074278088
19815,0,0.04285480231529452
19816,0,0.03195139913504902
19817,0,0.010924232815412998
19818,0,0.017455030696696832
19819,0,0.012185205517094804
19820,0,0.10742397355378391
19821,0,0.007910613241332326
19822,0,0.09189012210215276
19823,0,0.006269860675424894
19824,0,0.005437571324744314
19825,0,0.06818925744812394
19826,0,0.017023199531283277
19827,0,0.008406880427193154
19828,0,0.006049114876507793
19829,0,0.001909863263925972
19830,0,0.00026885800768312705
19831,1,0.29517346227852514
19832,0,0.00016472260118273352
19833,1,0.49140392570066327
19834,0,0.4157660454689929
19835,1,0.3918245818977787
19836,0,0.00022767442653565416
19837,0,0.10581102349020957
19838,0,0.007778545099195058
19839,0,0.057470228322347064
19840,0,7.907013778795879e-05
19841,0,7.50030106340525e-05
19842,0,3.351838089868863e-05
19843,0,0.11838297063905381
19844,0,0.05743878328608441
19845,0,0.07506898130163712
19846,0,0.00059253085885638
19847,0,0.030167609640440348
19848,0,0.02567166056419987
19849,0,0.0033402340128142576
19850,0,0.01234355416121604
19851,1,0.12645368930130377
19852,0,8.045841601410787e-05
19853,0,0.604611533430951
19854,0,0.0011456124039110173
19855,0,0.6239650619744124
19856,1,0.36436986278684963
19857,0,0.0010771454370489557
19858,1,0.8343869943283618
19859,0,0.5695315175406546
19860,0,0.01619892943653052
19861,0,8.338594610640523e-06
19862,1,0.37279514196932023
19863,0,0.016986485079442046
19864,1,0.3440470401910423
19865,0,0.0034120648336428464
19866,1,0.8935638314979498
19867,0,0.0015445371218769286
19868,1,0.3975389971219198
19869,0,2.1717875981526025e-06
19870,0,0.006268982828525015
19871,0,0.3259091426299019
19872,0,0.02060843784517761
19873,0,0.6085976923931199
19874,1,0.8869517784052539
19875,1,0.7038307462242078
19876,0,0.21730264210960365
19877,0,0.7063253516035708
19878,0,0.20211628689295566
19879,0,0.058282677067479145
19880,0,3.8327185563630726e-05
19881,0,0.006802813130516554
19882,0,0.001515502402986067
19883,0,0.05869250845350893
19884,0,0.0792708479073709
19885,0,0.1300096025336169
19886,1,0.7172520815938879
19887,0,0.0018415805471740769
19888,0,0.0023515190220245678
19889,1,0.706042809609218
19890,0,0.01462320403489101
19891,0,0.0013531953541375782
19892,0,0.010340193350069455
19893,1,0.6375865735929731
19894,0,0.0645352362002731
19895,0,0.014192753959121522
19896,0,0.28499882543059146
19897,0,0.43871551681462845
19898,0,0.002950604306917576
19899,0,0.6233552020979429
19900,0,0.023165058803806617
19901,0,0.0313497037663158
19902,0,0.019608937470508594
19903,0,0.30693459572288845
19904,1,0.45574534320199084
19905,1,0.804900488470489
19906,0,9.509334333933219e-06
19907,0,0.5278720785482135
19908,1,0.7252322747905805
19909,0,0.015404945540624562
19910,0,0.008703259659549985
19911,0,0.41683024458377155
19912,0,0.021047581439883504
19913,1,0.8339090214258927
19914,0,0.0054705109293253515
19915,1,0.20163814859157184
19916,0,0.004994739849632384
19917,0,0.5607050752753316
19918,0,0.0026079798109387518
19919,1,0.537766198884483
19920,0,0.000745790743436186
19921,0,0.2038101211870828
19922,0,0.014604253738246743
19923,1,0.9259568172784297
19924,0,0.006397315991062338
19925,1,0.7361780583154433
19926,1,0.035073365935588824
19927,0,0.006893004263775262
19928,1,0.6693725345016192
19929,1,0.7443650401209166
19930,1,0.3833585361012922
19931,0,4.633081500889742e-06
19932,0,0.08698097964440489
19933,1,0.7912843313106962
19934,0,0.04322323941641972
19935,0,0.005091718531785922
19936,1,0.7592641487306707
19937,0,0.0676066378646021
19938,0,0.002835224049847006
19939,0,0.011309275248833826
19940,1,0.8459308915438984
19941,1,0.42404681979896464
19942,0,0.26559207493941056
19943,1,0.7405154443926166
19944,0,0.22220206647122814
19945,0,0.08897544873000864
19946,1,0.7103156593173497
19947,1,0.8860171190147151
19948,0,0.5641520622576023
19949,1,0.7374513268124089
19950,0,0.0022019558120290822
19951,0,0.038449022615291685
19952,1,0.754704738378747
19953,0,0.0821580066039702
19954,0,0.01865199572907854
19955,0,0.048225106725583625
19956,0,0.0001714024190922172
19957,0,0.0023062364407898136
19958,0,0.612064337675718
19959,0,0.06082256853365045
19960,0,0.004112503519218659
19961,0,0.02745456530254778
19962,1,0.3556454029704688
19963,0,0.13157937378509238
19964,0,0.00872873141076314
19965,0,0.02956110772095798
19966,1,0.7918700831492894
19967,0,0.03642688120911048
19968,0,0.02286953500166961
19969,0,0.00013992444188686365
19970,0,0.5519459780148469
19971,0,0.07147270784472594
19972,0,0.06624129192045829
19973,0,0.0008987049783701779
19974,0,0.45106623421712283
19975,0,0.0007521961225915366
19976,1,0.345261072337055
19977,0,0.1012428851893068
19978,0,0.07735148505500594
19979,1,0.5387532902023472
19980,1,0.7711485655498668
19981,0,0.061205692270854456
19982,1,0.39202602595072644
19983,0,0.3586868288849418
19984,1,0.6412266006073871
19985,1,0.7366524010487354
19986,0,0.08453424478752154
19987,1,0.10993607300480401
19988,0,0.00892759113959314
19989,0,0.00025087481200096874
19990,0,0.014798819975194829
19991,1,0.7512289864806153
19992,0,0.012125790509486737
19993,0,0.030677649611468006
19994,0,0.079727698460102
19995,0,0.18614668146418872
19996,0,5.069505719882343e-05
19997,1,0.5754857007211007
19998,0,0.022811226606246945
19999,0,0.03769226103366907
20000,0,0.1835493171122688
20001,0,0.03133837527257683
20002,0,0.05826219751997843
20003,0,0.8070489606862132
20004,0,0.34239758607970633
20005,0,0.1469934570517535
20006,0,0.012589649037717185
20007,1,0.4994302873531024
20008,1,0.7258015601102924
20009,0,0.0001987665669217734
20010,1,0.5959154433080531
20011,1,0.510059685671149
20012,0,0.027666501091479778
20013,1,0.028363217727607724
20014,0,0.049695223784389474
20015,0,0.5047181102712872
20016,0,0.000849485622556155
20017,1,0.26460271198635427
20018,0,1.8136732973587836e-06
20019,0,0.31160508187392494
20020,0,0.002537965649986427
20021,0,0.0005011386496078756
20022,0,0.012888696443793179
20023,1,0.6084119172292475
20024,1,0.8575846183940629
20025,0,0.01726922796222717
20026,0,0.002783204534275201
20027,1,0.45528281659226405
20028,0,0.6698045355449013
20029,0,0.06247319400315502
20030,0,0.0173669213308493
20031,0,0.03296459937380978
20032,0,0.0053873858256418975
20033,0,0.00305227972643794
20034,0,0.02355158721004926
20035,0,0.013776217764254327
20036,0,0.0002523483929787787
20037,0,0.6404030670530538
20038,0,0.28017825915615646
20039,0,0.013295948059765802
20040,0,0.017827295731806726
20041,0,0.010043058595318878
20042,1,0.7525879909275626
20043,0,0.21878814456028614
20044,0,0.18758720970327517
20045,0,0.021789609290992565
20046,0,0.00012613299830241948
20047,0,0.0907006346650379
20048,0,0.0156169464272828
20049,0,0.0006170578931685616
20050,0,8.487227948232102e-05
20051,0,0.0005641983070139452
20052,0,0.0006727571650268887
20053,0,0.3816463136513447
20054,0,0.058869244319610346
20055,0,0.0015487280298680489
20056,0,0.006248153560436705
20057,0,0.0002480784847287215
20058,0,0.0017426559014207857
20059,0,0.9153855575526284
20060,0,0.026416575822223443
20061,1,0.9205371347133896
20062,0,0.11587080772188241
20063,0,0.0787751324280462
20064,0,0.1798621992079422
20065,1,0.8969167262028984
20066,0,0.5575527561201545
20067,0,0.05304065984615329
20068,0,0.004770118029211563
20069,0,0.013707829768729616
20070,0,0.0014199902526739042
20071,0,0.03364469485278536
20072,0,0.4216856017604204
20073,0,0.0014880617832706213
20074,1,0.3477946843877898
20075,0,0.0350674037481263
20076,0,0.021146207806372618
20077,0,0.06234950899416832
20078,0,0.003977746522401802
20079,0,0.6739719571161538
20080,0,0.0028384251932962175
20081,0,0.006475117937851176
20082,0,0.42794718564263357
20083,1,0.6199339958453071
20084,0,0.00753587876587835
20085,0,0.00013447295001059055
20086,0,0.028902269579154184
20087,0,0.2308589638842338
20088,1,0.7170486649950039
20089,0,0.0009127881291016195
20090,0,0.08570713008632762
20091,1,0.09247998453583328
20092,0,0.00011281686083680902
20093,0,0.01848209597721375
20094,0,0.00028933741216690333
20095,0,0.030998812996781176
20096,0,0.010889108466972311
20097,0,0.0016642428583068408
20098,1,0.42326581296341076
20099,1,0.7284805583260361
20100,0,9.961915445718564e-05
20101,0,0.3663597129241106
20102,0,0.009286440214603791
20103,0,0.5073218953386328
20104,0,0.0077706137120906495
20105,0,0.0006295379916133927
20106,0,0.02759067778440225
20107,0,0.00011042067217825153
20108,0,0.7262609934428408
20109,1,0.5598018380391999
20110,1,0.5219544913620419
20111,0,5.248168992240897e-05
20112,0,0.009055146063246143
20113,0,0.13253864077199673
20114,0,0.08898685808064515
20115,0,0.013824676146802354
20116,0,0.12429534571193399
20117,1,0.7488498572766197
20118,0,0.04536880253163737
20119,0,0.010244071310290306
20120,0,0.32576228716918354
20121,0,0.033842664302357425
20122,1,0.39978711268506867
20123,0,0.0011004202677819647
20124,1,0.6741763849928137
20125,0,0.33669514498075703
20126,0,0.2121510728969939
20127,0,0.28729073882285305
20128,0,0.0006390257018121273
20129,0,0.061308410526292184
20130,0,0.005672946881895341
20131,0,2.7562410774895196e-06
20132,0,0.007058204107796357
20133,0,0.0008565380322574807
20134,1,0.7405410604269373
20135,0,0.4232058438246516
20136,0,0.24140183279608735
20137,0,2.3595159528262782e-05
20138,0,0.0010521506708602278
20139,0,0.005853806534964122
20140,0,0.016812119294554763
20141,0,0.057395197241119904
20142,0,0.28729042995523413
20143,1,0.6022993624370667
20144,0,0.5117879650551068
20145,0,0.3030483744831392
20146,0,0.003815881869260078
20147,0,0.048548365175766564
20148,0,0.02198993032352848
20149,1,0.7149637175474004
20150,0,0.0075793110505475115
20151,1,0.9277334341796669
20152,0,0.12324201829493958
20153,0,0.36647338938028257
20154,0,0.11996475199791407
20155,0,0.40531857935962334
20156,0,0.4557307585125741
20157,0,0.038058201235488434
20158,0,0.061353585009935104
20159,0,0.024135898255744664
20160,0,0.24223020624093186
20161,0,0.013544834053407758
20162,1,0.9155033265111542
20163,0,0.3006265495369521
20164,0,5.100085056081432e-06
20165,0,0.0954641115572506
20166,1,0.5698592152809808
20167,1,0.7529628206958071
20168,0,0.0007381549414530915
20169,0,0.33345450025414414
20170,0,0.00015918704099976793
20171,0,0.0030035608262841255
20172,0,0.010345592843669565
20173,0,0.20860652083594844
20174,0,0.009526871823545493
20175,1,0.8028063743007526
20176,0,0.6261500006957478
20177,0,0.0025029989149386207
20178,0,0.5022926947551442
20179,0,0.21627222558655967
20180,1,0.12609884700560522
20181,0,0.26698368665166894
20182,1,0.5628023552395031
20183,0,0.003914882758885787
20184,0,0.028973412627233575
20185,0,0.12855079477750617
20186,1,0.1255804718754681
20187,0,0.001813878075483358
20188,0,0.002616255883325449
20189,0,0.00013468418865701274
20190,0,0.18710587493093597
20191,0,0.0015064673429385884
20192,0,0.06153566083318437
20193,1,0.489472502170072
20194,0,0.018663910506296115
20195,0,0.1125755566815696
20196,0,0.4279492233935509
20197,0,1.2233587711164592e-05
20198,0,0.4773985950267814
20199,0,0.06470055515438299
20200,0,0.16182351313806134
20201,0,0.5358908000426421
20202,0,0.033823320466853476
20203,0,0.010864128358966581
20204,1,0.3137717683426358
20205,0,0.0011902518188080904
20206,0,0.006921235781313968
20207,0,0.001862686521269998
20208,0,0.06550026048892141
20209,0,0.0001557140604616653
20210,1,0.14970365062412605
20211,0,0.15373569606758386
20212,1,0.5717021413778873
20213,0,0.1054890386879649
20214,0,0.7118025567119545
20215,0,0.35252877583037273
20216,0,0.14835598491084598
20217,0,0.000397715365975812
20218,0,0.01029582779966417
20219,1,0.6989764084012133
20220,0,0.03976977749100687
20221,1,0.5832119286596436
20222,0,0.020304690910599662
20223,0,0.04166588969507399
20224,1,0.6145031981061492
20225,0,0.6167091857633576
20226,0,0.2896931227511612
20227,1,0.7600452119135384
20228,0,0.6430743033792666
20229,1,0.6810201081811695
20230,0,0.002010814334903792
20231,0,0.11877490560844862
20232,0,0.12718431871425723
20233,0,5.050859562056666e-05
20234,0,0.32942560760315576
20235,0,0.4969557201655224
20236,0,0.06183481424017509
20237,0,0.03663346572591947
20238,1,0.7694081250810129
20239,0,0.0003268340105908658
20240,1,0.6064749279769004
20241,0,0.3060013791094393
20242,0,0.4620184787848843
20243,1,0.06991025403708849
20244,0,0.0017550694256111084
20245,0,0.0297984551441754
20246,0,0.004385815931032957
20247,1,0.7929116321557746
20248,0,0.0036603224262229312
20249,0,0.0007969118252353932
20250,1,0.8700296543201076
20251,0,0.020415814319609486
20252,0,0.005668723723885793
20253,0,0.2684579431889161
20254,0,0.21065422415192517
20255,1,0.6579886093843225
20256,0,0.0006777673727452281
20257,0,0.002040571687606071
20258,0,0.0071567417310390265
20259,0,0.4599483074970298
20260,0,0.01292811117368798
20261,0,0.33022113868204334
20262,0,0.5010441279748948
20263,0,0.027217099775830284
20264,0,0.012473188799060996
20265,0,0.05790024494623998
20266,1,0.8823948163159206
20267,1,0.7372843901861054
20268,0,0.866088960987215
20269,0,0.5158522573658229
20270,0,0.02945337300633492
20271,0,0.050310693908362306
20272,0,5.821908265324155e-17
20273,0,0.003961594679721864
20274,1,0.34668992081764083
20275,0,0.004347789630363835
20276,1,0.46589435647861116
20277,0,0.3830422123918278
20278,0,0.049153684002848363
20279,0,0.560285478615183
20280,0,0.06367428111487694
20281,0,0.7504562908288759
20282,1,0.38531144106302556
20283,0,0.016099465484704364
20284,1,0.5715864820574356
20285,1,0.8483394956628652
20286,0,0.003251563944840146
20287,1,0.4118921609989211
20288,0,0.05061197318927984
20289,0,0.008964375637923653
20290,0,0.013504728028420685
20291,1,0.8854555919788936
20292,0,0.25031597413407797
20293,0,0.019404167896739693
20294,0,0.06415837678457388
20295,0,0.011312329431712795
20296,0,0.06636868012772133
20297,1,0.4187750402249764
20298,1,0.7667947504052905
20299,0,0.029734877818842147
20300,1,0.2637164224806636
20301,1,0.7782706228775269
20302,0,0.001597080755105397
20303,0,0.22848129234434078
20304,0,0.013652025537192705
20305,0,0.05993411314767206
20306,0,0.00022634127297560164
20307,0,4.1598267283169485e-05
20308,0,0.010418214456742184
20309,0,0.04825869849572639
20310,0,0.033330982230075745
20311,0,0.07790097523606367
20312,0,0.023404358941269215
20313,0,0.13996267035537774
20314,0,0.007254380212448862
20315,0,0.016378230707654796
20316,1,0.4478777211166362
20317,0,0.0032934314105236297
20318,0,0.03908345019293437
20319,0,0.09573637969512887
20320,0,0.0022237591983402046
20321,0,0.005880404991051399
20322,0,0.03172044081237078
20323,0,0.01875367338095321
20324,0,0.39637023626260265
20325,1,0.577515492278614
20326,1,0.46609816489844874
20327,0,0.25146104366444744
20328,0,0.13390648432942573
20329,0,0.008581632707006093
20330,0,0.10228105257529262
20331,0,0.05620802884146803
20332,0,0.1855632491237693
20333,0,0.20340986089234586
20334,0,0.002405993214909247
20335,0,0.1728477832456985
20336,1,0.5996500526209734
20337,1,0.4976118085842071
20338,1,0.32314623336283455
20339,0,0.010837903748947591
20340,0,0.018636954701349337
20341,0,0.21812201919040553
20342,0,0.0015940184937120166
20343,0,0.0015177967842842327
20344,0,0.0462817927102984
20345,1,0.6350441934859739
20346,0,0.01547512222088755
20347,0,0.0033608407814336673
20348,0,0.4926945690471713
20349,0,0.16312916971748437
20350,0,0.03023215906471613
20351,0,0.01176134116581343
20352,0,0.5673449394985796
20353,1,0.6697949872335975
20354,0,0.0012343067329794726
20355,1,0.7169286267776477
20356,0,0.38212337912240135
20357,0,0.0017269918053612861
20358,0,0.01944983537884004
20359,0,0.059518870738459004
20360,0,0.023292738593078007
20361,1,0.06418405849273044
20362,1,0.18175860492493026
20363,0,0.14680748510342131
20364,0,0.15118808946044562
20365,0,0.004539496421560124
20366,0,0.08781729189021004
20367,0,0.17006494207817502
20368,0,0.68423963728435
20369,0,0.18538082100956782
20370,1,0.9030902139780727
20371,0,0.006602372987176312
20372,0,0.00030637693288779845
20373,0,0.2277375832212681
20374,0,0.0029184330620611086
20375,0,0.485213638815225
20376,0,0.020271811952981483
20377,0,0.004199663482412213
20378,0,0.00033757266768854964
20379,1,0.2864801443161309
20380,0,2.6005863320273776e-05
20381,0,0.2853470827669612
20382,1,0.382938303376899
20383,0,0.5782549492528165
20384,0,0.04700253183733672
20385,0,0.007018981359411654
20386,0,0.02360187038346141
20387,1,0.8151353677729885
20388,0,0.06037478435174257
20389,0,0.0016499591714964942
20390,0,0.01925408016950719
20391,0,0.04930222181690045
20392,1,0.5471563362582058
20393,0,0.6667897182211262
20394,1,0.5579502496200974
20395,0,0.0049416556225395595
20396,0,0.15772955080007306
20397,0,0.0024184033386122393
20398,0,0.006218611679013101
20399,1,0.2447579142273609
20400,0,0.009734565264787304
20401,1,0.2035051748674748
20402,0,0.0449057910055519
20403,0,0.002049097733234749
20404,1,0.7289557796414512
20405,0,0.0004022591435316982
20406,0,0.008524421103014221
20407,0,0.004995907286703197
20408,1,0.7514549703741997
20409,0,0.016907487670905892
20410,0,0.0007433560385105546
20411,0,0.013877229889048714
20412,1,0.3812098392581009
20413,0,0.06763719583668247
20414,0,0.006613041071993589
20415,0,0.0003650392730803793
20416,0,0.17284234304138427
20417,0,0.02920914079615505
20418,1,0.2015154944489942
20419,0,0.0013351358982411515
20420,0,0.09649309845718261
20421,0,0.00828669462522296
20422,1,0.784335245276311
20423,0,0.5777166322779355
20424,0,0.0038103373187753785
20425,0,0.0038140498336605043
20426,0,0.0002522483359283018
20427,0,0.7453676967514005
20428,1,0.4038290010167008
20429,1,0.723864517739173
20430,0,0.00011791216044937917
20431,1,0.7646785642113162
20432,0,0.0022067213784959815
20433,0,0.032537208548474014
20434,0,0.13067699880297265
20435,1,0.74366249980087
20436,0,0.010471970973583572
20437,0,0.02468429354494974
20438,0,0.0001846997721332881
20439,0,9.743024321654853e-05
20440,1,0.49735283898948
20441,0,0.0804483963510029
20442,0,0.12239066176299149
20443,0,0.0002088661822322521
20444,0,0.0096902019389757
20445,0,0.246825919761508
20446,0,0.014196541556736362
20447,0,0.5242006823240413
20448,0,0.0080222711015934
20449,0,0.7966665913381965
20450,0,4.3172037893974186e-05
20451,1,0.7325818853550372
20452,0,0.08682487678792779
20453,0,0.000154334552064465
20454,0,0.09050758473992095
20455,0,0.014610754736312872
20456,0,0.008250445076820477
20457,0,0.00045353983000675276
20458,1,0.24323277452725064
20459,0,0.01538012532606687
20460,0,0.5999775834764806
20461,0,0.3721579078750767
20462,0,0.6445674349539752
20463,0,0.07144372470641185
20464,1,0.15780540009026608
20465,1,0.6969281588396644
20466,1,0.5441545103421658
20467,0,0.5105262746251717
20468,0,0.015408384265018973
20469,1,0.5161844013750291
20470,1,0.7850271118675769
20471,0,0.4882364126939305
20472,0,0.8652461572348598
20473,0,0.0025743332656164267
20474,0,0.0005933977178711751
20475,0,0.031022567667613903
20476,0,0.0009572553071449765
20477,0,0.0007660683547123163
20478,0,0.012429794954014138
20479,0,0.030680353639013582
20480,0,5.6068159593807624e-05
20481,0,0.18507697837420645
20482,0,0.007832215106901463
20483,0,0.029972308653480603
20484,0,0.04565409486258458
20485,1,0.722179695174272
20486,0,0.00015670779817250453
20487,0,0.050818986819718706
20488,0,0.04882228835385345
20489,0,0.2256112608776713
20490,0,0.16845076785962754
20491,0,0.00165592494615454
20492,0,0.1538258453783288
20493,0,0.11356370564738075
20494,1,0.44435148884605363
20495,1,0.8076884067480394
20496,0,0.054019962753295854
20497,0,0.29527475993060603
20498,0,0.46448455551598994
20499,0,0.02430438639835082
20500,0,0.004304954991798168
20501,0,0.00023491458499196686
20502,0,0.10910494742536722
20503,0,0.23333810808306008
20504,0,0.10397444454639171
20505,0,0.0022228417512123273
20506,1,0.6774261430743953
20507,0,0.3595957444949343
20508,0,0.0021875882745595733
20509,1,0.5881119682650586
20510,0,0.2230144279715745
20511,0,0.00017056791319126232
20512,1,0.6795139297505186
20513,0,0.0657713772027562
20514,0,0.0001580096082525217
20515,0,0.01768442368235594
20516,0,0.7620543155607085
20517,0,0.6377823127276044
20518,0,0.037837799672072604
20519,1,0.7214909779159022
20520,1,0.44601303261016995
20521,0,0.03112520293225394
20522,0,0.16613738500010614
20523,1,0.07257551804736039
20524,0,0.0016727350529086441
20525,0,0.02453850269854568
20526,0,0.2162193473020391
20527,0,0.0094576177876122
20528,1,0.9302277765579401
20529,0,0.4485846830053835
20530,0,0.037918275265045896
20531,0,0.07499244129969757
20532,1,0.2663908864218742
20533,0,0.027208252124802015
20534,0,0.5685980893115726
20535,0,0.01426656043730076
20536,0,0.36122797936898643
20537,0,0.03707992562105295
20538,0,0.000450645252578932
20539,0,0.0025415098883509574
20540,0,0.33595172719015515
20541,0,0.031046309602501845
20542,0,0.011728099275897488
20543,0,0.09833179560686342
20544,1,0.8704058234889274
20545,0,0.47296577887916763
20546,0,0.00014354180109448343
20547,0,0.07469107867218576
20548,0,0.061986975712826575
20549,1,0.857215631441982
20550,0,0.3156021948807782
20551,0,0.5268500977780987
20552,0,0.06887117827781329
20553,0,0.03643290649310669
20554,0,0.001343258260238495
20555,1,0.348165766498828
20556,0,0.06744253311461193
20557,0,0.00011399385185826412
20558,0,0.0021323974619560037
20559,1,0.40791147864013816
20560,0,0.04643991434454505
20561,0,0.7601616804565081
20562,0,0.011373182346008483
20563,0,0.12951551582609364
20564,0,0.019899055056498947
20565,1,0.743879596810936
20566,0,0.042913483705449396
20567,0,2.5694840604556637e-05
20568,0,0.4352562173833604
20569,1,0.6929096035366863
20570,1,0.7162840894488274
20571,1,0.27798574014626043
20572,0,0.008520132480311034
20573,1,0.6339910714009769
20574,0,0.128449203304022
20575,0,0.007942098858340206
20576,1,0.3966233888347368
20577,0,6.452753002687871e-08
20578,0,0.05753679011005604
20579,0,0.16421704353189617
20580,0,0.006228062233009414
20581,0,0.2396166328602862
20582,0,0.009866734762180515
20583,0,0.0004197066531887491
20584,0,0.024872057638391423
20585,1,0.8907515042765456
20586,0,0.21658057538642783
20587,0,0.09547286206313385
20588,0,0.01776530548984654
20589,0,0.09614184113691435
20590,1,0.7192457952862114
20591,0,0.0472558128148877
20592,0,0.006128072124965821
20593,0,0.23717986011532272
20594,1,0.2308197438945605
20595,0,0.035485894165640526
20596,0,0.22023059304405287
20597,0,0.17991831082388507
20598,0,0.04338983549032072
20599,0,0.2165650740400492
20600,0,0.2265702863156434
20601,0,0.00029213886507739573
20602,0,0.025974555636665817
20603,1,0.8244860944709813
20604,1,0.4455601244256908
20605,0,0.12479374217717856
20606,0,0.034256100686022035
20607,0,0.5314247664997166
20608,0,0.019139810348895198
20609,0,0.018103986724659845
20610,0,0.020584100261505554
20611,0,0.0009119412521748219
20612,0,0.011186506222665458
20613,0,0.04665511933692149
20614,0,0.34087195008102694
20615,0,0.2873770227991591
20616,0,0.16285625780695584
20617,0,0.06114039182525353
20618,0,0.17092679740406652
20619,0,0.3715973408666134
20620,0,0.34355014700172687
20621,1,0.4955520367381675
20622,1,0.22084102698024263
20623,0,0.02725345566335979
20624,0,0.035132092041666084
20625,1,0.4289215914453874
20626,0,0.00013577630636287853
20627,0,0.015562404851328699
20628,1,0.413322982521975
20629,0,0.0008977143543938732
20630,0,0.0008823650746959366
20631,0,0.00530018283808626
20632,0,0.3084420070932569
20633,0,0.5320754286783328
20634,1,0.31224657928138627
20635,0,0.4995450923376455
20636,0,0.11659272002123611
20637,0,0.16614294679988165
20638,0,3.742873716263903e-06
20639,0,0.0035655046376554095
20640,0,0.42980873044629064
20641,1,0.6136727113691856
20642,0,1.2726798698900066e-05
20643,0,0.04241841618725995
20644,1,0.6740602374454249
20645,1,0.6262052688324115
20646,0,0.3208780254573557
20647,0,0.0002505766193285656
20648,0,0.009616649679481297
20649,1,0.8012675116514523
20650,0,0.0013870311744404857
20651,1,0.8200004788831605
20652,0,0.017847011180610148
20653,0,1.4778614603393432e-05
20654,1,0.3699755043646816
20655,1,0.5355971337576989
20656,0,7.823866125955947e-05
20657,0,0.09136958537288507
20658,0,0.08023301470156478
20659,0,0.008705167855469638
20660,0,0.8389637570079077
20661,0,0.3284063409184201
20662,0,0.014142485508069675
20663,1,0.0013984829847038989
20664,0,0.191188729054074
20665,0,0.0014173590041158706
20666,0,0.00031358329785980364
20667,0,0.12414705457806437
20668,0,0.004149271897313106
20669,1,0.8525990635779456
20670,0,0.2624835144624149
20671,0,0.04453512862622215
20672,0,0.021657054297643172
20673,0,0.3835120415839593
20674,0,0.07784020245439664
20675,0,0.6628930366678524
20676,0,0.11455022636070991
20677,0,0.0021659675744261212
20678,0,0.010939329702551473
20679,0,0.004215840078508691
20680,0,0.037571030547471934
20681,0,0.028254761612114234
20682,0,0.7062469895349863
20683,0,8.122242131190324e-05
20684,1,0.6204444496450795
20685,1,0.16249053625931825
20686,0,0.0002847905192053175
20687,0,0.0003141683237495283
20688,0,0.0015181495440617242
20689,1,0.9188215557408388
20690,0,0.052852782200678024
20691,0,0.006920325946767915
20692,0,0.44756478240243974
20693,0,0.003338819450539407
20694,0,0.0003096401850872339
20695,0,0.017080755857913115
20696,1,0.5052792171563844
20697,0,0.8392972759286963
20698,1,0.45929376511151265
20699,0,0.008508536038680929
20700,1,0.05612174167257818
20701,0,0.008256269525391756
20702,0,0.014982841335266322
20703,0,0.0018501474391654888
20704,1,0.7771254069454309
20705,0,0.16223901564092147
20706,0,0.03981039325096577
20707,0,4.062908221901684e-05
20708,0,0.42784781208198375
20709,0,0.07734249574057896
20710,1,0.8105963262903899
20711,0,0.05668639037545389
20712,1,0.3746575310958021
20713,0,0.000343930483694023
20714,0,0.02978746425866414
20715,0,0.00016565661731417428
20716,0,0.000213366779200249
20717,0,3.650757168736239e-05
20718,0,0.04749509284308112
20719,0,0.006781757832250033
20720,1,0.5229918531285779
20721,0,0.0006935332427620386
20722,0,0.7960939124268201
20723,0,0.6707093736743834
20724,1,0.49458414186517485
20725,1,0.37278633712912745
20726,0,0.3098560480811793
20727,0,0.5593481460147623
20728,0,0.040087313630414886
20729,0,0.053987395115597275
20730,0,0.003307802545157436
20731,0,0.8095171215771161
20732,0,2.7092424003969065e-09
20733,0,0.005611597037652011
20734,0,0.13872545069406605
20735,0,0.06685769349875259
20736,1,0.49650834092253543
20737,0,0.05578356146234608
20738,0,0.7426694617519612
20739,0,0.16134052369126042
20740,0,0.0003332599921843231
20741,0,0.008864045987672554
20742,0,9.664679518406603e-13
20743,0,0.002333091066783551
20744,0,0.5353649325338153
20745,0,0.018356416558164043
20746,0,0.30134057620924903
20747,0,0.09670639102297907
20748,0,0.7068480882580704
20749,0,0.00017035461261362674
20750,0,0.07612460846961636
20751,1,0.8211066912838566
20752,0,0.06119462612177058
20753,0,0.5235888648194104
20754,1,0.05570765669945742
20755,0,0.01504010353544407
20756,0,0.011821541622466967
20757,0,0.47851660776672417
20758,0,0.00042985706163114183
20759,0,0.015466235675203298
20760,0,6.311127792695577e-05
20761,0,0.693096938913047
20762,0,0.020511394214357787
20763,0,0.009403693092300928
20764,0,0.0809393180281269
20765,1,0.6476763809831351
20766,0,3.4239958614007986e-05
20767,0,0.32832725176399136
20768,0,0.12622032500744784
20769,0,0.0031345815885461185
20770,1,0.6729268057181275
20771,0,3.316579692405529e-05
20772,1,0.7466599678026212
20773,0,0.013200852208218233
20774,0,0.0005162049787667024
20775,0,1.3852399054020321e-05
20776,1,0.693918050313961
20777,0,0.32204833246111936
20778,1,0.7685768902863949
20779,1,0.6249952972252889
20780,0,0.08213686702928645
20781,1,0.8912942800045586
20782,0,0.19025810936897086
20783,0,0.564342653273922
20784,0,0.002997019619635306
20785,1,0.5393999270872718
20786,0,0.036280795369876065
20787,1,0.47601671242299953
20788,0,0.04832827515373458
20789,0,0.12024817588688297
20790,0,0.0392231865641716
20791,0,0.029465380182896128
20792,0,0.0013195980693750861
20793,0,3.293487875511368e-06
20794,0,0.012226892250663684
20795,1,0.5945769643625491
20796,1,0.7495506279653208
20797,0,0.003022807887494172
20798,0,0.008688798354881429
20799,0,0.0006879162702202584
20800,1,0.5875141886503139
20801,0,0.010579821584753298
20802,0,0.03933343556952409
20803,0,0.13475313437755196
20804,0,0.0011111767238711399
20805,0,0.019840429321260296
20806,0,0.05448097204587919
20807,0,7.456263023045603e-05
20808,0,0.4396844970644146
20809,1,0.7319007196963762
20810,1,0.13456874412418549
20811,0,0.00035013253603138645
20812,0,0.34142854375587284
20813,1,0.7988365707551459
20814,0,0.08594609185484886
20815,0,0.26187658375258993
20816,0,0.07493449995219213
20817,0,0.03583273961473764
20818,1,0.8269319068327325
20819,0,0.05004434068651714
20820,0,0.007584863116279158
20821,0,0.04361177728601864
20822,0,0.5362636403563047
20823,0,8.343505267153799e-05
20824,0,0.031001356708852148
20825,1,0.46428907172542455
20826,0,0.00867988028913529
20827,0,0.15528821099524998
20828,0,0.0003499286384251188
20829,1,0.43761297729866405
20830,0,0.5540005674295896
20831,0,0.12001079883665093
20832,1,0.515558541592573
20833,0,0.029794491033305424
20834,1,0.06318207260047137
20835,0,0.07216534107957932
20836,0,0.01277181389691088
20837,0,0.03431333725282211
20838,0,0.02249059738325962
20839,0,0.170046096759127
20840,0,0.0016877701890767672
20841,0,0.011434814895362987
20842,0,0.008753514857012226
20843,0,8.350699186907168e-06
20844,0,0.2173091535641426
20845,0,0.2843350753116773
20846,0,0.24775388405823998
20847,1,0.8857109158944059
20848,0,0.1504143246654143
20849,0,0.6800777104025639
20850,1,0.41746447216368704
20851,0,0.01599083573523041
20852,0,0.05534322928823593
20853,0,0.0057499297992589515
20854,0,0.7535747605498275
20855,1,0.604256416955805
20856,0,0.3946590582526751
20857,0,0.002994179300777625
20858,0,0.46324033985739094
20859,0,0.00031314999604248274
20860,0,0.12833040834869652
20861,0,0.015640960153968687
20862,1,0.7332292765078741
20863,0,0.534216305217955
20864,1,0.7646164110829106
20865,0,0.03277165150538612
20866,0,0.4659188322712913
20867,0,0.000991149729267717
20868,0,0.45229154279988437
20869,0,0.3757883878113715
20870,0,0.0025355902798517376
20871,0,0.048301720699088835
20872,0,0.0005141969651527203
20873,1,0.6774733873153627
20874,1,0.7159059474897599
20875,1,0.2476545967207486
20876,1,0.18025229724745886
20877,1,0.29433913796347727
20878,1,0.4377364395539459
20879,0,0.0005799993540605448
20880,0,0.009573742754884835
20881,0,0.012553779139810328
20882,0,0.16295269112320143
20883,0,0.020392187433558757
20884,1,0.8271799534048597
20885,0,0.1435979909663526
20886,0,0.001139485145900688
20887,0,0.002164446904145417
20888,0,0.6650656292657813
20889,1,0.6829145909380675
20890,0,0.0028296716428273462
20891,0,0.005426945218725973
20892,0,2.8430467073762483e-05
20893,0,0.0005482858141734041
20894,0,0.18172904966220724
20895,0,0.012581753273430337
20896,0,0.4813081613582808
20897,0,0.00129467054070494
20898,0,0.013147378941635151
20899,0,0.13985639926528615
20900,0,0.07184681098989096
20901,1,0.29663534296683136
20902,0,0.16054393366517308
20903,0,1.0808105516793965e-05
20904,0,0.047762862354966414
20905,0,0.3362886523949754
20906,0,0.11886746622043887
20907,1,0.887261521113106
20908,0,0.00014950646024389786
20909,0,0.01897951162570885
20910,1,0.4763125334784528
20911,1,0.9345882855299669
20912,0,0.0011987974032820438
20913,0,0.0008111780605168341
20914,0,0.13387503194664127
20915,0,0.0018541119947943776
20916,0,0.013316969819418477
20917,1,0.7248479738579364
20918,0,0.4128717484412776
20919,1,0.5846241301955897
20920,0,0.05456593718109287
20921,0,0.017642027617801922
20922,0,0.029230866013363638
20923,1,0.9017099435355674
20924,0,0.008825374204255346
20925,1,0.740333482434784
20926,1,0.05805939117490387
20927,0,0.0004164555351625317
20928,1,0.08450877320385923
20929,0,0.0019219086522224912
20930,0,0.8934444580110139
20931,0,0.0010797022495760466
20932,0,0.001974304634708471
20933,0,0.000370515843728185
20934,0,0.18331564239075746
20935,0,0.48599765658706545
20936,0,0.0035708215873246434
20937,0,0.29366661313727704
20938,0,0.5579225717772359
20939,0,0.19744925463169724
20940,0,0.5442734382647718
20941,0,0.19000426289013947
20942,0,0.007192743139106762
20943,1,0.6986190229098823
20944,1,0.4945407110068026
20945,0,0.00047737420990121406
20946,0,0.0027385189926578167
20947,0,0.09598363159230952
20948,0,0.08414363104251445
20949,0,0.06463919590279717
20950,0,0.004118281971926382
20951,0,0.2567694299874604
20952,1,0.34728507143432574
20953,0,0.07031624118218088
20954,1,0.8750330396900461
20955,0,0.0002021620695061355
20956,0,0.008739458798602778
20957,0,0.0005262829355875299
20958,0,0.1325312110843241
20959,1,0.6987430365711228
20960,0,0.43470367445918767
20961,0,0.09455595802437004
20962,0,0.009223464316364656
20963,0,0.0008481467743684717
20964,0,0.7789486507723749
20965,0,0.030056690142738124
20966,0,0.004208312375055657
20967,1,0.4179934201783569
20968,0,0.0002374563619357804
20969,0,5.1611194975816726e-05
20970,0,0.00016235775324786872
20971,0,0.1326237744216115
20972,1,0.2719512212719556
20973,0,0.07989233385967652
20974,0,0.02769300035537363
20975,0,0.008043758502377978
20976,0,0.03187421808996766
20977,0,0.007008609097720431
20978,0,0.6163259062511381
20979,0,0.002564670099428172
20980,0,0.03457787269402264
20981,1,0.8939955862705411
20982,1,0.41138241772832185
20983,0,0.05232307425644781
20984,0,0.003635794075639079
20985,0,0.0034834627929498803
20986,0,0.0032747838653421494
20987,0,0.02207998036328777
20988,1,0.8588290761748544
20989,0,0.0027662383793664903
20990,0,0.0010508151718954565
20991,1,0.6953022439936949
20992,0,0.0005023438623535123
20993,0,0.31283827700772615
20994,1,0.60529691499904
20995,1,0.5710689785546146
20996,0,0.00392803526187688
20997,1,0.509520628710937
20998,0,0.017347395423313573
20999,1,0.4703451052841528
21000,0,2.2839509074709114e-05
21001,0,0.16644994808073543
21002,0,0.3514571301467405
21003,0,0.00999755316799166
21004,0,0.00036780734124116575
21005,1,0.7099263206026342
21006,0,0.0358993952023848
21007,0,0.0018882336749461441
21008,1,0.2350406312151715
21009,0,0.4794580737784849
21010,0,0.24562422725521108
21011,0,0.5483862900489882
21012,1,0.3847229021675098
21013,0,0.0888575337243431
21014,0,0.010312724856449684
21015,0,0.0802825886499387
21016,0,0.0021827983932225983
21017,1,0.605778690399791
21018,0,0.12714221009422946
21019,0,0.0057914404227233755
21020,0,0.00962878876796271
21021,0,0.09812814156855514
21022,1,0.4426464129910502
21023,0,7.350100432075812e-05
21024,0,9.517424323128495e-05
21025,0,0.12052624728306714
21026,0,0.14914328091674486
21027,1,0.7339718642284924
21028,0,0.10446112552893029
21029,1,0.7693019954227744
21030,0,0.0338647020824074
21031,0,0.0009938984728376946
21032,0,4.959938779556978e-07
21033,1,0.18859716498720572
21034,0,0.13565391119859393
21035,0,0.034290019293656895
21036,0,0.5720263765094868
21037,0,0.009832628103819172
21038,0,0.006699595136328484
21039,1,0.3229700132246206
21040,1,0.39751661489065176
21041,0,0.003818994438935629
21042,0,0.000451552260524319
21043,0,0.17240156525134487
21044,0,0.0045457567599228865
21045,0,0.006670166692213656
21046,0,0.2189173428637135
21047,0,0.000818994043554985
21048,0,0.47374737886445323
21049,0,0.03032758023811989
21050,0,0.3260293481352835
21051,0,0.13064636622855383
21052,0,0.46469284239732583
21053,1,0.6158352112115755
21054,0,0.20591457131635013
21055,0,0.6267712529307881
21056,1,0.4891407281541425
21057,0,0.03109295113292258
21058,1,0.28047331234974404
21059,0,0.0014813032128858262
21060,0,0.008039645121313397
21061,0,0.23837402950109898
21062,1,0.6240156476682738
21063,1,0.7785692820031535
21064,0,0.0051631607084694124
21065,0,0.037648580813100754
21066,0,0.025553265329455413
21067,0,0.6320794090470434
21068,1,0.5552247634727038
21069,0,0.13138576141965141
21070,0,0.05627631843859231
21071,0,0.02378349623895
21072,0,0.13411164126702194
21073,0,0.003591968153997716
21074,1,0.8025274636924842
21075,0,0.1276672670080249
21076,1,0.7250499960178309
21077,0,0.0123834106402141
21078,0,0.0005838245274372637
21079,0,0.0011695966854746366
21080,0,0.00141910256208382
21081,0,0.004154668852648664
21082,0,0.7479060533091615
21083,0,0.0011128217004319244
21084,0,0.47582518481334984
21085,1,0.5758117604241604
21086,0,0.13248786904058035
21087,0,0.05436180759372291
21088,0,0.19668760989746398
21089,0,0.08011402203649548
21090,0,0.0016320760970430785
21091,1,0.7644234738793481
21092,0,0.003816310316561608
21093,0,0.7982161289520149
21094,0,0.47150121850557636
21095,1,0.5114432565690954
21096,0,0.4384162626675841
21097,0,0.0016412408485474335
21098,0,0.12269393497979762
21099,0,0.549594592545549
21100,0,0.01626398570668186
21101,0,0.12417825796646105
21102,0,0.5972902449331479
21103,0,0.8551704708386944
21104,0,0.06295441559054489
21105,0,1.3086769787983402e-05
21106,1,0.7787184616079593
21107,1,0.5085889112924237
21108,0,0.49748634223469684
21109,1,0.6440011775383062
21110,1,0.7549421905105632
21111,0,0.06481422559532671
21112,0,0.5020980869039637
21113,1,0.68515705135311
21114,0,0.0700480906824953
21115,0,0.7360010500363531
21116,0,0.0005764025017432106
21117,0,0.7346438586183397
21118,0,0.000403281438229865
21119,0,0.04086821006284218
21120,0,0.0043947809467821085
21121,0,0.0033307564851190016
21122,0,0.10434716563853863
21123,0,0.7521410620823685
21124,0,0.0018263686397468136
21125,0,0.14624939036651669
21126,0,0.017558278472596844
21127,0,0.004731755500766663
21128,0,0.2521717117024586
21129,0,0.0005629178225107972
21130,1,0.3637321464506183
21131,0,0.39061927076898706
21132,0,0.6416480701629985
21133,0,0.12300574437430707
21134,1,0.3555466237362839
21135,0,0.029129235373106344
21136,0,0.002172771721638019
21137,0,0.790176697726409
21138,0,0.18326666623493099
21139,0,0.06974528253209683
21140,0,0.13365860068926583
21141,0,0.15316314455900643
21142,0,0.08865274756264614
21143,0,0.049408580072076075
21144,0,0.04957559967748032
21145,0,0.002561097882543873
21146,0,0.023282909776089506
21147,1,0.91675494874171
21148,1,0.031702884420064185
21149,0,0.0015255865532713862
21150,0,0.003988348414615624
21151,0,0.6737503783909526
21152,0,0.00029664468562735615
21153,0,0.39059964439840295
21154,0,0.002958419018390267
21155,0,0.08214402935989934
21156,1,0.8721030390093851
21157,0,0.017995836696725817
21158,0,0.02651425790692623
21159,0,0.30846164507784823
21160,0,0.011624076711933206
21161,0,0.16622944094223555
21162,0,0.007685376537890526
21163,0,0.0008111050686654427
21164,1,0.537403139899693
21165,0,0.3462504219949022
21166,0,0.0007048116923006769
21167,0,0.0007726850590834856
21168,0,0.02786532565590635
21169,0,0.18675802672831637
21170,0,0.13706772084193267
21171,0,0.009163891324402153
21172,1,0.8832102359099979
21173,0,0.0017029312478520032
21174,1,0.06119808820245176
21175,0,0.052085782605924655
21176,0,0.0007497891259747897
21177,0,0.4140530071848849
21178,0,0.00846683743792533
21179,0,0.6393536022603493
21180,0,0.3951339483790708
21181,1,0.5821527804809454
21182,0,0.05434778001246257
21183,0,0.014620304081917529
21184,0,0.08145610330114518
21185,1,0.8838572402433894
21186,0,0.001947921304890781
21187,0,0.019517751314590964
21188,0,0.36983824938239196
21189,0,0.0019087447289210541
21190,0,0.10811476084486533
21191,1,0.727322874306885
21192,0,0.778146811150669
21193,0,0.36545370046986975
21194,0,0.21298938060844666
21195,0,5.1706541762684135e-05
21196,0,0.0005602749198830127
21197,1,0.9655676383865226
21198,0,0.05828886085130399
21199,0,0.00020071422646518482
21200,1,0.8319895463849818
21201,0,0.0019963863327437585
21202,0,0.0013578251709763624
21203,0,7.103531216268481e-05
21204,0,0.10696408794214965
21205,1,0.7076830235905216
21206,0,0.02437627839542764
21207,0,0.00016729240103968089
21208,0,0.0036498160951301947
21209,1,0.6907640228753872
21210,0,0.10947414017155546
21211,0,0.0012515902205141201
21212,0,0.001048422536256699
21213,0,0.32352737688659605
21214,0,0.004571252293015796
21215,1,0.19420786563160317
21216,0,0.0483538273779039
21217,1,0.6948090828282851
21218,0,0.04566189297601676
21219,0,0.009766754361265397
21220,0,0.32046697635724414
21221,0,0.09770786113758112
21222,1,0.6958979119236259
21223,0,0.0010877679188570706
21224,0,0.002607261379800768
21225,0,0.006606435333013105
21226,0,0.28145338544557985
21227,0,0.2925537744426416
21228,0,0.08465094627420856
21229,0,0.19958024906891686
21230,0,0.002238755626112339
21231,0,0.0008276585730002565
21232,0,0.00849537266834199
21233,0,0.9281495906210816
21234,0,0.029564857930740842
21235,0,0.0026764893273681033
21236,0,0.002999496634491693
21237,0,0.07567051275167935
21238,0,0.0037832805460046924
21239,0,0.0003194212234186018
21240,1,0.14230808467214245
21241,0,4.1683351767656095e-06
21242,0,0.03473234114673012
21243,0,0.34005627656694937
21244,0,0.0014713160679328066
21245,0,0.004194540764408975
21246,0,6.277282995860303e-16
21247,0,0.0017225009022827048
21248,0,0.0006232352317882583
21249,1,0.6634769375056124
21250,0,0.007352800747364556
21251,0,0.22653323188217048
21252,0,0.005806260251153973
21253,0,0.03299954112163433
21254,0,0.0026219488933868825
21255,0,0.12870678970849694
21256,0,0.05331410757662218
21257,0,0.13817627430473234
21258,1,0.20146950045663728
21259,0,0.018512034742948394
21260,1,0.20589141793433544
21261,0,0.01216378522953804
21262,0,0.001245705172713946
21263,0,0.01178625104320692
21264,0,0.0030188305661514522
21265,0,0.00293327473461724
21266,0,0.01894999017206512
21267,1,0.41783611984948166
21268,0,0.031668796946520715
21269,0,0.009756363335839643
21270,0,0.0054911963434364375
21271,0,2.595041636035191e-16
21272,0,0.039747568727058966
21273,0,0.03902179515858095
21274,0,0.07302281984103087
21275,0,0.1903115022266144
21276,0,0.017130225600767313
21277,0,0.007644248004719415
21278,0,0.0006261548779799935
21279,0,0.005028628713503595
21280,0,0.523200948454235
21281,0,0.6264040032022957
21282,0,0.06573358310580096
21283,0,0.07856045674362049
21284,0,0.004568909627848931
21285,0,0.019612634735457858
21286,0,0.00916797900893617
21287,0,0.004361209584644819
21288,0,0.0008505068544563537
21289,0,0.01558291527177208
21290,0,0.1062595431247898
21291,0,0.0019565321649312704
21292,1,0.5302255025089045
21293,1,0.3683049828779511
21294,0,6.317549736464085e-05
21295,0,0.04633921048859674
21296,0,0.032948164004621895
21297,0,0.027726811030869512
21298,1,0.2627080959233896
21299,1,0.34305604118052135
21300,0,0.16143071541097342
21301,0,0.002836574489420626
21302,0,0.13206931361460564
21303,0,0.007277742784215406
21304,1,0.22324442029465205
21305,0,0.5700084837585727
21306,0,0.14271228037022618
21307,0,0.03714992215326642
21308,0,0.019500705359353738
21309,1,0.3745102900679189
21310,0,0.5094613810621289
21311,0,0.03099120076868233
21312,0,0.03065957644294381
21313,0,0.03312609221003544
21314,1,0.9439336991538495
21315,0,0.07206560937025992
21316,0,0.012518526536349026
21317,0,0.14582242868168463
21318,0,0.004710576499676616
21319,0,0.06550008158117045
21320,0,0.17552854737411663
21321,1,0.6368798754763093
21322,1,0.5538705892672289
21323,0,0.34061336610135884
21324,1,0.17883365654565317
21325,1,0.10964737902940731
21326,1,0.7864333458060864
21327,1,0.4318202881658386
21328,0,1.0101120991318515e-06
21329,1,0.09769121668226237
21330,1,0.549389349646032
21331,0,0.007401154296798337
21332,0,0.023634541260189202
21333,0,0.001427595007580851
21334,0,0.012689529606241572
21335,0,0.004837608185200656
21336,0,0.00020607997049940853
21337,0,0.10311451382100031
21338,0,0.2724552618752009
21339,0,0.000169412775138253
21340,0,0.12091027012125904
21341,0,0.020774651580295563
21342,0,0.517455206347607
21343,1,0.6270891083695297
21344,0,0.0011231407414835897
21345,0,0.003393359442545056
21346,0,0.05138711897109885
21347,0,0.18468248450892008
21348,1,0.6462150048823839
21349,0,0.004276585819634602
21350,0,0.03909909794739167
21351,0,0.03387651223469418
21352,0,0.011423654964947108
21353,0,0.007816069001153135
21354,0,0.0907894575761835
21355,0,0.5432501939126351
21356,0,0.08349251342357511
21357,0,0.0212100439591488
21358,0,0.10973982406053896
21359,0,0.0059244082282468484
21360,0,0.04876635370575932
21361,0,0.0006732700185061982
21362,0,3.733622857714271e-05
21363,0,0.15050728410388142
21364,0,0.00922628995338274
21365,0,0.004559751796570833
21366,0,0.1399084144998255
21367,1,0.7118399321144568
21368,0,0.23714471405173468
21369,0,0.003507931764380539
21370,0,0.0005977230141132356
21371,0,0.11035409857646784
21372,0,0.1358506529087073
21373,0,0.01842598549212973
21374,0,0.0001684887086482848
21375,0,0.48950463128143323
21376,1,0.7751001698352423
21377,1,0.8317675578582233
21378,0,0.08114363134627016
21379,0,0.005762928376498214
21380,1,0.43172148149169637
21381,0,0.39269139832206823
21382,1,0.619521600216194
21383,0,0.13255254230919994
21384,0,0.29852213023474017
21385,0,0.7080603363424192
21386,0,0.04654758834222666
21387,0,0.035253417334561325
21388,1,0.8949372762402279
21389,1,0.6222700291652178
21390,0,0.01457481165699584
21391,0,0.04875295034149416
21392,0,0.024782739698836372
21393,0,0.07180118509941737
21394,0,0.0312535935119862
21395,0,0.003623168682957315
21396,0,0.008810579916516337
21397,1,0.7586357579303065
21398,0,0.12730865163213562
21399,1,0.29719290570308016
21400,1,0.2617930896591075
21401,1,0.14765550278832304
21402,0,0.01165608227509775
21403,0,0.0007682765831072676
21404,0,0.03059615408453135
21405,0,0.5056532256961987
21406,0,0.01844307177532908
21407,0,0.2918951869033693
21408,0,0.00769358823033642
21409,0,0.3634255071404209
21410,1,0.182705827009253
21411,0,0.0070802855083593325
21412,0,0.00017881292562998188
21413,0,0.03931552801511304
21414,0,0.14020194892449556
21415,0,0.004356744882072475
21416,1,0.3020872945343577
21417,0,0.09794636459260553
21418,0,0.008305372064993388
21419,0,0.18506523980807138
21420,0,0.06887042346519733
21421,0,0.00015673100684070166
21422,1,0.6604123806187684
21423,0,0.03582735303828856
21424,0,0.0493381236417127
21425,0,0.033408156459168586
21426,1,0.36281251338511195
21427,1,0.5788407192301287
21428,0,0.13371537556578758
21429,0,0.042630718504267126
21430,0,0.004085982385243924
21431,0,0.14732580208285462
21432,0,0.07770705785427867
21433,0,4.120591036071218e-05
21434,0,0.07394191509333056
21435,1,0.06523159662833261
21436,0,0.1115349856690729
21437,0,0.0004275633274572051
21438,1,0.07985737225857407
21439,0,0.03823934257097206
21440,1,0.6479499384283558
21441,1,0.8346325369943964
21442,0,5.980578434865491e-05
21443,0,0.03555489380259958
21444,0,0.01807131043257523
21445,0,0.0010724651312303494
21446,0,0.007799264894329777
21447,0,0.25808442388771013
21448,0,0.7349691554784985
21449,0,0.000424400443325859
21450,0,0.005922581335204394
21451,0,0.01994473519144263
21452,0,0.21371418671530965
21453,0,0.03533335362162012
21454,0,0.0020596557331993377
21455,0,0.04828920255659252
21456,0,0.03548439731690351
21457,0,0.00011419980505971484
21458,0,0.03857405472395844
21459,0,0.0055386893669857286
21460,0,0.10526159511688855
21461,0,0.1429402853261854
21462,0,0.06531736108021896
21463,1,0.7096221703138498
21464,0,0.0022132578679445905
21465,0,0.01361763870340773
21466,0,0.00014811511862771197
21467,0,0.34124644830426937
21468,0,0.00018973100660404113
21469,1,0.2346145677883188
21470,0,0.12439127695159549
21471,0,0.05227279553317286
21472,1,0.3355979079693504
21473,0,0.0009725084891412604
21474,0,0.09962852744014339
21475,0,0.0017203900040602305
21476,0,0.28168473561553736
21477,1,0.7605016713400244
21478,0,0.1413012825213756
21479,1,0.5591776963514397
21480,0,0.00020713776965070008
21481,0,0.07445904369438532
21482,0,0.019938193824713638
21483,0,0.052265689451290016
21484,1,0.2844246101558679
21485,0,0.003567019531459392
21486,0,0.06249121779468191
21487,1,0.4129346402941075
21488,0,0.34554172884862844
21489,1,0.2421403220914082
21490,0,0.00012644045834915685
21491,0,0.006744155072051497
21492,0,0.032052042268090816
21493,0,0.07008726993818949
21494,0,0.007448459547324268
21495,0,0.0058920706018102545
21496,0,0.45634009893705396
21497,1,0.1320795961742342
21498,0,0.11810022572096494
21499,0,0.06394386679183418
21500,0,6.827881065452171e-05
21501,0,0.37021968451446624
21502,0,0.0009184013797093759
21503,0,1.697103609665641e-05
21504,0,0.33319364156665326
21505,0,0.01746093416597448
21506,1,0.6669849760060843
21507,1,0.5168594185461828
21508,0,0.0020506283478228205
21509,1,0.6638392469699439
21510,1,0.27914767404680424
21511,0,3.221534912133581e-05
21512,0,0.0023316670926272144
21513,0,0.00016182961851846073
21514,1,0.45109547621808477
21515,0,0.006175147141788575
21516,1,0.9543820286953573
21517,0,0.023079138580517602
21518,1,0.7380732341820693
21519,1,0.06631476202364413
21520,0,0.000617497579156779
21521,0,0.03905915662049169
21522,1,0.6563695490265451
21523,0,0.00468897478498933
21524,0,0.09715225951287684
21525,0,0.002778767756685246
21526,1,0.7995286385222323
21527,0,0.6609106387710052
21528,0,0.6117234768544385
21529,0,0.003982386572140753
21530,0,0.008116693650536497
21531,0,0.05463313320677606
21532,0,0.015941246998294026
21533,0,0.5648989506785517
21534,0,0.11712397469471532
21535,0,0.0015366481773196757
21536,0,0.0017294022254864426
21537,1,0.13684801677506042
21538,0,2.9754652239209555e-05
21539,0,0.09319171284434499
21540,0,0.0010998115512721248
21541,0,0.0022434483388293403
21542,1,0.7798783801465148
21543,0,0.0011202640035044588
21544,0,0.10181967675081385
21545,0,0.008720243025547974
21546,0,0.008168073166857064
21547,0,0.4011062605936566
21548,0,0.0026433481360884905
21549,0,0.004993786922627903
21550,0,0.01035579767252224
21551,0,0.00017429285740753288
21552,0,0.49414301663512195
21553,0,0.003548011842466537
21554,0,0.08030038561132721
21555,0,0.0010175146299512946
21556,0,0.5410528875080792
21557,0,0.05025006803939417
21558,0,0.006238336330510758
21559,0,0.18326198759304846
21560,1,0.28291964465244696
21561,1,0.10028709548972768
21562,0,0.02764942695504011
21563,0,0.0278767527252839
21564,0,5.929945166398108e-05
21565,0,0.08453219383245937
21566,1,0.7732463599862915
21567,0,0.0010009259004445418
21568,1,0.3546662256282039
21569,0,0.00033086727144296716
21570,0,0.13794915504803
21571,0,0.003026514456234772
21572,1,0.16292638624839573
21573,0,0.0005042911367621013
21574,0,0.0005075281994723871
21575,0,0.15272248206176547
21576,0,0.0038984526681507146
21577,1,0.021757870386772987
21578,1,0.645726928247072
21579,0,0.0002075230353751832
21580,1,0.26809584743353215
21581,0,0.009868965163001092
21582,0,0.2649186977052568
21583,0,0.08661802654494562
21584,1,0.045480727675253026
21585,0,0.08733853929490563
21586,0,0.029695357817512168
21587,0,0.30469610030228017
21588,0,0.06563117993591253
21589,0,0.0008721246750141518
21590,0,0.12849354371207825
21591,0,0.04620992479386238
21592,0,0.0014668416768356713
21593,0,0.012285222132408478
21594,1,0.28042509046159286
21595,0,0.15763484894242943
21596,0,0.03681022739852705
21597,0,0.003226843014124684
21598,1,0.808760550926728
21599,0,0.16215369808996022
21600,1,0.5262532143060951
21601,1,0.08644182961058346
21602,0,0.09038431891647651
21603,0,0.5684352158027696
21604,0,2.8905932722234824e-05
21605,1,0.08338220172203532
21606,0,0.022942304329101854
21607,0,0.0095345289859595
21608,0,0.04524038009771761
21609,0,0.018024021135977383
21610,0,0.490404244332888
21611,0,0.00015167445009112493
21612,0,0.20847603959585428
21613,0,0.13045932413104663
21614,0,0.16240281119185665
21615,0,0.0003626999331776676
21616,0,0.07714470619561199
21617,0,0.32812931153465497
21618,0,0.026885331118710606
21619,0,0.3178184199332448
21620,0,0.7546467541557401
21621,1,0.6714360036419091
21622,1,0.8287847473284353
21623,0,0.050174457205844944
21624,1,0.6630696835537788
21625,1,0.006376836870093434
21626,0,0.0003667363046055577
21627,0,0.0072946421160763235
21628,1,0.7541816443454701
21629,0,0.000373162521054035
21630,1,0.23807248761544322
21631,0,0.0003671917402369446
21632,0,0.04281280782763485
21633,0,0.00032675919543828684
21634,0,0.04050502708999262
21635,0,0.5518602717118053
21636,0,0.012209597330664122
21637,0,0.049926180310707335
21638,1,0.6646863160467837
21639,0,0.0012276310517437424
21640,1,0.23281985583054585
21641,0,0.000317242844481484
21642,0,0.14617051304488765
21643,0,0.03847187056361722
21644,0,0.018349526673466697
21645,0,0.0010107879674673334
21646,0,0.009443687968279988
21647,0,0.0008731176788275609
21648,0,0.003323232989753082
21649,0,0.006644368189983381
21650,0,0.02025028719794307
21651,1,0.0439771944724513
21652,1,0.4375874915374024
21653,0,0.23708985424914772
21654,0,0.03360085916024605
21655,0,0.003554593341764791
21656,1,0.23905414155207574
21657,0,0.0024214924921862587
21658,0,0.3429825153528447
21659,0,0.9558364446700781
21660,0,0.00986226669600819
21661,0,0.0019019271772126203
21662,0,8.162196859743682e-05
21663,0,0.026877277033072626
21664,0,0.17381693333629816
21665,0,0.003031509631287516
21666,0,0.01558671964008344
21667,1,0.7587969036160543
21668,0,0.09713066278818998
21669,0,0.0008895093648992821
21670,0,0.4302705700555067
21671,0,0.05819060805023793
21672,0,0.4027778927433582
21673,1,0.002910761481081857
21674,0,0.002747584005292132
21675,1,0.7287745252191267
21676,0,0.010557122436856643
21677,0,0.0083553035520534
21678,0,0.015390918949887712
21679,0,0.010673863666706954
21680,0,0.21751632493216494
21681,0,0.141982780697099
21682,1,0.6783273703788311
21683,0,0.5556927273585935
21684,0,0.09361197670068477
21685,0,0.014166056072882923
21686,0,0.007546360624226994
21687,0,0.005239512407871777
21688,0,0.02810154046893242
21689,0,0.00949141389832986
21690,0,0.5684564561413936
21691,1,0.1919583238899028
21692,1,0.8813176060856288
21693,0,0.017333976193470445
21694,0,0.16605732003944948
21695,0,0.003994162992373822
21696,1,0.7671373266092092
21697,1,0.10694698509391484
21698,0,0.0828787937823966
21699,0,0.007991510572063681
21700,0,0.004733985370246445
21701,0,0.008114312838201616
21702,1,0.8856332582042987
21703,0,0.0537242399081777
21704,1,0.14283521375684244
21705,1,0.3465436634437357
21706,0,0.039181883907280765
21707,0,0.0006159564588197004
21708,0,1.479129015141114e-07
21709,0,0.11420274590034697
21710,0,0.44791654610694914
21711,1,0.2178916417274817
21712,0,0.45099464856935284
21713,0,0.04050107029709546
21714,0,0.0003627027779962085
21715,0,0.032117921480693805
21716,0,0.4337653836153062
21717,0,0.04683708043517317
21718,0,0.17915146550534838
21719,0,0.010552707092193055
21720,0,0.039049142822490376
21721,0,0.003098207210139432
21722,0,0.014123656624804498
21723,0,0.0008998178700199384
21724,0,0.0016064841698084848
21725,1,0.852001821902829
21726,0,0.04110106042056153
21727,0,0.28391558199136185
21728,1,0.4917366508690365
21729,0,0.00043120073028366895
21730,0,0.0011421888314110229
21731,0,0.22633371730759566
21732,0,0.015603174295043367
21733,0,0.00013445994677103215
21734,0,0.34865914676595383
21735,0,0.0020410608845233776
21736,0,0.21361691616210948
21737,0,0.05156695856542159
21738,1,0.4753217921315543
21739,0,0.8602049829036643
21740,0,0.04678691660021959
21741,1,0.4623382984667393
21742,0,0.17293092227805643
21743,1,0.2917071681735972
21744,0,0.23289183218783988
21745,0,0.22219314977739274
21746,1,0.7450142761894905
21747,1,0.1726854250253655
21748,0,0.445344712155513
21749,0,0.011521663043415327
21750,0,0.2506841757045071
21751,0,0.0705902395402228
21752,0,0.1746568757925023
21753,0,8.688261591897074e-08
21754,0,0.13051515877454126
21755,0,0.025383535571441476
21756,1,0.9285390129568005
21757,0,0.005783003482068677
21758,0,0.0032814492915890924
21759,0,0.09830885978378703
21760,0,0.5237230937706966
21761,0,0.2609461319800129
21762,1,0.8512964019083767
21763,0,0.026839923075147806
21764,0,0.0011788851195856397
21765,0,0.48166623828900357
21766,0,0.0011295912908101738
21767,0,0.2815009655332177
21768,0,0.01920977329504435
21769,0,0.002716500063019603
21770,0,0.5217928845498179
21771,0,0.01008361286094777
21772,0,1.8547604148091652e-05
21773,0,0.018748599917164866
21774,0,0.0044396054902823825
21775,0,0.14638077577153752
21776,1,0.6230700663079708
21777,0,0.2336228322675639
21778,0,0.05610154990413867
21779,1,0.7969474700515117
21780,0,0.7151544497795181
21781,0,0.24077050850156959
21782,0,0.04514670138297815
21783,0,0.03380818630724292
21784,0,0.06888288565595407
21785,0,0.18063308160281794
21786,1,0.08865715046005554
21787,1,0.16255993856202258
21788,0,0.09366333607020372
21789,1,0.8514445591859433
21790,0,0.01967571243219731
21791,0,0.0002464088622227229
21792,1,0.7762612054609996
21793,0,0.35689587520728616
21794,0,0.08903627988759577
21795,0,9.576777884565517e-28
21796,1,0.22385896813766032
21797,0,0.03214948448569328
21798,0,0.016788985837182982
21799,0,0.13329691251787884
21800,0,0.13614104339178268
21801,0,0.016198921976085197
21802,1,0.617308494273435
21803,1,0.44700674541301855
21804,0,0.008280212881317361
21805,0,0.0020686407935032883
21806,0,0.03700048125332711
21807,1,0.02451202151338682
21808,0,0.7780586623053342
21809,0,0.02469092332427522
21810,0,0.0008432392539250342
21811,0,0.002196177475214806
21812,0,0.3054491473531101
21813,0,0.3543088978744384
21814,0,0.10483965206343875
21815,0,0.00020585953515062444
21816,0,0.4088917232432277
21817,1,0.6951052670393049
21818,0,0.0002859459040389475
21819,1,0.7725966253223185
21820,0,0.0424514516388577
21821,0,0.21049298338910719
21822,1,0.7563431445992015
21823,1,0.6473043450985188
21824,0,2.022884440252192e-06
21825,0,0.02099356942153994
21826,1,0.07469797994409315
21827,0,0.003956063630675544
21828,0,8.446715566259549e-07
21829,0,0.4475930587096627
21830,0,0.0008723011270772168
21831,0,0.005048608909167019
21832,0,0.0015085928121606165
21833,0,0.0006157663649141481
21834,0,0.19723864410577863
21835,0,0.1723888377033817
21836,0,0.032681539606914764
21837,0,0.05074282622681474
21838,0,0.018672081919978736
21839,0,0.003165462281526955
21840,0,0.18468409297109672
21841,0,0.0022805156400590846
21842,0,0.02352799114603003
21843,0,0.35344052748055177
21844,0,0.0003184255690208614
21845,0,2.722041438416613e-05
21846,0,0.05841070531814994
21847,0,0.0005509203738314022
21848,0,0.020163313581350265
21849,0,0.003909525104387604
21850,0,0.005190423265943824
21851,1,0.7426978404023251
21852,1,0.13070603217270024
21853,1,0.6119404398718485
21854,0,0.15561506947941917
21855,0,0.5845999447229515
21856,0,0.8243908495581068
21857,0,0.02876264393647888
21858,0,4.282610434586685e-05
21859,0,0.002833411597964255
21860,0,0.0003033566723686078
21861,0,0.0073082310455532245
21862,0,0.0026364378879129534
21863,1,0.6378154840052384
21864,1,0.23741310630729712
21865,0,0.0004583076705921007
21866,1,0.9355488892420128
21867,0,0.17964557853398175
21868,0,0.012924005989586904
21869,0,0.025751397687639115
21870,0,0.007840460735971357
21871,1,0.19963148101893727
21872,1,0.5951684384798489
21873,0,0.6578217681378465
21874,0,0.25212824645001447
21875,0,0.6045380520392624
21876,1,0.2819703213051692
21877,0,0.31808368141500554
21878,0,0.3844886646841907
21879,0,0.07570434989029157
21880,0,0.06943388673384444
21881,0,0.12732071812147205
21882,0,0.24368153638183956
21883,0,0.002332391650613275
21884,0,0.0017892427908808607
21885,0,0.000783220230284807
21886,0,0.0007486958923023161
21887,0,0.0076066883736640115
21888,0,0.0049404268128868745
21889,0,0.04326992888463608
21890,0,0.000445533748800724
21891,0,0.19817910363591007
21892,0,0.6450702428147735
21893,0,0.006737478861881819
21894,0,0.003779747700154695
21895,1,0.6946500565134884
21896,0,0.00025041578818581076
21897,0,0.00946511280010378
21898,0,0.0009854137697614977
21899,0,0.21474124557360652
21900,0,0.07859759300807916
21901,0,0.03787086939832906
21902,0,0.015119354019280816
21903,0,0.0018949917268593465
21904,0,0.02552202594312194
21905,0,0.1858906973544849
21906,0,0.014431581109717706
21907,0,0.0264636725650704
21908,0,0.2101906840657846
21909,1,0.5716240276492144
21910,0,0.020305234825547604
21911,0,0.006801299729321819
21912,0,0.009437523468922024
21913,0,0.004493590280477399
21914,1,0.8724563569589725
21915,1,0.09763029329272203
21916,1,0.8211206593635407
21917,1,0.6702105445846204
21918,0,0.033777327593568086
21919,0,9.179890029514955e-05
21920,1,0.5079094211152856
21921,0,0.15518961859381547
21922,1,0.3213054935088107
21923,0,0.5130411768561824
21924,0,0.10011300257485146
21925,0,0.030076804920207915
21926,0,0.03143408194432105
21927,0,0.27487225036948554
21928,1,0.7667981584663675
21929,0,0.2684065955098908
21930,0,0.01221614845465534
21931,0,0.04411105034384047
21932,0,0.017383233136500982
21933,0,0.5791198043361641
21934,0,0.7119634604879417
21935,0,0.006515784884096805
21936,0,0.2949716290586854
21937,1,0.8075401566009235
21938,0,0.4876463954597635
21939,0,1.9613065584617933e-05
21940,1,0.4199378747368639
21941,1,0.2902235650683443
21942,0,0.010055713730284377
21943,0,0.24984085496278619
21944,0,0.08385178835116003
21945,0,0.002351436492581107
21946,0,0.47127380393151497
21947,0,0.008676102351964502
21948,0,0.48227994527478085
21949,0,0.024678109264725627
21950,0,0.17547938666598045
21951,1,0.07090311004838082
21952,0,0.036640388458295155
21953,0,0.10857380932273883
21954,0,0.0010024824406458708
21955,0,0.4253684446007282
21956,0,0.0033098481822780293
21957,0,0.050732430605010266
21958,0,0.00039288477243362545
21959,0,0.023411977144695777
21960,0,0.14174302243361342
21961,1,0.5481970249463646
21962,0,0.0012579791416037762
21963,0,0.014331476028478042
21964,0,0.054797093766413715
21965,0,0.008099853555298697
21966,0,0.1491661071641292
21967,0,0.32860601416928403
21968,0,0.454185764915229
21969,1,0.5450881862852062
21970,0,0.00022202267127023498
21971,0,0.0006109949567907162
21972,0,0.29902800652450673
21973,0,0.0054356173595169815
21974,0,0.04332999621044021
21975,0,0.012994417616909837
21976,0,0.09406715345360746
21977,1,0.8257957727332653
21978,1,0.7788387815255546
21979,0,0.06700731656273624
21980,0,0.03066290578962534
21981,0,0.0006006221465014169
21982,1,0.19317495278406951
21983,0,0.0002317096664655056
21984,0,0.5333874263024567
21985,0,0.00037662110074225514
21986,0,0.013428732887537183
21987,0,0.02109672213365211
21988,0,0.0011136550008162367
21989,0,0.028964126331866704
21990,0,0.003443458746838173
21991,0,0.05664907747404223
21992,0,0.003804731791012664
21993,0,0.0003157018273969879
21994,1,0.5853763826962227
21995,0,0.005551603200477289
21996,0,0.5371103360957461
21997,0,0.004201351682077443
21998,0,0.0003645497227861197
21999,0,0.04972240291922404
22000,0,0.0417903965330477
22001,1,0.3484545097025775
22002,0,4.91981250809565e-16
22003,0,0.04532383972153333
22004,0,0.004325106189883515
22005,0,0.13561114596875232
22006,0,0.046740669297229254
22007,0,0.18169298566053166
22008,0,0.0008483230402456768
22009,0,0.09600931021379604
22010,0,0.009128265765024674
22011,0,0.14561251521927912
22012,1,0.8086864791873504
22013,0,0.1822044712857173
22014,0,0.0714504281152302
22015,0,0.8521516468800856
22016,1,0.4195815795603218
22017,1,0.8177614034461094
22018,1,0.08131275553282043
22019,0,0.11682825177399078
22020,1,0.2145685847176199
22021,0,0.3761589235671614
22022,0,0.0001301345808672237
22023,1,0.6456736511357174
22024,0,0.007840863825315684
22025,0,0.08856117754789238
22026,1,0.5448115760475293
22027,1,0.8776430125677386
22028,0,0.02635282615315242
22029,0,0.003204206997577204
22030,0,0.2774550977631255
22031,0,4.396761858750221e-09
22032,1,0.9242509652219683
22033,1,0.4334136738355137
22034,0,0.00015115748220689143
22035,0,0.008525032504797154
22036,1,0.8407496831573441
22037,0,0.09162566025354268
22038,0,0.007305065836047764
22039,0,0.26022755383584895
22040,0,0.1334651785444739
22041,0,0.019736352223468857
22042,0,0.0005023315912121186
22043,1,0.6579958440066601
22044,0,0.8500747397602147
22045,0,0.01626442374196626
22046,0,0.0005511154408125916
22047,0,0.33791368029485097
22048,0,0.06828786530627068
22049,0,0.03130656972617055
22050,0,0.008937280568831588
22051,0,0.038718572274558216
22052,0,0.7161985714843634
22053,0,0.0009389819604576464
22054,0,0.015146301301196697
22055,0,0.08048115211128741
22056,0,0.00036786703871268526
22057,0,0.0001282636298475199
22058,0,0.5204715459271836
22059,1,0.5336486678625284
22060,0,0.0005060440642240689
22061,0,0.12641013923706462
22062,0,0.008371256255930033
22063,1,0.3314429422126192
22064,0,0.216678656721286
22065,0,0.014942913916906216
22066,0,0.05251967070022197
22067,0,0.09602942871660146
22068,0,0.4408231311100819
22069,0,0.034455107176863786
22070,0,0.014924649057996332
22071,0,9.282648169490285e-05
22072,0,0.2581504024843765
22073,0,0.0014457750826735443
22074,1,0.26378919683587554
22075,0,0.0021740052837090533
22076,0,0.03131160412051041
22077,0,0.000981083648398514
22078,0,0.15134865082274476
22079,1,0.21859987933504862
22080,0,0.041523696377330624
22081,0,0.001933322100760902
22082,0,0.0007330481996309105
22083,1,0.8882404833993872
22084,1,0.14794212519633582
22085,0,0.030730553099131284
22086,0,0.00991560415577745
22087,0,0.35041193263809706
22088,0,0.33325288425191246
22089,0,0.0011096008811333
22090,0,0.39935816056194073
22091,0,0.10222022103087072
22092,0,0.0048515666346010365
22093,0,0.006137650485829195
22094,0,0.2878308362753853
22095,1,0.737355437209786
22096,0,0.006579124949252252
22097,0,0.03413411510942197
22098,0,0.017776227719747136
22099,0,0.02615010113644254
22100,0,0.0278235944189721
22101,0,0.011266894921702715
22102,0,0.04674836742220243
22103,0,0.0041963543261214695
22104,0,0.030182473139736654
22105,0,0.44946199180620167
22106,0,0.7257820751622276
22107,0,0.01166437311122352
22108,0,0.002561120597346851
22109,0,0.07335837338391815
22110,0,0.02499361234344013
22111,1,0.9522079673748366
22112,0,0.8379631717580056
22113,0,0.10243725389814622
22114,0,0.07968555872985922
22115,0,0.13647491257783337
22116,0,3.6055101816009575e-05
22117,0,0.002424496532699706
22118,0,0.12429673375470043
22119,0,0.07662913443164258
22120,1,0.6531369332485115
22121,0,0.41266704184930747
22122,0,0.3679827647080683
22123,0,0.386872527902803
22124,0,0.010453677590411128
22125,0,1.6900239317175229e-06
22126,0,0.3371560491022549
22127,0,0.08588426742877545
22128,0,0.0562447292222667
22129,0,0.02983394114179347
22130,0,0.08035670983881417
22131,0,0.0004710034770210185
22132,1,0.5313813782897495
22133,1,0.7848417280499852
22134,0,0.002279292292255496
22135,0,0.07914226083223354
22136,1,0.7494261148328566
22137,0,0.07077247622884511
22138,0,0.09181039818047723
22139,0,0.012114720368410527
22140,0,0.011799399968373385
22141,0,0.742440909980368
22142,0,0.0018025489338149064
22143,1,0.3369938855121255
22144,0,0.1402655439067259
22145,0,0.02223136297780154
22146,0,0.027537524986275996
22147,0,0.36128134333192224
22148,0,0.00018617279282305625
22149,0,0.007398816139226482
22150,0,0.0012562395557536433
22151,0,0.009695406795765788
22152,0,5.651997709837068e-05
22153,0,0.15920694043094138
22154,0,0.01569206943977082
22155,0,7.934491342344688e-05
22156,0,0.005239591336394084
22157,0,0.16716326672982704
22158,1,0.7208592774573579
22159,0,0.003838466030480847
22160,0,0.16043237411445815
22161,0,0.0038999328244155008
22162,0,6.27686116486264e-05
22163,0,0.0009819221567166066
22164,1,0.6930535696267636
22165,0,0.000533980179134744
22166,1,0.09379662638174083
22167,0,0.07559106383031695
22168,1,0.4234829252474933
22169,0,0.20550720460878524
22170,0,0.016854238801067664
22171,0,0.44139393091077384
22172,0,0.10747086755289693
22173,0,0.06051990354708382
22174,0,0.02766381133915713
22175,0,0.054782742008292556
22176,0,0.025392405867231353
22177,0,0.004174059940107825
22178,1,0.35825248719240177
22179,0,0.32737278271632186
22180,1,0.2947690008625285
22181,0,0.00788668391894705
22182,0,0.12158743121648363
22183,0,7.751304447209146e-05
22184,1,0.224182008740886
22185,0,0.38799815654636055
22186,0,0.007235328872597426
22187,0,0.23806081769756984
22188,1,0.6806392964560395
22189,0,0.07758438534043482
22190,0,0.45625494148755097
22191,0,0.0001864632233829098
22192,0,0.025238078084991778
22193,0,0.004616976266250331
22194,0,0.09161623279433537
22195,0,0.6163584729104717
22196,0,0.05523754602872137
22197,0,0.821127772038021
22198,0,0.0056156687551596005
22199,0,0.10618637679886382
22200,0,2.6388441394885186e-05
22201,0,0.038113751863025305
22202,0,0.2385915708209891
22203,0,0.012367372884661628
22204,0,0.03988537078149454
22205,0,0.009600478035542094
22206,0,0.007780074323202803
22207,1,0.6597702602554351
22208,0,0.011796774203809295
22209,0,0.3665419951821196
22210,0,0.17193618933298468
22211,0,0.10585537516990115
22212,1,0.4670603862055223
22213,1,0.7789092158809707
22214,0,0.03357140557384356
22215,0,0.05244694977221769
22216,0,0.3636507433612132
22217,0,0.0056619849600792055
22218,0,0.00010096078953291433
22219,0,0.00044375592390934144
22220,0,0.177002086504957
22221,1,0.5944625454648963
22222,0,0.10232276633428065
22223,0,0.0016224758753653886
22224,0,0.33332166967932214
22225,0,0.008549006727350117
22226,0,0.0013307424498268526
22227,0,0.010090067904403723
22228,1,0.7415770023495158
22229,1,0.8912576190740245
22230,0,0.0005705195743261111
22231,0,0.03546492519583363
22232,1,0.08294639194534863
22233,0,0.07201808386255645
22234,0,7.500203037787272e-06
22235,0,0.014700044835273145
22236,0,0.3431675841823112
22237,0,0.4382580608750929
22238,0,0.055605126435578765
22239,0,0.1994329991250382
22240,0,0.020336727694659825
22241,0,1.641051462081732e-06
22242,0,0.0061730835781318395
22243,0,0.0025785807588928874
22244,0,2.7462134136458857e-05
22245,0,0.005780283079163675
22246,0,0.061269132198924145
22247,1,0.699957435695901
22248,0,0.055015907962428855
22249,0,2.388217940602879e-05
22250,0,0.788570223344195
22251,0,0.08166423530210153
22252,0,0.1024412623825044
22253,0,0.05735568361723132
22254,0,0.05616298694800805
22255,0,0.016078311928108196
22256,0,0.7082222969815812
22257,0,0.024781032579052963
22258,0,0.08297351174007742
22259,0,0.09961093260605214
22260,0,0.18834264945257448
22261,0,0.04916338320528473
22262,1,0.06114984371863995
22263,1,0.5584619721460626
22264,0,0.01151667722602066
22265,0,0.5706891246141903
22266,0,0.16401153113924063
22267,0,0.060963323679089486
22268,0,0.10277905478700283
22269,0,0.09041822706717999
22270,0,0.017374059507938428
22271,0,0.009112693094935398
22272,0,0.0002548372476219768
22273,0,0.06331170771252329
22274,0,0.00321663480666885
22275,0,0.35963152654133534
22276,0,0.00012152993819497086
22277,0,0.009020089171706021
22278,0,0.3841000151248271
22279,0,0.025504857535291792
22280,0,0.07644514114127522
22281,0,0.076689658416631
22282,0,0.0010688250732035398
22283,0,0.009485480283499699
22284,1,0.28962488641162987
22285,1,0.9374240824316523
22286,1,0.6141067305434367
22287,0,0.1433425282284345
22288,0,0.00028262463046348115
22289,0,0.019395476051002045
22290,0,0.10449256130001308
22291,0,0.029375493140978617
22292,0,0.0003632104792335562
22293,0,0.027272321067402752
22294,0,0.0010420120360020684
22295,0,0.013548098138745331
22296,0,0.4638497828510177
22297,0,0.04300274281402484
22298,0,0.02734968108960604
22299,0,0.015160936619724003
22300,0,0.0012452117955161653
22301,0,0.0004040209087711674
22302,0,0.4406042089936807
22303,1,0.8724680677979535
22304,0,0.0003580707133593214
22305,1,0.954267559009826
22306,0,0.002549111721086947
22307,1,0.5214001304426962
22308,0,0.25649382928059733
22309,0,0.3337051684832363
22310,0,0.026881153378603997
22311,0,0.07761203707872205
22312,0,0.0028688109219820184
22313,1,0.10944778132369481
22314,0,0.01585943092160924
22315,0,0.05037514040020353
22316,0,2.279010302640281e-05
22317,0,0.04579705257206731
22318,0,0.10289413031705161
22319,0,0.6864226217129732
22320,0,0.03688383376470745
22321,0,0.10809311803063558
22322,0,0.2162408367929272
22323,1,0.5696334368514939
22324,0,0.03441010200565859
22325,0,0.06801064729575337
22326,0,0.00011163524974003694
22327,1,0.6884912670639195
22328,0,0.3739289492498396
22329,0,0.012528170064823691
22330,0,0.20013350473337085
22331,0,0.33909478669486126
22332,1,0.5858166735232636
22333,0,0.06699822368466758
22334,1,0.61788686557517
22335,0,0.051132972295935115
22336,0,0.18141840049091953
22337,0,0.047794709530093
22338,1,0.6055776279678435
22339,0,0.43213379928161455
22340,0,0.0018533498292696772
22341,0,0.07600419727418262
22342,0,0.02427767178607051
22343,0,0.001869983173120632
22344,1,0.8197422179855595
22345,0,0.0005375926694346742
22346,0,5.894681796797096e-05
22347,0,0.0013579795521823674
22348,0,0.049784148852265064
22349,0,0.19259985121743153
22350,0,0.02062541999311833
22351,1,0.7360055896657174
22352,0,0.009570156686194129
22353,1,0.5963527175386191
22354,1,0.7869663457933156
22355,0,0.5130062300630498
22356,0,0.013244302031819514
22357,1,0.6797314369435006
22358,0,0.03669538948263914
22359,0,0.0031118319563300076
22360,0,0.9440551993609264
22361,0,0.053349393739237055
22362,0,0.00649223993749861
22363,1,0.7845707442263415
22364,0,0.002111022113663859
22365,0,0.002456845928461273
22366,0,0.018500049929106768
22367,0,0.007576663660106949
22368,1,0.5492712331277253
22369,0,0.00019506755563375875
22370,0,0.23852128258221184
22371,0,0.09168157858453124
22372,0,0.7376645517219431
22373,0,0.013516045131646304
22374,0,0.07045959202463108
22375,0,0.785015605901605
22376,0,0.01883688368290198
22377,0,0.0010723016867756005
22378,0,0.0005508125625646919
22379,0,0.0020858660467826923
22380,1,0.8402502462414635
22381,1,0.28484317633116263
22382,1,0.3449689954758429
22383,1,0.8500948691855905
22384,1,0.09933944207923195
22385,0,0.009199036920182146
22386,0,0.04346089361995137
22387,0,0.017001689513909235
22388,0,0.021313194497416015
22389,0,0.2552571222782576
22390,0,0.11627949910975906
22391,0,0.43669890574828385
22392,0,0.00019498749177321358
22393,0,0.002262997588745845
22394,1,0.3261339193422257
22395,0,0.03387407851024724
22396,0,0.008948040758286339
22397,0,0.06030342466872418
22398,0,0.01134092788407892
22399,0,0.06706119878879468
22400,0,0.019541963337396367
22401,1,0.6064385089529769
22402,0,0.7375665282430953
22403,0,0.13079755860042508
22404,0,0.00021313584729222264
22405,1,0.19093451065910913
22406,0,0.14746917098482534
22407,1,0.26520815820334603
22408,0,0.09764022052983319
22409,0,0.09616953676580325
22410,0,0.07633675880882423
22411,0,0.327048971616225
22412,0,0.007238159799102089
22413,0,0.004510809323069422
22414,0,0.02349130481532043
22415,0,0.3289692177035279
22416,0,0.03182157791184125
22417,0,0.0012964314110248554
22418,1,0.5005930263963846
22419,0,0.16926993034363136
22420,0,0.0035079607679838567
22421,0,0.01980714144223039
22422,0,0.03637191743281196
22423,1,0.5798322453454267
22424,0,0.22142135106298505
22425,0,0.19908324199198288
22426,0,0.6886425309649321
22427,0,0.15606341665852952
22428,0,0.004827559728598209
22429,0,0.1322694312756879
22430,0,0.3037863541141539
22431,1,0.8032081836757026
22432,1,0.9304547611829319
22433,0,0.0003136212480236645
22434,1,0.1731158050057497
22435,0,0.00047228738551464283
22436,0,0.16606323002682405
22437,0,0.0690068712805054
22438,1,0.16827379877681303
22439,0,0.013980148341367106
22440,0,0.0003109891255097667
22441,0,0.19490208996738131
22442,0,0.11394417523245386
22443,0,0.012068408588983236
22444,0,0.03185928845417785
22445,0,0.26859138449520675
22446,1,0.16801765402516197
22447,0,0.16358131505096854
22448,0,0.07811241139019474
22449,0,0.012128593571713421
22450,0,0.02610583984686962
22451,0,0.0015500484090667766
22452,0,0.15660610967188535
22453,0,0.027702824403630154
22454,0,9.08280155746097e-05
22455,0,0.15840132057763182
22456,0,0.2286308441767934
22457,0,7.199364604847783e-05
22458,0,0.25814279242716065
22459,0,0.03510468651875293
22460,0,0.015580903738270986
22461,0,0.6611258847467251
22462,0,0.007634589124545952
22463,1,0.6069400570780902
22464,0,0.3977143808908542
22465,0,0.005425706071198202
22466,0,0.0022136596546740222
22467,0,0.5327279507032409
22468,0,0.1400083194159335
22469,0,0.0038209364515167806
22470,1,0.058832095952264456
22471,0,0.0009264460282939159
22472,0,0.361888308968776
22473,1,0.7114088197364126
22474,0,0.051088568330619595
22475,0,0.1963590734691118
22476,0,0.008638537138727313
22477,0,0.014571094355917292
22478,0,0.21703806548186044
22479,0,0.004403315886030913
22480,0,0.00021748059710732836
22481,0,0.013969711298518808
22482,0,0.00010286513685920435
22483,0,0.15216290637465715
22484,1,0.7121089367063479
22485,0,0.011625228610911895
22486,0,0.13709539680527227
22487,0,8.880110138750036e-05
22488,0,0.10295059975052913
22489,0,0.1343198060543901
22490,0,0.6587201145221407
22491,0,0.10336132823912175
22492,0,0.28134989443757163
22493,0,0.014033881593333544
22494,0,0.13277258370687364
22495,0,0.0015339445691071125
22496,1,0.5322438520792122
22497,0,0.03874873098562901
22498,0,0.4347504908670208
22499,0,0.16174681340767486
22500,0,0.003062352462336392
22501,0,0.008454193609915788
22502,0,0.04493224131826017
22503,0,0.42771913641188664
22504,0,0.25043099161395915
22505,1,0.18255380613118422
22506,1,0.14856053881052367
22507,0,0.003971931840502111
22508,1,0.2806107943290616
22509,0,0.001947158372211543
22510,0,0.7891317537172008
22511,0,0.7036239053934881
22512,0,0.06161809418252897
22513,0,0.6986896636137295
22514,0,0.021356145701679326
22515,0,2.6620814212967733e-12
22516,0,0.43692271861126813
22517,0,0.13039966091067992
22518,0,0.034303352497734335
22519,0,0.1361111366174943
22520,0,0.06551512532371401
22521,0,0.00014320481772865147
22522,1,0.9256727251316134
22523,0,0.03270684756948493
22524,1,0.5643961159365942
22525,1,0.6222532621395512
22526,0,0.22328566637235164
22527,1,0.2807702952314732
22528,0,0.04029051353001932
22529,0,0.8346081684436683
22530,1,0.7898767113304768
22531,0,8.687077761414098e-05
22532,0,0.033273626860594256
22533,0,0.3164427904686083
22534,0,0.047894670362808464
22535,0,0.03058227534315261
22536,0,0.017928078005127385
22537,1,0.9365050841239433
22538,0,0.02141031437955636
22539,0,0.021334362685167505
22540,0,0.05222317167127816
22541,0,0.013522108636429234
22542,0,0.21813464269025112
22543,0,3.640613627988605e-05
22544,0,8.85485191319427e-05
22545,0,0.013054176057437307
22546,1,0.7756610279989206
22547,1,0.8375294998700098
22548,0,0.031713063223343926
22549,0,0.0005268814860122944
22550,0,0.025819602265957663
22551,0,0.006166638391621106
22552,0,0.036001075443838314
22553,0,0.031111485904068682
22554,0,0.002736066406432416
22555,0,0.013176855096719176
22556,1,0.9302505933279128
22557,0,0.010484627219514807
22558,0,0.007987782775174214
22559,0,0.12442489521002906
22560,0,0.20314817812861236
22561,0,0.0020553705792789685
22562,0,0.46741493289920993
22563,0,0.03557690436700975
22564,1,0.27033736413198917
22565,0,0.5652852685970868
22566,0,0.0013566962834454532
22567,1,0.3037030331379503
22568,0,0.0048617550724342805
22569,1,0.7161167229773802
22570,0,0.01157856482366294
22571,0,0.010153429956164528
22572,0,0.0012509288390977619
22573,0,0.00024678301985808185
22574,0,0.00164586470984079
22575,0,0.002142271448114595
22576,0,0.17727583372336245
22577,0,0.024552346652128437
22578,0,0.028349760634108927
22579,0,0.0024953494559551872
22580,1,0.3796591087688509
22581,0,0.0014410870792305323
22582,0,0.00022450680167536362
22583,0,0.06264871658123436
22584,1,0.7447270928329683
22585,0,0.0020566138338611404
22586,0,0.6480258918930923
22587,0,0.008377194523849092
22588,0,0.019673629540556983
22589,1,0.8391085908359995
22590,0,0.20862237573374204
22591,0,0.6046428626474001
22592,0,0.011300597642479362
22593,0,0.3695254075327417
22594,0,7.4742460073331e-05
22595,0,0.0023919155556342345
22596,0,0.0031101600010136413
22597,0,0.026138231747620057
22598,0,0.00013087828836680734
22599,0,0.009749403591544786
22600,1,0.8334623488778141
22601,0,0.005106357508828643
22602,0,0.4255264066869265
22603,0,0.1890104447314169
22604,1,0.35212607368710164
22605,0,0.024355559396978404
22606,0,0.000164893473102877
22607,1,0.9796229424396277
22608,0,0.00027516832707180053
22609,0,0.011769075246597796
22610,0,0.020750217237656517
22611,0,0.11649808206956219
22612,1,0.2836912486312771
22613,1,0.6673200005765376
22614,1,0.3807328801314155
22615,0,0.14654258963875233
22616,0,0.20099235624040498
22617,0,0.0006318815824360995
22618,1,0.5411525164595216
22619,1,0.3430371987792128
22620,1,0.28811981416941157
22621,0,0.030496125111740116
22622,0,0.031710562100957684
22623,0,0.0011411152532912752
22624,1,0.00370168833631888
22625,0,0.001934929918979331
22626,0,0.053331288759695
22627,0,0.013526796377984427
22628,1,0.8786717110363768
22629,0,0.002848227584485462
22630,0,0.20494696068675838
22631,0,0.5031688938621953
22632,0,0.40495212052003743
22633,0,0.6682044521382127
22634,0,0.016853818063551757
22635,1,0.7107028826262578
22636,0,0.0340906731831385
22637,0,0.029621932504136937
22638,0,0.24941810050113644
22639,1,0.266702386925794
22640,0,0.003730879219951003
22641,0,0.12314951379100869
22642,0,0.02649448114873657
22643,0,0.39039465845844096
22644,0,0.6822402123314466
22645,0,0.5190339760580558
22646,0,0.018518658351066516
22647,1,0.23593061054546227
22648,1,0.47322606078249213
22649,1,0.20880792156563793
22650,1,0.6500467728189213
22651,0,0.13796673265824985
22652,0,0.05722915097846367
22653,1,0.5644169382444404
22654,0,0.00931611701772151
22655,0,0.0008255110895711368
22656,0,0.005758234033513835
22657,0,0.00019942078303937066
22658,1,0.7921939855923174
22659,0,0.007939667052800251
22660,0,0.023755309892684096
22661,0,0.016347038061248206
22662,0,0.5049382502253253
22663,0,0.009082754161118957
22664,0,0.00399166333696885
22665,0,0.3705064812402641
22666,0,0.020349245511186165
22667,0,0.004959198859351143
22668,0,0.02765620208048604
22669,0,2.0449237858733933e-05
22670,0,0.1984454343666325
22671,1,0.7646979197504588
22672,1,0.7094143810401364
22673,1,0.7902055136240107
22674,0,0.0004814477004982266
22675,1,0.6945224550706892
22676,0,0.019571068588813058
22677,0,0.010420250683963017
22678,0,0.0016170669298772094
22679,0,0.08953041077812215
22680,0,0.5514844315313515
22681,1,0.29205794139837876
22682,1,0.9080188291512662
22683,0,0.02837043295789089
22684,0,0.05992913876214052
22685,0,2.5779663826725416e-05
22686,0,0.047280496239026415
22687,0,0.00017864626659300852
22688,0,0.007979893434278296
22689,0,0.33506402727337203
22690,0,0.00010186165307187417
22691,1,0.8084346068293443
22692,0,0.02390935617834052
22693,0,0.24420840424674023
22694,0,0.15518229472970324
22695,0,0.00017091494523632987
22696,0,0.0032757463214377865
22697,0,0.0007937721190627203
22698,0,0.6692555700689427
22699,1,0.5090282071298498
22700,1,0.23107756624476467
22701,0,0.0005997964795975384
22702,0,0.20030185118939467
22703,0,0.01456725566477179
22704,1,0.15869335566423876
22705,0,0.023747633274157985
22706,0,0.008995276392858133
22707,0,1.132014394434722e-06
22708,1,0.9487862649007571
22709,0,0.07797079767724002
22710,0,0.0013912318721622699
22711,1,0.03881951201934459
22712,1,0.37202750162916376
22713,0,0.0013704234101498244
22714,1,0.3440941607856434
22715,0,0.32758910276254966
22716,1,0.3424032424644018
22717,0,0.24699114009750003
22718,0,0.15814631290962064
22719,0,0.7847305479256877
22720,0,0.2602005509822667
22721,0,0.10133035980417555
22722,0,0.01929193802013096
22723,1,0.6742890913893386
22724,1,0.3532859015403525
22725,0,0.017167814053141113
22726,0,0.0021616872869384004
22727,0,0.13860508828250817
22728,0,0.001317821449635467
22729,1,0.5526697793665237
22730,0,0.038216596767051296
22731,1,0.27595700899477077
22732,0,0.08219520614486733
22733,0,0.12238215998003522
22734,0,0.031379750454595776
22735,1,0.07824066649684314
22736,0,0.36709629854045617
22737,0,0.06594875555567564
22738,0,0.8419587896731967
22739,0,0.0018174336637520366
22740,1,0.12638910656585542
22741,0,0.07888214669294223
22742,0,5.9894461377717925e-05
22743,0,0.0032692261626983184
22744,0,0.10879767396409372
22745,0,0.02488567253221288
22746,0,0.32784388549746174
22747,0,0.05253788245282117
22748,0,0.1884080501318641
22749,1,0.8787515850871608
22750,0,0.00023556198924444538
22751,1,0.8627665942087734
22752,0,0.01047091687665866
22753,0,0.05552145863507221
22754,0,0.007754526054491677
22755,0,0.0158179444608739
22756,0,0.05195822177738987
22757,0,0.25579160646856686
22758,0,0.024325774968142793
22759,0,0.003936814737621058
22760,0,0.23726221945533657
22761,0,0.000688150796056238
22762,0,1.7399141786577642e-11
22763,1,0.7013247535340862
22764,0,0.01100283898130791
22765,0,0.3036145958214292
22766,0,0.00015517556324054895
22767,0,0.07279152665653792
22768,0,0.008775640785776981
22769,0,0.0019512266192512988
22770,0,0.01736971300576016
22771,0,0.0013787423618001958
22772,0,0.0015268818716743398
22773,0,0.09844022049223668
22774,1,0.6934914479048672
22775,0,0.025844937200368675
22776,0,0.010096799159609232
22777,0,0.08344233091786649
22778,0,0.09894354773609769
22779,0,0.0025462863518630184
22780,0,0.13678948934996954
22781,0,0.09823424761211545
22782,0,0.02120043811314272
22783,0,0.0002824625837330104
22784,0,0.013799454796727279
22785,1,0.023218873184329383
22786,0,0.1655110564761486
22787,0,0.06113628275275335
22788,1,0.5634115860754045
22789,1,0.5678969170140261
22790,0,0.5704408280923328
22791,0,0.0316191897623521
22792,1,0.17818075446682674
22793,0,0.35428980809216437
22794,0,0.0010229266684503293
22795,0,0.0012041279136900907
22796,0,0.06290574247175781
22797,0,0.000666909843610287
22798,0,0.01741440166069622
22799,0,0.006506819109726998
22800,0,0.004301613288185369
22801,0,0.11435625763339326
22802,0,0.09053145256522586
22803,0,0.03251034402734037
22804,0,0.06488353368649401
22805,1,0.4706232970639955
22806,1,0.3278786304575289
22807,0,0.1659759726738933
22808,0,0.0030676433777957336
22809,1,0.6033971477515784
22810,0,0.354285592391411
22811,1,0.6076578251000222
22812,0,0.1456917839414497
22813,0,0.35625342961224077
22814,0,0.0033241364342612417
22815,0,0.00776902061575739
22816,0,0.0007933469073906895
22817,1,0.7680374120107746
22818,0,0.1723967740839418
22819,1,0.7715535598519281
22820,0,0.004444029071990308
22821,1,0.4692152104650917
22822,0,0.08706593212183929
22823,0,0.20656901994530863
22824,0,0.0025409665211562626
22825,0,0.10251125040835973
22826,0,0.0018504595112826675
22827,0,0.03548560504350135
22828,0,0.2264878983666052
22829,0,0.32854171564862494
22830,0,0.1434799930795813
22831,0,0.0005677393249642858
22832,1,0.07454022715947198
22833,0,0.38409888481035137
22834,0,0.05633206946250145
22835,0,0.04156592102195819
22836,0,0.0035729263658511013
22837,0,0.05751986109698748
22838,0,0.7037499056147519
22839,0,0.0015483850253950105
22840,1,0.8406991433523783
22841,0,0.007942122447842795
22842,0,0.21315911387943107
22843,0,4.9865870763201394e-06
22844,0,0.0023020772217580802
22845,0,0.05454743308991665
22846,0,0.0309237214880606
22847,1,0.47126961254411776
22848,0,0.0004635453073377905
22849,0,0.010230811332357802
22850,0,0.19068034946338183
22851,0,0.06509634840874443
22852,0,0.1169568638284683
22853,0,0.07884712260266301
22854,0,0.409599822711424
22855,0,0.024902742074075668
22856,1,0.3815610414766372
22857,0,0.0019906157997008466
22858,0,0.002915465193279249
22859,0,0.00796640048715707
22860,1,0.21873774473621288
22861,0,0.01813789544912802
22862,0,0.009302668965862874
22863,1,0.1326137326057303
22864,0,1.076349612572523e-05
22865,0,0.05052657531190647
22866,0,0.10397564906632849
22867,0,0.15701010043698338
22868,1,0.3106410571821494
22869,1,0.3691156651560991
22870,0,0.03140042914149843
22871,0,0.0013709723096531066
22872,0,0.0034347231484497605
22873,0,0.004632040097208025
22874,1,0.8704963752813818
22875,0,0.47048770118776073
22876,1,0.4760497065490872
22877,1,0.7786463148356393
22878,0,0.0679825391424995
22879,1,0.33302257485745146
22880,0,0.012747313781775162
22881,0,0.47141704203541124
22882,1,0.9132416686163926
22883,0,0.02584230302796125
22884,0,0.00451818410170469
22885,0,0.03549719726313593
22886,0,0.5820448326389704
22887,0,0.2490064663333649
22888,0,0.00617482844336217
22889,0,0.013576566975299601
22890,0,0.18749660135429824
22891,1,0.9006872682727972
22892,0,0.03191741632903125
22893,0,0.3030538429597913
22894,1,0.7278978417197896
22895,0,0.5627057335331586
22896,0,0.020130547765152666
22897,0,0.00012644087784477394
22898,0,0.4235472640363252
22899,0,0.004295996483992062
22900,0,0.041744557213724796
22901,0,0.04028828290619842
22902,0,0.43398280108966686
22903,1,0.5850992777891887
22904,0,0.20230409883648198
22905,1,0.6512440175158328
22906,1,0.7699854436257175
22907,0,0.09859582299094471
22908,0,0.4852015528881734
22909,0,0.669127984993762
22910,0,0.02016126616996906
22911,0,0.3197667927312386
22912,0,3.95383740048354e-05
22913,0,0.002692627134870762
22914,0,0.1572278700634264
22915,1,0.4475544333995814
22916,0,0.01331233373773297
22917,1,0.8216457629536158
22918,0,0.02534084915307493
22919,0,0.4525024819998937
22920,1,0.3318287419024152
22921,0,0.5346454685350995
22922,1,0.9539535117222252
22923,0,0.2892920348601374
22924,1,0.553647190301127
22925,1,0.01076452601172336
22926,1,0.3403659341511376
22927,0,0.2699832444941526
22928,0,0.40793806489331674
22929,0,0.19986157587838943
22930,1,0.1101389809974453
22931,0,3.411794989297164e-06
22932,0,0.1280810301624516
22933,0,0.000596649185644817
22934,0,0.18531025690855688
22935,0,0.0029916710425044674
22936,0,0.03207792489004575
22937,1,0.90845197464894
22938,0,0.280853652774562
22939,0,0.06384305662581925
22940,0,0.0762396831185697
22941,0,0.28016237964905866
22942,0,0.0010678407658424214
22943,1,0.5125378459870974
22944,0,0.025472319840243705
22945,0,0.0030658528272780126
22946,0,0.0004410021726998134
22947,0,0.3547737912029428
22948,0,0.04016126943237747
22949,0,0.1082983250952385
22950,0,0.0072683184358317944
22951,0,0.0014818759070571346
22952,0,5.1505635552006147e-05
22953,0,0.009056979308241852
22954,0,0.02023795708705875
22955,0,0.009044518016624878
22956,0,0.04197930937973492
22957,0,0.23586211041068383
22958,0,0.01181668838905582
22959,0,0.021078701917684607
22960,1,0.6467290182094783
22961,0,0.013553573147752166
22962,0,0.0068102063580623255
22963,1,0.5677841820327109
22964,0,0.011353620574639553
22965,0,0.22659932091015172
22966,0,0.5498674206522689
22967,0,0.015234218571441215
22968,1,0.3986173771906164
22969,1,0.18730616270603037
22970,0,0.00029876401885673
22971,0,0.0005042766513588722
22972,0,0.0026299843589649794
22973,0,0.00034173366300743063
22974,1,0.7077456295365887
22975,0,0.41519765110715506
22976,0,0.00036461460646977265
22977,0,0.244298521729014
22978,1,0.7658700086509362
22979,0,0.0037759413282685457
22980,0,0.033260298364441714
22981,0,0.001394318844550411
22982,0,0.007919101506910635
22983,1,0.7630024927431112
22984,0,3.517055787976504e-05
22985,0,0.19660099763919586
22986,0,0.5850593347509544
22987,0,0.0076996156512957855
22988,0,0.0008898309459539535
22989,0,0.07717673864457752
22990,0,0.003399987593703034
22991,0,0.2693993544565384
22992,0,0.0018699457404213599
22993,0,0.0011998050467720218
22994,0,0.5964711094450806
22995,1,0.40082508769990083
22996,0,0.08370281242549991
22997,0,0.0016109732361231695
22998,1,0.8071597431926892
22999,0,0.03652266504283286
23000,0,0.06963673944619757
23001,0,0.007008677439698249
23002,1,0.4826216919679967
23003,0,0.07495157385954905
23004,0,0.029581657623590607
23005,0,0.05081502600751652
23006,0,0.01014184534162254
23007,0,0.0029794685854435867
23008,0,0.31968073322215407
23009,0,0.43247087923103156
23010,0,0.002692032657890406
23011,0,0.0013663734460977797
23012,0,0.0032461323918183157
23013,0,0.47434129090181226
23014,0,0.0043444874048487485
23015,0,0.0002047251229215674
23016,0,0.2280751621388051
23017,1,0.9166188604138816
23018,0,0.04694416461000663
23019,0,0.0027370995004886646
23020,1,0.43591483752482746
23021,0,0.010553551766882191
23022,0,0.0003697637364809968
23023,0,0.04337558571953255
23024,0,0.014782409125717846
23025,0,0.0007651028746639611
23026,0,0.011664015951997245
23027,1,0.38436042348955946
23028,0,0.0006774385511470121
23029,0,0.03402728216007402
23030,1,0.5255121219477022
23031,0,0.028361628956050714
23032,1,0.7802432111112474
23033,0,0.0020892467197171738
23034,0,0.0022145378716801685
23035,1,0.8152818876425019
23036,1,0.046687323332958865
23037,0,0.007906679084920725
23038,0,0.46485000250352143
23039,0,0.00940191105117473
23040,0,3.7868352945361116e-08
23041,0,0.5431916842534926
23042,0,0.014217413782978222
23043,0,0.041816306939800624
23044,0,0.0011756102491745726
23045,0,0.0001899831731632998
23046,0,0.002602901791308224
23047,0,6.176690267301891e-05
23048,1,0.449305539412528
23049,0,0.01078748168712769
23050,1,0.6349860578896365
23051,0,0.0004373260035774934
23052,0,0.29901938140356576
23053,1,0.6125963574280043
23054,0,0.0437555616238538
23055,0,0.07821755754761824
23056,0,0.004183134927458345
23057,1,0.1443580164943136
23058,0,0.04648862974294298
23059,0,0.0814079672109078
23060,0,0.04209844679066405
23061,1,0.3732974040269447
23062,0,0.00019961744521208958
23063,0,0.24149767772378158
23064,0,0.025496576246769553
23065,0,0.09937819993603052
23066,0,0.3777344175351163
23067,1,0.3657430033153083
23068,0,3.298891271637545e-05
23069,0,0.06626417157306438
23070,0,0.1676642832135567
23071,1,0.687243807844458
23072,0,0.006718189421574751
23073,0,0.16436606507664409
23074,0,0.08447577302303617
23075,0,0.007393078038164095
23076,0,0.024691474166655993
23077,0,0.00019017737368151269
23078,0,0.08245298750323464
23079,0,0.018951653775035302
23080,0,0.01089317420607589
23081,0,0.00873958465700293
23082,0,0.0004125788652504993
23083,0,0.5636259482424988
23084,0,0.025930958020477735
23085,1,0.7728653814608644
23086,0,0.48613489160618706
23087,0,0.007928677222587747
23088,0,2.541052381299446e-05
23089,0,0.002241720733105385
23090,0,0.0032064951186429992
23091,0,0.00927030422275355
23092,1,0.5124545615122846
23093,0,0.0029360297360930833
23094,0,0.261995796903658
23095,1,0.806278831118029
23096,1,0.5476181171284193
23097,0,0.020868136115650835
23098,0,0.17468741936718662
23099,0,0.3699602719024648
23100,0,0.023677484359034176
23101,0,0.36433322701190957
23102,0,0.00025627968184134775
23103,1,0.7992652741328841
23104,0,0.041475076503850634
23105,1,0.14506685419407483
23106,0,0.154676348522809
23107,0,0.07741590956317342
23108,0,0.016443289126600695
23109,0,0.0010951778437168268
23110,0,0.01652979959915222
23111,0,0.38007199526723484
23112,0,0.001467066627618149
23113,0,0.468004162099145
23114,0,0.028313931707467002
23115,0,0.008147239363780763
23116,1,0.8935170746839629
23117,0,0.002902380631579926
23118,0,0.08512399374283303
23119,1,0.8049663169011726
23120,0,0.06043780607096426
23121,0,0.01820980152953094
23122,1,0.5804102606531535
23123,0,0.030652096386598323
23124,0,0.22247137604363487
23125,0,0.0035619963739834666
23126,1,0.7951094056097766
23127,0,0.002978595154714218
23128,1,0.5156170083508904
23129,0,0.12313046718410582
23130,1,0.37673388669586844
23131,0,7.318075651516753e-05
23132,0,0.05731362569769034
23133,1,0.5020340525664305
23134,0,0.0270260322016021
23135,1,0.691142929898724
23136,0,0.0001309058398977502
23137,1,0.8584545986321378
23138,1,0.49196529283110874
23139,0,0.0027600814130350772
23140,0,0.039315907546267896
23141,0,0.00015437309554167016
23142,0,0.06028843893557761
23143,0,0.009456406186093301
23144,0,0.10690470150120855
23145,0,2.566878228740279e-05
23146,1,0.45758691907827437
23147,0,0.012366671792708322
23148,0,0.0008525512061908335
23149,0,0.0009879450233029879
23150,0,0.0028567609297944926
23151,0,0.13733440304543795
23152,0,0.4758601539679264
23153,0,2.4437284523679034e-07
23154,0,5.813484146265128e-05
23155,0,0.330773538911208
23156,0,0.009931591372852822
23157,0,0.004988772239588001
23158,0,0.7940429276238404
23159,1,0.0758733396187454
23160,0,0.0008757437058815886
23161,0,0.004526328940164663
23162,1,0.7788997033672374
23163,0,0.0025452916884978636
23164,0,0.1574930259717504
23165,0,0.0629197862347768
23166,0,0.769451419796689
23167,1,0.15796346504993616
23168,0,7.441596296777727e-05
23169,0,0.014364383360387662
23170,0,0.0010571953590787953
23171,0,0.062181198221606795
23172,0,0.014418924769113533
23173,0,0.848537622115112
23174,1,0.03618312674661842
23175,1,0.5797174832696198
23176,0,0.08736963423286274
23177,0,0.0005266891391149153
23178,0,1.0314700370035726e-05
23179,0,0.1580535476525193
23180,0,0.019036537347695892
23181,0,0.0007317851530308107
23182,0,0.35747103158965526
23183,0,0.7860741523041892
23184,0,0.3725644863976074
23185,0,0.0018519821260150802
23186,0,0.308850833347387
23187,0,0.48505776428807584
23188,1,0.6534985251077152
23189,0,0.00045526621013208574
23190,0,0.046871372620005194
23191,0,0.0014692432379695285
23192,0,0.47023857685399584
23193,1,0.4945522353548603
23194,0,0.4100168392821111
23195,0,0.860208385569955
23196,0,0.5875373065423697
23197,0,0.14095983337772802
23198,0,0.01286544632104343
23199,1,0.6839070904182315
23200,1,0.6537467981600724
23201,0,0.01848511146682726
23202,0,0.03396507454342514
23203,0,0.0011372626840472533
23204,0,0.5118662701991371
23205,0,0.009385237253048104
23206,0,0.007847200549420294
23207,0,0.8713984628873073
23208,0,0.021059910599775803
23209,1,0.55722068444989
23210,1,0.723910834237331
23211,0,0.02161168299747973
23212,0,0.0021572454940295576
23213,0,0.5216600722325633
23214,0,0.031130587100553126
23215,0,0.21232078693637807
23216,0,0.16203931904238214
23217,0,0.003555131979117984
23218,0,0.005932107454348687
23219,0,0.07043586281310721
23220,0,0.006837761661887201
23221,0,0.15181473396340459
23222,0,0.002338687144598586
23223,0,0.23581772403718976
23224,0,4.470459223794854e-05
23225,0,0.09874097953713458
23226,1,0.46631491319708684
23227,1,0.602851438097877
23228,1,0.5560853588247429
23229,0,0.0003057749378946306
23230,0,0.0006624895239238278
23231,0,0.1509216555415133
23232,1,0.5089488806294418
23233,0,0.016331479521773946
23234,0,0.0042880106633646714
23235,0,0.01747400688429439
23236,0,0.0007972968205116811
23237,1,0.13793846146853786
23238,0,0.005250505122355199
23239,0,0.4223786641271403
23240,0,0.00011076656830154837
23241,0,0.31219761371824706
23242,0,0.03650001822682191
23243,0,0.029832526349726957
23244,0,1.5779414542194543e-05
23245,0,0.024120481233252833
23246,0,0.04197602922867676
23247,0,7.266801850962497e-05
23248,0,0.05180435032596144
23249,0,0.0008164897007133332
23250,0,0.007655626955766284
23251,0,0.11053747893724014
23252,0,0.1748941016124175
23253,0,0.02270820694154405
23254,0,0.0290470381264214
23255,0,0.02742431764966792
23256,0,0.003716047571665029
23257,0,0.05855357083180651
23258,0,0.14526059053506046
23259,0,0.0383579257486282
23260,0,0.05081764960336727
23261,0,1.3683700199779737e-05
23262,0,0.0004549589047874436
23263,1,0.3500078958593981
23264,1,0.018154427247440173
23265,0,0.004660117994172323
23266,1,0.590750851606201
23267,0,0.007817921005441457
23268,0,0.0006487394230583283
23269,1,0.6486557345838376
23270,0,0.364804793306034
23271,0,0.03653902289000143
23272,0,0.03691884182876489
23273,0,0.16812036681449646
23274,1,0.8715094464299036
23275,1,0.6238378705781226
23276,0,0.0007730826841283083
23277,0,0.00011860352217383393
23278,0,0.0031138033029723716
23279,0,0.0952072071657676
23280,0,0.5010922240378134
23281,1,0.15100774858078123
23282,0,0.030610859464379633
23283,1,0.3001331618904263
23284,0,0.0058704417693317325
23285,0,0.006689817223228358
23286,0,0.03137362633214145
23287,1,0.1447461754154037
23288,0,0.0029242520919668946
23289,0,0.0009134203045820215
23290,0,0.011102573715914698
23291,0,0.13875437670711646
23292,0,9.669932958871072e-05
23293,0,0.05990915744535161
23294,0,0.579957973457367
23295,1,0.6389112012613897
23296,0,0.20437871679197056
23297,1,0.36189201373155877
23298,0,0.13023348105631158
23299,0,0.005160905689887125
23300,0,4.291942561365006e-05
23301,0,0.00011225265902176704
23302,0,0.0810655849902273
23303,0,0.02395427629274732
23304,0,0.029378524501797922
23305,0,0.032557327250318124
23306,1,0.6085642991495646
23307,0,0.8484298937352555
23308,1,0.5012420867270485
23309,0,0.012050704322071018
23310,0,0.648917390227871
23311,0,0.8119684648959328
23312,0,0.2806855903525646
23313,0,0.007693086240026124
23314,0,0.014330731584670265
23315,1,0.3226954287008868
23316,0,0.0018863450324451097
23317,0,0.408521051130181
23318,0,0.11742244844131645
23319,1,0.8409417703225115
23320,1,0.9029351816312605
23321,0,0.07705744284649584
23322,0,0.029665266663263856
23323,0,0.3294771767321615
23324,0,0.8521465068103342
23325,0,0.0022882132223246256
23326,1,0.7277045943081031
23327,1,0.3275234818848857
23328,0,0.016166153538618253
23329,0,0.027262763452286867
23330,1,0.8845754594064413
23331,0,0.0673743892418527
23332,0,0.04123531714978556
23333,0,0.12725554352914945
23334,0,0.47997132002173015
23335,1,0.42308497411311086
23336,0,0.0033305145268176166
23337,0,0.06829848310798202
23338,0,0.0443202872147494
23339,0,0.011465824722791434
23340,0,0.084093668764284
23341,1,0.7721726756464043
23342,0,0.06564301991965071
23343,0,0.029172770852877818
23344,0,0.002688036686481305
23345,0,0.0008913007895080148
23346,1,0.7784413762498357
23347,0,0.020631027162445807
23348,0,0.005829884898476121
23349,0,0.00038524687263676667
23350,1,0.5679089939211058
23351,1,0.36910842563445717
23352,0,0.08444818743511956
23353,0,0.43505118619998157
23354,1,0.492226608818136
23355,1,0.7270784776748106
23356,0,0.8009644845795718
23357,0,0.00035294964919446687
23358,0,0.003445146051444751
23359,0,3.255755080900098e-05
23360,0,0.1725955936113826
23361,0,0.5364642412922153
23362,0,0.003527796073373421
23363,0,0.012886077146359413
23364,0,0.2576931523432538
23365,0,0.07584854361893426
23366,0,0.0191163833082578
23367,1,0.6319828355413569
23368,0,0.0005120152322570915
23369,0,0.02333424713752242
23370,0,3.791295356391728e-05
23371,0,0.20771161288052828
23372,1,0.49240214710755087
23373,1,0.6158728956530088
23374,0,0.08631293278938117
23375,0,0.026016489775474484
23376,1,0.46819852496721037
23377,0,0.02061528555947505
23378,0,0.015211962048902943
23379,0,0.7153677884969545
23380,1,0.8846062599100175
23381,0,0.13441403390175757
23382,0,0.09150517738842084
23383,0,0.12965563327865437
23384,1,0.08567418958903202
23385,0,9.818336733266115e-05
23386,0,0.4141870438741249
23387,0,0.0014537784902315207
23388,1,0.4652624378176534
23389,0,0.035645602442455605
23390,0,0.4648264311484553
23391,0,0.22756825512305062
23392,0,0.20970456384943936
23393,0,0.008769426363511818
23394,1,0.5843979040072637
23395,1,0.3943948751756239
23396,0,0.005996471588854564
23397,0,0.0012338101176453474
23398,0,0.005499881359451753
23399,0,0.013848814369808128
23400,0,0.2370102621810305
23401,0,0.1573375310985464
23402,0,0.15513704935007172
23403,0,0.026458045421526022
23404,0,0.0018166177225081737
23405,0,0.0058212180391460245
23406,0,0.012346150225193475
23407,0,4.0825000258580215e-05
23408,0,0.0003012316610630781
23409,1,0.04154241649981634
23410,0,0.006645934859003603
23411,1,0.3790227940269225
23412,1,0.6672007151593301
23413,0,0.006228774264037326
23414,0,0.5207940777423078
23415,0,0.0005364350275244639
23416,0,0.15297711730101873
23417,0,0.07862825815504684
23418,0,0.002149693599726932
23419,0,0.0034731566411267227
23420,0,0.12935167438073766
23421,1,0.29582556424453976
23422,0,0.30520970845183265
23423,1,0.13567878193015875
23424,0,0.01982560323261643
23425,0,0.18506737068289245
23426,0,0.006489757047768903
23427,0,0.027139745844909285
23428,0,0.7501287223066806
23429,0,0.09013789679925617
23430,0,0.0006460176586725985
23431,1,0.7664631620641784
23432,0,0.0007301560380081188
23433,0,0.0033066897225128007
23434,0,0.7350911096376413
23435,0,0.008981215130360215
23436,0,0.3251091143799208
23437,0,0.019175604912208474
23438,0,0.04400520189931444
23439,0,0.5121428936176498
23440,1,0.7695267368546392
23441,1,0.019710838278165117
23442,0,0.009479596511290768
23443,0,0.011260143519694552
23444,0,0.29299189614912763
23445,0,0.5541957010733832
23446,0,0.013132634871549422
23447,0,0.02047612856285532
23448,0,0.1450574705658285
23449,0,0.1522489869706779
23450,0,0.03577980137743615
23451,0,0.18988699554762717
23452,0,0.25370028549789914
23453,0,0.007498188450809434
23454,0,0.00010288528322800098
23455,0,0.00992534953750551
23456,0,0.41372416481461344
23457,0,0.04274779440514337
23458,0,0.000437684460053219
23459,0,0.08285920706218235
23460,0,0.0030503024344236134
23461,0,0.002915941010459843
23462,0,0.00048367774566047224
23463,0,0.00011141277261326229
23464,1,0.3285641856164403
23465,0,0.03635401321911988
23466,0,4.978315709440525e-05
23467,0,0.008115807347843453
23468,0,0.1335829203092566
23469,0,0.035580512995233106
23470,0,0.258029886857738
23471,1,0.13911005975788265
23472,0,0.00164031540617002
23473,1,0.7376466565455634
23474,0,0.4918130708922904
23475,0,0.0033095681273944983
23476,0,0.014363228674115732
23477,0,0.00468268379870127
23478,1,0.7322927755595415
23479,0,0.00868608693749231
23480,0,0.0018765423858745117
23481,0,9.873839974062598e-07
23482,0,0.0033529890536316497
23483,0,0.033679369380889924
23484,0,0.016050809456787826
23485,0,0.03331698971150066
23486,0,0.09459810814480318
23487,1,0.8074182712741472
23488,0,0.0255324491960406
23489,0,0.023014716164914354
23490,0,0.0018520503367352491
23491,0,0.24043819751647347
23492,0,0.8555949935257212
23493,0,0.06156607396801685
23494,0,0.001396412947292014
23495,0,0.001325239884518776
23496,0,0.23380136397987603
23497,0,0.005886543513389125
23498,0,0.0023026782815055396
23499,1,0.6594529490637497
23500,0,0.028688611391205727
23501,1,0.03373686407252279
23502,0,0.008895546860708372
23503,1,0.24184247684770174
23504,1,0.5459152637794327
23505,0,0.0001876712192681079
23506,0,0.00037208870200818674
23507,0,0.00017784505794315116
23508,0,0.0008631740106968494
23509,1,0.1966144075564312
23510,1,0.4748791983424242
23511,0,0.002226940434440528
23512,0,0.016411269791916858
23513,0,0.0016112508706829613
23514,0,0.69569820796227
23515,1,0.5094935349050107
23516,0,0.01482888175584025
23517,0,0.12939801691929548
23518,0,0.030210327211474663
23519,0,0.04000849840026425
23520,0,0.06864568322647775
23521,0,0.011927883595296576
23522,1,0.7963549013769747
23523,0,0.006237059321677863
23524,0,0.09320510151909886
23525,0,0.01775477615648897
23526,0,0.04683465853572136
23527,0,0.014230602133380794
23528,1,0.5890228928086916
23529,0,0.0024697308934571983
23530,0,0.00029521754458668897
23531,0,0.006437604247068213
23532,1,0.6176437559721528
23533,1,0.7418502352982038
23534,0,0.00048775693056671483
23535,1,0.7550450084167966
23536,0,0.4126886746106482
23537,0,0.7033760270200321
23538,0,0.00036414562203996274
23539,0,0.05996853570285325
23540,0,0.26092867233223066
23541,0,0.04105623060585583
23542,0,0.053540494116509664
23543,0,0.0002161318544656619
23544,0,0.0008579469754837126
23545,1,0.4320139086939644
23546,0,0.3155623918735034
23547,1,0.21042297825799416
23548,0,0.3979255565078843
23549,0,0.027625441791469276
23550,1,0.5174860615650314
23551,0,0.10379742002342984
23552,0,0.011129828952894424
23553,0,0.011160445143135488
23554,0,0.0008043064963850679
23555,0,0.10657288000159881
23556,1,0.7928862402886502
23557,0,0.006229683828385225
23558,1,0.830976448987705
23559,0,0.03205151402903758
23560,0,0.012549392482467628
23561,0,0.001992664020448721
23562,1,0.33833933220092505
23563,0,0.0003559264759181033
23564,0,0.002603725494972256
23565,0,0.01756457225069157
23566,1,0.20823733911822778
23567,0,0.0029447603068512855
23568,0,0.0349312968630325
23569,0,0.14843357268048352
23570,1,0.02040355032232429
23571,0,0.26004462607339945
23572,0,0.10523550827758328
23573,0,0.6527227987196742
23574,0,0.0843257567406143
23575,0,0.022865975232526883
23576,0,0.21651252897381665
23577,0,0.017508912990001072
23578,0,0.0011819464642232583
23579,0,0.13768762860103395
23580,1,0.5460668559474412
23581,0,0.0017320901782361823
23582,0,0.014933940418265864
23583,1,0.4252417906207767
23584,0,0.002716005607967637
23585,0,0.005218980713467039
23586,0,0.39894071207119003
23587,0,0.26993508876256195
23588,0,0.0002096783032835607
23589,0,0.03520471692756408
23590,0,0.6951547839038558
23591,0,0.026498996407500173
23592,0,0.008170196726973847
23593,0,0.0016024936283138605
23594,0,0.04115270714418792
23595,0,0.071381081149283
23596,1,0.6341522122852896
23597,0,0.033711114418865075
23598,1,0.8139312631517098
23599,0,0.004205544996363165
23600,0,0.010900011840608072
23601,0,0.61812592064102
23602,0,0.017842494625013135
23603,0,0.37532912924698353
23604,0,0.0013996361934381478
23605,0,0.8862943479316097
23606,0,0.06553092449942564
23607,0,0.004546268626313137
23608,1,0.38448293672020595
23609,0,0.6336278849638651
23610,0,0.05320171389259932
23611,0,0.010706484628941089
23612,1,0.3267893586973704
23613,0,0.005324610128503546
23614,1,0.43175724189448056
23615,0,0.0006762239082896064
23616,0,0.00045489734544508877
23617,0,0.08948084720071749
23618,1,0.7942517105219655
23619,0,0.001187117198934312
23620,0,0.0028825493937316192
23621,0,0.018456039430414108
23622,1,0.8112423280026629
23623,1,0.8391542254098164
23624,0,0.022044896715995015
23625,0,0.014040283041481224
23626,0,0.015777967352878095
23627,0,0.4512657362142346
23628,0,0.023442126029794532
23629,0,0.023607455523973968
23630,0,0.10588693422166824
23631,0,0.009194383037298628
23632,0,0.0025304117717909877
23633,1,0.5990634146654753
23634,0,0.7478846747701998
23635,0,0.018556652069076144
23636,0,0.035085595195573416
23637,0,0.0045346381819559595
23638,0,0.01728744912362917
23639,0,0.004725294286152782
23640,0,0.000128927729834447
23641,0,0.008668059920955137
23642,0,0.00012385681303360622
23643,0,0.005017288435194358
23644,0,0.040996075784189775
23645,0,0.6090436744404488
23646,0,0.054926878142365826
23647,1,0.9375393513906033
23648,0,0.0011522036168343688
23649,0,0.05637800837353074
23650,0,0.06211669080220422
23651,0,0.6010929795171454
23652,0,0.008437649871693743
23653,0,0.11566578584045384
23654,1,0.9044605347211276
23655,1,0.3982717373966388
23656,0,0.041834216569919654
23657,0,0.0024051909137833925
23658,0,0.013987820067679567
23659,0,0.4198891394518449
23660,0,0.007139990755814475
23661,0,0.15483584460997676
23662,0,0.006576342777811626
23663,0,0.06487139873921648
23664,0,0.010426201848272507
23665,0,0.017561866806141482
23666,1,0.4424301026175896
23667,0,0.0003135670528478832
23668,0,0.0025201264681051897
23669,1,0.4930024280362167
23670,0,0.023934911410480507
23671,1,0.3650977511115545
23672,0,0.0040726575118322506
23673,0,0.09015882691050439
23674,0,0.10522397887737789
23675,0,0.009787575911978805
23676,0,0.3661097026255147
23677,0,8.433692495696998e-05
23678,1,0.6052243165149312
23679,0,8.910412431515682e-05
23680,0,0.0011631303992332717
23681,0,0.4984629860809129
23682,0,6.164617574513528e-06
23683,0,0.0007510432751665509
23684,1,0.6617393981745984
23685,0,0.0005695966132199967
23686,0,0.06081342550883719
23687,0,0.005608396686618448
23688,1,0.23688442417429814
23689,0,0.034835392049602606
23690,0,0.0071382453905543125
23691,0,0.036115186238474
23692,0,0.0056431380207320435
23693,0,0.08206886747034259
23694,0,3.9381939882491816e-05
23695,1,0.21395617113174212
23696,0,0.002080806846674039
23697,0,0.06444432480339135
23698,0,0.10172895088587235
23699,0,0.06745443155063904
23700,0,0.03033275131814025
23701,0,0.0023228774771830852
23702,0,0.0004898989300798724
23703,1,0.20784785181215415
23704,0,1.0323312931981554e-05
23705,0,0.13091805003217
23706,0,0.8379814013272838
23707,0,0.42162576102681665
23708,0,0.0005607618116186125
23709,1,0.7600004870653059
23710,0,0.0409885753313922
23711,0,0.05308113346892762
23712,0,0.06584027501041113
23713,0,0.0008627900871077754
23714,0,0.046664471857946234
23715,1,0.7215276816826219
23716,0,0.003049682062107979
23717,0,0.008550130008613944
23718,1,0.0939065371464616
23719,0,0.37059403984931566
23720,0,0.0004447063805185971
23721,0,0.009691384446036644
23722,0,0.0020606540157512556
23723,0,0.010253596344485775
23724,0,0.010505590850383818
23725,1,0.9339550693122033
23726,1,0.7950798338892128
23727,0,0.013794861210734597
23728,1,0.7844301546384747
23729,0,0.023809365870366344
23730,0,0.21695279005349918
23731,0,0.014150012493796967
23732,0,0.012170486428776358
23733,1,0.8001573437315898
23734,0,0.7477796113468922
23735,0,0.0005224432033941674
23736,0,0.011579059128294501
23737,0,0.0018992538274007153
23738,0,0.8799623657062278
23739,0,0.01025911833755884
23740,0,0.02054980761761423
23741,0,0.03391510026917483
23742,0,0.13167660198263784
23743,0,0.011845362359198957
23744,1,0.26150268034255375
23745,1,0.14588599642374106
23746,0,0.6772588036315269
23747,0,0.6334769911623704
23748,0,0.04800166219373444
23749,0,0.11004238972964818
23750,0,0.6145388436980117
23751,1,0.35778041581704867
23752,0,0.0571139876372938
23753,1,0.07790345763048087
23754,0,0.029953699218703306
23755,0,0.0039719063337222684
23756,0,0.014967247668728806
23757,0,2.1348061233343622e-19
23758,0,0.0222282199235724
23759,0,0.0024989628472951177
23760,0,0.013799561258180566
23761,0,0.0072816424959208596
23762,0,0.051462707108644104
23763,0,8.731902623246104e-05
23764,0,0.04493994124882422
23765,0,0.010415165903973716
23766,0,0.004730974554021301
23767,0,0.06715192404267603
23768,0,0.019025680044799084
23769,0,0.6801727422134723
23770,0,0.07968974069265301
23771,0,0.10784522829393306
23772,0,0.0019049802973667984
23773,0,0.0012430562719042773
23774,0,0.2469375004130061
23775,0,0.7984385961142871
23776,0,0.6256404958272842
23777,0,0.0004147736939779479
23778,1,0.705540278290506
23779,0,0.019697535465685336
23780,0,0.21081023001950025
23781,0,0.0007228827948934083
23782,1,0.8044012091348577
23783,0,0.01182649546156628
23784,0,0.10313306682276036
23785,0,0.13941837436324014
23786,0,0.0009269425145731732
23787,0,0.0004056833162723656
23788,1,0.7453899163670209
23789,1,0.1367595841181668
23790,0,0.27901638895612507
23791,0,0.03273301331659016
23792,0,0.029601852902392888
23793,0,0.29871135587106495
23794,0,0.14252866980150825
23795,0,0.0011747268927927144
23796,0,0.0003933585202970702
23797,0,2.800088892200764e-06
23798,0,0.0568670402868704
23799,0,0.007339321921561868
23800,1,0.34895374842980054
23801,0,0.054760292106142305
23802,0,0.0002279920660093582
23803,0,0.057652827711401865
23804,0,0.07297830093589508
23805,0,0.02889632619643011
23806,1,0.1962097774824338
23807,1,0.46608117005090993
23808,0,0.001806655642194652
23809,0,0.00011649828038665295
23810,0,0.010045423742890167
23811,0,0.0005978120625094173
23812,1,0.21035342279184105
23813,1,0.13605804569829588
23814,0,0.03872825257872152
23815,0,0.0004560332189606252
23816,1,0.4476745899749253
23817,0,0.027970627719693567
23818,0,0.08327027150301025
23819,0,0.007759318725449288
23820,0,0.003396203875450108
23821,0,0.04812898833755406
23822,1,0.8113761029416571
23823,0,0.36916504498202
23824,0,0.18602360170580703
23825,0,0.02857423084216616
23826,0,0.06626447667869653
23827,0,0.07088350378564191
23828,0,0.011089586033297108
23829,1,0.2892776475156362
23830,0,0.12958131604244258
23831,1,0.6168133427036426
23832,0,0.03342891520907691
23833,0,0.05975826549449023
23834,0,0.026341204099271605
23835,1,0.8886174288306975
23836,0,0.01776654872822333
23837,0,0.027456188421291664
23838,1,0.6358594900559544
23839,0,0.005436228232950015
23840,0,0.48114299691198437
23841,1,0.5450402080760218
23842,0,0.268643029478531
23843,0,0.0004482800768455534
23844,0,0.003613293966614517
23845,0,0.34826724911709434
23846,0,0.1600983253548569
23847,0,0.004259183093615424
23848,0,0.032507950789834726
23849,0,0.029811775747383716
23850,0,0.762710935706286
23851,0,0.010786694525624672
23852,1,0.5587763758566883
23853,0,0.17455709249402424
23854,0,0.028627735376417288
23855,0,0.08372341842662594
23856,1,0.6491491115352459
23857,0,0.01982751246853055
23858,0,0.15480671618737765
23859,0,0.0034846644119900464
23860,0,0.00508206332604804
23861,0,0.24151761226877452
23862,1,0.18178815670505064
23863,0,0.0028355752799866735
23864,0,0.24793999721207757
23865,0,0.0013113514308149418
23866,1,0.5574078535681953
23867,0,0.3675537716464247
23868,0,0.0499925390118794
23869,0,0.017661492427889548
23870,0,0.023676916778641057
23871,0,0.006980566529325264
23872,0,0.05269717222450236
23873,1,0.5317629797236493
23874,0,0.004046941030382936
23875,0,0.0026620064221726998
23876,0,0.06384698705925157
23877,0,0.19585053122750615
23878,0,0.07700606745623886
23879,0,0.0012293501938855193
23880,0,0.5266296814444098
23881,1,0.41044033280888736
23882,0,0.03001747841562001
23883,0,0.48272566537876993
23884,0,0.007168746732570983
23885,0,0.0001132092478434711
23886,0,0.03955341113138609
23887,0,0.0005462213344237982
23888,1,0.3500066548490916
23889,0,0.19775950299881576
23890,0,0.4156862817289748
23891,0,0.0003870474501325221
23892,0,0.07791570042303127
23893,1,0.2439271559946239
23894,0,0.32032859837431465
23895,0,0.23670296081117567
23896,0,0.2489697493581365
23897,0,0.5991892452873242
23898,0,0.00668126377419663
23899,0,0.044642952159993025
23900,1,0.036707029672870456
23901,1,0.40484966943165485
23902,1,0.48319664597802964
23903,0,0.12001545977856543
23904,0,0.08473857781217961
23905,0,0.0004185909251232461
23906,0,0.0028105034679041124
23907,0,0.3783139766244036
23908,0,0.023039185269503087
23909,0,0.7722768162751135
23910,0,0.0006776924225294236
23911,0,0.8607686007586164
23912,0,0.059353259594665544
23913,0,0.0007341265814812689
23914,0,0.6021013351903901
23915,0,0.017467789192955687
23916,0,0.7073666544481817
23917,0,0.0014295252918999832
23918,0,0.0056895431179057815
23919,0,0.0021259264377625608
23920,0,0.00010692398036778999
23921,0,4.986655007080556e-05
23922,0,0.008663231820877573
23923,1,0.4500836645273422
23924,0,0.0650660847633355
23925,0,0.0422139636744043
23926,0,0.0011621296046452102
23927,0,0.03745854191123197
23928,0,0.48992158482127457
23929,0,0.010914016505638778
23930,0,0.2378969327666007
23931,0,0.005222242414923952
23932,0,0.21973144848699772
23933,0,0.21970551896855428
23934,1,0.7855634221735673
23935,0,0.36875444362028237
23936,0,0.1093124320300783
23937,0,0.0009156264186828214
23938,0,0.03312209675176839
23939,0,0.5463574462441357
23940,0,0.01383676118883189
23941,0,0.5022960743110587
23942,0,0.198187510487419
23943,0,0.020032023777716537
23944,0,0.0010226293494772101
23945,1,0.7581346038471213
23946,1,0.730542101797625
23947,0,0.18463371813896223
23948,1,0.8479782696329942
23949,0,0.00407676122394872
23950,0,0.7967548283790171
23951,0,0.03320715211053024
23952,0,0.5362923149950883
23953,0,0.0011368596644633607
23954,1,0.44345241315018336
23955,0,0.007145567915489971
23956,0,0.1155862346901316
23957,0,0.8337243633974826
23958,0,0.08586937378576803
23959,0,0.03313622105171053
23960,0,0.04813819880921909
23961,0,0.015542111621120907
23962,0,0.015450840059628598
23963,0,0.01156136748832929
23964,0,0.03330268266862162
23965,1,0.4526963690440145
23966,1,0.3809703680688411
23967,0,0.3171614821711406
23968,1,0.8629702645708012
23969,0,0.010741713556648472
23970,0,0.00047098693614304677
23971,0,0.1479586070628445
23972,0,0.015860427428806986
23973,0,0.0005776815397522352
23974,1,0.16913140832657542
23975,1,0.7132119788871896
23976,0,0.006642403747077757
23977,1,0.16349107698304857
23978,0,0.10225843355298012
23979,0,0.00010979658010233065
23980,1,0.65603570640409
23981,0,0.1451879693691853
23982,0,2.689337950123267e-07
23983,0,0.00014798310255312322
23984,0,0.001237949478229506
23985,1,0.15480834816585307
23986,0,0.022962577653737434
23987,0,0.0037771368947786058
23988,0,0.0027101689592678446
23989,1,0.6695942121493537
23990,0,0.0725849109045155
23991,1,0.31261549510070497
23992,0,9.18467183243605e-06
23993,1,0.4310860109770973
23994,0,0.022106811853701048
23995,0,0.011053674505063973
23996,0,0.016191249706660887
23997,0,0.05749990898365178
23998,0,0.003994466035749475
23999,0,0.07221736006050301
24000,1,0.6000384857584803
24001,1,0.46194649735121524
24002,0,0.6735552798626996
24003,0,0.005756556988233988
24004,1,0.6565563770126291
24005,1,0.842913927180102
24006,0,0.01911454268770762
24007,0,0.0028246076990329104
24008,1,0.6103032229251968
24009,0,0.0004865910173068759
24010,0,0.012268669245285918
24011,0,0.6275034064170919
24012,0,0.0023198240413594535
24013,0,0.5830845241720394
24014,1,0.480850584378713
24015,0,0.0012108328429524145
24016,0,0.3699996053148998
24017,0,0.006871664971332577
24018,0,0.01748393714281993
24019,1,0.36893973664135765
24020,0,0.28760628362985347
24021,1,0.5242853499155185
24022,1,0.5234325575472157
24023,0,0.017306087404013216
24024,0,1.0955066175077033e-05
24025,0,0.09379046075723142
24026,0,0.0012606670260954524
24027,0,0.02258726956325442
24028,1,0.38778810023558663
24029,1,0.17825415756742605
24030,0,0.0017450262511952825
24031,0,0.025046459549731375
24032,0,0.1251066868498244
24033,0,0.000357693735462245
24034,0,0.000655914798622021
24035,1,0.20137553116239865
24036,0,0.005935452182614792
24037,1,0.5453080880982688
24038,1,0.4838144457163642
24039,1,0.8782094981745653
24040,0,0.008941683498479822
24041,0,0.016426272620951355
24042,0,0.06304452654225073
24043,0,1.0686241954970979e-05
24044,1,0.727203792561488
24045,0,0.029550288527051605
24046,0,0.0001832941000565558
24047,0,0.026804252258746154
24048,0,0.17474654946816606
24049,0,0.13242921483510697
24050,0,0.00014264943490570656
24051,0,0.08001398198369034
24052,0,0.018105849613643983
24053,0,0.015235625806979649
24054,0,0.03173124609815796
24055,0,0.23254116025371727
24056,0,0.014958783375336905
24057,1,0.825662123674525
24058,1,0.3476667355411444
24059,0,8.709438426099803e-06
24060,0,0.1565951937938149
24061,0,0.048632263618491406
24062,0,0.22860565652010253
24063,0,0.03669334086471722
24064,0,0.0005527975015419719
24065,0,0.24470399599039286
24066,0,0.15567887558193325
24067,1,0.24049784654841797
24068,0,0.001945605857504836
24069,0,0.031868628299226445
24070,0,0.000919846349592759
24071,0,0.02291391381047927
24072,0,0.0016417788106842805
24073,0,0.0038524394793272403
24074,1,0.11628860593397718
24075,0,0.015065980507246
24076,0,0.006318440741385719
24077,0,0.49258435891345526
24078,0,0.003977588105978057
24079,0,0.005661102528184735
24080,0,0.4394848059959078
24081,1,0.6734859462394766
24082,0,0.17169821134777088
24083,0,0.0011805730393235074
24084,1,0.9122480769719198
24085,0,0.007279161557769669
24086,0,0.0004147737356052354
24087,0,0.0023782048441967144
24088,0,0.035316413558213244
24089,0,0.1961411116895925
24090,0,0.29557466417712736
24091,0,0.6125698848196186
24092,0,0.00446407445107402
24093,0,0.161390355268119
24094,1,0.5317525304362181
24095,0,0.7165847206411906
24096,0,0.5001079106255419
24097,1,0.42547193670818034
24098,0,0.026880829506725386
24099,0,0.0002885485681621759
24100,0,0.19044121566536712
24101,1,0.2516473395700036
24102,0,0.6093001528632406
24103,0,0.0004542849513580529
24104,0,0.030564728850412146
24105,0,0.17259098809548423
24106,0,0.1792714008852044
24107,0,0.00721098882814664
24108,0,0.182669091120012
24109,0,0.027110533106492626
24110,0,0.010226522614325152
24111,0,0.13183277655908282
24112,1,0.6240470373784337
24113,0,0.000122413502439158
24114,0,0.010527897616181925
24115,0,0.0008871384806069929
24116,0,0.21208440123631594
24117,1,0.909330172240786
24118,0,0.005318704908364532
24119,1,0.6590997379219784
24120,0,0.15290215067360025
24121,0,0.22631600489768003
24122,0,0.1860398495485655
24123,0,0.012709828673188947
24124,0,0.010566688896024277
24125,0,0.01442016509621957
24126,0,0.0032919294957654997
24127,0,0.12127481203322737
24128,0,0.03458134599752817
24129,0,4.265324514880236e-05
24130,0,0.267555660757261
24131,0,0.007917158542337885
24132,0,0.022542153175804342
24133,1,0.24426711450237654
24134,1,0.564641904485513
24135,1,0.4964703218953853
24136,0,0.04735597648192175
24137,0,1.8501163050034914e-05
24138,0,0.3723410938248346
24139,0,0.03759851167413386
24140,1,0.3830317320753518
24141,0,0.21470363428188452
24142,0,0.6905295818686655
24143,0,0.001511436052686244
24144,0,0.018285637967312123
24145,0,0.046422298657554414
24146,0,2.7899213574989945e-07
24147,0,0.0019521578031125183
24148,0,0.5958548186963396
24149,0,0.20669795064126412
24150,1,0.8160720321769307
24151,0,0.26280460398822547
24152,0,0.5450051378902007
24153,0,0.0030457115517168514
24154,0,0.017257609401066226
24155,0,0.10941666710424004
24156,1,0.2987208323245389
24157,1,0.9209589027474027
24158,1,0.6690098318933075
24159,1,0.14324949825348882
24160,0,0.0017101870615922612
24161,0,6.869431006260213e-05
24162,0,8.132659071472964e-05
24163,0,0.014494322143934948
24164,0,0.47846131662646213
24165,0,0.0666037664539139
24166,0,0.1680469060021168
24167,0,0.015147246099032325
24168,0,0.04201178460524909
24169,0,0.017206497386154422
24170,1,0.6892613143211674
24171,0,0.0006695570979825365
24172,1,0.4479919235257241
24173,0,0.00014461503751224267
24174,1,0.5580455018200603
24175,1,0.8059666969952987
24176,0,0.0025071301437130113
24177,0,0.012500164905045045
24178,0,0.27839167918699725
24179,0,0.9188655749490605
24180,0,0.2650618478527801
24181,0,0.2770905979575438
24182,0,0.15656321544802876
24183,1,0.511400233101485
24184,0,0.0020447183177881335
24185,0,0.0003121005094220058
24186,0,0.0011614767354367701
24187,0,0.765166946049925
24188,0,0.01741557518201825
24189,0,0.8538631297964093
24190,0,0.18710792412600724
24191,0,0.0015118349908646758
24192,0,0.1059399591685834
24193,0,0.06404181932500533
24194,0,0.013834777266504639
24195,1,0.7513614112843097
24196,0,0.009507019789842105
24197,1,0.6663178297148742
24198,0,0.005676705002530767
24199,0,0.20744565211067797
24200,0,5.877999955117796e-08
24201,0,0.006426070333480414
24202,0,0.01574411661007535
24203,0,1.3236400051942695e-07
24204,1,0.7221101015940692
24205,0,0.6019351069083719
24206,1,0.2226785623496368
24207,0,0.05769713704166042
24208,0,0.0031960895496365637
24209,0,0.0006457729150130304
24210,0,0.03921768855324238
24211,0,0.01973329651698486
24212,1,0.14174230792157
24213,1,0.650425414746976
24214,0,0.33493807746084414
24215,1,0.4298069028848389
24216,0,0.01165254161392307
24217,1,0.45796405946820756
24218,1,0.5114353611994965
24219,0,0.10154692899344299
24220,0,0.0008440732155924451
24221,0,0.32910032324044824
24222,0,0.06521555129367475
24223,0,0.00041607198984748534
24224,1,0.3795035091606207
24225,0,0.017189094834413828
24226,0,0.003801375576255712
24227,0,0.11113895795064269
24228,0,0.0473407938368312
24229,0,0.45109721504941647
24230,0,0.0004409195393045911
24231,0,0.0030683897943829855
24232,0,0.1610776874152936
24233,1,0.8741262897550649
24234,0,0.015546181085468775
24235,1,0.7863158139411043
24236,0,0.022190332991101475
24237,0,0.01296916098678869
24238,0,0.003245904632211023
24239,0,0.001165670560504871
24240,0,0.0733787762511294
24241,0,0.01597902230137589
24242,1,0.7501068655971136
24243,0,0.3177391396141361
24244,0,0.020842912937594098
24245,1,0.5068410804107142
24246,1,0.5145609226918476
24247,0,0.23599626337989718
24248,0,0.44105126805465183
24249,1,0.29771036919492966
24250,1,0.6283803311004652
24251,1,0.4561859987584023
24252,0,0.00019579811448293852
24253,1,0.07366365185131678
24254,0,0.010789558967819234
24255,0,0.0917718183419301
24256,0,0.0017627285636642612
24257,0,0.00018406693084151247
24258,0,0.0013601591600526392
24259,0,0.021627123709935973
24260,0,0.43871604148809984
24261,0,0.5281747404387687
24262,0,0.03090694670375295
24263,0,0.13516213122475504
24264,0,0.5114161797023161
24265,0,0.010005470704754648
24266,1,0.3606370353368892
24267,0,0.06127070437022506
24268,0,0.02783753375750516
24269,0,0.45951350120870565
24270,0,0.09371303104046909
24271,0,0.00026040887940674497
24272,1,0.816780929866083
24273,0,5.40528369190553e-05
24274,1,0.5211425875843642
24275,0,0.0003946639339814065
24276,0,0.036921686654213595
24277,1,0.3051587250071362
24278,0,0.39466413448731513
24279,0,0.030491973057618586
24280,0,0.05416474410183601
24281,0,0.23106609371906237
24282,0,0.028387821925018618
24283,0,0.02100405725856961
24284,0,0.021130641877627577
24285,0,0.07166171949253079
24286,0,0.901317689777439
24287,1,0.011814006191618992
24288,0,0.1691219946811791
24289,0,0.04082224571046812
24290,1,0.589033229983939
24291,0,0.0012793340609579108
24292,0,0.020122501300487643
24293,1,0.17798065740255586
24294,0,0.11715825111072395
24295,0,0.3808331392976486
24296,0,0.03631369766116153
24297,0,0.014533291132899548
24298,0,0.060482362756317604
24299,0,0.0004450280040740386
24300,0,0.000839722504247471
24301,0,0.016342594399173738
24302,1,0.6466024384167733
24303,1,0.6646648966827962
24304,0,0.016087808405378268
24305,0,0.001966851177843227
24306,0,0.0025477496394732636
24307,0,0.01736742297587009
24308,0,0.30181009976146794
24309,0,0.002593026014310394
24310,0,0.38071837058821556
24311,0,0.028195873936680927
24312,0,0.06714768144485284
24313,0,0.0005081405393841611
24314,0,0.13034698901620165
24315,0,0.001247211850713753
24316,0,0.029522411671685487
24317,0,6.529331443341789e-07
24318,0,0.19339011521071756
24319,1,0.07338831626864528
24320,0,4.3674865007264766e-05
24321,0,0.01979126260082316
24322,0,0.0014648999591305722
24323,1,0.46187768151705455
24324,0,0.012755275589466456
24325,0,0.037103110576723865
24326,0,0.006421813626619906
24327,0,0.00017593231984378745
24328,0,0.015228625889717271
24329,1,0.8742884124041638
24330,0,0.0335748695192499
24331,0,0.14633522431119791
24332,1,0.9208482371102047
24333,0,0.30819694566782363
24334,0,0.05689428657005949
24335,0,0.013325889749882844
24336,0,0.021860208923487348
24337,1,0.0037865713482030283
24338,0,0.024783324994570626
24339,0,0.01576406581832029
24340,0,0.03216214403150139
24341,0,0.0006944403016087181
24342,0,0.33903189310031717
24343,0,0.002243236514027195
24344,0,0.008410713713062987
24345,0,0.33630465942540594
24346,0,0.22875606748627936
24347,0,0.0032521766775887428
24348,0,0.01759750701367916
24349,0,0.07465543289986072
24350,0,0.15908085339243494
24351,0,0.008997828012958122
24352,0,0.31509073302955504
24353,0,0.002881720639893073
24354,1,0.8695413176824258
24355,0,0.0016665775686971025
24356,0,0.0041293908298683825
24357,0,0.18973547665081109
24358,0,0.4557998860157978
24359,0,0.0016041579731371873
24360,0,0.3030971225279043
24361,0,0.20390115722735125
24362,0,0.0002068339526107099
24363,1,0.911153896821825
24364,0,0.03902609088551095
24365,0,0.9343935496737429
24366,0,0.0007096883735168939
24367,0,0.01632782310513336
24368,0,0.002746521477695305
24369,0,0.0001994839634712247
24370,1,0.6609049906423915
24371,0,0.0009893678525081545
24372,0,0.06811544420992242
24373,0,0.011646360473087867
24374,0,0.014624116657627846
24375,0,0.004848708190834286
24376,0,0.06969881802766825
24377,0,0.21471256044514675
24378,0,0.022558063414681355
24379,0,0.011164263406584277
24380,0,0.3039725257411462
24381,0,0.0003172765761450351
24382,0,0.04842605092093601
24383,1,0.7705432892306276
24384,0,0.0009132694887812418
24385,0,0.051069168221998765
24386,0,0.001528937505798912
24387,0,0.12168369854919278
24388,0,0.0005178410161092394
24389,0,0.08317007752255767
24390,0,0.053605610895582745
24391,0,0.020650118601430362
24392,0,1.3624686222958315e-05
24393,0,0.12059320807068066
24394,0,0.009091568703380565
24395,0,0.16131635708677833
24396,0,0.08979164998215156
24397,0,0.7569469093979655
24398,0,1.8198721888521915e-05
24399,0,0.000713644617981055
24400,0,0.06433252978783482
24401,0,0.0067925342140673665
24402,1,0.18963732405224915
24403,0,0.08969020075825919
24404,0,0.03721077592357926
24405,1,0.8510330649374278
24406,0,0.20179719084771505
24407,0,0.12299985150315194
24408,0,0.007090847309758741
24409,0,0.002192170380549535
24410,1,0.8682124985354175
24411,0,0.08357278525703644
24412,0,0.0032114429925966252
24413,0,0.0026157658379017583
24414,0,9.181503969551481e-05
24415,1,0.009933124158238684
24416,0,0.01836054750239698
24417,0,0.014315309156702162
24418,0,0.03954019924981732
24419,0,0.007662301494785344
24420,0,0.48535440336205327
24421,0,0.6021605270235137
24422,1,0.424101299234997
24423,0,0.0058308726868082
24424,1,0.5195346528761915
24425,0,0.010392000653489792
24426,0,0.0007526866759161871
24427,0,0.0014354863800038603
24428,0,0.11738022660298834
24429,0,0.06339698751277283
24430,0,0.014592706031235438
24431,0,0.03882795793789066
24432,0,0.20511902948602723
24433,1,0.8312821931600942
24434,0,0.00015204832420532053
24435,0,0.5676850414893313
24436,1,0.15869600672240725
24437,1,0.6823944812602151
24438,0,0.11135833905767865
24439,0,0.005204355285322882
24440,0,0.11403853470510791
24441,0,0.07084351621289178
24442,0,0.011378163923921871
24443,1,0.10744727228645103
24444,0,0.16181856787231097
24445,0,0.008647776602511825
24446,0,0.17097715712151965
24447,0,0.028962019369628264
24448,0,0.0037219965766626117
24449,0,0.48948039757732353
24450,0,0.6628993760807143
24451,0,0.0009675191677790106
24452,0,0.33522467421879004
24453,0,0.5248775099531876
24454,0,0.0036308261507911484
24455,0,0.0010549226940985666
24456,0,0.0015207417339916148
24457,0,0.015158679293684144
24458,1,0.8155181491213411
24459,1,0.539562532099294
24460,0,4.941247983552646e-05
24461,1,0.693303573964977
24462,0,0.0018490774373267594
24463,1,0.8759134283004075
24464,0,0.4454373786996503
24465,0,0.0002333409472015626
24466,0,0.008728827832128123
24467,0,0.025272334070609723
24468,0,0.0027353430989046443
24469,1,0.6493327988667398
24470,1,0.8040101694161075
24471,0,0.043831494393259826
