id,y_true,p_right
0,1,0.6926746530421072
1,0,0.553451293583888
2,1,0.5971681212961787
3,0,0.21263353773766824
4,0,0.02788081742654407
5,0,0.009863820228662683
6,0,0.07144443683611369
7,0,0.12019349252783475
8,0,0.0004208754208754209
9,0,0.009081160170079768
10,0,0.19223338296938133
11,0,0.010599399013021954
12,0,0.0009602497466575137
13,0,0.10509450632671735
14,0,0.05220733387010418
15,0,0.008345581385720497
16,0,0.5264109869517446
17,0,0.20992058990697773
18,0,0.002547551333959101
19,1,0.5575258354482978
20,0,0.0009602497466575137
21,0,0.06009525439801735
22,0,0.11125866722509191
23,1,0.719939177494454
24,0,0.0009602497466575137
25,0,0.4846130337150707
26,0,0.42350512856421424
27,0,0.5121715672309438
28,1,0.46406212702978084
29,0,0.2966849087893864
30,1,0.6554761077929987
31,0,0.4341305584943591
32,0,0.5795260091844139
33,0,0.05220733387010418
34,0,0.457642362364427
35,1,0.29288745844238523
36,0,0.008345581385720497
37,0,0.16938258899552427
38,0,0.0005393743257820928
39,0,0.15483133218982273
40,0,0.044821886322384825
41,0,0.19801691335604388
42,0,0.020342883648902573
43,1,0.521257680351888
44,0,0.5008820608144328
45,0,0.08262434286457228
46,1,0.7048100001693564
47,0,0.1347367018754264
48,1,0.5820476493318137
49,1,0.27602703248400856
50,0,0.4615712341654603
51,1,0.32320087673105885
52,0,0.43419520789288235
53,1,0.6764997901569357
54,0,0.0005393743257820928
55,0,0.009081160170079768
56,0,0.5599673767884303
57,0,0.5326112103299013
58,0,0.5010277308778092
59,0,0.2929698998243365
60,0,0.40307062876830324
61,0,0.03515957688176737
62,0,0.25481515897007895
63,1,0.6589787326734192
64,0,0.0009602497466575137
65,1,0.788322908438254
66,0,0.003283130118318373
67,0,0.06325422345672833
68,0,0.4140612210521403
69,0,0.028517917570205154
70,0,0.0
71,0,0.12346988698516485
72,0,0.5903714767741369
73,1,0.46406212702978084
74,0,0.0004208754208754209
75,0,0.28701854880058747
76,0,0.2982256618544476
77,0,0.1052549045256493
78,0,0.0
79,0,0.07698497783420566
80,1,0.3405350109085165
81,1,0.7080987429788795
82,1,0.5380082766943212
83,0,0.06838268787278237
84,0,0.09159661663494058
85,0,0.44518476380099076
86,0,0.3007669370699779
87,1,0.44314221926338376
88,1,0.37792086187768076
89,0,0.3138267887277512
90,0,0.0
91,0,0.475125808569792
92,0,0.21281697410885178
93,0,0.41013234925110703
94,0,0.0009602497466575137
95,0,0.3380403635076124
96,0,0.4006493141730756
97,1,0.5877858902730849
98,0,0.0
99,0,0.2540889819014567
100,1,0.5742764317907308
101,0,0.01005860983142221
102,0,0.6209925958190677
103,0,0.10458362962195357
104,1,0.4415018967232415
105,1,0.811706885791554
106,0,0.4867759849889968
107,0,0.026671014714979135
108,1,0.7771829702864186
109,0,0.18761944548956513
110,0,0.01877443293432453
111,0,0.10407507147520316
112,0,0.036361294500490776
113,1,0.26116780148475677
114,0,0.31181648074664026
115,0,0.06529454622443082
116,1,0.37569963369963366
117,0,0.0588489931816664
118,0,0.21343509562249566
119,1,0.5281980460341117
120,0,0.11125866722509191
121,0,0.5577578042216408
122,0,0.4770575932139833
123,1,0.29313662715061634
124,1,0.701320655274368
125,1,0.814170653907496
126,0,0.6003511473912567
127,0,0.4032916446394905
128,0,0.633756845287519
129,0,0.171145369643013
130,0,0.473657848324515
131,0,0.12524668612554424
132,0,0.5971681212961787
133,1,0.5307592049527534
134,0,0.0005393743257820928
135,1,0.614421020112077
136,0,0.028517917570205154
137,1,0.4494199176972605
138,0,0.37437161177597017
139,1,0.2667804093402604
140,0,0.4153872142129023
141,0,0.0004208754208754209
142,1,0.5971681212961787
143,0,0.47014474019233404
144,0,0.11888949859567745
145,0,0.37117475499131486
146,0,0.11777080783353733
147,0,0.18154283750949174
148,0,0.0009602497466575137
149,0,0.202419506242373
150,0,0.10934208358151322
151,0,0.0009602497466575137
152,0,0.01112950002733712
153,0,0.0588489931816664
154,1,0.5804175249537455
155,1,0.6261966707857998
156,0,0.05220733387010418
157,1,0.6232428368967046
158,1,0.8359800362976406
159,1,0.6170299859835249
160,0,0.09406700673516817
161,0,0.011440336568935354
162,0,0.10070866604673039
163,0,0.11440924770189893
164,1,0.811706885791554
165,0,0.37117475499131486
166,0,0.08383569227720489
167,0,0.13175243799992695
168,1,0.5093670437229468
169,0,0.05610062069253857
170,0,0.1428163031936617
171,0,0.006218905472636815
172,1,0.5742764317907308
173,0,0.0
174,0,0.42440701950379367
175,0,0.1553062045821743
176,1,0.410591039363631
177,0,0.17584128044174793
178,0,0.2475213678166479
179,1,0.5503717223780221
180,0,0.010599399013021954
181,0,0.45419176294004604
182,0,0.010599399013021954
183,1,0.7030066623683645
184,0,0.479850935922038
185,0,0.0005393743257820928
186,0,0.09739128854025673
187,0,0.036361294500490776
188,1,0.6094508845290111
189,0,0.020342883648902573
190,1,0.5146624600952643
191,1,0.6475201595514427
192,0,0.009081160170079768
193,0,0.03600051443768077
194,0,0.0
195,0,0.3036906218194897
196,0,0.15502694859038144
197,1,0.6232428368967046
198,1,0.5742764317907308
199,1,0.4770575932139833
200,1,0.3948166605143349
201,0,0.002547551333959101
202,0,0.7084068096874757
203,0,0.45779509588837164
204,0,0.4632070076497534
205,0,0.011440336568935354
206,0,0.03605585134784665
207,1,0.4733686498445621
208,0,0.0803023553406793
209,0,0.04606814753873578
210,1,0.6586609336609336
211,0,0.06958336265319083
212,0,0.04148770794784393
213,1,0.3990828055744447
214,0,0.577557109480442
215,1,0.5456845115101996
216,0,0.11235280590332027
217,1,0.818611615245009
218,0,0.39097127323738107
219,0,0.19741777960517962
220,1,0.41971933236201925
221,1,0.6884176755144497
222,0,0.5627118776763508
223,0,0.3090167671619822
224,0,0.02510256400040109
225,0,0.004260579779660814
226,0,0.008541785844297675
227,1,0.4676318402260664
228,0,0.36028624808542525
229,1,0.8202568041277719
230,0,0.02915390709508357
231,1,0.6418177340259106
232,0,0.24168766604504435
233,0,0.2998885883655423
234,0,0.19801691335604388
235,0,0.07181079250395123
236,0,0.16315459867102625
237,0,0.4789820233220616
238,1,0.5649745080641786
239,0,0.22221571155123243
240,0,0.002547551333959101
241,0,0.003283130118318373
242,0,0.4996178235205225
243,0,0.08216751999395631
244,1,0.457642362364427
245,0,0.4841314644719996
246,0,0.12019349252783475
247,0,0.0588489931816664
248,0,0.002929783739838253
249,1,0.4219883731095376
250,0,0.43549810844892817
251,0,0.1735097912514362
252,0,0.13962775408670933
253,0,0.0004208754208754209
254,1,0.457642362364427
255,1,0.8528126583934207
256,0,0.4681089681774349
257,0,0.014281140267544878
258,0,0.26313901506957965
259,0,0.0024784885895997007
260,0,0.5245794851202428
261,0,0.46013325522874754
262,0,0.0440322999488016
263,0,0.43516547513856535
264,0,0.002547551333959101
265,0,0.5449051706219598
266,0,0.012417786230277797
267,1,0.5887865932768767
268,0,0.08913303693570451
269,1,0.5555809535317732
270,1,0.4341305584943591
271,0,0.04940227471187223
272,0,0.29876308908004434
273,0,0.09707945106175747
274,0,0.1735097912514362
275,1,0.5951992215922068
276,0,0.47552854122621563
277,1,0.6526003276003276
278,0,0.003283130118318373
279,0,0.14223565465207622
280,0,0.026671014714979135
281,0,0.06009525439801735
282,0,0.05678772225959159
283,1,0.6083088954056696
284,0,0.650494531292093
285,1,0.769229377215879
286,0,0.41261978787885917
287,0,0.37143049848741133
288,1,0.5166313597992361
289,0,0.32356102102609713
290,0,0.010599399013021954
291,1,0.5083292953613844
292,0,0.0040657901769012884
293,0,0.03174422331196331
294,0,0.05146354563394704
295,0,0.021105337713440236
296,0,0.002547551333959101
297,0,0.05038840135977235
298,0,0.34949790684387844
299,0,0.3431521642562368
300,0,0.4122025121756024
301,0,0.28701854880058747
302,0,0.03122220916338564
303,0,0.4469522830357589
304,0,0.5752068219434295
305,0,0.3361046429600485
306,0,0.06342938157115381
307,0,0.0009602497466575137
308,1,0.36332909486463577
309,0,0.45094580423531544
310,0,0.5599673767884303
311,0,0.12338030549486949
312,0,0.01454485359714118
313,0,0.47608590566032877
314,0,0.500467674307386
315,1,0.3805723879183595
316,0,0.044821886322384825
317,0,0.08873302529585016
318,0,0.553451293583888
319,0,0.0
320,0,0.0281862605791882
321,0,0.21889358208892515
322,0,0.7427872419090219
323,0,0.24405272019783553
324,1,0.6002696396553008
325,1,0.8479729729729729
326,0,0.07181079250395123
327,0,0.3756356511029
328,0,0.026671014714979135
329,0,0.002547551333959101
330,0,0.07808609614767592
331,0,0.06504511593629446
332,1,0.5358959952944571
333,0,0.5177783272202423
334,1,0.2915783412863132
335,0,0.45778698253518396
336,0,0.010599399013021954
337,0,0.17864645330761775
338,1,0.6246284700459949
339,1,0.00480136896126056
340,0,0.0
341,0,0.02510256400040109
342,0,0.07330885956659527
343,0,0.1136013302915566
344,0,0.003283130118318373
345,0,0.03515957688176737
346,0,0.36031019477956233
347,0,0.049768630379709765
348,0,0.4996178235205225
349,0,0.026671014714979135
350,1,0.788419953012076
351,1,0.5642323828486099
352,0,0.23837371752863754
353,1,0.7089694727522028
354,0,0.07645024472948554
355,0,0.0005393743257820928
356,0,0.1556450701040253
357,1,0.82669938953968
358,0,0.0632209689925787
359,0,0.04148770794784393
360,1,0.3036906218194897
361,1,0.3434946053764903
362,0,0.28082790176381445
363,0,0.15002522195318804
364,0,0.0024784885895997007
365,0,0.15185358841447036
366,0,0.49553292920680675
367,0,0.22610339851719163
368,0,0.17867388597279357
369,0,0.35647471647471646
370,0,0.01454485359714118
371,0,0.05987482106962819
372,0,0.4445222175645247
373,1,0.31164141681347535
374,0,0.2982256618544476
375,0,0.009081160170079768
376,0,0.0004208754208754209
377,0,0.16614364300581963
378,0,0.6144039715462494
379,1,0.701320655274368
380,0,0.020342883648902573
381,0,0.010599399013021954
382,0,0.5380082766943212
383,0,0.07572196695119189
384,0,0.043352872601120945
385,1,0.514839367875188
386,0,0.12075466324895447
387,1,0.3192999759529146
388,0,0.5644944912485792
389,0,0.11679649071029036
390,0,0.06531331704599032
391,1,0.020342883648902573
392,1,0.481222343088068
393,0,0.0440322999488016
394,0,0.0
395,1,0.1117361656382796
396,1,0.2706138702685192
397,0,0.5504101339707447
398,0,0.3517241803303885
399,1,0.21281697410885178
400,0,0.4328446085026621
401,0,0.009081160170079768
402,0,0.6107536538962329
403,0,0.012417786230277797
404,1,0.818611615245009
405,0,0.016927530079098512
406,1,0.4739094436333365
407,0,0.3454127081922125
408,0,0.010599399013021954
409,0,0.002547551333959101
410,0,0.011440336568935354
411,0,0.0009602497466575137
412,1,0.7713965831292006
413,0,0.005778818622603001
414,1,0.5347317975374831
415,0,0.35955179743159316
416,0,0.0004208754208754209
417,1,0.3315778370040045
418,1,0.4846130337150707
419,0,0.08383569227720489
420,0,0.553451293583888
421,0,0.002547551333959101
422,0,0.034056462262698484
423,0,0.37330983240753923
424,1,0.7931414451158613
425,0,0.05146354563394704
426,0,0.044821886322384825
427,1,0.7899393438103116
428,1,0.6189236496557201
429,1,0.24643734643734647
430,0,0.4251888851888852
431,0,0.05604393402343446
432,0,0.18216095902313567
433,1,0.50391885431728
434,0,0.05270980685029799
435,1,0.6450736012880226
436,1,0.6735948751519686
437,0,0.17916156419883714
438,0,0.028258706560506205
439,1,0.27694461276781246
440,1,0.530161353502379
441,0,0.3495757575757576
442,0,0.12757894007555412
443,0,0.0
444,1,0.22929104995540386
445,0,0.21912576912576912
446,0,0.3209359112292471
447,1,0.6296305843984557
448,1,0.4530125833531185
449,0,0.0009602497466575137
450,0,0.1899621212121212
451,0,0.06071415783494341
452,0,0.48593491262352356
453,0,0.3929690998656516
454,0,0.45729070561549867
455,0,0.03174422331196331
456,0,0.0009602497466575137
457,1,0.46013325522874754
458,0,0.5070883369384153
459,1,0.8657616976582494
460,0,0.4122025121756024
461,0,0.04148770794784393
462,1,0.8302930181333085
463,0,0.13400422131765413
464,0,0.08873302529585016
465,0,0.3249387254901961
466,0,0.026671014714979135
467,0,0.4956750298685783
468,1,0.5804175249537455
469,0,0.48118641463039796
470,0,0.4525655782632527
471,1,0.6189236496557201
472,1,0.5626496164130573
473,0,0.006758279798418909
474,0,0.18761944548956513
475,1,0.24441769110360023
476,0,0.0
477,0,0.14099269661544492
478,0,0.0
479,0,0.3827825981285697
480,0,0.05604393402343446
481,0,0.003283130118318373
482,0,0.05715407792742911
483,0,0.00880661965567626
484,0,0.0005393743257820928
485,0,0.09336938696832087
486,0,0.044410189082763736
487,0,0.013026614754198994
488,0,0.42049765952204976
489,1,0.6466494297781195
490,0,0.035068776878440455
491,0,0.18154283750949174
492,1,0.7207107486993635
493,0,0.0
494,0,0.5101426449068954
495,0,0.019615370490237934
496,0,0.013026614754198994
497,0,0.2787347422116961
498,1,0.49187640491222506
499,1,0.5358959952944571
500,0,0.1201357598120284
501,0,0.025416092245886753
502,1,0.3492367044087629
503,1,0.6003511473912567
504,1,0.5636363636363636
505,0,0.553451293583888
506,1,0.6864649518909
507,0,0.0009602497466575137
508,0,0.059210358464089806
509,0,0.2978489071165587
510,0,0.0009602497466575137
511,0,0.49958075014238057
512,0,0.3556412859749798
513,0,0.5153161880631866
514,0,0.044821886322384825
515,0,0.0
516,1,0.6509686170191039
517,1,0.4782173341766551
518,0,0.10366168396547626
519,0,0.03484604863628171
520,1,0.5735845168957124
521,0,0.010599399013021954
522,1,0.564082992294847
523,0,0.049768630379709765
524,0,0.42708831694962596
525,0,0.05715407792742911
526,0,0.05604393402343446
527,0,0.6034026328749851
528,0,0.0600651007820427
529,0,0.09707945106175747
530,0,0.04300295381205299
531,0,0.15104334849569512
532,1,0.3777050121022345
533,0,0.0056423065171739605
534,0,0.6509686170191039
535,0,0.05038840135977235
536,0,0.02935885512611856
537,0,0.04148770794784393
538,1,0.521257680351888
539,0,0.020342883648902573
540,0,0.003283130118318373
541,0,0.019751882595666976
542,1,0.521257680351888
543,1,0.5840165490357855
544,1,0.4770575932139833
545,0,0.08134757774813081
546,1,0.29541180221457203
547,0,0.00480136896126056
548,1,0.6282570986746235
549,0,0.03664685240108225
550,0,0.32603777251472643
551,0,0.48800737071668054
552,0,0.6037550036050819
553,1,0.521257680351888
554,0,0.3114983272869107
555,0,0.45505647112757314
556,0,0.044821886322384825
557,0,0.0
558,1,0.4795484860783037
559,0,0.021478724527505016
560,0,0.07661713362781647
561,1,0.6286637669007749
562,0,0.1557461751393409
563,0,0.07350570775818852
564,0,0.2766210809341087
565,0,0.00480136896126056
566,0,0.250770333618278
567,0,0.16614364300581963
568,0,0.302407174872251
569,1,0.6221066757507984
570,0,0.0
571,0,0.1444519138450796
572,0,0.0
573,0,0.6901731601731601
574,0,0.0004208754208754209
575,1,0.7096143656170303
576,1,0.6583333333333333
577,0,0.06342938157115381
578,0,0.00480136896126056
579,0,0.15851973237210434
580,1,0.31729182543704043
581,0,0.5194393286467244
582,0,0.12796484396495078
583,1,0.5723075320867591
584,0,0.003283130118318373
585,0,0.002547551333959101
586,0,0.6709191246825655
587,0,0.15269572369721846
588,0,0.07804395447508487
589,0,0.08672772765675867
590,1,0.8081550976068276
591,0,0.036361294500490776
592,0,0.09849240685372701
593,0,0.026903367765201625
594,0,0.4829527515452796
595,0,0.43249624082103394
596,1,0.5358959952944571
597,0,0.1743139628732849
598,0,0.12833349279244802
599,0,0.37165792165792166
600,1,0.5620553944948409
601,0,0.30245775425100946
602,0,0.0588489931816664
603,0,0.41169126903724057
604,1,0.6207304874190984
605,0,0.026903367765201625
606,0,0.03495193714684496
607,1,0.6431047015840508
608,0,0.11876542501291397
609,0,0.4353633752246842
610,1,0.6012815375439554
611,0,0.00480136896126056
612,0,0.016927530079098512
613,1,0.7839253187613844
614,0,0.0005393743257820928
615,0,0.4725814959509227
616,1,0.6946360330988375
617,0,0.1117361656382796
618,1,0.7096143656170303
619,1,0.4826004132274025
620,0,0.15063869536313823
621,0,0.008345581385720497
622,1,0.6709191246825655
623,0,0.259494929277373
624,1,0.3522609523553199
625,0,0.018442775943307576
626,0,0.5563898817264913
627,0,0.0
628,0,0.479850935922038
629,1,0.06009525439801735
630,0,0.19723434323399613
631,0,0.6049393388372615
632,0,0.28763487562126344
633,0,0.7427894068605972
634,0,0.22929104995540386
635,1,0.6065834943573916
636,0,0.17913065599283262
637,0,0.0
638,0,0.22929104995540386
639,0,0.06071415783494341
640,1,0.8239714602158381
641,1,0.3453623744664471
642,1,0.6392046817663122
643,0,0.0040657901769012884
644,0,0.0020576131687242796
645,0,0.4615712341654603
646,0,0.03122220916338564
647,0,0.3849176755447942
648,0,0.4041027358023162
649,0,0.0009602497466575137
650,0,0.0
651,1,0.36865208434975877
652,0,0.46286376663635836
653,0,0.009081160170079768
654,0,0.5742764317907308
655,0,0.1117361656382796
656,1,0.5960319601502725
657,0,0.05604393402343446
658,0,0.017256194091382345
659,0,0.028517917570205154
660,0,0.002547551333959101
661,0,0.07350570775818852
662,0,0.0588489931816664
663,1,0.553451293583888
664,1,0.484640692640546
665,0,0.0
666,0,0.4262878758661473
667,0,0.43419520789288235
668,1,0.6956735333132021
669,0,0.0
670,0,0.007505660554441042
671,1,0.5049566026788425
672,1,0.7022037272477982
673,0,0.10012843810292997
674,1,0.3451873105332821
675,0,0.43249624082103394
676,0,0.5514823938799162
677,0,0.05790909867671148
678,1,0.5354875983021071
679,1,0.33357946739602723
680,1,0.8387551084919506
681,1,0.5380082766943212
682,0,0.2796130909161318
683,0,0.020342883648902573
684,0,0.580210052198873
685,1,0.3025587492402417
686,0,0.029097833500409676
687,0,0.065169133192389
688,0,0.010599399013021954
689,0,0.46483206565775365
690,0,0.026671014714979135
691,0,0.6240038177046051
692,1,0.6053715325789569
693,0,0.18177920508516474
694,0,0.18154283750949174
695,1,0.3307319147459039
696,0,0.01005860983142221
697,0,0.03484604863628171
698,0,0.07448387456757057
699,1,0.4688013922453757
700,0,0.010599399013021954
701,0,0.0004208754208754209
702,0,0.0830523442024759
703,1,0.7080047789725209
704,1,0.48258144732964875
705,1,0.6298988334356864
706,0,0.00480136896126056
707,0,0.302407174872251
708,1,0.4313646599673216
709,0,0.01877443293432453
710,0,0.05901924258070612
711,0,0.009081160170079768
712,0,0.33740420819490585
713,0,0.07719403296564267
714,1,0.21343509562249566
715,0,0.6221066757507984
716,0,0.553451293583888
717,0,0.4032880459151646
718,0,0.0009602497466575137
719,0,0.0009602497466575137
720,0,0.05604393402343446
721,0,0.017256194091382345
722,0,0.44714285310217394
723,0,0.04606814753873578
724,1,0.7175042977045202
725,0,0.044821886322384825
726,0,0.3195116271506163
727,1,0.5971681212961787
728,0,0.0350784016865042
729,0,0.3610161822862527
730,1,0.5795260091844139
731,0,0.044821886322384825
732,1,0.7662593133701164
733,0,0.00480136896126056
734,0,0.17067555273882037
735,1,0.4265234812455459
736,1,0.4492025005503992
737,1,0.45355942328331617
738,1,0.7055996066138054
739,1,0.7874755756943695
740,1,0.4687950853322385
741,1,0.5960319601502725
742,1,0.3249799664894004
743,0,0.002547551333959101
744,0,0.22251776319572927
745,0,0.13985972176083256
746,1,0.905444237340789
747,0,0.4322718496178212
748,0,0.1136013302915566
749,1,0.36541638978019036
750,0,0.002547551333959101
751,0,0.01877443293432453
752,1,0.367457141805232
753,1,0.45355942328331617
754,1,0.3827825981285697
755,1,0.6177091193421038
756,0,0.49101169672469797
757,0,0.49989162635524503
758,0,0.3025587492402417
759,1,0.8109168741567094
760,0,0.18917574745782043
761,1,0.3172838746298462
762,0,0.40521431879225717
763,1,0.43757302492220823
764,0,0.5380082766943212
765,1,0.5455409015912147
766,1,0.7373401457394296
767,1,0.6668291296475641
768,0,0.3761614401858304
769,0,0.0005393743257820928
770,0,0.5814709472966354
771,0,0.002547551333959101
772,1,0.4373486337189955
773,1,0.7560853462995976
774,0,0.5104269275742541
775,0,0.0888813928987302
776,0,0.003283130118318373
777,0,0.21889358208892515
778,0,0.00480136896126056
779,0,0.4122025121756024
780,0,0.050512418615866896
781,0,0.052781033441180125
782,0,0.027728331196621925
783,0,0.00480136896126056
784,0,0.06574612926508877
785,0,0.05270980685029799
786,0,0.02510256400040109
787,0,0.22910761358422038
788,0,0.34121140867865757
789,0,0.32443877246271013
790,0,0.6391386315321407
791,1,0.30512683833579357
792,1,0.3747608799617408
793,1,0.8381166312200795
794,0,0.022388230527426802
795,1,0.07995126080095294
796,0,0.003283130118318373
797,0,0.24801924456258043
798,1,0.23837371752863754
799,0,0.00480136896126056
800,0,0.0009602497466575137
801,0,0.12533505163846784
802,0,0.5723075320867591
803,1,0.4261586518563263
804,1,0.43516547513856535
805,1,0.6679803143047899
806,1,0.4611743056126561
807,1,0.6450736012880226
808,1,0.731589347031175
809,1,0.6703587104440994
810,0,0.009863820228662683
811,0,0.05604393402343446
812,0,0.07831540938276256
813,1,0.7723513024045362
814,0,0.41013234925110703
815,0,0.3060052459916338
816,0,0.3679448072248645
817,0,0.0
818,0,0.6286637669007749
819,1,0.521257680351888
820,0,0.0004208754208754209
821,1,0.6431047015840508
822,0,0.4189608338323483
823,0,0.2540889819014567
824,1,0.7212711629378296
825,0,0.0004208754208754209
826,1,0.379999122345094
827,1,0.35359379474221786
828,1,0.7308847157698822
829,0,0.4062297526001144
830,0,0.03484604863628171
831,1,0.6990542681719152
832,0,0.14009886376583425
833,0,0.11200292734099167
834,0,0.07995126080095294
835,0,0.22894226580268048
836,0,0.47961436297879145
837,1,0.32409356946707507
838,0,0.15420147689226824
839,0,0.0005393743257820928
840,0,0.02935885512611856
841,0,0.08072101133209071
842,0,0.0281862605791882
843,0,0.4415018967232415
844,1,0.5481624826889582
845,0,0.18556445461479787
846,0,0.171145369643013
847,0,0.20485069787395369
848,0,0.07995126080095294
849,0,0.04122724079056966
850,0,0.20236704003520148
851,0,0.5632682736703244
852,0,0.10477657942520964
853,0,0.5575258354482978
854,1,0.7025117939563943
855,0,0.04148770794784393
856,0,0.07995126080095294
857,0,0.002547551333959101
858,1,0.5152149728420915
859,1,0.7365332428765264
860,0,0.30924775707384405
861,0,0.02935885512611856
862,0,0.012417786230277797
863,0,0.14223565465207622
864,1,0.5334562073589063
865,0,0.06342938157115381
866,0,0.45778698253518396
867,0,0.0
868,0,0.36028624808542525
869,0,0.07808609614767592
870,0,0.0
871,1,0.5032600155725374
872,0,0.22894226580268048
873,0,0.2540889819014567
874,0,0.240822403135836
875,0,0.033259469176172375
876,0,0.38270746533458394
877,0,0.0
878,0,0.5380082766943212
879,0,0.028517917570205154
880,0,0.47588160933441603
881,0,0.34732806630474916
882,0,0.34907334964960146
883,0,0.40675453222178115
884,1,0.5101426449068954
885,0,0.07645024472948554
886,0,0.18177920508516474
887,0,0.171145369643013
888,1,0.46186773966218836
889,1,0.650494531292093
890,0,0.5230279046139253
891,0,0.00480136896126056
892,0,0.4030763267740012
893,0,0.11936050061050062
894,0,0.009081160170079768
895,0,0.021183821204815975
896,0,0.03664685240108225
897,0,0.0281862605791882
898,0,0.00480136896126056
899,0,0.24168766604504435
900,1,0.8657616976582494
901,0,0.1806631242088341
902,0,0.0040657901769012884
903,0,0.09215634199017382
904,1,0.6232428368967046
905,0,0.026671014714979135
906,0,0.04148770794784393
907,0,0.5849081305016899
908,1,0.5927002881865779
909,1,0.4697165609447234
910,0,0.3098126327567067
911,0,0.05840345662473224
912,0,0.44010797969981647
913,1,0.3447777777777778
914,0,0.35467990214497824
915,1,0.7940842520609296
916,0,0.367457141805232
917,0,0.06342938157115381
918,0,0.3403222381483251
919,0,0.30790378401336144
920,0,0.08134757774813081
921,0,0.14490873671569557
922,0,0.05956129282414253
923,1,0.7137027846705265
924,0,0.44968090013961576
925,0,0.5153161880631866
926,0,0.0005393743257820928
927,0,0.00480136896126056
928,0,0.03484604863628171
929,0,0.036361294500490776
930,0,0.04122724079056966
931,0,0.06980858541792333
932,1,0.6466494297781195
933,0,0.15822021116138762
934,0,0.019615370490237934
935,0,0.0
936,0,0.05038840135977235
937,1,0.5018037160855041
938,0,0.49187783858551226
939,0,0.17633695034824978
940,0,0.002547551333959101
941,0,0.03664685240108225
942,0,0.0005393743257820928
943,0,0.021183821204815975
944,0,0.514839367875188
945,0,0.0
946,1,0.605772077395327
947,0,0.3042081949058693
948,0,0.002547551333959101
949,0,0.028517917570205154
950,1,0.6135434490842068
951,1,0.4490837115520852
952,0,0.5572499185402412
953,0,0.1274021218446638
954,0,0.06009525439801735
955,0,0.43249624082103394
956,0,0.4119156602404533
957,0,0.0009602497466575137
958,1,0.675245939673842
959,0,0.1604420859380758
960,0,0.06574612926508877
961,0,0.1117361656382796
962,0,0.0005393743257820928
963,0,0.2305852142864362
964,0,0.09674808056081007
965,0,0.016927530079098512
966,0,0.0
967,0,0.06342938157115381
968,0,0.2228148453020967
969,0,0.4071872438209165
970,0,0.4753703661960543
971,0,0.535826928883024
972,1,0.5603481875115267
973,0,0.14223565465207622
974,0,0.3571069147459039
975,0,0.3338761140489274
976,1,0.5383868881587777
977,0,0.002547551333959101
978,0,0.036361294500490776
979,1,0.5723075320867591
980,0,0.3007669370699779
981,0,0.13120815506052702
982,0,0.0009602497466575137
983,0,0.04940227471187223
984,1,0.5475098012951866
985,0,0.0024784885895997007
986,0,0.018824644805960387
987,0,0.026999678727262968
988,0,0.05121065051806823
989,0,0.2279762496621588
990,0,0.5742764317907308
991,1,0.5163684198629556
992,0,0.5935415419943487
993,1,0.6287390029325514
994,0,0.03484604863628171
995,0,0.0
996,0,0.08072101133209071
997,0,0.19801691335604388
998,0,0.685180164251026
999,0,0.0
1000,1,0.2228148453020967
1001,0,0.37908414332666657
1002,0,0.0
1003,0,0.0009602497466575137
1004,1,0.34837658690034834
1005,0,0.5477819146218015
1006,0,0.558833414901164
1007,0,0.13564415399202298
1008,0,0.14490873671569557
1009,0,0.003283130118318373
1010,1,0.2747311093922738
1011,0,0.05220733387010418
1012,1,0.8024680794424954
1013,0,0.08258617598536773
1014,1,0.3019696377928375
1015,0,0.23941684627115867
1016,1,0.1934465140604256
1017,0,0.19741777960517962
1018,0,0.021183821204815975
1019,1,0.3843019943019943
1020,0,0.47961436297879145
1021,0,0.8359800362976406
1022,1,0.5054381719219135
1023,0,0.44860373570050993
1024,1,0.7403238815032306
1025,1,0.5232653137905944
1026,0,0.6507031856470903
1027,0,0.12399879815803534
1028,0,0.002547551333959101
1029,0,0.43419520789288235
1030,1,0.5514823938799162
1031,0,0.036361294500490776
1032,1,0.3761614401858304
1033,0,0.013303690606202435
1034,1,0.3612197853469635
1035,1,0.5742764317907308
1036,0,0.028517917570205154
1037,0,0.09547983213379478
1038,1,0.5840165490357855
1039,0,0.0009602497466575137
1040,0,0.34479052846822505
1041,0,0.049768630379709765
1042,0,0.3365206361596253
1043,0,0.09385795160373116
1044,0,0.40137624255271315
1045,0,0.0740270516969546
1046,1,0.818611615245009
1047,0,0.05990784121519926
1048,1,0.6768141404136468
1049,0,0.21990590525635656
1050,0,0.028517917570205154
1051,0,0.010599399013021954
1052,0,0.12524668612554424
1053,1,0.5033349429496345
1054,0,0.009081160170079768
1055,1,0.44672330099517277
1056,1,0.40506949404815323
1057,0,0.018442775943307576
1058,0,0.46844849139931105
1059,0,0.13388922888616892
1060,0,0.00480136896126056
1061,0,0.19006322624743677
1062,0,0.028517917570205154
1063,0,0.20695889096918849
1064,0,0.27596900512392514
1065,0,0.24971558292453813
1066,0,0.0
1067,1,0.8311403508771931
1068,0,0.0359033651179245
1069,0,0.5594740298915547
1070,0,0.17991404043188772
1071,0,0.05146354563394704
1072,0,0.0803023553406793
1073,0,0.1425110452824934
1074,0,0.00274375579253628
1075,0,0.4122025121756024
1076,1,0.5742764317907308
1077,1,0.522013481116512
1078,1,0.7979811305363088
1079,0,0.0
1080,0,0.13050273024626283
1081,0,0.02935885512611856
1082,0,0.264137665615212
1083,0,0.41013234925110703
1084,1,0.4737774008472653
1085,0,0.003283130118318373
1086,1,0.650494531292093
1087,0,0.00480136896126056
1088,0,0.0009602497466575137
1089,0,0.0005393743257820928
1090,0,0.3317259704543465
1091,0,0.017256194091382345
1092,0,0.020342883648902573
1093,1,0.4371904494907018
1094,1,0.5154480463877817
1095,0,0.4122025121756024
1096,0,0.6708438886509277
1097,1,0.6865401879226765
1098,0,0.5033947230068346
1099,0,0.45505647112757314
1100,0,0.10303065357062337
1101,1,0.6442839948435736
1102,0,0.5176165217080068
1103,0,0.016927530079098512
1104,1,0.7612226160586818
1105,0,0.18612351831091833
1106,0,0.06107653868835159
1107,0,0.43078861201518065
1108,0,0.005778818622603001
1109,0,0.05220733387010418
1110,0,0.4511874369320286
1111,1,0.6627742946708465
1112,1,0.7645501683073771
1113,0,0.00480136896126056
1114,1,0.7004450491973092
1115,0,0.02510256400040109
1116,0,0.19610297931193454
1117,1,0.34010027391683373
1118,0,0.0005393743257820928
1119,0,0.10241542274912531
1120,0,0.08873302529585016
1121,0,0.08383569227720489
1122,0,0.00480136896126056
1123,0,0.002547551333959101
1124,0,0.18761944548956513
1125,0,0.10699581113861271
1126,0,0.08088789037356899
1127,0,0.6566485347929785
1128,1,0.5649745080641786
1129,0,0.31108203009280816
1130,0,0.003283130118318373
1131,0,0.16614364300581963
1132,0,0.11961841819904347
1133,0,0.41007590644626823
1134,0,0.4394166121648136
1135,0,0.0004208754208754209
1136,0,0.00480136896126056
1137,1,0.5742764317907308
1138,1,0.7520161995879547
1139,0,0.2508061986322856
1140,0,0.15502694859038144
1141,0,0.03702474153504439
1142,1,0.606174405372173
1143,1,0.32356102102609713
1144,0,0.3246650011355894
1145,0,0.03484604863628171
1146,1,0.5265035677879714
1147,0,0.1553062045821743
1148,0,0.023047175242083055
1149,1,0.6035558687979298
1150,0,0.06711833808808636
1151,0,0.41412587045066357
1152,0,0.4140612210521403
1153,0,0.0024784885895997007
1154,0,0.02510256400040109
1155,1,0.530161353502379
1156,0,0.04543705980904048
1157,1,0.5034503876062475
1158,0,0.233299295305661
1159,0,0.521257680351888
1160,1,0.4675645422531532
1161,0,0.002547551333959101
1162,1,0.7612226160586818
1163,0,0.03557170812690755
1164,1,0.4570634880228089
1165,0,0.010599399013021954
1166,1,0.488541905516104
1167,0,0.009863820228662683
1168,1,0.770549250385316
1169,1,0.670843888650789
1170,0,0.6921697722811745
1171,0,0.03272167297330575
1172,0,0.5010277308778092
1173,1,0.6482076518550682
1174,1,0.3420897573830932
1175,1,0.5759705869479582
1176,0,0.5320667844056196
1177,1,0.5371935580697985
1178,0,0.12796484396495078
1179,0,0.009081160170079768
1180,0,0.011440336568935354
1181,0,0.0
1182,0,0.5585561955874787
1183,0,0.17437568670501258
1184,1,0.6621239719600376
1185,0,0.4784585682313947
1186,0,0.4262878758661473
1187,0,0.5008820608144328
1188,0,0.026671014714979135
1189,0,0.07032656885598061
1190,1,0.8209663838066742
1191,0,0.5347317975374831
1192,1,0.19094157495187244
1193,0,0.29752519334839306
1194,0,0.03122220916338564
1195,0,0.03557170812690755
1196,1,0.10070866604673039
1197,1,0.6735948751519686
1198,0,0.4077882814859559
1199,1,0.4866997912638144
1200,1,0.8438036493844115
1201,0,0.41013234925110703
1202,1,0.46708244787106407
1203,0,0.002547551333959101
1204,0,0.5367006972414549
1205,1,0.5575258354482978
1206,0,0.2676480887521613
1207,0,0.01112950002733712
1208,1,0.4862398514819124
1209,0,0.06071415783494341
1210,0,0.1818984923034123
1211,0,0.0005393743257820928
1212,0,0.026671014714979135
1213,0,0.18917574745782043
1214,0,0.5056890785793173
1215,0,0.17927301972365783
1216,0,0.010599399013021954
1217,0,0.06953713051024564
1218,1,0.6189236496557201
1219,0,0.03515957688176737
1220,1,0.4172792962767767
1221,1,0.21150217381560665
1222,0,0.00480136896126056
1223,0,0.0004208754208754209
1224,1,0.7900022740248304
1225,1,0.8438036493844115
1226,0,0.020342883648902573
1227,0,0.016927530079098512
1228,0,0.002547551333959101
1229,0,0.0009602497466575137
1230,1,0.7368922261779405
1231,0,0.5260868116379692
1232,0,0.010599399013021954
1233,0,0.21041352944568437
1234,1,0.41487057911310243
1235,1,0.2304700971425576
1236,0,0.003283130118318373
1237,0,0.003283130118318373
1238,0,0.3343128307897847
1239,1,0.5217071990212756
1240,0,0.6212739371927328
1241,0,0.2218996416820854
1242,1,0.6793278808849744
1243,0,0.5575258354482978
1244,0,0.006758279798418909
1245,1,0.5322479979046756
1246,1,0.5804175249537455
1247,1,0.339171727429674
1248,0,0.45897499894808913
1249,0,0.0
1250,0,0.535664506082031
1251,0,0.22929104995540386
1252,0,0.0
1253,1,0.535347395730432
1254,1,0.4369406852654783
1255,0,0.14064588062921637
1256,0,0.11581758948455996
1257,1,0.48479487415657624
1258,0,0.002547551333959101
1259,1,0.4996178235205225
1260,0,0.3827825981285697
1261,0,0.37721145276292334
1262,0,0.47801943409053615
1263,0,0.0
1264,0,0.4487308107060206
1265,0,0.018442775943307576
1266,0,0.4193472747225948
1267,0,0.5166708697066899
1268,0,0.006218905472636815
1269,0,0.41587949494441867
1270,0,0.11888949859567745
1271,0,0.0
1272,0,0.05889756124727885
1273,0,0.4237056475862446
1274,1,0.2169746048976963
1275,1,0.5698036393502599
1276,1,0.28542466541105327
1277,0,0.06529454622443082
1278,1,0.6688397518927237
1279,1,0.16938258899552427
1280,0,0.002547551333959101
1281,1,0.7308002371435207
1282,0,0.0373021125641976
1283,1,0.6572602767964973
1284,0,0.020342883648902573
1285,0,0.16582074459409576
1286,1,0.7737513516908656
1287,1,0.42843416745855767
1288,0,0.003283130118318373
1289,0,0.4969531890133994
1290,1,0.5627118776763508
1291,0,0.08810645887981006
1292,1,0.7334968359362822
1293,1,0.21889358208892515
1294,0,0.33660613910748327
1295,0,0.33696151721946377
1296,1,0.49339204856446234
1297,1,0.670843888650789
1298,0,0.08383569227720489
1299,1,0.6799325466211575
1300,0,0.002547551333959101
1301,0,0.1784702258386469
1302,0,0.1633056098659289
1303,0,0.522013481116512
1304,1,0.7282917715244414
1305,0,0.003283130118318373
1306,0,0.03484604863628171
1307,1,0.5821789519028447
1308,0,0.10543625551995152
1309,0,0.10606282193599163
1310,0,0.27596900512392514
1311,0,0.4487355940251052
1312,1,0.6954256395432866
1313,1,0.614900606784648
1314,0,0.07742505103815882
1315,0,0.021478724527505016
1316,0,0.6865401879226765
1317,0,0.0056423065171739605
1318,0,0.010393921242977848
1319,0,0.46013325522874754
1320,0,0.0
1321,0,0.3803555855276441
1322,0,0.020342883648902573
1323,0,0.026903367765201625
1324,0,0.45616720850724674
1325,0,0.14032926203671578
1326,1,0.34010027391683373
1327,1,0.41013234925110703
1328,0,0.020342883648902573
1329,0,0.4341305584943591
1330,0,0.009081160170079768
1331,1,0.6336453434016805
1332,1,0.6689502249785937
1333,0,0.4458160442600277
1334,1,0.45419176294004604
1335,1,0.7839102849904108
1336,1,0.7529612089795407
1337,0,0.043126971068147536
1338,0,0.26884635103375104
1339,0,0.0
1340,0,0.06953713051024564
1341,0,0.13599403255435158
1342,1,0.5371935580697985
1343,0,0.0
1344,0,0.4302016866933258
1345,0,0.09547983213379478
1346,0,0.0
1347,0,0.02935885512611856
1348,0,0.2762766656925774
1349,1,0.4427944291941395
1350,0,0.26021640240204047
1351,1,0.5742764317907308
1352,0,0.42358468916262754
1353,1,0.38507590644626827
1354,1,0.44798339798515946
1355,0,0.5261085371080103
1356,0,0.5033947230068346
1357,0,0.7409226067482949
1358,0,0.19801691335604388
1359,0,0.03495193714684496
1360,0,0.028517917570205154
1361,0,0.026671014714979135
1362,0,0.09975059873639995
1363,0,0.050228422703429663
1364,0,0.18216095902313567
1365,0,0.0715531970491869
1366,0,0.06342938157115381
1367,1,0.40322640322640324
1368,0,0.12529176190133143
1369,0,0.07645024472948554
1370,1,0.5033947230068346
1371,1,0.5514823938799162
1372,1,0.6735948751519686
1373,0,0.24581922492370253
1374,0,0.028517917570205154
1375,0,0.5112890636113631
1376,1,0.6035558687979298
1377,0,0.003283130118318373
1378,0,0.25481515897007895
1379,1,0.7022037272477982
1380,1,0.58482796599785
1381,1,0.6926746530421072
1382,0,0.4835432347798247
1383,0,0.5784486252497737
1384,1,0.47351334695733033
1385,0,0.07883339282081986
1386,0,0.742787241909833
1387,0,0.23325829635005557
1388,0,0.09059818994912718
1389,1,0.6221066757507984
1390,0,0.07350570775818852
1391,1,0.5804175249537455
1392,1,0.4005526786214693
1393,0,0.016927530079098512
1394,0,0.2945073329842869
1395,0,0.10303065357062337
1396,0,0.2540889819014567
1397,1,0.6139772989096709
1398,1,0.4239653452442389
1399,0,0.00480136896126056
1400,1,0.05678772225959159
1401,0,0.42262131478744
1402,1,0.46406212702978084
1403,0,0.019615370490237934
1404,1,0.40240575638356396
1405,0,0.011576848674364397
1406,0,0.05146354563394704
1407,0,0.009081160170079768
1408,0,0.202042187110779
1409,0,0.043126971068147536
1410,0,0.0009602497466575137
1411,0,0.45505647112757314
1412,1,0.5275184444652969
1413,0,0.01724914519032166
1414,0,0.07537087241146552
1415,1,0.7048100001693564
1416,1,0.19801691335604388
1417,0,0.25825703354572166
1418,0,0.0009602497466575137
1419,0,0.4867759849889968
1420,0,0.020342883648902573
1421,1,0.8161478471290672
1422,0,0.01877443293432453
1423,1,0.7089694727522028
1424,0,0.04300295381205299
1425,0,0.0040657901769012884
1426,0,0.0004208754208754209
1427,0,0.019751882595666976
1428,0,0.150496331632313
1429,1,0.5163684198629556
1430,0,0.010599399013021954
1431,0,0.10181808572485597
1432,0,0.32834136911370276
1433,0,0.003283130118318373
1434,0,0.010599399013021954
1435,1,0.694312691245531
1436,0,0.5010277308778092
1437,0,0.202419506242373
1438,0,0.04606814753873578
1439,0,0.026080013661743534
1440,0,0.6926746530421072
1441,0,0.40505556514993274
1442,1,0.5742764317907308
1443,0,0.49750054184058
1444,1,0.3941647751155948
1445,1,0.5459612813339176
1446,0,0.06529454622443082
1447,0,0.009081160170079768
1448,0,0.0
1449,0,0.26317164947469035
1450,1,0.4070625820451684
1451,0,0.5308910632773487
1452,0,0.023047175242083055
1453,1,0.6815243065955995
1454,0,0.021183821204815975
1455,0,0.07350570775818852
1456,0,0.4213589009507377
1457,1,0.6197919077783355
1458,0,0.11395242483128294
1459,0,0.19429510839305278
1460,0,0.5154480463877817
1461,0,0.0
1462,0,0.0009602497466575137
1463,0,0.10458362962195357
1464,0,0.011440336568935354
1465,0,0.03972903312822487
1466,0,0.0
1467,0,0.18154283750949174
1468,1,0.7405208548065692
1469,0,0.05604393402343446
1470,0,0.0040657901769012884
1471,0,0.19391088038070517
1472,0,0.0040657901769012884
1473,0,0.5469119498448122
1474,0,0.0
1475,0,0.009081160170079768
1476,1,0.07181079250395123
1477,0,0.34847468915265517
1478,0,0.16751742434224726
1479,0,0.6793278808849744
1480,0,0.003283130118318373
1481,1,0.6003511473912567
1482,0,0.11581758948455996
1483,0,0.14240131131947276
1484,0,0.048873155495563286
1485,0,0.5742764317907308
1486,0,0.5477483939393758
1487,1,0.4047846110422464
1488,0,0.12200092446530542
1489,1,0.4006493141730756
1490,0,0.06342938157115381
1491,0,0.0
1492,0,0.6189236496557201
1493,1,0.5951992215922068
1494,1,0.5991890997818526
1495,0,0.4415018967232415
1496,1,0.6069082385412333
1497,0,0.0009602497466575137
1498,0,0.37200184569952005
1499,0,0.4317041783231696
1500,1,0.6668291296475641
1501,0,0.3265738498789346
1502,1,0.4932412781508036
1503,0,0.05220733387010418
1504,0,0.0
1505,1,0.5556863913366156
1506,0,0.026671014714979135
1507,0,0.4251249025921515
1508,1,0.4427944291941395
1509,1,0.5367006972414549
1510,0,0.0588489931816664
1511,1,0.4822748743746949
1512,0,0.025208452510964343
1513,0,0.6449983652562462
1514,0,0.05270980685029799
1515,1,0.49494056852573126
1516,1,0.46286376663635836
1517,0,0.010599399013021954
1518,0,0.0803023553406793
1519,0,0.14178318980582885
1520,1,0.4743929587068601
1521,0,0.41412587045066357
1522,0,0.488541905516104
1523,1,0.17361037273317978
1524,1,0.7723513024045362
1525,1,0.4394166121648136
1526,1,0.3577599852613294
1527,0,0.028517917570205154
1528,1,0.6120634880228089
1529,0,0.0004208754208754209
1530,0,0.4943384851641732
1531,0,0.3486364145312922
1532,0,0.026671014714979135
1533,1,0.7468692199451209
1534,0,0.1604420859380758
1535,0,0.3453845769183252
1536,0,0.010599399013021954
1537,0,0.0
1538,1,0.4181738506891881
1539,1,0.33627284427284426
1540,0,0.09431477447434712
1541,0,0.07365085066106919
1542,1,0.6924352036537579
1543,0,0.24489452404944403
1544,0,0.14490873671569557
1545,0,0.12346988698516485
1546,0,0.034056462262698484
1547,1,0.6022482893450636
1548,1,0.7207107486993635
1549,0,0.3803555855276441
1550,0,0.17785210432500298
1551,1,0.5472688607867838
1552,1,0.7785910371113133
1553,0,0.14178318980582885
1554,0,0.3922385022385022
1555,0,0.38668519477956237
1556,0,0.6212739371927328
1557,0,0.15229002048580628
1558,0,0.09849240685372701
1559,0,0.0
1560,0,0.12757894007555412
1561,0,0.6709191246825655
1562,0,0.11386809199426869
1563,0,0.2959419574957866
1564,0,0.19801691335604388
1565,0,0.1874854202983378
1566,0,0.0
1567,0,0.36984215295277023
1568,0,0.026999678727262968
1569,0,0.21054715632301782
1570,1,0.3150879135648675
1571,1,0.3616287519747236
1572,0,0.01877443293432453
1573,1,0.5742764317907308
1574,0,0.05457497150357501
1575,1,0.32099989382598076
1576,0,0.18761944548956513
1577,0,0.05715407792742911
1578,0,0.06071575862554159
1579,0,0.0005393743257820928
1580,0,0.0004208754208754209
1581,0,0.3256419972935061
1582,1,0.507805164050939
1583,0,0.0888813928987302
1584,0,0.558833414901164
1585,0,0.16938258899552427
1586,0,0.0
1587,0,0.4032880459151646
1588,0,0.31264309764309767
1589,0,0.6708129441037824
1590,0,0.12711185077882126
1591,0,0.2971482378262039
1592,0,0.3731339009086412
1593,0,0.202419506242373
1594,0,0.36373274483681745
1595,0,0.01877443293432453
1596,0,0.24428539211147907
1597,0,0.016191951294739243
1598,0,0.5163684198629556
1599,0,0.3756939356939357
1600,0,0.3991467881711784
1601,0,0.0797585483987566
1602,0,0.4526596825070539
1603,0,0.1870203117387009
1604,0,0.07475196897453946
1605,0,0.00480136896126056
1606,0,0.0507383201488403
1607,0,0.0
1608,0,0.2787347422116961
1609,0,0.08861236802413273
1610,0,0.05146354563394704
1611,0,0.00480136896126056
1612,0,0.10276317345633218
1613,0,0.43757302492220823
1614,0,0.32988197019892546
1615,0,0.32834136911370276
1616,0,0.05685949710391256
1617,1,0.4996178235205225
1618,1,0.7089694727522028
1619,1,0.7610606060606061
1620,0,0.5742764317907308
1621,0,0.0040657901769012884
1622,0,0.09392887058495043
1623,1,0.6241611908771107
1624,0,0.16614364300581963
1625,0,0.08701622824545319
1626,0,0.38507590644626827
1627,0,0.5263087363863831
1628,1,0.6489997173151322
1629,0,0.0009602497466575137
1630,0,0.02510256400040109
1631,0,0.521257680351888
1632,0,0.3227049876525298
1633,0,0.2796130909161318
1634,1,0.4939787810755553
1635,0,0.4173763242077409
1636,1,0.7462188605045749
1637,0,0.4049763922072181
1638,0,0.0004208754208754209
1639,0,0.07240458944471824
1640,0,0.059935275741674655
1641,0,0.43757302492220823
1642,0,0.1425110452824934
1643,1,0.6787121298611044
1644,1,0.6671847357149508
1645,1,0.6790910411878155
1646,1,0.5248593733033567
1647,1,0.45454522798921143
1648,0,0.20821022069847403
1649,0,0.44781851229083164
1650,1,0.43645684022943193
1651,0,0.19801691335604388
1652,1,0.6232428368967046
1653,0,0.003283130118318373
1654,0,0.1757260504444396
1655,0,0.01454485359714118
1656,0,0.048612688338289
1657,1,0.3316274967269199
1658,0,0.013303690606202435
1659,0,0.09159661663494058
1660,0,0.3663909204429727
1661,1,0.7689328150132585
1662,0,0.042231496184001065
1663,0,0.46802714131976547
1664,1,0.38900477824730156
1665,1,0.5971681212961787
1666,0,0.018824644805960387
1667,1,0.2066964242494651
1668,0,0.25481515897007895
1669,0,0.07808609614767592
1670,0,0.3681564584225662
1671,0,0.07808609614767592
1672,1,0.5049566026788425
1673,0,0.0
1674,0,0.0009602497466575137
1675,0,0.01112950002733712
1676,1,0.6191910017740657
1677,0,0.08969400351403811
1678,0,0.011576848674364397
1679,0,0.07645024472948554
1680,0,0.4880713533134142
1681,0,0.29437046004842615
1682,0,0.022388230527426802
1683,0,0.0009602497466575137
1684,1,0.5951992215922068
1685,1,0.5971681212961787
1686,1,0.8311403508771931
1687,0,0.18612351831091833
1688,0,0.0934617812882176
1689,0,0.2967175431944971
1690,0,0.1101365467103169
1691,0,0.05220733387010418
1692,0,0.06504511593629446
1693,1,0.6668291296475641
1694,1,0.6170299859835249
1695,0,0.020342883648902573
1696,1,0.6189988856874967
1697,1,0.5146624600952643
1698,0,0.4508139459107201
1699,0,0.317943901247224
1700,1,0.3856560361147517
1701,0,0.6449983652562462
1702,1,0.3916219315950218
1703,0,0.5742764317907308
1704,0,0.25232777847289384
1705,0,0.016927530079098512
1706,0,0.0
1707,0,0.06009525439801735
1708,0,0.4941106394001506
1709,0,0.01803885414996526
1710,0,0.04374674204821013
1711,0,0.6034026328749851
1712,0,0.06620295213570475
1713,0,0.13962775408670933
1714,0,0.00212667591308368
1715,0,0.07487731028117332
1716,1,0.818611615245009
1717,1,0.7212711629378296
1718,1,0.8183408295852074
1719,1,0.8402560083594567
1720,0,0.10597768459610564
1721,0,0.0004208754208754209
1722,0,0.0803023553406793
1723,0,0.11508973400789545
1724,0,0.11080184435447593
1725,0,0.30924775707384405
1726,0,0.003283130118318373
1727,0,0.5723075320867591
1728,1,0.49524685062096774
1729,0,0.20303762775601694
1730,0,0.00480136896126056
1731,1,0.23803210775906167
1732,0,0.29861383771831534
1733,1,0.5752068219434295
1734,0,0.04606814753873578
1735,0,0.23950508145069913
1736,1,0.2520851339115231
1737,0,0.011440336568935354
1738,0,0.0009602497466575137
1739,0,0.01877443293432453
1740,1,0.6803729628564802
1741,0,0.5347317975374831
1742,0,0.01724914519032166
1743,0,0.19801691335604388
1744,0,0.14064588062921637
1745,0,0.12982929020664868
1746,1,0.18154283750949174
1747,1,0.5015454704990093
1748,0,0.01112950002733712
1749,0,0.025416092245886753
1750,0,0.4693161746056858
1751,0,0.38218230825109895
1752,0,0.5868052724554967
1753,1,0.8327823598365969
1754,1,0.5971681212961787
1755,0,0.27765982230495667
1756,0,0.21150217381560665
1757,1,0.614900606784648
1758,1,0.5677168096934592
1759,0,0.4973236340606563
1760,0,0.0373021125641976
1761,0,0.39719871474869456
1762,0,0.5475098012951866
1763,0,0.026671014714979135
1764,0,0.2228148453020967
1765,0,0.11125866722509191
1766,1,0.45609444273736893
1767,0,0.2218996416820854
1768,1,0.5420828185587309
1769,0,0.3990828055744447
1770,1,0.6784792991842848
1771,0,0.05220733387010418
1772,0,0.1388022823885961
1773,0,0.520669450659713
1774,1,0.580020907783576
1775,1,0.6298988334356864
1776,0,0.18460194818441453
1777,1,0.46286376663635836
1778,0,0.302407174872251
1779,0,0.530161353502379
1780,1,0.7212711629378296
1781,0,0.49187783858551226
1782,0,0.13966438321489758
1783,0,0.28405395957738266
1784,1,0.5257162224238962
1785,1,0.558833414901164
1786,0,0.03664685240108225
1787,0,0.03484604863628171
1788,1,0.5218982953422787
1789,1,0.5804175249537455
1790,1,0.5575258354482978
1791,0,0.11627441235517595
1792,0,0.00480136896126056
1793,0,0.1204438898971567
1794,1,0.6854199067443608
1795,0,0.11508973400789545
1796,1,0.8264352283317801
1797,0,0.35137178182498746
1798,1,0.49101169672469797
1799,0,0.553451293583888
1800,0,0.05146354563394704
1801,0,0.00274375579253628
1802,0,0.028517917570205154
1803,1,0.49187640491222506
1804,0,0.0005393743257820928
1805,0,0.11860594789360669
1806,0,0.023047175242083055
1807,1,0.7326261061629592
1808,0,0.16480716987592586
1809,0,0.04148770794784393
1810,0,0.4969531890133994
1811,1,0.42866147326380183
1812,0,0.09849240685372701
1813,0,0.195075638626153
1814,0,0.03174422331196331
1815,0,0.19741777960517962
1816,1,0.6985696687731884
1817,0,0.43757302492220823
1818,0,0.36031019477956233
1819,0,0.0635298700720854
1820,1,0.7267310904318779
1821,0,0.0004208754208754209
1822,0,0.3114983272869107
1823,0,0.0890691908947487
1824,0,0.3330173094878977
1825,0,0.010599399013021954
1826,1,0.3361046429600485
1827,1,0.20695889096918849
1828,0,0.03542921073880826
1829,0,0.28542466541105327
1830,0,0.3768152315777628
1831,1,0.4415740110167568
1832,0,0.004260579779660814
1833,0,0.00480136896126056
1834,0,0.002547551333959101
1835,0,0.5676081131538763
1836,0,0.2279436152570481
1837,1,0.7310330678203402
1838,1,0.4051195477466664
1839,0,0.5472688607867838
1840,0,0.07024785252605939
1841,1,0.4172471001979199
1842,0,0.558833414901164
1843,0,0.4398240423666988
1844,0,0.41911698647170725
1845,0,0.2279762496621588
1846,0,0.15104334849569512
1847,1,0.2758838590928143
1848,0,0.018824644805960387
1849,0,0.0009602497466575137
1850,0,0.5010277308778092
1851,1,0.31315898463593855
1852,0,0.01112950002733712
1853,0,0.0
1854,0,0.048873155495563286
1855,1,0.45440817915462944
1856,0,0.00480136896126056
1857,0,0.04606814753873578
1858,1,0.5849469391884843
1859,0,0.4953908902062117
1860,0,0.31501090189384146
1861,0,0.0024784885895997007
1862,0,0.0024784885895997007
1863,0,0.4745415537825088
1864,0,0.036361294500490776
1865,0,0.3882571451536969
1866,0,0.08383569227720489
1867,0,0.06529454622443082
1868,0,0.04527856116515255
1869,0,0.022771238700773935
1870,1,0.793236919317045
1871,1,0.5161629963503865
1872,0,0.048873155495563286
1873,0,0.43757302492220823
1874,0,0.21889358208892515
1875,0,0.002547551333959101
1876,0,0.05270980685029799
1877,0,0.01454485359714118
1878,0,0.14490873671569557
1879,0,0.0281862605791882
1880,0,0.484392527922743
1881,0,0.23072139303482586
1882,0,0.044821886322384825
1883,0,0.05146354563394704
1884,0,0.06958336265319083
1885,1,0.6564361913795266
1886,0,0.1757260504444396
1887,1,0.6407544140470383
1888,1,0.38507590644626827
1889,1,0.3849176755447942
1890,1,0.5380082766943212
1891,1,0.8311403508771931
1892,1,0.3919545649053846
1893,0,0.5137466563396406
1894,1,0.4736425709671514
1895,0,0.09707945106175747
1896,1,0.3767013267740012
1897,0,0.04606814753873578
1898,1,0.6768141404136468
1899,1,0.7084068096874757
1900,0,0.40948979175589956
1901,0,0.5742764317907308
1902,1,0.34010027391683373
1903,0,0.0004208754208754209
1904,1,0.4973067578475155
1905,0,0.03484604863628171
1906,1,0.5960319601502725
1907,0,0.02935885512611856
1908,1,0.35955179743159316
1909,0,0.16516336548552893
1910,0,0.00212667591308368
1911,0,0.08810645887981006
1912,0,0.0
1913,0,0.2674457908096614
1914,1,0.5347317975374831
1915,1,0.4265234812455459
1916,0,0.09490317401118266
1917,0,0.06529454622443082
1918,0,0.25773482357089744
1919,0,0.006758279798418909
1920,0,0.3545457875457876
1921,0,0.003283130118318373
1922,0,0.06342938157115381
1923,0,0.05323316175806597
1924,0,0.09572864570929586
1925,0,0.0281862605791882
1926,1,0.5217071990212756
1927,0,0.3865268287929366
1928,0,0.00480136896126056
1929,0,0.10730142017322854
1930,1,0.521257680351888
1931,0,0.034056462262698484
1932,0,0.4057072952855667
1933,0,0.09821676023836995
1934,0,0.07572196695119189
1935,1,0.558833414901164
1936,0,0.4372064019546034
1937,1,0.6668291296475641
1938,1,0.3662378463990554
1939,0,0.08134757774813081
1940,0,0.0588489931816664
1941,0,0.34768446531265934
1942,1,0.6400520145101968
1943,0,0.23283432863309939
1944,0,0.31315898463593855
1945,0,0.37327262109870807
1946,0,0.0635298700720854
1947,1,0.5603481875115267
1948,0,0.38277690012287174
1949,1,0.5121715672309438
1950,0,0.1941805209415771
1951,0,0.10303065357062337
1952,0,0.3431521642562368
1953,0,0.006758279798418909
1954,1,0.32880005922622674
1955,1,0.569713909462111
1956,0,0.3243452254548029
1957,0,0.03484604863628171
1958,0,0.010599399013021954
1959,1,0.5514823938799162
1960,0,0.4005566535263611
1961,0,0.11125866722509191
1962,0,0.32443877246271013
1963,0,0.7610392240594327
1964,0,0.12711185077882126
1965,0,0.00480136896126056
1966,0,0.3188824833180071
1967,0,0.13962775408670933
1968,0,0.10462833810960918
1969,0,0.12529176190133143
1970,1,0.6446329849808737
1971,1,0.4841314644719996
1972,0,0.0588489931816664
1973,0,0.00480136896126056
1974,0,0.06342938157115381
1975,1,0.21150217381560665
1976,1,0.2768830658575759
1977,0,0.011576848674364397
1978,0,0.4745375788776171
1979,0,0.12611723359944463
1980,0,0.18775655354602724
1981,0,0.0009602497466575137
1982,1,0.733580825438295
1983,0,0.42144669714437155
1984,0,0.0
1985,1,0.5795260091844139
1986,0,0.044821886322384825
1987,0,0.0865434230372311
1988,1,0.7839253187613844
1989,0,0.12582918739635157
1990,1,0.5173929715028751
1991,0,0.043225983329057444
1992,0,0.05332871028722406
1993,0,0.003283130118318373
1994,0,0.4783218305078934
1995,1,0.6946360330988375
1996,1,0.7427058059456413
1997,0,0.0350784016865042
1998,0,0.4122025121756024
1999,0,0.044821886322384825
2000,0,0.00480136896126056
2001,0,0.1076139326522566
2002,1,0.8264352283317801
2003,0,0.22193649659766668
2004,0,0.4770575932139833
2005,0,0.0588489931816664
2006,0,0.5420828185587309
2007,0,0.3571069147459039
2008,0,0.34837658690034834
2009,0,0.23449705618296532
2010,1,0.6768141404136468
2011,0,0.0009602497466575137
2012,1,0.4969531890133994
2013,0,0.19801691335604388
2014,0,0.5607429779723789
2015,0,0.04606814753873578
2016,1,0.7025117939563943
2017,1,0.42985002994439747
2018,0,0.10934208358151322
2019,0,0.05814638302940498
2020,1,0.6499878058969397
2021,0,0.17770644509502495
2022,0,0.07645024472948554
2023,0,0.5177783272202423
2024,1,0.41293244637642984
2025,0,0.4669263721919055
2026,0,0.0009602497466575137
2027,0,0.0009602497466575137
2028,1,0.7386238279095423
2029,0,0.0440322999488016
2030,0,0.03484604863628171
2031,0,0.0004208754208754209
2032,0,0.01112950002733712
2033,0,0.002547551333959101
2034,0,0.0005393743257820928
2035,0,0.13749559256434854
2036,0,0.07323006114283145
2037,0,0.6242277710818279
2038,0,0.4802025926709663
2039,0,0.0857008569304819
2040,0,0.5200106119149704
2041,0,0.18372382274673146
2042,1,0.4571811498651271
2043,0,0.18761944548956513
2044,0,0.03515957688176737
2045,0,0.16480716987592586
2046,0,0.3550746899975512
2047,1,0.11146051902292253
2048,1,0.818611615245009
2049,1,0.40869392616117506
2050,0,0.010599399013021954
2051,0,0.27596900512392514
2052,0,0.0
2053,0,0.06768420975494736
2054,1,0.39645808343329336
2055,0,0.03484604863628171
2056,0,0.08969400351403811
2057,0,0.002862254697442952
2058,0,0.00212667591308368
2059,0,0.021105337713440236
2060,1,0.28763487562126344
2061,0,0.4786281126031298
2062,0,0.6271270609384985
2063,0,0.36309029404111365
2064,1,0.558379287807555
2065,0,0.09572864570929586
2066,0,0.00480136896126056
2067,0,0.00480136896126056
2068,0,0.0009602497466575137
2069,0,0.1553062045821743
2070,1,0.46844849139931105
2071,1,0.061362096588943066
2072,1,0.5820476493318137
2073,0,0.0004208754208754209
2074,0,0.0350784016865042
2075,1,0.7288067135380248
2076,0,0.457642362364427
2077,0,0.037893113617433194
2078,0,0.2540889819014567
2079,1,0.8657616976582494
2080,0,0.03484604863628171
2081,0,0.017904979740440956
2082,1,0.8081550976068276
2083,1,0.33595306859205776
2084,0,0.339471215903511
2085,1,0.5494620419252262
2086,0,0.003283130118318373
2087,0,0.010599399013021954
2088,1,0.6325309901581088
2089,1,0.7587588479427397
2090,0,0.1618650969936735
2091,0,0.05270980685029799
2092,1,0.40999777161415735
2093,0,0.025416092245886753
2094,0,0.08383569227720489
2095,0,0.10070866604673039
2096,0,0.028517917570205154
2097,1,0.46406212702978084
2098,1,0.22949050820558434
2099,0,0.457642362364427
2100,1,0.7366952528746019
2101,0,0.558833414901164
2102,0,0.1076139326522566
2103,0,0.4032880459151646
2104,0,0.006758279798418909
2105,0,0.008345581385720497
2106,0,0.06611127530663514
2107,0,0.056888210760523174
2108,0,0.0028729793432710825
2109,0,0.4615712341654603
2110,1,0.6520552123846565
2111,0,0.026671014714979135
2112,0,0.11627441235517595
2113,0,0.003283130118318373
2114,0,0.0024784885895997007
2115,0,0.31852132541787714
2116,0,0.02935885512611856
2117,0,0.3209359112292471
2118,0,0.07219953501258838
2119,1,0.7529612089795407
2120,0,0.25481515897007895
2121,1,0.3966665196173393
2122,0,0.10606282193599163
2123,0,0.47736004305771745
2124,0,0.37144111926720624
2125,1,0.733580825438295
2126,1,0.5380082766943212
2127,1,0.7451548417951431
2128,0,0.0040657901769012884
2129,1,0.33583015329740223
2130,1,0.5963133195891817
2131,1,0.3543234389624281
2132,0,0.028517917570205154
2133,0,0.0
2134,0,0.111822316250018
2135,0,0.44837915395709227
2136,1,0.4304523530465792
2137,1,0.7022037272477982
2138,0,0.3875264792474508
2139,1,0.5644925051901796
2140,1,0.7529612089795407
2141,1,0.6287390029325514
2142,0,0.4932833520248794
2143,0,0.0004208754208754209
2144,0,0.026671014714979135
2145,0,0.45530102875383544
2146,0,0.027595259525952598
2147,0,0.1634170653907496
2148,0,0.0040657901769012884
2149,0,0.5380082766943212
2150,0,0.08262434286457228
2151,0,0.46286376663635836
2152,0,0.08997162353308708
2153,1,0.8489290755624693
2154,0,0.03484604863628171
2155,1,0.6954256395432866
2156,0,0.27577455224514047
2157,0,0.5093362152955362
2158,1,0.22929104995540386
2159,0,0.1554894293418013
2160,0,0.12879031566306398
2161,1,0.4831181992745823
2162,0,0.08969400351403811
2163,1,0.8624856943822462
2164,0,0.11690026035963695
2165,0,0.17150102443693357
2166,1,0.7366952528746019
2167,0,0.00480136896126056
2168,0,0.29522607575989995
2169,0,0.018824644805960387
2170,0,0.11916159532842752
2171,1,0.7646542346542345
2172,0,0.11825728560946332
2173,0,0.28373676529448144
2174,0,0.17876896495317549
2175,0,0.5971681212961787
2176,1,0.4802025926709663
2177,0,0.26332329950751004
2178,1,0.43437473094354145
2179,0,0.3243452254548029
2180,0,0.404987012987013
2181,1,0.5742764317907308
2182,0,0.0
2183,0,0.09826671998696614
2184,0,0.10934208358151322
2185,0,0.701320655274368
2186,0,0.6286637669007749
2187,0,0.003283130118318373
2188,0,0.0588489931816664
2189,0,0.410591039363631
2190,0,0.010599399013021954
2191,0,0.5380082766943212
2192,0,0.22155803191250953
2193,0,0.3447777777777778
2194,1,0.3563757689500573
2195,1,0.7011586452762923
2196,1,0.18761944548956513
2197,1,0.624893901418578
2198,0,0.1735097912514362
2199,1,0.6189988856874967
2200,0,0.4919973892609281
2201,1,0.5154480463877817
2202,0,0.03515957688176737
2203,0,0.0004208754208754209
2204,0,0.33696151721946377
2205,0,0.4278087690275587
2206,0,0.11440924770189893
2207,1,0.5742764317907308
2208,0,0.0
2209,0,0.032095083565671804
2210,0,0.0009602497466575137
2211,1,0.7080987429788795
2212,1,0.5840165490357855
2213,1,0.3229240995153912
2214,0,0.016927530079098512
2215,0,0.09849240685372701
2216,1,0.6709191246825655
2217,0,0.30449446978780564
2218,1,0.42559788671943233
2219,1,0.38318360875733687
2220,1,0.6357257449914908
2221,0,0.49274467932957533
2222,0,0.301680400535806
2223,0,0.07634903922084758
2224,0,0.32719017669961065
2225,0,0.03484604863628171
2226,0,0.3098126327567067
2227,1,0.5804175249537455
2228,0,0.00480136896126056
2229,1,0.5128735005110647
2230,0,0.009863820228662683
2231,0,0.3453623744664471
2232,0,0.3610161822862527
2233,0,0.6095997199068669
2234,1,0.320236260914227
2235,0,0.5682886588580245
2236,1,0.6077998200071377
2237,1,0.7174680126415267
2238,0,0.016927530079098512
2239,0,0.2218996416820854
2240,1,0.3908611257839869
2241,0,0.011576848674364397
2242,0,0.07808609614767592
2243,1,0.8311403508771931
2244,0,0.4005526786214693
2245,0,0.1832117545225703
2246,0,0.12833349279244802
2247,0,0.05038840135977235
2248,0,0.27596900512392514
2249,0,0.0004208754208754209
2250,0,0.3635053763937788
2251,1,0.6574812733510323
2252,0,0.0803023553406793
2253,1,0.5093362152955362
2254,1,0.5971681212961787
2255,0,0.034056462262698484
2256,1,0.383552383104606
2257,0,0.07808609614767592
2258,1,0.7845551778552383
2259,0,0.5121715672309438
2260,0,0.008276518641361095
2261,0,0.582929865398239
2262,0,0.037893113617433194
2263,0,0.42954758010066324
2264,1,0.5514823938799162
2265,1,0.2628640007427034
2266,0,0.00480136896126056
2267,0,0.0024784885895997007
2268,0,0.011440336568935354
2269,0,0.5742764317907308
2270,0,0.07808609614767592
2271,0,0.0009602497466575137
2272,1,0.44674555221170936
2273,0,0.1893439996984773
2274,0,0.2218996416820854
2275,0,0.00480136896126056
2276,0,0.020342883648902573
2277,0,0.018442775943307576
2278,1,0.5803869599787967
2279,0,0.0
2280,0,0.2787347422116961
2281,0,0.018442775943307576
2282,0,0.04148770794784393
2283,0,0.6479521991453413
2284,1,0.6081433050761449
2285,0,0.12757894007555412
2286,0,0.1425110452824934
2287,0,0.02915390709508357
2288,0,0.0
2289,0,0.01005860983142221
2290,0,0.3924701202448606
2291,0,0.005778818622603001
2292,0,0.42866147326380183
2293,1,0.5032600155725374
2294,0,0.0004208754208754209
2295,1,0.6490883602912475
2296,0,0.0009602497466575137
2297,0,0.012417786230277797
2298,1,0.6856410380049986
2299,0,0.0
2300,0,0.00480136896126056
2301,0,0.3822242986679771
2302,0,0.0004208754208754209
2303,0,0.6442839948435736
2304,0,0.0020081770081770084
2305,0,0.650494531292093
2306,0,0.0
2307,1,0.4263819801099485
2308,0,0.3661749517830582
2309,0,0.09849240685372701
2310,0,0.2776092429261982
2311,0,0.031483756154689034
2312,1,0.7212711629378296
2313,0,0.13651470146592337
2314,1,0.6449983652562462
2315,1,0.3852660239294033
2316,0,0.08765356694122574
2317,0,0.16873318812635388
2318,1,0.7713965831292006
2319,1,0.598382247687285
2320,0,0.19406463557406953
2321,1,0.6407544140470383
2322,0,0.002547551333959101
2323,1,0.7049003260405599
2324,1,0.7264437544323692
2325,0,0.41536957996769835
2326,0,0.01877443293432453
2327,0,0.003283130118318373
2328,1,0.41726805218972096
2329,0,0.48384951687506117
2330,1,0.3797122704099449
2331,0,0.0
2332,1,0.24412047560762373
2333,0,0.15002522195318804
2334,0,0.03664685240108225
2335,1,0.6490883602912475
2336,0,0.21212029532925056
2337,0,0.04122724079056966
2338,1,0.7817775699963638
2339,0,0.0004208754208754209
2340,0,0.5874458874458874
2341,0,0.04148770794784393
2342,0,0.0009602497466575137
2343,1,0.7900022740248304
2344,0,0.3698643554046484
2345,0,0.5742764317907308
2346,0,0.3899592348444075
2347,1,0.7713965831292006
2348,0,0.0009602497466575137
2349,0,0.003283130118318373
2350,0,0.4341305584943591
2351,0,0.08209136598428794
2352,1,0.4969531890133994
2353,0,0.569713909462111
2354,1,0.6926746530421072
2355,0,0.585028783486201
2356,0,0.3358209494497353
2357,1,0.6077998200071377
2358,0,0.04148770794784393
2359,0,0.013303690606202435
2360,0,0.06342938157115381
2361,0,0.09707945106175747
2362,1,0.6563895470231742
2363,1,0.4802025926709663
2364,0,0.20303762775601694
2365,1,0.7426425930296593
2366,1,0.6994403985465115
2367,0,0.2740523572613125
2368,1,0.5627118776763508
2369,1,0.3423509598182088
2370,0,0.008541785844297675
2371,0,0.28763487562126344
2372,0,0.037863868474947854
2373,0,0.6407544140470723
2374,0,0.142131871398299
2375,0,0.07808609614767592
2376,0,0.25234003144450906
2377,1,0.3481325398535114
2378,1,0.30562583370986723
2379,0,0.037893113617433194
2380,0,0.24168766604504435
2381,1,0.4176119295871395
2382,0,0.17927301972365783
2383,0,0.20303762775601694
2384,0,0.003283130118318373
2385,1,0.4718085011432935
2386,0,0.21041352944568437
2387,0,0.22929104995540386
2388,1,0.3767013267740012
2389,0,0.5289221635733768
2390,0,0.4743929587068601
2391,1,0.11395242483128294
2392,1,0.35359379474221786
2393,0,0.043126971068147536
2394,1,0.5742764317907308
2395,0,0.08134757774813081
2396,0,0.6552420060395677
2397,0,0.18979386897146436
2398,1,0.80331541218638
2399,0,0.0803023553406793
2400,0,0.006619756178516403
2401,1,0.8438036493844115
2402,0,0.4265234812455459
2403,1,0.4193472747225948
2404,0,0.2791548229780227
2405,0,0.21889358208892515
2406,0,0.09468342330184436
2407,1,0.3060052459916338
2408,1,0.6790910411878155
2409,0,0.20170698232973064
2410,1,0.5723075320867591
2411,0,0.358237054285266
2412,0,0.07808609614767592
2413,0,0.06196041905129437
2414,0,0.0
2415,0,0.10552684861875328
2416,1,0.8311403508771931
2417,1,0.2563607390219034
2418,0,0.22780900313390376
2419,0,0.026671014714979135
2420,0,0.0009602497466575137
2421,0,0.44518476380099076
2422,1,0.5752068219434295
2423,0,0.0
2424,0,0.4002928509905255
2425,1,0.46598167520956474
2426,1,0.6450736012880226
2427,0,0.11694533613542413
2428,1,0.4540992300614286
2429,0,0.049768630379709765
2430,0,0.0004208754208754209
2431,0,0.05604393402343446
2432,0,0.267531550740506
2433,0,0.009081160170079768
2434,0,0.0004208754208754209
2435,1,0.6926746530421072
2436,0,0.028517917570205154
2437,0,0.4943311727486976
2438,0,0.07831540938276256
2439,0,0.3723082499240243
2440,0,0.1949158100970744
2441,1,0.5035265813314299
2442,1,0.3513137254901961
2443,0,0.1717634911566569
2444,0,0.3858897168405366
2445,0,0.6466494297781195
2446,0,0.0588489931816664
2447,1,0.457642362364427
2448,0,0.23449705618296532
2449,0,0.05840345662473224
2450,0,0.46013325522874754
2451,0,0.021183821204815975
2452,1,0.2825724319578578
2453,0,0.32356102102609713
2454,1,0.4408065729608996
2455,0,0.12879031566306398
2456,0,0.41094170731206914
2457,0,0.06539503472536241
2458,0,0.0
2459,1,0.6509686170191039
2460,0,0.07350570775818852
2461,0,0.11433518129100152
2462,1,0.4156324068088774
2463,0,0.12213363350475832
2464,1,0.6897800082239917
2465,0,0.0
2466,1,0.5840165490357855
2467,0,0.5861599631757722
2468,0,0.5345717945464834
2469,0,0.05270980685029799
2470,0,0.42843416745855767
2471,0,0.036361294500490776
2472,0,0.008541785844297675
2473,0,0.171145369643013
2474,0,0.029127078642895016
2475,0,0.28697498806066135
2476,0,0.12099421371403851
2477,0,0.042231496184001065
2478,0,0.4664822563435653
2479,0,0.020342883648902573
2480,0,0.04543705980904048
2481,0,0.19432618017155512
2482,0,0.0004208754208754209
2483,0,0.0005393743257820928
2484,1,0.40536963509169976
2485,0,0.0004208754208754209
2486,0,0.0009602497466575137
2487,1,0.5333736240712985
2488,1,0.558833414901164
2489,0,0.03515957688176737
2490,1,0.6566659166448198
2491,1,0.47588160933441603
2492,0,0.008345581385720497
2493,0,0.028517917570205154
2494,0,0.0588489931816664
2495,0,0.17927301972365783
2496,0,0.036361294500490776
2497,0,0.002547551333959101
2498,0,0.0
2499,0,0.020342883648902573
2500,0,0.009081160170079768
2501,0,0.010599399013021954
2502,1,0.4743929587068601
2503,0,0.5256681213959924
2504,1,0.5742764317907308
2505,1,0.4666169895678092
2506,0,0.512481982205875
2507,0,0.05225356601304936
2508,1,0.43757302492220823
2509,0,0.6223905502582491
2510,0,0.23837371752863754
2511,0,0.4783218305078934
2512,0,0.3343128307897847
2513,1,0.7243393773279921
2514,1,0.6171720777128353
2515,0,0.20206710367977707
2516,0,0.3623098142754057
2517,0,0.08383569227720489
2518,1,0.6770776398073375
2519,0,0.36181886945785857
2520,1,0.7308002371435207
2521,0,0.12711185077882126
2522,0,0.09707945106175747
2523,0,0.06342938157115381
2524,0,0.073416551086454
2525,1,0.7114946223448868
2526,1,0.521257680351888
2527,0,0.0009602497466575137
2528,1,0.43757302492220823
2529,1,0.15502694859038144
2530,0,0.08075917821129526
2531,0,0.27067785286525287
2532,0,0.7587588479427397
2533,0,0.003283130118318373
2534,1,0.8495366551174174
2535,0,0.3594185417645133
2536,0,0.0
2537,0,0.38220451070297706
2538,0,0.2961379792831943
2539,0,0.2707292333973948
2540,1,0.4307446084685013
2541,0,0.008276518641361095
2542,0,0.15242896199450637
2543,0,0.2389592046371707
2544,0,0.3492367044087629
2545,0,0.002547551333959101
2546,0,0.0005393743257820928
2547,1,0.521257680351888
2548,0,0.04861798679867987
2549,1,0.33595306859205776
2550,0,0.0
2551,0,0.026671014714979135
2552,0,0.46013325522874754
2553,1,0.5742764317907308
2554,1,0.4526060606060606
2555,0,0.06838268787278237
2556,0,0.08969400351403811
2557,0,0.33627284427284426
2558,1,0.4525655782632527
2559,0,0.019615370490237934
2560,0,0.4230734460242657
2561,0,0.17441591487393016
2562,0,0.4307446084685013
2563,0,0.003283130118318373
2564,0,0.49632084935666954
2565,1,0.23950508145069913
2566,0,0.2389592046371707
2567,1,0.6985696687731884
2568,0,0.11508973400789545
2569,0,0.23837371752863754
2570,1,0.28081018384570083
2571,0,0.2066964242494651
2572,1,0.7025076942403116
2573,1,0.6407544140470383
2574,0,0.002547551333959101
2575,0,0.42258736475562736
2576,0,0.1627989438771057
2577,1,0.5380082766943212
2578,0,0.00304957946728935
2579,1,0.457642362364427
2580,0,0.002547551333959101
2581,0,0.0004208754208754209
2582,0,0.09059474341181399
2583,1,0.6736553851059476
2584,0,0.04359015695381446
2585,0,0.05345359508645512
2586,1,0.5575258354482978
2587,0,0.05220733387010418
2588,0,0.599457589895081
2589,0,0.11531647420939617
2590,0,0.393832141805232
2591,1,0.8311403508771931
2592,1,0.5146624600952643
2593,0,0.1425110452824934
2594,1,0.89643522833178
2595,1,0.5367006972414549
2596,1,0.6994403985465115
2597,0,0.003283130118318373
2598,1,0.4119156602404533
2599,0,0.0
2600,0,0.010599399013021954
2601,0,0.31948450233244674
2602,0,0.40115296849894005
2603,0,0.0
2604,0,0.3596086592476484
2605,0,0.026617809864610154
2606,0,0.0
2607,1,0.7207107486993635
2608,1,0.4802025926709663
2609,0,0.26317164947469035
2610,1,0.35467990214497824
2611,0,0.23648887799831195
2612,0,0.5260868116379692
2613,0,0.04606814753873578
2614,1,0.49869745004534866
2615,0,0.15059146346327182
2616,0,0.43123543595750063
2617,1,0.8567526886492404
2618,0,0.06539503472536241
2619,0,0.0005393743257820928
2620,0,0.605772077395327
2621,1,0.2690492349744991
2622,1,0.5514823938799162
2623,0,0.0040657901769012884
2624,1,0.4867759849889968
2625,0,0.37144111926720624
2626,0,0.0
2627,1,0.6261966707857998
2628,0,0.014393939393939395
2629,1,0.34837658690034834
2630,1,0.396309662358522
2631,0,0.00480136896126056
2632,1,0.6924352036537579
2633,0,0.013026614754198994
2634,1,0.5049566026788425
2635,1,0.4490837115520852
2636,0,0.010599399013021954
2637,0,0.08134757774813081
2638,0,0.572986665445338
2639,1,0.38377439787805795
2640,0,0.457642362364427
2641,1,0.818611615245009
2642,0,0.026903367765201625
2643,0,0.05840345662473224
2644,1,0.47362876072553495
2645,1,0.5584562256009965
2646,1,0.48593491262352356
2647,1,0.044821886322384825
2648,0,0.12076046253310158
2649,1,0.5840165490357855
2650,1,0.4450430545738758
2651,0,0.317943901247224
2652,0,0.0
2653,0,0.18594868262714548
2654,0,0.4427944291941395
2655,1,0.43265870057503264
2656,0,0.0009602497466575137
2657,1,0.8211041368716563
2658,0,0.15420147689226824
2659,1,0.39287486778943953
2660,0,0.00880661965567626
2661,0,0.19801691335604388
2662,1,0.7723513024045362
2663,1,0.4490837115520852
2664,0,0.00480136896126056
2665,0,0.4743929587068601
2666,0,0.08868453041593995
2667,0,0.4691843162810905
2668,0,0.15396937599896146
2669,0,0.0
2670,0,0.46670664754677804
2671,0,0.003283130118318373
2672,0,0.0020081770081770084
2673,0,0.008541785844297675
2674,1,0.5870527354967189
2675,0,0.3586709086709086
2676,0,0.0009602497466575137
2677,1,0.5951992215922068
2678,0,0.17150102443693357
2679,0,0.003283130118318373
2680,1,0.5217071990212756
2681,0,0.4056294627226436
2682,1,0.49339204856446234
2683,0,0.21164762732559342
2684,0,0.0009602497466575137
2685,0,0.05715407792742911
2686,0,0.12621505735103872
2687,0,0.5971681212961787
2688,0,0.36028624808542525
2689,0,0.05220733387010418
2690,0,0.7334968359362822
2691,0,0.1425024163547883
2692,0,0.21254442075337598
2693,0,0.23837371752863754
2694,1,0.6466494297781195
2695,0,0.7231338820630183
2696,0,0.3989086562344759
2697,0,0.016927530079098512
2698,0,0.08758264796000646
2699,0,0.5881134775413799
2700,0,0.0629872897775711
2701,1,0.4576382554643425
2702,1,0.8446969696969697
2703,1,0.6077998200071377
2704,0,0.0005393743257820928
2705,0,0.002547551333959101
2706,1,0.7460255715684662
2707,0,0.38448294101848185
2708,0,0.10934208358151322
2709,0,0.4373486337189955
2710,0,0.042231496184001065
2711,0,0.021105337713440236
2712,1,0.4822789974859145
2713,0,0.0
2714,0,0.0009602497466575137
2715,0,0.0005393743257820928
2716,0,0.01877443293432453
2717,0,0.44884810617268656
2718,1,0.5599673767884303
2719,0,0.5612225111249709
2720,1,0.5177783272202423
2721,0,0.3492367044087629
2722,0,0.4841314644719996
2723,1,0.1136013302915566
2724,0,0.0
2725,1,0.3060052459916338
2726,0,0.05286751652208257
2727,0,0.159791104150411
2728,1,0.5445988885267233
2729,0,0.10013188464024315
2730,1,0.5459612813339176
2731,0,0.026671014714979135
2732,0,0.6427481241786093
2733,0,0.0588489931816664
2734,0,0.0
2735,0,0.1481469642938211
2736,0,0.4969531890133994
2737,1,0.4654814070484537
2738,0,0.002547551333959101
2739,0,0.3544818049490539
2740,0,0.4095000095943771
2741,1,0.5188129011588728
2742,1,0.36028624808542525
2743,1,0.605772077395327
2744,0,0.0748282409155468
2745,0,0.04148770794784393
2746,1,0.2228148453020967
2747,0,0.5224416603641227
2748,0,0.0
2749,1,0.46186773966218836
2750,0,0.036361294500490776
2751,0,0.010599399013021954
2752,1,0.4780392017696393
2753,0,0.12711185077882126
2754,1,0.6232428368967046
2755,0,0.026671014714979135
2756,0,0.4056294627226436
2757,0,0.5159538903509168
2758,0,0.0005393743257820928
2759,0,0.3406621281715109
2760,1,0.814170653907496
2761,0,0.03664685240108225
2762,0,0.003283130118318373
2763,1,0.23617165421030142
2764,0,0.0934617812882176
2765,0,0.00212667591308368
2766,1,0.5723075320867591
2767,0,0.22929104995540386
2768,0,0.18761944548956513
2769,0,0.17377655295414832
2770,0,0.2851097000572422
2771,0,0.09707945106175747
2772,0,0.40505556514993274
2773,0,0.3564075981285697
2774,0,0.0009602497466575137
2775,0,0.044821886322384825
2776,0,0.0588489931816664
2777,1,0.603803331839152
2778,0,0.05146354563394704
2779,0,0.07696822816754284
2780,0,0.03484604863628171
2781,1,0.48668943853001895
2782,0,0.2673633494277102
2783,1,0.5631914108289428
2784,0,0.01112950002733712
2785,0,0.11448343246345465
2786,1,0.33660613910748327
2787,0,0.18216095902313567
2788,0,0.5472688607867838
2789,0,0.5971681212961787
2790,0,0.0
2791,0,0.3544818049490539
2792,0,0.6554761077929987
2793,0,0.2279762496621588
2794,0,0.08209136598428794
2795,0,0.14064588062921637
2796,0,0.2389592046371707
2797,0,0.3380403635076124
2798,0,0.042231496184001065
2799,0,0.29437046004842615
2800,1,0.3929590483432996
2801,0,0.3888788663802105
2802,1,0.7270041686708354
2803,1,0.29882111644012777
2804,1,0.6003511473912567
2805,0,0.044821886322384825
2806,0,0.0
2807,1,0.03484604863628171
2808,0,0.1605502967004284
2809,0,0.22060683678811452
2810,1,0.6586174344969387
2811,0,0.40554693166809613
2812,0,0.4786281126031298
2813,0,0.05504330421089578
2814,0,0.00480136896126056
2815,0,0.1444519138450796
2816,1,0.24475289588464855
2817,0,0.06504511593629446
2818,0,0.48118641463039796
2819,1,0.49869745004534866
2820,0,0.5140820863172065
2821,0,0.6668291296475641
2822,0,0.12667188022165468
2823,0,0.0009602497466575137
2824,0,0.171145369643013
2825,1,0.3991467881711784
2826,1,0.7451548417951431
2827,1,0.43516547513856535
2828,0,0.2998885883655423
2829,0,0.41412587045066357
2830,1,0.6553271925082648
2831,1,0.37165792165792166
2832,0,0.03495193714684496
2833,0,0.6170299859835249
2834,0,0.47610763113036986
2835,0,0.29437046004842615
2836,0,0.3594185417645133
2837,1,0.4172792962767767
2838,0,0.6107536538962329
2839,0,0.019615370490237934
2840,0,0.22929104995540386
2841,0,0.32827297573805186
2842,0,0.04940227471187223
2843,0,0.07781044953231886
2844,1,0.5260868116379692
2845,1,0.5742764317907308
2846,0,0.0009602497466575137
2847,1,0.5287903052487816
2848,0,0.4664822563435653
2849,1,0.7528638322116583
2850,0,0.38220451070297706
2851,0,0.0005393743257820928
2852,0,0.4654814070484537
2853,0,0.03495193714684496
2854,0,0.05146354563394704
2855,0,0.042231496184001065
2856,0,0.0005393743257820928
2857,0,0.41800923047760413
2858,0,0.3681564584225662
2859,1,0.34732806630474916
2860,0,0.43757302492220823
2861,0,0.10477657942520964
2862,1,0.5104269275742541
2863,0,0.003283130118318373
2864,0,0.3381043461043461
2865,0,0.21004310155253547
2866,1,0.6865401879226765
2867,0,0.11936050061050062
2868,1,0.521257680351888
2869,0,0.30625698398031403
2870,0,0.04527856116515255
2871,0,0.15484938171155835
2872,0,0.08969400351403811
2873,1,0.6192764548172125
2874,0,0.017904979740440956
2875,0,0.06953713051024564
2876,0,0.37799294201733225
2877,0,0.00480136896126056
2878,0,0.00480136896126056
2879,0,0.03272167297330575
2880,0,0.4943311727486976
2881,1,0.7011586452762923
2882,0,0.11554655687851141
2883,0,0.2688141072910612
2884,1,0.4032880459151646
2885,0,0.10614497013239717
2886,0,0.38674917737629605
2887,1,0.46286376663635836
2888,0,0.0024784885895997007
2889,1,0.42625275610012753
2890,1,0.4122025121756024
2891,1,0.8161478471290672
2892,0,0.6261966707857998
2893,0,0.0024784885895997007
2894,0,0.42350512856421424
2895,0,0.23837371752863754
2896,1,0.4919973892609281
2897,0,0.011440336568935354
2898,0,0.37055214978297574
2899,0,0.26969245599549685
2900,0,0.05715407792742911
2901,1,0.6735948751519686
2902,0,0.10070866604673039
2903,1,0.5746664722606983
2904,0,0.34110644257703077
2905,0,0.09392887058495043
2906,0,0.250770333618278
2907,1,0.5844674060358922
2908,1,0.4841314644719996
2909,1,0.5367006972414549
2910,0,0.020342883648902573
2911,0,0.2228148453020967
2912,0,0.22910761358422038
2913,0,0.0009602497466575137
2914,0,0.0
2915,0,0.3280828582549168
2916,0,0.3015511414986836
2917,0,0.020342883648902573
2918,0,0.044821886322384825
2919,0,0.49494056852573126
2920,0,0.0
2921,1,0.8211041368716563
2922,0,0.5093362152955362
2923,0,0.14095771810771565
2924,1,0.7150614617866223
2925,0,0.3919545649053846
2926,0,0.223031005604147
2927,1,0.5951992215922068
2928,0,0.00480136896126056
2929,0,0.0009602497466575137
2930,0,0.14490873671569557
2931,0,0.12529176190133143
2932,1,0.708295716282218
2933,0,0.20634076945554455
2934,1,0.4615712341654603
2935,0,0.6807612169490755
2936,0,0.0056423065171739605
2937,1,0.09159661663494058
2938,0,0.3343128307897847
2939,0,0.0024784885895997007
2940,1,0.5367006972414549
2941,1,0.2747311093922738
2942,1,0.558833414901164
2943,0,0.05220733387010418
2944,1,0.5091808574567195
2945,0,0.31108203009280816
2946,1,0.25825703354572166
2947,0,0.6985696687731884
2948,0,0.5254262735369236
2949,0,0.03664685240108225
2950,1,0.4570634880228089
2951,1,0.4802025926709663
2952,0,0.09707945106175747
2953,0,0.22866503650747114
2954,0,0.21889358208892515
2955,0,0.26754697984076775
2956,0,0.13962775408670933
2957,0,0.23449705618296532
2958,0,0.48177048410182194
2959,0,0.0913492961287079
2960,1,0.17437568670501258
2961,0,0.42144669714437155
2962,0,0.5156022666490255
2963,0,0.003283130118318373
2964,0,0.7200974685414518
2965,0,0.3078471968497544
2966,0,0.457642362364427
2967,1,0.5960319601502725
2968,0,0.4781899721832981
2969,1,0.5514823938799162
2970,0,0.26969245599549685
2971,0,0.003283130118318373
2972,0,0.419695064791839
2973,0,0.0009602497466575137
2974,0,0.1274021218446638
2975,1,0.7368922261779405
2976,0,0.4398240423666988
2977,1,0.5104229948443495
2978,0,0.061771195252466334
2979,1,0.6803729628564802
2980,1,0.7545954339432601
2981,0,0.16270342090686638
2982,0,0.0004208754208754209
2983,0,0.16873318812635388
2984,0,0.4039239842962205
2985,1,0.6240038177046051
2986,1,0.33660613910748327
2987,0,0.027728331196621925
2988,0,0.2393397336691592
2989,0,0.01877443293432453
2990,0,0.03515957688176737
2991,0,0.014281140267544878
2992,0,0.016927530079098512
2993,0,0.22929104995540386
2994,1,0.6880594038269233
2995,1,0.5742764317907308
2996,0,0.34895763606211366
2997,1,0.7771829702864186
2998,0,0.37386813186813184
2999,0,0.028517917570205154
3000,1,0.6563895470231742
3001,0,0.18932396333526277
3002,0,0.1136013302915566
3003,0,0.061362096588943066
3004,0,0.0024784885895997007
3005,1,0.4822789974859145
3006,1,0.39400602147327035
3007,1,0.47359475732519485
3008,0,0.6232428368967046
3009,0,0.00480136896126056
3010,1,0.8528126583934207
3011,0,0.13749559256434854
3012,0,0.01112950002733712
3013,0,0.29876308908004434
3014,1,0.7723513024045362
3015,0,0.13166497793114298
3016,1,0.7368922261779405
3017,0,0.5179511205127509
3018,1,0.8311403508771931
3019,0,0.00480136896126056
3020,1,0.6709191246825655
3021,0,0.09707945106175747
3022,1,0.4735060345418547
3023,0,0.05220733387010418
3024,0,0.46048607146344267
3025,1,0.5244380546254448
3026,1,0.7212711629378296
3027,0,0.0
3028,1,0.5477819146218015
3029,0,0.38185783122163186
3030,0,0.0
3031,1,0.818611615245009
3032,1,0.818611615245009
3033,0,0.00480136896126056
3034,0,0.19231535628830007
3035,0,0.0
3036,1,0.8019078651477005
3037,1,0.4802025926709663
3038,1,0.7224609717896507
3039,0,0.036361294500490776
3040,1,0.49136526555881405
3041,0,0.4193472747225948
3042,1,0.475125808569792
3043,1,0.7022037272477982
3044,0,0.27596900512392514
3045,1,0.5011883429096692
3046,0,0.08826248946180414
3047,0,0.07808609614767592
3048,0,0.11813885859687386
3049,0,0.0635298700720854
3050,0,0.40124415814070985
3051,0,0.675245939673842
3052,1,0.6586174344969387
3053,0,0.0040657901769012884
3054,0,0.3260599749666046
3055,0,0.0004208754208754209
3056,0,0.5514823938799162
3057,0,0.08216751999395631
3058,0,0.10622145596498854
3059,0,0.48800737071668054
3060,0,0.2135116631753513
3061,1,0.6433653251673244
3062,1,0.8084376481744903
3063,0,0.0009602497466575137
3064,1,0.4567554381994216
3065,0,0.3288871934882529
3066,1,0.5951992215922068
3067,0,0.6490883602912475
3068,0,0.33755784445439624
3069,0,0.07475196897453946
3070,0,0.4140612210521403
3071,0,0.09185074754216478
3072,0,0.020342883648902573
3073,0,0.09059474341181399
3074,0,0.003283130118318373
3075,0,0.04148770794784393
3076,1,0.5927002881865779
3077,1,0.6668291296475641
3078,1,0.45812063474107934
3079,0,0.10070866604673039
3080,0,0.01538579115305458
3081,0,0.0
3082,1,0.5469119498448122
3083,1,0.5260868116379692
3084,1,0.8076408708807062
3085,0,0.0009602497466575137
3086,1,0.4526596825070539
3087,0,0.003283130118318373
3088,0,0.6189988856874967
3089,1,0.7424282586076077
3090,0,0.2228148453020967
3091,1,0.4487308107060206
3092,1,0.5417823401359382
3093,0,0.5106221780594874
3094,0,0.302407174872251
3095,1,0.7207791135013534
3096,1,0.6003511473912567
3097,0,0.26329453721776425
3098,1,0.5105130825019032
3099,0,0.05270980685029799
3100,0,0.3788154539131587
3101,0,0.26021640240204047
3102,0,0.016927530079098512
3103,0,0.19699922777083748
3104,1,0.4781899721832981
3105,0,0.002547551333959101
3106,0,0.04374674204821013
3107,0,0.08383569227720489
3108,0,0.026257029801800155
3109,1,0.8393634549764899
3110,0,0.003283130118318373
3111,0,0.03495193714684496
3112,0,0.16142890188691714
3113,0,0.0588489931816664
3114,0,0.04394377187575982
3115,0,0.034056462262698484
3116,0,0.04269751065940886
3117,0,0.00480136896126056
3118,1,0.6804481988882567
3119,0,0.0023228803716608595
3120,0,0.3403222381483251
3121,1,0.45812063474107934
3122,1,0.6261966707857998
3123,0,0.5141404669349156
3124,0,0.5166708697066899
3125,1,0.5864624130195065
3126,0,0.2196298238962515
3127,1,0.6221066757507984
3128,1,0.3922385022385022
3129,1,0.7465562720939065
3130,1,0.44276931625462695
3131,0,0.07537087241146552
3132,0,0.10458362962195357
3133,0,0.535826928883024
3134,0,0.06650000345147741
3135,1,0.7137027846705265
3136,0,0.8211041368717172
3137,0,0.0
3138,0,0.3007669370699779
3139,1,0.6768141404136468
3140,0,0.04527856116515255
3141,0,0.12480997473494844
3142,1,0.15047829716420627
3143,0,0.007505660554441042
3144,0,0.01454485359714118
3145,0,0.06071415783494341
3146,1,0.2703425431944971
3147,0,0.07696822816754284
3148,0,0.08262434286457228
3149,0,0.39287486778943953
3150,0,0.00212667591308368
3151,1,0.4795484860783037
3152,0,0.5700255640986739
3153,0,0.06342938157115381
3154,0,0.04606814753873578
3155,1,0.23155139434209202
3156,1,0.4341945410910928
3157,0,0.20299984347171282
3158,0,0.2689505895645011
3159,1,0.5724519949214054
3160,0,0.02935885512611856
3161,0,0.07696822816754284
3162,0,0.1136013302915566
3163,1,0.6049393388372615
3164,0,0.002547551333959101
3165,0,0.013026614754198994
3166,0,0.3548967045356937
3167,0,0.08873302529585016
3168,1,0.6087099649243862
3169,1,0.7874755756943695
3170,0,0.58482796599785
3171,0,0.44641291890134654
3172,0,0.12611723359944463
3173,1,0.7207107486993635
3174,0,0.0588489931816664
3175,0,0.06326940291481113
3176,1,0.5347317975374831
3177,0,0.036361294500490776
3178,1,0.6709191246825655
3179,0,0.15352663466261604
3180,0,0.3420897573830932
3181,0,0.6135434490842068
3182,1,0.7957352797578362
3183,0,0.05038840135977235
3184,1,0.4255917060578632
3185,0,0.11813885859687386
3186,0,0.08058402009686981
3187,0,0.36533083610774275
3188,0,0.0
3189,0,0.43757302492220823
3190,0,0.03484604863628171
3191,0,0.00480136896126056
3192,0,0.002862254697442952
3193,0,0.2376686359911229
3194,0,0.002547551333959101
3195,0,0.553451293583888
3196,1,0.8359800362976406
3197,0,0.0020081770081770084
3198,0,0.36933274851315484
3199,1,0.07144443683608427
3200,1,0.5289221635733768
3201,0,0.08383569227720489
3202,0,0.03605585134784665
3203,0,0.16026603246688365
3204,0,0.0009602497466575137
3205,0,0.028517917570205154
3206,1,0.5752068219434295
3207,1,0.6012815375439554
3208,1,0.8438036493844115
3209,1,0.24783351810790835
3210,0,0.003283130118318373
3211,0,0.5815946325500277
3212,0,0.19801691335604388
3213,1,0.5201453193492678
3214,1,0.6450736012880226
3215,0,0.0
3216,0,0.002547551333959101
3217,0,0.18010413652822713
3218,0,0.34664318732115335
3219,0,0.3844749845693521
3220,1,0.3548967045356937
3221,0,0.0588489931816664
3222,0,0.06009525439801735
3223,1,0.7845551778552383
3224,1,0.5552707673779416
3225,0,0.14064588062921637
3226,0,0.0588489931816664
3227,0,0.521257680351888
3228,0,0.10947909730553362
3229,1,0.12796484396495078
3230,0,0.33374285838184753
3231,0,0.29541180221457203
3232,0,0.028517917570205154
3233,1,0.7427872419090219
3234,0,0.19951073321195512
3235,0,0.5033947230068346
3236,0,0.15290851314897214
3237,0,0.21041352944568437
3238,1,0.558833414901164
3239,0,0.7621773353340174
3240,0,0.003283130118318373
3241,0,0.09826671998696614
3242,0,0.04940227471187223
3243,0,0.0704250019845995
3244,1,0.7396502357695663
3245,0,0.3423509598182088
3246,0,0.20303762775601694
3247,0,0.5218034125469795
3248,1,0.564082992294847
3249,0,0.6938644618939281
3250,0,0.3651731792302113
3251,0,0.33595306859205776
3252,1,0.8311403508771931
3253,0,0.026903367765201625
3254,0,0.002547551333959101
3255,0,0.003283130118318373
3256,1,0.7713965831292006
3257,0,0.4172792962767767
3258,0,0.42262131478744
3259,0,0.21054715632301782
3260,0,0.43419520789288235
3261,1,0.4415018967232415
3262,0,0.0
3263,1,0.17299225121953585
3264,0,0.3209359112292471
3265,1,0.606658730389168
3266,0,0.00212667591308368
3267,1,0.6286637669007749
3268,0,0.6342859583920714
3269,0,0.0
3270,1,0.8329757477972407
3271,0,0.37792895942059856
3272,0,0.27600471715314023
3273,0,0.2065004471784133
3274,0,0.03664685240108225
3275,0,0.6003511473912567
3276,1,0.6049393388372615
3277,0,0.010599399013021954
3278,0,0.3815425054957769
3279,1,0.675245939673842
3280,1,0.5380082766943212
3281,0,0.0004208754208754209
3282,0,0.044821886322384825
3283,0,0.0005393743257820928
3284,1,0.8311403508771931
3285,0,0.06196041905129437
3286,0,0.14677318295739347
3287,0,0.050512418615866896
3288,0,0.00480136896126056
3289,1,0.24489452404944403
3290,0,0.32915072717466487
3291,0,0.00480136896126056
3292,1,0.7862428755285897
3293,1,0.49750054184058
3294,0,0.3025587492402417
3295,0,0.0
3296,1,0.1548195984059121
3297,0,0.6129317070806762
3298,0,0.002547551333959101
3299,0,0.6418177340259106
3300,0,0.18133867698544315
3301,0,0.5146624600952643
3302,0,0.5033947230068346
3303,0,0.18133867698544315
3304,0,0.6346340186636327
3305,0,0.14919975025507484
3306,1,0.5742764317907308
3307,0,0.05220733387010418
3308,0,0.04606814753873578
3309,1,0.6298988334356864
3310,0,0.4742611003822648
3311,1,0.6693509239427607
3312,1,0.37475183732612577
3313,0,0.0009602497466575137
3314,0,0.5971681212961787
3315,1,0.475125808569792
3316,0,0.0
3317,0,0.06255236133876911
3318,0,0.0
3319,0,0.2279436152570481
3320,0,0.457642362364427
3321,0,0.23837371752863754
3322,0,0.0
3323,0,0.6003511473912567
3324,0,0.5210152841262571
3325,0,0.00480136896126056
3326,0,0.26430301339675194
3327,0,0.39695045695045694
3328,1,0.3280828582549168
3329,0,0.2776092429261982
3330,1,0.7271661786689109
3331,1,0.6490883602912475
3332,0,0.6490883602912475
3333,1,0.47120307948149603
3334,0,0.003283130118318373
3335,0,0.06953713051025597
3336,0,0.18013854095032256
3337,0,0.00480136896126056
3338,0,0.11627441235517595
3339,1,0.5011883429096692
3340,1,0.7301623380470171
3341,1,0.41013234925110703
3342,0,0.09083131269065059
3343,0,0.042231496184001065
3344,0,0.3354438694578586
3345,0,0.09431477447434712
3346,1,0.39400602147327035
3347,0,0.020342883648902573
3348,1,0.5102937708345285
3349,0,0.4056294627226436
3350,0,0.028517917570205154
3351,0,0.619023696115096
3352,0,0.4526596825070539
3353,0,0.6804481988882567
3354,0,0.5105973346319171
3355,1,0.5171459875635124
3356,1,0.8359800362976406
3357,1,0.5347317975374831
3358,0,0.2607651266012005
3359,0,0.01454485359714118
3360,0,0.4373486337189955
3361,0,0.23837371752863754
3362,0,0.42625275610012753
3363,0,0.03632466290285515
3364,1,0.5723075320867591
3365,1,0.5014814879022756
3366,0,0.04300295381205299
3367,0,0.3453623744664471
3368,1,0.4540992300614286
3369,0,0.296201961879928
3370,1,0.6286637669007749
3371,0,0.14126400214286028
3372,0,0.008276518641361095
3373,1,0.7150614617866223
3374,1,0.44674555221170936
3375,1,0.6170299859835249
3376,0,0.34927327574386396
3377,0,0.03972903312822487
3378,0,0.044821886322384825
3379,0,0.06071415783494341
3380,0,0.01877443293432453
3381,0,0.5254262735369236
3382,0,0.0004208754208754209
3383,0,0.38018923982822894
3384,0,0.3409982174688057
3385,0,0.04122724079056966
3386,0,0.0024784885895997007
3387,0,0.5391422385815875
3388,0,0.0009602497466575137
3389,0,0.07350570775818852
3390,0,0.41253514548596515
3391,0,0.38031846383804996
3392,0,0.3406621281715109
3393,0,0.008345581385720497
3394,0,0.4302656692900595
3395,1,0.3095780685920578
3396,0,0.0004208754208754209
3397,0,0.07808609614767592
3398,0,0.0009602497466575137
3399,0,0.47608590566032877
3400,1,0.3340626340626341
3401,0,0.21105632551528075
3402,0,0.002547551333959101
3403,0,0.06009525439801735
3404,0,0.26317164947469035
3405,0,0.6494573142017441
3406,1,0.2636894724408166
3407,0,0.13790548896081356
3408,0,0.12899189586752363
3409,0,0.0350784016865042
3410,1,0.4743929587068601
3411,0,0.11204800311677886
3412,1,0.5724519949214054
3413,1,0.3611640211640212
3414,0,0.003283130118318373
3415,0,0.048873155495563286
3416,0,0.45379566626403994
3417,0,0.1982584150310541
3418,0,0.479850935922038
3419,1,0.5787213072374162
3420,0,0.0024784885895997007
3421,1,0.5386488916847119
3422,0,0.25481515897007895
3423,0,0.036361294500490776
3424,1,0.15290851314897214
3425,0,0.009081160170079768
3426,1,0.7301623380470171
3427,0,0.0
3428,1,0.2290385697165358
3429,1,0.6012815375439554
3430,0,0.3594002230636025
3431,0,0.0024784885895997007
3432,0,0.007505660554441042
3433,0,0.05604393402343446
3434,0,0.08134757774813081
3435,0,0.47801943409053615
3436,0,0.056888210760523174
3437,0,0.0040657901769012884
3438,0,0.6177091193421038
3439,0,0.09043779175019524
3440,1,0.40137624255271315
3441,0,0.07475196897453946
3442,1,0.14863116697903597
3443,0,0.15180102915951968
3444,1,0.7308847157698822
3445,0,0.24912354214679797
3446,0,0.0
3447,0,0.13056620988240406
3448,0,0.04172006099806643
3449,1,0.6212739371927328
3450,0,0.11627441235517595
3451,0,0.0803023553406793
3452,0,0.3509537712595007
3453,0,0.002547551333959101
3454,0,0.011576848674364397
3455,1,0.6709191246825655
3456,1,0.4809583934355904
3457,0,0.1757260504444396
3458,1,0.5472688607867838
3459,0,0.1818984923034123
3460,0,0.0009602497466575137
3461,0,0.012644745891546181
3462,1,0.8311403508771931
3463,0,0.034056462262698484
3464,1,0.42708831694962596
3465,0,0.6407544140470383
3466,1,0.35240485040592345
3467,0,0.0009602497466575137
3468,1,0.2860025747428681
3469,1,0.5010277308778092
3470,0,0.4045443220115709
3471,0,0.05840345662473224
3472,0,0.05220733387010418
3473,0,0.0009602497466575137
3474,0,0.4565011250401801
3475,0,0.3955766710353867
3476,0,0.0009602497466575137
3477,1,0.7451548417951431
3478,0,0.044821886322384825
3479,0,0.06908030763962968
3480,0,0.26768860800556327
3481,0,0.021183821204815975
3482,0,0.03515957688176737
3483,0,0.07173939425460724
3484,0,0.41412587045066357
3485,1,0.7300373830259979
3486,0,0.6069082385412333
3487,0,0.10195663603379386
3488,1,0.5260868116379692
3489,1,0.6229250017146062
3490,0,0.0004208754208754209
3491,1,0.7252354288571413
3492,1,0.670843888650789
3493,0,0.0
3494,1,0.4313646599673216
3495,0,0.3936064756550022
3496,0,0.47880753236183954
3497,1,0.5289221635733768
3498,0,0.10730142017322854
3499,0,0.24669757362813818
3500,1,0.30190404116351527
3501,0,0.2790603825290463
3502,0,0.042231496184001065
3503,0,0.3110792589053459
3504,0,0.2279436152570481
3505,0,0.333814699108035
3506,0,0.011576848674364397
3507,1,0.26125987562126346
3508,0,0.00480136896126056
3509,1,0.7141907320132993
3510,1,0.4373486337189955
3511,0,0.0056423065171739605
3512,1,0.39400602147327035
3513,1,0.553451293583888
3514,0,0.003283130118318373
3515,0,0.0009602497466575137
3516,0,0.0
3517,0,0.5289221635733768
3518,1,0.8489290755624693
3519,0,0.29248653995161605
3520,0,0.011576848674364397
3521,0,0.24441769110360023
3522,0,0.5320667844056196
3523,0,0.3235786549542955
3524,0,0.33660613910748327
3525,0,0.0009602497466575137
3526,0,0.1180427519266413
3527,0,0.08134757774813081
3528,0,0.778030303030303
3529,1,0.4058649232108948
3530,1,0.5008820608144328
3531,0,0.09514024617246032
3532,0,0.0009602497466575137
3533,0,0.06310768549053693
3534,0,0.0040657901769012884
3535,1,0.4846130337150707
3536,1,0.10543625551995152
3537,0,0.32988197019892546
3538,0,0.521257680351888
3539,0,0.017904979740440956
3540,1,0.5436976997260685
3541,1,0.1529220779220779
3542,0,0.03860765671110499
3543,0,0.03484604863628171
3544,0,0.3007669370699779
3545,0,0.05270980685029799
3546,0,0.4302016866933258
3547,0,0.21281697410885178
3548,0,0.0
3549,1,0.3990828055744447
3550,0,0.13749530015240932
3551,1,0.32764532117550327
3552,0,0.010599399013021954
3553,0,0.5380082766943212
3554,0,0.00480136896126056
3555,0,0.11777080783353733
3556,0,0.0009602497466575137
3557,0,0.23449705618296532
3558,1,0.43123543595750063
3559,0,4.5633406540181435e-17
3560,0,0.08701622824545319
3561,0,0.38047682982467573
3562,1,0.624893901418578
3563,0,0.0
3564,0,0.6232428368967046
3565,0,0.0009602497466575137
3566,0,0.8311403508771931
3567,1,0.43757302492220823
3568,0,0.028517917570205154
3569,0,0.0
3570,0,0.10622145596498854
3571,0,0.37383278142738235
3572,1,0.6709191246825655
3573,0,0.4580281018624619
3574,1,0.6660395232031151
3575,0,0.002547551333959101
3576,0,0.03484604863628171
3577,0,0.00480136896126056
3578,0,0.07719403296564267
3579,0,0.5723075320867591
3580,1,0.7520161995879547
3581,0,0.2768830658575759
3582,1,0.45706631441228596
3583,0,0.12209610564873723
3584,0,0.40984035982294614
3585,0,0.202419506242373
3586,0,0.0004208754208754209
3587,0,0.16604253797050408
3588,0,0.0009602497466575137
3589,0,0.0
3590,0,0.008345581385720497
3591,0,0.0004208754208754209
3592,0,0.10241542274912531
3593,0,0.6336453434016805
3594,1,0.27688306585755057
3595,1,0.7047522738699209
3596,0,0.003283130118318373
3597,1,0.765411980626232
3598,0,0.05790909867671148
3599,0,0.48515957783429037
3600,1,0.6394279699687276
3601,0,0.009081160170079768
3602,0,0.26332329950751004
3603,0,0.5875361248387293
3604,0,0.37273840073902503
3605,1,0.3155823335623557
3606,0,0.009081160170079768
3607,1,0.5820476493318137
3608,0,0.0281862605791882
3609,0,0.020342883648902573
3610,1,0.8622540463437391
3611,0,0.13836231183142952
3612,0,0.3032759502115517
3613,1,0.39160361289411094
3614,0,0.24441769110360023
3615,0,0.7300373830259979
3616,0,0.5752068219434295
3617,0,0.23837371752863754
3618,1,0.7460218872012363
3619,0,0.10035415182705049
3620,1,0.8489290755624693
3621,1,0.5710574443500686
3622,0,0.37386813186813184
3623,0,0.11622776947854346
3624,0,0.13139168158051726
3625,0,0.2279436152570481
3626,1,0.5584562256009965
3627,0,0.00480136896126056
3628,0,0.53611246754928
3629,0,0.00480136896126056
3630,0,0.3660698812123373
3631,0,0.14310821910535207
3632,0,0.4675645422531532
3633,0,0.003283130118318373
3634,1,0.82669938953968
3635,1,0.818611615245009
3636,1,0.5307592049527534
3637,0,0.026671014714979135
3638,0,0.28763487562126344
3639,1,0.2881390150695797
3640,0,0.222280333964226
3641,0,0.4101963318478407
3642,0,0.00480136896126056
3643,0,0.010599399013021954
3644,0,0.35418816139526976
3645,0,0.2838647670737223
3646,0,0.1735097912514362
3647,0,0.47241974764824324
3648,0,0.10276317345633218
3649,1,0.7993289083514648
3650,0,0.4330868798226432
3651,1,0.4375193517757841
3652,1,0.24546187018025933
3653,0,0.007505660554441042
3654,0,0.4469522830357589
3655,0,0.3619480934676796
3656,0,0.03600051443768077
3657,0,0.49494056852573126
3658,1,0.6689502249785937
3659,0,0.00212667591308368
3660,1,0.5367006972414549
3661,0,0.03122220916338564
3662,0,0.0009602497466575137
3663,1,0.5514823938799162
3664,0,0.13854553659105653
3665,0,0.5922946094394249
3666,0,0.37291615791615795
3667,0,0.16535704407677274
3668,0,0.04300295381205299
3669,0,0.6189236496557201
3670,0,0.10792798658926865
3671,0,0.4193472747225948
3672,1,0.7621773353340174
3673,0,0.03860765671110499
3674,0,0.6921697722811745
3675,1,0.4114884239567976
3676,0,0.22717474656791234
3677,0,0.12137687909977775
3678,1,0.3571069147459039
3679,0,0.0009602497466575137
3680,1,0.6768141404136468
3681,1,0.1458466062239647
3682,0,0.3420897573830932
3683,0,0.25481515897007895
3684,0,0.5377572381556638
3685,0,0.4939787810755553
3686,0,0.05901924258070612
3687,1,0.3535979911722795
3688,0,0.026999678727262968
3689,1,0.05956129282414253
3690,0,0.3531393010597556
3691,0,0.4803217064428867
3692,0,0.0040657901769012884
3693,1,0.4319849976826721
3694,1,0.650494531292093
3695,1,0.10035415182705049
3696,0,0.5607429779723789
3697,1,0.2169746048976963
3698,0,0.04374674204821013
3699,0,0.6585906595922698
3700,0,0.10276317345633218
3701,0,0.009863820228662683
3702,0,0.5696985662153112
3703,0,0.6286415456350535
3704,0,0.3849176755447942
3705,0,0.010599399013021954
3706,0,0.003283130118318373
3707,0,0.09894461571503448
3708,0,0.14490873671569557
3709,0,0.0588489931816664
3710,0,0.5494406504874094
3711,0,0.002547551333959101
3712,0,0.00480136896126056
3713,1,0.6490883602912475
3714,1,0.30972964296004846
3715,0,0.47125677437424746
3716,0,0.0
3717,0,0.158257265652381
3718,0,0.0
3719,0,0.24489452404944403
3720,0,0.034056462262698484
3721,0,0.09894461571503448
3722,0,0.4526596825070539
3723,0,0.5021606212608547
3724,0,0.020342883648902573
3725,0,0.00480136896126056
3726,0,0.0
3727,0,0.18216095902313567
3728,0,0.22018774641995745
3729,1,0.4802025926709663
3730,1,0.553451293583888
3731,1,0.21092145025697115
3732,0,0.01538579115305458
3733,0,0.171145369643013
3734,1,0.46670664754677804
3735,1,0.7737513516908656
3736,0,0.00480136896126056
3737,0,0.6339709551532212
3738,0,0.014281140267544878
3739,0,0.18917574745782043
3740,1,0.6770776398073375
3741,0,0.014281140267544878
3742,1,0.790786676554196
3743,1,0.5093362152955362
3744,1,0.6449983652562462
3745,0,0.002547551333959101
3746,0,0.0020081770081770084
3747,0,0.11777080783353733
3748,0,0.0281862605791882
3749,0,0.16282642986098508
3750,0,0.3117293461043461
3751,1,0.20564982330437256
3752,0,0.4176119295871395
3753,0,0.003283130118318373
3754,0,0.002547551333959101
3755,0,0.23837371752863754
3756,0,0.6926746530421072
3757,0,0.11395242483128294
3758,1,0.07719403296564267
3759,0,0.003283130118318373
3760,0,0.07808609614767592
3761,1,0.425891141588816
3762,0,0.8037141362693144
3763,0,0.07808609614767592
3764,0,0.010599399013021954
3765,0,0.4604046229472794
3766,1,0.44314221926338376
3767,0,0.0009602497466575137
3768,1,0.7485202476420275
3769,0,0.6189988856874967
3770,0,0.11472108518039821
3771,0,0.32817078754578755
3772,1,0.5723075320867591
3773,1,0.1571199564757685
3774,0,0.002547551333959101
3775,0,0.020342883648902573
3776,0,0.05038840135977235
3777,0,0.23837371752863754
3778,1,0.3288291161554525
3779,0,0.0
3780,1,0.8311403508771931
3781,0,0.05583552144485935
3782,0,0.1126477879481312
3783,0,0.009081160170079768
3784,0,0.18786690680574247
3785,1,0.4044911372958245
3786,0,0.09490317401118266
3787,0,0.26969245599549685
3788,1,0.2777608172941889
3789,0,0.45701002270769714
3790,0,0.4418754989345846
3791,0,0.003283130118318373
3792,1,0.8495366551174174
3793,0,0.09707945106175747
3794,1,0.5420828185587309
3795,0,0.0281862605791882
3796,1,0.5840165490357855
3797,0,0.0
3798,0,0.002547551333959101
3799,0,0.46286376663635836
3800,0,0.048873155495563286
3801,0,0.7233993134356016
3802,0,0.36880952893799174
3803,0,0.002547551333959101
3804,0,0.5347031505284713
3805,0,0.2806809598358799
3806,0,0.3343128307897847
3807,1,0.4802025926709663
3808,0,0.41994136992395625
3809,0,0.4302016866933258
3810,0,0.0005393743257820928
3811,0,0.0529196566765161
3812,1,0.6189988856874967
3813,0,0.5100920160601602
3814,0,0.12605338755848883
3815,0,0.54067001672569
3816,0,0.4058649232108948
3817,0,0.002547551333959101
3818,0,0.010599399013021954
3819,0,0.13962775408670933
3820,1,0.6490883602912475
3821,0,0.45314125175012504
3822,0,0.065169133192389
3823,0,0.053565994639917576
3824,0,0.5842121719418697
3825,0,0.16124878737102036
3826,1,0.2879748487894798
3827,0,0.32720450955048114
3828,0,0.27600471715314023
3829,0,0.40587071844500683
3830,0,0.22787688200388936
3831,0,0.0
3832,0,0.029127078642895016
3833,0,0.2995255741867386
3834,1,0.26541655108645396
3835,0,0.07350570775818852
3836,0,0.0009602497466575137
3837,0,0.01454485359714118
3838,0,0.00480136896126056
3839,0,0.162482291659887
3840,0,0.0
3841,0,0.31420316371259766
3842,0,0.048873155495563286
3843,0,0.07198719696164056
3844,0,0.020342883648902573
3845,0,0.36880952893799174
3846,1,0.5153235653235653
3847,0,0.05604393402343446
3848,0,0.0009602497466575137
3849,0,0.06342938157115381
3850,0,0.05604393402343446
3851,0,0.3590946003133901
3852,0,0.2851097000572422
3853,1,0.8624856943822462
3854,0,0.13749530015240932
3855,1,0.6804481988882567
3856,0,0.41412587045066357
3857,1,0.8567526886492404
3858,0,0.020342883648902573
3859,0,0.4781899721832981
3860,1,0.4122025121756024
3861,0,0.10699581113861271
3862,0,0.1554894293418013
3863,1,0.5951992215922068
3864,0,0.08075917821129526
3865,1,0.6907190626519024
3866,0,0.17067555273882037
3867,0,0.24168766604504435
3868,0,0.05056007969444662
3869,0,0.0
3870,0,0.5163684198629556
3871,1,0.7368922261779405
3872,1,0.38031846383804996
3873,1,0.6159169433762948
3874,0,0.003283130118318373
3875,1,0.7679103410670232
3876,0,0.029127078642895016
3877,0,0.4490837115520852
3878,0,0.0005393743257820928
3879,1,0.37486284621965155
3880,1,0.15104334849569512
3881,0,0.4398240423666988
3882,0,0.13166497793114298
3883,1,0.3577599852612989
3884,0,0.00480136896126056
3885,0,0.0024784885895997007
3886,0,0.007806207059938403
3887,0,0.7520161995879547
3888,0,0.10684459730261257
3889,1,0.5566520670898668
3890,0,0.003283130118318373
3891,1,0.8438036493844115
3892,1,0.7427872419090219
3893,0,0.7308847157698822
3894,1,0.6136108794365676
3895,0,0.4393379610980605
3896,0,0.009081160170079768
3897,0,0.09159661663494058
3898,1,0.4598988399582165
3899,1,0.3800903119868637
3900,0,0.010599399013021954
3901,1,0.4279298653982391
3902,1,0.8489290755624693
3903,0,0.5038507566452052
3904,0,0.40436960846921677
3905,0,0.009081160170079768
3906,0,0.010599399013021954
3907,0,0.4386056489369867
3908,0,0.019615370490237934
3909,0,0.2169746048976963
3910,1,0.19610297931193454
3911,1,0.8302930181333085
3912,0,0.018824644805960387
3913,0,0.4786281126031298
3914,0,0.08146479956824784
3915,1,0.3412633305988515
3916,0,0.011576848674364397
3917,0,0.04148770794784393
3918,0,0.09707945106175747
3919,0,0.18658034118153433
3920,1,0.47548460783057944
3921,1,0.6076019567955052
3922,0,0.42956934703659594
3923,0,0.3427936507936508
3924,1,0.7300373830259979
3925,0,0.5817251044066117
3926,0,0.6450736012880226
3927,0,0.5152478501707113
3928,0,0.23837371752863754
3929,0,0.26969245599549685
3930,0,0.5849081305016899
3931,0,0.05345359508645512
3932,0,0.4786281126031298
3933,0,0.0009602497466575137
3934,1,0.4469522830357589
3935,1,0.4743929587068601
3936,0,0.0005393743257820928
3937,0,0.10042754108302852
3938,0,0.04606814753873578
3939,0,0.6261966707857998
3940,0,0.37569963369963366
3941,0,0.4251249025921515
3942,1,0.564082992294847
3943,0,0.3292799511844859
3944,1,0.14126400214286028
3945,0,0.44173911514865044
3946,1,0.3342924112430299
3947,0,0.011440336568935354
3948,0,0.07808609614767592
3949,0,0.00480136896126056
3950,0,0.5584025022141594
3951,1,0.8229399910434033
3952,0,0.43996014082204793
3953,0,0.4580281018624619
3954,0,0.017256194091382345
3955,0,0.1425024163547883
3956,0,0.12796484396495078
3957,1,0.2967175431944971
3958,1,0.36559307359307364
3959,1,0.23608921282835016
3960,1,0.1557461751393409
3961,0,0.07507352142774369
3962,0,0.5584025022141594
3963,0,0.049852846386495175
3964,0,0.5305182644443507
3965,0,0.33086063603269456
3966,0,0.026671014714979135
3967,1,0.31916839199447894
3968,1,0.2520851339115231
3969,0,0.0009602497466575137
3970,1,0.1874854202983378
3971,0,0.0857008569304819
3972,1,0.7465562720939065
3973,1,0.3990828055744447
3974,0,0.002862254697442952
3975,1,0.414864231020621
3976,0,0.00480136896126056
3977,0,0.09894461571503448
3978,1,0.7993289083514648
3979,0,0.5742764317907308
3980,1,0.6002793896410917
3981,0,0.2796130909161318
3982,1,0.33595306859205776
3983,1,0.790786676554196
3984,1,0.4778053913982954
3985,1,0.5324453958700762
3986,0,0.29224372275571425
3987,1,0.6586174344969387
3988,0,0.682008636535112
3989,0,0.7528638322116583
3990,0,0.4119156602404533
3991,0,0.2693701623302946
3992,1,0.4043571938808643
3993,0,0.05715407792742911
3994,0,0.43668610075720277
3995,0,0.05604393402343446
3996,0,0.003283130118318373
3997,0,0.33461056470275946
3998,0,0.3843282733526636
3999,0,0.43757302492220823
4000,0,0.5217071990212756
4001,1,0.27686334971530363
4002,1,0.5204429617273654
4003,0,0.036102083490791824
4004,1,0.8311403508771931
4005,0,0.1473997493734336
4006,0,0.0
4007,0,0.37327262109870807
4008,0,0.0004208754208754209
4009,0,0.020342883648902573
4010,0,0.291231931909898
4011,1,0.4566492740887204
4012,1,0.2709280303030303
4013,0,0.4252928509905254
4014,0,0.4615712341654603
4015,1,0.8657616976582494
4016,0,0.010599399013021954
4017,0,0.0009602497466575137
4018,0,0.011576848674364397
4019,1,0.5141404669349156
4020,0,0.12524668612554424
4021,1,0.8081550976068276
4022,0,0.4304523530465792
4023,0,0.07296307626226978
4024,0,0.457642362364427
4025,0,0.5526465916368902
4026,0,0.021183821204815975
4027,1,0.6275333985011404
4028,0,0.20469257625953152
4029,0,0.37984552607702465
4030,0,0.04148770794784393
4031,1,0.7689328150132585
4032,0,0.0004208754208754209
4033,1,0.8438036493844115
4034,0,0.17399768220112766
4035,0,0.0024784885895997007
4036,0,0.003283130118318373
4037,1,0.8359800362976406
4038,1,0.46205280340853144
4039,1,0.733580825438295
4040,0,0.6209925958190677
4041,0,0.36322150169845563
4042,0,0.6286637669007749
4043,1,0.6572602767964973
4044,0,0.4784037213999171
4045,0,0.002547551333959101
4046,0,0.01538579115305458
4047,0,0.07344579622893933
4048,0,0.18141465704394766
4049,0,0.48413307595191474
4050,1,0.45698825577176444
4051,0,0.0004208754208754209
4052,1,0.4841314644719996
4053,1,0.45505647112757314
4054,1,0.426622082897945
4055,1,0.43645684022943193
4056,0,0.4783218305078934
4057,0,0.002547551333959101
4058,0,0.5627118776763508
4059,1,0.5817251044066117
4060,0,0.45094580423531544
4061,0,0.19801691335604388
4062,0,0.604566830631959
4063,0,0.0830523442024759
4064,0,0.5144935852709387
4065,1,0.15502694859038144
4066,0,0.00480136896126056
4067,1,0.7147024784852084
4068,0,0.08075917821129526
4069,0,0.06325422345672833
4070,0,0.47125677437424746
4071,1,0.30618137900746595
4072,1,0.35955179743159316
4073,0,0.32099989382598076
4074,0,0.24441769110360023
4075,1,0.4742611003822648
4076,1,0.4888090701707665
4077,0,0.003283130118318373
4078,0,0.0639439976228242
4079,0,0.35282802451177764
4080,1,0.26237014638044387
4081,1,0.751758577301472
4082,0,0.6924352036537579
4083,0,0.44922072491451076
4084,0,0.4080872216545841
4085,1,0.5795260091844139
4086,1,0.7202947835618407
4087,0,0.10035757150700401
4088,0,0.17916156419883714
4089,0,0.0690189990443401
4090,0,0.26768860800556327
4091,1,0.7621773353340174
4092,0,0.701320655274368
4093,1,0.2208109973121631
4094,0,0.4742611003822648
4095,1,0.6232428368967046
4096,0,0.6703587104440994
4097,1,0.16751742434224726
4098,0,0.021105337713440236
4099,0,0.5380082766943212
4100,0,0.11200292734099167
4101,1,0.553451293583888
4102,0,0.3264325203703575
4103,0,0.13167288844726896
4104,1,0.8567526886492404
4105,0,0.7271661786689109
4106,1,0.4049763922072181
4107,1,0.46406212702978084
4108,0,0.2169746048976963
4109,0,0.256598545075499
4110,1,0.4672972865483873
4111,1,0.09185074754216478
4112,0,0.35183649334592726
4113,1,0.521257680351888
4114,1,0.6383847447996128
4115,1,0.37291615791615795
4116,1,0.783881947100741
4117,0,0.6509686170191039
4118,0,0.23837371752863754
4119,0,0.11386809199426869
4120,0,0.09059818994912718
4121,0,0.021183821204815975
4122,0,0.008345581385720497
4123,0,0.02935885512611856
4124,0,0.05901924258070612
4125,0,0.1431291667961373
4126,1,0.7465562720939065
4127,0,0.1450198106977768
4128,0,0.01803885414996526
4129,0,0.04233738469456431
4130,0,0.050512418615866896
4131,0,0.5177783272202423
4132,0,0.14394359471989895
4133,1,0.5347317975374831
4134,0,0.06174102856122016
4135,1,0.37117475499131486
4136,0,0.6261966707857998
4137,1,0.5514823938799162
4138,0,0.0740270516969546
4139,1,0.6449983652562462
4140,0,0.010599399013021954
4141,0,0.0024784885895997007
4142,0,0.1388022823885961
4143,0,0.14677318295739347
4144,0,0.05220733387010418
4145,0,0.5065364947293753
4146,1,0.43185873719927237
4147,1,0.7529612089795407
4148,1,0.3235414167666267
4149,1,0.05589556626040871
4150,1,0.6490883602912475
4151,1,0.838963963963964
4152,0,0.10338973987237228
4153,1,0.5812431015326127
4154,0,0.06342938157115381
4155,1,0.6022482893450636
4156,1,0.6804481988882567
4157,0,0.0
4158,1,0.6077998200071377
4159,0,0.0803023553406793
4160,0,0.050512418615866896
4161,0,0.49992027336425676
4162,0,0.010599399013021954
4163,1,0.6077998200071321
4164,0,0.003283130118318373
4165,0,0.5555949426917168
4166,1,0.41996208530805684
4167,0,0.5367006972414549
4168,0,0.03600051443768077
4169,0,0.3429379444085326
4170,1,0.6053715325789569
4171,1,0.5868052724554967
4172,0,0.21041352944568437
4173,0,0.002547551333959101
4174,0,0.0004208754208754209
4175,0,0.3594002230636025
4176,0,0.4742611003822648
4177,0,0.4614767554563904
4178,0,0.5256290039554185
4179,0,0.0040657901769012884
4180,0,0.00480136896126056
4181,0,0.17156495923312068
4182,0,0.0009602497466575137
4183,0,0.02788081742654407
4184,0,0.0
4185,0,0.00274375579253628
4186,0,0.38146907571600935
4187,1,0.4207700101317123
4188,0,0.025208452510964343
4189,0,0.2916021220159151
4190,1,0.39567912073618833
4191,0,0.08075917821129526
4192,0,0.06806811678898177
4193,1,0.3531393010597556
4194,0,0.019615370490237934
4195,0,0.4083648300163389
4196,0,0.5166313597992361
4197,0,0.38120519867244756
4198,1,0.8183408295852074
4199,0,0.0005393743257820928
4200,1,0.5152149728420915
4201,0,0.17832456660866883
4202,1,0.46406212702978084
4203,0,0.1136013302915566
4204,0,0.2584488831672723
4205,1,0.49384673828948406
4206,0,0.3468704931263975
4207,0,0.2982256618544476
4208,0,0.21889358208892515
4209,1,0.6795248910132795
4210,0,0.061362096588943066
4211,0,0.002547551333959101
4212,0,0.013303690606202435
4213,1,0.6261966707857998
4214,0,0.3338786817047687
4215,0,0.521257680351888
4216,0,0.2279436152570481
4217,0,0.01724914519032166
4218,0,0.04300295381205299
4219,0,0.10858558516147254
4220,0,0.06738539238539239
4221,0,0.2766210809341087
4222,0,0.005778818622603001
4223,1,0.7308002371435207
4224,0,0.044821886322384825
4225,1,0.7623874765713682
4226,1,0.558833414901164
4227,1,0.553451293583888
4228,0,0.06009525439801735
4229,0,0.5201853550006765
4230,0,0.6221066757507984
4231,1,0.6804481988882567
4232,1,0.6212739371927328
4233,0,0.0056423065171739605
4234,0,0.45598387763538656
4235,0,0.4959509467766348
4236,0,0.12879031566306398
4237,0,0.18216095902313567
4238,0,0.06529454622443082
4239,0,0.037863868474947854
4240,1,0.7084068096874757
4241,0,0.16398571547559554
4242,1,0.47801943409053615
4243,0,0.0004208754208754209
4244,0,0.15002522195318804
4245,1,0.6693509239427607
4246,0,0.4151622088759952
4247,1,0.5530530430078268
4248,0,0.30903489166201026
4249,1,0.42779120702203294
4250,0,0.48926687785331735
4251,0,0.0004208754208754209
4252,1,0.6475201595514427
4253,0,0.0
4254,0,0.003283130118318373
4255,0,0.04122724079056966
4256,0,0.010599399013021954
4257,1,0.553451293583888
4258,0,0.5804175249537455
4259,0,0.5359868920783771
4260,0,0.00480136896126056
4261,0,0.003283130118318373
4262,0,0.020342883648902573
4263,1,0.45419176294004604
4264,0,0.010599399013021954
4265,0,0.010599399013021954
4266,0,0.30474646837525415
4267,1,0.8489290755624693
4268,0,0.3420897573830932
4269,0,0.0507383201488403
4270,0,0.027595259525952598
4271,1,0.4172792962767767
4272,1,0.692114238803641
4273,0,0.171145369643013
4274,0,0.11080184435447593
4275,0,0.04002514574382914
4276,0,0.8109301698011375
4277,0,0.5585561955874787
4278,0,0.5380082766943212
4279,0,0.07475196897453946
4280,0,0.38220451070297706
4281,0,0.40675453222178115
4282,0,0.08209136598428794
4283,1,0.5578679959088215
4284,1,0.6471194605872758
4285,1,0.21423109153998357
4286,0,0.31181648074664026
4287,1,0.7260896004182792
4288,0,0.0009602497466575137
4289,0,0.25481515897007895
4290,1,0.7470661932484592
4291,0,0.010599399013021954
4292,1,0.6994403985465115
4293,1,0.3874945528405244
4294,0,0.605772077395327
4295,0,0.10886097579188973
4296,0,0.04606814753873578
4297,0,0.010599399013021954
4298,1,0.7030066623683645
4299,0,0.21105632551528075
4300,1,0.31042895957738265
4301,1,0.7212711629378296
4302,0,0.0040657901769012884
4303,0,0.024678274187788316
4304,1,0.48926687785331735
4305,1,0.39695045695045694
4306,1,0.6765487090410639
4307,0,0.0
4308,0,0.0004208754208754209
4309,0,0.08383569227720489
4310,0,0.0
4311,0,0.599457589895081
4312,1,0.4062297526001144
4313,0,0.09002740354636306
4314,0,0.2208109973121631
4315,0,0.6189236496557201
4316,0,0.82669938953968
4317,0,0.0
4318,0,0.32326444091149975
4319,0,0.5817251044066117
4320,0,0.2796130909161318
4321,1,0.58992851568939
4322,0,0.13478274103023
4323,0,0.00480136896126056
4324,0,0.0
4325,0,0.0588489931816664
4326,0,0.2718611111111111
4327,1,0.5056150191168904
4328,0,0.10792798658926865
4329,1,0.5100920160601602
4330,1,0.7080987429788795
4331,1,0.7529612089795407
4332,0,0.13918778352954272
4333,0,0.202419506242373
4334,1,0.38377439787805795
4335,0,0.0
4336,0,0.03484604863628171
4337,0,0.2540889819014567
4338,1,0.4598988399582165
4339,0,0.008345581385720497
4340,0,0.0009602497466575137
4341,1,0.5035265813314299
4342,1,0.7409742042140395
4343,0,0.002547551333959101
4344,0,0.44225565865195726
4345,1,0.42563655708054055
4346,1,0.3964642640948625
4347,1,0.8311403508771931
4348,1,0.5305182644443507
4349,0,0.0
4350,0,0.16593948248177104
4351,0,0.43186283498030803
4352,0,0.009081160170079768
4353,0,0.5273373444821153
4354,0,0.05270980685029799
4355,0,0.769587937691386
4356,0,0.3987179761852251
4357,0,0.0
4358,0,0.457642362364427
4359,0,0.39002321744114116
4360,0,0.5673765500036686
4361,0,0.05163379503298678
4362,0,0.18761944548956513
4363,0,0.026671014714979135
4364,1,0.6052874705295315
4365,0,0.03664685240108225
4366,0,0.3543234389624281
4367,0,0.3510536283652579
4368,0,0.06980858541792333
4369,0,0.6261966707857998
4370,1,0.5960319601502725
4371,0,0.758596837944664
4372,1,0.6189988856874967
4373,1,0.5894162469086016
4374,0,0.026671014714979135
4375,1,0.5380082766943212
4376,0,0.42866147326380183
4377,0,0.0
4378,0,0.010599399013021954
4379,1,0.6069082385412333
4380,0,0.28074841976010484
4381,0,0.009081160170079768
4382,0,0.5878110276976457
4383,1,0.6479521991453251
4384,0,0.01112950002733712
4385,0,0.303475043791999
4386,0,0.4742611003822648
4387,0,0.04606814753873578
4388,0,0.05586877590900898
4389,0,0.0
4390,0,0.37569963369963366
4391,1,0.048612688338289
4392,0,0.01724914519032166
4393,0,0.0005393743257820928
4394,1,0.048873155495563286
4395,0,0.028517917570205154
4396,0,0.49992027336425676
4397,1,0.4959509467766348
4398,0,0.03664685240108225
4399,0,0.059104469953526556
4400,0,0.2776092429261982
4401,0,0.2563607390219034
4402,1,0.5480630433748184
4403,1,0.34010027391683373
4404,0,0.03664685240108225
4405,1,0.7485202476420275
4406,0,0.5673682853828507
4407,1,0.558833414901164
4408,1,0.29069999258187756
4409,0,0.05868901452532371
4410,0,0.010599399013021954
4411,0,0.3354883161393724
4412,0,0.10536126802942947
4413,0,0.0529196566765161
4414,1,0.5260868116379692
4415,0,0.4568119225302061
4416,0,0.10035757150700401
4417,1,0.21889358208892515
4418,0,0.020342883648902573
4419,0,0.40536963509169976
4420,0,0.0
4421,0,0.0004208754208754209
4422,1,0.5996506820901285
4423,0,0.37858008658008657
4424,0,0.44902642086514605
4425,0,0.050929436032223975
4426,0,0.021690354596048206
4427,0,0.020592820151580375
4428,0,0.5007518139697525
4429,0,0.14919975025507484
4430,1,0.7271661786689109
4431,0,0.16277433988808565
4432,0,0.003283130118318373
4433,0,0.3544818049490539
4434,0,0.08072101133209071
4435,1,0.520669450659713
4436,1,0.7723513024045362
4437,0,0.5307592049527534
4438,0,0.002547551333959101
4439,1,0.49407112949269677
4440,0,0.03605585134784665
4441,0,0.21889358208892515
4442,0,0.002862254697442952
4443,1,0.7326261061629592
4444,0,0.01454485359714118
4445,1,0.2279762496621588
4446,0,0.0
4447,0,0.003283130118318373
4448,0,0.5207454115710997
4449,0,0.4786281126031298
4450,0,0.04940227471187223
4451,0,0.5521615272384951
4452,0,0.08383569227720489
4453,0,0.00480136896126056
4454,0,0.003283130118318373
4455,1,0.43837037402059825
4456,1,0.6232428368967046
4457,1,0.4322718496178212
4458,1,0.6246284700459949
4459,1,0.4032880459151646
4460,0,0.202419506242373
4461,0,0.14878985385860982
4462,0,0.00480136896126056
4463,0,0.07995126080095294
4464,0,0.0004208754208754209
4465,0,0.4675785689264676
4466,0,0.45094580423531544
4467,0,0.03484604863628171
4468,1,0.5928658785161027
4469,1,0.7344288657721494
4470,0,0.00480136896126056
4471,0,0.00480136896126056
4472,0,0.3182900432900433
4473,1,0.6994403985465115
4474,1,0.5881134775413799
4475,0,0.05814638302940498
4476,0,0.021183821204815975
4477,0,0.3171045239837419
4478,0,0.6831521311990779
4479,0,0.0004208754208754209
4480,0,0.58992851568939
4481,0,0.10338973987237228
4482,0,0.20564982330437256
4483,1,0.7522892778269122
4484,0,0.43847049393665105
4485,1,0.8209663838066742
4486,0,0.6069082385412333
4487,0,0.5358422719076201
4488,1,0.5390536266454634
4489,0,0.03484604863628171
4490,0,0.20564982330437256
4491,1,0.7560853462995976
4492,0,0.13656231094978827
4493,0,0.388225795864785
4494,0,0.302407174872251
4495,0,0.6559916890743615
4496,0,0.06009525439801735
4497,1,0.48978589838694225
4498,0,0.0009602497466575137
4499,1,0.7191434398227216
4500,0,0.18216095902313567
4501,1,0.4427944291941395
4502,0,0.09523455162159788
4503,1,0.4083648300163389
4504,0,0.20195564815495634
4505,1,0.11866087344028521
4506,0,0.3830043040173348
4507,0,0.26721177505971944
4508,0,0.21281697410885178
4509,1,0.5096182928973517
4510,0,0.12750802109433482
4511,0,0.00480136896126056
4512,0,0.00212667591308368
4513,0,0.03515957688176737
4514,0,0.17150102443693357
4515,0,0.4322718496178212
4516,0,0.04606814753873578
4517,1,0.5411173995663884
4518,0,0.02998554849234425
4519,0,0.0281862605791882
4520,0,0.5188426362820827
4521,0,0.0
4522,1,0.5472361251585874
4523,1,0.718690090415251
4524,1,0.38539524793922436
4525,1,0.5182247765006386
4526,0,0.5521615272384951
4527,0,0.25481515897007895
4528,0,0.06504511593629446
4529,1,0.580210052198873
4530,0,0.12796484396495078
4531,0,0.002547551333959101
4532,1,0.5200106119149704
4533,1,0.6035558687979298
4534,1,0.6668291296475641
4535,1,0.8123884486328264
4536,0,0.4027661819970079
4537,0,0.09894461571503448
4538,0,0.4390817921176123
4539,0,0.37547728511627426
4540,0,0.0
4541,1,0.2706138702685192
4542,0,0.0281862605791882
4543,0,0.13229945486330907
4544,0,0.4770575932139833
4545,1,0.5692653296547281
4546,0,0.4742611003822648
4547,0,0.296201961879928
4548,0,0.2279762496621588
4549,0,0.4841314644719996
4550,1,0.4393299544724105
4551,0,0.5453333498695704
4552,0,0.2279762496621588
4553,0,0.4173999105155087
4554,1,0.5122197779174523
4555,0,0.5723075320867591
4556,0,0.04233738469456431
4557,1,0.7366952528746019
4558,0,0.4176119295871395
4559,0,0.0009602497466575137
4560,1,0.5817251044066117
4561,1,0.461165879243526
4562,1,0.3343071327840867
4563,1,0.33389443274983827
4564,0,0.09894461571503448
4565,1,0.6926746530421072
4566,0,0.12524668612554424
4567,0,0.360618881395788
4568,1,0.6322672610108481
4569,0,0.12711185077882126
4570,1,0.7817775699963638
4571,0,0.1390462617012537
4572,0,0.7923698739109518
4573,1,0.48661846294636896
4574,0,0.003283130118318373
4575,0,0.0009602497466575137
4576,1,0.1732723811203255
4577,0,0.4693161746056858
4578,0,0.0056423065171739605
4579,1,0.5469119498448122
4580,0,0.0
4581,0,0.4849216512492514
4582,0,0.2279762496621588
4583,1,0.7655015673981191
4584,1,0.4919973892609281
4585,0,0.521257680351888
4586,0,0.5631914108289428
4587,1,0.7014964066078089
4588,0,0.5931703061905981
4589,0,0.06212410040820263
4590,1,0.6261966707857998
4591,1,0.1557461751393409
4592,1,0.670843888650789
4593,0,0.5445988885267233
4594,0,0.0857008569304819
4595,0,0.0
4596,0,0.5159538903509168
4597,0,0.1870203117387009
4598,1,0.6490883602912475
4599,1,0.3798895669863412
4600,0,0.03174422331196331
4601,0,0.13918778352954272
4602,1,0.6709191246825655
4603,0,0.0005393743257820928
4604,0,0.03338348643226692
4605,0,0.5298854365943224
4606,0,0.3453623744664471
4607,0,0.0040657901769012884
4608,0,0.03484604863628171
4609,1,0.4307446084685013
4610,1,0.2779290186069847
4611,1,0.5477483939393758
4612,0,0.3803476058148547
4613,0,0.4604046229472794
4614,0,0.21281697410885178
4615,0,0.0803023553406793
4616,0,0.19801691335604388
4617,0,0.6418177340259106
4618,0,0.2279762496621588
4619,0,0.21889358208892515
4620,0,0.1810730206052991
4621,0,0.1715649592331208
4622,0,0.37476874197585036
4623,0,0.002547551333959101
4624,1,0.475125808569792
4625,0,0.7931414451158613
4626,0,0.0
4627,0,0.04527856116515255
4628,1,0.4675785689264676
4629,1,0.5807975615951232
4630,0,0.020342883648902573
4631,0,0.16604253797050408
4632,0,0.3577599852613294
4633,0,0.03484604863628171
4634,0,0.25007997051778147
4635,0,0.010599399013021954
4636,0,0.026903367765201625
4637,0,0.7022037272477982
4638,0,0.2856951871657754
4639,0,0.002547551333959101
4640,0,0.05345359508645512
4641,1,0.6261966707857998
4642,1,0.5530530430078268
4643,0,0.3999943411708118
4644,0,0.042231496184001065
4645,0,0.0009602497466575137
4646,0,0.026080013661743534
4647,0,0.19801691335604388
4648,0,0.24971558292453813
4649,0,0.22894226580268048
4650,0,0.3380403635076124
4651,0,0.016927530079098512
4652,0,0.5314473162663302
4653,1,0.8714938557996179
4654,0,0.01724914519032166
4655,0,0.16876409633235842
4656,1,0.7465562720939065
4657,0,0.11063504732480932
4658,0,0.13873096065892676
4659,1,0.6221066757507984
4660,1,0.790786676554196
4661,0,0.017888017221756466
4662,1,0.7271661786689109
4663,0,0.010599399013021954
4664,0,0.22910761358422863
4665,0,0.0004208754208754209
4666,0,0.03600051443768077
4667,0,0.04148770794784393
4668,0,0.3109487744257283
4669,1,0.7899393438103116
4670,0,0.0
4671,0,0.7587588479427397
4672,1,0.38507590644626827
4673,1,0.30132639032894787
4674,0,0.46013325522874754
4675,0,0.07476863037970975
4676,0,0.02510256400040109
4677,1,0.473657848324515
4678,1,0.8209663838066742
4679,0,0.06009525439801735
4680,1,0.6804481988882567
4681,1,0.6784792991842848
4682,0,0.2452051243827197
4683,1,0.5146624600952643
4684,0,0.037863868474947854
4685,1,0.7111889326722785
4686,0,0.6784792991842848
4687,1,0.8438036493844115
4688,0,0.6693509239427607
4689,0,0.0004208754208754209
4690,0,0.6627405238273866
4691,1,0.8264352283317801
4692,0,0.0
4693,0,0.37386243386248585
4694,1,0.5514823938799162
4695,1,0.6649841549266836
4696,0,0.46727420768046274
4697,1,0.5087209678065628
4698,0,0.6797485135496363
4699,1,0.45505647112757314
4700,0,0.008345581385720497
4701,0,0.12879031566306398
4702,0,0.00480136896126056
4703,1,0.6982646617274662
4704,0,0.003283130118318373
4705,0,0.43757302492220823
4706,0,0.010599399013021954
4707,1,0.5367006972414549
4708,1,0.5055818161225738
4709,0,0.2787347422116961
4710,0,0.009081160170079768
4711,0,0.22193649659766101
4712,0,0.008345581385720497
4713,0,0.2279762496621588
4714,1,0.7366952528746019
4715,0,0.09718623410812688
4716,0,0.26317164947469035
4717,0,0.21150217381560665
4718,0,0.8161478471290672
4719,0,0.00480136896126056
4720,0,0.24668527989423514
4721,0,0.16751742434224726
4722,0,0.4793452254548029
4723,0,0.10139729620661825
4724,0,0.39332769423263964
4725,1,0.4140612210521403
4726,0,0.0747059184365686
4727,0,0.5420828185587309
4728,1,0.619023696115096
4729,0,0.011440336568935354
4730,1,0.8311403508771931
4731,0,0.0
4732,0,0.12019349252783475
4733,0,0.522013481116512
4734,0,0.783881947100741
4735,0,0.5493865668538157
4736,0,0.00480136896126056
4737,0,0.0004208754208754209
4738,0,0.003283130118318373
4739,0,0.09055985778297293
4740,0,0.3056081157917537
4741,0,0.009081160170079768
4742,0,0.15898512112904553
4743,1,0.6804481988882567
4744,0,0.29522607575989995
4745,0,0.0009602497466575137
4746,0,0.13166497793114298
4747,0,0.002547551333959101
4748,0,0.0
4749,0,0.3235786549542955
4750,0,0.028517917570205154
4751,0,0.5951992215922068
4752,0,0.4980579953215342
4753,1,0.8302930181333085
4754,1,0.5627118776763508
4755,1,0.558833414901164
4756,0,0.14387619769121593
4757,0,0.0350784016865042
4758,0,0.010599399013021954
4759,0,0.03664685240108225
4760,1,0.4083648300163389
4761,1,0.7242673223159358
4762,1,0.29541180221457203
4763,0,0.07366069602911708
4764,0,0.04940227471187223
4765,0,0.1971697706611318
4766,0,0.0
4767,1,0.5469119498448122
4768,0,0.6296305843984557
4769,0,0.3989310083983389
4770,1,0.6540241120886282
4771,0,0.1464731726400048
4772,0,0.016927530079098512
4773,0,0.0
4774,0,0.3007669370699779
4775,0,0.03664685240108225
4776,0,0.5873807669999126
4777,1,0.33595306859205776
4778,0,0.4508811548367922
4779,0,0.003283130118318373
4780,0,0.39731528633967655
4781,0,0.2575929367478567
4782,1,0.6271270609384985
4783,1,0.7366952528746019
4784,1,0.5792813638078393
4785,0,0.5177783272202423
4786,0,0.7004324211665525
4787,1,0.3571069147459039
4788,0,0.11433569077824413
4789,0,0.028517917570205154
4790,0,0.03484604863628171
4791,0,0.056888210760523174
4792,1,0.5158266578522382
4793,0,0.5383868881587777
4794,0,0.07808609614767592
4795,0,0.21889358208892515
4796,1,0.09849240685372701
4797,1,0.7669556217916874
4798,1,0.5944705124486154
4799,0,0.1275197548782454
4800,0,0.367202226841216
4801,1,0.7376813360655946
4802,0,0.5572442459335011
4803,0,0.23117393231904768
4804,0,0.44203425257690904
4805,1,0.4296115626973969
4806,0,0.025416092245886753
4807,1,0.5975294194726593
4808,0,0.16925054454139285
4809,0,0.056888210760523174
4810,0,0.1811685759209344
4811,1,0.4193472747225948
4812,0,0.6055495789295008
4813,1,0.7308002371435207
4814,1,0.6709191246825655
4815,0,0.01454485359714118
4816,0,0.01877443293432453
4817,0,0.06009525439801735
4818,0,0.614900606784648
4819,0,0.3919224254961536
4820,0,0.04940227471187223
4821,0,0.13229945486330907
4822,0,0.3466325665413586
4823,0,0.17150102443693357
4824,0,0.7089694727522028
4825,0,0.01454485359714118
4826,1,0.8438496369530851
4827,1,0.4712958243316445
4828,0,0.6554761077929987
4829,0,0.43668610075720277
4830,0,0.04627799736495389
4831,1,0.6246284700459949
4832,1,0.7207107486993635
4833,0,0.6407544140470383
4834,1,0.6232428368967046
4835,0,0.0
4836,0,0.5172228622541454
4837,1,0.6189988856874967
4838,0,0.14490873671569557
4839,1,0.3522609523553199
4840,0,0.03664685240108225
4841,0,0.00480136896126056
4842,0,0.15352663466261604
4843,0,0.0004208754208754209
4844,0,0.3681564584225662
4845,0,0.003283130118318373
4846,1,0.31164141681347535
4847,0,0.43236303925959096
4848,0,0.4319849976826721
4849,0,0.2796250569366864
4850,1,0.6242277710818279
4851,1,0.7308002371435207
4852,0,0.2688141072910612
4853,1,0.5153161880631866
4854,0,0.026671014714979135
4855,1,0.717959762198184
4856,0,0.21150217381560665
4857,0,0.028517917570205154
4858,0,0.08383569227720489
4859,0,0.31729182543704043
4860,0,0.00480136896126056
4861,0,0.4508811548367922
4862,0,0.009081160170079768
4863,0,0.3565486152853114
4864,0,0.7723513024045362
4865,0,0.4928365910496029
4866,0,0.4911864260331013
4867,0,0.026671014714979135
4868,0,0.6471194605872758
4869,0,0.017904979740440956
4870,1,0.6003511473912567
4871,0,0.14223565465207622
4872,0,0.03484604863628171
4873,0,0.0281862605791882
4874,0,0.31948450233244674
4875,0,0.0
4876,1,0.82669938953968
4877,0,0.003283130118318373
4878,0,0.25321063319702103
4879,0,0.30196114991830664
4880,0,0.5792813638078393
4881,0,0.13527933337134515
4882,0,0.03495193714684496
4883,0,0.0040657901769012884
4884,1,0.04606814753873578
4885,1,0.5385950283432298
4886,1,0.7621773353340174
4887,0,0.08072101133209071
4888,1,0.7648512446873102
4889,0,0.5406311805224033
4890,0,0.49555334996021044
4891,0,0.009081160170079768
4892,0,0.0
4893,0,0.0004208754208754209
4894,0,0.07758713160446891
4895,0,0.0005393743257820928
4896,0,0.5903714767741369
4897,1,0.4743929587068601
4898,0,0.019751882595666976
4899,0,0.1709789631160243
4900,1,0.4480644676489507
4901,1,0.13564415399202298
4902,0,0.19407308047646574
4903,0,0.05146354563394704
4904,0,0.05146354563394704
4905,1,0.4879741309522188
4906,0,0.00480136896126056
4907,0,0.696367251567474
4908,0,0.1852655408882892
4909,0,0.29752519334839306
4910,0,0.4604046229472794
4911,1,0.43757302492220823
4912,1,0.4778644333305904
4913,0,0.04122724079056966
4914,1,0.5367006972414549
4915,0,0.4841314644719996
4916,0,0.01823364375272479
4917,0,0.00480136896126056
4918,1,0.4002928509905255
4919,0,0.30624074354789416
4920,0,0.21212029532925056
4921,0,0.31704345855289245
4922,1,0.6479521991453413
4923,0,0.0004208754208754209
4924,0,0.0040657901769012884
4925,0,0.07804395447508487
4926,0,0.5206040632311818
4927,0,0.27969653784175286
4928,1,0.6863432146193379
4929,0,0.24489452404944403
4930,0,0.10303354426276921
4931,0,0.5367006972414549
4932,0,0.2796130909161318
4933,1,0.4615712341654603
4934,0,0.24474781058388448
4935,0,0.26014700508755656
4936,0,0.10543625551995152
4937,0,0.40521431879225717
4938,0,0.21889358208892515
4939,0,0.03664685240108225
4940,1,0.5056890785793173
4941,0,0.0
4942,0,0.00480136896126056
4943,0,0.011440336568935354
4944,1,0.553451293583888
4945,0,0.10276317345633218
4946,0,0.12524668612554424
4947,1,0.3805799767308568
4948,1,0.4319849976826721
4949,0,0.5374960079135328
4950,1,0.5812431015326127
4951,1,0.5723075320867591
4952,0,0.05224493643611291
4953,0,0.0
4954,1,0.814170653907496
4955,1,0.6727241453786456
4956,0,0.08973023600426581
4957,0,0.08701622824545319
4958,0,0.0004208754208754209
4959,0,0.5723075320867591
4960,1,0.8657616976582494
4961,0,0.44738204559505745
4962,0,0.11125866722509191
4963,0,0.003283130118318373
4964,1,0.5480542272194683
4965,0,0.16245290982133087
4966,0,0.10886097579188973
4967,0,0.08226275782889267
4968,0,0.2903299769033853
4969,1,0.5784486252497737
4970,1,0.7468692199451209
4971,1,0.6727241453786456
4972,0,0.020342883648902573
4973,0,0.553451293583888
4974,1,0.37858008658008657
4975,0,0.0009602497466575137
4976,1,0.4795484860783037
4977,0,0.0009602497466575137
4978,0,0.14021739130434782
4979,1,0.45812063474107934
4980,1,0.4841314644719996
4981,0,0.13388922888616892
4982,1,0.5844674060358922
4983,0,0.07808609614767592
4984,1,0.20195564815495634
4985,0,0.0
4986,0,0.307137213512854
4987,1,0.5742764317907308
4988,1,0.5122190422695946
4989,0,0.3637954296315035
4990,0,0.01877443293432453
4991,0,0.10070866604673039
4992,0,0.2570827477607139
4993,0,0.16531014921691947
4994,1,0.5218982953422787
4995,0,0.280387020703976
4996,0,0.03664685240108225
4997,0,0.0009602497466575137
4998,0,0.026999678727262968
4999,0,0.4469522830357589
5000,1,0.048612688338289
5001,1,0.5260868116379692
5002,0,0.026671014714979135
5003,1,0.13564415399202298
5004,0,0.07668925579288435
5005,1,0.6449983652562462
5006,0,0.228561736770692
5007,0,0.4802025926709663
5008,1,0.650494531292093
5009,0,0.2540889819014567
5010,1,0.3107630681090397
5011,0,0.49494056852573126
5012,0,0.46219742357928845
5013,0,0.6373449415854396
5014,1,0.7560853462995976
5015,0,0.036361294500490776
5016,0,0.08810645887981006
5017,0,0.09547983213379478
5018,1,0.603803331839152
5019,0,0.6924352036537579
5020,0,0.0009602497466575137
5021,1,0.5795260091844139
5022,1,0.44672330099517277
5023,1,0.3635576809036525
5024,0,0.003283130118318373
5025,0,0.12530349568524204
5026,0,0.3548967045356937
5027,1,0.708295716282218
5028,0,0.43419520789288235
5029,0,0.43236303925959096
5030,0,0.0005393743257820928
5031,0,0.018824644805960387
5032,0,0.26420688398932773
5033,0,0.2758838590928143
5034,0,0.06836335748874449
5035,0,0.7270041686708354
5036,0,0.020342883648902573
5037,0,0.5517037195559443
5038,0,0.4176119295871395
5039,0,0.002547551333959101
5040,0,0.4810716532281123
5041,0,0.3015511414986836
5042,0,0.03495193714684496
5043,0,0.202419506242373
5044,1,0.4778644333305904
5045,1,0.06529454622443082
5046,1,0.7612226160586818
5047,0,0.0
5048,0,0.131281328320802
5049,0,0.003283130118318373
5050,0,0.12711185077882126
5051,1,0.6003511473912567
5052,1,0.4537956662640377
5053,0,0.3235786549542955
5054,0,0.40307062876830324
5055,0,0.4918803798171168
5056,0,0.00480136896126056
5057,1,0.7798411382787678
5058,1,0.5804175249537455
5059,0,0.3060052459916338
5060,0,0.06009525439801735
5061,1,0.34662969503568064
5062,0,0.2674457908096614
5063,1,0.49869745004534866
5064,0,0.07758713160446891
5065,0,0.4786281126031298
5066,0,0.010599399013021954
5067,0,0.36373274483681745
5068,0,0.003283130118318373
5069,0,0.0020081770081770084
5070,0,0.3871438848920863
5071,1,0.6035558687979298
5072,1,0.393832141805232
5073,0,0.03664685240108225
5074,1,0.2228148453020967
5075,0,0.002547551333959101
5076,0,0.4415018967232415
5077,0,0.003283130118318373
5078,0,0.46679263843739155
5079,0,0.0009602497466575137
5080,1,0.5146624600952643
5081,1,0.3557820447848039
5082,1,0.1818984923034123
5083,1,0.5723075320867591
5084,1,0.5472688607867838
5085,1,0.5599673767884303
5086,0,0.0005393743257820928
5087,0,0.0040657901769012884
5088,0,0.19801691335604388
5089,0,0.17441591487393016
5090,1,0.4867759849889968
5091,0,0.04148770794784393
5092,0,0.00480136896126056
5093,0,0.3227049876525298
5094,0,0.12833349279244802
5095,0,0.43757302492220823
5096,0,0.26229330077025464
5097,1,0.29493429007198974
5098,0,0.13749530015240932
5099,0,0.3209359112292471
5100,0,0.10947909730553362
5101,0,0.003283130118318373
5102,1,0.5087479856033612
5103,1,0.5090084361680943
5104,0,0.020342883648902573
5105,0,0.3849176755447942
5106,0,0.4228530812970647
5107,1,0.44672330099517277
5108,1,0.522013481116512
5109,0,0.4262878758661473
5110,0,0.2906138103962541
5111,1,0.20564982330437256
5112,0,0.5445988885267233
5113,1,0.4578537620748942
5114,0,0.14064588062921637
5115,1,0.43668610075720277
5116,0,0.010599399013021954
5117,0,0.4319849976826721
5118,0,0.4693161746056858
5119,0,0.37649910037969736
5120,1,0.7011586452762923
5121,0,0.3343128307897847
5122,0,0.6398659708843025
5123,1,0.7022037272477982
5124,0,0.009081160170079768
5125,0,0.07475196897453946
5126,0,0.23837371752863754
5127,0,0.12062261879482304
5128,1,0.49852746194578007
5129,0,0.43249624082103394
5130,0,0.10886097579188973
5131,0,0.026617809864610154
5132,1,0.5792813638078393
5133,0,0.010599399013021954
5134,0,0.01112950002733712
5135,0,0.0
5136,0,0.037893113617433194
5137,0,0.5960319601502725
5138,0,0.7175042977045202
5139,0,0.026671014714979135
5140,1,0.5984323655125284
5141,0,0.04486811846533001
5142,0,0.32356102102609713
5143,0,0.021183821204815975
5144,0,0.43401864853334643
5145,0,0.0
5146,0,0.058042676561922246
5147,0,0.7207791135013534
5148,0,0.6586174344969387
5149,1,0.45545920378399685
5150,0,0.0004208754208754209
5151,0,0.003283130118318373
5152,0,0.06504511593629446
5153,0,0.0
5154,0,0.12480671556837768
5155,0,0.020342883648902573
5156,0,0.5790054468997826
5157,0,0.003283130118318373
5158,0,0.46618269530034234
5159,0,0.18010413652822713
5160,1,0.4841314644719996
5161,0,0.43996014082204793
5162,0,0.0004208754208754209
5163,0,0.3899592348444075
5164,1,0.42144669714437155
5165,1,0.7817775699963638
5166,0,0.026671014714979135
5167,0,0.06811030966297725
5168,0,0.15263312251855496
5169,0,0.0
5170,0,0.002547551333959101
5171,1,0.5821037158710682
5172,0,0.1136013302915566
5173,0,0.0600651007820427
5174,1,0.4325903450648351
5175,0,0.0004208754208754209
5176,0,0.5264109869517446
5177,1,0.2712846126408817
5178,1,0.6407544140470383
5179,1,0.5158266578522382
5180,0,0.13790548896081356
5181,0,0.27969653784175286
5182,0,0.03272167297330575
5183,0,0.0802681193935064
5184,0,0.03360938796524032
5185,0,0.4893544802238461
5186,0,0.1101365467103169
5187,0,0.32988197019892546
5188,1,0.10116548891734635
5189,0,0.009081160170079768
5190,0,0.5514823938799162
5191,0,0.19095941859330798
5192,1,0.8104112554112555
5193,0,0.0004208754208754209
5194,0,0.19633754980621357
5195,1,0.5599673767884303
5196,0,0.0040657901769012884
5197,0,0.002547551333959101
5198,0,0.42853439825829115
5199,1,0.4884006734006734
5200,0,0.0005393743257820928
5201,1,0.665070721707839
5202,0,0.0009602497466575137
5203,0,0.020342883648902573
5204,0,0.04940227471187223
5205,0,0.0
5206,0,0.46589875796722474
5207,0,0.02935885512611856
5208,0,0.04148770794784393
5209,1,0.6915149950518481
5210,1,0.3838514095490839
5211,1,0.45812063474107934
5212,1,0.17496293173731226
5213,0,0.18761944548956513
5214,1,0.6614565765672267
5215,0,0.1958531443111596
5216,0,0.2444673439767779
5217,0,0.002547551333959101
5218,0,0.5351530916810673
5219,0,0.13050273024626283
5220,0,0.19801691335604388
5221,1,0.7005132187336498
5222,0,0.0009602497466575137
5223,0,0.1530103711138194
5224,0,0.09385795160373116
5225,0,0.5104269275742541
5226,0,0.13918778352954272
5227,0,0.26229916540681836
5228,0,0.45887903658828577
5229,1,0.5093362152955362
5230,0,0.22711622064640272
5231,0,0.27596900512392514
5232,1,0.43757302492220823
5233,0,0.3571012167402059
5234,0,0.6069082385412333
5235,0,0.4802025926709663
5236,0,0.29876308908004434
5237,1,0.3015511414986836
5238,0,0.08532131299121588
5239,0,0.4110188437436671
5240,0,0.4625574501129399
5241,1,0.4317448855174772
5242,1,0.4996178235205225
5243,0,0.02915390709508357
5244,0,0.0281862605791882
5245,0,0.04269751065940886
5246,1,0.7495524314720128
5247,0,0.1571199564757685
5248,0,0.2272451843347366
5249,0,0.2921398253487806
5250,0,0.03515957688176737
5251,1,0.5464932596028352
5252,0,0.0009602497466575137
5253,1,0.5612225111249709
5254,0,0.37386813186813184
5255,0,0.22553143374038898
5256,0,0.48978589838694225
5257,0,0.22376824212271973
5258,0,0.021183821204815975
5259,1,0.7424282586076077
5260,0,0.10747116371865267
5261,0,0.2806809598358799
5262,0,0.5988128919025625
5263,0,0.1978127528319953
5264,0,0.0020081770081770084
5265,1,0.5391422385815875
5266,0,0.21281697410885178
5267,0,0.42120816807781
5268,0,0.11204800311677886
5269,0,0.2279762496621588
5270,0,0.47522152429350845
5271,0,0.457642362364427
5272,1,0.9148740557644968
5273,0,0.01112950002733712
5274,1,0.3441599868458914
5275,1,0.46844849139931105
5276,1,0.7560853462995976
5277,1,0.6750839296757665
5278,0,0.07698497783420566
5279,0,0.5971681212961787
5280,0,0.284032634032634
5281,1,0.6287390029325514
5282,0,0.1717634911566569
5283,1,0.6837688422224875
5284,0,0.0
5285,0,0.20564982330437256
5286,1,0.905444237340789
5287,1,0.8624856943822462
5288,0,0.003283130118318373
5289,1,0.7587588479427397
5290,0,0.11627441235517595
5291,1,0.5100920160601602
5292,0,0.11508973400789545
5293,0,0.26229330077025464
5294,0,0.002547551333959101
5295,0,0.40681851481851483
5296,0,0.7267310904318779
5297,0,0.03557170812690755
5298,0,0.22929104995540386
5299,0,0.003283130118318373
5300,0,0.419695064791839
5301,0,0.0
5302,0,0.01454485359714118
5303,0,0.09159661663494058
5304,0,0.4969531890133994
5305,0,0.302407174872251
5306,0,0.5607429779723789
5307,1,0.6448716372651465
5308,0,0.0040657901769012884
5309,0,0.15002522195318804
5310,0,0.3580976430976431
5311,0,0.0009602497466575137
5312,1,0.28296682352175034
5313,0,0.0009602497466575137
5314,0,0.4786715414263692
5315,0,0.2967175431944971
5316,1,0.594207523280947
5317,0,0.18761944548956513
5318,0,0.021183821204815975
5319,0,0.044821886322384825
5320,0,0.003283130118318373
5321,0,0.323453530230847
5322,0,0.21343509562249566
5323,1,0.7940842520609296
5324,1,0.40696426979224926
5325,0,0.0009602497466575137
5326,1,0.3025587492402417
5327,1,0.8471256402290885
5328,0,0.21281697410885178
5329,0,0.4990295938283476
5330,0,0.06594248497843047
5331,0,0.048873155495563286
5332,1,0.37792895942059856
5333,1,0.5951992215922068
5334,0,0.24168766604504435
5335,0,0.3849176755447942
5336,1,0.5185601754567272
5337,0,0.0005393743257820928
5338,0,0.2713725419317525
5339,1,0.46985724582414107
5340,0,0.19930066196882343
5341,1,0.7207107486993635
5342,1,0.786345715216683
5343,0,0.0009602497466575137
5344,0,0.42358468916262754
5345,1,0.8657616976582494
5346,1,0.7597139749282262
5347,0,0.03484604863628171
5348,0,0.6003511473912567
5349,0,0.00480136896126056
5350,0,0.3971061818700772
5351,0,0.1557461751393409
5352,0,0.333814699108035
5353,1,0.660029819973155
5354,0,0.09012765411508115
5355,1,0.8081550976068276
5356,0,0.1535442635606112
5357,1,0.43236303925959096
5358,0,0.0009602497466575137
5359,1,0.5011883429096692
5360,1,0.6924352036537579
5361,0,0.24441769110360023
5362,1,0.7621773353340174
5363,0,0.15002522195318804
5364,0,0.5692653296547281
5365,0,0.08383569227720489
5366,0,0.04269751065940886
5367,0,0.3724675716440422
5368,0,0.6693509239427607
5369,0,0.33190211149394827
5370,0,0.0009602497466575137
5371,0,0.14354874720507368
5372,1,0.5043307144083612
5373,1,0.3150879135648675
5374,1,0.5742764317907308
5375,0,0.2058709525513519
5376,0,0.003283130118318373
5377,1,0.553451293583888
5378,0,0.4172792962767767
5379,0,0.5723075320867591
5380,0,0.19801691335604388
5381,1,0.3577008514423688
5382,0,0.048873155495563286
5383,0,0.09336938696832087
5384,0,0.06980858541792333
5385,1,0.3819224806201551
5386,1,0.5951992215922068
5387,0,0.049768630379709765
5388,1,0.46431705522003597
5389,0,0.018824644805960387
5390,1,0.521257680351888
5391,0,0.06433586738464787
5392,0,0.4739094436333365
5393,1,0.5521615272384951
5394,0,0.03484604863628171
5395,0,0.0
5396,0,0.00480136896126056
5397,0,0.03484604863628171
5398,1,0.3774333530914067
5399,0,0.247195468881378
5400,1,0.41037037037037044
5401,1,0.4739094436333365
5402,1,0.5881134775413799
5403,1,0.5411173995663884
5404,0,0.49461502967302357
5405,0,0.1579016108584604
5406,0,0.03484604863628171
5407,0,0.3428739618117989
5408,0,0.6450736012880226
5409,0,0.2200041178302048
5410,0,0.38804969585438304
5411,0,0.0
5412,0,0.21054715632301782
5413,0,0.26768860800556327
5414,0,0.34995390538007287
5415,1,0.7089694727522028
5416,0,0.13797640794203284
5417,0,0.08216751999395631
5418,1,0.4802025926709663
5419,1,0.5951992215922068
5420,0,0.3873133669052036
5421,1,0.43249624082103394
5422,0,0.0009602497466575137
5423,1,0.80331541218638
5424,0,0.0654856621078145
5425,0,0.21343509562249566
5426,0,0.010599399013021954
5427,0,0.4172792962767767
5428,0,0.1574317939542678
5429,0,0.19231535628830007
5430,0,0.3728521753194243
5431,0,0.043352872601120945
5432,1,0.8161478471290672
5433,1,0.38270746533458394
5434,0,0.04374674204821013
5435,0,0.0
5436,0,0.3585426755447942
5437,1,0.4371904494907018
5438,0,0.0005393743257820928
5439,1,0.7529612089795407
5440,0,0.07781044953231886
5441,1,0.5105973346319171
5442,0,0.07645024472948554
5443,0,0.479850935922038
5444,0,0.20634076945554455
5445,1,0.5380082766943212
5446,1,0.6586174344969387
5447,0,0.01877443293432453
5448,0,0.0
5449,0,0.38507590644626827
5450,0,0.016927530079098512
5451,0,0.5411111382855592
5452,0,0.303475043791999
5453,1,0.9021682340647859
5454,0,0.15502694859038144
5455,0,0.4851990877417442
5456,0,0.26557153725744637
5457,0,0.12796484396495078
5458,1,0.43668610075720277
5459,0,0.0024784885895997007
5460,1,0.5795260091844139
5461,0,0.002547551333959101
5462,0,0.05840685018667926
5463,1,0.4783218305078934
5464,0,0.44641291890134654
5465,0,0.12524668612554424
5466,1,0.545750184774575
5467,0,0.04300295381205299
5468,1,0.21105632551528075
5469,1,0.5326112103299013
5470,0,0.002862254697442952
5471,0,0.0004208754208754209
5472,1,0.475125808569792
5473,0,0.019615370490237934
5474,1,0.8354442373407891
5475,1,0.10999002233551287
5476,0,0.010599399013021954
5477,0,0.0009602497466575137
5478,0,0.614900606784648
5479,1,0.5607429779723789
5480,1,0.2111303898646967
5481,1,0.7267310904318779
5482,0,0.07883339282081986
5483,1,0.675245939673842
5484,0,0.02935885512611856
5485,1,0.7401268714701551
5486,0,0.46990884975892805
5487,1,0.2796130909161318
5488,0,0.0588489931816664
5489,1,0.4516461270445527
5490,0,0.0588489931816664
5491,1,0.5491545719015704
5492,1,0.6053715325789569
5493,1,0.5177783272202423
5494,0,0.6189236496557201
5495,0,0.2883656212135656
5496,0,0.0695995302864863
5497,1,0.4060632021651512
5498,0,0.07645024472948554
5499,0,0.5008820608144328
5500,0,0.6003511473912567
5501,1,0.8170088631911292
5502,0,0.33461056470275946
5503,0,0.10515221289799244
5504,1,0.7150614617866223
5505,1,0.15898512112904553
5506,0,0.3484107065559215
5507,0,0.500467674307386
5508,0,0.0281862605791882
5509,0,0.49869745004534866
5510,0,0.010599399013021954
5511,0,0.025416092245886753
5512,0,0.10338973987237228
5513,0,0.017904979740440956
5514,1,0.12900249468046077
5515,0,0.14490873671569557
5516,0,0.002547551333959101
5517,0,0.295960526413732
5518,0,0.6170299859835249
5519,1,0.708295716282218
5520,0,0.11888949859567745
5521,0,0.043126971068147536
5522,1,0.7678563359597842
5523,1,0.2908713014880861
5524,0,0.4621275672931322
5525,0,0.3989111827917798
5526,0,0.41412587045066357
5527,0,0.05790909867671148
5528,0,0.171145369643013
5529,0,0.5146624600952643
5530,0,0.33660613910748327
5531,0,0.4341945410910928
5532,1,0.6507031856465207
5533,0,0.003283130118318373
5534,0,0.13797640794203284
5535,0,0.18259245882466987
5536,0,0.043126971068147536
5537,1,0.5696985662153112
5538,0,0.002547551333959101
5539,0,0.17682809639058927
5540,0,0.04300295381205299
5541,1,0.4146536449191783
5542,0,0.5289221635733768
5543,0,0.4251249025921515
5544,0,0.403011677375478
5545,0,0.3983829655245503
5546,1,0.3788154539131587
5547,0,0.09673673037966124
5548,1,0.26237014638044387
5549,1,0.4341305584943591
5550,0,0.0005393743257820928
5551,0,0.02935885512611856
5552,0,0.0004208754208754209
5553,0,0.0009602497466575137
5554,0,0.6713446340743318
5555,1,0.665252645039912
5556,1,0.38055406921744866
5557,1,0.38507590644626827
5558,0,0.6431744176073718
5559,0,0.5349637741117448
5560,0,0.0635298700720854
5561,1,0.7174290616727438
5562,1,0.6135434490842068
5563,1,0.4654814070484537
5564,0,0.3486364145312922
5565,0,0.002547551333959101
5566,1,0.5894162469086016
5567,0,0.0004208754208754209
5568,0,0.30518495265002876
5569,0,0.10792798658926865
5570,0,0.03515957688176737
5571,0,0.20821022069847403
5572,0,0.002547551333959101
5573,0,0.41684361596376324
5574,0,0.49407112949269677
5575,0,0.009081160170079768
5576,0,0.003283130118318373
5577,1,0.4802025926709663
5578,0,0.1557461751393409
5579,0,0.002547551333959101
5580,1,0.4415018967232415
5581,0,0.6212739371927328
5582,1,0.2768830658575759
5583,0,0.04940227471187223
5584,0,0.00480136896126056
5585,0,0.5723075320867591
5586,1,0.5619362764924022
5587,0,0.4802025926709663
5588,0,0.2104047925921926
5589,0,0.4770205198358413
5590,0,0.4615712341654603
5591,0,0.4769558704373182
5592,1,0.5380082766943212
5593,0,0.22251776319572927
5594,0,0.009081160170079768
5595,0,0.00480136896126056
5596,0,0.09392887058495043
5597,1,0.652406329302881
5598,1,0.6709191246825655
5599,1,0.564082992294847
5600,0,0.037537494293928046
5601,0,0.0
5602,1,0.520669450659713
5603,1,0.6449983652562462
5604,1,0.8657616976582494
5605,0,0.0281862605791882
5606,0,0.053565994639917576
5607,0,0.29102587664485774
5608,0,0.04727789904889627
5609,1,0.6864649518909
5610,0,0.0040657901769012884
5611,0,0.09392887058495043
5612,0,0.00274375579253628
5613,0,0.3782666196144655
5614,0,0.1268551049812817
5615,0,0.07323006114283145
5616,1,0.6189236496557201
5617,0,0.2279762496621588
5618,0,0.010393921242977848
5619,1,0.43757302492220823
5620,0,0.019420225604650017
5621,0,0.5455409015912147
5622,1,0.6299749398412731
5623,0,0.0009602497466575137
5624,0,0.0588489931816664
5625,0,0.6449983652562462
5626,0,0.003283130118318373
5627,1,0.19801691335604388
5628,0,0.13836231183142952
5629,0,0.0704250019845995
5630,0,0.3451873105332821
5631,0,0.01454485359714118
5632,0,0.6559916890743615
5633,0,0.614900606784648
5634,0,0.06632141695070758
5635,1,0.6614565765672267
5636,1,0.6727241453786456
5637,0,0.26969245599549685
5638,0,0.42258736475562736
5639,1,0.7839253187613844
5640,1,0.3343128307897847
5641,0,0.4322718496178212
5642,1,0.6189236496557201
5643,0,0.05146354563394704
5644,0,0.08826248946180414
5645,0,0.19801691335604388
5646,1,0.35614144104220213
5647,0,0.2628787878787879
5648,0,0.1553062045821743
5649,0,0.0040657901769012884
5650,0,0.3594185417645133
5651,0,0.020342883648902573
5652,0,0.008345581385720497
5653,0,0.17867388597279357
5654,0,0.04269751065940886
5655,1,0.6003511473912567
5656,0,0.016927530079098512
5657,0,0.021183821204815975
5658,1,0.158257265652381
5659,0,0.08873302529585016
5660,0,0.11876542501291397
5661,0,0.005778818622603001
5662,0,0.037893113617433194
5663,1,0.8311403508771931
5664,1,0.1810730206052991
5665,0,0.12667188022165468
5666,0,0.0
5667,0,0.0
5668,1,0.4265234812455459
5669,0,0.005778818622603001
5670,0,0.6189988856874967
5671,1,0.8120662768031189
5672,0,0.049768630379709765
5673,0,0.42120816807781
5674,1,0.718296107078837
5675,1,0.46186773966218836
5676,1,0.5440233236151604
5677,1,0.8209663838066742
5678,0,0.3616287519747236
5679,1,0.701320655274368
5680,0,0.38507590644626827
5681,1,0.5971681212961787
5682,0,0.03423691883751481
5683,1,0.5011883429096692
5684,0,0.12338030549486949
5685,0,0.5820476493318137
5686,0,0.41317163886931335
5687,0,0.3209359112292471
5688,0,0.15898512112904553
5689,0,0.2540889819014567
5690,0,0.5878085362613429
5691,0,0.002547551333959101
5692,1,0.650494531292093
5693,1,0.12899189586752363
5694,1,0.4848872652366237
5695,0,0.008276518641361095
5696,0,0.4280825107096293
5697,0,0.026080013661743534
5698,0,0.4783218305078934
5699,1,0.5499755620723363
5700,1,0.24719377286446723
5701,1,0.0588489931816664
5702,1,0.788322908438254
5703,0,0.15420147689226824
5704,0,0.07804395447508487
5705,1,0.6189988856874967
5706,1,0.6261966707857998
5707,1,0.35379279374959594
5708,1,0.5723075320867591
5709,0,0.007806207059938403
5710,0,0.016927530079098512
5711,1,0.5260868116379692
5712,1,0.272563453722874
5713,0,0.2520851339115231
5714,1,0.332953326891164
5715,0,0.00274375579253628
5716,0,0.28684348486742256
5717,1,0.43757302492220823
5718,0,0.0
5719,0,0.0
5720,0,0.33085388278632694
5721,0,0.1557461751393409
5722,0,0.003283130118318373
5723,0,0.4846130337150707
5724,0,0.002547551333959101
5725,0,0.03122220916338564
5726,1,0.8311403508771931
5727,0,0.37330983240753923
5728,1,0.8489290755624693
5729,0,0.12498994032800466
5730,1,0.4941106394001506
5731,1,0.5469119498448122
5732,0,0.0024784885895997007
5733,1,0.5971681212961787
5734,0,0.07448387456757057
5735,0,0.2961379792831943
5736,0,0.5166708697066899
5737,0,0.049768630379709765
5738,1,0.5003736242851061
5739,0,0.246903246303004
5740,0,0.2883656212135656
5741,0,0.0
5742,1,0.43486716098832545
5743,1,0.5420828185587309
5744,0,0.023047175242083055
5745,0,0.07350570775818852
5746,1,0.3453845769183252
5747,0,0.0
5748,0,0.016927530079098512
5749,0,0.49904247238349786
5750,0,0.06174102856122016
5751,0,0.1556450701040253
5752,0,0.0
5753,0,0.7587588479427397
5754,0,0.1870203117387009
5755,0,0.14879673010408814
5756,0,0.10338973987237228
5757,0,0.09942116262442942
5758,1,0.6629932825295031
5759,1,0.39178255602507933
5760,0,0.0009602497466575137
5761,0,0.47381691075471905
5762,0,0.4939787810755553
5763,0,0.1588530766749141
5764,1,0.5141404669349156
5765,0,0.5984323655125284
5766,0,0.03484604863628171
5767,0,0.037893113617433194
5768,0,0.0004208754208754209
5769,0,0.12899189586752363
5770,0,0.5308910632773487
5771,0,0.41390147924745085
5772,0,0.43996014082204793
5773,0,0.27874552641473527
5774,1,0.4911152691057697
5775,0,0.15261476707372232
5776,0,0.0
5777,0,0.0004208754208754209
5778,1,0.6212739371927328
5779,0,0.14677318295739347
5780,1,0.48332538556461585
5781,0,0.11395242483128294
5782,0,0.5008820608144328
5783,0,0.0009602497466575137
5784,0,0.35050407550407553
5785,0,0.044821886322384825
5786,0,0.5201453193492678
5787,0,0.00480136896126056
5788,1,0.650494531292093
5789,0,0.42195682313329375
5790,0,0.47125677437424746
5791,1,0.2936442829798039
5792,1,0.6954256395432866
5793,1,0.5055818161225738
5794,0,0.003283130118318373
5795,0,0.30790378401336144
5796,0,0.019615370490237934
5797,1,0.7560853462995976
5798,0,0.06529454622443082
5799,0,0.0
5800,0,0.1052549045256493
5801,1,0.5411111382855592
5802,1,0.07448387456757057
5803,0,0.09336938696832087
5804,0,0.01112950002733712
5805,0,0.05146354563394704
5806,0,0.01877443293432453
5807,0,0.0
5808,0,0.6519567056009116
5809,1,0.5752068219434295
5810,0,0.08495495732337838
5811,1,0.4525655782632527
5812,0,0.3571069147459039
5813,1,0.6668291296475641
5814,1,0.09707945106175747
5815,0,0.16315459867102625
5816,0,0.0
5817,0,0.1571199564757685
5818,0,0.34997122160089783
5819,1,0.7460255715684662
5820,0,0.03664685240108225
5821,0,0.1717634911566569
5822,0,0.14574136234449295
5823,1,0.5475098012951866
5824,0,0.11440924770189893
5825,1,0.6363876450309611
5826,0,0.0507383201488403
5827,0,0.06980858541792333
5828,1,0.6954256395432866
5829,0,0.07411751889973306
5830,0,0.31315898463593855
5831,1,0.4911864260331013
5832,0,0.07537087241146552
5833,1,0.4593353093178956
5834,0,0.011440336568935354
5835,0,0.020872984663217742
5836,0,0.27874552641473527
5837,0,0.0
5838,1,0.558833414901164
5839,0,0.19801691335604388
5840,0,0.048873155495563286
5841,0,0.3522609523553199
5842,0,0.0
5843,0,0.028517917570205154
5844,0,0.3756356511029
5845,0,0.013026614754198994
5846,1,0.6105421216364183
5847,0,0.16459894475874695
5848,1,0.49187640491222506
5849,0,0.5451899624205888
5850,1,0.5366720502324431
5851,1,0.8311403508771931
5852,0,0.05220733387010418
5853,1,0.2967397456463753
5854,0,0.020342883648902573
5855,0,0.003283130118318373
5856,0,0.0009602497466575137
5857,0,0.06310768549053693
5858,1,0.7495524314720128
5859,0,0.3899592348444075
5860,0,0.002547551333959101
5861,0,0.6577893400596284
5862,0,0.0005393743257820928
5863,1,0.7560853462995976
5864,1,0.4580281018624619
5865,0,0.7618183520326034
5866,0,0.7334968359362822
5867,0,0.06342938157115381
5868,1,0.790786676554196
5869,0,0.026903367765201625
5870,0,0.7723513024045362
5871,0,0.31916839199447894
5872,0,0.0005393743257820928
5873,0,0.28650202735137015
5874,0,0.4743183864255606
5875,0,0.002547551333959101
5876,1,0.4974671445639188
5877,1,0.5380082766943212
5878,1,0.6490883602912475
5879,0,0.00480136896126056
5880,0,0.6471194605872758
5881,0,0.003283130118318373
5882,1,0.530161353502379
5883,1,0.7900022740248304
5884,0,0.0667124142826397
5885,0,0.0
5886,0,0.3343071327840867
5887,0,0.23117393231904768
5888,1,0.82669938953968
5889,1,0.5960319601502725
5890,0,0.02935885512611856
5891,0,0.19741777960517962
5892,1,0.39956320677031515
5893,1,0.5127015431190679
5894,1,0.42358468916262754
5895,0,0.5864624130195065
5896,1,0.6802109009158865
5897,0,0.41831192029155523
5898,1,0.6804481988882567
5899,0,0.0
5900,1,0.47736004305771745
5901,0,0.6449983652562462
5902,0,0.04606814753873578
5903,0,0.5723075320867591
5904,0,0.007505660554441042
5905,0,0.020342883648902573
5906,1,0.4697165609447234
5907,1,0.11063504732480932
5908,0,0.2796130909161318
5909,0,0.24225713376656768
5910,0,0.3387308463698355
5911,1,0.8081550976068276
5912,1,0.31821652063462497
5913,1,0.5752068219434295
5914,0,0.2998885883655423
5915,0,0.4835432347798247
5916,0,0.0056423065171739605
5917,0,0.4039239842962205
5918,0,0.3368145752915292
5919,1,0.5107293774179884
5920,0,0.06768420975494736
5921,1,0.475125808569792
5922,0,0.4173999105155087
5923,1,0.23100430465459323
5924,0,0.22929104995540386
5925,1,0.6081433050761449
5926,0,0.2967175431944971
5927,0,0.08216751999395631
5928,0,0.35565380290132503
5929,0,0.7022037272477982
5930,1,0.4539248902738609
5931,1,0.3209359112292471
5932,0,0.06686404844662629
5933,0,0.04338596198540012
5934,1,0.8398800380367201
5935,1,0.4802025926709663
5936,0,0.6727241453786456
5937,1,0.5691431012492143
5938,0,0.3280828582549168
5939,0,0.598382247687285
5940,0,0.026671014714979135
5941,0,0.36191078205754557
5942,0,0.43757302492220823
5943,1,0.5367006972414549
5944,0,0.03484604863628171
5945,0,0.3265738498789346
5946,0,0.46205280340853144
5947,0,0.4490224459602543
5948,0,0.10338973987237228
5949,0,0.393379169849758
5950,0,0.3484107065559215
5951,1,0.3120919495725119
5952,0,0.572986665445338
5953,0,0.12833349279244802
5954,1,0.5627118776763508
5955,1,0.8183408295852074
5956,1,0.818611615245009
5957,0,0.29941516489022796
5958,1,0.558833414901164
5959,1,0.717959762198184
5960,0,0.002547551333959101
5961,0,0.010599399013021954
5962,0,0.321608720085674
5963,0,0.01708754208754209
5964,0,0.03272167297330575
5965,0,0.12075466324895447
5966,0,0.10070866604673039
5967,0,0.3707728026533997
5968,0,0.0588489931816664
5969,1,0.5154480463877817
5970,1,0.6450736012880226
5971,0,0.05678772225959159
5972,1,0.7862428755285897
5973,0,0.5028660432303843
5974,0,0.5400376770689602
5975,0,0.05604393402343446
5976,1,0.5449051706219598
5977,0,0.3904260266986792
5978,0,0.43249624082103394
5979,0,0.009081160170079768
5980,0,0.1560162382507673
5981,0,0.06632141695070758
5982,0,0.4083648300163389
5983,0,0.04122724079056966
5984,0,0.526313197701929
5985,1,0.5600852475752464
5986,0,0.2999785836289581
5987,0,0.07696822816754284
5988,0,0.25778721664152904
5989,0,0.15983885464817668
5990,1,0.7150614617866223
5991,0,0.5121715672309438
5992,1,0.4577245380650732
5993,0,0.1136013302915566
5994,0,0.11080184435447593
5995,0,0.10009147138051684
5996,0,0.032095083565671804
5997,0,0.23449705618296532
5998,0,0.0009602497466575137
5999,0,0.32827297573805186
6000,0,0.0
6001,0,0.0
6002,0,0.47953624961389635
6003,1,0.4722758418879535
6004,1,0.22949050820558434
6005,0,0.19132952453847976
6006,0,0.15502694859038144
6007,0,0.13175243799992695
6008,0,0.5121715672309438
6009,0,0.09849240685372701
6010,0,0.5315346019738603
6011,1,0.8359800362976406
6012,0,0.12879031566306398
6013,1,0.4437842035769011
6014,0,0.6336453434016805
6015,0,0.0
6016,0,0.0004208754208754209
6017,0,0.35137178182498746
6018,0,0.0009602497466575137
6019,0,0.2779290186069847
6020,1,0.9332904332904333
6021,0,0.14677318295739347
6022,1,0.35971999874438904
6023,0,0.0005393743257820928
6024,0,0.0
6025,0,0.10682065302418724
6026,1,0.7806127094836772
6027,0,0.07617878982180785
6028,0,0.3036906218194897
6029,1,0.4234263468703303
6030,0,0.44612258409585465
6031,0,0.03664685240108225
6032,0,0.572986665445338
6033,0,0.003283130118318373
6034,0,0.07719403296564267
6035,0,0.34178145842256624
6036,0,0.010599399013021954
6037,0,0.003283130118318373
6038,0,0.0009602497466575137
6039,0,0.22929104995540386
6040,0,0.43757302492220823
6041,1,0.4297903768871511
6042,0,0.002547551333959101
6043,1,0.2058709525513519
6044,0,0.029160875783028176
6045,0,0.45729070561549867
6046,1,0.7931414451158613
6047,0,0.00480136896126056
6048,0,0.25234003144450906
6049,0,0.10303065357062337
6050,0,0.10462833810960918
6051,0,0.01877443293432453
6052,0,0.5742764317907308
6053,0,0.04122724079056966
6054,0,0.2389592046371707
6055,0,0.3909903497938079
6056,0,0.1341646195165861
6057,1,0.7301623380470171
6058,0,0.3177678317703893
6059,1,0.6668291296475641
6060,0,0.0004208754208754209
6061,0,0.3451873105332821
6062,0,0.275214615892582
6063,0,0.0
6064,1,0.19407308047646574
6065,0,0.32988197019892546
6066,0,0.21586385479966777
6067,0,0.40675453222178115
6068,0,0.0024784885895997007
6069,0,0.050512418615866896
6070,0,0.03928956695946987
6071,1,0.44321155274237395
6072,1,0.573407731887081
6073,0,0.22929104995540386
6074,0,0.10303065357062337
6075,0,0.026671014714979135
6076,0,0.02935885512611856
6077,0,0.0004208754208754209
6078,0,0.0009602497466575137
6079,0,0.002547551333959101
6080,0,0.5367006972414549
6081,0,0.036361294500490776
6082,0,0.03664685240108225
6083,0,0.49367633123182103
6084,0,0.044821886322384825
6085,0,0.0020081770081770084
6086,1,0.36548103917871355
6087,1,0.4101963318478407
6088,1,0.8140421814271793
6089,0,0.026080013661743534
6090,0,0.08873302529585016
6091,0,0.08969400351403811
6092,0,0.2930775759255203
6093,0,0.4381636639238175
6094,1,0.5792813638078393
6095,1,0.5971681212961787
6096,0,0.4373486337189955
6097,1,0.5367006972414549
6098,0,0.35467990214497824
6099,0,0.00480136896126056
6100,0,0.3971061818700772
6101,1,0.7427872419090219
6102,1,0.5514823938799162
6103,1,0.8024680794424954
6104,1,0.5667359350132779
6105,0,0.0588489931816664
6106,0,0.43419520789288235
6107,0,0.5607429779723789
6108,1,0.43847049393665105
6109,0,0.5554346091980501
6110,1,0.598382247687285
6111,0,0.6526003276003276
6112,0,0.011576848674364397
6113,0,0.1052549045256493
6114,1,0.8311403508771931
6115,0,0.012417786230277797
6116,0,0.3903010329281516
6117,1,0.3358941358940782
6118,1,0.6845725740004763
6119,0,0.019751882595666976
6120,1,0.7817775699963638
6121,1,0.7427872419090219
6122,0,0.009081160170079768
6123,1,0.35447501333041886
6124,1,0.6729795525713893
6125,0,0.08383569227720489
6126,0,0.16038676236044658
6127,0,0.0588489931816664
6128,1,0.44175907476309995
6129,0,0.2104047925921926
6130,0,0.12200092446530542
6131,0,0.5469119498448122
6132,1,0.5062137731058621
6133,0,0.09572864570929586
6134,0,0.0747059184365686
6135,0,0.08969400351403811
6136,0,0.028517917570205154
6137,1,0.6768141404136468
6138,0,0.00480136896126056
6139,0,0.0040657901769012884
6140,0,0.18761944548956513
6141,0,0.06726137512929783
6142,0,0.5951992215922068
6143,1,0.26229330077025464
6144,0,0.38601558565457483
6145,1,0.5409140834757139
6146,0,0.07328976564694527
6147,0,0.6475201595514427
6148,0,0.0
6149,1,0.6267701032285796
6150,1,0.5354875983021071
6151,0,0.345560547069981
6152,0,0.1870203117387009
6153,0,0.1513901644819237
6154,1,0.6563895470231742
6155,0,0.0009602497466575137
6156,1,0.5181318960543583
6157,0,0.6150511035303663
6158,0,0.1431291667961373
6159,0,0.007505660554441042
6160,1,0.15420147689226824
6161,1,0.4307446084685013
6162,1,0.46406212702978084
6163,0,0.3716684250724504
6164,1,0.321608720085674
6165,0,0.0056423065171739605
6166,0,0.1717634911566569
6167,1,0.8311403508771931
6168,0,0.27596900512392514
6169,0,0.40505556514993274
6170,0,0.2572964789823881
6171,0,0.0009602497466575137
6172,1,0.6790910411878155
6173,0,0.07487731028117332
6174,0,0.011440336568935354
6175,0,0.2520851339115231
6176,1,0.48384951687506117
6177,0,0.5158266578522382
6178,0,0.10597768459610564
6179,0,0.14387619769121593
6180,0,0.31108203009280816
6181,0,0.13962775408670933
6182,1,0.7988744508488669
6183,0,0.009081160170079768
6184,0,0.26237014638044387
6185,0,0.021183821204815975
6186,1,0.4809583934355904
6187,0,0.4739094436333365
6188,0,0.2953424049000881
6189,0,0.0
6190,0,0.0005393743257820928
6191,1,0.4530125833531185
6192,0,0.4377176450929652
6193,0,0.36640081177431744
6194,0,0.1870203117387009
6195,0,0.23834108312352684
6196,1,0.535664506082031
6197,0,0.02935885512611856
6198,0,0.10303354426276921
6199,0,0.002547551333959101
6200,0,0.0004208754208754209
6201,1,0.4969531890133994
6202,1,0.3827825981285697
6203,0,0.03664685240108225
6204,0,0.010599399013021954
6205,1,0.7900022740248304
6206,0,0.1757260504444396
6207,0,0.1292672864979408
6208,0,0.00480136896126056
6209,0,0.20695889096918849
6210,1,0.3803555855276441
6211,1,0.5418069016506742
6212,1,0.32827297573805186
6213,1,0.6053715325789569
6214,1,0.40521431879225717
6215,1,0.7207107486993635
6216,0,0.016927530079098512
6217,1,0.555556935744326
6218,0,0.016927530079098512
6219,1,0.5951992215922068
6220,0,0.07781044953231886
6221,1,0.1117361656382796
6222,0,0.4230734460242657
6223,0,0.22600826668623278
6224,0,0.3280828582549168
6225,1,0.24782893755019977
6226,0,0.05146354563394704
6227,0,0.08383569227720489
6228,0,0.4412775055200288
6229,0,0.06620295213570475
6230,1,0.8311403508771931
6231,0,0.013026614754198994
6232,0,0.016927530079098512
6233,0,0.11631876971938403
6234,0,0.010599399013021954
6235,0,0.13962775408670933
6236,1,0.4122025121756024
6237,0,0.655723570834221
6238,0,0.03495193714684496
6239,0,0.036361294500490776
6240,0,0.3177678317703893
6241,0,0.4030763267740012
6242,0,0.3338761140489274
6243,1,0.7141907320132993
6244,0,0.0
6245,0,0.33557309346767966
6246,0,0.15242896199450637
6247,0,0.13291757637695298
6248,0,0.41412587045066357
6249,1,0.8446969696969697
6250,0,0.08973023600426581
6251,0,0.553451293583888
6252,0,0.09217911790574791
6253,0,0.0020081770081770084
6254,1,0.41326574311311454
6255,0,0.016927530079098512
6256,0,0.0005393743257820928
6257,0,0.0004208754208754209
6258,1,0.44672330099517277
6259,0,0.5795260091844139
6260,1,0.6442558862412765
6261,1,0.6650502051608552
6262,0,0.5093362152955362
6263,0,0.4615712341654603
6264,0,0.30132639032894787
6265,0,0.025416092245886753
6266,0,0.0635298700720854
6267,1,0.8489290755624621
6268,1,0.598382247687285
6269,1,0.2747311093922738
6270,1,0.8231593662628146
6271,0,0.0
6272,1,0.6069082385412333
6273,0,0.1466805228244741
6274,0,0.4508811548367922
6275,0,0.01877443293432453
6276,1,0.4969531890133994
6277,1,0.43806543516220936
6278,0,0.3522609523553199
6279,0,0.5320667844056196
6280,0,0.03860765671110499
6281,0,0.16667028164733513
6282,1,0.4609697466307783
6283,1,0.4949354370620018
6284,0,0.3338761140489274
6285,0,0.07704039055935007
6286,0,0.2808344640434193
6287,0,0.0629872897775711
6288,0,0.11581758948455996
6289,0,0.05270980685029799
6290,1,0.3963310084277826
6291,0,0.5742764317907308
6292,1,0.42866147326380183
6293,1,0.7057333080443335
6294,0,0.4101963318478407
6295,0,0.21889358208892515
6296,0,0.0009602497466575137
6297,0,0.10303065357062337
6298,0,0.6021730533132871
6299,0,0.04148770794784393
6300,0,0.0
6301,1,0.6962042338386425
6302,0,0.1444519138450796
6303,0,0.5380082766943212
6304,0,0.2195971894911408
6305,1,0.569651633534438
6306,1,0.4829633723250744
6307,0,0.009081160170079768
6308,1,0.15898512112904553
6309,0,0.016927530079098512
6310,1,0.7612226160586818
6311,0,0.020342883648902573
6312,1,0.6142559087921294
6313,0,0.18761944548956513
6314,1,0.765805963962646
6315,0,0.011440336568935354
6316,1,0.43757302492220823
6317,0,0.6689502249785937
6318,1,0.32005756252481143
6319,0,0.0
6320,0,0.03272167297330575
6321,0,0.003283130118318373
6322,0,0.003283130118318373
6323,1,0.19801691335604388
6324,0,0.0
6325,0,0.0658446135951121
6326,0,0.0
6327,0,0.0009602497466575137
6328,0,0.4665699090093554
6329,0,0.14919975025507484
6330,0,0.11813885859687386
6331,0,0.5088784076129853
6332,0,0.17437568670501258
6333,0,0.5742764317907308
6334,0,0.11440924770189893
6335,0,0.3490928728964621
6336,0,0.00480136896126056
6337,1,0.5445988885267233
6338,0,0.4783218305078934
6339,1,0.22929104995540386
6340,1,0.27976052043848654
6341,0,0.6003511473912567
6342,0,0.30132639032894787
6343,0,0.002547551333959101
6344,1,0.2520851339115231
6345,0,0.10311466710209415
6346,1,0.27596900512392514
6347,0,0.06009525439801735
6348,0,0.00480136896126056
6349,0,0.520669450659713
6350,1,0.4646615541176238
6351,0,0.27600471715314023
6352,0,0.36729273141468094
6353,0,0.1870203117387009
6354,1,0.034056462262698484
6355,0,0.4743929587068601
6356,0,0.04293205032949055
6357,1,0.3338761140489274
6358,0,0.0004208754208754209
6359,1,0.410799475547677
6360,1,0.5455409015912147
6361,0,0.37165792165792166
6362,1,0.7271661786689109
6363,1,0.38107278649895404
6364,0,0.003721205453878721
6365,0,0.6335066760683065
6366,0,0.05604393402343446
6367,0,0.03484604863628171
6368,1,0.15104334849569512
6369,0,0.05790909867671148
6370,1,0.6229250017146062
6371,1,0.6053715325789569
6372,0,0.0005393743257820928
6373,1,0.5385675816572523
6374,0,0.016927530079098512
6375,0,0.020592820151580375
6376,1,0.7528638322116583
6377,0,0.009081160170079768
6378,0,0.18761944548956513
6379,0,0.4781899721832981
6380,1,0.5514823938799162
6381,0,0.4487308107060206
6382,0,0.4436540266048463
6383,0,0.0056423065171739605
6384,1,0.8084376481744903
6385,0,0.003283130118318373
6386,0,0.202419506242373
6387,1,0.44314221926338376
6388,1,0.47801943409053615
6389,1,0.8381166312200795
6390,0,0.03515957688176737
6391,0,0.0747059184365686
6392,1,0.5385950283432298
6393,0,0.3531393010597556
6394,1,0.5951992215922068
6395,1,0.6296305843984557
6396,0,0.5043965461084193
6397,0,0.0
6398,1,0.7271661786689109
6399,0,0.08383569227720489
6400,0,0.07296307626226978
6401,0,0.3173558080337741
6402,1,0.7212711629378296
6403,0,0.21889358208892515
6404,1,0.7392598260640617
6405,1,0.7011586452762923
6406,0,0.0009602497466575137
6407,0,0.04148770794784393
6408,0,0.15502694859038144
6409,0,0.45395699829703656
6410,0,0.6212739371927328
6411,0,0.0
6412,1,0.026671014714979135
6413,0,0.38507590644626827
6414,0,0.2121044501962094
6415,1,0.3545457875457876
6416,1,0.43065207558988394
6417,0,0.08536638876700307
6418,0,0.14677318295739347
6419,0,0.003283130118318373
6420,1,0.8489290755624693
6421,0,0.0004208754208754209
6422,0,0.10324075649153047
6423,0,0.35049343312055176
6424,0,0.06009525439801735
6425,0,0.42807420129588764
6426,0,0.5570089780318385
6427,1,0.8177642825011247
6428,1,0.5817251044066117
6429,0,0.15337024224809723
6430,0,0.010599399013021954
6431,0,0.044821886322384825
6432,0,0.0004208754208754209
6433,0,0.08216751999395631
6434,0,0.06726137512929783
6435,1,0.5758413629381371
6436,1,0.4996178235205225
6437,0,0.4664822563435653
6438,1,0.5093362152955362
6439,0,0.0
6440,0,0.6924352036537579
6441,1,0.49446770917399424
6442,1,0.3201646976660418
6443,0,0.0
6444,0,0.10070866604673039
6445,0,0.03484604863628171
6446,0,0.2540889819014567
6447,0,0.2937058298900404
6448,0,0.0
6449,1,0.21150217381560665
6450,0,0.0632209689925787
6451,1,0.42869502268834864
6452,0,0.07430316401205338
6453,1,0.6994403985465115
6454,0,0.13811342166605325
6455,0,0.003283130118318373
6456,0,0.0009602497466575137
6457,0,0.1963202336078924
6458,1,0.5723075320867591
6459,0,0.4172792962767767
6460,0,0.06174102856122016
6461,0,0.37108465608465613
6462,0,0.4122025121756024
6463,1,0.8311403508771931
6464,0,0.5240999519676508
6465,1,0.4427944291941395
6466,0,0.6450736012880226
6467,0,0.4802025926709663
6468,1,0.6022482893450636
6469,0,0.0
6470,0,0.2279762496621588
6471,0,0.0040657901769012884
6472,0,0.01454485359714118
6473,0,0.37858008658008657
6474,0,0.04300295381205299
6475,0,0.26317164947469035
6476,1,0.5748838073991448
6477,0,0.003283130118318373
6478,0,0.0024784885895997007
6479,0,0.26969245599549685
6480,1,0.6431047015840508
6481,0,0.48593491262352356
6482,1,0.521257680351888
6483,0,0.23042003042003043
6484,0,0.09707945106175747
6485,0,0.043126971068147536
6486,1,0.1978127528319953
6487,0,0.46490244449428125
6488,0,0.23129837912446607
6489,0,0.6471194605872758
6490,0,0.0
6491,1,0.6668291296475641
6492,0,0.045249316022667206
6493,0,0.021183821204815975
6494,0,0.026671014714979135
6495,0,0.49992027336425676
6496,1,0.479850935922038
6497,0,0.6014247227726215
6498,1,0.3226826723216615
6499,0,0.0004208754208754209
6500,0,0.010599399013021954
6501,1,0.6865401879226765
6502,1,0.692114238803641
6503,1,0.8359800362976406
6504,0,0.0004208754208754209
6505,1,0.733580825438295
6506,1,0.7773799803194942
6507,0,0.28701854880058747
6508,0,0.39908649175117555
6509,0,0.4328446085026621
6510,1,0.6120903816115736
6511,0,0.0005393743257820928
6512,0,0.3453623744664471
6513,1,0.6450736012880226
6514,0,0.7988744508488669
6515,1,0.682719669816444
6516,0,0.6077998200071377
6517,1,0.25415052881169325
6518,0,0.14914782464381451
6519,0,0.0
6520,0,0.5256290039554185
6521,0,0.00480136896126056
6522,0,0.0281862605791882
6523,1,0.6407544140470383
6524,0,0.12137687909977775
6525,1,0.7631373881814593
6526,0,0.5380082766943212
6527,0,0.4427944291941395
6528,1,0.7822196657399418
6529,0,0.3068943575705617
6530,0,0.0
6531,0,0.545750184774575
6532,1,0.3608811188811189
6533,0,0.4783218305078934
6534,0,0.21889358208892515
6535,0,0.3758513822270227
6536,0,0.3550746899975512
6537,0,0.012417786230277797
6538,0,0.0009602497466575137
6539,1,0.5269844436360507
6540,0,0.28397299218194744
6541,0,0.34693093610486897
6542,0,0.09707945106175747
6543,0,0.2572964789823881
6544,0,0.003283130118318373
6545,1,0.6420336865699071
6546,0,0.10515221289799244
6547,0,0.2206283216836463
6548,0,0.5475098012951866
6549,1,0.5127017807914513
6550,0,0.026671014714979135
6551,0,0.4615712341654603
6552,0,0.0
6553,1,0.16751742434224726
6554,0,0.0005393743257820928
6555,0,0.2673633494277102
6556,1,0.5374960079135328
6557,0,0.518488102848416
6558,0,0.0857008569304819
6559,1,0.7679103410670232
6560,1,0.5960319601502725
6561,0,0.03674430267383791
6562,0,0.0004208754208754209
6563,1,0.8311403508771931
6564,1,0.6012815375439554
6565,0,0.07475196897453946
6566,0,0.2538365016625886
6567,0,0.43123543595750063
6568,1,0.6854199067443608
6569,0,0.49958075014238057
6570,1,0.8211041368716563
6571,1,0.8567526886492404
6572,0,0.1444519138450796
6573,0,0.14223565465207622
6574,1,0.4743929587068601
6575,1,0.786345715216683
6576,0,0.22929104995540386
6577,1,0.6221066757507984
6578,0,0.23837371752863754
6579,1,0.8657616976582494
6580,0,0.0040657901769012884
6581,0,0.04606814753873578
6582,0,0.5049566026788425
6583,0,0.2228608284835768
6584,0,0.1557461751393409
6585,0,0.0
6586,1,0.5742764317907308
6587,0,0.07995126080095294
6588,0,0.026671014714979135
6589,0,0.06009525439801735
6590,0,0.345499071608649
6591,1,0.36135123912597944
6592,0,0.34680171209504795
6593,1,0.4508139459107201
6594,0,0.7587588479427397
6595,1,0.39645808343329336
6596,1,0.6170299859835249
6597,0,0.06009525439801735
6598,0,0.457642362364427
6599,0,0.30547889178193266
6600,1,0.5391422385815875
6601,1,0.2208109973121631
6602,0,0.46013325522874754
6603,1,0.8302930181333085
6604,0,0.07296307626226978
6605,0,0.01454485359714118
6606,0,0.40587071844500683
6607,0,0.3843282733526636
6608,0,0.10597768459610564
6609,1,0.818611615245009
6610,1,0.056888210760523174
6611,1,0.4893544802238461
6612,0,0.05604393402343446
6613,0,0.12480671556837768
6614,0,0.4062297526001144
6615,0,0.2850873847263739
6616,1,0.8438036493844115
6617,0,0.12062261879482304
6618,0,0.022456174188847457
6619,0,0.06980858541792333
6620,0,0.6003511473912567
6621,1,0.8657616976582494
6622,0,0.3888788663802105
6623,1,0.6563895470231742
6624,0,0.06691028058957148
6625,0,0.04148770794784393
6626,0,0.2747311093922738
6627,0,0.4122025121756024
6628,1,0.5341435678453083
6629,1,0.838963963963964
6630,1,0.7495524314720128
6631,1,0.6576941266219615
6632,0,0.7465562720939065
6633,0,0.003283130118318373
6634,0,0.0281862605791882
6635,0,0.1735097912514362
6636,0,0.43757302492220823
6637,1,0.751758577301472
6638,1,0.6954256395432866
6639,0,0.4969531890133994
6640,0,0.020342883648902573
6641,0,0.5166708697066899
6642,0,0.5322884887063881
6643,1,0.8446969696969697
6644,0,0.6831447976810182
6645,0,0.38277690012287174
6646,0,0.2012501594591147
6647,0,0.011576848674364397
6648,0,0.2540889819014567
6649,0,0.0
6650,0,0.003283130118318373
6651,0,0.12644730890999548
6652,0,0.0009602497466575137
6653,0,0.3535979911722795
6654,1,0.09344981206895464
6655,0,0.5475098012951866
6656,0,0.00480136896126056
6657,0,0.0020081770081770084
6658,0,0.3380403635076124
6659,0,0.05220733387010418
6660,1,0.6689502249785937
6661,0,0.0
6662,0,0.05146354563394704
6663,1,0.8321682340647859
6664,0,0.02915390709508357
6665,0,0.1981231231231231
6666,1,0.3032383497153036
6667,1,0.31315898463593855
6668,0,0.41412587045066357
6669,0,0.12796484396495078
6670,0,0.1574317939542678
6671,1,0.5849469391884843
6672,0,0.002547551333959101
6673,1,0.6021730533132871
6674,0,0.002547551333959101
6675,0,0.0
6676,1,0.521257680351888
6677,1,0.38001664199185187
6678,1,0.4567554381994216
6679,1,0.5455409015912147
6680,1,0.832980469224847
6681,1,0.49101169672469797
6682,0,0.4129158015675765
6683,0,0.4055780712757457
6684,1,0.5380082766943212
6685,0,0.42563655708054055
6686,1,0.2901492916587256
6687,1,0.5526465916368902
6688,0,0.09000584099253739
6689,0,0.38090253322913553
6690,0,0.04269751065940886
6691,0,0.11627441235517595
6692,0,0.33627284427284426
6693,0,0.34664318732115335
6694,0,0.43757302492220823
6695,0,0.3513137254901961
6696,0,0.6954256395432866
6697,0,0.12137687909977775
6698,0,0.5219374340446082
6699,0,0.037893113617433194
6700,0,0.4215408013881728
6701,0,0.018824644805960387
6702,0,0.32145349933974726
6703,1,0.3308606360326902
6704,1,0.49013879923300685
6705,0,0.0
6706,0,0.1298854080115847
6707,1,0.1298854080115847
6708,0,0.004260579779660814
6709,1,0.45355942328331617
6710,0,0.1439189907308789
6711,0,0.4302016866934566
6712,1,0.670843888650789
6713,1,0.43419520789288235
6714,1,0.5137466563396406
6715,0,0.31948450233244674
6716,0,0.23837371752863754
6717,0,0.003283130118318373
6718,0,0.17584128044174793
6719,0,0.44568794656413324
6720,0,0.04606814753873578
6721,0,0.020342883648902573
6722,0,0.10035757150700401
6723,1,0.5514823938799162
6724,0,0.47651757797605426
6725,1,0.7587588479427397
6726,1,0.553451293583888
6727,1,0.6261966707857998
6728,0,0.0004208754208754209
6729,0,0.12019349252783475
6730,0,0.0871864776444929
6731,0,0.1870203117387009
6732,0,0.45419176294004604
6733,0,0.019751882595666976
6734,1,0.553451293583888
6735,1,0.5201453193492678
6736,0,0.016927530079098512
6737,0,0.28081018384570083
6738,0,0.02915390709508357
6739,0,0.3456268456995201
6740,1,0.4313646599673216
6741,0,0.04254502442948673
6742,0,0.4492025005503992
6743,1,0.4341305584943591
6744,1,0.6963822801891865
6745,0,0.08969400351403811
6746,0,0.06342938157115381
6747,0,0.0009602497466575137
6748,1,0.7427872419090219
6749,0,0.05047390970748799
6750,0,0.5188426362820827
6751,1,0.905444237340789
6752,1,0.10116548891734635
6753,0,0.6286637669007749
6754,1,0.686077783246755
6755,0,0.15457398362473748
6756,0,0.04172006099806643
6757,0,0.002547551333959101
6758,0,0.09896433975381343
6759,1,0.8333333333333334
6760,1,0.7781489413677353
6761,1,0.7521138762356561
6762,0,0.6076838754061152
6763,0,0.026671014714979135
6764,0,0.0004208754208754209
6765,0,0.05146354563394704
6766,0,0.27177892128835524
6767,0,0.19801691335604388
6768,0,0.08579792575145996
6769,1,0.5821037158710682
6770,0,0.23242974304652766
6771,1,0.6317467847353996
6772,1,0.4322718496178212
6773,0,0.44106665337917517
6774,0,0.0004208754208754209
6775,0,0.0004208754208754209
6776,0,0.026671014714979135
6777,1,0.5784486252497737
6778,0,0.020342883648902573
6779,0,0.37240479053365844
6780,0,0.0359033651179245
6781,0,0.00480136896126056
6782,0,0.5166708697066899
6783,1,0.492102229788725
6784,0,0.3421537399798269
6785,0,0.04148770794784393
6786,1,0.3420897573830932
6787,0,0.1136470676435687
6788,0,0.006619756178516403
6789,0,0.10241542274912531
6790,0,0.50391885431728
6791,0,0.003283130118318373
6792,0,0.16614364300581963
6793,0,0.0
6794,0,0.18676356594116128
6795,0,0.12209610564873723
6796,1,0.670843888650789
6797,0,0.09707945106175747
6798,0,0.009081160170079768
6799,0,0.17864645330761775
6800,0,0.45523481258078413
6801,1,0.29437046004842615
6802,0,0.535369121200473
6803,0,0.48926687785331735
6804,0,0.044821886322384825
6805,0,0.06811030966297725
6806,1,0.2978489071165587
6807,1,0.7755422765564753
6808,0,0.03600051443768077
6809,1,0.48593491262352356
6810,0,0.15898512112904553
6811,0,0.5742764317907308
6812,0,0.6865401879226765
6813,0,0.18761944548956513
6814,1,0.6466494297781195
6815,0,0.5279459251824591
6816,0,0.06342938157115381
6817,0,0.3007669370699779
6818,0,0.0005393743257820928
6819,0,0.4055780712757457
6820,0,0.002547551333959101
6821,1,0.6296695608839822
6822,1,0.4781899721832981
6823,0,0.07475196897453946
6824,0,0.07240458944471824
6825,0,0.026671014714979135
6826,0,0.01454485359714118
6827,0,0.5477819146218015
6828,1,0.36865208434975877
6829,0,0.5514823938799162
6830,0,0.23757221443439105
6831,0,0.04286776005844859
6832,0,0.0
6833,0,0.002547551333959101
6834,0,0.05146354563394704
6835,0,0.04374674204821013
6836,0,0.0009602497466575137
6837,0,0.0005393743257820928
6838,0,0.39138129933211907
6839,1,0.6232428368967046
6840,1,0.5367006972414549
6841,0,0.6479521991453413
6842,0,0.5454046233270856
6843,0,0.38507590644626827
6844,0,0.5154480463877817
6845,0,0.34456117002841896
6846,0,0.3984504659177148
6847,0,0.0005393743257820928
6848,1,0.6246284700459949
6849,1,0.5264109869517446
6850,0,0.0009602497466575137
6851,0,0.3280828582549168
6852,1,0.8446969696969697
6853,1,0.050512418615866896
6854,1,0.5692653296547281
6855,1,0.332573534082968
6856,1,0.5146624600952643
6857,0,0.4064116398556233
6858,0,0.026671014714979135
6859,0,0.0009602497466575137
6860,1,0.4325903450648351
6861,0,0.003283130118318373
6862,1,0.6765487090410639
6863,0,0.18761944548956513
6864,1,0.5804175249537455
6865,0,0.002547551333959101
6866,1,0.5166313597992361
6867,0,0.3748903279195206
6868,1,0.3025587492402417
6869,1,0.3315293550063089
6870,0,0.018824644805960387
6871,0,0.4615712341654603
6872,1,0.3589194577748633
6873,0,0.04122724079056966
6874,0,0.01823364375272479
6875,0,0.7655015673981191
6876,0,0.050512418615866896
6877,0,0.07645024472948554
6878,0,0.010599399013021954
6879,1,0.7022037272477982
6880,0,0.06342938157115381
6881,0,0.318402591359748
6882,0,0.04254502442948673
6883,1,0.634425755939794
6884,0,0.04300295381205299
6885,0,0.3827825981285697
6886,0,0.09707945106175747
6887,0,0.25729114013908455
6888,0,0.0
6889,0,0.4969531890133994
6890,0,0.12076046253310158
6891,0,0.23129837912446607
6892,0,0.0024784885895997007
6893,0,0.02510256400040109
6894,0,0.002547551333959101
6895,0,0.10661314575287344
6896,1,0.42120816807781
6897,0,0.3420897573830932
6898,1,0.46286376663635836
6899,0,0.1136013302915566
6900,0,0.08134757774813081
6901,0,0.3010281395050934
6902,1,0.40521431879225717
6903,0,0.202419506242373
6904,0,0.020872984663217742
6905,0,0.003283130118318373
6906,1,0.5607429779723789
6907,0,0.05345359508645512
6908,0,0.1136013302915566
6909,0,0.49869745004534866
6910,0,0.0
6911,0,0.043126971068147536
6912,0,0.5185509079790199
6913,0,0.00480136896126056
6914,0,0.05715407792742911
6915,0,0.5971681212961787
6916,0,0.46205280340853144
6917,1,0.6352889997497347
6918,1,0.6418177340259106
6919,0,0.171145369643013
6920,1,0.553451293583888
6921,1,0.6466494297781195
6922,1,0.6837688422224875
6923,1,0.4735060345418547
6924,1,0.6407544140470383
6925,0,0.5455409015912147
6926,0,0.00480136896126056
6927,0,0.11224783928411523
6928,1,0.4902749136541224
6929,1,0.5723075320867591
6930,0,0.06071415783494341
6931,0,0.6123079364140495
6932,1,0.37674839170180907
6933,1,0.42843416745855767
6934,0,0.08701622824545319
6935,0,0.32817078754578755
6936,0,0.0009602497466575137
6937,1,0.3571069147459039
6938,0,0.04606814753873578
6939,0,0.22364912711779086
6940,0,0.00880661965567626
6941,1,0.7839253187613844
6942,1,0.5683957968480894
6943,0,0.3734254408926898
6944,0,0.00480136896126056
6945,0,0.1556450701040253
6946,0,0.5450875129754866
6947,1,0.36402780796564516
6948,1,0.519726629107291
6949,0,0.003283130118318373
6950,1,0.5173929715028751
6951,0,0.00480136896126056
6952,1,0.5804175249537455
6953,0,0.00480136896126056
6954,0,0.21889358208892515
6955,0,0.5661123926694861
6956,0,0.7212711629378296
6957,0,0.5260868116379692
6958,0,0.26313901506957965
6959,0,0.16245290982133087
6960,0,0.16228189507304666
6961,1,0.5960319601502725
6962,0,0.08383569227720489
6963,1,0.7141907320132993
6964,1,0.6084404349975284
6965,0,0.4058649232108948
6966,0,0.0004208754208754209
6967,1,0.6908849147655118
6968,0,0.14490873671569557
6969,0,0.002547551333959101
6970,0,0.10543625551995152
6971,0,0.5817251044066117
6972,0,0.06504511593629446
6973,0,0.011440336568935354
6974,0,0.20564982330437256
6975,0,0.02935885512611856
6976,0,0.6647094235313584
6977,1,0.5723075320867591
6978,0,0.27413197564140956
6979,1,0.49958075014238057
6980,0,0.12711185077882126
6981,0,0.42853439825829115
6982,0,0.40536963509169976
6983,0,0.003283130118318373
6984,1,0.7224609717896507
6985,0,0.00480136896126056
6986,0,0.0009602497466575137
6987,1,0.250770333618278
6988,0,0.1473997493734336
6989,0,0.0
6990,1,0.6315296012534941
6991,0,0.12524668612554424
6992,1,0.2915783412863132
6993,0,0.3734254408926898
6994,1,0.5445988885267233
6995,0,0.002547551333959101
6996,1,0.5623867088819449
6997,0,0.4667339463257831
6998,0,0.020872984663217742
6999,1,0.5305182644443507
7000,0,0.0009602497466575137
7001,1,0.6845712882187046
7002,0,0.044821886322384825
7003,1,0.4172792962767767
7004,1,0.6854199067443608
7005,0,0.0
7006,0,0.002547551333959101
7007,0,0.07350570775818852
7008,0,0.18761944548956513
7009,1,0.8183660964187703
7010,0,0.0004208754208754209
7011,1,0.6189236496557201
7012,0,0.0009602497466575137
7013,0,0.33238573021181717
7014,1,0.6221066757507984
7015,0,0.0004208754208754209
7016,0,0.20303762775601694
7017,1,0.4079168386939875
7018,0,0.43401864853334643
7019,1,0.6727241453786456
7020,1,0.3990828055744447
7021,0,0.002547551333959101
7022,0,0.010599399013021954
7023,0,0.29248653995161605
7024,1,0.4712958243316445
7025,0,0.14126400214286028
7026,0,0.003283130118318373
7027,1,0.7424282586076077
7028,1,0.588575496717534
7029,0,0.026671014714979135
7030,1,0.6307695632090096
7031,1,0.5951992215922068
7032,0,0.12611723359944463
7033,1,0.3387308463698355
7034,1,0.5987799523168054
7035,0,0.026671014714979135
7036,0,0.10597768459610564
7037,0,0.01112950002733712
7038,1,0.8001762410953493
7039,1,0.7887650041818226
7040,0,0.048873155495563286
7041,0,0.37475183732612577
7042,0,0.010599399013021954
7043,0,0.06504511593629446
7044,1,0.8567526886492404
7045,0,0.3916219315950218
7046,0,0.06111678515878619
7047,0,0.0009602497466575137
7048,0,0.048873155495563286
7049,0,0.044821886322384825
7050,0,0.3500209088374686
7051,0,0.10684459730261257
7052,0,0.6002793896410917
7053,1,0.48593491262352356
7054,0,0.07758713160446891
7055,1,0.34440814288509686
7056,0,0.46727420768046274
7057,0,0.0020081770081770084
7058,0,0.03515957688176737
7059,0,0.003283130118318373
7060,0,0.3492606511029
7061,0,0.0588489931816664
7062,1,0.3079378307897847
7063,0,0.11549197419319611
7064,1,0.5386488916847119
7065,0,0.008541785844297675
7066,0,0.0
7067,0,0.010599399013021954
7068,0,0.0744763223591824
7069,0,0.2706138702685192
7070,1,0.49869745004534866
7071,0,0.026671014714979135
7072,0,0.11631876971938403
7073,0,0.03484604863628171
7074,0,0.0009602497466575137
7075,0,0.20634076945554455
7076,0,0.2796130909161318
7077,0,0.10792454005195545
7078,0,0.5621871831498059
7079,0,0.38318360875733687
7080,0,0.5414622705631829
7081,1,0.6466494297781195
7082,0,0.16542441645686015
7083,1,0.5062137731058621
7084,0,0.0015873015873015875
7085,0,0.27874552641473527
7086,1,0.82669938953968
7087,0,0.005182780182780182
7088,0,0.10928429342751593
7089,0,0.0005393743257820928
7090,1,0.43806543516220936
7091,1,0.5307592049527534
7092,1,0.1136013302915566
7093,1,0.36640081177431744
7094,0,0.0020081770081770084
7095,0,0.22294188861985473
7096,0,0.0005393743257820928
7097,0,0.049768630379709765
7098,0,0.01877443293432453
7099,0,0.003283130118318373
7100,1,0.6944062547737088
7101,0,0.026671014714979135
7102,0,0.46286376663635836
7103,1,0.3492367044087629
7104,0,0.01877443293432453
7105,0,0.2936442829798039
7106,0,0.16521706627239086
7107,0,0.04122724079056966
7108,1,0.6046898306851961
7109,0,0.06255236133876911
7110,0,0.14223565465207622
7111,0,0.29437046004842615
7112,1,0.42529285099048747
7113,1,0.4311146452532415
7114,0,0.39473661910041974
7115,0,0.08788677571935356
7116,0,0.6449983652562462
7117,1,0.6131299661657863
7118,1,0.44808786555511443
7119,0,0.020342883648902573
7120,1,0.6449983652562462
7121,0,0.0024784885895997007
7122,0,0.32219698675554986
7123,1,0.07696822816754284
7124,0,0.17150102443693357
7125,0,0.023047175242083055
7126,0,0.3637214137214137
7127,1,0.28292902711323764
7128,0,0.388225795864785
7129,1,0.45698825577176444
7130,1,0.6107002257667907
7131,1,0.20559330667030307
7132,0,0.06980858541792333
7133,0,0.4742611003822648
7134,0,0.1375093186453
7135,1,0.5840165490357855
7136,1,0.7322010890347054
7137,0,0.17770644509502495
7138,0,0.06342938157115381
7139,0,0.4783218305078934
7140,0,0.0
7141,1,0.21889358208892515
7142,0,0.21041352944568437
7143,1,0.5166708697066899
7144,0,0.3991467881711784
7145,1,0.4795484860783037
7146,1,0.2967397456463753
7147,0,0.17618287331505558
7148,0,0.5104229948443495
7149,0,0.5658846529814272
7150,0,0.003283130118318373
7151,0,0.1571199564757685
7152,0,0.012417786230277797
7153,0,0.4802025926709663
7154,0,0.38668519477956237
7155,0,0.0
7156,0,0.44781232492997197
7157,1,0.2393397336691336
7158,1,0.606658730389168
7159,0,0.32719017669961065
7160,0,0.02935885512611856
7161,1,0.27116079977471136
7162,0,0.5207454115710997
7163,0,0.46679263843739155
7164,0,0.00480136896126056
7165,0,0.0953298127256935
7166,0,0.003283130118318373
7167,0,0.1117361656382796
7168,1,0.5795260091844139
7169,1,0.519726629107291
7170,0,0.2540889819014567
7171,0,0.049768630379709765
7172,1,0.7460218872012363
7173,0,0.26314062654980425
7174,0,0.08383569227720489
7175,0,0.021183821204815975
7176,1,0.6471194605872758
7177,0,0.536922480620155
7178,1,0.6985696687731884
7179,0,0.34456117002841896
7180,0,0.003283130118318373
7181,0,0.0005393743257820928
7182,1,0.38184132049309555
7183,0,0.00274375579253628
7184,1,0.7426252319109462
7185,0,0.10303065357062337
7186,0,0.01454485359714118
7187,0,0.05146354563394704
7188,0,0.5919585790553533
7189,0,0.37227901094239035
7190,0,0.35476383503187586
7191,1,0.5420828185587309
7192,1,0.8311403508771931
7193,0,0.0
7194,1,0.4783218305078934
7195,0,0.017904979740440956
7196,0,0.4783218305078934
7197,1,0.6526003276003276
7198,1,0.7964168425991086
7199,0,0.05163379503298678
7200,0,0.17150102443693357
7201,0,0.0009602497466575137
7202,0,0.003283130118318373
7203,0,0.37108465608465613
7204,1,0.10338973987237228
7205,0,0.6242277710818279
7206,0,0.0005393743257820928
7207,0,0.44641291890134654
7208,1,0.4809583934355904
7209,0,0.3109487744257283
7210,0,0.0043804935403851395
7211,1,0.5455409015912147
7212,0,0.017904979740440956
7213,1,0.5914652216516664
7214,1,0.42591724491057087
7215,1,0.5411173995663884
7216,0,0.228561736770692
7217,0,0.0
7218,0,0.0
7219,1,0.788322908438254
7220,0,0.35137178182498746
7221,1,0.6726507264141673
7222,0,0.0005393743257820928
7223,0,0.46289403488285563
7224,1,0.8302930181333085
7225,0,0.08075917821129526
7226,0,0.4122025121756024
7227,1,0.7043761503438922
7228,1,0.38900477824730156
7229,0,0.020872984663217742
7230,0,0.40505556514993274
7231,0,0.4743929587068601
7232,0,0.003283130118318373
7233,1,0.30324477351916374
7234,0,0.1579016108584604
7235,0,0.0004208754208754209
7236,0,0.06529454622443082
7237,0,0.10858558516147254
7238,0,0.18761944548956513
7239,1,0.49524685062096774
7240,1,0.47450733504809267
7241,0,0.5367006972414549
7242,1,0.5654678654678654
7243,0,0.002547551333959101
7244,1,0.6450736012880226
7245,0,0.4804636561217097
7246,1,0.7465562720939065
7247,1,0.37547728511627426
7248,0,0.10208356712677215
7249,0,0.005778818622603001
7250,0,0.790786676554196
7251,1,0.32719017669961065
7252,1,0.786345715216683
7253,0,0.22929104995540386
7254,0,0.6151762817237134
7255,0,0.0440322999488016
7256,0,0.171145369643013
7257,1,0.6693509239427607
7258,0,0.0
7259,0,0.3732086385019744
7260,0,0.675245939673842
7261,1,0.6407544140470383
7262,0,0.044821886322384825
7263,0,0.49187640491222506
7264,1,0.4261586518563263
7265,0,0.05038840135977235
7266,0,0.20386710456141832
7267,0,0.36293154039878933
7268,1,0.4525655782632527
7269,0,0.03664685240108225
7270,0,0.23950508145069913
7271,0,0.21473249087760618
7272,0,0.021183821204815975
7273,0,0.6120054865703152
7274,0,0.2766210809341087
7275,1,0.7553276003276004
7276,0,0.6212739371927328
7277,0,0.3865268287929366
7278,0,0.6107536538962329
7279,1,0.056888210760523174
7280,0,0.05715407792742911
7281,0,0.12833349279244802
7282,0,0.22046094070082076
7283,0,0.18761944548956513
7284,0,0.4567554381994216
7285,0,0.10509450632671735
7286,1,0.82669938953968
7287,0,0.04606814753873578
7288,0,0.2808344640434193
7289,0,0.0
7290,0,0.09344981206895464
7291,0,0.5577701625574295
7292,0,0.43065207558988394
7293,1,0.16938258899552427
7294,0,0.0009602497466575137
7295,0,0.3975052140879372
7296,0,0.03436093609360936
7297,0,0.0
7298,0,0.6831447976810182
7299,0,0.40675453222178115
7300,0,0.5010277308778092
7301,1,0.2806813245056129
7302,0,0.0685529372718221
7303,0,0.009863820228662683
7304,0,0.03664685240108225
7305,0,0.028517917570205154
7306,1,0.712798734025407
7307,0,0.708295716282218
7308,0,0.00480136896126056
7309,0,0.39407000407000403
7310,0,0.2338814812499023
7311,0,0.11961841819904347
7312,0,0.24168766604504435
7313,0,0.0009602497466575137
7314,0,0.21889358208892515
7315,1,0.6246284700459949
7316,0,0.15898512112904553
7317,0,0.002547551333959101
7318,0,0.03484604863628171
7319,1,0.2936442829798039
7320,1,0.5308910632773487
7321,0,0.01877443293432453
7322,0,0.016927530079098512
7323,0,0.03515957688176737
7324,0,0.23837371752863754
7325,0,0.017256194091382345
7326,0,0.10303065357062337
7327,1,0.8495366551174174
7328,1,0.4280825107096293
7329,1,0.7427872419090219
7330,0,0.0
7331,0,0.4035864527629234
7332,1,0.8311403508771931
7333,1,0.6795248910132795
7334,0,0.10366168396547626
7335,0,0.0
7336,0,0.03275552131484335
7337,1,0.82669938953968
7338,1,0.7271661786689109
7339,0,0.144268341307815
7340,1,0.4322718496178212
7341,0,0.1810730206052991
7342,1,0.5477483939393758
7343,0,0.020342883648902573
7344,0,0.3095780685920578
7345,0,0.7822196657399418
7346,0,0.010599399013021954
7347,1,0.5994300402902554
7348,0,0.16783644754914828
7349,1,0.6897064118753834
7350,0,0.18761944548956513
7351,1,0.33970588235294114
7352,1,0.4265234812455459
7353,0,0.22929104995540386
7354,0,0.0009602497466575137
7355,0,0.010599399013021954
7356,0,0.07808609614767592
7357,0,0.00480136896126056
7358,0,0.0009602497466575137
7359,0,0.0
7360,0,0.042231496184001065
7361,1,0.3082187493671725
7362,0,0.003283130118318373
7363,1,0.6994403985465115
7364,1,0.7755244373902291
7365,0,0.7689328150132585
7366,1,0.5971681212961787
7367,0,0.013303690606202435
7368,0,0.1390462617012537
7369,1,0.5153161880631866
7370,0,0.020342883648902573
7371,0,0.06342938157115381
7372,0,0.07153514588859416
7373,1,0.7368922261779405
7374,0,0.11770696179258151
7375,0,0.38507590644626827
7376,1,0.818611615245009
7377,0,0.5173929715028751
7378,1,0.5752068219434295
7379,1,0.6003511473912567
7380,1,0.5383868881587777
7381,0,0.0
7382,0,0.13962775408670933
7383,0,0.27596900512392514
7384,0,0.020342883648902573
7385,0,0.0020576131687242796
7386,0,0.0005393743257820928
7387,1,0.33762403913347305
7388,1,0.5264109869517446
7389,0,0.010599399013021954
7390,0,0.0005393743257820928
7391,0,0.026903367765201625
7392,0,0.010599399013021954
7393,0,0.4614204637518015
7394,0,0.0
7395,1,0.769229377215879
7396,1,0.8177642825011247
7397,1,0.47736004305771745
7398,0,0.19610297931193454
7399,1,0.425891141588816
7400,0,0.5842121719418697
7401,0,0.23673655735046886
7402,0,0.3368145752915292
7403,1,0.6954256395432866
7404,1,0.5449051706219598
7405,0,0.1274021218446638
7406,1,0.5496790565756083
7407,0,0.11627441235517595
7408,1,0.47351334695733033
7409,0,0.0
7410,1,0.5008820608144328
7411,0,0.06342938157115381
7412,0,0.43123543595750063
7413,1,0.6757796404481698
7414,1,0.4719280518187093
7415,1,0.381460664411484
7416,1,0.6974902071785684
7417,0,0.00480136896126056
7418,0,0.3756356511029
7419,1,0.3577599852613294
7420,0,0.3110152763086122
7421,1,0.521257680351888
7422,0,0.3557820447848039
7423,1,0.670843888650789
7424,0,0.7806127094836772
7425,1,0.5084540951403776
7426,0,0.020342883648902573
7427,1,0.362995522995523
7428,0,0.1306547619047619
7429,1,0.905444237340789
7430,0,0.5254411331063994
7431,1,0.4142492036109058
7432,0,0.012417786230277797
7433,1,0.650494531292093
7434,0,0.22910761358422038
7435,0,0.016927530079098512
7436,0,0.4567638645685517
7437,0,0.0
7438,0,0.051765190875117044
7439,0,0.40137624255271315
7440,1,0.5049566026788425
7441,0,0.0
7442,0,0.22364912711779086
7443,0,0.404987012987013
7444,0,0.0588489931816664
7445,0,0.22780900313390376
7446,0,0.00480136896126056
7447,0,0.002547551333959101
7448,0,0.010599399013021954
7449,0,0.2279762496621588
7450,1,0.7080987429788795
7451,0,0.32443877246271013
7452,0,0.0588489931816664
7453,0,0.048873155495563286
7454,0,0.04254502442948673
7455,1,0.7839253187613844
7456,0,0.4703571759351142
7457,0,0.1511586485270696
7458,0,0.10070866604673039
7459,0,0.03484604863628171
7460,1,0.4478541739753384
7461,0,0.6003511473912567
7462,0,0.8489290755624693
7463,1,0.33660613910748327
7464,0,0.790786676554196
7465,0,0.10699581113861271
7466,0,0.00480136896126056
7467,0,0.5154480463877817
7468,1,0.8489290755624693
7469,0,0.3899592348444075
7470,0,0.009863820228662683
7471,0,0.5217071990212756
7472,1,0.49992027336425676
7473,1,0.37834227509134327
7474,0,0.603803331839152
7475,0,0.2796130909161318
7476,1,0.5560556415497607
7477,0,0.2639203545983207
7478,1,0.09849240685372701
7479,1,0.492102229788725
7480,1,0.3451873105332821
7481,1,0.7308002371435207
7482,1,0.7662593133701164
7483,1,0.6668291296475641
7484,0,0.060046113306982875
7485,0,0.00480136896126056
7486,1,0.3449616443830523
7487,1,0.46286376663635836
7488,0,0.0005393743257820928
7489,0,0.43419520789288235
7490,1,0.39400602147327035
7491,0,0.2065004471784133
7492,1,0.4239653452442389
7493,0,0.0024784885895997007
7494,0,0.18761944548956513
7495,0,0.020342883648902573
7496,0,0.43419520789288235
7497,0,0.06009525439801735
7498,1,0.6854199067443608
7499,0,0.04148770794784393
7500,1,0.7150614617866223
7501,0,0.0024784885895997007
7502,0,0.11508973400789545
7503,0,0.010599399013021954
7504,1,0.6849860569188966
7505,0,0.0009602497466575137
7506,1,0.10560599906537566
7507,0,0.38900477824730156
7508,0,0.010599399013021954
7509,0,0.3666124031007752
7510,0,0.2765284583828951
7511,1,0.8302930181333085
7512,0,0.6003511473912567
7513,0,0.131281328320802
7514,0,0.002547551333959101
7515,0,0.0009602497466575137
7516,0,0.011576848674364397
7517,1,0.7368922261779405
7518,1,0.6907190626519024
7519,0,0.1182572856094639
7520,1,0.1375093186453
7521,0,0.06811030966297725
7522,0,0.5104269275742541
7523,0,0.20315574804969935
7524,0,0.5438530428207682
7525,1,0.5723075320867591
7526,0,0.026671014714979135
7527,1,0.8438036493844115
7528,0,0.13918778352954272
7529,0,0.002547551333959101
7530,0,0.03122220916338564
7531,0,0.003283130118318373
7532,1,0.7252354288571413
7533,0,0.14223565465207622
7534,1,0.5468608075208001
7535,1,0.4415018967232415
7536,0,0.09392887058495043
7537,0,0.3384559519797133
7538,0,0.4615712341654603
7539,1,0.520669450659713
7540,0,0.6053715325789569
7541,0,0.04002514574382914
7542,0,0.19801691335604388
7543,0,0.002547551333959101
7544,0,0.4032880459151646
7545,1,0.034056462262698484
7546,0,0.003283130118318373
7547,0,0.0004208754208754209
7548,1,0.3730109289617487
7549,0,0.404987012987013
7550,1,0.7373401457394296
7551,0,0.12621505735103872
7552,0,0.0024784885895997007
7553,1,0.2796130909161318
7554,1,0.49101169672469797
7555,0,0.21889358208892515
7556,0,0.0281862605791882
7557,0,0.0
7558,0,0.0588489931816664
7559,0,0.10747116371865267
7560,0,0.14126400214286028
7561,0,0.4317448855174772
7562,1,0.4675785689264676
7563,1,0.4379661036637781
7564,0,0.009081160170079768
7565,1,0.6803729628564802
7566,0,0.048873155495563286
7567,0,0.42866147326380183
7568,0,0.002547551333959101
7569,0,0.2279436152570481
7570,0,0.0004208754208754209
7571,1,0.3228993228993229
7572,0,0.44672330099517277
7573,0,0.6265906696803403
7574,0,0.45729070561549867
7575,0,0.003283130118318373
7576,1,0.599653954245791
7577,0,0.04148770794784393
7578,0,0.08383569227720489
7579,1,0.624893901418578
7580,0,0.036361294500490776
7581,0,0.0
7582,0,0.0004208754208754209
7583,0,0.4681089681774349
7584,1,0.6509686170191039
7585,0,0.10458362962195357
7586,1,0.3500209088374686
7587,0,0.31181648074664026
7588,0,0.002547551333959101
7589,0,0.0635298700720854
7590,0,0.4296844763921501
7591,1,0.4969531890133994
7592,0,0.561422111330958
7593,0,0.43419520789288235
7594,0,0.4415018967232415
7595,1,0.4062297526001144
7596,0,0.02825843221093709
7597,1,0.6021730533132871
7598,0,0.26768860800556327
7599,0,0.04289195023982156
7600,0,0.38185783122163186
7601,0,0.0
7602,0,0.259494929277373
7603,0,0.3181861700284189
7604,0,0.03174422331196331
7605,1,0.34749823819591263
7606,1,0.5792813638078393
7607,1,0.7308002371435207
7608,0,0.20564982330437256
7609,0,0.5154480463877817
7610,0,0.00480136896126056
7611,1,0.8657616976582494
7612,0,0.0009602497466575137
7613,0,0.13388922888616892
7614,0,0.0
7615,0,0.4932833520248794
7616,0,0.010599399013021954
7617,0,0.00480136896126056
7618,0,0.049768630379709765
7619,0,0.32834136911370276
7620,0,0.28701854880058747
7621,0,0.00480136896126056
7622,0,0.0
7623,1,0.09707945106175747
7624,0,0.1491180541820244
7625,1,0.5455409015912147
7626,0,0.01877443293432453
7627,1,0.45812063474107934
7628,1,0.3555576535815912
7629,0,0.026080013661743534
7630,0,0.1784702258386469
7631,0,0.45094580423531544
7632,0,0.06342938157115381
7633,1,0.7174290616727438
7634,0,0.0
7635,0,0.0
7636,0,0.3967957436271603
7637,0,0.0
7638,1,0.5849469391884843
7639,1,0.28596573343080955
7640,0,0.26017107815110035
7641,0,0.30708788624280625
7642,0,0.21281697410885178
7643,0,0.03674430267383791
7644,0,0.1425024163547883
7645,0,0.40984035982294614
7646,0,0.35467990214497824
7647,0,0.5200106119149704
7648,0,0.07742505103815882
7649,0,0.42440701950379367
7650,0,0.07719403296564267
7651,0,0.03674430267383791
7652,0,0.4745375788776171
7653,0,0.5649745080641786
7654,1,0.38785368422404604
7655,0,0.2777608172941889
7656,0,0.003283130118318373
7657,0,0.16026603246688365
7658,0,0.31916839199447894
7659,1,0.6261966707857998
7660,0,0.29437046004842615
7661,0,0.05146354563394704
7662,0,0.0350784016865042
7663,0,0.02235159892979118
7664,0,0.07995126080095294
7665,0,0.16542441645686015
7666,0,0.202419506242373
7667,1,0.8657616976582494
7668,0,0.30361612108337
7669,0,0.06071415783494341
7670,0,0.0005393743257820928
7671,0,0.12770902460167996
7672,0,0.00480136896126056
7673,0,0.410591039363631
7674,0,0.4436540266048463
7675,0,0.31537614142253373
7676,0,0.00212667591308368
7677,0,0.0
7678,0,0.5320667844056196
7679,0,0.11876542501291397
7680,0,0.0040657901769012884
7681,0,0.31412374597818266
7682,1,0.7529612089795407
7683,0,0.05038840135977235
7684,0,0.5752068219434295
7685,1,0.8657616976582494
7686,1,0.5323528629914587
7687,0,0.0
7688,0,0.5200106119149704
7689,1,0.6926746530421072
7690,0,0.23449705618296532
7691,0,0.0440322999488016
7692,0,0.0009602497466575137
7693,0,0.0
7694,0,0.05146354563394704
7695,1,0.5514823938799162
7696,0,0.35382386877141087
7697,0,0.15991361579596872
7698,0,0.0009602497466575137
7699,1,0.6641792578887861
7700,0,0.009081160170079768
7701,1,0.5367006972414549
7702,1,0.7771829702864186
7703,1,0.6053715325789569
7704,0,0.0009602497466575137
7705,1,0.4646615541176238
7706,0,0.26721177505971944
7707,1,0.14585505112636007
7708,0,0.006758279798418909
7709,0,0.11581758948455996
7710,0,0.2887182865443735
7711,0,0.027234479463142596
7712,0,0.003283130118318373
7713,1,0.7485202476420275
7714,1,0.7723513024045362
7715,0,0.43757302492220823
7716,0,0.05038840135977235
7717,0,0.0797585483987566
7718,1,0.7302606712284132
7719,0,0.558833414901164
7720,0,0.020342883648902573
7721,0,0.3260324336714228
7722,0,0.4648490673917238
7723,0,0.020342883648902573
7724,1,0.6189236496557201
7725,0,0.21889358208892515
7726,0,0.037863868474947854
7727,0,0.0009602497466575137
7728,0,0.002547551333959101
7729,0,0.5093362152955362
7730,0,0.019615370490237934
7731,1,0.7899393438103116
7732,0,0.026671014714979135
7733,0,0.49869745004534866
7734,1,0.7528638322116583
7735,1,0.553451293583888
7736,0,0.0373021125641976
7737,0,0.06908030763962968
7738,0,0.11200292734099167
7739,0,0.14064588062921637
7740,1,0.818611615245009
7741,0,0.003283130118318373
7742,1,0.5742764317907308
7743,0,0.11287347481489206
7744,0,0.18390725911791495
7745,1,0.814170653907496
7746,0,0.020872984663217742
7747,0,0.24489452404944403
7748,0,0.08106884057971014
7749,0,0.29752519334839306
7750,0,0.23300815264452682
7751,0,0.05604393402343446
7752,0,0.065169133192389
7753,1,0.7199317807574688
7754,0,0.3788154539131587
7755,0,0.06726137512929783
7756,0,0.33660613910748327
7757,0,0.18582181281721777
7758,0,0.2282788200380964
7759,0,0.11349410050046617
7760,1,0.6449983652562462
7761,0,0.13647261685889708
7762,0,0.0650191418969989
7763,0,0.08383569227720489
7764,0,0.29876308908004434
7765,0,0.4543937910274544
7766,0,0.09739128854025673
7767,0,0.40505556514993274
7768,0,0.6804481988882567
7769,1,0.5951992215922068
7770,1,0.4302016866933258
7771,0,0.4567554381994216
7772,0,0.19407308047646574
7773,0,0.45095311665079113
7774,0,0.2929698998243365
7775,1,0.4736069937896022
7776,0,0.18761944548956513
7777,0,0.43757302492220823
7778,0,0.37620788274342365
7779,0,0.202419506242373
7780,0,0.790786676554196
7781,0,0.01112950002733712
7782,1,0.25314646445498495
7783,0,0.558833414901164
7784,0,0.39878195878195877
7785,1,0.6450736012880226
7786,0,0.0009602497466575137
7787,1,0.12524668612554424
7788,0,0.010599399013021954
7789,1,0.46670664754677804
7790,1,0.770549250385316
7791,0,0.003283130118318373
7792,1,0.5287903052487816
7793,0,0.22929104995540386
7794,0,0.783881947100741
7795,1,0.3027269505530375
7796,0,0.469410278849487
7797,1,0.708295716282218
7798,0,0.17892649546878403
7799,0,0.3871438848920863
7800,1,0.36794612794612797
7801,1,0.5374564980060789
7802,0,0.26317164947469035
7803,0,0.4675645422531532
7804,1,0.6865401879226765
7805,1,0.5778307654683297
7806,0,0.7396502357695663
7807,0,0.011440336568935354
7808,1,0.3728521753194243
7809,0,0.4322718496178212
7810,0,0.3531393010597556
7811,0,0.021105337713440236
7812,0,0.28542466541105327
7813,1,0.34084839449985394
7814,0,0.009081160170079768
7815,0,0.22998573902190345
7816,0,0.2779290186069847
7817,0,0.3679448072248645
7818,1,0.09185074754216478
7819,0,0.15352663466261604
7820,0,0.017904979740440956
7821,0,0.0024784885895997007
7822,0,0.6768141404136468
7823,1,0.3756356511029
7824,0,0.5623313740151927
7825,0,0.0
7826,0,0.4770205198358413
7827,0,0.3437628566460112
7828,0,0.026671014714979135
7829,0,0.0024784885895997007
7830,1,0.7874755756943695
7831,0,0.017256194091382345
7832,0,0.6266596301427095
7833,1,0.692114238803641
7834,0,0.026671014714979135
7835,1,0.6407544140470383
7836,0,0.14490873671569557
7837,0,0.6135434490842068
7838,0,0.5526465916368902
7839,1,0.15502694859038144
7840,0,0.0005393743257820928
7841,0,0.020342883648902573
7842,0,0.05270980685029799
7843,0,0.010599399013021954
7844,1,0.8311403508771931
7845,0,0.5475098012951866
7846,0,0.1066782788356045
7847,0,0.3403222381483251
7848,0,0.31181648074664026
7849,0,0.0040657901769012884
7850,0,0.01454485359714118
7851,1,0.708295716282218
7852,0,0.20846286035905895
7853,0,0.43757302492220823
7854,0,0.013026614754198994
7855,0,0.0888813928987302
7856,0,0.09159661663494058
7857,0,0.0005393743257820928
7858,0,0.00480136896126056
7859,0,0.4506455198358414
7860,1,0.5439923816299458
7861,0,0.22929104995540386
7862,0,0.20303762775601694
7863,0,0.0
7864,1,0.5951992215922068
7865,0,0.44685703474968674
7866,1,0.6831447976810182
7867,0,0.1686453123759625
7868,0,0.32674748572416856
7869,0,0.08181568353143451
7870,1,0.6287390029325514
7871,1,0.6921697722811745
7872,1,0.5399276097117495
7873,0,0.0009602497466575137
7874,0,0.16604253797050408
7875,0,0.5975617807500401
7876,1,0.5742764317907308
7877,0,0.36516130289835463
7878,0,0.003283130118318373
7879,0,0.0009602497466575137
7880,0,0.002547551333959101
7881,0,0.1557461751393409
7882,1,0.6865401879226765
7883,0,0.32603777251472643
7884,0,0.37771428571428567
7885,0,0.003283130118318373
7886,0,0.3756356511029
7887,1,0.7310330678203402
7888,1,0.7106472896010022
7889,0,0.003283130118318373
7890,1,0.26889086898787345
7891,0,0.33951573031928656
7892,0,0.6003511473912567
7893,0,0.023047175242083055
7894,0,0.21689495721191246
7895,0,0.4887968337063591
7896,1,0.33807722128617645
7897,0,0.3289576959343788
7898,0,0.4172792962767767
7899,0,0.19610297931193454
7900,0,0.3843282733526636
7901,0,0.18761944548956513
7902,0,0.22929104995540386
7903,1,0.5163684198629556
7904,0,0.5354875983021071
7905,1,0.5093670437229468
7906,0,0.15888290377685507
7907,0,0.14009886376583425
7908,0,0.021183821204815975
7909,0,0.4969531890133994
7910,1,0.5603876974189805
7911,1,0.30972964296004846
7912,0,0.4027661819970079
7913,0,0.11694533613542413
7914,0,0.0005393743257820928
7915,0,0.003283130118318373
7916,0,0.519726629107291
7917,1,0.5780070506330381
7918,0,0.4487308107060206
7919,0,0.18761944548956513
7920,1,0.7587588479427397
7921,0,0.0
7922,1,0.7560853462995976
7923,1,0.7271661786689109
7924,0,0.5439923816299458
7925,0,0.2588751550593656
7926,0,0.4745375788776171
7927,0,0.0
7928,0,0.5612225111249709
7929,0,0.04148770794784393
7930,0,0.11440924770189893
7931,0,0.31315898463593855
7932,1,0.5549968791739028
7933,0,0.0040657901769012884
7934,0,0.0350784016865042
7935,0,0.43249624082103394
7936,0,0.0020081770081770084
7937,0,0.23841022161917683
7938,1,0.7022037272477982
7939,1,0.5163684198629556
7940,0,0.002547551333959101
7941,1,0.475125808569792
7942,0,0.002547551333959101
7943,0,0.457642362364427
7944,0,0.5380082766943212
7945,1,0.22586125000810683
7946,0,0.026671014714979135
7947,0,0.06574612926508877
7948,1,0.22929104995540386
7949,1,0.23156357774778827
7950,0,0.002547551333959101
7951,0,0.5584562256009965
7952,0,0.04940227471187223
7953,0,0.09674808056081007
7954,0,0.10661314575287344
7955,0,0.012106949688679558
7956,0,0.05270980685029799
7957,0,0.018824644805960387
7958,0,0.003283130118318373
7959,0,0.03484604863628171
7960,0,0.00480136896126056
7961,1,0.5627118776763508
7962,1,0.5146624600952643
7963,0,0.02935885512611856
7964,1,0.492102229788725
7965,0,0.05720173900600884
7966,0,0.018824644805960387
7967,0,0.5035143702029812
7968,1,0.28542466541105327
7969,1,0.4782173341766551
7970,1,0.06784221525600836
7971,1,0.6668291296475641
7972,0,0.20564982330437256
7973,0,0.5795260091844139
7974,0,0.01112950002733712
7975,0,0.30262029615047825
7976,1,0.733580825438295
7977,0,0.4062297526001144
7978,0,0.0009602497466575137
7979,0,0.15420147689226824
7980,1,0.8311403508771931
7981,0,0.4743929587068601
7982,1,0.6709191246825655
7983,0,0.07645024472948554
7984,1,0.4846130337150707
7985,0,0.07719403296564267
7986,0,0.1588530766749141
7987,0,0.050512418615866896
7988,0,0.028517917570205154
7989,1,0.5575258354482978
7990,0,0.6077998200071377
7991,0,0.36322150169845563
7992,1,0.7366952528746019
7993,1,0.3177678317703893
7994,0,0.048612688338289
7995,0,0.00274375579253628
7996,1,0.7560853462995976
7997,0,0.7366952528746019
7998,0,0.01112950002733712
7999,0,0.26721177505971944
8000,1,0.6407544140470383
8001,0,0.006758279798418909
8002,0,0.00480136896126056
8003,0,0.404987012987013
8004,1,0.4781899721832981
8005,0,0.11433518129100152
8006,1,0.3993778719720981
8007,1,0.5517037195559443
8008,1,0.5514823938799162
8009,0,0.003283130118318373
8010,1,0.7427872419090219
8011,0,0.002547551333959101
8012,0,0.0009602497466575137
8013,0,0.003283130118318373
8014,0,0.05220733387010418
8015,0,0.4487308107060206
8016,1,0.5008820608144328
8017,1,0.12572050749488803
8018,1,0.6825435950183203
8019,1,0.6298780474396779
8020,0,0.43757302492220823
8021,0,0.05345359508645512
8022,1,0.3150879135648675
8023,1,0.818611615245009
8024,0,0.0
8025,1,0.5367006972414549
8026,1,0.2766210809341087
8027,1,0.1243498926977617
8028,0,0.365453914360544
8029,0,0.3941495979221896
8030,1,0.5628666666451009
8031,1,0.44641291890134654
8032,0,0.39160361289411094
8033,1,0.24415376213378429
8034,0,0.011440336568935354
8035,0,0.09707945106175747
8036,1,0.624893901418578
8037,1,0.5477483939393758
8038,1,0.7553276003276004
8039,1,0.385066930348956
8040,0,0.04148770794784393
8041,0,0.0009602497466575137
8042,0,0.05713828312468774
8043,0,0.0
8044,0,0.04940227471187223
8045,0,0.12137687909977775
8046,0,0.33751706251706254
8047,0,0.0009602497466575137
8048,1,0.7967700737444897
8049,0,0.16604253797050408
8050,0,0.3732086385019744
8051,1,0.4289571101836788
8052,0,0.08969400351403811
8053,0,0.0056423065171739605
8054,0,0.11433518129100152
8055,0,0.0
8056,1,0.4969531890133994
8057,0,0.5052289152765091
8058,1,0.29679974555824445
8059,0,0.09894461571503448
8060,1,0.4172792962767767
8061,0,0.5575258354482978
8062,1,0.6647094235313584
8063,0,0.3522715947388437
8064,0,0.026999678727262968
8065,0,0.048873155495563286
8066,1,0.7485202476420275
8067,0,0.00480136896126056
8068,0,0.3728521753194243
8069,0,0.3337545313291921
8070,1,0.5818761528929324
8071,0,0.34944445582009637
8072,0,0.15502694859038144
8073,1,0.44641291890134654
8074,0,0.06504511593629446
8075,1,0.6509686170191039
8076,0,0.5341435678453083
8077,1,0.553451293583888
8078,0,0.050228422703429663
8079,0,0.09164169241072777
8080,0,0.0600651007820427
8081,1,0.49494056852573126
8082,1,0.675245939673842
8083,1,0.060905273718327095
8084,1,0.6212739371927328
8085,1,0.40536963509169976
8086,0,0.23449705618296532
8087,0,0.4101963318478407
8088,0,0.03664685240108225
8089,1,0.42258736475562736
8090,0,0.43249624082103394
8091,0,0.6918107889797606
8092,0,0.18658034118153433
8093,0,0.17377655295414832
8094,0,0.29437046004842615
8095,0,0.04606814753873578
8096,0,0.5347317975374831
8097,0,0.020342883648902573
8098,0,0.13962775408670933
8099,0,0.162939114530503
8100,0,0.06650000345147741
8101,0,0.07758713160446891
8102,0,0.0005393743257820928
8103,0,0.4969531890133994
8104,0,0.020872984663217742
8105,0,0.4953908902062117
8106,0,0.07240458944471824
8107,0,0.12833349279244802
8108,0,0.036361294500490776
8109,1,0.4062297526001144
8110,0,0.021183821204815975
8111,0,0.3991467881711784
8112,0,0.360618881395788
8113,0,0.5008820608144328
8114,0,0.01877443293432453
8115,0,0.012417786230277797
8116,0,0.0
8117,0,0.1941805209415771
8118,0,0.49632084935666954
8119,1,0.5153161880631866
8120,0,0.009081160170079768
8121,0,0.03122220916338564
8122,1,0.10661314575287344
8123,0,0.14223565465207622
8124,1,0.3782666196144655
8125,1,0.6549156935545325
8126,0,0.1870203117387009
8127,1,0.3420897573830932
8128,0,0.28009056293850737
8129,1,0.3521371177737298
8130,0,0.2228148453020967
8131,1,0.5121715672309438
8132,0,0.19178634740909573
8133,0,0.05790909867671148
8134,0,0.0
8135,1,0.49367633123182103
8136,1,0.4316533760961219
8137,0,0.010599399013021954
8138,0,0.002547551333959101
8139,0,0.05220733387010418
8140,0,0.16751742434224726
8141,0,0.0
8142,0,0.29437046004842615
8143,0,0.003283130118318373
8144,0,0.0056423065171739605
8145,0,0.03515957688176737
8146,0,0.5260868116379692
8147,0,0.13797640794203284
8148,0,0.6864649518909
8149,0,0.1588530766749141
8150,0,0.5812431015326127
8151,0,0.0
8152,0,0.02935885512611856
8153,1,0.31916839199447894
8154,0,0.08826248946180414
8155,1,0.40521431879225717
8156,0,0.5348509113093877
8157,0,0.06574612926508877
8158,0,0.7175042977045202
8159,0,0.036361294500490776
8160,0,0.010599399013021954
8161,0,0.05840345662473224
8162,0,0.1018684058857432
8163,1,0.7739882633242615
8164,1,0.4681460415555769
8165,0,0.19801691335604388
8166,1,0.3385088985088986
8167,0,0.10560599906537566
8168,0,0.10934208358151322
8169,1,0.11690026035963695
8170,0,0.26929906997527414
8171,0,0.1571199564757685
8172,1,0.6407544140470383
8173,0,0.03484604863628171
8174,0,0.45565710387011576
8175,0,0.04606814753873578
8176,0,0.3564075981285697
8177,0,0.10070866604673039
8178,1,0.5419566013550632
8179,0,0.01877443293432453
8180,0,0.28765707807314167
8181,0,0.13918778352954272
8182,0,0.10070866604673039
8183,1,0.45616722985903785
8184,0,0.0040657901769012884
8185,0,0.6021730533132871
8186,0,0.010599399013021954
8187,0,0.5667359350132779
8188,0,0.07719403296564267
8189,1,0.5390536266454634
8190,0,0.4841314644719996
8191,0,0.011440336568935354
8192,1,0.4849216512492514
8193,0,0.5706894901322359
8194,1,0.4172792962767767
8195,0,0.02235159892979118
8196,0,0.13056620988240406
8197,0,0.5358959952944571
8198,1,0.5154480463877817
8199,0,0.10497943264933556
8200,0,0.36402780796564516
8201,0,0.521257680351888
8202,0,0.3695304330541944
8203,0,0.05604393402343446
8204,0,0.5380082766943212
8205,0,0.40929850689273306
8206,0,0.580210052198873
8207,0,0.19404847648744564
8208,0,0.0281862605791882
8209,0,0.0009602497466575137
8210,1,0.665252645039912
8211,1,0.40505556514993274
8212,0,0.39146848363674636
8213,0,0.05220733387010418
8214,0,0.1553062045821743
8215,1,0.7542686931231822
8216,1,0.6221066757507984
8217,0,0.07781044953231886
8218,1,0.31783875494323255
8219,0,0.202419506242373
8220,1,0.4317448855174772
8221,0,0.1404727242637821
8222,0,0.1487735307098612
8223,1,0.3182900432900433
8224,1,0.5868176935729049
8225,0,0.3317356000741372
8226,0,0.21343509562249566
8227,0,0.0748282409155468
8228,0,0.028517917570205154
8229,0,0.0
8230,0,0.4735060345418547
8231,0,0.0
8232,0,0.18761944548956513
8233,0,0.14207598095383592
8234,0,0.028517917570205154
8235,0,0.00212667591308368
8236,1,0.5043307144083612
8237,1,0.6985696687731884
8238,1,0.5201453193492678
8239,0,0.04940227471187223
8240,1,0.27148884959229785
8241,0,0.31042895957738265
8242,0,0.02935885512611856
8243,0,0.4421707890022057
8244,1,0.6427481241786093
8245,1,0.3921224712269488
8246,0,0.3226826723216615
8247,0,0.05345359508645512
8248,0,0.0004208754208754209
8249,0,0.6729795525713893
8250,0,0.4759148264288582
8251,0,0.15502694859038144
8252,1,0.4615712341654603
8253,0,0.11627441235517595
8254,1,0.8528126583934207
8255,0,0.4172792962767767
8256,0,0.37117475499131486
8257,0,0.12480671556837768
8258,0,0.0004208754208754209
8259,0,0.38917263340731445
8260,0,0.6286637669007749
8261,0,0.07350570775818852
8262,0,0.2214537933817595
8263,0,0.036361294500490776
8264,0,0.00480136896126056
8265,0,0.048873155495563286
8266,0,0.002547551333959101
8267,0,0.0440322999488016
8268,0,0.36516130289835463
8269,0,0.0005393743257820928
8270,1,0.7207107486993635
8271,0,0.39945345231537005
8272,0,0.5752068219434295
8273,0,0.5010277308778092
8274,0,0.013303690606202435
8275,0,0.519726629107291
8276,1,0.8311403508771931
8277,0,0.10872359091834734
8278,1,0.8017140434466609
8279,0,0.009863820228662683
8280,0,0.01428114026759601
8281,0,0.048873155495563286
8282,0,0.07350570775818852
8283,0,0.49384673828948406
8284,0,0.0588489931816664
8285,1,0.33583015329740223
8286,0,0.2603260777933267
8287,0,0.2473156951417821
8288,1,0.5944705124486154
8289,0,0.08383569227720489
8290,0,0.023047175242083055
8291,0,0.0
8292,0,0.20206710367977707
8293,0,0.0020081770081770084
8294,1,0.6873162401080496
8295,1,0.40859654707350096
8296,0,0.0507383201488403
8297,0,0.5459612813339176
8298,0,0.5380082766943212
8299,0,0.3047474850054316
8300,0,0.05038840135977235
8301,0,0.02510256400040109
8302,0,0.6693509239427673
8303,0,0.34947958814296753
8304,0,0.250770333618278
8305,0,0.004485852311939269
8306,0,0.03122220916338564
8307,0,0.3296974438193933
8308,0,0.06811030966297725
8309,0,0.020342883648902573
8310,0,0.4176119295871395
8311,0,0.49407112949269677
8312,0,0.2667804093402604
8313,0,0.010599399013021954
8314,0,0.0005393743257820928
8315,0,0.008345581385720497
8316,1,0.5260868116379692
8317,0,0.05146354563394704
8318,1,0.3577599852613294
8319,0,0.1433831789583885
8320,0,0.0
8321,1,0.479850935922038
8322,1,0.5569657788778747
8323,1,0.4373486337189955
8324,0,0.2693630525720078
8325,0,0.46013325522874754
8326,0,0.044821886322384825
8327,0,0.49397290829708157
8328,0,0.1444519138450796
8329,0,0.10792798658926865
8330,0,0.6319438395452449
8331,1,0.38862058371735797
8332,0,0.2520851339115231
8333,1,0.6132959860429845
8334,0,0.23823302756854847
8335,1,0.4770575932139833
8336,1,0.4841314644719996
8337,0,0.5121715672309438
8338,0,0.03542921073880826
8339,0,0.03664685240108225
8340,0,0.2275943702072524
8341,0,0.13689082598213412
8342,1,0.7900022740248304
8343,0,0.14456171623354286
8344,1,0.5723075320867591
8345,1,0.5105973346319171
8346,1,0.22018774641995745
8347,0,0.036361294500490776
8348,0,0.003283130118318373
8349,0,0.0040657901769012884
8350,0,0.0004208754208754209
8351,0,0.47953624961389635
8352,1,0.603803331839152
8353,0,0.0024784885895997007
8354,0,0.18761944548956513
8355,1,0.80331541218638
8356,0,0.10858558516147254
8357,0,0.10606282193599163
8358,1,0.7366952528746019
8359,0,0.46286376663635836
8360,0,0.006758279798418909
8361,0,0.12524668612554424
8362,0,0.37258214372888937
8363,0,0.5008820608144328
8364,0,0.22839717780634736
8365,0,0.07617878982180785
8366,0,0.43249624082103394
8367,0,0.003283130118318373
8368,0,0.002547551333959101
8369,1,0.6954044175733891
8370,1,0.7277969031124712
8371,0,0.41207628467051083
8372,0,0.0
8373,0,0.16751742434224726
8374,0,0.028517917570205154
8375,0,0.38192181381836554
8376,0,0.021183821204815975
8377,0,0.10702294163582383
8378,0,0.0009602497466575137
8379,0,0.14826947593937884
8380,0,0.04148770794784393
8381,0,0.5217071990212756
8382,1,0.4783218305078934
8383,1,0.3823188446763956
8384,0,0.020342883648902573
8385,1,0.5919585790553533
8386,0,0.4325903450648351
8387,0,0.0040657901769012884
8388,0,0.020342883648902573
8389,0,0.2927659342753682
8390,0,0.04300295381205299
8391,1,0.8657616976582494
8392,0,0.18761944548956513
8393,1,0.7528638322116583
8394,0,0.12346988698516485
8395,0,0.04148770794784393
8396,1,0.6471194605872758
8397,1,0.34699491870160265
8398,1,0.6357257449914908
8399,0,0.04338596198540012
8400,1,0.5116985590157322
8401,1,0.5259314537991526
8402,1,0.5723075320867591
8403,0,0.04565389785370009
8404,1,0.598382247687285
8405,1,0.6449983652562462
8406,0,0.17067555273882037
8407,0,0.17876896495317549
8408,1,0.5692653296547281
8409,0,0.0359033651179245
8410,0,0.2764460170009438
8411,1,0.5633190127469151
8412,1,0.5160886613781726
8413,0,0.19801691335604388
8414,0,0.03484604863628171
8415,0,0.10699581113861271
8416,0,0.04374674204821013
8417,1,0.19801691335604388
8418,0,0.013026614754198994
8419,0,0.0005393743257820928
8420,0,0.162482291659887
8421,0,0.048873155495563286
8422,0,0.006758279798418909
8423,1,0.5462200349497937
8424,1,0.29224372275571425
8425,1,0.5289221635733768
8426,1,0.5256290039554185
8427,0,0.7212711629378296
8428,1,0.7022037272477982
8429,1,0.838963963963964
8430,0,0.5445988885267233
8431,0,0.04359015695381446
8432,0,0.16026603246688365
8433,1,0.6003511473912567
8434,0,0.008276518641361095
8435,0,0.09942116262442942
8436,0,0.1388022823885961
8437,1,0.6022482893450636
8438,0,0.05868901452532371
8439,1,0.7426252319109462
8440,1,0.4540992300614286
8441,0,0.002547551333959101
8442,0,0.0040657901769012884
8443,0,0.11440924770189893
8444,0,0.404987012987013
8445,0,0.6189988856874967
8446,0,0.23837371752863754
8447,0,0.21212029532925056
8448,0,0.36261888190121877
8449,0,0.028517917570205154
8450,0,0.31108203009280816
8451,0,0.6189988856874967
8452,0,0.09159661663494058
8453,0,0.22240400561296084
8454,0,0.3025587492402417
8455,1,0.5817251044066117
8456,1,0.5121715672309438
8457,0,0.031483756154689034
8458,0,0.048873155495563286
8459,0,0.00480136896126056
8460,0,0.044821886322384825
8461,0,0.0024784885895997007
8462,1,0.7499945272155908
8463,0,0.21212029532925056
8464,1,0.12356610003668828
8465,0,0.6159643977980142
8466,0,0.025416092245886753
8467,1,0.2930775759255203
8468,0,0.11510157545605305
8469,0,0.0009602497466575137
8470,1,0.793236919317045
8471,1,0.8567526886492404
8472,0,0.49187640491222506
8473,1,0.21889358208892515
8474,0,0.5420828185587309
8475,0,0.2478215854897469
8476,0,0.05345359508645512
8477,0,0.10035415182705049
8478,0,0.010704757784576085
8479,1,0.6999539752945104
8480,0,0.028517917570205154
8481,0,0.16938258899552427
8482,1,0.43249624082103394
8483,1,0.5320667844056196
8484,0,0.003283130118318373
8485,0,0.026671014714979135
8486,0,0.03860765671110499
8487,1,0.7678563359597842
8488,1,0.10847831040615045
8489,1,0.6545174095007983
8490,0,0.00480136896126056
8491,0,0.5217071990212756
8492,1,0.6926746530421072
8493,0,0.0
8494,0,0.0009602497466575137
8495,1,0.37144111926720624
8496,0,0.294607954246256
8497,0,0.05790909867671148
8498,0,0.5627118776763508
8499,0,0.4508139459107201
8500,1,0.6921697722811745
8501,0,0.12480671556837768
8502,1,0.26721177505971944
8503,0,0.023047175242083055
8504,1,0.555556935744326
8505,0,0.7560853462995976
8506,1,0.6587197302123271
8507,1,0.5380082766943212
8508,0,0.49632084935666954
8509,0,0.003283130118318373
8510,1,0.7723513024045362
8511,1,0.6726104270921992
8512,0,0.0009602497466575137
8513,0,0.14960464751443048
8514,1,0.7715039696606517
8515,0,0.12879031566306398
8516,1,0.7030066623683645
8517,0,0.0
8518,0,0.06953713051024564
8519,1,0.7057333080443335
8520,0,0.0040657901769012884
8521,0,0.044821886322384825
8522,0,0.048873155495563286
8523,1,0.43757302492220823
8524,1,0.4959509467766348
8525,1,0.41412587045066357
8526,0,0.0020576131687242796
8527,0,0.15502694859038144
8528,0,0.16876409633235842
8529,1,0.5971681212961787
8530,1,0.5332007462928859
8531,0,0.0
8532,0,0.18761944548956513
8533,0,0.5971681212961787
8534,0,0.0
8535,0,0.14331702830385887
8536,1,0.8258060692271219
8537,0,0.011440336568935354
8538,0,0.37386813186813184
8539,0,0.010599399013021954
8540,0,0.08383569227720489
8541,0,0.06811030966297725
8542,1,0.3007669370699779
8543,0,0.6189236496557201
8544,0,0.558833414901164
8545,1,0.2961379792831943
8546,0,0.16542441645686015
8547,0,0.07890551498588773
8548,0,0.0
8549,0,0.16204970360237117
8550,1,0.6765487090410639
8551,0,0.20691883718661594
8552,1,0.503612916418602
8553,0,0.4497848829260332
8554,0,0.6081433050761449
8555,0,0.1717634911566569
8556,1,0.3964642640948625
8557,0,0.1388022823885961
8558,0,0.3724675716440422
8559,0,0.002547551333959101
8560,0,0.019615370490237934
8561,0,0.26969245599549685
8562,1,0.5795260091844139
8563,0,0.11860502681398204
8564,1,0.838963963963964
8565,0,0.031008644527604035
8566,1,0.5514823938799162
8567,0,0.18154283750949174
8568,0,0.24409573477370086
8569,0,0.3543234389624281
8570,0,0.0
8571,0,0.0009602497466575137
8572,1,0.6131197476462232
8573,0,0.07758713160446891
8574,0,0.6035558687979298
8575,1,0.5514823938799162
8576,0,0.2035714285714286
8577,0,0.11448343246345465
8578,0,0.08383569227720489
8579,0,0.10509450632671735
8580,1,0.8479729729729729
8581,0,0.1425110452824934
8582,1,0.6809789454068477
8583,0,0.09718726163234172
8584,0,0.4032880459151646
8585,1,0.6566485347929668
8586,0,0.01823364375272479
8587,0,0.0009602497466575137
8588,0,0.003283130118318373
8589,1,0.7427894068605972
8590,0,0.020342883648902573
8591,0,0.350108604986653
8592,0,0.07645024472948554
8593,0,0.14223565465207622
8594,0,0.6490883602912475
8595,1,0.7662593133701164
8596,0,0.0009602497466575137
8597,1,0.650494531292093
8598,0,0.1571199564757685
8599,0,0.05220733387010418
8600,1,0.790786676554196
8601,0,0.48946317676342904
8602,0,0.4809583934355904
8603,0,0.6095363375721577
8604,0,0.569713909462111
8605,0,0.11125866722509191
8606,0,0.40675453222178115
8607,0,0.23449705618296532
8608,1,0.5204429617273654
8609,1,0.3827825981285697
8610,0,0.31916839199447894
8611,0,0.2570483229431827
8612,0,0.2290385697165358
8613,0,0.010599399013021954
8614,0,0.4802025926709663
8615,0,0.0005393743257914996
8616,0,0.020342883648902573
8617,1,0.658308226259046
8618,1,0.4386056489369867
8619,0,0.0056423065171739605
8620,0,0.06620295213570475
8621,0,0.17150102443693357
8622,0,0.003283130118318373
8623,1,0.7334968359362822
8624,0,0.08826248946180414
8625,0,0.003283130118318373
8626,0,0.009081160170079768
8627,0,0.0009602497466575137
8628,0,0.11876542501291397
8629,1,0.5723075320867591
8630,1,0.6564361913795266
8631,0,0.12213363350475832
8632,0,0.07350570775818852
8633,0,0.005778818622603001
8634,0,0.18926789906564048
8635,0,0.1371126347666701
8636,0,0.3192999759529146
8637,0,0.10792798658926865
8638,0,0.479850935922038
8639,0,0.0015873015873015875
8640,0,0.08262434286457228
8641,1,0.7874755756943695
8642,0,0.0
8643,0,0.05345359508645512
8644,0,0.13652559458769611
8645,1,0.5607429779723789
8646,0,0.03484604863628171
8647,0,0.558833414901164
8648,0,0.008345581385720497
8649,0,0.465354332042943
8650,0,0.12833349279244802
8651,0,0.13962775408670933
8652,0,0.050512418615866896
8653,0,0.0009602497466575137
8654,0,0.06342938157115381
8655,0,0.3492606511029
8656,0,0.002547551333959101
8657,1,0.6668291296475641
8658,0,0.5011883429096692
8659,1,0.7520161995879547
8660,1,0.5971681212961787
8661,0,0.03484604863628171
8662,0,0.3696840958605665
8663,1,0.7271661786689109
8664,1,0.5260868116379692
8665,0,0.01454485359714118
8666,0,0.026671014714979135
8667,0,0.2768830658575759
8668,0,0.13353805310054598
8669,0,0.06806811678898177
8670,1,0.16217237746106558
8671,0,0.06504511593629446
8672,0,0.010599399013021954
8673,1,0.7567302391644253
8674,0,0.05220733387010418
8675,0,0.3794637920380805
8676,1,0.7048100001693564
8677,0,0.3805723879183595
8678,1,0.564082992294847
8679,0,0.24947589098532488
8680,0,0.3531393010597556
8681,0,0.010599399013021954
8682,0,0.11063504732480932
8683,0,0.007084785133565621
8684,0,0.4302016866933258
8685,1,0.5587172890517399
8686,0,0.3131811870878168
8687,1,0.8886116152450091
8688,0,0.20581807554502943
8689,0,0.10111064347175458
8690,0,0.3756356511029
8691,1,0.38580138100278805
8692,0,0.026671014714979135
8693,0,0.5723075320867591
8694,1,0.577557109480442
8695,1,0.4886958553844664
8696,0,0.2717976530881771
8697,0,0.006619756178516403
8698,0,0.5530530430078268
8699,0,0.003283130118318373
8700,0,0.19346963669493958
8701,1,0.522013481116512
8702,0,0.4490837115520852
8703,0,0.0
8704,0,0.060905273718327095
8705,0,0.33357946739602723
8706,0,0.38785368422404604
8707,0,0.3474868199470736
8708,0,0.27602703248400856
8709,0,0.026671014714979135
8710,0,0.5260868116379692
8711,1,0.6077998200071377
8712,0,0.03484604863628171
8713,0,0.3117293461043461
8714,0,0.08826248946180414
8715,0,0.25585933804673805
8716,0,0.0
8717,0,0.04940227471187223
8718,0,0.0857008569304819
8719,1,0.5347317975374831
8720,0,0.22929104995540386
8721,1,0.4540992300614286
8722,1,0.45779509588837164
8723,1,0.45812063474107934
8724,0,0.0
8725,1,0.7560853462995976
8726,0,0.05345359508645512
8727,0,0.0009602497466575137
8728,0,0.12879031566306398
8729,0,0.002547551333959101
8730,1,0.3585426755447942
8731,1,0.564082992294847
8732,1,0.4083648300163389
8733,0,0.11125866722509191
8734,0,0.07144443683611369
8735,0,0.05715407792742911
8736,0,0.5752068219434295
8737,1,0.7022037272477982
8738,0,0.2766210809341087
8739,0,0.32245685647084565
8740,0,0.01112950002733712
8741,0,0.0507383201488403
8742,0,0.00480136896126056
8743,0,0.521257680351888
8744,1,0.5349287054884552
8745,1,0.7560853462995976
8746,1,0.7141907320132993
8747,0,0.2519016975403396
8748,0,0.011440336568935354
8749,0,0.02621009235367974
8750,0,0.2649420056199717
8751,0,0.003283130118318373
8752,0,0.11751571725924982
8753,1,0.6951600239894155
8754,1,0.8489290755624693
8755,0,0.04374674204821013
8756,0,0.0004208754208754209
8757,1,0.3484246352001304
8758,1,0.0970794510617551
8759,0,0.101338143370628
8760,1,0.4848872652366237
8761,1,0.7644918536757453
8762,1,0.22929104995540386
8763,0,0.35271428571428576
8764,0,0.003283130118318373
8765,0,0.4802025926709663
8766,0,0.46406212702978084
8767,1,0.5723075320867591
8768,1,0.5621285255913301
8769,0,0.0009602497466575137
8770,0,0.21889358208892515
8771,0,0.11627441235517595
8772,0,0.0
8773,0,0.5469119498448122
8774,0,0.011440336568935354
8775,1,0.49494056852573126
8776,0,0.3047474850054316
8777,0,0.4996178235205225
8778,0,0.158257265652381
8779,0,0.07719403296564267
8780,0,0.0056423065171739605
8781,0,0.002547551333959101
8782,1,0.4463097255405515
8783,0,0.553451293583888
8784,0,0.0009602497466575137
8785,0,0.03484604863628171
8786,0,0.002547551333959101
8787,0,0.020342883648902573
8788,0,0.26229916540681836
8789,1,0.7522892778269122
8790,0,0.0004208754208754209
8791,0,0.555556935744326
8792,0,0.558379287807555
8793,0,0.42594743329340484
8794,0,0.5087209678065628
8795,0,0.08383569227720489
8796,0,0.009081160170079768
8797,1,0.3608811188811189
8798,1,0.6703587104440994
8799,0,0.01454485359714118
8800,0,0.0
8801,1,0.6369642018527856
8802,0,0.4867759849889968
8803,1,0.6790910411878155
8804,0,0.2228148453020967
8805,1,0.6341105222214952
8806,0,0.15502694859038144
8807,0,0.01454485359714118
8808,1,0.5375352188610888
8809,0,0.0009602497466575137
8810,0,0.026671014714979135
8811,1,0.48489663789800996
8812,1,0.5314473162663302
8813,0,0.1304558566226888
8814,0,0.0040657901769012884
8815,0,0.11679649071029036
8816,0,0.49187640491222506
8817,0,0.00480136896126056
8818,0,0.28239086869390956
8819,0,0.07937264450935992
8820,1,0.7646542346542345
8821,0,0.43249624082103394
8822,0,0.04172006099806643
8823,0,0.20499260384691623
8824,0,0.15464522118750976
8825,1,0.6713446340743318
8826,1,0.8273809523809524
8827,1,0.45812063474107934
8828,0,0.0005393743257820928
8829,1,0.6407544140470383
8830,0,0.3594185417645133
8831,0,0.37200184569952005
8832,1,0.39328930742431495
8833,0,0.005778818622603001
8834,0,0.7022037272477982
8835,1,0.3903722160698904
8836,1,0.5742764317907308
8837,1,0.4065961662351554
8838,1,0.7409742042140395
8839,1,0.26229330077025464
8840,0,0.3827825981285697
8841,0,0.06980858541792333
8842,0,0.01803885414996526
8843,1,0.7553276003276004
8844,0,0.06009525439801735
8845,0,0.06686404844662629
8846,0,0.5264990789622632
8847,1,0.4832328526859984
8848,0,0.0004208754208754209
8849,0,0.04148770794784393
8850,0,0.0004208754208754209
8851,0,0.06838268787278237
8852,0,0.0009602497466575137
8853,1,0.7806127094836772
8854,0,0.24475289588464855
8855,0,0.1280202433583077
8856,0,0.05678772225959159
8857,0,0.393832141805232
8858,0,0.5153161880631866
8859,1,0.80331541218638
8860,0,0.07323006114283145
8861,0,0.3226826723216615
8862,0,0.04002514574382914
8863,0,0.12667188022165468
8864,0,0.020342883648902573
8865,1,0.397646640113889
8866,0,0.5664296529180414
8867,0,0.04300295381205299
8868,0,0.0024784885895997007
8869,1,0.5698036393502599
8870,0,0.026671014714979135
8871,0,0.0024784885895997007
8872,1,0.0830523442024759
8873,0,0.2284439072604918
8874,1,0.41104061067959985
8875,0,0.3959147261155869
8876,1,0.3838020822790362
8877,0,0.40436960846850134
8878,0,0.04148770794784393
8879,0,0.003283130118318373
8880,0,0.6232428368967046
8881,0,0.3423509598182088
8882,1,0.8567526886492404
8883,1,0.1810730206052991
8884,1,0.7403238815032306
8885,0,0.27845550636068844
8886,0,0.25729114013908455
8887,0,0.05146354563394704
8888,0,0.07645024472948554
8889,0,0.3454127081922125
8890,0,0.00480136896126056
8891,0,0.0
8892,0,0.0
8893,0,0.0005393743257820928
8894,0,0.29669041837632754
8895,1,0.8302930181333085
8896,0,0.021105337713440236
8897,1,0.24937371071675515
8898,1,0.30430874333313357
8899,0,0.7520161995879547
8900,1,0.33915400951156044
8901,0,0.09849240685372701
8902,1,0.5386622808184315
8903,0,0.002547551333959101
8904,0,0.00480136896126056
8905,0,0.011440336568935354
8906,1,0.38318360875733687
8907,0,0.0005393743257820928
8908,0,0.07350570775818852
8909,0,0.38001664199185187
8910,0,0.0005393743257820928
8911,1,0.4681710549068183
8912,0,0.0004208754208754209
8913,1,0.7773799803194942
8914,1,0.42842354667876287
8915,0,0.0
8916,0,0.5445988885267233
8917,0,0.01538579115305458
8918,1,0.553451293583888
8919,0,0.4367162940622656
8920,1,0.5792813638078393
8921,1,0.4737774008472653
8922,0,0.5347317975374831
8923,0,0.028517917570205154
8924,0,0.4996178235205225
8925,1,0.43668610075720277
8926,0,0.05332871028722406
8927,0,0.0
8928,1,0.7817775699963638
8929,0,0.5693849491082831
8930,1,0.8657616976582494
8931,0,0.034449880658538684
8932,0,0.044821886322384825
8933,1,0.07808609614767592
8934,0,0.47957025301423645
8935,0,0.04148770794784393
8936,1,0.5367006972414549
8937,0,0.4688013922453757
8938,0,0.002547551333959101
8939,1,0.790786676554196
8940,0,0.49808877153275494
8941,0,0.22894226580268048
8942,0,0.01112950002733712
8943,0,0.1717634911566569
8944,0,0.578135914093144
8945,0,0.3838156050856754
8946,1,0.8354442373407891
8947,1,0.6593521994628495
8948,0,0.03495193714684496
8949,0,0.2520851339115231
8950,1,0.47132075697098097
8951,1,0.18154283750949174
8952,0,0.0
8953,0,0.40505556514993274
8954,1,0.5248534027714697
8955,0,0.2279762496621588
8956,1,0.6407544140470383
8957,1,0.42528365623447595
8958,0,0.26721177505971944
8959,0,0.02935885512611856
8960,0,0.023047175242083055
8961,1,0.6355256001295371
8962,1,0.7806127094836772
8963,0,0.0
8964,0,0.00480136896126056
8965,0,0.144268341307815
8966,0,0.3822242986679771
8967,0,0.0004208754208754209
8968,0,0.0009602497466575137
8969,0,0.5958783549507859
8970,0,0.14605395640843402
8971,1,0.07719403296564267
8972,0,0.16751742434224726
8973,0,0.09826671998696614
8974,1,0.6130639159316148
8975,1,0.4664822563435653
8976,1,0.7271661786689109
8977,0,0.06009525439801735
8978,1,0.3844749845693521
8979,0,0.46898495307916077
8980,0,0.05604393402343446
8981,1,0.33660613910748327
8982,0,0.4867759849889968
8983,0,0.33461056470275946
8984,1,0.8489290755624693
8985,0,0.08134757774813081
8986,1,0.7612226160586818
8987,1,0.41412587045066357
8988,0,0.12667188022165468
8989,0,0.03664685240108225
8990,0,0.0004208754208754209
8991,0,0.42309763892332697
8992,0,0.6240038177046051
8993,0,0.394801268498943
8994,1,0.5224416603641227
8995,0,0.042231496184001065
8996,0,0.05715407792742911
8997,0,0.22772641466138385
8998,0,0.09942116262442942
8999,0,0.11888949859567745
9000,0,0.5230279046139253
9001,0,0.00480136896126056
9002,0,0.09336938696832087
9003,0,0.05138625890283995
9004,0,0.34688765342319433
9005,0,0.06435394670688788
9006,1,0.6282570986746235
9007,0,0.40448216119851216
9008,0,0.05146354563394704
9009,1,0.5627118776763508
9010,0,0.37291615791615795
9011,0,0.16217237746106558
9012,0,0.0487131768392206
9013,0,0.0005393743257820928
9014,1,0.33627284427284426
9015,0,0.5347317975374831
9016,1,0.4347630853472135
9017,0,0.12611723359944463
9018,0,0.002547551333959101
9019,1,0.3543234389624281
9020,0,0.3173558080337741
9021,0,0.12559656468787284
9022,1,0.1375093186453
9023,0,0.3922385022385022
9024,0,0.026671014714979135
9025,1,0.47961436297879145
9026,0,0.02639354190722919
9027,1,0.733580825438295
9028,0,0.09707945106175747
9029,0,0.15229002048580628
9030,1,0.5752068219434295
9031,0,0.3554920634920635
9032,0,0.04148770794784393
9033,0,0.22929104995540386
9034,0,0.3289576959343788
9035,0,0.18761944548956513
9036,1,0.44672330099517277
9037,1,0.5121715672309438
9038,0,0.010599399013021954
9039,1,0.5735845168957124
9040,1,0.3616888570623627
9041,1,0.7713965831292006
9042,0,0.07808609614767592
9043,1,0.14053587374482898
9044,1,0.5003931020260866
9045,0,0.3173014169404061
9046,1,0.8372583109425215
9047,0,0.0009602497466575137
9048,0,0.003283130118318373
9049,0,0.3428845079415755
9050,1,0.6479138190053041
9051,0,0.002547551333959101
9052,0,0.1428163031936617
9053,0,0.0
9054,1,0.4101963318478407
9055,0,0.606658730389168
9056,1,0.34343527388847955
9057,0,0.3098126327567067
9058,0,0.3289576959343788
9059,0,0.7900022740248304
9060,0,0.3453623744664471
9061,0,0.028517917570205154
9062,1,0.32741694236448454
9063,1,0.4040141318527879
9064,1,0.7662593133701164
9065,0,0.0
9066,1,0.786345715216683
9067,0,0.33583015329740223
9068,0,0.01877443293432453
9069,0,0.026671014714979135
9070,0,0.0
9071,0,0.4119156602404533
9072,1,0.6668291296475641
9073,0,0.38035558552765636
9074,0,0.47351446091098487
9075,0,0.362003314936163
9076,0,0.2676939468488669
9077,1,0.4464616952873833
9078,0,0.026671014714979135
9079,0,0.20385085256810145
9080,0,0.5780070506330381
9081,0,0.01112950002733712
9082,0,0.11204800311677886
9083,1,0.5493019159905242
9084,1,0.29163050657804873
9085,0,0.05270980685029799
9086,0,0.2206283216836463
9087,0,0.0
9088,1,0.07645024472948554
9089,1,0.5418069016506742
9090,0,0.036361294500490776
9091,0,0.0009602497466575137
9092,1,0.8273809523809524
9093,1,0.7874755756943695
9094,0,0.03515957688176737
9095,0,0.21281697410885178
9096,0,0.2961379792831943
9097,1,0.5380082766943212
9098,0,0.042231496184001065
9099,0,0.28397299218194744
9100,0,0.5723075320867591
9101,0,0.21054715632301782
9102,1,0.6360866731834475
9103,0,0.0
9104,0,0.3007669370699779
9105,0,0.4088392828739262
9106,1,0.6954256395432866
9107,0,0.0
9108,0,0.0004208754208754209
9109,1,0.17618287331505558
9110,0,0.3343071327840867
9111,0,0.2520851339115231
9112,0,0.22894226580268048
9113,0,0.07032656885598061
9114,1,0.4887968337063591
9115,1,0.7556218418032842
9116,1,0.564082992294847
9117,0,0.003283130118318373
9118,0,0.48978589838694225
9119,1,0.4575677900831275
9120,1,0.545750184774575
9121,0,0.023047175242083055
9122,0,0.0009602497466575137
9123,1,0.6357257449914908
9124,0,0.3765533155071437
9125,0,0.5093362152955362
9126,0,0.06174102856122016
9127,0,0.22221571155123243
9128,1,0.8001762410953493
9129,0,0.003283130118318373
9130,0,0.10346256527606641
9131,1,0.47801943409053615
9132,0,0.17067555273882037
9133,1,0.036361294500490776
9134,1,0.7022037272477982
9135,0,0.03174422331196331
9136,0,0.002547551333959101
9137,0,0.3361046429600485
9138,0,0.05146354563394704
9139,0,0.37291615791615795
9140,0,0.14574136234449295
9141,0,0.5374564980060789
9142,1,0.7899393438103116
9143,1,0.15352663466261604
9144,0,0.48638799196306115
9145,1,0.5742764317907308
9146,0,0.158257265652381
9147,0,0.002547551333959101
9148,0,0.4736069937896022
9149,0,0.0004208754208754209
9150,1,0.5836918048519437
9151,0,0.056888210760523174
9152,1,0.8161478471290672
9153,0,0.013026614754198994
9154,1,0.6449983652562462
9155,1,0.24441769110360023
9156,0,0.010599399013021954
9157,0,0.0
9158,0,0.21889358208892515
9159,1,0.6831447976810182
9160,0,0.17044683743088274
9161,0,0.28596573343080955
9162,0,0.0009602497466575137
9163,0,0.5347317975374831
9164,1,0.5723075320867591
9165,0,0.020342883648902573
9166,0,0.13962775408670933
9167,1,0.5724519949214054
9168,0,0.03484604863628171
9169,1,0.4049763922072181
9170,0,0.007505660554441042
9171,0,0.0004208754208754209
9172,0,0.1136013302915566
9173,0,0.018442775943307576
9174,1,0.6221066757507984
9175,0,0.13166497793114298
9176,1,0.5914652216516664
9177,1,0.7570485507493382
9178,1,0.2575929367478567
9179,0,0.5439923816299458
9180,1,0.43065207558988394
9181,0,0.5217071990212756
9182,0,0.43669452712633294
9183,0,0.08075917821129526
9184,1,0.5469119498448122
9185,0,0.04606814753873578
9186,0,0.017904979740440956
9187,1,0.905444237340789
9188,1,0.6407544140470383
9189,0,0.6849860569188966
9190,1,0.3681564584225662
9191,1,0.43806543516220936
9192,0,0.07617878982180785
9193,1,0.35449231796927183
9194,0,0.020342883648902573
9195,1,0.07572196695119189
9196,0,0.03600051443768077
9197,0,0.08037456893389096
9198,1,0.5259314537991526
9199,1,0.6956735333132021
9200,0,0.564082992294847
9201,0,0.023047175242083055
9202,0,0.028517917570205154
9203,0,0.3150552791597568
9204,0,0.010599399013021954
9205,0,0.01112950002733712
9206,0,0.042966322214417374
9207,0,0.33946503524194194
9208,0,0.003283130118318373
9209,0,0.545750184774575
9210,1,0.22998573902190345
9211,1,0.40773249035960896
9212,1,0.46286376663635836
9213,0,0.558833414901164
9214,0,0.558833414901164
9215,0,0.2706138702685192
9216,0,0.18932396333526277
9217,0,0.010599399013021954
9218,1,0.5034503876062475
9219,1,0.6863432146193379
9220,1,0.30790378401336144
9221,0,0.0024784885895997007
9222,0,0.3758513822270227
9223,0,0.01112950002733712
9224,1,0.4280825107096293
9225,1,0.561617541804932
9226,0,0.3797122704099449
9227,0,0.0009602497466575137
9228,0,0.34121140867865757
9229,0,0.25481515897007895
9230,0,0.09849240685372701
9231,1,0.553451293583888
9232,0,0.7274888364038752
9233,1,0.36338286338286335
9234,0,0.0487131768392206
9235,1,0.6450736012880226
9236,0,0.05146354563394704
9237,1,0.8359800362976406
9238,1,0.8359800362976406
9239,0,0.0
9240,0,0.4802025926709663
9241,1,0.47125947940151675
9242,0,0.07350570775818852
9243,0,0.5032600155725374
9244,1,0.469410278849487
9245,1,0.814170653907496
9246,1,0.553451293583888
9247,0,0.2284439072604918
9248,0,0.5817251044066117
9249,1,0.4786281126031298
9250,0,0.020342883648902573
9251,1,0.49869745004534866
9252,0,0.10776758839033672
9253,0,0.011576848674364397
9254,1,0.049768630379709765
9255,1,0.6994403985465115
9256,1,0.4943311727486976
9257,0,0.07537087241146552
9258,0,0.003283130118318373
9259,0,0.08092885375494072
9260,1,0.48806194775294803
9261,0,0.26125987562126346
9262,0,0.6450736012880226
9263,0,0.15352663466261604
9264,0,0.3455877103260643
9265,0,0.0
9266,0,0.07144443683611369
9267,0,0.12399879815803534
9268,0,0.1136013302915566
9269,1,0.4032880459151646
9270,0,0.0
9271,1,0.520669450659713
9272,1,0.6689502249785937
9273,0,0.1852435125983215
9274,0,0.26430301339675194
9275,0,0.7084068096874757
9276,0,0.3109381320422046
9277,0,0.21889358208892515
9278,0,0.020342883648902573
9279,0,0.010599399013021954
9280,0,0.4372064019546034
9281,0,0.0009602497466575137
9282,1,0.24901876346384355
9283,0,0.06165896701006133
9284,0,0.0009602497466575137
9285,1,0.13593574453374815
9286,1,0.82669938953968
9287,0,0.08072101133209071
9288,0,0.026257029801800155
9289,0,0.0004208754208754209
9290,0,0.10139729620661825
9291,0,0.1553062045821743
9292,0,0.021183821204815975
9293,0,0.07696822816754284
9294,1,0.5201453193492678
9295,1,0.4681710549068183
9296,0,0.0
9297,1,0.7621773353340174
9298,0,0.0004208754208754209
9299,1,0.4675645422531532
9300,1,0.46289403488285563
9301,0,0.0043804935403851395
9302,0,0.026671014714979135
9303,0,0.0635298700720854
9304,0,0.04940227471187223
9305,1,0.6232428368967046
9306,0,0.00480136896126056
9307,0,0.3397272727272727
9308,0,0.04300295381205299
9309,0,0.18480871801767326
9310,0,0.07572196695119189
9311,1,0.20553103184343535
9312,1,0.7723513024045362
9313,0,0.2601130507910169
9314,1,0.1425024163547883
9315,0,0.060517295352153166
9316,0,0.530161353502379
9317,0,0.5380082766943212
9318,0,0.002547551333959101
9319,0,0.3724675716440422
9320,1,0.6994403985465115
9321,0,0.02935885512611856
9322,1,0.5643566482827346
9323,0,0.06009525439801735
9324,0,0.0
9325,1,0.585319629455422
9326,1,0.026080013661743534
9327,0,0.06342938157115381
9328,0,0.4696503279059249
9329,0,0.010599399013021954
9330,0,0.2121044501962094
9331,1,0.44493433395872417
9332,0,0.008345581385720497
9333,0,0.026671014714979135
9334,0,0.7094111184355087
9335,0,0.08857304663950749
9336,0,0.03484604863628171
9337,0,0.003283130118318373
9338,1,0.4725384353441209
9339,0,0.07475196897453946
9340,0,0.24625172532781228
9341,0,0.00480136896126056
9342,0,0.22929104995540386
9343,0,0.17150102443693357
9344,0,0.020342883648902573
9345,0,0.11813885859687386
9346,1,0.6407544140470383
9347,0,0.18761944548956513
9348,1,0.7401268714701551
9349,1,0.433245245809269
9350,0,0.04940227471187223
9351,0,0.0004208754208754209
9352,0,0.06980858541792333
9353,0,0.002482572117880555
9354,0,0.026671014714979135
9355,0,0.34456117002841896
9356,0,0.3852660239294033
9357,0,0.28797484878948415
9358,0,0.04102678558654454
9359,0,0.00274375579253628
9360,0,0.08701622824545319
9361,1,0.6069082385412333
9362,0,0.0281862605791882
9363,0,0.38674917737629605
9364,0,0.2702834919694011
9365,0,0.6509686170191039
9366,0,0.3453623744664471
9367,1,0.3109487744257283
9368,1,0.6105421216364183
9369,1,0.8567526886492404
9370,0,0.33892167792423544
9371,1,0.7427872419090219
9372,0,0.0
9373,0,0.3007669370699779
9374,1,0.37273840073902503
9375,0,0.009081160170079768
9376,1,0.5014814879022756
9377,0,0.02935885512611856
9378,0,0.20170698232973064
9379,1,0.6574812733510323
9380,0,0.514839367875188
9381,0,0.018442775943307576
9382,1,0.5735845168957124
9383,0,0.5177783272202423
9384,0,0.0
9385,0,0.21802298033641318
9386,0,0.23823302756854847
9387,0,0.07995126080095294
9388,0,0.003283130118318373
9389,0,0.3161637141876518
9390,0,0.08383569227720489
9391,0,0.06686404844662629
9392,0,0.0
9393,0,0.06838268787278237
9394,0,0.0004208754208754209
9395,1,0.34837658690034834
9396,1,0.7271661786689109
9397,1,0.6450736012880226
9398,0,0.16614364300581963
9399,1,0.3315293550063089
9400,1,0.8567526886492404
9401,0,0.218828320802005
9402,0,0.19346963669493958
9403,1,0.4835432347798247
9404,0,0.01724914519032166
9405,0,0.07258154277359263
9406,0,0.45505647112757314
9407,0,0.1556450701040253
9408,0,0.16938258899552427
9409,1,0.45729070561549867
9410,0,0.02235159892979118
9411,0,0.2676939468488669
9412,1,0.6232428368967046
9413,0,0.08134757774813081
9414,0,0.002547551333959101
9415,0,0.2389592046371707
9416,0,0.4615712341654603
9417,0,0.11184706676192746
9418,0,0.0004208754208754209
9419,1,0.365739761732053
9420,1,0.701320655274368
9421,0,0.00480136896126056
9422,0,0.002547551333959101
9423,0,0.11480509871186899
9424,1,0.09523455162159788
9425,0,0.0588489931816664
9426,1,0.7392298416692881
9427,0,0.020342883648902573
9428,0,0.1810730206052991
9429,0,0.45094580423531544
9430,0,0.26969245599549685
9431,0,0.3531393010597556
9432,1,0.765411980626232
9433,0,0.45505647112757314
9434,1,0.41326574311311454
9435,1,0.5218982953422787
9436,0,0.5804175249537455
9437,0,0.08196303464774368
9438,0,0.05604393402343446
9439,0,0.5603876974189805
9440,1,0.3403222381483251
9441,1,0.39002321744114116
9442,0,0.0005393743257820928
9443,1,0.5971681212961787
9444,0,0.3329363504035993
9445,0,0.020342883648902573
9446,1,0.3608597285067874
9447,1,0.542761303302061
9448,1,0.2630319222952148
9449,0,0.0005393743257820928
9450,0,0.4078528560972538
9451,1,0.7212711629378296
9452,0,0.4191931801968897
9453,0,0.13593574453374815
9454,0,0.3611640211640212
9455,0,0.18979386897146436
9456,0,0.1838961031987505
9457,1,0.6069082385412333
9458,0,0.03423691883751481
9459,0,0.3235786549542955
9460,0,0.009081160170079768
9461,0,0.0015873015873015875
9462,0,0.09975059873639995
9463,0,0.0
9464,0,0.11125866722509191
9465,1,0.6449983652562462
9466,1,0.7100273180138198
9467,1,0.39881507294225105
9468,0,0.5283298614273614
9469,0,0.025416092245886753
9470,0,0.036361294500490776
9471,0,0.002547551333959101
9472,0,0.24669757362813818
9473,0,0.042231496184001065
9474,0,0.05604393402343446
9475,0,0.4265234812455459
9476,1,0.4841314644719996
9477,0,0.1076139326522566
9478,0,0.07645024472948554
9479,0,0.0009602497466575137
9480,0,0.0
9481,0,0.11204800311677886
9482,0,0.09523455162159788
9483,1,0.6407544140470383
9484,0,0.010599399013021954
9485,1,0.6286637669007749
9486,0,0.16614364300581963
9487,0,0.5514823938799162
9488,0,0.0707122594932735
9489,1,0.7270041686708354
9490,0,0.31729182543704043
9491,0,0.003283130118318373
9492,0,0.2648250055029716
9493,1,0.414125203648874
9494,0,0.020342883648902573
9495,1,0.5040282645646269
9496,1,0.5795260091844139
9497,0,0.11876197847560077
9498,0,0.16542441645686015
9499,0,0.535826928883024
9500,0,0.2182017543859649
9501,1,0.6713446340743318
9502,0,0.34599989382598073
9503,1,0.11825728560946332
9504,0,0.019615370490237934
9505,1,0.49869745004534866
9506,1,0.4525622891959526
9507,0,0.03600051443768077
9508,0,0.09849240685372701
9509,0,0.22717474656791234
9510,0,0.09896433975381343
9511,1,0.6735948751519686
9512,0,0.4691843162810905
9513,0,0.6239500943177682
9514,1,0.5584562256009965
9515,0,0.34096164613370467
9516,1,0.6793278808849744
9517,0,0.4415018967232415
9518,0,0.1673796246785323
9519,0,0.0009602497466575137
9520,0,0.4044911372958245
9521,0,0.0009602497466575137
9522,0,0.06342938157115381
9523,0,0.02915390709508357
9524,1,0.5104269275742541
9525,0,0.00480136896126056
9526,0,0.04148770794784393
9527,0,0.47758057640626445
9528,0,0.0
9529,0,0.36559307359307364
9530,1,0.49494056852573126
9531,1,0.4941106394001506
9532,0,0.03423691883751481
9533,0,0.08146479956824784
9534,0,0.08969400351403811
9535,0,0.07537087241146552
9536,0,0.048873155495563286
9537,1,0.7662593133701164
9538,1,0.35410038926729187
9539,0,0.0009602497466575137
9540,1,0.40696426979224926
9541,1,0.7723513024045362
9542,0,0.00480136896126056
9543,0,0.020342883648902573
9544,0,0.45862618432385877
9545,0,0.4173999105155087
9546,0,0.0
9547,1,0.6189236496557201
9548,1,0.4681710549068183
9549,1,0.4795484860783037
9550,0,0.11694533613542413
9551,1,0.4681460415555769
9552,0,0.3920906633607338
9553,1,0.44641291890134654
9554,0,0.30449446978780564
9555,1,0.8211041368716563
9556,0,0.11690026035963695
9557,1,0.8489290755624693
9558,0,0.4802025926709663
9559,0,0.06342938157115381
9560,0,0.0
9561,1,0.6985696687731884
9562,0,0.45778698253518396
9563,0,0.10276317345633218
9564,0,0.002547551333959101
9565,0,0.002547551333959101
9566,0,0.00480136896126056
9567,0,0.1579016108584604
9568,0,0.14095771810771565
9569,0,0.39407000407000403
9570,0,0.0
9571,0,0.400866116563791
9572,1,0.38001664199185187
9573,1,0.6407544140470383
9574,0,0.4802025926709663
9575,1,0.8161478471290672
9576,1,0.7462188605045749
9577,1,0.6331094679455336
9578,1,0.48384951687506117
9579,1,0.708295716282218
9580,0,0.6107536538962329
9581,0,0.48926687785331735
9582,0,0.3390133614430482
9583,0,0.5817251044066117
9584,0,0.0009602497466575137
9585,0,0.02510256400040109
9586,1,0.5795260091844139
9587,1,0.7662593133701164
9588,0,0.04527856116515255
9589,0,0.18612351831091833
9590,0,0.280387020703976
9591,0,0.1711453696430136
9592,0,0.3829372563812398
9593,0,0.4941106394001506
9594,0,0.013026614754198994
9595,0,0.2002626171912207
9596,0,0.00490672773281469
9597,0,0.25729114013908455
9598,0,0.009081160170079768
9599,1,0.4835432347798247
9600,1,0.4039879668929542
9601,0,0.4261586518563263
9602,0,0.023047175242083055
9603,0,0.19801691335604388
9604,0,0.044821886322384825
9605,0,0.010599399013021954
9606,1,0.5514823938799162
9607,0,0.4265234812455459
9608,1,0.6865401879226765
9609,1,0.7806127094836772
9610,0,0.0
9611,0,0.4607852790288908
9612,0,0.09406700673516817
9613,0,0.19741777960517962
9614,0,0.05038840135977235
9615,0,0.020342883648902573
9616,0,0.0
9617,0,0.5107293774179884
9618,1,0.3464993054063668
9619,0,0.010599399013021954
9620,0,0.1025738307000074
9621,0,0.017904979740440956
9622,0,0.13369135607508023
9623,0,0.46013325522874754
9624,1,0.6121401907619032
9625,0,0.0
9626,0,0.002547551333959101
9627,0,0.1571199564757685
9628,1,0.05604393402343446
9629,1,0.4953908902062117
9630,0,0.22193649659766101
9631,0,0.18761944548956513
9632,0,0.11627441235517595
9633,1,0.4996178235205225
9634,0,0.18939687670479977
9635,0,0.2967397456463753
9636,1,0.6524130323964211
9637,1,0.40505556514993274
9638,1,0.793630902653459
9639,0,0.021183821204815975
9640,1,0.4470631618680218
9641,0,0.034056462262698484
9642,0,0.042231496184001065
9643,0,0.6926746530421072
9644,1,0.8359800362976406
9645,0,0.5100920160601602
9646,0,0.15263312251855496
9647,1,0.22929104995540386
9648,0,0.0
9649,0,0.3161083606424886
9650,0,0.05146354563394704
9651,1,0.6003511473912567
9652,0,0.0005393743257820928
9653,0,0.03484604863628171
9654,0,0.5821037158710682
9655,0,0.03600051443768077
9656,0,0.3228353403025892
9657,1,0.5723075320867591
9658,0,0.36818707600605943
9659,1,0.13962775408670933
9660,1,0.5742764317907308
9661,0,0.05715407792742911
9662,1,0.4322718496178212
9663,0,0.0
9664,0,0.38601558565457483
9665,0,0.20908999229894754
9666,0,0.16542441645686015
9667,0,0.00480136896126056
9668,0,0.0040657901769012884
9669,0,0.3616287519747236
9670,0,0.1425110452824934
9671,1,0.5723075320867591
9672,0,0.07350570775818852
9673,0,0.595340045255254
9674,0,0.28701854880058747
9675,1,0.8414276345310828
9676,0,0.07855563642355913
9677,0,0.002547551333959101
9678,0,0.06342938157115381
9679,0,0.06174102856122016
9680,0,0.31181648074664026
9681,0,0.4038587428831331
9682,0,0.00480136896126056
9683,1,0.6183796004714196
9684,0,0.023093211874225892
9685,1,0.8001762410953493
9686,0,0.5367006972414549
9687,0,0.42594743329340484
9688,1,0.2936442829798039
9689,0,0.11853502891238739
9690,1,0.6530837169423379
9691,0,0.036361294500490776
9692,1,0.5380082766943212
9693,0,0.0857008569304819
9694,1,0.08589197281386558
9695,1,0.5504101339707447
9696,1,0.6407544140470383
9697,0,0.18154283750949174
9698,0,0.0
9699,0,0.04233738469456431
9700,0,0.30836940836940835
9701,1,0.6918107889797606
9702,0,0.42346982724241894
9703,1,0.5308910632773487
9704,0,0.00274375579253628
9705,0,0.05583552144485935
9706,1,0.790786676554196
9707,0,0.0024784885895997007
9708,0,0.1557461751393409
9709,0,0.0934617812882176
9710,0,0.46670664754677804
9711,0,0.21150217381560665
9712,0,0.11125866722509191
9713,0,0.4095639921911108
9714,1,0.6611834983282692
9715,0,0.12062261879482304
9716,1,0.27906486169198036
9717,0,0.16459894475874695
9718,1,0.11063504732480932
9719,0,0.018824644805960387
9720,1,0.7049755620723364
9721,1,0.4020272410516313
9722,0,0.0005393743257820928
9723,0,0.24475289588464855
9724,1,0.6838385159352901
9725,0,0.48442796996872767
9726,1,0.3571069147459039
9727,1,0.5455409015912147
9728,0,0.00480136896126056
9729,0,0.3447325011081417
9730,0,0.0005393743257820928
9731,1,0.5260868116379692
9732,0,0.44203425257690904
9733,1,0.351865512334405
9734,0,0.11280962877393624
9735,1,0.7427872419090219
9736,0,0.02568572610292764
9737,0,0.0
9738,0,0.46483206565775365
9739,0,0.4526596825070539
9740,1,0.551280631566315
9741,1,0.05604393402343446
9742,0,0.025208452510964343
9743,0,0.05604393402343446
9744,0,0.45698825577176444
9745,0,0.3378049858499607
9746,0,0.0004208754208754209
9747,0,0.0
9748,0,0.0
9749,0,0.01877443293432453
9750,0,0.23607126533769293
9751,1,0.4172792962767767
9752,0,0.034056462262698484
9753,1,0.3577599852613294
9754,0,0.0009602497466575137
9755,0,0.1554894293418013
9756,0,0.01877443293432453
9757,0,0.36155150057589086
9758,0,0.003283130118318373
9759,0,0.056558550075104845
9760,0,0.5337586572026406
9761,1,0.6431047015840508
9762,0,0.43419520789288235
9763,1,0.3008151766996106
9764,0,0.07350570775818852
9765,1,0.4589783856499388
9766,0,0.4500952887470637
9767,0,0.4173999105155087
9768,0,0.38185783122163186
9769,0,0.11382261540080767
9770,0,0.0
9771,1,0.6864649518909
9772,1,0.5366720502324431
9773,1,0.6132959860429845
9774,0,0.4083648300163389
9775,1,0.46670664754677804
9776,0,0.049768630379709765
9777,0,0.5305182644443507
9778,0,0.44051493604028624
9779,0,0.5010277308778092
9780,0,0.1574317939542678
9781,1,0.7022037272477982
9782,0,0.002862254697442952
9783,1,0.5584562256009965
9784,0,0.10070866604673039
9785,1,0.5475098012951866
9786,0,0.07296307626226978
9787,0,0.00480136896126056
9788,0,0.11860594789360669
9789,1,0.6601485979084384
9790,0,0.6449983652562462
9791,1,0.6442839948435736
9792,0,0.016927530079098512
9793,0,0.03122220916338564
9794,1,0.8657616976582494
9795,0,0.32988197019892546
9796,0,0.5177783272202423
9797,0,0.002547551333959101
9798,1,0.6003511473912567
9799,0,0.014933313719721487
9800,0,0.06686404844662629
9801,1,0.0857008569304819
9802,0,0.04148770794784393
9803,0,0.0024784885895997007
9804,0,0.09406700673516817
9805,0,0.0004208754208754209
9806,1,0.6765487090410639
9807,1,0.35635148943732364
9808,0,0.02935885512611856
9809,1,0.25585933804673805
9810,0,0.171145369643013
9811,0,0.020342883648902573
9812,0,0.41412587045066357
9813,0,0.0004208754208754209
9814,1,0.4253471434159341
9815,0,0.5154480463877817
9816,1,0.5850062702131873
9817,0,0.04233738469456431
9818,0,0.0934617812882176
9819,0,0.36402780796564516
9820,1,0.45812063474107934
9821,0,0.003283130118318373
9822,0,0.19346963669493958
9823,0,0.44345739851677507
9824,1,0.3805723879183595
9825,0,0.49367633123182103
9826,0,0.14490873671569557
9827,0,0.0005393743257820928
9828,0,0.0020081770081770084
9829,0,0.5710351141247848
9830,0,0.23757221443439105
9831,1,0.479850935922038
9832,0,0.479850935922038
9833,0,0.3162126833477136
9834,1,0.3490928728964621
9835,1,0.708295716282218
9836,0,0.10792798658926865
9837,1,0.010599399013021954
9838,1,0.598382247687285
9839,0,0.0005393743257820928
9840,0,0.06342938157115381
9841,0,0.47608590566032877
9842,0,0.028517917570205154
9843,0,0.013303690606202435
9844,1,0.5742764317907308
9845,0,0.0020081770081770084
9846,0,0.4002928509905255
9847,0,0.10699581113861271
9848,1,0.6572602767964973
9849,0,0.4770575932139833
9850,0,0.25481515897007895
9851,1,0.5549968791739028
9852,1,0.5123145670824384
9853,0,0.49187640491222506
9854,1,0.33461056470275946
9855,0,0.010599399013021954
9856,1,0.12757894007555412
9857,0,0.0005393743257820928
9858,1,0.5024992125768594
9859,0,0.4802025926709663
9860,0,0.5207454115710997
9861,0,0.1717634911566569
9862,1,0.4809583934355904
9863,0,0.41013234925110703
9864,0,0.46013325522874754
9865,0,0.5177783272202423
9866,0,0.2609526442093668
9867,0,0.426622082897945
9868,1,0.3789392179636082
9869,1,0.553451293583888
9870,0,0.25984848484848483
9871,0,0.011576848674364397
9872,1,0.5627118776763508
9873,0,0.003283130118318373
9874,0,0.3099724923862855
9875,0,0.03664685240108225
9876,0,0.42320954447961484
9877,0,0.32356102102609713
9878,0,0.020342883648902573
9879,0,0.03664685240108225
9880,0,0.4313646599673216
9881,1,0.6261966707857998
9882,1,0.3865268287929366
9883,1,0.6366561351441895
9884,1,0.2554984352687388
9885,0,0.016927530079098512
9886,0,0.44314221926338376
9887,0,0.10427980547912015
9888,0,0.01454485359714118
9889,0,0.34599989382598073
9890,0,0.10644879427523059
9891,0,0.0690189990443401
9892,0,0.43757302492220823
9893,0,0.37256333680586007
9894,0,0.5177783272202423
9895,0,0.0009602497466575137
9896,0,0.5659585098294775
9897,1,0.16873318812635388
9898,0,0.4525655782632527
9899,0,0.20303762775601694
9900,0,0.3789670282811494
9901,0,0.00480136896126056
9902,0,0.15290851314897214
9903,0,0.4427944291941395
9904,0,0.044821886322384825
9905,1,0.45419176294004604
9906,0,0.0056423065171739605
9907,1,0.5914652216516664
9908,0,0.010599399013021954
9909,0,0.01454485359714118
9910,1,0.3800903119868637
9911,0,0.05220733387010418
9912,0,0.1274021218446638
9913,0,0.12757894007555412
9914,1,0.5386488916847119
9915,0,0.00480136896126056
9916,0,0.07808609614767592
9917,1,0.5204429617273654
9918,0,0.0009602497466575137
9919,0,0.08383569227720489
9920,0,0.3531393010597556
9921,0,0.01454485359714118
9922,0,0.16232912697291305
9923,1,0.471728207047106
9924,1,0.4781899721832981
9925,0,0.21041352944568437
9926,0,0.04148770794784393
9927,0,0.00480136896126056
9928,0,0.17991404043188772
9929,0,0.06620295213570475
9930,0,0.19667525755411566
9931,1,0.6193173091095816
9932,0,0.0009602497466575137
9933,1,0.5093362152955362
9934,0,0.45729070561549867
9935,0,0.13477929449291678
9936,0,0.5201453193492678
9937,0,0.4051195477466664
9938,0,0.5049566026788425
9939,0,0.30518495265002876
9940,1,0.21587608478377454
9941,1,0.3390247855017394
9942,0,0.0004208754208754209
9943,0,0.00212667591308368
9944,0,0.47442447088830747
9945,1,0.3849176755447942
9946,1,0.31315898463593855
9947,1,0.6212739371927328
9948,0,0.3265738498789346
9949,0,0.3649953249181861
9950,0,0.0
9951,1,0.6003511473912567
9952,0,0.3989086562344759
9953,0,0.00480136896126056
9954,1,0.521257680351888
9955,1,0.03600051443768077
9956,0,0.0009602497466575137
9957,0,0.3109487744257283
9958,0,0.0004208754208754209
9959,0,0.34295878162216104
9960,0,0.037893113617433194
9961,1,0.5101426449068954
9962,1,0.677691438458958
9963,1,0.6002793896410917
9964,0,0.0040657901769012884
9965,1,0.7618183520326034
9966,1,0.6822958778005089
9967,0,0.009081160170079768
9968,0,0.44807670411335804
9969,1,0.6098294959934676
9970,0,0.6217238783453288
9971,0,0.4239653452442389
9972,0,0.5101426449068954
9973,0,0.003283130118318373
9974,1,0.4386056489369867
9975,0,0.04148770794784393
9976,1,0.717959762198184
9977,0,0.4325903450648351
9978,1,0.3681771892812618
9979,0,0.43668610075720277
9980,0,0.4584531891627372
9981,1,0.650494531292093
9982,0,0.06496243380068797
9983,0,0.0009602497466575137
9984,0,0.003283130118318373
9985,0,0.1375093186453
9986,1,0.8311403508771931
9987,0,0.0009602497466575137
9988,1,0.521257680351888
9989,0,0.17618287331505558
9990,1,0.5354875983021071
9991,0,0.4114884239567976
9992,1,0.7080987429788795
9993,0,0.7839253187613844
9994,0,0.05790909867671148
9995,0,0.00480136896126056
9996,0,0.12879031566306398
9997,1,0.3227049876525298
9998,0,0.6985696687731884
9999,0,0.6509686170191039
10000,1,0.6647094235313584
10001,0,0.403011677375478
10002,0,0.05715407792742911
10003,0,0.0009602497466575137
10004,0,0.33660613910748327
10005,0,0.5742764317907308
10006,0,0.43757302492220823
10007,0,0.0
10008,0,0.46013325522874754
10009,0,0.47588160933441603
10010,1,0.708295716282218
10011,1,0.5971681212961787
10012,1,0.5723075320867591
10013,0,0.028517917570205154
10014,0,0.011576848674364397
10015,0,0.07645024472948554
10016,0,0.42843416745855767
10017,1,0.1562250868361662
10018,1,0.4969531890133994
10019,0,0.4408065729608996
10020,0,0.028149628981552575
10021,0,0.11287347481489206
10022,0,0.012106949688679558
10023,0,0.0009602497466575137
10024,0,0.1654353095786329
10025,1,0.29941516489022796
10026,0,0.35467990214497824
10027,0,0.0913492961287079
10028,0,0.05332871028722406
10029,0,0.016927530079098512
10030,0,0.6049393388372615
10031,0,0.07572196695119189
10032,0,0.022456174188847457
10033,0,0.0
10034,0,0.020342883648902573
10035,1,0.5367006972414549
10036,0,0.32356102102609713
10037,1,0.4783218305078934
10038,0,0.0
10039,1,0.3707900763680147
10040,0,0.04148770794784393
10041,0,0.09185074754216478
10042,0,0.13527933337134515
10043,1,0.5459612813339176
10044,0,0.0005393743257820928
10045,0,0.3756356511029
10046,1,0.4827666186343175
10047,0,0.00480136896126056
10048,0,0.43123543595750063
10049,1,0.553451293583888
10050,0,0.028517917570205154
10051,0,0.0040657901769012884
10052,0,0.03484604863628171
10053,0,0.33595306859205776
10054,1,0.6303614757790007
10055,0,0.0740270516969546
10056,0,0.35271428571428576
10057,1,0.27686334971530363
10058,1,0.5170880016144771
10059,1,0.8123884486328264
10060,0,0.0005393743257820928
10061,1,0.7365332428765264
10062,0,0.10858558516147254
10063,0,0.47552854122621563
10064,1,0.38668519477956237
10065,0,0.026671014714979135
10066,0,0.41370000599628226
10067,1,0.5584567337244443
10068,0,0.11287347481489206
10069,0,0.036361294500490776
10070,0,0.457642362364427
10071,1,0.40505556514993274
10072,0,0.1717634911566569
10073,0,0.1511586485270696
10074,0,0.3565486152853114
10075,1,0.6385810951990614
10076,0,0.3695304330541944
10077,0,0.0005393743257820928
10078,0,0.32329805517865223
10079,1,0.8239714602158381
10080,0,0.1579016108584604
10081,0,0.12621505735103872
10082,0,0.5844674060358922
10083,1,0.38146907571600935
10084,1,0.6614565765672267
10085,1,0.47351446091098487
10086,0,0.3990828055744447
10087,0,0.6189236496557201
10088,1,0.58992851568939
10089,1,0.7366952528746019
10090,0,0.11440924770189893
10091,0,0.05146354563394704
10092,1,0.3060052459916338
10093,0,0.006619756178516403
10094,0,0.3908717298961201
10095,1,0.36373274483681745
10096,0,0.09098064730121065
10097,1,0.5094890688875308
10098,0,0.002547551333959101
10099,0,0.0588489931816664
10100,0,0.020342883648902573
10101,0,0.14126400214286028
10102,1,0.12757894007555412
10103,0,0.2673633494277102
10104,0,0.06174102856127631
10105,0,0.007806207059938403
10106,0,0.020342883648902573
10107,0,0.09707945106175747
10108,0,0.07719403296564267
10109,0,0.0040657901769012884
10110,1,0.8438036493844115
10111,1,0.32099989382598076
10112,0,0.1292672864979408
10113,0,0.034056462262698484
10114,0,0.4660348564225738
10115,0,0.00480136896126056
10116,0,0.3522715947388437
10117,0,0.14140146240295717
10118,1,0.5923403764781087
10119,0,0.181909385425185
10120,1,0.7308002371435207
10121,1,0.838963963963964
10122,1,0.3531393010597556
10123,0,0.05146354563394704
10124,0,0.10070866604673039
10125,0,0.0
10126,0,0.06838268787278237
10127,0,0.0
10128,1,0.6954256395432866
10129,0,0.003283130118318373
10130,1,0.5951992215922068
10131,1,0.6926746530421072
10132,1,0.5521615272384951
10133,0,0.0004208754208754209
10134,0,0.02639354190722919
10135,1,0.08809438458607544
10136,1,0.5154480463877817
10137,1,0.7931414451158613
10138,0,0.029127078642895016
10139,0,0.29106873912432063
10140,0,0.010599399013021954
10141,1,0.4035864527629234
10142,0,0.04148770794784393
10143,0,0.23334124027913705
10144,0,0.18761944548956513
10145,1,0.12865475347594207
10146,0,0.09043779175019524
10147,0,0.2954757848113057
10148,0,0.07883339282081986
10149,0,0.00480136896126056
10150,0,0.27686334971530363
10151,0,0.025208452510964343
10152,1,0.6287390029325514
10153,0,0.23117393231904768
10154,0,0.02621009235367974
10155,1,0.7470661932484592
10156,0,0.13777224741798424
10157,0,0.0004208754208754209
10158,0,0.18612351831091833
10159,0,0.0
10160,0,0.41013234925110703
10161,0,0.44875500360508186
10162,0,0.26229916540681836
10163,0,0.020342883648902573
10164,0,0.3616197758774113
10165,1,0.457642362364427
10166,1,0.5612225111249709
10167,0,0.21386731796927186
10168,1,0.7781489413677353
10169,0,0.36615584764066494
10170,1,0.3732086385019744
10171,0,0.009081160170079768
10172,0,0.01454485359714118
10173,0,0.21281697410885178
10174,1,0.0830523442024759
10175,0,0.002862254697442952
10176,0,0.036361294500490776
10177,0,0.10400519677198515
10178,1,0.5821037158710682
10179,0,0.3903722160698904
10180,1,0.8333333333333334
10181,0,0.19166089895980656
10182,0,0.003283130118318373
10183,1,0.3466325665413586
10184,0,0.08532131299121588
10185,1,0.7899393438103116
10186,0,0.04606814753873578
10187,0,0.22929104995540386
10188,1,0.8359800362976406
10189,0,0.0
10190,0,0.15420147689226824
10191,0,0.0
10192,0,0.022456174188847457
10193,0,0.01538579115305458
10194,0,0.00480136896126056
10195,1,0.5742764317907308
10196,0,0.10072050749488802
10197,0,0.5008820608144328
10198,0,0.010599399013021954
10199,0,0.11581758948455996
10200,0,0.3849176755447942
10201,1,0.6668291296475641
10202,0,0.0
10203,0,0.08383569227720489
10204,0,0.1375093186453
10205,0,0.16026603246688365
10206,1,0.6449983652562462
10207,1,0.5960319601502725
10208,1,0.5462200349497937
10209,0,0.0023228803716608595
10210,0,0.2967175431944971
10211,0,0.04148770794784393
10212,1,0.15898512112904553
10213,0,0.0005393743257820928
10214,0,0.07645024472948554
10215,0,0.06260835780529402
10216,0,0.6689502249785937
10217,0,0.11813885859687386
10218,1,0.8624856943822462
10219,1,0.4122025121756024
10220,0,0.05270980685029799
10221,1,0.6790910411878155
10222,0,0.1633056098659289
10223,0,0.440176313620297
10224,0,0.005778818622603001
10225,1,0.7612226160586818
10226,1,0.8657616976582494
10227,0,0.11146051902292253
10228,0,0.4322718496178212
10229,0,0.4739094436333365
10230,0,0.023047175242083055
10231,1,0.7737513516908656
10232,1,0.4615712341654603
10233,0,0.04940227471187223
10234,0,0.06342938157115381
10235,0,0.06342938157115381
10236,0,0.010599399013021954
10237,0,0.10560599906537566
10238,0,0.0015873015873015875
10239,1,0.47961436297879145
10240,0,0.34365706513048905
10241,0,0.1016225366290311
10242,0,0.017904979740440956
10243,0,0.5464932596028352
10244,0,0.5217071990212756
10245,0,0.4802025926709663
10246,0,0.6049988825924274
10247,1,0.4832328526859984
10248,1,0.8359800362976406
10249,0,0.002547551333959101
10250,0,0.44641291890134654
10251,0,0.0
10252,0,0.4152014652014652
10253,0,0.06726137512929783
10254,0,0.0
10255,0,0.12137858404674547
10256,0,0.38484756805652326
10257,0,0.08706130402124036
10258,1,0.6021193299264501
10259,1,0.47241974764824324
10260,0,0.0625809232788186
10261,0,0.0009602497466575137
10262,1,0.6954256395432866
10263,0,0.1818984923034123
10264,1,0.5514823938799162
10265,0,0.034056462262698484
10266,0,0.07808609614767592
10267,0,0.03484604863628171
10268,0,0.09547983213379478
10269,0,0.12833349279244802
10270,1,0.7900022740248304
10271,0,0.002547551333959101
10272,0,0.5380082766943212
10273,0,0.020342883648902573
10274,1,0.5778516927942215
10275,0,0.1588530766749141
10276,0,0.18873874961760773
10277,1,0.7567302391644253
10278,1,0.5320667844056196
10279,0,0.0004208754208754209
10280,0,0.2689505895645011
10281,1,0.5121715672309438
10282,0,0.10311409325701522
10283,0,0.0650191418969989
10284,0,0.02935885512611856
10285,0,0.21889358208892515
10286,0,0.1305909603943135
10287,0,0.3380403635076124
10288,1,0.6261966707857998
10289,0,0.003283130118318373
10290,0,0.051765190875117044
10291,0,0.0
10292,0,0.5971681212961787
10293,0,0.0359033651179245
10294,0,0.06811030966297725
10295,0,0.45355942328331617
10296,0,0.002862254697442952
10297,1,0.7212711629378296
10298,1,0.4056294627226436
10299,0,0.17878423923250883
10300,1,0.554339005771778
10301,1,0.5742764317907308
10302,0,0.03484604863628171
10303,0,0.002547551333959101
10304,0,0.17913065599283262
10305,0,0.00212667591308368
10306,0,0.20303762775601694
10307,0,0.367457141805232
10308,0,0.03484604863628171
10309,1,0.44654765212559044
10310,0,0.05146354563394704
10311,0,0.020342883648902573
10312,0,0.0005393743257820928
10313,0,0.11395242483128294
10314,0,0.043126971068147536
10315,0,0.606174405372173
10316,0,0.07366069602911708
10317,1,0.8567526886492404
10318,0,0.3571069147459039
10319,0,0.10241542274912531
10320,0,0.037893113617433194
10321,1,0.42160915689837025
10322,0,0.7240291725294554
10323,0,0.39956320677031515
10324,1,0.7011586452762923
10325,1,0.5971681212961787
10326,0,0.06342938157115381
10327,1,0.635180004253114
10328,0,0.0009602497466575137
10329,0,0.10644879427523059
10330,0,0.17913065599283262
10331,0,0.06838268787278237
10332,0,0.2563607390219034
10333,1,0.8148522167487685
10334,0,0.003283130118318373
10335,0,0.0024784885895997007
10336,0,0.37143147162848617
10337,0,0.3532032836564893
10338,0,0.14223565465207622
10339,0,0.4539248902738609
10340,0,0.023047175242083055
10341,0,0.47332271112224356
10342,1,0.6485999729597088
10343,0,0.5514823938799162
10344,0,0.4809583934355904
10345,0,0.35271428571428576
10346,0,0.564082992294847
10347,0,0.525155852615204
10348,0,0.007505660554441042
10349,0,0.0004208754208754209
10350,1,0.6658975379047397
10351,0,0.26541655108645396
10352,1,0.45812063474107934
10353,1,0.3774776659546199
10354,0,0.03122220916338564
10355,1,0.4741945635146069
10356,0,0.15104334849569512
10357,1,0.43249624082103394
10358,0,0.07890555521262708
10359,0,0.5844674060358922
10360,0,0.0005393743257820928
10361,1,0.5439923816299458
10362,0,0.5459612813339176
10363,1,0.5514823938799162
10364,0,0.45094580423531544
10365,0,0.048612688338289
10366,0,0.10606282193599163
10367,0,0.08826248946180414
10368,0,0.0004208754208754209
10369,0,0.18594868262714548
10370,0,0.05220733387010418
10371,1,0.5438530428207682
10372,0,0.42528365623447595
10373,0,0.04300295381205299
10374,1,0.6566485347929668
10375,0,0.020872984663217742
10376,1,0.39865689865689863
10377,0,0.002547551333959101
10378,1,0.818611615245009
10379,0,0.13166497793114298
10380,0,0.028517917570205154
10381,0,0.09078930583251087
10382,0,0.010599399013021954
10383,1,0.2540889819014567
10384,0,0.011440336568935354
10385,1,0.3681771892812618
10386,0,0.08209136598428794
10387,0,0.0
10388,0,0.0009602497466575137
10389,0,0.4279298653982391
10390,0,0.12346988698516485
10391,0,0.3577599852613294
10392,0,0.0
10393,0,0.10037716515244005
10394,0,0.7039353289794
10395,1,0.37386813186813184
10396,1,0.5163684198629556
10397,0,0.010599399013021954
10398,0,0.01538579115305458
10399,0,0.0006251142035749008
10400,0,0.46013325522874754
10401,1,0.3155243062022723
10402,0,0.6803729628564802
10403,0,0.0009602497466575137
10404,0,0.03484604863628171
10405,1,0.818611615245009
10406,1,0.2584488831672723
10407,1,0.5820476493318137
10408,1,0.15146762912719478
10409,0,0.6471194605872758
10410,1,0.6709191246825655
10411,1,0.6748452407096751
10412,0,0.40448271092669436
10413,0,0.1818984923034123
10414,0,0.016927530079098512
10415,0,0.03174422331196331
10416,0,0.07808609614767592
10417,1,0.6189236496557201
10418,0,0.044821886322384825
10419,0,0.26229916540681836
10420,0,0.09083131269065059
10421,1,0.5106898675105346
10422,1,0.4783218305078934
10423,0,0.0359033651179245
10424,0,0.009081160170079768
10425,0,0.564082992294847
10426,0,0.1870203117387009
10427,1,0.6232428368967046
10428,1,0.26317164947469035
10429,0,0.3844749845693521
10430,0,0.20303762775601694
10431,1,0.49524685062096774
10432,1,0.8081550976068276
10433,1,0.7522892778269122
10434,1,0.6287390029325514
10435,1,0.5723075320867591
10436,1,0.6487260750524106
10437,0,0.002862254697442952
10438,1,0.5572499185402412
10439,0,0.40681851481851483
10440,0,0.19741777960517962
10441,0,0.34440280404179324
10442,1,0.36309029404111365
10443,0,0.03515957688176737
10444,1,0.5578345551478688
10445,0,0.05163379503298678
10446,1,0.553451293583888
10447,0,0.5549968791739028
10448,0,0.07350570775818852
10449,0,0.01454485359714118
10450,0,0.22929104995540386
10451,1,0.34121140867865757
10452,0,0.08788677571935356
10453,0,0.6566485347929668
10454,0,0.171145369643013
10455,0,0.4978024896085668
10456,1,0.3819224806201551
10457,0,0.5600852475752464
10458,0,0.0056423065171739605
10459,0,0.4172792962767767
10460,0,0.606658730389168
10461,0,0.4436540266048463
10462,1,0.47736004305771745
10463,1,0.16398571547559554
10464,0,0.0009602497466575137
10465,0,0.1978127528319953
10466,0,0.0009602497466575137
10467,1,0.3756356511029
10468,1,0.0032831301183182345
10469,0,0.0040657901769012884
10470,1,0.1192325143096468
10471,0,0.40115296849894005
10472,0,0.0005393743257820928
10473,1,0.3724675716440422
10474,0,0.0281862605791882
10475,0,0.6170299859835249
10476,0,0.5472688607867838
10477,0,0.5054381719219135
10478,0,0.44518476380099076
10479,0,0.24473058055378025
10480,0,0.6442839948435736
10481,0,0.016927530079098512
10482,0,0.002547551333959101
10483,1,0.25481515897007895
10484,0,0.4552243869548245
10485,0,0.42528365623447595
10486,0,0.09707945106175747
10487,0,0.158257265652381
10488,0,0.08934848219546304
10489,0,0.0024784885895997007
10490,1,0.8489290755624693
10491,0,0.2208109973121631
10492,1,0.7587588479427397
10493,1,0.42160915689837025
10494,0,0.4809583934355904
10495,0,0.044821886322384825
10496,0,0.11876197847560077
10497,0,0.1489423893340662
10498,1,0.5742764317907308
10499,1,0.8528126583934207
10500,0,0.006218905472636815
10501,1,0.37834227509134327
10502,0,0.20303762775601694
10503,1,0.7401268714701551
10504,0,0.31501090189384146
10505,1,0.47961436297879145
10506,0,0.0
10507,0,0.0024784885895997007
10508,0,0.4256308590748425
10509,0,0.0009602497466575137
10510,1,0.8355015673981191
10511,0,0.04238504577314404
10512,0,0.03484604863628171
10513,1,0.8161478471290672
10514,0,0.4969531890133994
10515,0,0.7396502357695663
10516,0,0.32320087673105885
10517,0,0.28542466541105327
10518,0,0.6407544140470383
10519,1,0.7424282586076077
10520,0,0.0
10521,0,0.23673655735046886
10522,0,0.3403222381483251
10523,0,0.20004819741661847
10524,0,0.1939879796578826
10525,0,0.5971681212961787
10526,1,0.5308910632773487
10527,0,0.0744763223591824
10528,0,0.4921472792440535
10529,0,0.020342883648902573
10530,0,0.4611743056126561
10531,0,0.010599399013021954
10532,0,0.007505660554441042
10533,0,0.26021640240204047
10534,0,0.3695304330541944
10535,0,0.010599399013021954
10536,0,0.010599399013021954
10537,0,0.2806809598358799
10538,0,0.717959762198184
10539,0,0.0
10540,0,0.049768630379709765
10541,1,0.7368922261779405
10542,0,0.5324453958700762
10543,1,0.7465562720939065
10544,0,0.03484604863628171
10545,0,0.48413307595191474
10546,0,0.0004208754208754209
10547,0,0.0
10548,1,0.41013234925110703
10549,1,0.2575929367478567
10550,0,0.14009886376583425
10551,0,0.08934848219546304
10552,0,0.003283130118318373
10553,0,0.17150102443693357
10554,0,0.21281697410885178
10555,1,0.6170299859835249
10556,0,0.026671014714979135
10557,0,0.11395242483128294
10558,0,0.33193514545890684
10559,0,0.02915390709508357
10560,1,0.8177642825011247
10561,0,0.0588489931816664
10562,0,0.18761944548956513
10563,0,0.010599399013021954
10564,1,0.1574317939542678
10565,1,0.12833349279244802
10566,0,0.5654678654678654
10567,1,0.460422088866709
10568,1,0.4074827794716002
10569,0,0.4119156602404533
10570,1,0.5374960079135328
10571,1,0.6021730533132871
10572,0,0.07617878982180785
10573,0,0.07296307626226978
10574,1,0.5366720502324431
10575,0,0.07719403296564267
10576,0,0.03174422331196331
10577,1,0.5472688607867838
10578,0,0.19429510839305278
10579,0,0.08209136598428794
10580,0,0.002547551333959101
10581,1,0.56497589453219
10582,0,0.003283130118318373
10583,0,0.06504511593629446
10584,0,0.0040657901769012884
10585,1,0.1843771856895892
10586,0,0.5380082766943212
10587,1,0.35988447483201697
10588,1,0.788765004181832
10589,1,0.6312529525510199
10590,1,0.6650051819986897
10591,0,0.19019399644148538
10592,0,0.5424431354634814
10593,0,0.21802298033641318
10594,0,0.07808609614767592
10595,0,0.7631373881814594
10596,1,0.5383868881587777
10597,0,0.35233557733557735
10598,0,0.002547551333959101
10599,0,0.27733060717050173
10600,0,0.4261586518563263
10601,0,0.06726137512929783
10602,0,0.06962894908913332
10603,0,0.4304523530465792
10604,1,0.12796484396495078
10605,0,0.12757894007555412
10606,0,0.4341305584943591
10607,1,0.49380818955641637
10608,1,0.3707900763680147
10609,0,0.07808609614767592
10610,0,0.15420147689226824
10611,0,0.025264850682052222
10612,0,0.0009602497466575137
10613,0,0.4525655782632527
10614,0,0.0
10615,0,0.4386056489369867
10616,0,0.0040657901769012884
10617,0,0.5514823938799162
10618,0,0.01112950002733712
10619,0,0.566897017355733
10620,1,0.553451293583888
10621,0,0.43249624082103394
10622,1,0.5166708697066899
10623,1,0.6662220144408083
10624,1,0.38762377685034544
10625,1,0.4784037213999171
10626,0,0.18216095902313567
10627,1,0.701320655274368
10628,0,0.1136013302915566
10629,0,0.002547551333959101
10630,0,0.0
10631,0,0.12833349279244802
10632,0,0.020342883648902573
10633,0,0.5153161880631866
10634,0,0.7271661786689109
10635,0,0.7457847008889971
10636,0,0.0004208754208754209
10637,0,0.009519235505640116
10638,0,0.11581758948455996
10639,1,0.45616722985903785
10640,0,0.415601822137363
10641,1,0.3369362585877675
10642,0,0.333010851139719
10643,0,0.5574239970158338
10644,0,0.008345581385720497
10645,0,0.3531393010597556
10646,0,0.03495193714684496
10647,0,0.00480136896126056
10648,0,0.35240485040592345
10649,1,0.49524685062096774
10650,0,0.24475289588464855
10651,1,0.6326651189596608
10652,1,0.09707945106175747
10653,0,0.5916344037415779
10654,0,0.043126971068147536
10655,0,0.010599399013021954
10656,0,0.171145369643013
10657,0,0.45565710387011576
10658,1,0.7896432907234164
10659,1,0.6985696687731884
10660,1,0.6409435302795283
10661,0,0.04486811846533001
10662,1,0.6208911193351028
10663,0,0.32382222346121264
10664,0,0.5093670437229468
10665,0,0.30324477351916374
10666,0,0.4427944291941395
10667,1,0.7528638322116583
10668,1,0.5820476493318137
10669,0,0.37717952635599694
10670,0,0.0
10671,0,0.017256194091382345
10672,0,0.010599399013021954
10673,1,0.6727241453786456
10674,0,0.1978127528319953
10675,0,0.09990662931839402
10676,0,0.23837371752863754
10677,1,0.5308910632773487
10678,0,0.22910761358422038
10679,1,0.18390725911791495
10680,0,0.0
10681,1,0.765805963962646
10682,0,0.19022234840291297
10683,1,0.5251881636328365
10684,0,0.0009602497466575137
10685,0,0.0009602497466575137
10686,1,0.4648384618975476
10687,0,0.09707945106175747
10688,0,0.3403222381483251
10689,0,0.028517917570205154
10690,0,0.07645024472948554
10691,1,0.3888788663802105
10692,0,0.4693566569484937
10693,0,0.1280202433583077
10694,1,0.5146624600952643
10695,0,0.3644065297525014
10696,0,0.22929104995540386
10697,0,0.2985368260472893
10698,0,0.415601822137363
10699,1,0.7212711629378296
10700,0,0.1579016108584604
10701,1,0.4373486337189955
10702,0,0.15352663466261604
10703,1,0.32988197019892546
10704,0,0.12209610564873723
10705,0,0.5450960781819124
10706,0,0.41013234925110703
10707,0,0.15003611507496076
10708,0,0.03272167297330575
10709,0,0.00480136896126056
10710,0,0.0024784885895997007
10711,0,0.394801268498943
10712,1,0.4470162656324926
10713,0,0.32443877246271013
10714,1,0.48427769612267174
10715,0,0.042231496184001065
10716,0,0.0
10717,0,0.10747116371865267
10718,0,0.3490928728964621
10719,0,0.04122724079056966
10720,0,0.02436698521604182
10721,0,0.24428539211147907
10722,0,0.0024784885895997007
10723,0,0.1870203117387009
10724,0,0.0004208754208754209
10725,0,0.0748282409155468
10726,0,0.5625007811170081
10727,1,0.6170299859835249
10728,0,0.17067555273882037
10729,1,0.4490837115520852
10730,0,0.011440336568935354
10731,0,0.09879459620839309
10732,1,0.783881947100741
10733,1,0.80331541218638
10734,0,0.4552243869548245
10735,1,0.5244620724128836
10736,0,0.4415018967232415
10737,0,0.6450736012880226
10738,0,0.0
10739,0,0.6035558687979298
10740,1,0.26062145515414487
10741,0,0.3007669370699779
10742,0,0.0024784885895997007
10743,1,0.8239714602158381
10744,1,0.08969400351403811
10745,0,0.7560853462995976
10746,0,0.5026724967456065
10747,0,0.2842515258860117
10748,0,0.050512418615866896
10749,0,0.025416092245886753
10750,1,0.5287903052487816
10751,0,0.00480136896126056
10752,0,0.08146479956824784
10753,0,0.013303690606202435
10754,0,0.6141308949284565
10755,1,0.43757302492220823
10756,0,0.06009525439801735
10757,1,0.5514823938799162
10758,0,0.22929104995540386
10759,0,0.41703296703296705
10760,0,0.5752068219434295
10761,0,0.1618650969936735
10762,1,0.6450736012880226
10763,1,0.4470162656324926
10764,0,0.055937453351246454
10765,0,0.21076762161299656
10766,1,0.34178145842256624
10767,0,0.06342938157115381
10768,0,0.6035558687979298
10769,0,0.4742611003822648
10770,0,0.002547551333959101
10771,1,0.701320655274368
10772,1,0.29882111644012777
10773,0,0.0004208754208754209
10774,1,0.7781489413677353
10775,0,0.5390536266454634
10776,0,0.03860765671110499
10777,0,0.06071415783494341
10778,1,0.08736610680778178
10779,0,0.12611723359944463
10780,0,0.003283130118318373
10781,0,0.0009602497466575137
10782,0,0.15898512112904553
10783,0,0.10560599906537566
10784,0,0.05270980685029799
10785,1,0.8311403508771931
10786,0,0.0359033651179245
10787,0,0.06784221525600836
10788,1,0.8294346978557505
10789,0,0.0004208754208754209
10790,1,0.7806127094836772
10791,1,0.8177642825011247
10792,0,0.33433503324166286
10793,1,0.7501849007225351
10794,0,0.005778818622603001
10795,1,0.6189988856874967
10796,1,0.5223955649571954
10797,0,0.02935885512611856
10798,0,0.25729114013908455
10799,0,0.0020081770081770084
10800,1,0.5458525847943346
10801,0,0.4394166121648136
10802,1,0.479850935922038
10803,1,0.29941516489022796
10804,1,0.38055406921744866
10805,1,0.1136013302915566
10806,1,0.09739128854025673
10807,0,0.012417786230277797
10808,0,0.38377439787805795
10809,0,0.08383569227720489
10810,0,0.11426426230978222
10811,1,0.9203413940256046
10812,1,0.020342883648902573
10813,1,0.5455409015912147
10814,0,0.0009602497466575137
10815,1,0.4662021552028465
10816,1,0.43123543595750063
10817,0,0.0
10818,0,0.020342883648902573
10819,0,0.0004208754208754209
10820,0,0.08383569227720489
10821,0,0.2961379792831943
10822,0,0.3025587492402417
10823,1,0.4606806080559281
10824,1,0.7856450606450606
10825,1,0.5032600155725374
10826,1,0.38892819365025827
10827,1,0.5875361248387293
10828,0,0.10338973987237228
10829,1,0.8489025504720683
10830,0,0.01454485359714118
10831,0,0.8059738800585482
10832,0,0.5503717223780221
10833,0,0.002547551333959101
10834,0,0.07855563642355913
10835,0,0.02935885512611856
10836,0,0.08873302529585016
10837,0,0.04122724079056966
10838,1,0.41929845176873154
10839,0,0.003283130118318373
10840,1,0.8340258527677378
10841,1,0.381460664411484
10842,1,0.45729070561549867
10843,0,0.026999678727262968
10844,1,0.259494929277373
10845,1,0.4062297526001144
10846,1,0.3144076140466032
10847,0,0.05678772225959159
10848,0,0.37547728511627426
10849,0,0.5878085362613429
10850,0,0.5177783272202423
10851,0,0.24441769110360023
10852,0,0.38159308448525325
10853,0,0.03495193714684496
10854,0,0.404987012987013
10855,0,0.5189139097395978
10856,0,0.5033947230068346
10857,0,0.13749559256434854
10858,0,0.05715407792742911
10859,0,0.0005393743257820928
10860,1,0.6658400908841619
10861,0,0.0024784885895997007
10862,0,0.5038836511052737
10863,0,0.0009602497466575137
10864,1,0.3243452254548029
10865,1,0.5870527354967189
10866,1,0.6229250017146062
10867,0,0.2257741863438227
10868,1,0.8311403508771931
10869,0,0.00274375579253628
10870,0,0.00480136896126056
10871,0,0.299414616475521
10872,1,0.26970412272737854
10873,0,0.05220733387010418
10874,1,0.49584650444754835
10875,1,0.6507031856465207
10876,1,0.6668291296475641
10877,0,0.0281862605791882
10878,0,0.0
10879,0,0.1627989438771057
10880,0,0.47306036263863405
10881,0,0.010599399013021954
10882,1,0.6926746530421072
10883,0,0.13593574453374815
10884,1,0.814170653907496
10885,0,0.6807612169490755
10886,1,0.8479729729729729
10887,0,0.5710574443500686
10888,0,0.30972964296004846
10889,0,0.1425110452824934
10890,0,0.520669450659713
10891,1,0.5374960079135328
10892,0,0.22929104995540386
10893,1,0.8019078651477005
10894,1,0.7874755756943695
10895,1,0.6674342438670161
10896,0,0.41412587045066357
10897,1,0.3565486152853114
10898,0,0.6693509239427607
10899,1,0.614900606784648
10900,1,0.5308910632773487
10901,0,0.6787121298611044
10902,1,0.5698036393502599
10903,0,0.2947904426165296
10904,0,0.044821886322384825
10905,1,0.7842413381123059
10906,1,0.3554920634920635
10907,0,0.00274375579253628
10908,0,0.04606814753873578
10909,0,0.037893113617433194
10910,0,0.383963443963444
10911,0,0.23814608497974077
10912,0,0.04300295381205299
10913,0,0.0040657901769012884
10914,0,0.00480136896126056
10915,0,0.0009602497466575137
10916,1,0.7070536610073738
10917,0,0.1557461751393409
10918,1,0.6509686170190999
10919,1,0.6479138190053041
10920,0,0.0281862605791882
10921,0,0.007505660554441042
10922,1,0.28744684434339607
10923,1,0.6994403985465115
10924,0,0.059210358464089806
10925,0,0.03664685240108225
10926,0,0.05220733387010418
10927,1,0.4884499647778708
10928,0,0.3140413045962314
10929,0,0.04148770794784393
10930,0,0.02935885512611856
10931,0,0.002547551333959101
10932,0,0.54067001672569
10933,1,0.40675453222178115
10934,0,0.09385795160373116
10935,1,0.5514823938799162
10936,0,0.0004208754208754209
10937,0,0.1388022823885961
10938,1,0.7424282586076077
10939,0,0.18761944548956513
10940,1,0.49101169672469797
10941,0,0.3827825981285697
10942,0,0.34110644257703077
10943,0,0.0
10944,0,0.19610297931193454
10945,1,0.5101426449068954
10946,0,0.0
10947,0,0.2584488831672723
10948,0,0.025416092245886753
10949,0,0.6658400908841619
10950,1,0.5380082766943212
10951,0,0.002547551333959101
10952,0,0.2945334535101363
10953,0,0.0
10954,0,0.18154283750949174
10955,1,0.8446969696969697
10956,0,0.28701854880058747
10957,1,0.32588671491110516
10958,1,0.5380082766943212
10959,0,0.09849240685372701
10960,0,0.4216784932350177
10961,1,0.7403238815032306
10962,1,0.6365025689420153
10963,0,0.2538365016625886
10964,0,0.009081160170079768
10965,0,0.5619362764924022
10966,0,0.03484604863628171
10967,0,0.535347395730432
10968,0,0.07719403296564267
10969,1,0.8359800362976406
10970,0,0.21889358208892515
10971,1,0.7900022740248304
10972,0,0.0004208754208754209
10973,1,0.8202568041277719
10974,1,0.18216095902313567
10975,0,0.14354874720507368
10976,0,0.2601130507910169
10977,0,0.003283130118318373
10978,1,0.037893113617433194
10979,0,0.4694892551394793
10980,0,0.16751742434224726
10981,0,0.04122724079056966
10982,0,0.29752519334839306
10983,0,0.049768630379709765
10984,1,0.2915783412863132
10985,1,0.4973236340606563
10986,0,0.492102229788725
10987,0,0.027595259525952598
10988,0,0.04606814753873578
10989,0,0.00480136896126056
10990,1,0.42842354667876287
10991,0,0.12833349279244802
10992,0,0.01454485359714118
10993,1,0.33660613910748327
10994,0,0.0009602497466575137
10995,0,0.044821886322384825
10996,0,0.06632141695070758
10997,1,0.8567526886492404
10998,0,0.23950508145069913
10999,1,0.26837132131893865
11000,0,0.003283130118318373
11001,0,0.457642362364427
11002,1,0.675245939673842
11003,0,0.4013189964157706
11004,0,0.3007669370699779
11005,1,0.6554761077929987
11006,0,0.26721177505971944
11007,0,0.31881231053328213
11008,0,0.4370271604366957
11009,0,0.29437046004842615
11010,1,0.14490873671569557
11011,0,0.3544818049490539
11012,0,0.05604393402343446
11013,0,0.08162083015024191
11014,0,0.5971681212961787
11015,0,0.048873155495563286
11016,0,0.0024784885895997007
11017,1,0.41169126903724057
11018,0,0.28009056293850737
11019,0,0.021183821204815975
11020,1,0.5798771414620375
11021,0,0.5849081305016899
11022,0,0.15002522195318804
11023,1,0.49407112949269677
11024,0,0.2776092429261982
11025,0,0.22717474656791234
11026,0,0.0004208754208754209
11027,1,0.10872359091834734
11028,1,0.7274888364038752
11029,1,0.7958190277155794
11030,0,0.0009602497466575137
11031,0,0.2540889819014567
11032,0,0.04148770794784393
11033,0,0.056558550075104845
11034,0,0.021183821204815975
11035,0,0.6784792991842848
11036,1,0.614900606784648
11037,1,0.6926746530421072
11038,0,0.003283130118318373
11039,0,0.0009602497466575137
11040,0,0.01454485359714118
11041,0,0.18519901800433125
11042,1,0.7587096544606954
11043,0,0.521257680351888
11044,0,0.00480136896126056
11045,0,0.34121140867865757
11046,0,0.6466494297781195
11047,0,0.08873302529585016
11048,0,0.5347317975374831
11049,1,0.7212711629378296
11050,1,0.6709856507729177
11051,0,0.4996178235205225
11052,0,0.35418816139526976
11053,0,0.00274375579253628
11054,0,0.26884635103375104
11055,0,0.4039879668929542
11056,0,0.1136013302915566
11057,0,0.0009602497466575137
11058,0,0.0004208754208754209
11059,1,0.8354442373407891
11060,0,0.0
11061,0,0.0004208754208754209
11062,0,0.034056462262698484
11063,0,0.558833414901164
11064,1,0.7940842520609296
11065,1,0.5260868116379692
11066,1,0.43757302492220823
11067,0,0.12346988698516485
11068,0,0.4615712341654603
11069,0,0.05146354563394704
11070,0,0.25321063319702103
11071,1,0.2649420056199689
11072,0,0.010599399013021954
11073,1,0.6363876450309611
11074,0,0.0
11075,0,0.39731528633967655
11076,0,0.0005393743257820928
11077,0,0.2673633494277102
11078,0,0.05038840135977235
11079,0,0.0
11080,0,0.5449486423765447
11081,1,0.8311403508771931
11082,0,0.0009602497466575137
11083,1,0.5817251044066117
11084,0,0.2214537933817595
11085,0,0.06342938157115381
11086,0,0.03484604863628171
11087,0,0.16751742434224726
11088,0,0.10847831040615045
11089,1,0.89643522833178
11090,0,0.14677318295739347
11091,0,0.1341646195165861
11092,0,0.010599399013021954
11093,0,0.07645024472948554
11094,1,0.6336453434016805
11095,1,0.5752068219434295
11096,0,0.003283130118318373
11097,0,0.17150102443693357
11098,0,0.14126400214286028
11099,1,0.8479729729729729
11100,1,0.614900606784648
11101,0,0.765805963962646
11102,0,0.4867759849889968
11103,1,0.5669833980545002
11104,0,0.38573096319821215
11105,0,0.026671014714979135
11106,1,0.5514823938799162
11107,1,0.6296305843984557
11108,0,0.0020576131687242796
11109,0,0.5685735321462185
11110,0,0.041487707947845114
11111,1,0.7427872419090219
11112,0,0.003283130118318373
11113,0,0.048873155495563286
11114,0,0.09043779175019524
11115,0,0.09849240685372701
11116,0,0.4745375788776171
11117,0,0.21281697410885178
11118,0,0.05220733387010418
11119,1,0.7150614617866223
11120,0,0.09099849425936384
11121,0,0.09990662931839402
11122,0,0.3354883161393724
11123,0,0.41013234925110703
11124,1,0.5960319601502725
11125,0,0.6142559087921294
11126,1,0.5795260091844139
11127,0,0.08934848219546304
11128,0,0.0
11129,0,0.0913492961287079
11130,0,0.2826667896279068
11131,0,0.11581758948455996
11132,0,0.028517917570205154
11133,1,0.49101169672469797
11134,0,0.028517917570205154
11135,1,0.5445988885267233
11136,0,0.41013234925110703
11137,1,0.7988744508488669
11138,0,0.1120212215320911
11139,0,0.0024784885895997007
11140,0,0.20967655457050585
11141,1,0.5307592049527534
11142,0,0.05790909867671148
11143,0,0.15898512112904553
11144,1,0.8495366551174174
11145,0,0.20564982330437256
11146,1,0.4062297526001144
11147,0,0.3865268287929366
11148,0,0.0
11149,0,0.020342883648902573
11150,1,0.558833414901164
11151,0,0.2676183442418499
11152,0,0.307137213512854
11153,1,0.6954256395432866
11154,0,0.07855563642355913
11155,0,0.5383868881587777
11156,1,0.5397711437086534
11157,0,0.1579016108584604
11158,1,0.6078778737035618
11159,0,0.14629879542160243
11160,1,0.6212739371927328
11161,0,0.5347317975374831
11162,0,0.36135123912597944
11163,0,0.2520851339115231
11164,0,0.003283130118318373
11165,0,0.22251776319572927
11166,0,0.5093362152955362
11167,0,0.0005393743257820928
11168,1,0.7310330678203402
11169,1,0.408072840588178
11170,0,0.37761907954607876
11171,0,0.6563895470231742
11172,1,0.6418177340259106
11173,0,0.0685529372718221
11174,0,0.46892437269696435
11175,1,0.6261966707857998
11176,0,0.0
11177,0,0.010599399013021954
11178,1,0.7364928129955453
11179,0,0.003283130118318373
11180,0,0.0803023553406793
11181,0,0.22929104995540386
11182,1,0.8657616976582494
11183,0,0.46598167520956474
11184,0,0.016927530079098512
11185,0,0.26313901506957965
11186,0,0.0009602497466575137
11187,0,0.1117361656382796
11188,1,0.45065066680705684
11189,0,0.1117361656382796
11190,0,0.009081160170079768
11191,0,0.19801691335604388
11192,1,0.6450736012880226
11193,0,0.45698825577176444
11194,0,0.2864339521119182
11195,0,0.0281862605791882
11196,0,0.003283130118318373
11197,0,0.2575929367478567
11198,1,0.783881947100741
11199,0,0.003283130118318373
11200,0,0.0009602497466575137
11201,1,0.6298780474396779
11202,1,0.1627989438771057
11203,0,0.0009602497466575137
11204,0,0.018824644805960387
11205,0,0.00480136896126056
11206,0,0.03664685240108225
11207,1,0.46472553671435746
11208,0,0.016927530079098512
11209,0,0.49494056852573126
11210,0,0.20170698232973064
11211,1,0.7084068096874757
11212,0,0.2686629146625676
11213,0,0.00480136896126056
11214,1,0.4496169175428821
11215,0,0.4451475950621668
11216,0,0.4035864527629234
11217,0,0.5836918048519437
11218,0,0.3431521642562368
11219,1,0.5177783272202423
11220,0,0.5603876974189805
11221,0,0.37471113013181806
11222,1,0.47651757797605426
11223,0,0.31181648074664026
11224,0,0.21889358208892515
11225,0,0.30132639032894787
11226,1,0.7174290616727438
11227,0,0.0440322999488016
11228,0,0.13985972176083256
11229,0,0.02825843221093709
11230,1,0.4415018967232415
11231,0,0.36548103917871355
11232,0,0.3027269505530375
11233,0,0.6177894776746442
11234,0,0.624893901418578
11235,0,0.439329954472468
11236,1,0.46013325522874754
11237,0,0.0588489931816664
11238,0,0.020592820151580375
11239,0,0.2520851339115231
11240,1,0.6994403985465115
11241,0,0.3531393010597556
11242,0,0.05715407792742911
11243,0,0.3421537399798269
11244,1,0.598382247687285
11245,1,0.7669556217916874
11246,0,0.04148770794784393
11247,0,0.11627441235517595
11248,0,0.26017107815110035
11249,0,0.0004208754208754209
11250,0,0.0009602497466575137
11251,0,0.15242896199450637
11252,1,0.2688936667197537
11253,0,0.06539503472536241
11254,0,0.0020081770081770084
11255,0,0.00480136896126056
11256,0,0.05146354563394704
11257,1,0.6683898107401277
11258,1,0.4056294627226436
11259,0,0.1304558566226888
11260,1,0.8567526886492404
11261,1,0.7988744508488669
11262,1,0.665252645039912
11263,0,0.4032880459151646
11264,1,0.4341305584943591
11265,0,0.05146354563394704
11266,1,0.4325903450648351
11267,0,0.0
11268,1,0.4525655782632527
11269,0,0.1717634911566569
11270,0,0.06653088451526602
11271,1,0.788322908438254
11272,1,0.761405764129108
11273,0,0.43668610075720277
11274,0,0.0
11275,0,0.0009602497466575137
11276,1,0.4132954002524281
11277,0,0.002547551333959101
11278,0,0.0005393743257820928
11279,0,0.1557461751393409
11280,1,0.4917196543572186
11281,1,0.45812063474107934
11282,0,0.523919420383257
11283,1,0.7022037272477982
11284,1,0.564082992294847
11285,0,0.5391422385815875
11286,0,0.2936442829798039
11287,0,0.06653088451526602
11288,1,0.6049393388372615
11289,0,0.4637029684250331
11290,0,0.0803023553406793
11291,0,0.00480136896126056
11292,1,0.8528126583934207
11293,0,0.0440322999488016
11294,0,0.35233557733557735
11295,0,0.4576382554643425
11296,0,0.35664497198057327
11297,1,0.6232428368967046
11298,1,0.80331541218638
11299,1,0.40448216119851216
11300,1,0.6357257449914908
11301,1,0.7212711629378296
11302,0,0.08216751999395631
11303,0,0.0005393743257820928
11304,1,0.7270041686708354
11305,0,0.17991404043188772
11306,0,0.0009602497466575137
11307,0,0.5374960079135328
11308,0,0.19854042220739268
11309,0,0.00480136896126056
11310,0,0.18320354975621733
11311,1,0.3750773516423074
11312,0,0.002547551333959101
11313,0,0.5100920160601602
11314,0,0.028517917570205154
11315,0,0.0009602497466575137
11316,0,0.10035757150700401
11317,0,0.6757796404481698
11318,0,0.02935885512611856
11319,1,0.15420147689226824
11320,0,0.002547551333959101
11321,0,0.09849240685372701
11322,0,0.29459743610687
11323,0,0.15063869536313823
11324,0,0.17916156419883714
11325,1,0.7424282586076077
11326,0,0.0004208754208754209
11327,1,0.6217238783453288
11328,0,0.4039879668929542
11329,0,0.2208109973121631
11330,1,0.32733522516131214
11331,0,0.4284418653796737
11332,1,0.731589347031175
11333,0,0.04374674204821013
11334,0,0.15337024224809723
11335,0,0.1588530766749141
11336,0,0.020342883648902573
11337,0,0.003283130118318373
11338,1,0.5480475421206519
11339,0,0.1588530766749141
11340,1,0.7191434398227216
11341,1,0.46406212702978084
11342,0,0.49869745004534866
11343,0,0.5307592049527534
11344,0,0.6650051819986897
11345,0,0.4567554381994216
11346,0,0.5173929715028751
11347,0,0.4969531890133994
11348,1,0.5260868116379692
11349,0,0.0009602497466575137
11350,0,0.10338973987237228
11351,1,0.6497820785455194
11352,0,0.0019096469593224375
11353,1,0.22133736284679675
11354,0,0.16301223494020103
11355,0,0.04122724079056966
11356,1,0.7560853462995976
11357,0,0.11200292734099167
11358,1,0.4540992300614286
11359,1,0.5840165490357855
11360,0,0.4369406852654783
11361,0,0.45812063474107934
11362,0,0.0009602497466575137
11363,0,0.10746771718133948
11364,1,0.3991467881711784
11365,0,0.2796130909161318
11366,0,0.48032605377886045
11367,1,0.42842354667876287
11368,0,0.15063869536313823
11369,0,0.39731528633967655
11370,0,0.0009602497466575137
11371,0,0.04940227471187223
11372,0,0.30618137900755454
11373,0,0.0
11374,1,0.06529454622443082
11375,0,0.011440336568935354
11376,0,0.2844498251277912
11377,0,0.4846130337150707
11378,0,0.3557820447848039
11379,0,0.0
11380,0,0.6431047015840508
11381,0,0.05992209605088832
11382,0,0.39731528633967655
11383,0,0.0040657901769012884
11384,0,0.26237014638044387
11385,1,0.6069082385412333
11386,0,0.457642362364427
11387,0,0.572986665445338
11388,0,0.10694973374328216
11389,0,0.11998706702654072
11390,0,0.10560599906537566
11391,0,0.0024784885895997007
11392,0,0.5723075320867591
11393,0,0.1604420859380758
11394,0,0.0
11395,0,0.06709087481146304
11396,1,0.5868052724554967
11397,0,0.12711185077882126
11398,0,0.13564415399202298
11399,0,0.321608720085674
11400,0,0.555556935744326
11401,1,0.5086284349279454
11402,0,0.6586174344969387
11403,0,0.0009602497466575137
11404,0,0.07696822816754284
11405,0,0.08383569227720489
11406,0,0.38209977719655147
11407,1,0.5060194690564975
11408,1,0.2786513786513787
11409,1,0.13749530015240932
11410,0,0.03458683762658277
11411,0,0.3637214137214137
11412,1,0.41390147924745085
11413,1,0.4783218305078934
11414,0,0.0009602497466575137
11415,0,0.0588489931816664
11416,0,0.04100259540517158
11417,0,0.002547551333959101
11418,0,0.0
11419,0,0.01454485359714118
11420,0,0.010599399013021954
11421,0,0.002547551333959101
11422,0,0.5455409015912147
11423,1,0.5803869599787967
11424,1,0.5256681213959924
11425,0,0.29437046004842615
11426,0,0.3315293550063089
11427,0,0.5297893306150186
11428,0,0.019615370490237934
11429,0,0.01112950002733712
11430,0,0.009081160170079768
11431,0,0.3150879135648675
11432,0,0.13353805310054598
11433,0,0.6442839948435736
11434,1,0.7057333080443335
11435,0,0.23950508145069913
11436,0,0.012106949688679558
11437,0,0.05146354563394704
11438,0,0.07995126080095294
11439,1,0.35341379878730445
11440,1,0.25321063319702103
11441,0,0.2196298238962515
11442,1,0.8886116152450091
11443,0,0.3082187493671725
11444,0,0.05604393402343446
11445,0,0.26021640240204047
11446,0,0.400866116563791
11447,0,0.48224192410777267
11448,1,0.5121715672309438
11449,1,0.5795260091844139
11450,0,0.03495193714684496
11451,0,0.0040657901769012884
11452,0,0.0005393743257820928
11453,1,0.6519567056009116
11454,0,0.3243452254548029
11455,1,0.4722905236384223
11456,0,0.6727241453786456
11457,0,0.13229945486330907
11458,0,0.22929104995540386
11459,1,0.10035757150700401
11460,0,0.007505660554441042
11461,0,0.0588489931816664
11462,0,0.5003736242851465
11463,0,0.5141404669349156
11464,0,0.6003511473912567
11465,0,0.0009602497466575137
11466,0,0.4841314644719996
11467,0,0.03484604863628171
11468,1,0.7207107486993635
11469,0,0.36028624808542525
11470,0,0.4377176450929652
11471,0,0.07323006114283145
11472,0,0.5104269275742541
11473,0,0.037863868474947854
11474,0,0.003283130118318373
11475,0,0.0020081770081770084
11476,0,0.4829292888886097
11477,0,0.17804731955675349
11478,1,0.5380082766943212
11479,0,0.0004208754208754209
11480,0,0.003283130118318373
11481,0,0.11200292734099167
11482,1,0.717959762198184
11483,0,0.0009602497466575137
11484,0,0.09336158192090395
11485,0,0.19346963669493958
11486,1,0.7842413381123059
11487,1,0.23449705618296532
11488,0,0.05720173900600884
11489,0,0.0004208754208754209
11490,0,0.42875210216163745
11491,1,0.46679263843739155
11492,0,0.33915400951156044
11493,0,0.202419506242373
11494,1,0.3865268287929366
11495,0,0.21889358208892515
11496,0,0.1481469642938211
11497,0,0.09155916816731513
11498,0,0.41206773818890263
11499,1,0.7264437544323692
11500,0,0.0629872897775711
11501,0,0.0009602497466575137
11502,0,0.0
11503,1,0.457642362364427
11504,1,0.756492460840287
11505,0,0.41169126903724057
11506,1,0.44314221926338376
11507,0,0.08826248946180414
11508,0,0.003283130118318373
11509,1,0.5521615272384951
11510,0,0.08216751999395631
11511,0,0.649288926860682
11512,0,0.36028624808542525
11513,0,0.4969531890133994
11514,1,0.23432437583380974
11515,0,0.003283130118318373
11516,1,0.20113488229430257
11517,0,0.07475196897453946
11518,0,0.00480136896126056
11519,0,0.4654814070484537
11520,0,0.4530125833531185
11521,0,0.07350570775818852
11522,0,0.009081160170079768
11523,0,0.18917574745782043
11524,0,0.5792813638080138
11525,0,0.317943901247224
11526,0,0.34847468915265517
11527,0,0.03664685240108225
11528,0,0.32488731545275346
11529,1,0.5752068219434295
11530,1,0.6232428368967046
11531,0,0.16142890188691714
11532,0,0.0004208754208754209
11533,0,0.007505660554441042
11534,1,0.7150614617866223
11535,1,0.6926746530421072
11536,1,0.665252645039912
11537,1,0.33807722128617645
11538,0,0.0024784885895997007
11539,0,0.06342938157115381
11540,1,0.8438036493844115
11541,1,0.5323528629914587
11542,1,0.5742764317907308
11543,0,0.003283130118318373
11544,0,0.00480136896126056
11545,1,0.6490883602912475
11546,1,0.2998885883655423
11547,1,0.790786676554196
11548,0,0.010599399013021954
11549,1,0.6635732623854521
11550,0,0.07350570775818852
11551,0,0.4415018967232415
11552,0,0.010599399013021954
11553,0,0.1553062045821743
11554,0,0.5107293774179884
11555,0,0.49632084935666954
11556,1,0.4586670172680612
11557,1,0.8657616976582494
11558,0,0.08383569227720489
11559,0,0.16604253797050408
11560,0,0.0009602497466575137
11561,0,0.0022684075137630365
11562,0,0.31315898463593855
11563,1,0.7424282586076077
11564,0,0.03484604863628171
11565,0,0.031483756154689034
11566,0,0.0
11567,0,0.010599399013021954
11568,1,0.6189988856874967
11569,0,0.5804175249537455
11570,0,0.16667028164733513
11571,1,0.40124415814070985
11572,1,0.7037644083403617
11573,1,0.7212711629378296
11574,0,0.16614364300581963
11575,0,0.020857941083224044
11576,0,0.048873155495563286
11577,0,0.12338030549486949
11578,0,0.0
11579,0,0.10552684861875328
11580,0,0.5223030303030303
11581,0,0.08262434286457228
11582,0,0.403140207037396
11583,0,0.22929104995540386
11584,0,0.10037716515244005
11585,0,0.49992027336425676
11586,0,0.025208452510964343
11587,1,0.5207454115710997
11588,0,0.6189236496557201
11589,0,0.2540889819014567
11590,0,0.0023228803716608595
11591,1,0.3523354530914396
11592,1,0.4511874369320286
11593,0,0.0
11594,1,0.12879031566306398
11595,0,0.09707945106175747
11596,0,0.019420225604650017
11597,0,0.14574136234449295
11598,1,0.6170299859835249
11599,0,0.22929104995540386
11600,0,0.09431477447434712
11601,0,0.002547551333959101
11602,0,0.002547551333959101
11603,0,0.049768630379709765
11604,0,0.5232870807265271
11605,0,0.011440336568935354
11606,0,0.004260579779660814
11607,1,0.27147390711655867
11608,0,0.009081160170079768
11609,0,0.31315898463593855
11610,0,0.47953624961389635
11611,0,0.41487057911310243
11612,0,0.4027661819970079
11613,0,0.5260868116379692
11614,0,0.044821886322384825
11615,0,0.36880952893799174
11616,0,0.15898512112904553
11617,0,0.05220733387010418
11618,0,0.00480136896126056
11619,1,0.7022037272477982
11620,0,0.6003511473912567
11621,0,0.21105632551528075
11622,0,0.5809444134597509
11623,0,0.05038840135977235
11624,0,0.07995126080095294
11625,1,0.7055996066138054
11626,0,0.0009602497466575137
11627,0,0.592590255720759
11628,0,0.11433518129100152
11629,0,0.5667359350132779
11630,0,0.06009525439801735
11631,1,0.278576420085854
11632,0,0.020342883648902573
11633,0,0.07144443683611369
11634,0,0.042231496184001065
11635,1,0.5795260091844139
11636,0,0.1767634599550807
11637,0,0.020342883648902573
11638,0,0.43757302492220823
11639,0,0.3756356511029
11640,0,0.0005393743257820928
11641,0,0.03122220916338564
11642,0,0.15242896199450637
11643,0,0.10858558516147254
11644,0,0.0740793520205285
11645,0,0.056888210760523174
11646,0,0.5742764317907308
11647,1,0.13797640794203284
11648,0,0.016927530079098512
11649,0,0.016191951294739243
11650,1,0.5289221635733768
11651,1,0.7988744508488669
11652,1,0.30512683833579357
11653,0,0.05146354563394704
11654,0,0.13369135607508023
11655,1,0.44518476380099076
11656,0,0.05038840135977235
11657,1,0.80331541218638
11658,0,0.3734254408926898
11659,0,0.06342938157115381
11660,0,0.002547551333959101
11661,0,0.03484604863628171
11662,1,0.5475098012951866
11663,0,0.1268551049812817
11664,1,0.6489997173151322
11665,1,0.558833414901164
11666,0,0.0009602497466575137
11667,0,0.017904979740440956
11668,1,0.37792895942059856
11669,1,0.3431521642562368
11670,0,0.016927530079098512
11671,0,0.01454485359714118
11672,0,0.38055406921744866
11673,0,0.38220451070297706
11674,0,0.25124341022009306
11675,0,0.0
11676,1,0.6926746530421072
11677,1,0.7737513516908656
11678,0,0.07995126080095294
11679,0,0.11890491183988751
11680,0,0.4115330848089469
11681,0,0.38107278649895404
11682,0,0.0009602497466575137
11683,0,0.1571199564757685
11684,0,0.0004208754208754209
11685,0,0.09707945106175747
11686,1,0.7958190277155794
11687,0,0.553451293583888
11688,0,0.1579016108584604
11689,0,0.057384021773218045
11690,0,0.002547551333959101
11691,0,0.09468342330184436
11692,0,0.00480136896126056
11693,0,0.33357946739602723
11694,1,0.457642362364427
11695,1,0.6586174344969387
11696,0,0.0
11697,0,0.24441769110360023
11698,1,0.7528638322116583
11699,0,0.0009602497466575137
11700,1,0.5752068219434295
11701,0,0.23814608497974077
11702,0,0.05220733387010418
11703,0,0.14626397094128404
11704,1,0.47961436297879145
11705,0,0.010599399013021954
11706,0,0.1717634911566569
11707,0,0.00480136896126056
11708,0,0.0009602497466575137
11709,1,0.5998332516782273
11710,1,0.5469119498448122
11711,0,0.42320954447961484
11712,1,0.4743929587068601
11713,0,0.5218982953422787
11714,0,0.4322718496178212
11715,1,0.4996178235205225
11716,0,0.011576848674364397
11717,0,0.22929104995540386
11718,0,0.26116780148475677
11719,0,0.0005393743257820928
11720,0,0.23988666317535132
11721,0,0.06342938157115381
11722,0,0.16170256055687296
11723,1,0.31617638201245585
11724,0,0.3235279625523528
11725,1,0.484490131865452
11726,1,0.5572499185402412
11727,0,0.0004208754208754209
11728,0,0.6985696687731884
11729,0,0.5380082766943212
11730,0,0.0005393743257820928
11731,0,0.0
11732,0,0.33188581818885904
11733,0,0.002547551333959101
11734,0,0.0009602497466575137
11735,0,0.43419520789288235
11736,1,0.5049566026788425
11737,0,0.7532068545893441
11738,0,0.5627118776763508
11739,0,0.14168358255179667
11740,1,0.5951992215922068
11741,0,0.18658034118153433
11742,1,0.7678563359597842
11743,0,0.3401973929721333
11744,0,0.39567912073618833
11745,1,0.4525655782632527
11746,0,0.0009602497466575137
11747,0,0.026671014714979135
11748,1,0.6709191246825655
11749,0,0.07219953501258838
11750,1,0.09673673037966124
11751,0,0.1238688759821175
11752,0,0.1735097912514362
11753,1,0.6242277710818279
11754,0,0.003283130118318373
11755,0,0.3522715947388437
11756,0,0.06838268787278237
11757,0,0.18216095902313567
11758,0,0.3280828582549168
11759,0,0.029127078642895016
11760,1,0.44340807124672726
11761,0,0.411534800896503
11762,0,0.17193965432394986
11763,1,0.614900606784648
11764,0,0.4065961662351554
11765,0,0.1888397606500479
11766,0,0.3805799767308568
11767,0,0.15469198546359517
11768,1,0.7364928129955453
11769,0,0.3531393010597556
11770,1,0.39193692029155525
11771,0,0.027234479463142596
11772,1,0.7940842520609296
11773,0,0.0
11774,0,0.4567554381994216
11775,0,0.07808609614767592
11776,0,0.08134757774813081
11777,0,0.003283130118318373
11778,0,0.05146354563394704
11779,0,0.11146051902292253
11780,0,0.002547551333959101
11781,0,0.0588489931816664
11782,0,0.15001212894709812
11783,0,0.0004208754208754209
11784,0,0.37301710962331774
11785,1,0.3447325011081417
11786,0,0.3616287519747236
11787,1,0.7252354288571413
11788,0,0.0
11789,0,0.0005393743257820928
11790,0,0.4122937018173722
11791,0,0.5008820608144328
11792,0,0.3194997236042012
11793,0,0.021183821204815975
11794,1,0.9164578111946534
11795,1,0.7305977972644638
11796,0,0.5380082766943212
11797,0,0.00480136896126056
11798,0,0.0888813928987302
11799,0,0.45751123896404566
11800,0,0.2796130909161318
11801,1,0.4140612210521403
11802,1,0.4002928509905255
11803,0,0.6081433050761449
11804,0,0.04254502442948673
11805,0,0.23156357774778827
11806,1,0.5602182834458341
11807,0,0.06342938157115381
11808,0,0.07296307626226978
11809,0,0.00480136896126056
11810,0,0.0020081770081770084
11811,1,0.6346340186636327
11812,0,0.0
11813,0,0.002547551333959101
11814,0,0.2257741863438227
11815,0,0.4675645422531532
11816,0,0.4112289558626192
11817,0,0.04940227471187223
11818,0,0.00480136896126056
11819,0,0.010599399013021954
11820,0,0.01454485359714118
11821,0,0.49101169672469797
11822,0,0.003283130118318373
11823,1,0.43668610075720277
11824,0,0.4877237551632015
11825,0,0.13229945486330907
11826,0,0.32285247788567323
11827,1,0.6431744176073718
11828,1,0.36031019477956233
11829,0,0.0009602497466575137
11830,0,0.0
11831,0,0.0
11832,0,0.6407544140470383
11833,1,0.675245939673842
11834,0,0.020342883648902573
11835,0,0.46663045382159557
11836,1,0.6445425543615683
11837,0,0.05270980685029799
11838,0,0.17377655295414832
11839,0,0.043126971068147536
11840,0,0.0005393743257820928
11841,0,0.05056007969444662
11842,1,0.4198575955156491
11843,0,0.01877443293432453
11844,1,0.6221066757507984
11845,0,0.05146354563394704
11846,0,0.4675785689264676
11847,0,0.0
11848,0,0.002547551333959101
11849,0,0.0
11850,0,0.0009602497466575137
11851,0,0.026671014714979135
11852,0,0.457642362364427
11853,0,0.158257265652381
11854,1,0.7326261061629592
11855,0,0.13656231094978827
11856,1,0.7207791135013534
11857,0,0.12711185077882126
11858,0,0.0036449147560258673
11859,0,0.00480136896126056
11860,0,0.06196041905129437
11861,0,0.17864645330761775
11862,0,0.03484604863628171
11863,0,0.026671014714979135
11864,1,0.4585253456221199
11865,1,0.5951992215922068
11866,0,0.8079474872953144
11867,0,0.15759305671586374
11868,0,0.10614497013239717
11869,1,0.3880412694852529
11870,0,0.14626397094128404
11871,0,0.22227725846146898
11872,0,0.07328976564694527
11873,1,0.6804481988882567
11874,0,0.11440924770189893
11875,0,0.25481515897007895
11876,0,0.12854440021622685
11877,0,0.03484604863628171
11878,0,0.048873155495563286
11879,0,0.0009602497466575137
11880,0,0.5420828185587309
11881,0,0.22294188861985473
11882,0,0.010599399013021954
11883,0,0.32443877246271013
11884,0,0.1717634911566569
11885,0,0.02935885512611856
11886,0,0.06009525439801735
11887,0,0.5742764317907308
11888,0,0.4735060345418547
11889,1,0.818611615245009
11890,0,0.1298854080115847
11891,0,0.7212711629378296
11892,0,0.5219374340446082
11893,1,0.5035265813314299
11894,0,0.2706138702685192
11895,1,0.5093362152955362
11896,1,0.45698825577176444
11897,0,0.010599399013021954
11898,0,0.3616197758774113
11899,1,0.64601521331221
11900,1,0.4992925337646281
11901,0,0.2833991473580982
11902,0,0.04338596198540012
11903,0,0.0
11904,1,0.4922791375686488
11905,1,0.5347317975374831
11906,0,0.005778818622603001
11907,0,0.026080013661743534
11908,0,0.12757894007555412
11909,1,0.4487308107060206
11910,0,0.036361294500490776
11911,0,0.0
11912,0,0.1274021218446638
11913,0,0.40062668082754166
11914,1,0.605772077395327
11915,1,0.317943901247224
11916,0,0.043126971068147536
11917,1,0.8657616976582494
11918,0,0.003283130118318373
11919,0,0.25585933804673805
11920,1,0.7118252970787534
11921,0,0.34995390538007287
11922,0,0.00480136896126056
11923,0,0.06342938157115381
11924,0,0.2777608172941889
11925,1,0.4006493141730756
11926,0,0.0004208754208754209
11927,1,0.1557461751393409
11928,0,0.08146479956824784
11929,0,0.02510256400040109
11930,0,0.0009602497466575137
11931,0,0.43757302492220823
11932,0,0.1449484312297763
11933,1,0.6926746530421072
11934,0,0.05790909867671148
11935,1,0.4480644676489507
11936,0,0.1557461751393409
11937,1,0.5093206216331434
11938,0,0.12638399530215674
11939,0,0.29674311455991936
11940,0,0.3756356511029
11941,0,0.5380082766943212
11942,1,0.49869745004534866
11943,0,0.1136013302915566
11944,0,0.12796484396495078
11945,0,0.00586611505681161
11946,0,0.0
11947,0,0.0020576131687242796
11948,0,0.5420828185587309
11949,0,0.05678772225959159
11950,0,0.14168358255179667
11951,1,0.5880327065443488
11952,1,0.7114946223448868
11953,0,0.18658034118153433
11954,0,0.31181648074664026
11955,0,0.2456089292582159
11956,1,0.3730109289617487
11957,0,0.42594743329340484
11958,1,0.8245950124353029
11959,0,0.35137178182498746
11960,1,0.7839102849904108
11961,0,0.003283130118318373
11962,0,0.002547551333959101
11963,1,0.6865401879226765
11964,1,0.6022482893450636
11965,0,0.013026614754198994
11966,0,0.3565486152853114
11967,0,0.23544469892165285
11968,0,0.2937675192347681
11969,0,0.05345359508645512
11970,0,0.026999678727262968
11971,0,0.05270980685029799
11972,1,0.34725866899026525
11973,0,0.5971681212961787
11974,0,0.6954256395432866
11975,0,0.0
11976,0,0.07181079250395123
11977,1,0.6507031856465207
11978,0,0.04374674204821013
11979,0,0.010599399013021954
11980,1,0.6189236496557201
11981,1,0.5367006972414549
11982,1,0.7326261061629592
11983,0,0.1025738307000074
11984,0,0.0
11985,0,0.30547889178193266
11986,1,0.26969245599549685
11987,0,0.0040657901769012884
11988,0,0.40538309719754356
11989,1,0.545750184774575
11990,1,0.8495366551174174
11991,0,0.38876994543170734
11992,1,0.43757302492220823
11993,1,0.5514823938799162
11994,0,0.0009602497466575137
11995,0,0.012417786230277797
11996,1,0.3732086385019744
11997,0,0.530582419944122
11998,0,0.01724914519032166
11999,0,0.46286376663635836
12000,0,0.6069082385412333
12001,1,0.14098856570695487
12002,0,0.09000584099253739
12003,0,0.26557153725744637
12004,0,0.296201961879928
12005,1,0.553451293583888
12006,0,0.026671014714979135
12007,1,0.5035265813314299
12008,0,0.028517917570205154
12009,1,0.5043307144083612
12010,0,0.048873155495563286
12011,1,0.53611246754928
12012,0,0.37569963369963366
12013,0,0.4062297526001144
12014,0,0.04122724079056966
12015,1,0.7743812107847194
12016,0,0.0009602497466575137
12017,0,0.2572964789823881
12018,0,0.3545457875457876
12019,0,0.010599399013021954
12020,0,0.11888949859567745
12021,0,0.01877443293432453
12022,1,0.45505647112757314
12023,0,0.09155916816731513
12024,0,0.7326261061629592
12025,0,0.08075917821129526
12026,0,0.00212667591308368
12027,1,0.6668291296475641
12028,0,0.2945334535101363
12029,1,0.6431047015840508
12030,0,0.40135124745319645
12031,1,0.5459612813339176
12032,0,0.05678772225959159
12033,0,0.0005393743257820928
12034,1,0.692114238803641
12035,0,0.002547551333959101
12036,0,0.3506059811902565
12037,1,0.2282788200380964
12038,0,0.003283130118318373
12039,1,0.6246284700459949
12040,0,0.02935885512611856
12041,1,0.6803729628564802
12042,0,0.06342938157115381
12043,0,0.09821676023836995
12044,0,0.11204800311677886
12045,1,0.6208911193351028
12046,0,0.06009525439801735
12047,1,0.5406311805224033
12048,1,0.6221066757507984
12049,0,0.0
12050,0,0.1870203117387009
12051,0,0.12711185077882126
12052,0,0.08162083015024191
12053,0,0.021183821204815975
12054,1,0.309035147935423
12055,0,0.29882111644012777
12056,1,0.8495366551174174
12057,0,0.17280621290321732
12058,0,0.5355047348644708
12059,0,0.4693161746056858
12060,0,0.8395060415065619
12061,1,0.6120903816115736
12062,0,0.2219859445219494
12063,0,0.002547551333959101
12064,0,0.41013234925110703
12065,1,0.4304523530465792
12066,0,0.1582572656525144
12067,0,0.25481515897007895
12068,0,0.09010303491235695
12069,0,0.28858227179122703
12070,0,0.42144669714437155
12071,1,0.33627284427284426
12072,0,0.011576848674364397
12073,1,0.45523481258078413
12074,1,0.7427872419090219
12075,1,0.18761944548956513
12076,0,0.6450736012880226
12077,0,0.21099779959377116
12078,1,0.4867759849889968
12079,1,0.6490883602912475
12080,1,0.3999693000670048
12081,0,0.17618287331505558
12082,0,0.18390725911791495
12083,0,0.41801248900478033
12084,0,0.48332538556461585
12085,0,0.002547551333959101
12086,1,0.3803555855276441
12087,0,0.13962775408670933
12088,0,0.11876542501291397
12089,0,0.003283130118318373
12090,1,0.23837371752863754
12091,0,0.4694189602446483
12092,1,0.6286637669007749
12093,1,0.7899393438103116
12094,0,0.00274375579253628
12095,1,0.4369969769700672
12096,0,0.025208452510964343
12097,0,0.06529454622443082
12098,1,0.5960319601502725
12099,1,0.7141907320132993
12100,0,0.0024784885895997007
12101,1,0.4412775055200288
12102,0,0.04148770794784393
12103,0,0.010599399013021954
12104,0,0.08810645887981006
12105,0,0.33461056470275946
12106,0,0.02510256400040109
12107,0,0.3838514095490839
12108,0,0.2464866806948289
12109,1,0.38018923982822894
12110,1,0.6479521991453413
12111,1,0.37779416615859196
12112,0,0.0
12113,0,0.08262434286457228
12114,0,0.0704250019845995
12115,1,0.5960319601502725
12116,0,0.17482315389924086
12117,0,0.189466327066088
12118,0,0.017904979740440956
12119,1,0.6790910411878155
12120,0,0.002547551333959101
12121,0,0.08830756523759131
12122,0,0.05715407792742911
12123,1,0.7212711629378296
12124,0,0.39731528633967655
12125,1,0.6261966707857998
12126,0,0.002547551333959101
12127,0,0.0
12128,1,0.765805963962646
12129,1,0.555556935744326
12130,0,0.5664296529180414
12131,1,0.7322010890347054
12132,1,0.3544818049490539
12133,1,0.45111940917272575
12134,0,0.3730109289617487
12135,0,0.0040657901769012884
12136,0,0.6213387799656879
12137,0,0.5418055992450456
12138,0,0.5371935580697985
12139,1,0.5971681212961787
12140,0,0.304732868757259
12141,0,0.0373021125641976
12142,0,0.036361294500490776
12143,1,0.5609493728871812
12144,1,0.23940168438851495
12145,1,0.624893901418578
12146,0,0.005778818622603001
12147,1,0.46947863435968457
12148,0,0.1268551049812817
12149,0,0.2686629146625676
12150,0,0.020872984663217742
12151,0,0.05220733387010418
12152,1,0.5283298614273614
12153,0,0.00480136896126056
12154,0,0.17864645330761775
12155,0,0.4651655299137314
12156,0,0.6985696687731884
12157,1,0.818611615245009
12158,0,0.3155243062022723
12159,0,0.5367006972414549
12160,0,0.16876409633235842
12161,0,0.0009602497466575137
12162,0,0.0009602497466575137
12163,0,0.475125808569792
12164,0,0.05146354563394704
12165,0,0.38573096319821215
12166,0,0.0009602497466575137
12167,1,0.7465562720939065
12168,1,0.7212711629378296
12169,1,0.8438036493844115
12170,1,0.18154283750949174
12171,0,0.0
12172,0,0.2878281939879689
12173,0,0.00480136896126056
12174,0,0.048873155495563286
12175,0,0.0
12176,0,0.09894461571503448
12177,0,0.0020576131687242796
12178,0,0.0009602497466575137
12179,0,0.26929906997527414
12180,0,0.016927530079098512
12181,1,0.4152014652014652
12182,0,0.479850935922038
12183,0,0.0009602497466575137
12184,0,0.07181079250395123
12185,0,0.0
12186,0,0.5390536266454634
12187,0,0.3135868368919216
12188,0,0.1481469642938211
12189,0,0.04940227471187223
12190,0,0.5749755620723364
12191,0,0.0009602497466575137
12192,0,0.002547551333959101
12193,0,0.2065004471784133
12194,0,0.08072101133209071
12195,0,0.4325903450648351
12196,0,0.021183821204815975
12197,0,0.050512418615866896
12198,0,0.555556935744326
12199,0,0.026671014714979135
12200,1,0.5742764317907308
12201,0,0.5066933062584541
12202,0,0.2777608172941889
12203,0,0.0005393743257820928
12204,0,0.07719403296564267
12205,0,0.37143049848741133
12206,1,0.6284142587487095
12207,1,0.6924352036537579
12208,0,0.4919973892609281
12209,0,0.24441769110360023
12210,0,0.058042676561922246
12211,0,0.0005393743257820928
12212,0,0.49347745750184774
12213,0,0.6189988856874967
12214,0,0.45125983148997556
12215,0,0.1810730206052991
12216,0,0.13823369911256125
12217,0,0.41304161216481355
12218,1,0.3681564584225662
12219,0,0.009863820228662683
12220,0,0.5420828185587309
12221,0,0.17646229225176593
12222,0,0.01112950002733712
12223,0,0.5971681212961787
12224,0,0.26342466469231623
12225,0,0.29993742830326414
12226,1,0.6307695632090096
12227,0,0.03495193714684496
12228,0,0.026671014714979135
12229,1,0.8657616976582494
12230,0,0.5166708697066899
12231,0,0.36028624808542525
12232,0,0.3968253968253968
12233,0,0.00212667591308368
12234,0,0.0009602497466575137
12235,0,0.7899393438103116
12236,1,0.6221922911731389
12237,1,0.6755771088561491
12238,0,0.026671014714979135
12239,0,0.45751123896404566
12240,1,0.42985002994439747
12241,0,0.028517917570205154
12242,0,0.46205280340853144
12243,0,0.02510256400040109
12244,0,0.0005393743257820928
12245,0,0.005778818622603001
12246,0,0.010599399013021954
12247,1,0.6574812733510323
12248,0,0.16218676324208783
12249,0,0.521257680351888
12250,0,0.03484604863628171
12251,1,0.7426252319109462
12252,0,0.18941909516622157
12253,0,0.04816561404083084
12254,0,0.403140207037396
12255,0,0.002547551333959101
12256,0,0.010599399013021954
12257,0,0.26557153725744637
12258,0,0.15898512112904553
12259,1,0.7016603614964271
12260,0,0.8333333333333334
12261,0,0.4261586518563263
12262,1,0.5275184444652969
12263,0,0.3139409262272668
12264,0,0.04148770794784393
12265,0,0.5409140834757139
12266,1,0.02935885512611856
12267,0,0.12533505163844186
12268,0,0.05678772225959159
12269,0,0.00274375579253628
12270,0,0.037893113617433194
12271,1,0.43668610075720277
12272,1,0.2687486182580522
12273,0,0.12982929020664868
12274,0,0.0
12275,0,0.46205280340853144
12276,0,0.6189988856874967
12277,1,0.5420828185587309
12278,1,0.4469522830357589
12279,1,0.80331541218638
12280,0,0.002547551333959101
12281,0,0.5971681212961787
12282,0,0.28405395957738266
12283,0,0.0
12284,0,0.002547551333959101
12285,1,0.5723075320867591
12286,1,0.5185230931620823
12287,0,0.009081160170079768
12288,1,0.7521138762356561
12289,0,0.4525655782632527
12290,0,0.06009525439801735
12291,1,0.46406212702978084
12292,1,0.5677168096934592
12293,0,0.53611246754928
12294,0,0.11280962877393624
12295,0,0.006758279798418909
12296,0,0.6709191246825655
12297,0,0.021478724527505016
12298,0,0.08383569227720489
12299,0,0.09523455162159788
12300,1,0.5347317975374831
12301,0,0.06009525439801735
12302,0,0.10661314575287344
12303,0,0.1505066509090068
12304,0,0.00480136896126056
12305,0,0.13937100828916973
12306,0,0.07617878982180785
12307,0,0.0588489931816664
12308,0,0.0
12309,0,0.23212980394009117
12310,1,0.11036638876700307
12311,0,0.302407174872251
12312,1,0.5607429779723789
12313,0,0.5146624600952643
12314,0,0.15898512112904553
12315,0,0.06838268787278237
12316,1,0.5817251044066117
12317,0,0.011576848674364397
12318,0,0.0009602497466575137
12319,1,0.5374960079135328
12320,1,0.4169795899304096
12321,1,0.3732086385019744
12322,0,0.4802025926709663
12323,0,0.028517917570205154
12324,1,0.6271270609384985
12325,1,0.8311403508771931
12326,0,0.08934848219546304
12327,0,0.5724519949214054
12328,0,0.028517917570205154
12329,1,0.6221066757507984
12330,0,0.036361294500490776
12331,0,0.43668610075720277
12332,0,0.0588489931816664
12333,0,0.41390147924745085
12334,0,0.06768807388002435
12335,0,0.12879031566306398
12336,1,0.49515431774235025
12337,0,0.20646960572018566
12338,0,0.014604649707437654
12339,0,0.14574136234449295
12340,0,0.06529454622443082
12341,0,0.0015873015873015875
12342,0,0.5154480463877817
12343,0,0.0020081770081770084
12344,0,0.04148770794784393
12345,0,0.0
12346,0,0.26721177505971944
12347,0,0.21900325748021135
12348,0,0.00480136896126056
12349,1,0.5716156171917406
12350,0,0.05146354563394704
12351,0,0.00480136896126056
12352,0,0.020342883648902573
12353,1,0.26967787114845937
12354,0,0.19801691335604388
12355,1,0.3420897573830932
12356,0,0.2779290186069847
12357,1,0.2956386969063485
12358,0,0.42350512856421424
12359,1,0.5201453193492678
12360,1,0.5971681212961787
12361,0,0.05146354563394704
12362,0,0.6845712882187046
12363,1,0.46068592148037
12364,0,0.23100430465459323
12365,0,0.020342883648902573
12366,0,0.010599399013021954
12367,0,0.03495193714684496
12368,1,0.6554761077929987
12369,0,0.006758279798418909
12370,0,0.03664685240108225
12371,0,0.21802298033641318
12372,1,0.6189236496557201
12373,1,0.3751552715256334
12374,1,0.5132544874480359
12375,0,0.0009602497466575137
12376,1,0.5631914108289428
12377,0,0.003283130118318373
12378,0,0.11146051902292253
12379,0,0.10560599906537566
12380,0,0.12711185077882126
12381,1,0.8567526886492404
12382,0,0.3990828055744447
12383,0,0.14064588062921637
12384,0,0.0009602497466575137
12385,0,0.3577599852613294
12386,0,0.3532032836564893
12387,1,0.7679103410670232
12388,1,0.33706807554502943
12389,0,0.0
12390,1,0.3750773516423074
12391,0,0.002547551333959101
12392,1,0.23449705618296532
12393,0,0.05220733387010418
12394,1,0.5861599631757722
12395,0,0.05220733387010418
12396,1,0.28887381275440976
12397,1,0.4770575932139833
12398,1,0.7743812107847194
12399,0,0.6212739371927328
12400,0,0.24489452404944403
12401,0,0.44672330099517277
12402,0,0.028149628981552575
12403,1,0.7212711629378296
12404,0,0.43123543595750063
12405,0,0.08075917821129526
12406,1,0.17913065599283262
12407,1,0.5093362152955362
12408,1,0.31181648074664026
12409,0,0.5367006972414549
12410,1,0.6757796404481698
12411,0,0.03983171599585908
12412,0,0.18693181818181817
12413,0,0.016927530079098512
12414,0,0.457642362364427
12415,0,0.09078930583251087
12416,0,0.5951992215922068
12417,0,0.07617878982180785
12418,1,0.5166708697066899
12419,0,0.13962775408670933
12420,0,0.05345359508645512
12421,0,0.4511601163670334
12422,0,0.0040657901769012884
12423,0,0.2796130909161318
12424,0,0.10560599906537566
12425,0,0.0990270516969546
12426,0,0.4394166121648136
12427,1,0.29876308908004434
12428,0,0.12185798688940126
12429,0,0.37273840073902503
12430,1,0.818611615245009
12431,0,0.0
12432,0,0.6784792991842848
12433,1,0.3902918586279873
12434,0,0.0004208754208754209
12435,0,0.0025475513339595166
12436,0,0.0009602497466575137
12437,0,0.5315758630634375
12438,0,0.0
12439,1,0.43757302492220823
12440,0,0.530161353502379
12441,0,0.5367006972414549
12442,0,0.1757260504444396
12443,0,0.5166708697066899
12444,0,0.0
12445,0,0.06009525439801735
12446,0,0.15337024224809723
12447,1,0.5752068219434295
12448,1,0.6924352036537579
12449,0,0.1818984923034123
12450,1,0.48479487415657624
12451,0,0.002547551333959101
12452,0,0.008345581385720497
12453,1,0.494147958327559
12454,0,0.1556450701040253
12455,1,0.7545954339432601
12456,0,0.0635298700720854
12457,1,0.8657616976582494
12458,1,0.6962042338386425
12459,1,0.4959799687269671
12460,1,0.4496169175428821
12461,0,0.003283130118318373
12462,0,0.17618287331505558
12463,0,0.26465525372571214
12464,0,0.05038840135977235
12465,0,0.020342883648902573
12466,1,0.7049755620723364
12467,0,0.2279762496621588
12468,0,0.13120815506052702
12469,1,0.19094157495187244
12470,0,0.01005860983142221
12471,0,0.028517917570205154
12472,1,0.7521138762356561
12473,0,0.044821886322384825
12474,0,0.47758057640626445
12475,0,0.2540889819014567
12476,0,0.07572196695119189
12477,0,0.12366289997530348
12478,0,0.393832141805232
12479,0,0.0
12480,0,0.012644745891546181
12481,1,0.7271661786689109
12482,1,0.5121715672309438
12483,1,0.4906747102510729
12484,1,0.54067001672569
12485,1,0.3888788663802105
12486,0,0.016520615307023073
12487,0,0.010599399013021954
12488,0,0.4567638645685517
12489,0,0.03122220916338564
12490,0,0.044821886322384825
12491,0,0.1076139326522566
12492,0,0.01538579115305458
12493,0,0.026671014714979135
12494,0,0.1818984923034123
12495,0,0.5477450922769176
12496,0,0.5704830952174336
12497,0,0.003283130118318373
12498,0,0.36332909486463577
12499,1,0.16516336548552893
12500,0,0.003319426145513102
12501,0,0.3015511414986836
12502,0,0.048873155495563286
12503,0,0.0934617812882176
12504,0,0.0888813928987302
12505,0,0.12879031566306398
12506,0,0.6003511473912567
12507,0,0.011440336568935354
12508,0,0.1634170653907496
12509,1,0.34440280404179324
12510,0,0.11395242483128294
12511,1,0.5031078910894531
12512,0,0.044821886322384825
12513,1,0.4841314644719996
12514,0,0.23837371752863754
12515,0,0.1076139326522566
12516,0,0.02510256400040109
12517,0,0.0009602497466575137
12518,0,0.005778818622603001
12519,0,0.5575258354482978
12520,0,0.08075917821129526
12521,0,0.15898512112904553
12522,0,0.12524668612554424
12523,0,0.00480136896126056
12524,1,0.47512580856977776
12525,0,0.03664685240108225
12526,0,0.009863820228662683
12527,1,0.12899189586752363
12528,0,0.020342883648902573
12529,0,0.0009602497466575137
12530,0,0.2806809598358799
12531,1,0.7217432950191571
12532,0,0.0
12533,0,0.02935885512611856
12534,1,0.46013325522874754
12535,0,0.39645808343329336
12536,0,0.7501849007225351
12537,0,0.4745375788776171
12538,0,0.010599399013021954
12539,0,0.17150102443693357
12540,1,0.605772077395327
12541,1,0.17743105446460775
12542,0,0.6507069391445687
12543,0,0.3077185006908232
12544,0,0.0
12545,1,0.4027661819970079
12546,0,0.026671014714979135
12547,0,0.0803023553406793
12548,0,0.26116780148475677
12549,0,0.43078861201518065
12550,0,0.4055974129433845
12551,0,0.07323006114283145
12552,0,0.37569963369963366
12553,1,0.5723075320867591
12554,0,0.02935885512611856
12555,0,0.06838268787278237
12556,0,0.34837658690034834
12557,0,0.0079435655736265
12558,0,0.3695304330541944
12559,0,0.2518634949442572
12560,1,0.6221922911731389
12561,0,0.3608811188811189
12562,0,0.026671014714979135
12563,1,0.5820476493318137
12564,0,0.013303690606202435
12565,0,0.29541180221457203
12566,0,0.0004208754208754209
12567,1,0.5960319601502725
12568,1,0.670843888650789
12569,1,0.6357257449914908
12570,0,0.02856926875253533
12571,1,0.17867388597279357
12572,0,0.35233557733557735
12573,0,0.4325903450648351
12574,0,0.31898737446644704
12575,1,0.4415018967232415
12576,0,0.0
12577,1,0.4862398514819124
12578,0,0.22221571155123243
12579,0,0.30515883257519544
12580,0,0.1514698121677075
12581,0,0.5011369890046921
12582,1,0.7553522058951004
12583,0,0.012106949688679558
12584,0,0.5427455853072157
12585,0,0.0
12586,1,0.80331541218638
12587,1,0.6431744176073718
12588,1,0.3484107065559215
12589,0,0.00480136896126056
12590,0,0.10116548891734635
12591,1,0.49380818955641637
12592,1,0.7485356873901766
12593,1,0.7621773353340174
12594,1,0.6436677750110585
12595,0,0.4058649232108948
12596,1,0.4807499454981469
12597,0,0.10035757150700401
12598,0,0.23837371752863754
12599,0,0.19801691335604388
12600,0,0.7011586452762923
12601,0,0.34527660973686336
12602,1,0.6022482893450636
12603,0,0.10536126802942947
12604,1,0.5627118776763508
12605,0,0.07366069602911708
12606,1,0.16542441645686015
12607,0,0.029127078642895016
12608,0,0.0004208754208754209
12609,0,0.2206283216836463
12610,0,0.670843888650789
12611,0,0.26465525372571214
12612,0,0.022771238700773935
12613,0,0.14126400214286028
12614,0,0.04300295381205299
12615,1,0.4742611003822648
12616,0,0.26096958615635424
12617,1,0.43123543595750063
12618,0,0.522013481116512
12619,1,0.2676939468488669
12620,0,0.11280962877393624
12621,0,0.3131811870878168
12622,0,0.09707945106175747
12623,1,0.7612226160586818
12624,0,0.27969653784175286
12625,0,0.18939816312636504
12626,1,0.16459894475874695
12627,0,0.2232331889483842
12628,0,0.0803023553406793
12629,0,0.11224783928411523
12630,0,0.5049566026788425
12631,1,0.162939114530503
12632,1,0.5237723122509513
12633,0,0.4802025926709663
12634,1,0.6490883602912475
12635,0,0.3095974754813167
12636,0,0.38668519477956237
12637,1,0.7048100001693564
12638,0,0.09849240685372701
12639,0,0.00480136896126056
12640,1,0.8479729729729729
12641,1,0.6223986860879412
12642,0,0.5127015431190679
12643,0,0.5625007811170081
12644,0,0.00480136896126056
12645,0,0.3490928728964621
12646,0,0.6261966707857998
12647,0,0.010599399013021954
12648,1,0.31887942430559185
12649,0,0.3180078838439577
12650,0,0.3307319147459039
12651,0,0.09707945106175747
12652,0,0.3564107338779828
12653,0,0.018442775943307576
12654,0,0.45701002270769714
12655,0,0.3531393010597556
12656,0,0.479850935922038
12657,0,0.3226826723216615
12658,0,0.6287390029325514
12659,0,0.0
12660,0,0.3571069147459039
12661,1,0.4784037213999171
12662,0,0.11063504732480932
12663,0,0.202419506242373
12664,0,0.27694461276781246
12665,0,0.6132959860429845
12666,1,0.46490244449428125
12667,1,0.7212711629378296
12668,0,0.0
12669,1,0.7713965831292006
12670,0,0.0
12671,0,0.11200292734099167
12672,0,0.7366952528746019
12673,1,0.7328991844019166
12674,1,0.6053715325789569
12675,1,0.6703587104440994
12676,0,0.6735948751519686
12677,1,0.7723513024045362
12678,0,0.0009602497466575137
12679,0,0.532983705565608
12680,1,0.6053715325789569
12681,0,0.3722973296433012
12682,0,0.3644065297525014
12683,1,0.790786676554196
12684,0,0.41994136992395625
12685,0,0.36322150169845563
12686,1,0.765805963962646
12687,0,0.05220733387010418
12688,0,0.0009602497466575137
12689,0,0.42320954447961484
12690,1,0.7141907320132993
12691,1,0.5212290333428763
12692,0,0.4742611003822648
12693,0,0.06342938157115381
12694,0,0.0004208754208754209
12695,0,0.01454485359714118
12696,0,0.11508973400789545
12697,0,0.01005860983142221
12698,0,0.00480136896126056
12699,0,0.08826248946180414
12700,0,0.0004208754208754209
12701,0,0.026671014714979135
12702,0,0.0024784885895997007
12703,1,0.5685735321462185
12704,0,0.24489452404944403
12705,0,0.003283130118318373
12706,0,0.0440322999488016
12707,0,0.5166313597992361
12708,0,0.12209610564873723
12709,0,0.2279762496621588
12710,0,0.5804175249537455
12711,0,0.588575496717534
12712,0,0.36409179056237884
12713,1,0.6727241453786456
12714,0,0.03653935464280292
12715,0,0.05289098447356232
12716,0,0.05790909867671148
12717,0,0.07475196897453946
12718,0,0.042231496184001065
12719,1,0.11395242483128294
12720,1,0.37792895942059856
12721,1,0.24669757362813818
12722,0,0.1341646195165861
12723,0,0.013303690606202435
12724,0,0.43757302492220823
12725,0,0.007505660554441042
12726,0,0.4412775055200288
12727,0,0.19429510839305278
12728,0,0.0
12729,1,0.7212711629378296
12730,0,0.12199500061342167
12731,0,0.08514984761477841
12732,0,0.0588489931816664
12733,1,0.41412587045066357
12734,0,0.0005393743257820928
12735,0,0.5971681212961787
12736,0,0.0024784885895997007
12737,0,0.02510256400040109
12738,0,0.06653088451526602
12739,1,0.6069082385412333
12740,1,0.4341305584943591
12741,1,0.1553062045821743
12742,0,0.2214537933817595
12743,0,0.12445431994102789
12744,0,0.2563607390219034
12745,0,0.250770333618278
12746,0,0.38674917737629605
12747,0,0.25481515897007895
12748,0,0.21023085381716755
12749,1,0.5612225111249709
12750,1,0.6189236496557201
12751,1,0.4039879668929542
12752,0,0.06071415783494341
12753,0,0.00212667591308368
12754,1,0.49187640491222506
12755,0,0.6642283490644146
12756,0,0.4030763267740012
12757,0,0.0
12758,0,0.17682809639058927
12759,1,0.32356102102609713
12760,1,0.8209663838066742
12761,1,0.9300144300144301
12762,0,0.03495193714684496
12763,0,0.06342938157115381
12764,0,0.0
12765,0,0.2066964242494651
12766,0,0.3412928624041714
12767,0,0.049768630379709765
12768,1,0.45707012355115834
12769,1,0.5955928810460682
12770,1,0.7567302391644253
12771,0,0.12524668612554424
12772,0,0.21216039898546482
12773,1,0.3338761140489274
12774,0,0.0004208754208754209
12775,0,0.4602238841265831
12776,1,0.49013879923300685
12777,1,0.8359800362976406
12778,0,0.10934208358151322
12779,0,0.03122220916338564
12780,0,0.01877443293432453
12781,0,0.564082992294847
12782,0,0.49101169672469797
12783,0,0.003283130118318373
12784,0,0.0650191418969989
12785,0,0.03632466290285515
12786,1,0.4172792962767767
12787,0,0.598382247687285
12788,1,0.4386056489369867
12789,0,0.0004208754208754209
12790,0,0.1818984923034123
12791,0,0.0009602497466575137
12792,0,0.05604393402343446
12793,0,0.48258144732964875
12794,1,0.811706885791554
12795,0,0.0004208754208754209
12796,1,0.4461328177606277
12797,1,0.5849469391884843
12798,0,0.3259886074757556
12799,1,0.6873162401080496
12800,1,0.6966646905835367
12801,1,0.3734254408926898
12802,0,0.10699581113861271
12803,0,0.6346340186636327
12804,1,0.6921697722811745
12805,0,0.006619756178516403
12806,1,0.5367006972414549
12807,0,0.00480136896126056
12808,1,0.18154283750949174
12809,1,0.6735948751519686
12810,0,0.4262878758661473
12811,0,0.4713368132360099
12812,0,0.03600051443768077
12813,1,0.3544818049490539
12814,0,0.08810645887981006
12815,1,0.6343685872910495
12816,0,0.0009602497466575137
12817,1,0.43757302492220823
12818,0,0.020342883648902573
12819,0,0.33587897680981865
12820,0,0.2456089292582159
12821,1,0.6298780474396779
12822,0,0.4122025121756024
12823,0,0.4822789974859145
12824,0,0.35307618085092124
12825,0,0.10035757150700401
12826,0,0.27265179703722286
12827,0,0.0004208754208754209
12828,0,0.02510256400040109
12829,0,0.0005393743257820928
12830,1,0.8124352161228933
12831,0,0.1613126334119762
12832,1,0.8429563166405272
12833,0,0.33019448752030717
12834,0,0.6189236496557201
12835,0,0.0
12836,0,0.1557461751393409
12837,1,0.34190403092842114
12838,0,0.40696426979224926
12839,0,0.026671014714979135
12840,0,0.09739128854025673
12841,1,0.4719280518187093
12842,1,0.7274888364038752
12843,0,0.21802298033641318
12844,0,0.010599399013021954
12845,0,0.002547551333959101
12846,0,0.0004208754208754209
12847,0,0.0004208754208754209
12848,0,0.38762377685034544
12849,0,0.2768830658575759
12850,1,0.5320667844056196
12851,1,0.42049765952204976
12852,0,0.5971681212961787
12853,0,0.0635298700720854
12854,1,0.4051195477466664
12855,0,0.021183821204815975
12856,1,0.5795260091844139
12857,0,0.3769811676082863
12858,0,0.11876542501291397
12859,0,0.010599399013021954
12860,0,0.0
12861,0,0.4848872652366237
12862,1,0.5840165490357855
12863,0,0.26969245599549685
12864,0,0.2777608172941889
12865,1,0.4580281018624619
12866,0,0.036361294500490776
12867,1,0.5024992125768594
12868,0,0.003283130118318373
12869,0,0.6765487090410639
12870,0,0.003283130118318373
12871,0,0.013303690606202435
12872,1,0.788765004181832
12873,0,0.4943311727486976
12874,0,0.4743183864255606
12875,0,0.30361612108337
12876,0,0.003283130118318373
12877,0,0.4735060345418547
12878,0,0.01112950002733712
12879,1,0.26969245599549685
12880,1,0.5960319601502725
12881,0,0.4302016866933258
12882,0,0.1305909603943135
12883,1,0.6003511473912567
12884,0,0.3315293550063089
12885,0,0.05270980685029799
12886,1,0.475125808569792
12887,1,0.5795260091844139
12888,0,0.44641291890134654
12889,0,0.08383569227720489
12890,0,0.0
12891,1,0.4487308107060206
12892,0,0.010599399013021954
12893,1,0.43065207558988394
12894,1,0.6139384797641678
12895,1,0.32201720829912356
12896,1,0.7822048238714906
12897,0,0.01454485359714118
12898,0,0.02510256400040109
12899,0,0.01877443293432453
12900,0,0.12638399530215674
12901,0,0.27596900512392514
12902,0,0.0009602497466575137
12903,0,0.0005393743257820928
12904,0,0.5004722659117123
12905,0,0.002547551333959101
12906,0,0.0
12907,0,0.05146354563394704
12908,1,0.1136013302915566
12909,1,0.43757302492220823
12910,0,0.003283130118318373
12911,0,0.2279436152570481
12912,1,0.548728288219441
12913,1,0.7271661786689109
12914,0,0.00274375579253628
12915,0,0.0040657901769012884
12916,0,0.017904979740440956
12917,0,0.003283130118318373
12918,0,0.09185074754216478
12919,0,0.43249624082103394
12920,0,0.2214537933817595
12921,0,0.0
12922,1,0.8446969696969697
12923,1,0.42358468916262754
12924,0,0.18917574745782043
12925,0,0.0005393743257820928
12926,1,0.011440336568935354
12927,0,0.026080013661743534
12928,0,0.0020081770081770084
12929,0,0.12213363350475832
12930,0,0.013303690606202435
12931,1,0.5093362152955362
12932,0,0.010599399013021954
12933,1,0.05146354563394704
12934,0,0.555556935744326
12935,0,0.009081160170079768
12936,0,0.028517917570205154
12937,0,0.002547551333959101
12938,0,0.00274375579253628
12939,1,0.5380082766943212
12940,0,0.15420147689226824
12941,0,0.3098126327567067
12942,0,0.027595259525952598
12943,1,0.6053715325789569
12944,0,0.7553137750946882
12945,0,0.003283130118318373
12946,0,0.4347630853472135
12947,1,0.7993289083514648
12948,0,0.2520851339115231
12949,0,0.3170770558173492
12950,0,0.04374674204821013
12951,0,0.6509686170191039
12952,0,0.013026614754198994
12953,0,0.26375713658322353
12954,0,0.05457497150357501
12955,0,0.5710604313552126
12956,0,0.010599399013021954
12957,0,0.13229945486330907
12958,0,0.06784221525600836
12959,0,0.4487355940251052
12960,1,0.2961379792831943
12961,1,0.5320667844056196
12962,0,0.042231496184001065
12963,0,0.002547551333959101
12964,0,0.0009602497466575137
12965,0,0.00274375579253628
12966,0,0.27969653784175286
12967,1,0.1473997493734336
12968,1,0.6926746530421072
12969,1,0.7427872419090219
12970,0,0.026903367765201625
12971,1,0.577557109480442
12972,1,0.8489290755624693
12973,0,0.07323006114283145
12974,1,0.6585906595922698
12975,0,0.3616287519747236
12976,0,0.028517917570205154
12977,1,0.5723075320867591
12978,1,0.7522892778269122
12979,0,0.6944062547737088
12980,0,0.23608921282835016
12981,0,0.555556935744326
12982,0,0.0005393743257820928
12983,0,0.1717634911566569
12984,0,0.07719403296564267
12985,0,0.0440322999488016
12986,1,0.49367633123182103
12987,0,0.03174422331196331
12988,0,0.3787093105899076
12989,0,0.06811030966297725
12990,1,0.7024365579246178
12991,0,0.5107293774179884
12992,0,0.0
12993,1,0.3060052459916338
12994,0,0.020342883648902573
12995,1,0.3756356511029
12996,0,0.42073723551868075
12997,0,0.16873318812635388
12998,0,0.0004208754208754209
12999,1,0.7896432907234164
13000,0,0.13797640794203284
13001,0,0.0009602497466575137
13002,0,0.07883339282081986
13003,0,0.19801691335604388
13004,1,0.6926746530421072
13005,1,0.48258144732964875
13006,0,0.0005393743257820928
13007,1,0.82669938953968
13008,1,0.80331541218638
13009,0,0.325789616475521
13010,0,0.002547551333959101
13011,0,0.04148770794784393
13012,0,0.38641037350714774
13013,0,0.8084376481744903
13014,0,0.30547889178193266
13015,1,0.5380082766943212
13016,0,0.12346988698516485
13017,0,0.7207107486993635
13018,1,0.7520161995879547
13019,0,0.09707945106175747
13020,0,0.034056462262698484
13021,0,0.0
13022,0,0.036361294500490776
13023,0,0.4394166121648136
13024,1,0.7334968359362822
13025,0,0.42714002776056326
13026,0,0.05699409927108643
13027,0,0.002547551333959101
13028,1,0.624893901418578
13029,1,0.4373486337189955
13030,0,0.003283130118318373
13031,0,0.14064588062921637
13032,0,0.0009602497466575137
13033,0,0.4539248902738609
13034,0,0.0005393743257820928
13035,0,0.6709191246825655
13036,1,0.577557109480442
13037,0,0.10560599906537566
13038,1,0.6407544140470383
13039,0,0.01724914519032166
13040,0,0.17991404043188772
13041,0,0.026671014714979135
13042,0,0.3082187493671725
13043,1,0.7150614617866223
13044,0,0.535826928883024
13045,1,0.48258144732964875
13046,1,0.4217376093294461
13047,0,0.03600051443768077
13048,0,0.21281697410885178
13049,1,0.15502694859038144
13050,0,0.07350570775820753
13051,1,0.29322266322343354
13052,0,0.00480136896126056
13053,0,0.016927530079098512
13054,0,0.49367633123182103
13055,0,0.8438036493844115
13056,0,0.027728331196621925
13057,0,0.0036449147560258673
13058,0,0.012644745891546181
13059,0,0.3532032836564893
13060,0,0.558833414901164
13061,1,0.7545954339432601
13062,0,0.360618881395788
13063,0,0.31108203009280816
13064,0,0.150496331632313
13065,1,0.8311403508771931
13066,1,0.3043289192764614
13067,0,0.28643395211194284
13068,0,0.00274375579253628
13069,0,0.22502622570242983
13070,1,0.5951992215922068
13071,0,0.17150102443693357
13072,0,0.4051195477466664
13073,0,0.13873096065892676
13074,0,0.2842928612234258
13075,0,0.03972903312822487
13076,0,0.10792454005195545
13077,0,0.2058709525513519
13078,1,0.6077328998013666
13079,0,0.31916839199447894
13080,0,0.08997162353308708
13081,1,0.5054381719219135
13082,0,0.3751552715256334
13083,0,0.0004208754208754209
13084,0,0.03495193714684496
13085,0,0.0
13086,0,0.0020576131687242796
13087,0,0.0009602497466575137
13088,1,0.12399879815803534
13089,0,0.18556445461479787
13090,1,0.7024365579246178
13091,0,0.026671014714979135
13092,1,0.42528365623447595
13093,0,0.3380433292197998
13094,0,0.11280962877393624
13095,0,0.08706130402124036
13096,0,0.07645024472948554
13097,0,0.26929906997527414
13098,0,0.0004208754208754209
13099,0,0.20469257625953152
13100,1,0.5420828185587309
13101,0,0.0536172764433634
13102,0,0.11200292734099167
13103,0,0.05678772225959159
13104,1,0.09849240685372701
13105,0,0.243972816399287
13106,0,0.13854553659105653
13107,0,0.0588489931816664
13108,1,0.6366561351441895
13109,0,0.0
13110,0,0.18761944548956513
13111,1,0.7300373830259979
13112,0,0.28596573343080955
13113,0,0.03860765671110499
13114,0,0.04172006099806643
13115,0,0.44361654381756965
13116,1,0.4470162656324926
13117,1,0.790786676554196
13118,0,0.40554693166809613
13119,0,0.025416092245886753
13120,0,0.0
13121,0,0.40521431879225717
13122,1,0.5429319357197668
13123,0,0.5137466563396406
13124,0,0.28684348486742256
13125,0,0.18979386897146436
13126,1,0.7773799803194942
13127,1,0.6926746530421072
13128,0,0.5951992215922068
13129,0,0.11080184435447593
13130,0,0.00011176349332150465
13131,1,0.3849176755447942
13132,0,0.3594002230636025
13133,0,0.5219795116189423
13134,0,0.026671014714979135
13135,0,0.0005393743257820928
13136,0,0.04940227471187223
13137,0,0.49515431774235025
13138,0,0.002547551333959101
13139,0,0.06342938157115381
13140,0,0.10699581113861271
13141,0,0.22929104995540386
13142,0,0.7485202476420275
13143,0,0.1579016108584604
13144,0,0.08969400351403811
13145,0,0.3963203660442589
13146,0,0.009081160170079768
13147,0,0.4046083046083046
13148,0,0.26229330077025464
13149,0,0.04148770794784393
13150,0,0.00480136896126056
13151,0,0.009863820228662683
13152,1,0.8567526886492404
13153,1,0.3544818049490539
13154,1,0.5804175249537455
13155,0,0.2779290186069847
13156,0,0.01454485359714118
13157,1,0.5514823938799162
13158,0,0.06529454622443082
13159,1,0.7030690271751402
13160,0,0.08873302529585016
13161,1,0.5840165490357855
13162,0,0.00480136896126056
13163,0,0.044821886322384825
13164,1,0.2768830658575759
13165,0,0.158257265652381
13166,0,0.1378509549463299
13167,1,0.5514823938799162
13168,0,0.0
13169,0,0.12182492541977531
13170,1,0.6053836878231342
13171,1,0.3128538383125539
13172,0,0.00480136896126056
13173,0,0.6714599397600002
13174,0,0.002547551333959101
13175,0,0.0
13176,1,0.5183756308959865
13177,0,0.05345359508645512
13178,1,0.905444237340789
13179,0,0.06838268787278237
13180,0,0.40436960846850134
13181,0,0.37386813186813184
13182,0,0.2456089292582159
13183,1,0.2279762496621588
13184,0,0.0588489931816664
13185,0,0.026671014714979135
13186,1,0.717322396347142
13187,1,0.5066933062584541
13188,0,0.034056462262698484
13189,1,0.670843888650789
13190,0,0.010704757784576085
13191,0,0.5052289152765091
13192,1,0.48332538556461585
13193,0,0.0040657901769012884
13194,0,0.4802025926709663
13195,0,0.15420147689226824
13196,0,0.259494929277373
13197,0,0.06009525439801735
13198,1,0.5276999698243402
13199,0,0.09009556964860445
13200,0,0.0
13201,0,0.020342883648902573
13202,1,0.5514823938799162
13203,0,0.0
13204,0,0.09849240685372701
13205,1,0.6863432146193379
13206,1,0.46286376663635836
13207,0,0.3155243062022723
13208,0,0.009863820228662683
13209,0,0.0588489931816664
13210,1,0.4943311727486976
13211,0,0.010599399013021954
13212,0,0.010599399013021954
13213,0,0.12926070693060984
13214,0,0.08913303693570451
13215,0,0.0
13216,1,0.7274888364038752
13217,1,0.5153161880631866
13218,0,0.0
13219,0,0.06504511593629446
13220,0,0.00480136896126056
13221,0,0.06342938157115381
13222,0,0.22929104995540386
13223,0,0.6703587104440994
13224,0,0.003283130118318373
13225,0,0.2520851339115231
13226,1,0.5477483939393758
13227,1,0.6308582750084822
13228,0,0.03484604863628171
13229,0,0.38668519477956237
13230,0,0.3545662029721886
13231,0,0.0005393743257820928
13232,1,0.40075590483736273
13233,0,0.03122220916338564
13234,0,0.06342938157115381
13235,1,0.8359800362976406
13236,1,0.7141907320132993
13237,0,0.22929104995540386
13238,0,0.5742764317907308
13239,0,0.5166708697066899
13240,0,0.379999122345094
13241,0,0.06342938157115381
13242,0,0.5701278146640352
13243,1,0.5380082766943212
13244,0,0.4176119295871395
13245,0,0.0
13246,1,0.4427944291941395
13247,1,0.6994403985465115
13248,1,0.7798411382787678
13249,0,0.020342883648902573
13250,1,0.7307948072975395
13251,1,0.38208719722965334
13252,0,0.5035265813314299
13253,0,0.17927301972365783
13254,1,0.4369969769700672
13255,0,0.12346988698516485
13256,1,0.6187615877151266
13257,0,0.10934208358151322
13258,0,0.24771136097496738
13259,0,0.0
13260,0,0.00480136896126056
13261,1,0.40675453222178115
13262,0,0.7302606712284132
13263,0,0.028517917570205154
13264,1,0.5692653296547281
13265,0,0.22929104995540386
13266,0,0.044821886322384825
13267,1,0.7828699884507507
13268,1,0.7529612089795407
13269,0,0.026671014714979135
13270,0,0.07661713362781647
13271,0,0.0
13272,0,0.41412587045066357
13273,1,0.28137483127000656
13274,0,0.03600051443768077
13275,0,0.0009602497466575137
13276,0,0.007505660554441042
13277,0,0.469410278849487
13278,0,0.0009602497466575137
13279,0,0.40918579289399615
13280,0,0.09406700673516817
13281,0,0.17913065599283262
13282,0,0.0009602497466575137
13283,0,0.4427944291941395
13284,0,0.3819224806201551
13285,0,0.20546242075110888
13286,0,0.00480136896126056
13287,0,0.18154283750949174
13288,0,0.29437046004842615
13289,1,0.35976346093993156
13290,0,0.4877335405279892
13291,0,0.15269572369721846
13292,1,0.4098646166189133
13293,1,0.6232428368967046
13294,1,0.009081160170079768
13295,0,0.0
13296,1,0.4969531890133994
13297,0,0.06009525439801735
13298,0,0.03122220916338564
13299,0,0.060046113306982875
13300,0,0.4415018967232415
13301,0,0.08460721611885967
13302,1,0.7183153453854113
13303,0,0.1425110452824934
13304,0,0.49869745004534866
13305,0,0.3819224806201551
13306,1,0.5817251044066117
13307,0,0.07617878982180785
13308,1,0.5753766315910529
13309,1,0.5978618395504506
13310,1,0.5458631327430732
13311,0,0.003283130118318373
13312,0,0.1361054880791723
13313,0,0.07831540938276256
13314,0,0.07808609614767592
13315,0,0.2058709525513519
13316,1,0.7230027646694314
13317,0,0.026671014714979135
13318,1,0.905444237340789
13319,0,0.19801691335604388
13320,1,0.5351530916810673
13321,0,0.0
13322,1,0.5367006972414549
13323,1,0.8489290755624693
13324,0,0.3403222381483251
13325,0,0.009081160170079768
13326,0,0.33310733213833993
13327,0,0.09849240685372701
13328,1,0.5367006972414549
13329,0,0.5010277308778092
13330,0,0.0004208754208754209
13331,1,0.8024680794424954
13332,0,0.09849240685372701
13333,0,0.002547551333959101
13334,0,0.002547551333959101
13335,0,0.36594624821235605
13336,0,0.14009886376583425
13337,1,0.6863432146193379
13338,0,0.3803476058148547
13339,0,0.009081160170079768
13340,0,0.008483110215783483
13341,0,0.05332871028722406
13342,1,0.650494531292093
13343,0,0.47588160933441603
13344,0,0.4307446084685013
13345,1,0.6069082385412333
13346,0,0.4121283124028345
13347,0,0.011440336568935354
13348,0,0.16938258899552427
13349,1,0.5723075320867591
13350,0,0.07661713362781647
13351,0,0.03484604863628171
13352,1,0.4873738133691789
13353,0,0.13656231094978827
13354,0,0.07350570775818852
13355,0,0.09739128854025673
13356,0,0.1571199564757685
13357,1,0.690466303949786
13358,0,0.044821886322384825
13359,1,0.3849176755447942
13360,0,0.0
13361,0,0.06811030966297725
13362,0,0.5093362152955362
13363,1,0.7141907320132993
13364,0,0.23834108312352684
13365,0,0.0803023553406793
13366,1,0.3173558080337741
13367,0,0.14223565465207622
13368,0,0.04172006099806643
13369,1,0.23690238214226222
13370,1,0.11146051902292253
13371,0,0.002547551333959101
13372,0,0.020342883648902573
13373,0,0.0
13374,1,0.4688013922453757
13375,0,0.0009602497466575137
13376,0,0.49101169672469797
13377,1,0.6727241453786456
13378,0,0.03484604863628171
13379,0,0.35271428571428576
13380,0,0.5480475421206519
13381,0,0.40536963509169976
13382,1,0.16277433988808565
13383,0,0.393832141805232
13384,0,0.25580223660064605
13385,0,0.4778644333305904
13386,0,0.25481515897007895
13387,0,0.26721177505971944
13388,1,0.45454522798921143
13389,1,0.5153161880631866
13390,0,0.2916081912471804
13391,0,0.028517917570205154
13392,1,0.6765487090410639
13393,1,0.424115931461903
13394,0,0.5237723122509513
13395,1,0.5971681212961787
13396,0,0.0005393743257820928
13397,0,0.701320655274368
13398,0,0.026671014714979135
13399,0,0.40505556514993274
13400,0,0.0043804935403851395
13401,0,0.0
13402,0,0.4394166121648136
13403,0,0.003283130118318373
13404,0,0.0005393743257820928
13405,0,0.5010277308778092
13406,0,0.028764004613625258
13407,0,0.0056423065171739605
13408,0,0.6526003276003276
13409,0,0.09997148644131122
13410,0,0.0
13411,0,0.017256194091382345
13412,0,0.31729182543704043
13413,0,0.00480136896126056
13414,0,0.05604393402343446
13415,1,0.5088978755864866
13416,1,0.49992027336425676
13417,1,0.6221066757507984
13418,0,0.44288505809197515
13419,0,0.1305909603943135
13420,0,0.3991467881711784
13421,0,0.49515431774235025
13422,0,0.10747116371865267
13423,0,0.16479270729828016
13424,0,0.3849176755447942
13425,0,0.11042999289267945
13426,0,0.0015873015873015875
13427,1,0.4119156602404533
13428,1,0.40521431879225717
13429,0,0.171145369643013
13430,1,0.6325309901581088
13431,0,0.03674430267383791
13432,1,0.2808344640434193
13433,0,0.5380082766943212
13434,0,0.2196298238962515
13435,0,0.20634076945554455
13436,0,0.5822184618102986
13437,0,0.5514823938799162
13438,1,0.37256333680586007
13439,0,0.17991404043188772
13440,0,0.0009602497466575137
13441,1,0.4032880459151646
13442,1,0.6954256395432866
13443,0,0.0024784885895997007
13444,0,0.4251249025921515
13445,0,0.3146671032958891
13446,1,0.4848872652366237
13447,0,0.45812063474107934
13448,1,0.4352935317683549
13449,0,0.6336453434016805
13450,1,0.43926597187567684
13451,0,0.07808609614767592
13452,0,0.011576848674364397
13453,0,0.07808609614767592
13454,1,0.3787093105899076
13455,0,0.012417786230277797
13456,0,0.044821886322384825
13457,0,0.3709368172068876
13458,0,0.013026614754198994
13459,1,0.89643522833178
13460,0,0.005778818622603001
13461,0,0.10303065357062337
13462,0,0.06009525439801735
13463,0,0.04606814753873578
13464,0,0.11280962877393624
13465,0,0.6189988856874967
13466,0,0.6490883602912475
13467,1,0.250770333618278
13468,0,0.008345581385720497
13469,1,0.19741777960517962
13470,0,0.3159367624137163
13471,1,0.5951992215922068
13472,0,0.6077998200071377
13473,0,0.002547551333959101
13474,0,0.20303762775601694
13475,0,0.034056462262698484
13476,1,0.4490837115520852
13477,1,0.6924352036537579
13478,1,0.4996178235205225
13479,0,0.00480136896126056
13480,0,0.11395242483128294
13481,0,0.0
13482,1,0.6450736012880226
13483,1,0.5398874244138999
13484,1,0.5742764317907308
13485,0,0.41253514548596515
13486,0,0.01005860983142221
13487,0,0.4782173341766551
13488,1,0.48515957783429037
13489,0,0.1486533033395476
13490,0,0.7587588479427397
13491,1,0.5153161880631866
13492,0,0.18390725911791495
13493,0,0.00480136896126056
13494,0,0.0015873015873015875
13495,0,0.23129837912446607
13496,0,0.2335617055691158
13497,0,0.12524668612554424
13498,1,0.8302930181333085
13499,0,0.35137178182498746
13500,1,0.7427872419090219
13501,0,0.32635643273207326
13502,0,0.3007669370699779
13503,1,0.6128696118822501
13504,1,0.6831521311990779
13505,0,0.40075590483736273
13506,0,0.016927530079098512
13507,0,0.12075466324895447
13508,1,0.379999122345094
13509,1,0.7553276003276004
13510,0,0.4239653452442389
13511,0,0.21343509562249566
13512,1,0.5960319601502725
13513,0,0.0009602497466575137
13514,1,0.5528744374009129
13515,0,0.5033947230068346
13516,1,0.8333333333333334
13517,0,0.7233993134356016
13518,0,0.5742764317907308
13519,0,0.0009602497466575137
13520,1,0.552514733312295
13521,1,0.7424282586076077
13522,0,0.0005393743257820928
13523,0,0.2118704603284756
13524,0,0.026080013661743534
13525,0,0.38668519477956237
13526,1,0.36373274483681745
13527,0,0.31624666624666625
13528,1,0.5085193022200896
13529,0,0.009081160170079768
13530,1,0.552514733312295
13531,0,0.38668519477956237
13532,0,0.18133867698544315
13533,0,0.0040657901769012884
13534,1,0.6189988856874967
13535,1,0.5537205884619266
13536,0,0.507805164050939
13537,1,0.783881947100741
13538,0,0.23757221443439105
13539,0,0.30790378401336144
13540,0,0.5488734280084683
13541,0,0.26342466469231623
13542,0,0.4122937018173722
13543,0,0.12711185077882126
13544,0,0.016927530079098512
13545,0,0.009081160170079768
13546,1,0.6307695632090096
13547,0,0.00480136896126056
13548,0,0.28684348486742256
13549,1,0.4487308107060206
13550,0,0.026080013661743534
13551,0,0.07617878982180785
13552,0,0.24168766604504435
13553,0,0.3681564584225662
13554,0,0.0020576131687242796
13555,1,0.5141404669349156
13556,0,0.002862254697442952
13557,1,0.1557461751393409
13558,1,0.838963963963964
13559,0,0.21500363293728655
13560,0,0.0009602497466575137
13561,0,0.0005393743257820928
13562,0,0.0281862605791882
13563,0,0.4044911372958245
13564,1,0.8438036493844115
13565,1,0.6431047015840508
13566,1,0.35700559602998627
13567,0,0.026671014714979135
13568,1,0.5171459875635124
13569,1,0.18216095902313567
13570,0,0.010599399013021954
13571,0,0.44418138173687155
13572,0,0.37799294201733225
13573,0,0.4303087200569215
13574,0,0.0004208754208754209
13575,0,0.03484604863628171
13576,0,0.0056423065171739605
13577,0,0.3246650011355894
13578,0,0.08810645887981006
13579,0,0.08826248946180414
13580,1,0.40675453222178115
13581,0,0.026671014714979135
13582,0,0.5612225111249709
13583,0,0.31887942430559185
13584,0,0.020342883648902573
13585,1,0.43757302492220823
13586,1,0.4456675566449279
13587,1,0.5723075320867591
13588,1,0.6765487090410639
13589,1,0.53611246754928
13590,0,0.2961379792831943
13591,0,0.049768630379709765
13592,1,0.48946317676342904
13593,0,0.0040657901769012884
13594,0,0.3557820447848039
13595,0,0.0005393743257820928
13596,1,0.30243956043956044
13597,0,0.35268320116015506
13598,0,0.13962775408670933
13599,0,0.18154283750949174
13600,0,0.04148770794784393
13601,0,0.34693093610486897
13602,1,0.5207454115710997
13603,0,0.12338030549486949
13604,0,0.013026614754198994
13605,0,0.0
13606,0,0.003283130118318373
13607,0,0.0
13608,0,0.15483133218982273
13609,0,0.020872984663217742
13610,0,0.07537087241146552
13611,1,0.4526596825070539
13612,1,0.6189988856874967
13613,1,0.44568794656413324
13614,0,0.12638399530215674
13615,1,0.4669263721919055
13616,1,0.7267310904318779
13617,0,0.044821886322384825
13618,0,0.5087479856033612
13619,1,0.4487308107060206
13620,1,0.5084015962365189
13621,0,0.020342883648902573
13622,1,0.7630377992821771
13623,0,0.08042080107683615
13624,1,0.5358422719076201
13625,0,0.03515957688176737
13626,0,0.12019349252783475
13627,0,0.4782173341766551
13628,1,0.6668291296475641
13629,0,0.0
13630,0,0.16614364300581963
13631,0,0.6072011211226411
13632,0,0.06342938157115381
13633,1,0.29333465238224227
13634,0,0.3540778831305387
13635,0,0.003283130118318373
13636,0,0.0
13637,0,0.006218905472636815
13638,0,0.003283130118318373
13639,0,0.2690759408943382
13640,0,0.1204438898971567
13641,1,0.7896432907234164
13642,1,0.7806127094836772
13643,0,0.4051195477466664
13644,0,0.034056462262698484
13645,0,0.03515957688176737
13646,1,0.3594002230636025
13647,0,0.26634280427369034
13648,0,0.3979546943250561
13649,0,0.39285706545129156
13650,0,0.3564107338779828
13651,0,0.5828590662938782
13652,0,0.577557109480442
13653,0,0.18216095902313567
13654,0,0.00480136896126056
13655,0,0.49494056852573126
13656,0,0.0009602497466575137
13657,1,0.8311403508771931
13658,0,0.0588489931816664
13659,0,0.026671014714979135
13660,1,0.5631914108289428
13661,0,0.0
13662,0,0.1978127528319953
13663,0,0.03484604863628171
13664,0,0.0803023553406793
13665,0,0.5387584892172047
13666,0,0.171145369643013
13667,0,0.010599399013021954
13668,0,0.03084882234932086
13669,1,0.788322908438254
13670,1,0.12213363350475832
13671,1,0.43249624082103394
13672,0,0.1852435125983215
13673,0,0.47359475732519485
13674,0,0.3453623744664471
13675,0,0.02639354190722919
13676,1,0.6926746530421072
13677,0,0.008276518641361095
13678,1,0.3648402450411059
13679,0,0.35240485040592345
13680,0,0.0009602497466575137
13681,1,0.7669556217916874
13682,0,0.24285783904204958
13683,0,0.026671014714979135
13684,1,0.5127015431190679
13685,0,0.0009602497466575137
13686,0,0.14682745390912152
13687,0,0.07350570775818852
13688,0,0.39178255602507933
13689,0,0.0024784885895997007
13690,0,0.21054715632301782
13691,0,0.07808609614767592
13692,1,0.6212739371927328
13693,1,0.4615712341654603
13694,1,0.4770575932139833
13695,1,0.6772235037805973
13696,0,0.4742611003822648
13697,0,0.10070866604673039
13698,0,0.0
13699,1,0.603803331839152
13700,1,0.3908594138102335
13701,0,0.003283130118318373
13702,0,0.4491149788388717
13703,0,0.171145369643013
13704,0,0.12621505735103872
13705,1,0.5812431015326127
13706,0,0.4390817921176123
13707,1,0.6189988856874967
13708,0,0.5283298614273614
13709,0,0.514839367875188
13710,0,0.42478486594125603
13711,0,0.42853439825829115
13712,0,0.5784486252497737
13713,0,0.07278791814784431
13714,0,0.38775087045066353
13715,0,0.1473997493734336
13716,1,0.5010277308778092
13717,0,0.10891366090957433
13718,0,0.733580825438295
13719,0,0.2776092429261982
13720,1,0.3724675716440422
13721,1,0.6563895470231742
13722,0,0.0005393743257820928
13723,1,0.7610606060606061
13724,0,0.2703425431944971
13725,0,0.5320667844056196
13726,0,0.2921398253487806
13727,0,0.04148770794784393
13728,0,0.0056423065171739605
13729,0,0.0009602497466575137
13730,1,0.46186773966218836
13731,0,0.3988472001950461
13732,0,0.01454485359714118
13733,0,0.3781077109266944
13734,1,0.7150614617866223
13735,0,0.0
13736,1,0.577557109480442
13737,0,0.04148770794784393
13738,0,0.010599399013021954
13739,0,0.0005393743257820928
13740,0,0.020342883648902573
13741,0,0.20821022069847403
13742,1,0.5380082766943212
13743,0,0.0005393743257820928
13744,0,0.2949141264012745
13745,0,0.31501090189384146
13746,0,0.3155243062022723
13747,0,0.04172006099806643
13748,1,0.3227049876525298
13749,0,0.00480136896126056
13750,0,0.2505175983436853
13751,0,0.5008820608144328
13752,0,0.0024784885895997007
13753,0,0.5093362152955362
13754,0,0.40999777161415735
13755,1,0.23837371752863754
13756,0,0.4370271604366957
13757,0,0.00480136896126056
13758,0,0.545750184774575
13759,1,0.6450736012880226
13760,1,0.28953117014508173
13761,0,0.3858897168405366
13762,1,0.26485050793125037
13763,0,0.08731317161566902
13764,0,0.5154480463877817
13765,1,0.5307592049527534
13766,0,0.13811342166605325
13767,1,0.5427455853072157
13768,0,0.17150102443693357
13769,0,0.07350570775818852
13770,1,0.7621773353340174
13771,1,0.45701002270769714
13772,0,0.002547551333959101
13773,0,0.0004208754208754209
13774,0,0.17682809639058927
13775,0,0.09159661663494058
13776,1,0.6635732623854521
13777,1,0.13651470146592337
13778,0,0.05146354563394704
13779,0,0.003283130118318373
13780,0,0.020342883648902573
13781,0,0.6049393388372615
13782,0,0.027728331196621925
13783,0,0.0
13784,0,0.16510219805923002
13785,0,0.07661713362781647
13786,0,0.03515957688176737
13787,0,0.025416092245886753
13788,0,0.010599399013021954
13789,0,0.010599399013021954
13790,0,0.5600852475752464
13791,0,0.12137858404674547
13792,0,0.6693509239427607
13793,0,0.514839367875188
13794,0,0.00480136896126056
13795,0,0.0009602497466575137
13796,0,0.5367006972414549
13797,1,0.17759365617382752
13798,1,0.15484938171155835
13799,1,0.6232428368967046
13800,1,0.8489290755624693
13801,1,0.6642283490644146
13802,0,0.003283130118318373
13803,1,0.38668519477956237
13804,0,0.5241294391025293
13805,0,0.15396937599896146
13806,1,0.6693509239427607
13807,0,0.023047175242083055
13808,0,0.11690026035963695
13809,0,0.0005393743257820928
13810,0,0.010393921242977848
13811,0,0.22894226580268048
13812,0,0.27600471715314023
13813,1,0.34560663833948646
13814,0,0.049768630379709765
13815,0,0.2806572699927909
13816,0,0.0440322999488016
13817,0,0.002547551333959101
13818,0,0.020342883648902573
13819,0,0.4490837115520852
13820,0,0.6240038177046051
13821,0,0.0
13822,1,0.2849109827370692
13823,0,0.0024784885895997007
13824,0,0.003283130118318373
13825,0,0.05146354563394704
13826,0,0.12899189586752363
13827,0,0.0009602497466575137
13828,1,0.8657616976582494
13829,0,0.0803023553406793
13830,1,0.49494056852573126
13831,0,0.49524685062096774
13832,1,0.24489452404944403
13833,0,0.39336854906996327
13834,0,0.09849240685372701
13835,0,0.2676939468488669
13836,1,0.4508811548367773
13837,0,0.0004208754208754209
13838,1,0.24773982056590751
13839,0,0.3420897573830932
13840,0,0.0
13841,0,0.24747138981537528
13842,0,0.5971681212961787
13843,1,0.5420828185587309
13844,1,0.4276199855237192
13845,0,0.21889358208892515
13846,0,0.6703587104440994
13847,0,0.4085221411730033
13848,0,0.0588489931816664
13849,0,0.0803023553406793
13850,0,0.023897853402944563
13851,1,0.3226826723216615
13852,0,0.0
13853,0,0.5875361248387293
13854,1,0.7715039696606517
13855,0,0.08532131299121588
13856,0,0.00480136896126056
13857,0,0.19739324212271972
13858,1,0.38453896716608577
13859,1,0.4436540266048463
13860,0,0.044821886322384825
13861,0,0.13139650216985335
13862,0,0.6854199067443608
13863,0,0.0009602497466575137
13864,0,0.21889358208892515
13865,1,0.6407544140470383
13866,1,0.8001762410953493
13867,1,0.6882717896542783
13868,1,0.3789392179636082
13869,1,0.295960526413732
13870,0,0.011576848674364397
13871,0,0.5861050679299543
13872,1,0.5201453193492678
13873,0,0.33374285838184753
13874,0,0.05270980685029799
13875,1,0.41169126903724057
13876,0,0.4469522830357589
13877,0,0.16218676324208783
13878,1,0.21004310155253547
13879,0,0.488541905516104
13880,0,0.0009602497466575137
13881,0,0.0004208754208754209
13882,0,0.3687397626775999
13883,1,0.5522832282629896
13884,0,0.0
13885,1,0.6586174344969387
13886,0,0.11627369394359684
13887,1,0.7669556217916874
13888,0,0.20395949614488995
13889,0,0.21802298033641318
13890,0,0.020342883648902573
13891,0,0.6388086328817817
13892,0,0.00480136896126056
13893,0,0.5469119498448122
13894,0,0.00480136896126056
13895,0,0.005778818622603001
13896,1,0.41390147924745085
13897,1,0.40505556514993274
13898,1,0.6391386315321407
13899,0,0.10606282193599163
13900,1,0.4172792962767767
13901,0,0.0004208754208754209
13902,0,0.2520851339115231
13903,0,0.003283130118318373
13904,0,0.42528365623447595
13905,1,0.11627441235517595
13906,0,0.1557461751393409
13907,0,0.05038840135977235
13908,0,0.09849240685372701
13909,0,0.009081160170079768
13910,0,0.03484604863628171
13911,1,0.40675453222178115
13912,0,0.4427944291941395
13913,0,0.475125808569792
13914,1,0.6217238783453288
13915,1,0.6849860569188966
13916,0,0.2777608172941889
13917,0,0.35240485040592345
13918,0,0.01112950002733712
13919,0,0.0
13920,0,0.017904979740440956
13921,1,0.5464932596028352
13922,1,0.26969245599549685
13923,0,0.05270980685029799
13924,0,0.5472688607867838
13925,0,0.00274375579253628
13926,1,0.8208045977011494
13927,0,0.03664685240108225
13928,1,0.5367006972414549
13929,0,0.5185967993879989
13930,1,0.6848240469208212
13931,1,0.21343509562249566
13932,1,0.3531393010597556
13933,0,0.002547551333959101
13934,1,0.553451293583888
13935,0,0.08969400351403811
13936,0,0.13689082598213412
13937,1,0.5121715672309438
13938,0,0.003283130118318373
13939,1,0.8324860005894488
13940,0,0.0009602497466575137
13941,0,0.049768630379709765
13942,0,0.02856926875253533
13943,0,0.11725013892196555
13944,0,0.13120815506052702
13945,0,0.12559656468787284
13946,0,0.16938258899552427
13947,0,0.043352872601120945
13948,0,0.6693509239427607
13949,1,0.6232428368967046
13950,0,0.0
13951,1,0.85675268864924
13952,0,0.11200292734099167
13953,1,0.7326261061629592
13954,0,0.4302016866933258
13955,1,0.7212711629378296
13956,0,0.0005393743257820928
13957,0,0.07350570775818852
13958,0,0.019751882595666976
13959,0,0.0
13960,0,0.0009602497466575137
13961,0,0.13166497793114298
13962,0,0.05146354563394704
13963,0,0.06838268787278237
13964,0,0.475125808569792
13965,0,0.0004208754208754209
13966,0,0.3368145752915292
13967,1,0.7352930223897965
13968,1,0.5971681212961787
13969,0,0.020342883648902573
13970,0,0.22929104995540386
13971,0,0.453548038465502
13972,1,0.7089694727522028
13973,0,0.5951992215922068
13974,0,0.0009602497466575137
13975,0,0.7900022740248304
13976,1,0.39553248469514424
13977,1,0.5175854552230194
13978,0,0.00480136896126056
13979,0,0.457642362364427
13980,0,0.23841022161917683
13981,0,0.04940227471187223
13982,0,0.09043779175019524
13983,1,0.33796791443850266
13984,1,0.7669556217916874
13985,0,0.19801691335604388
13986,0,0.04254502442948673
13987,1,0.6189988856874967
13988,0,0.0009602497466575137
13989,0,0.45454522798921143
13990,1,0.7485202476420275
13991,0,0.5148424002150366
13992,0,0.2766210809341087
13993,0,0.30724924792721403
13994,0,0.026671014714979135
13995,0,0.05220733387010418
13996,0,0.1870203117387009
13997,0,0.35549064123215857
13998,0,0.7049003260405599
13999,0,0.1076139326522566
14000,1,0.5066933062584541
14001,0,0.36533083610774275
14002,0,0.2540889819014567
14003,0,0.3007669370699779
14004,1,0.4372064019546034
14005,0,0.4049763922072181
14006,0,0.30449446978780564
14007,0,0.32988197019892546
14008,0,0.00480136896126056
14009,0,0.05146354563394704
14010,0,0.21889358208892515
14011,1,0.3571012167402059
14012,1,0.4461328177606277
14013,1,0.20262378583274107
14014,1,0.08072101133209071
14015,0,0.400866116563791
14016,1,0.44875500360508186
14017,0,0.5281980460341117
14018,0,0.47522152429350845
14019,0,0.0
14020,0,0.04300295381205299
14021,0,0.40115296849894005
14022,1,0.6586174344969387
14023,0,0.41390147924745085
14024,0,0.22284545404379755
14025,1,0.4302016866933258
14026,0,0.18154283750949174
14027,0,0.003283130118318373
14028,1,0.5302420695029623
14029,0,0.1908404699165569
14030,0,0.1852435125983215
14031,0,0.37327262109870807
14032,0,0.36135123912597944
14033,0,0.002547551333959101
14034,0,0.0009602497466575137
14035,1,0.6436677750110585
14036,0,0.010599399013021954
14037,0,0.5667359350132779
14038,1,0.7084068096874757
14039,0,0.005778818622603001
14040,0,0.03664685240108225
14041,0,0.0009602497466575137
14042,0,0.003283130118318373
14043,0,0.33696151721946377
14044,0,0.1425110452824934
14045,0,0.04148770794784393
14046,0,0.37144111926720624
14047,0,0.010599399013021954
14048,1,0.6985696687731884
14049,0,0.143673710218682
14050,0,0.457642362364427
14051,0,0.28763487562126344
14052,1,0.6956735333132021
14053,0,0.01112950002733712
14054,0,0.22929104995540386
14055,0,0.45698825577176444
14056,1,0.7485356873901766
14057,1,0.38669570779978035
14058,0,0.06009525439801735
14059,0,0.2066964242494651
14060,0,0.13229945486330907
14061,0,0.01877443293432453
14062,1,0.40608752083572225
14063,1,0.28701854880058747
14064,0,0.08826248946180414
14065,0,0.003283130118318373
14066,0,0.0
14067,0,0.026671014714979135
14068,0,0.002547551333959101
14069,0,0.31741383539385754
14070,1,0.82669938953968
14071,1,0.32326444091149975
14072,1,0.686077783246755
14073,0,0.0009602497466575137
14074,1,0.818611615245009
14075,0,0.00480136896126056
14076,0,0.20377386956334323
14077,1,0.8359800362976406
14078,0,0.555556935744326
14079,1,0.5104269275742541
14080,1,0.6303614757790007
14081,0,0.0024784885895997007
14082,0,0.13937100828916973
14083,0,0.04300295381205299
14084,0,0.7282917715244414
14085,0,0.07078339172659659
14086,0,0.6727241453786456
14087,1,0.42144669714437155
14088,1,0.6724411821893836
14089,0,0.624893901418578
14090,0,0.3109487744257283
14091,1,0.23988666317535132
14092,1,0.2532183801489434
14093,1,0.690466303949786
14094,1,0.6357257449914908
14095,0,0.13749530015240932
14096,0,0.12209610564873723
14097,1,0.5023833788418551
14098,0,0.012417786230277797
14099,0,0.06811030966297725
14100,1,0.4841314644719996
14101,0,0.34440280404179324
14102,0,0.07476863037970975
14103,1,0.28875713658322355
14104,0,0.016927530079098512
14105,0,0.2779290186069847
14106,1,0.788322908438254
14107,0,0.0004208754208754209
14108,0,0.0024784885895997007
14109,0,0.2768830658575759
14110,0,0.5150126520439352
14111,1,0.4525655782632527
14112,0,0.16459894475874695
14113,0,0.17927301972365783
14114,0,0.23042003042003043
14115,1,0.36880952893799174
14116,1,0.5289221635733768
14117,1,0.7427872419090219
14118,1,0.42866147326380183
14119,0,0.022771238700773935
14120,1,0.7141907320132993
14121,0,0.4802025926709663
14122,1,0.6849860569188966
14123,1,0.3865268287929366
14124,1,0.4567267911904098
14125,0,0.0004208754208754209
14126,0,0.0009602497466575137
14127,1,0.40681851481851483
14128,1,0.5427234335491217
14129,1,0.5308910632773487
14130,0,0.00480136896126056
14131,0,0.16873318812635388
14132,0,0.016191951294739243
14133,1,0.6418177340259106
14134,0,0.0004208754208754209
14135,1,0.2456089292582159
14136,1,0.24773982056590751
14137,0,0.0
14138,1,0.2677751937984496
14139,0,0.393832141805232
14140,0,0.13451682777319343
14141,0,0.42258736475562736
14142,0,0.22929104995540386
14143,0,0.011576848674364397
14144,0,0.0
14145,0,0.08383569227720489
14146,0,0.3819224806201551
14147,1,0.520669450659713
14148,0,0.01877443293432453
14149,1,0.6693509239427607
14150,1,0.6954256395432866
14151,0,0.27596900512392514
14152,0,0.16667028164733513
14153,1,0.6298780474396779
14154,1,0.814170653907496
14155,0,0.011440336568935354
14156,0,0.4990295938283476
14157,0,0.4065961662351554
14158,0,0.049768630379709765
14159,0,0.0
14160,0,0.002547551333959101
14161,0,0.39553248469514424
14162,0,0.457642362364427
14163,0,0.4660176288233144
14164,0,0.2973030303030303
14165,0,0.0009602497466575137
14166,0,0.002862254697442952
14167,1,0.4743929587068601
14168,1,0.8311403508771931
14169,0,0.0588489931816664
14170,0,0.06342938157115381
14171,1,0.6985696687731884
14172,1,0.4030763267740012
14173,0,0.002547551333959101
14174,1,0.7560853462995976
14175,0,0.4341305584943591
14176,1,0.48384951687506117
14177,1,0.905444237340789
14178,0,0.21054715632301782
14179,0,0.010599399013021954
14180,0,0.46205280340853144
14181,0,0.0
14182,0,0.19178634740909573
14183,0,0.09246716410884097
14184,1,0.7436708030068012
14185,0,0.0
14186,0,0.3543234389624281
14187,0,0.21900325748021135
14188,0,0.036361294500490776
14189,1,0.5795260091844139
14190,0,0.0588489931816664
14191,0,0.5185967993879989
14192,0,0.45356173677069195
14193,0,0.010599399013021954
14194,0,0.0004208754208754209
14195,1,0.2376426522012153
14196,0,0.2257741863438227
14197,0,0.042966322214417374
14198,1,0.558833414901164
14199,0,0.39608465608465604
14200,0,0.3195116271506163
14201,0,0.07645024472948554
14202,1,0.5607429779723789
14203,0,0.0
14204,0,0.49407112949269677
14205,1,0.6563895470231742
14206,0,0.025521451017440883
14207,0,0.4412775055200288
14208,1,0.3306466196491772
14209,0,0.1571199564757685
14210,0,0.0803023553406793
14211,0,0.5228073988215977
14212,1,0.4781899721832981
14213,0,0.19801691335604388
14214,0,0.6130639159316148
14215,1,0.7715039696606517
14216,0,0.42866147326380183
14217,0,0.3888788663802105
14218,0,0.05220733387010418
14219,0,0.0009602497466575137
14220,0,0.03484604863628171
14221,0,0.003283130118318373
14222,0,0.00480136896126056
14223,1,0.6170299859835249
14224,1,0.80331541218638
14225,0,0.09002740354636306
14226,0,0.18761944548956513
14227,0,0.11751571725924982
14228,0,0.8657616976582494
14229,1,0.26813229143737616
14230,0,0.17150102443693357
14231,0,0.45751123896404566
14232,0,0.4681710549068183
14233,0,0.4183930431412446
14234,0,0.1579016108584604
14235,0,0.5723075320867591
14236,1,0.6261966707857998
14237,1,0.3115609880315763
14238,0,0.036361294500490776
14239,0,0.32356102102609713
14240,1,0.3800903119868637
14241,0,0.03484604863628171
14242,0,0.04148770794784393
14243,1,0.3835171153207046
14244,0,0.665252645039912
14245,0,0.0786007121993463
14246,0,0.32817078754578755
14247,1,0.7141907320132993
14248,0,0.04148770794784393
14249,0,0.00480136896126056
14250,0,0.4490837115520852
14251,0,0.07366069602911708
14252,0,0.09293670438472419
14253,0,0.03542921073880826
14254,0,0.0009602497466575137
14255,0,0.16542441645686015
14256,1,0.7150614617866223
14257,1,0.42528365623447595
14258,0,0.5951992215922068
14259,1,0.6946360330988375
14260,0,0.009081160170079768
14261,1,0.460878508142047
14262,1,0.6296305843984557
14263,0,0.0009602497466575137
14264,0,0.5207454115710997
14265,0,0.5380082766943212
14266,0,0.46406212702978084
14267,0,0.14560931789036152
14268,0,0.38674917737629605
14269,0,0.2279436152570481
14270,0,0.03484604863628171
14271,0,0.13291757637695298
14272,0,0.5784486252497737
14273,0,0.0
14274,0,0.0009602497466575137
14275,0,0.11813885859687386
14276,0,0.3243452254548029
14277,0,0.08810645887981006
14278,0,0.26313901506957965
14279,0,0.03174422331196331
14280,0,0.5963019811380467
14281,1,0.6232428368967046
14282,0,0.46205280340853144
14283,0,0.29541180221457203
14284,0,0.051765190875117044
14285,0,0.46013325522874754
14286,1,0.1717634911566569
14287,0,0.4078202078928823
14288,0,0.07024785252605939
14289,0,0.028517917570205154
14290,0,0.01112950002733712
14291,0,0.45094580423531544
14292,0,0.00480136896126056
14293,0,0.14223565465207622
14294,0,0.5219795116189423
14295,0,0.0005393743257820928
14296,1,0.4841314644719996
14297,0,0.0040657901769012884
14298,1,0.6442839948435736
14299,0,0.002547551333959101
14300,0,0.002547551333959101
14301,0,0.002547551333959101
14302,0,0.0004208754208754209
14303,0,0.11119574983397788
14304,0,0.5636363636363636
14305,0,0.01724914519032166
14306,0,0.4030763267740012
14307,1,0.8567526886492404
14308,1,0.80331541218638
14309,1,0.2396222671007154
14310,1,0.46636751388531517
14311,0,0.0
14312,0,0.07742505103815882
14313,0,0.00480136896126056
14314,1,0.47120307948149603
14315,0,0.3109487744257283
14316,0,0.010599399013021954
14317,0,0.3920906633607338
14318,1,0.4373486337189955
14319,0,0.13689082598213412
14320,1,0.7655015673981191
14321,0,0.0005393743257820928
14322,0,0.13749530015240932
14323,1,0.8273809523809388
14324,1,0.6727241453786456
14325,0,0.21689495721191246
14326,0,0.1144725393416819
14327,0,0.303284926308864
14328,1,0.819957264957265
14329,0,0.475125808569792
14330,0,0.017256194091382345
14331,0,0.366213557069998
14332,0,0.0281862605791882
14333,0,0.037863868474947854
14334,0,0.04122724079056966
14335,0,0.4372064019546034
14336,0,0.4345032577162696
14337,1,0.6765487090410639
14338,0,0.522013481116512
14339,1,0.49101169672469797
14340,1,0.7485202476420275
14341,1,0.4528968949950715
14342,1,0.30790378401336144
14343,0,0.6177091193421038
14344,0,0.17618287331505558
14345,0,0.06838268787278237
14346,0,0.00480136896126056
14347,1,0.8624856943822462
14348,1,0.4743929587068601
14349,0,0.0009602497466575137
14350,0,0.2674457908096614
14351,0,0.021183821204815975
14352,0,0.15002522195318804
14353,0,0.017256194091382345
14354,0,0.5455409015912147
14355,0,0.003283130118318373
14356,0,0.021183821204815975
14357,1,0.8359800362976406
14358,0,0.5625007811170081
14359,1,0.8657616976582494
14360,0,0.09185074754216478
14361,1,0.44672330099517277
14362,0,0.2000073247257139
14363,0,0.1425024163547883
14364,0,0.00480136896126056
14365,1,0.4110188437436671
14366,1,0.2787347422116961
14367,0,0.6735948751519686
14368,0,0.00480136896126056
14369,0,0.0056423065171739605
14370,0,0.002547551333959101
14371,0,0.46205280340853144
14372,0,0.18285922052738193
14373,0,0.26317164947469035
14374,0,0.020872984663217742
14375,1,0.4770575932139833
14376,0,0.008345581385720497
14377,0,0.0
14378,1,0.788322908438254
14379,0,0.008345581385720497
14380,0,0.0005393743257820928
14381,0,0.0748282409155468
14382,0,0.08873302529585016
14383,1,0.2953424049000881
14384,1,0.5742764317907308
14385,0,0.24168766604504435
14386,1,0.20303762775601694
14387,0,0.037893113617433194
14388,1,0.5723075320867591
14389,1,0.6490883602912475
14390,1,0.3681564584225662
14391,0,0.009081160170079768
14392,1,0.6790910411878155
14393,0,0.023047175242083055
14394,0,0.0004208754208754209
14395,0,0.032095083565671804
14396,0,0.03860765671110499
14397,1,0.6554761077929987
14398,0,0.5341435678453083
14399,1,0.6079907275670902
14400,0,0.25186997663613314
14401,1,0.7630377992821771
14402,1,0.14938898760947408
14403,0,0.39407000407000403
14404,0,0.10462833810960918
14405,0,0.036361294500490776
14406,0,0.03664685240108225
14407,0,0.5483890089297666
14408,0,0.3060052459916338
14409,0,0.14331702830385887
14410,0,0.026671014714979135
14411,1,0.6938644618939281
14412,1,0.7612226160586818
14413,0,0.39400602147327035
14414,0,0.13811342166605325
14415,0,0.07032656885598061
14416,1,0.7560853462995976
14417,0,0.12346988698516485
14418,0,0.020342883648902573
14419,0,0.0
14420,1,0.6848240469208212
14421,0,0.00274375579253628
14422,0,0.10560599906537566
14423,0,0.0748282409155468
14424,0,0.15502694859038144
14425,0,0.04940227471187223
14426,0,0.025416092245886753
14427,1,0.7264437544323692
14428,0,0.04148770794784393
14429,1,0.6189236496557201
14430,0,0.021105337713440236
14431,0,0.0040657901769012884
14432,1,0.37569963369963366
14433,0,0.5530530430078268
14434,0,0.026671014714979135
14435,1,0.4593353093178956
14436,1,0.535664506082031
14437,1,0.7022037272477982
14438,1,0.6418177340259106
14439,0,0.0009602497466575137
14440,0,0.016927530079098512
14441,0,0.07350570775818852
14442,0,0.6132959860429845
14443,0,0.22929104995540386
14444,0,0.6466494297781195
14445,1,0.4516461270445527
14446,0,0.010599399013021954
14447,0,0.40696426979224926
14448,1,0.9729729729729729
14449,0,0.2961379792831943
14450,0,0.00274375579253628
14451,0,0.3724675716440422
14452,0,0.46220966004369574
14453,1,0.49407112949269677
14454,0,0.07808609614767592
14455,0,0.43249624082103394
14456,0,0.1117361656382796
14457,0,0.05604393402343446
14458,1,0.4122025121756024
14459,0,0.08701622824545319
14460,1,0.4530125833531185
14461,0,0.003283130118318373
14462,0,0.10497943264933556
14463,0,0.11876542501291397
14464,0,0.2776092429261982
14465,0,0.4570634880228089
14466,0,0.45419176294004604
14467,1,0.49553292920680675
14468,0,0.4245708042353154
14469,1,0.6693509239427607
14470,0,0.19801691335604388
14471,1,0.7308002371435207
14472,0,0.40829773104593253
14473,0,0.4272367780624662
14474,1,0.4781899721832981
14475,0,0.016927530079098512
14476,0,0.003283130118318373
14477,0,0.028517917570205154
14478,1,0.7368922261779405
14479,0,0.3993066888303592
14480,0,0.0009602497466575137
14481,1,0.5820476493318137
14482,1,0.6407544140470383
14483,0,0.010599399013021954
14484,0,0.07645024472948554
14485,0,0.0009602497466575137
14486,0,0.21143025548059877
14487,0,0.011440336568935354
14488,0,0.7057333080443335
14489,0,0.5222878911460871
14490,1,0.5514823938799162
14491,0,0.0009602497466575137
14492,1,0.614900606784648
14493,0,0.011440336568935354
14494,1,0.42699780579973184
14495,0,0.2777608172941889
14496,0,0.002547551333959101
14497,0,0.10858558516147254
14498,0,0.002547551333959101
14499,1,0.4517743698219637
14500,0,0.19166089895980656
14501,0,0.050512418615866896
14502,0,0.28701854880058747
14503,0,0.0
14504,0,0.14009886376583425
14505,0,0.003283130118318373
14506,0,0.0024784885895997007
14507,1,0.7723513024045362
14508,1,0.7310330678203402
14509,0,0.24625172532781228
14510,0,0.07696822816754284
14511,0,0.4567554381994216
14512,0,0.05332871028722406
14513,0,0.019751882595666976
14514,1,0.5951992215922068
14515,1,0.566744732326216
14516,1,0.5455409015912147
14517,0,0.06811030966297725
14518,0,0.11876542501291397
14519,0,0.0009602497466575137
14520,0,0.00480136896126056
14521,1,0.33595306859205776
14522,0,0.0
14523,1,0.3027269505530375
14524,0,0.16087576503068504
14525,1,0.89643522833178
14526,1,0.5034503876062475
14527,0,0.3963203660442589
14528,1,0.4412775055200288
14529,0,0.24194216841275665
14530,0,0.0024784885895997007
14531,0,0.00480136896126056
14532,0,0.24436735513109983
14533,0,0.0009602497466575137
14534,1,0.4783218305078934
14535,1,0.5723075320867591
14536,0,0.18939687670479977
14537,0,0.00480136896126056
14538,0,0.029097833500409676
14539,0,0.0
14540,0,0.01112950002733712
14541,0,0.09392887058495043
14542,0,0.0507383201488403
14543,0,0.3728521753194243
14544,1,0.4973236340606563
14545,1,0.5177783272202423
14546,0,0.003283130118318373
14547,0,0.2279436152570481
14548,1,0.7899393438103116
14549,0,0.2766210809341087
14550,0,0.11627441235517595
14551,1,0.3109381320422046
14552,1,0.49101169672469797
14553,0,0.05604393402343446
14554,0,0.1571199564757685
14555,0,0.43668610075720277
14556,0,0.09002740354636306
14557,1,0.4322718496178212
14558,1,0.3225507096551873
14559,0,0.3453845769183252
14560,0,0.07350570775818852
14561,0,0.03122220916338564
14562,0,0.4802025926709663
14563,0,0.2291979949874687
14564,1,0.12520300718431043
14565,0,0.21212029532925056
14566,0,0.0005957931542006423
14567,0,0.7839102849904108
14568,1,0.6752276703430159
14569,0,0.3819224806201551
14570,0,0.202419506242373
14571,1,0.7839102849904108
14572,0,0.01112950002733712
14573,0,0.002547551333959101
14574,0,0.786345715216683
14575,0,0.1557461751393409
14576,0,0.02510256400040109
14577,1,0.8163636363636364
14578,0,0.4736069937896022
14579,0,0.0934617812882176
14580,0,0.12667188022165468
14581,0,0.6864649518909
14582,1,0.7560853462995976
14583,0,0.2766210809341087
14584,0,0.07661713362781647
14585,1,0.5742764317907308
14586,0,0.034056462262698484
14587,0,0.0004208754208754209
14588,0,0.09707945106175747
14589,0,0.5420828185587309
14590,0,0.5420828185587309
14591,1,0.5035265813314299
14592,0,0.010599399013021954
14593,0,0.28765707807314167
14594,0,0.4526596825070539
14595,0,0.005778818622603001
14596,0,0.011440336568935354
14597,1,0.5723075320867591
14598,0,0.00480136896126056
14599,0,0.3141403001413295
14600,0,0.2707737535006514
14601,1,0.6407544140470383
14602,0,0.0
14603,1,0.4341945410910928
14604,1,0.5833447032748463
14605,0,0.10311409325701522
14606,0,0.5599673767884303
14607,0,0.4412775055200288
14608,0,0.0
14609,0,0.09055985778297293
14610,0,0.08672772765675867
14611,0,0.15898512112904553
14612,1,0.7427872419090219
14613,0,0.11916159532842752
14614,0,0.010599399013021954
14615,1,0.49845375571986356
14616,0,0.010599399013021954
14617,0,0.4193472747225948
14618,0,0.17067555273882037
14619,1,0.22430866515800793
14620,0,0.0040657901769012884
14621,0,0.43249624082103394
14622,0,0.18390725911791495
14623,1,0.5035265813314299
14624,0,0.04148770794784393
14625,0,0.10338973987237228
14626,0,0.302407174872251
14627,1,0.4848872652366237
14628,1,0.10276317345633218
14629,0,0.3387308463698355
14630,0,0.049768630379709765
14631,0,0.2228148453020967
14632,0,0.05840345662473224
14633,0,0.002547551333959101
14634,0,0.5010277308778092
14635,0,0.09739128854025673
14636,1,0.5411111382855592
14637,0,0.3109381320422046
14638,1,0.38055406921744866
14639,0,0.1818984923034123
14640,0,0.02510256400040109
14641,0,0.3253331170540886
14642,0,0.011576848674364397
14643,1,0.5035265813314299
14644,1,0.6069082385412333
14645,0,0.4736069937896022
14646,0,0.09392887058495043
14647,0,0.051765190875117044
14648,1,0.7098563973747817
14649,0,0.026671014714979135
14650,0,0.07645024472948554
14651,0,0.020342883648902573
14652,0,0.2208109973121631
14653,0,0.00480136896126056
14654,0,0.0009602497466575137
14655,0,0.5374564980060789
14656,0,0.14296298820286826
14657,0,0.020342883648902573
14658,0,0.010393921242977848
14659,0,0.26014700508755656
14660,0,0.002547551333959101
14661,0,0.28684348486742256
14662,1,0.6784792991842848
14663,1,0.6242277710818279
14664,0,0.5347317975374831
14665,1,0.4394166121648136
14666,1,0.6246284700459949
14667,0,0.14223565465207622
14668,1,0.630217753661737
14669,0,0.07719403296564267
14670,0,0.5742764317907308
14671,1,0.543796643907294
14672,1,0.18154283750949174
14673,1,0.5971681212961787
14674,0,0.06565906589556401
14675,0,0.05038840135977235
14676,0,0.009081160170079768
14677,0,0.04300295381205299
14678,1,0.414125203648874
14679,0,0.07617878982180785
14680,0,0.0281862605791882
14681,0,0.19801691335604388
14682,1,0.7308002371435207
14683,0,0.0009602497466575137
14684,0,0.05604393402343446
14685,0,0.2671840703212221
14686,0,0.0005393743257820928
14687,0,0.04148770794784393
14688,1,0.54067001672569
14689,1,0.8311403508771931
14690,1,0.31181648074664026
14691,1,0.26021640240204047
14692,1,0.6745132291323285
14693,0,0.028517917570205154
14694,1,0.43757302492220823
14695,0,0.36028624808542525
14696,0,0.26237014638044387
14697,0,0.32827766083223314
14698,1,0.818611615245009
14699,0,0.0
14700,0,0.043225983329057444
14701,1,0.6053715325789569
14702,1,0.3131811870878168
14703,0,0.44518476380099076
14704,0,0.0
14705,1,0.6022482893450636
14706,0,0.019751882595666976
14707,0,0.1444519138450796
14708,0,0.0
14709,0,0.38580138100278805
14710,0,0.011576848674364397
14711,0,0.2540889819014567
14712,1,0.6804481988882567
14713,1,0.7302714356119707
14714,1,0.42993395406113216
14715,1,0.5349287054884552
14716,0,0.07589221635023162
14717,1,0.4595009155720176
14718,1,0.45146256621076764
14719,0,0.11280962877393624
14720,0,0.17150102443693357
14721,0,0.12638399530215674
14722,1,0.48926687785331735
14723,0,0.3007669370699779
14724,1,0.05790909867671148
14725,0,0.0009602497466575137
14726,0,0.05345359508645512
14727,0,0.026671014714979135
14728,1,0.7713965831292006
14729,0,0.003283130118318373
14730,0,0.2936442829798039
14731,0,0.0009602497466575137
14732,1,0.7427872419090219
14733,0,0.5625007811170081
14734,0,0.002547551333959101
14735,0,0.2707292333973948
14736,1,0.7465562720939065
14737,0,0.0005393743257820928
14738,1,0.28596573343080955
14739,0,0.07350570775818852
14740,1,0.321608720085674
14741,0,0.03495193714684496
14742,1,0.3484107065559215
14743,0,0.15484938171155835
14744,1,0.33362897265336294
14745,0,0.4341305584943591
14746,1,0.708295716282218
14747,0,0.10303065357062337
14748,0,0.05840685018667926
14749,0,0.003283130118318373
14750,0,0.025208452510964343
14751,0,0.29248653995161605
14752,0,0.020342883648902573
14753,0,0.5143956982762953
14754,0,0.49869745004534866
14755,0,0.0
14756,0,0.31160631228251645
14757,1,0.786345715216683
14758,0,0.17618287331505558
14759,0,0.00480136896126056
14760,0,0.05345359508645512
14761,1,0.5752068219434295
14762,0,0.40499236974057123
14763,0,0.10560599906537566
14764,0,0.0009602497466575137
14765,1,0.6735948751519686
14766,1,0.8037141362693144
14767,0,0.25321063319702103
14768,0,0.4567638645685517
14769,0,0.13159203980099501
14770,0,0.00480136896126056
14771,1,0.8657616976582494
14772,0,0.42232388429909423
14773,1,0.499736937292427
14774,0,0.13858637625453768
14775,1,0.6864649518909
14776,0,0.0
14777,0,0.0020081770081770084
14778,0,0.07350570775818852
14779,1,0.37330983240753923
14780,0,0.026671014714979135
14781,0,0.043126971068147536
14782,0,0.053131847804433814
14783,0,0.0281862605791882
14784,1,0.6804481988882567
14785,0,0.04148770794784393
14786,0,0.1672098811331082
14787,1,0.4922791375686488
14788,0,0.4712958243316445
14789,0,0.4654814070484537
14790,0,0.5367006972414549
14791,1,0.5105973346319171
14792,0,0.5651654156241311
14793,0,0.0658446135951121
14794,0,0.01877443293432453
14795,0,0.09674808056081007
14796,0,0.21889358208892515
14797,1,0.522013481116512
14798,0,0.18676356594116128
14799,1,0.3728521753194243
14800,0,0.50391885431728
14801,0,0.020342883648902573
14802,0,0.14095771810771565
14803,1,0.5056890785793173
14804,1,0.6748452407096751
14805,0,0.043126971068147536
14806,0,0.5475098012951866
14807,0,0.00480136896126056
14808,1,0.535347395730432
14809,1,0.5692653296547281
14810,0,0.3545457875457876
14811,0,0.13564415399202298
14812,0,0.12757894007555412
14813,1,0.036361294500490776
14814,0,0.3799340588455717
14815,0,0.044821886322384825
14816,0,0.32668550418684833
14817,1,0.5828113022724176
14818,0,0.023047175242083055
14819,0,0.19407308047646574
14820,0,0.0004208754208754209
14821,1,0.5093362152955362
14822,0,0.5433346512328132
14823,0,0.670843888650789
14824,0,0.0
14825,0,0.24441769110360023
14826,0,0.4265234812455459
14827,0,0.238294574478785
14828,0,0.3758867097032696
14829,1,0.33595306859205776
14830,0,0.0009602497466575137
14831,1,0.4322718496178212
14832,1,0.558833414901164
14833,0,0.0004208754208754209
14834,1,0.6578160993141856
14835,1,0.5259314537991526
14836,0,0.044821886322384825
14837,0,0.0009602497466575137
14838,0,0.5971681212961787
14839,0,0.06857192474688194
14840,1,0.43757302492220823
14841,1,0.3201646976660418
14842,0,0.521257680351888
14843,0,0.5636363636363636
14844,0,0.003283130118318373
14845,1,0.2691057719727707
14846,0,0.0588489931816664
14847,0,0.17864645330761775
14848,1,0.7051734042795172
14849,0,0.00480136896126056
14850,0,0.010599399013021954
14851,0,0.35394865912071766
14852,1,0.665252645039912
14853,0,0.3139409262272668
14854,0,0.34883185647084564
14855,0,0.19801691335604388
14856,0,0.010599399013021954
14857,0,0.00274375579253628
14858,0,0.26430301339675194
14859,0,0.01454485359714118
14860,1,0.6709191246825655
14861,0,0.044821886322384825
14862,1,0.5971681212961567
14863,1,0.8209663838066742
14864,0,0.00480136896126056
14865,0,0.14223565465207622
14866,0,0.45505647112757314
14867,0,0.5864624130195065
14868,0,0.40597769271345613
14869,1,0.7623874765713682
14870,0,0.06838268787278237
14871,0,0.38055406921744866
14872,0,0.13749530015240932
14873,0,0.0004208754208754209
14874,0,0.0934617812882176
14875,0,0.0004208754208754209
14876,0,0.13451682777319343
14877,0,0.002547551333959101
14878,1,0.29437046004842615
14879,0,0.0009602497466575137
14880,0,0.6062226160586817
14881,1,0.5723075320867591
14882,0,0.03338348643226692
14883,0,0.5960319601502725
14884,0,0.01454485359714118
14885,0,0.5501746675681768
14886,1,0.5514823938799162
14887,0,0.019420225604650017
14888,0,0.12879031566306398
14889,1,0.38668519477956237
14890,0,0.39084930047749444
14891,0,0.5720466478326772
14892,0,0.02935885512611856
14893,0,0.0
14894,0,0.05604393402343446
14895,0,0.043352872601120945
14896,1,0.38689360788589927
14897,0,0.0004208754208754209
14898,0,0.5449486423765447
14899,0,0.04148770794784393
14900,0,0.30790378401336144
14901,1,0.25805622829610836
14902,0,0.0009602497466575137
14903,0,0.49750054184058
14904,1,0.6212739371927328
14905,0,0.5916344037415779
14906,0,0.16760008996851103
14907,1,0.24385101715610188
14908,0,0.14064588062921637
14909,0,0.00480136896126056
14910,0,0.0
14911,0,0.43668610075720277
14912,0,0.04606814753873578
14913,0,0.545750184774575
14914,0,0.0005393743257820928
14915,0,0.01538579115305458
14916,0,0.0
14917,0,0.10661314575287344
14918,0,0.5370518295190784
14919,0,0.11146051902292253
14920,0,0.00480136896126056
14921,0,0.1388022823885961
14922,0,0.0040657901769012884
14923,0,0.020342883648902573
14924,0,0.42320954447961484
14925,0,0.03084882234932086
14926,0,0.0009602497466575137
14927,0,0.396309662358522
14928,0,0.0009602497466575137
14929,0,0.0005393743257820928
14930,0,0.42801852811289565
14931,0,0.00480136896126056
14932,0,0.0009602497466575137
14933,1,0.47552854122621563
14934,1,0.553451293583888
14935,0,0.27177892128835524
14936,0,0.12854440021622685
14937,0,0.00480136896126056
14938,1,0.6221066757507984
14939,1,0.6924352036537579
14940,0,0.17156761466598044
14941,0,0.2228608284835768
14942,0,0.43668610075720277
14943,0,0.226150630417058
14944,1,0.39160361289411094
14945,0,0.16667028164733513
14946,0,0.08321274240140783
14947,1,0.5049566026788425
14948,1,0.08196303464774368
14949,1,0.5644944912485792
14950,0,0.5355047348644708
14951,0,0.0024784885895997007
14952,0,0.002547551333959101
14953,0,0.0004208754208754209
14954,0,0.7567302391644253
14955,0,0.04281465828652761
14956,1,0.905444237340789
14957,0,0.07475196897453946
14958,1,0.25729114013908455
14959,1,0.19801691335604388
14960,1,0.6077998200071377
14961,0,0.051890066860740124
14962,0,0.5960319601502725
14963,0,0.35268320116015506
14964,1,0.7830779860174998
14965,0,0.011440336568935354
14966,0,0.0005393743257820928
14967,0,0.4697165609447234
14968,0,0.1025738307000074
14969,0,0.0009602497466575137
14970,1,0.11468990779335607
14971,0,0.06342938157115381
14972,0,0.10035757150700401
14973,0,0.11125866722509191
14974,1,0.3486364145312922
14975,0,0.25585933804673805
14976,1,0.80331541218638
14977,1,0.8438036493844115
14978,0,0.44672330099517277
14979,0,0.003283130118318373
14980,0,0.1978127528319953
14981,0,0.6207304874190984
14982,0,0.10070866604673039
14983,0,0.7240291725294554
14984,0,0.3936064756550022
14985,1,0.551280631566315
14986,1,0.07617878982180773
14987,0,0.03338348643226692
14988,0,0.5087479856033612
14989,1,0.3195116271506163
14990,1,0.5627118776763508
14991,0,0.5347317975374831
14992,0,0.0005393743257820928
14993,0,0.5742764317907308
14994,0,0.7274888364038752
14995,1,0.47736004305771745
14996,1,0.6806810295650761
14997,0,0.27602703248400856
14998,0,0.13962775408670933
14999,0,0.5207454115710997
15000,1,0.6475201595514427
15001,0,0.7522892778269122
15002,0,0.41412587045066357
15003,1,0.8657616976582494
15004,0,0.04172006099806643
15005,0,0.04148770794784393
15006,0,0.24441769110360023
15007,0,0.28596573343080955
15008,1,0.6366561351441895
15009,0,0.010599399013021954
15010,0,0.3865268287929366
15011,1,0.6675310679589669
15012,0,0.0009602497466575137
15013,1,0.421294918354004
15014,0,0.12757894007555412
15015,0,0.457642362364427
15016,0,0.4172792962767767
15017,0,0.0004208754208754209
15018,0,0.4280291336070719
15019,0,0.01877443293432453
15020,0,0.0009602497466575137
15021,1,0.06626540311334984
15022,0,0.018442775943307576
15023,0,0.40608752083572225
15024,1,0.521257680351888
15025,0,0.7057333080443335
15026,1,0.7242673223159358
15027,0,0.22929104995540386
15028,0,0.0024784885895997007
15029,0,0.010599399013021954
15030,0,0.07144443683611369
15031,0,0.03495193714684496
15032,0,0.03600051443768077
15033,1,0.4051195477466664
15034,1,0.16282642986098508
15035,1,0.6232428368967046
15036,0,0.04606814753873578
15037,0,0.07995126080095294
15038,0,0.2540889819014567
15039,0,0.45419176294004604
15040,0,0.0020576131687242796
15041,0,0.18781016688625385
15042,0,0.523919420383257
15043,0,0.00480136896126056
15044,0,0.0
15045,0,0.17150102443693357
15046,1,0.43401864853334643
15047,0,0.1243498926977617
15048,0,0.05345359508645512
15049,0,0.003283130118318373
15050,1,0.5264109869517446
15051,0,0.01112950002733712
15052,0,0.312796727429674
15053,0,0.38892819365025827
15054,0,0.5374564980060789
15055,0,0.010599399013021954
15056,0,0.19178634740909573
15057,0,0.12346988698516485
15058,1,0.42358468916262754
15059,1,0.4526596825070539
15060,1,0.5090274671458055
15061,0,0.5367006972414549
15062,1,0.7333078491335372
15063,0,0.4525655782632527
15064,0,0.04940227471187223
15065,0,0.10070866604673039
15066,0,0.5693849491082831
15067,1,0.7175042977045202
15068,0,0.06196041905129437
15069,0,0.37291615791615795
15070,0,0.0
15071,0,0.037893113617433194
15072,0,0.12520300718431043
15073,0,0.5514823938799162
15074,0,0.10792798658926865
15075,1,0.818611615245009
15076,0,0.07804395447508487
15077,0,0.03484604863628171
15078,1,0.5831565122220356
15079,0,0.3226826723216615
15080,0,0.1280202433583077
15081,0,0.717959762198184
15082,0,0.06342938157115381
15083,0,0.15502694859038144
15084,0,0.11125866722509191
15085,1,0.17964731365761114
15086,0,0.1126477879481312
15087,0,0.0009602497466575137
15088,1,0.5642323828486099
15089,1,0.5914170686031315
15090,1,0.3431521642562368
15091,0,0.38668519477956237
15092,0,0.043126971068147536
15093,1,0.47383772155996134
15094,0,0.010599399013021954
15095,1,0.6576941266219615
15096,0,0.15502694859038144
15097,0,0.33583015329740223
15098,0,0.009081160170079768
15099,1,0.3812147090533651
15100,0,0.003283130118318373
15101,0,0.1818984923034123
15102,1,0.3513137254901961
15103,0,0.021478724527505016
15104,0,0.0
15105,0,0.0588489931816664
15106,0,0.1863969048103508
15107,0,0.2787347422116961
15108,1,0.6232428368967046
15109,0,0.11146051902292253
15110,0,0.16252803225498616
15111,0,0.0024784885895997007
15112,1,0.603803331839152
15113,0,0.598382247687285
15114,0,0.0009602497466575137
15115,0,0.04300295381205299
15116,0,0.04606814753873578
15117,0,0.00480136896126056
15118,0,0.6041823589286107
15119,0,0.1735097912514362
15120,0,0.0281862605791882
15121,0,0.3493246336996337
15122,1,0.5914652216516664
15123,1,0.457642362364427
15124,0,0.3805799767308568
15125,1,0.44672330099517277
15126,0,0.7240291725294554
15127,0,0.28621734436255936
15128,0,0.11386809199426869
15129,0,0.16853544630061215
15130,0,0.25481515897007895
15131,0,0.003283130118318373
15132,0,0.20469257625953152
15133,1,0.3881917156096086
15134,1,0.42144669714437155
15135,0,0.5127015431190679
15136,0,0.5380082766943212
15137,0,0.26229916540681836
15138,0,0.03495193714684496
15139,0,0.03664685240108225
15140,0,0.553451293583888
15141,0,0.16315459867102625
15142,0,0.009863820228662683
15143,0,0.12796484396495078
15144,0,0.3090167671619822
15145,0,0.4371904494907018
15146,0,0.32674748572416856
15147,0,0.009081160170079768
15148,0,0.00480136896126056
15149,0,0.03484604863628171
15150,1,0.4083648300163389
15151,1,0.4352935317683549
15152,1,0.8001762410953493
15153,0,0.4172792962767767
15154,0,0.33696151721946377
15155,0,0.19429510839305278
15156,1,0.45616720850724674
15157,0,0.5121715672309438
15158,0,0.01005860983142221
15159,0,0.003283130118318373
15160,0,0.0009602497466575137
15161,0,0.26021640240204047
15162,0,0.2766210809341087
15163,0,0.42528365623447595
15164,0,0.18154283750949174
15165,0,0.00274375579253628
15166,0,0.08383569227720489
15167,1,0.7025117939563943
15168,1,0.5439923816299458
15169,0,0.2967397456463753
15170,0,0.4471310345418547
15171,0,0.0
15172,0,0.06009525439801735
15173,1,0.05146354563394704
15174,0,0.09826671998696614
15175,0,0.5840165490357855
15176,0,0.010599399013021954
15177,0,0.41253514548596515
15178,1,0.2520851339115231
15179,1,0.6765487090410639
15180,0,0.04300295381205299
15181,0,0.042231496184001065
15182,0,0.2857405114167156
15183,0,0.45779509588837164
15184,0,0.26317164947469035
15185,0,0.45355942328331617
15186,0,0.08226275782889267
15187,0,0.2967397456463753
15188,0,0.27098597919493445
15189,0,0.0009602497466575137
15190,0,0.0
15191,0,0.42853439825829115
15192,1,0.5960319601502725
15193,0,0.2563607390219034
15194,0,0.22894226580268048
15195,0,0.2540889819014567
15196,0,0.08216751999395631
15197,0,0.08262434286457228
15198,1,0.37386813186813184
15199,0,0.0
15200,0,0.16614364300581963
15201,1,0.26313901506957965
15202,0,0.41374329501915713
15203,0,0.0009602497466575137
15204,1,0.29163050657804873
15205,0,0.320236260914227
15206,1,0.7560853462995976
15207,0,0.4040087930094843
15208,0,0.1016291768560444
15209,0,0.45616720850724674
15210,0,0.10000324123246618
15211,0,0.16232912697291305
15212,0,0.002547551333959101
15213,1,0.521257680351888
15214,0,0.701320655274368
15215,0,0.16302518806351202
15216,0,0.06980858541792333
15217,1,0.6815186011448505
15218,0,0.374931201729849
15219,0,0.22717474656791234
15220,0,0.10303354426276921
15221,1,0.12711185077882126
15222,1,0.7141907320132993
15223,1,0.5153161880631866
15224,0,0.25321063319702103
15225,1,0.09406700673516817
15226,1,0.2777608172941889
15227,0,0.29876308908004434
15228,0,0.00480136896126056
15229,0,0.17513609866551041
15230,0,0.5480475421206519
15231,0,0.051890066860740124
15232,1,0.718296107078837
15233,1,0.4893427130731507
15234,0,0.002547551333959101
15235,1,0.47132075697098114
15236,0,0.6094508845290111
15237,0,0.002547551333959101
15238,1,0.4654814070484537
15239,0,0.002547551333959101
15240,0,0.26768860800556327
15241,0,0.19801691335604388
15242,0,0.0040657901769012884
15243,0,0.26116780148475677
15244,0,0.0
15245,0,0.07144443683611369
15246,1,0.6803729628564802
15247,1,0.6125392214050699
15248,1,0.2796130909161318
15249,0,0.21150217381560665
15250,0,0.6703587104440994
15251,0,0.0020081770081770084
15252,1,0.6261966707857998
15253,0,0.0005393743257820928
15254,0,0.008345581385720497
15255,1,0.6450736012880226
15256,1,0.788322908438254
15257,0,0.5367006972414549
15258,0,0.6577998785320861
15259,0,0.5780070506330381
15260,0,0.06071415783494341
15261,0,0.10116548891734635
15262,0,0.1557461751393409
15263,0,0.048612688338289
15264,0,0.0009602497466575137
15265,1,0.5822184618102986
15266,0,0.03484604863628171
15267,0,0.012417786230277797
15268,1,0.34634172854156775
15269,0,0.5154480463877817
15270,1,0.6232428368967046
15271,0,0.40215646506145236
15272,0,0.06342938157115381
15273,0,0.11860502681398204
15274,1,0.605772077395327
15275,0,0.27596900512392514
15276,1,0.3987179761852251
15277,1,0.47332271112224356
15278,0,0.5710352939306519
15279,1,0.8657616976582494
15280,0,0.670843888650789
15281,1,0.6804481988882567
15282,0,0.13656231094978827
15283,0,0.44672330099517277
15284,0,0.002547551333959101
15285,0,0.16252803225498616
15286,0,0.003283130118318373
15287,0,0.13749530015240932
15288,0,0.002547551333959101
15289,0,0.0009602497466575137
15290,1,0.4783218305078934
15291,1,0.5063673358461362
15292,1,0.2713085593350188
15293,1,0.3974879864886778
15294,0,0.10497943264933556
15295,1,0.38689360788589927
15296,0,0.5649745080641786
15297,0,0.0004208754208754209
15298,0,0.0
15299,1,0.457642362364427
15300,1,0.8081550976068276
15301,0,0.026671014714979135
15302,0,0.003283130118318373
15303,0,0.003283130118318373
15304,0,0.02510256400040109
15305,0,0.049768630379709765
15306,0,0.06009525439801735
15307,0,0.790786676554196
15308,0,0.01112950002733712
15309,0,0.0
15310,1,0.4295353436362559
15311,0,0.10006283864512895
15312,1,0.5341435678453083
15313,1,0.5315758630634375
15314,0,0.4122025121756024
15315,0,0.021183821204815975
15316,1,0.46594844014410475
15317,0,0.29897973965770575
15318,1,0.6232428368967046
15319,0,0.16614364300581963
15320,1,0.43996014082204793
15321,0,0.010599399013021954
15322,0,0.5260868116379692
15323,0,0.011576848674364397
15324,0,0.7080987429788795
15325,0,0.0934617812882176
15326,0,0.0009602497466575137
15327,0,0.013303690606202435
15328,0,0.15420147689226824
15329,0,0.4996178235205225
15330,1,0.38055406921744866
15331,0,0.003283130118318373
15332,0,0.45292986539823904
15333,0,0.003283130118318373
15334,0,0.5367006972414549
15335,0,0.00274375579253628
15336,1,0.4172792962767767
15337,0,0.5439923816299458
15338,0,0.0
15339,0,0.4691843162810905
15340,0,0.553451293583888
15341,0,0.6288409779540066
15342,0,0.11440924770189893
15343,1,0.42866147326380183
15344,0,0.044821886322384825
15345,1,0.7238250368229991
15346,0,0.0
15347,1,0.6401015930240552
15348,0,0.252958152958153
15349,0,0.2692309551570981
15350,0,0.23607126533769293
15351,0,0.5391422385815875
15352,0,0.2389592046371707
15353,0,0.6427481241786093
15354,0,0.009081160170079768
15355,0,0.020342883648902573
15356,0,0.43658606423925295
15357,1,0.5263494974562023
15358,0,0.4341305584943591
15359,0,0.05345359508645512
15360,1,0.5960319601502725
15361,0,0.1571199564757685
15362,0,0.23369826690722215
15363,1,0.6710971710331095
15364,0,0.3612197853469635
15365,1,0.7043141930946444
15366,1,0.5819160119665643
15367,0,0.38018923982822894
15368,0,0.020342883648902573
15369,1,0.8624856943822462
15370,1,0.12899189586752363
15371,0,0.2791548229780227
15372,0,0.026903367765201625
15373,1,0.5154480463877817
15374,0,0.4675645422531532
15375,1,0.5469119498448122
15376,0,0.35504937251662144
15377,1,0.28701854880058747
15378,1,0.5163684198629556
15379,0,0.04606814753873578
15380,1,0.6686377870778449
15381,0,0.5742764317907308
15382,0,0.47961436297879145
15383,1,0.5043307144083612
15384,0,0.5177783272202423
15385,0,0.1473997493734336
15386,0,0.07617878982180785
15387,1,0.2456089292582159
15388,1,0.8177642825011247
15389,1,0.7427872419090219
15390,0,0.4217449217449218
15391,0,0.023047175242083055
15392,0,0.0005393743257820928
15393,1,0.7801142165177253
15394,0,0.3756356511029
15395,1,0.6069082385412333
15396,0,0.023047175242083055
15397,0,0.08075917821129526
15398,0,0.388225795864785
15399,1,0.5696985662153112
15400,0,0.39407000407000403
15401,0,0.4487308107060206
15402,0,0.26021640240204047
15403,0,0.442652329749104
15404,1,0.48424042686754554
15405,0,0.0
15406,1,0.48926687785331735
15407,1,0.1617768668456228
15408,1,0.43463651497705014
15409,0,0.2677389816622087
15410,0,0.16302518806351202
15411,1,0.5821187638604731
15412,0,0.061633551496620746
15413,0,0.26116780148475677
15414,1,0.5287903052487816
15415,0,0.0934617812882176
15416,0,0.16614364300581963
15417,0,0.0009602497466575137
15418,0,0.5439923816299458
15419,0,0.003283130118318373
15420,0,0.19801691335604388
15421,0,0.02935885512611856
15422,0,0.32382222346121264
15423,1,0.5692095290708381
15424,1,0.6974902071785684
15425,0,0.0281862605791882
15426,1,0.5347317975374831
15427,1,0.32329206637282865
15428,0,0.003283130118318373
15429,0,0.29541180221457203
15430,0,0.1893439996984773
15431,0,0.09246716410884097
15432,0,0.00480136896126056
15433,0,0.10428058740240233
15434,0,0.3929590483432996
15435,0,0.06686404844662629
15436,0,0.04374674204821013
15437,0,0.0
15438,0,0.009081160170079768
15439,0,0.0
15440,0,0.05840345662473224
15441,0,0.1810730206052991
15442,1,0.2934386074629977
15443,1,0.50391885431728
15444,0,0.3531393010597556
15445,1,0.5049566026788425
15446,0,0.10699581113861271
15447,1,0.5380082766943212
15448,1,0.6271270609384985
15449,0,0.48978589838694225
15450,0,0.13749559256434854
15451,1,0.3209359112292471
15452,1,0.619023696115096
15453,0,0.6985696687731884
15454,0,0.06504511593629446
15455,0,0.10699581113861271
15456,0,0.22900624839941416
15457,0,0.28371339768016707
15458,1,0.5828113022724176
15459,1,0.7931414451158613
15460,1,0.47381691075471905
15461,0,0.3109487744257283
15462,1,0.5951992215922068
15463,0,0.6475201595514427
15464,0,0.03484604863628171
15465,1,0.3403222381483251
15466,1,0.49339204856446234
15467,0,0.003283130118318373
15468,0,0.0704250019845995
15469,1,0.7768790433307416
15470,0,0.47957025301423645
15471,1,0.37437161177597017
15472,1,0.5380082766943212
15473,0,0.46286376663635836
15474,1,0.3280828582549168
15475,0,0.06539503472536241
15476,0,0.3280828582549168
15477,1,0.6540058080397239
15478,1,0.6926746530421072
15479,0,0.2796130909161318
15480,0,0.042231496184001065
15481,0,0.15502694859038144
15482,1,0.6212739371927328
15483,0,0.0
15484,0,0.16614364300581963
15485,0,0.0
15486,0,0.4062297526001144
15487,0,0.43516547513856535
15488,0,0.4204652194140997
15489,0,0.0024784885895997007
15490,1,0.5925043685185672
15491,0,0.06529454622443082
15492,0,0.020342883648902573
15493,1,0.5724519949214054
15494,0,0.04940227471187223
15495,1,0.24909746141089426
15496,0,0.13564415399202298
15497,0,0.20754357592093442
15498,1,0.3571069147459039
15499,0,0.5784486252497737
15500,0,0.07883339282081986
15501,0,0.09153648230078575
15502,0,0.00480136896126056
15503,1,0.5971681212961787
15504,0,0.32356102102609713
15505,0,0.3249799664894004
15506,0,0.5264069543294166
15507,0,0.03860765671110499
15508,1,0.8657616976582494
15509,0,0.0005393743257820928
15510,0,0.4116729503363297
15511,1,0.6509686170191039
15512,0,0.42796208530805685
15513,0,0.15552033754780584
15514,1,0.7610606060606061
15515,0,0.34167884710501467
15516,0,0.4341305584943591
15517,0,0.0803023553406793
15518,0,0.016927530079098512
15519,0,0.561617541804932
15520,0,0.42842354667876287
15521,1,0.38218230825109895
15522,0,0.20564982330437256
15523,0,0.05220733387010418
15524,1,0.8438036493844115
15525,1,0.8014545157402301
15526,0,0.023047175242083055
15527,0,0.020342883648902573
15528,0,0.18216095902313567
15529,0,0.0588489931816664
15530,0,0.025416092245886753
15531,0,0.16783644754914828
15532,1,0.3025587492402417
15533,0,0.35955179743159316
15534,0,0.061633551496620746
15535,0,0.06962894908913332
15536,0,0.23100430465459323
15537,0,0.00480136896126056
15538,1,0.8001762410953493
15539,0,0.17343277931925746
15540,0,0.0
15541,1,0.38668519477956237
15542,0,0.0005393743257820928
15543,1,0.1473997493734336
15544,1,0.38668519477956237
15545,1,0.6793278808849744
15546,0,0.037893113617433194
15547,0,0.05286751652208257
15548,1,0.4949405685256972
15549,0,0.41412587045066357
15550,0,0.5514823938799162
15551,1,0.33461056470275946
15552,0,0.0009602497466575137
15553,0,0.04940227471187223
15554,1,0.3756356511029
15555,0,0.06599952944595383
15556,0,0.0
15557,0,0.33188581818885904
15558,0,0.00480136896126056
15559,0,0.0
15560,0,0.3849176755447942
15561,1,0.5269844436360507
15562,0,0.16459894475874695
15563,1,0.19801691335604388
15564,1,0.7424282586076077
15565,0,0.3750604915852373
15566,0,0.5219341618889457
15567,0,0.01877443293432453
15568,0,0.4377176450929652
15569,0,0.36140926648606286
15570,1,0.5052289152765091
15571,1,0.7520161995879547
15572,0,0.5844674060358922
15573,0,0.2831047032903728
15574,1,0.6709191246825655
15575,1,0.4085706177256477
15576,0,0.3152859627510389
15577,0,0.0
15578,0,0.7737513516908656
15579,0,0.5514823938799162
15580,1,0.6221066757507984
15581,0,0.017256194091382345
15582,0,0.09164169241072777
15583,0,0.32827297573805186
15584,0,0.12524668612554424
15585,0,0.03484604863628171
15586,0,0.26754697984076775
15587,1,0.43123543595750063
15588,1,0.5914652216516664
15589,1,0.790786676554196
15590,1,0.49971396866750756
15591,1,0.6003511473912567
15592,1,0.43757302492220823
15593,0,0.06565906589556401
15594,0,0.028517917570205154
15595,0,0.0005393743257820928
15596,0,0.31916839199447894
15597,0,0.0009602497466575137
15598,0,0.2768830658575759
15599,1,0.4322718496178212
15600,0,0.2104047925921926
15601,0,0.07537087241146552
15602,0,0.43668610075720277
15603,0,0.419695064791839
15604,1,0.07929021569143584
15605,1,0.5322587332283947
15606,0,0.005778818622603001
15607,1,0.6144039715462463
15608,0,0.5514823938799162
15609,1,0.7301623380470171
15610,0,0.0
15611,1,0.43249624082103394
15612,0,0.002547551333959101
15613,0,0.11581758948455996
15614,0,0.0005393743257820928
15615,1,0.7723513024045362
15616,0,0.5121715672309438
15617,1,0.46406212702978084
15618,0,0.0
15619,0,0.10070866604673039
15620,1,0.6369642018527856
15621,0,0.10734262712484127
15622,1,0.5218034125469795
15623,0,0.006758279798418909
15624,1,0.5093362152955362
15625,1,0.5380082766943212
15626,1,0.1870203117387009
15627,1,0.6926746530421072
15628,0,0.026080013661743534
15629,0,0.4691843162810905
15630,0,0.019751882595666976
15631,0,0.24441769110360023
15632,0,0.25481515897007895
15633,1,0.12076046253310158
15634,0,0.11687158617803466
15635,0,0.49187640491222506
15636,0,0.4193472747225948
15637,1,0.12757894007555412
15638,0,0.0005393743257820928
15639,0,0.06071415783494341
15640,0,0.22717474656791234
15641,0,0.5320667844056278
15642,1,0.7150614617866223
15643,1,0.5488734280084683
15644,0,0.21281697410885178
15645,0,0.05220733387010418
15646,1,0.5649745080641786
15647,1,0.5256681213959924
15648,0,0.23550334125469238
15649,1,0.7382648446081282
15650,0,0.06342938157115381
15651,0,0.3380403635076124
15652,0,0.24179734143633058
15653,0,0.23271467386309697
15654,0,0.7806127094836772
15655,0,0.00480136896126056
15656,0,0.5077789547420715
15657,0,0.22929104995540386
15658,0,0.28701854880058747
15659,0,0.6431744176073718
15660,0,0.09707945106175747
15661,0,0.01454485359714118
15662,0,0.0009602497466575137
15663,1,0.5475098012951866
15664,0,0.3681564584225662
15665,0,0.03600051443768077
15666,0,0.0
15667,0,0.055564066537181676
15668,1,0.5137466563396406
15669,0,0.043126971068147536
15670,1,0.47610763113036986
15671,0,0.18761944548956513
15672,0,0.4878627645378102
15673,1,0.5621871831498059
15674,1,0.5427455853072157
15675,0,0.002547551333959101
15676,0,0.3032605521671818
15677,0,0.3597378832574694
15678,0,0.5008820608144328
15679,1,0.7940842520609296
15680,0,0.0009602497466575137
15681,0,0.0
15682,0,0.3453845769183252
15683,0,0.6300941694558716
15684,0,0.3109487744257283
15685,0,0.05328043673932611
15686,0,0.00480136896126056
15687,1,0.765805963962646
15688,1,0.5256681213959924
15689,0,0.03272167297330575
15690,0,0.01112950002733712
15691,1,0.6448716372651465
15692,1,0.7368922261779405
15693,0,0.171145369643013
15694,0,0.1557461751393409
15695,0,0.08969400351403811
15696,1,0.35271428571428576
15697,1,0.9729729729729729
15698,1,0.756199538638985
15699,0,0.16542441645686015
15700,0,0.00480136896126056
15701,0,0.011440336568935354
15702,0,0.0005393743257820928
15703,0,0.020342883648902573
15704,0,0.0865434230372311
15705,1,0.31916839199447894
15706,0,0.002547551333959101
15707,0,0.026257029801800155
15708,0,0.7522892778269122
15709,0,0.39645808343329336
15710,0,0.01454485359714118
15711,0,0.4933635735509638
15712,1,0.35268320116015506
15713,1,0.7212711629378296
15714,0,0.18154283750949174
15715,0,0.09142145852051513
15716,0,0.4987732988398639
15717,1,0.37569963369963366
15718,1,0.36350461133069834
15719,1,0.566759606870257
15720,0,0.17743105446460775
15721,0,0.048873155495563286
15722,0,0.028517917570205154
15723,0,0.003283130118318373
15724,1,0.46947863435968457
15725,1,0.7662593133701164
15726,0,0.2776092429261982
15727,1,0.566744732326216
15728,0,0.27596900512392514
15729,0,0.03515957688176737
15730,0,0.06529454622443082
15731,1,0.5217071990212756
15732,0,0.003283130118318373
15733,0,0.0
15734,0,0.21889358208892515
15735,0,0.22938660527103918
15736,1,0.4593353093178956
15737,0,0.009081160170079768
15738,1,0.665252645039912
15739,1,0.4742611003822648
15740,0,0.5722408983620628
15741,1,0.5514823938799162
15742,0,0.419689366786141
15743,0,0.5569657788778747
15744,0,0.003283130118318373
15745,0,0.05678772225959159
15746,0,0.026671014714979135
15747,0,0.11080184435447593
15748,0,0.2980545459396204
15749,1,0.8209663838066742
15750,0,0.03122220916338564
15751,0,0.00274375579253628
15752,0,0.021183821204815975
15753,0,0.19801691335604388
15754,0,0.28491098273706966
15755,0,0.00480136896126056
15756,1,0.82669938953968
15757,1,0.6735948751519686
15758,1,0.5844674060358922
15759,0,0.0004208754208754209
15760,0,0.0056423065171739605
15761,1,0.06342938157115381
15762,0,0.310217308379681
15763,0,0.0009602497466575137
15764,0,0.003283130118318373
15765,0,0.0803023553406793
15766,1,0.37547728511627426
15767,1,0.404987012987013
15768,0,0.11876542501291397
15769,0,0.22929104995540386
15770,0,0.4030763267740012
15771,0,0.0040657901769012884
15772,0,0.47758057640626445
15773,0,0.012644745891546181
15774,0,0.0056423065171739605
15775,0,0.20581807554502943
15776,0,0.15261476707372232
15777,1,0.16481714802610326
15778,0,0.39731528633967655
15779,0,0.29336429138822906
15780,0,0.2456089292582159
15781,0,0.09523455162159788
15782,1,0.5971681212961787
15783,0,0.025416092245886753
15784,0,0.04148770794784393
15785,0,0.41412587045066357
15786,1,0.7794843574238713
15787,0,0.01112950002733712
15788,1,0.5189139097395978
15789,1,0.7212711629378296
15790,1,0.48367696853433867
15791,1,0.5146624600952643
15792,0,0.3723082499240243
15793,0,0.07808609614767592
15794,1,0.786345715216683
15795,1,0.4615712341654603
15796,0,0.4969531890133994
15797,0,0.2517759753326292
15798,1,0.5380082766943212
15799,1,0.3015511414986836
15800,1,0.5287903052487816
15801,0,0.44106665337917517
15802,0,0.22929104995540386
15803,1,0.3822242986679771
15804,0,0.02788081742654407
15805,0,0.06653088451526602
15806,0,0.03484604863628171
15807,0,0.6582842084715986
15808,1,0.5514823938799162
15809,0,0.15063869536313823
15810,0,0.044821886322384825
15811,1,0.4654814070484537
15812,1,0.6866188895584034
15813,1,0.7189639639639639
15814,1,0.5971681212961787
15815,0,0.03664685240108225
15816,0,0.005778818622603001
15817,0,0.7043761503438922
15818,0,0.19801691335604388
15819,1,0.1726940723552368
15820,1,0.8624856943822462
15821,1,0.5631914108289428
15822,0,0.0487131768392206
15823,1,0.4172792962767767
15824,0,0.026257029801800155
15825,0,0.010599399013021954
15826,0,0.0015873015873015875
15827,0,0.016927530079098512
15828,0,0.0005393743257820928
15829,0,0.003283130118318373
15830,0,0.11146051902292253
15831,0,0.09894461571503448
15832,0,0.0803023553406793
15833,0,0.05220733387010418
15834,0,0.010599399013021954
15835,0,0.05277633888745
15836,0,0.0004208754208754209
15837,0,0.019615370490237934
15838,0,0.11813885859687386
15839,0,0.010599399013021954
15840,0,0.04940227471187223
15841,0,0.7842413381123059
15842,1,0.23837371752863754
15843,0,0.5472688607867838
15844,0,0.1934465140604256
15845,0,0.43111254586074726
15846,1,0.595340045255254
15847,0,0.1893439996984773
15848,1,0.5903714767741369
15849,0,0.4000675970431881
15850,1,0.5341435678453083
15851,0,0.45890386095405256
15852,0,0.4515327813828596
15853,1,0.26116780148475677
15854,0,0.2689505895645011
15855,0,0.019751882595666976
15856,1,0.5960319601502725
15857,0,0.1431291667961373
15858,0,0.34680171209504795
15859,0,0.01724914519032166
15860,1,0.5260868116379692
15861,1,0.5685735321462185
15862,0,0.05868901452532371
15863,0,0.0281862605791882
15864,1,0.4025180273134086
15865,0,0.0040657901769012884
15866,0,0.01877443293432453
15867,1,0.49494056852573126
15868,1,0.4727999731983988
15869,0,0.021616020145431913
15870,1,0.5260868116379692
15871,0,0.0015873015873015875
15872,0,0.02510256400040109
15873,1,0.6954256395432866
15874,1,0.5648997008070075
15875,0,0.43419520789288235
15876,0,0.4802025926709663
15877,0,0.010599399013021954
15878,1,0.790786676554196
15879,0,0.025416092245886753
15880,0,0.10276317345633218
15881,0,0.10560599906537566
15882,1,0.8148522167487685
15883,0,0.4266681014163029
15884,0,0.0
15885,0,0.010599399013021954
15886,1,0.5607429779723789
15887,1,0.6232428368967046
15888,0,0.24747138981537528
15889,0,0.36548103917871355
15890,0,0.0
15891,0,0.3387308463698355
15892,1,0.4675785689264676
15893,1,0.5804175249537455
15894,1,0.7080987429788795
15895,0,0.010599399013021954
15896,1,0.4412775055200288
15897,1,0.4560012950888092
15898,0,0.05146354563394704
15899,0,0.520669450659713
15900,0,0.4412775055200288
15901,0,0.03122220916338564
15902,0,0.0009602497466575137
15903,1,0.7427872419090219
15904,0,0.002547551333959101
15905,0,0.00480136896126056
15906,0,0.026671014714979135
15907,1,0.5166708697066899
15908,0,0.08873302529585016
15909,0,0.12750802109433482
15910,1,0.8202568041277719
15911,0,0.010599399013021954
15912,0,0.11395242483128294
15913,0,0.0647694693209374
15914,0,0.04300295381205299
15915,0,0.0
15916,0,0.29248653995161605
15917,1,0.5723075320867591
15918,0,0.12498994032800466
15919,0,0.003283130118318373
15920,0,0.11200292734099167
15921,0,0.46670664754677804
15922,0,0.40521431879225717
15923,0,0.171145369643013
15924,0,0.020342883648902573
15925,1,0.7240291725294554
15926,0,0.48926687785331735
15927,1,0.5849081305016899
15928,1,0.4540992300614286
15929,0,0.0
15930,1,0.47736004305771745
15931,0,0.002862254697442952
15932,0,0.21054715632301782
15933,0,0.3173014169404061
15934,1,0.6706818267101955
15935,0,0.13656231094978827
15936,0,0.38900477824730156
15937,0,0.5960319601502725
15938,0,0.5820476493318137
15939,0,0.020872984663217742
15940,0,0.05457497150357501
15941,1,0.5166313597992361
15942,0,0.3597378832574694
15943,1,0.80331541218638
15944,1,0.28701854880058747
15945,1,0.8420613034423704
15946,0,0.19801691335604388
15947,0,0.3453623744664471
15948,0,0.20634076945554455
15949,0,0.13166497793114298
15950,0,0.0588489931816664
15951,0,0.8657616976582494
15952,0,0.0
15953,0,0.0009602497466575137
15954,1,0.5182560619346638
15955,0,0.12899189586752363
15956,1,0.4841314644719996
15957,1,0.7271661786689109
15958,1,0.6450736012880226
15959,0,0.01454485359714118
15960,0,0.0
15961,0,0.011576848674364397
15962,0,0.002547551333959101
15963,0,0.03084882234932086
15964,0,0.4819910174503688
15965,0,0.4567554381994216
15966,0,0.12605338755848883
15967,1,0.5612225111249709
15968,0,0.0
15969,0,0.5514823938799162
15970,1,0.45419176294004604
15971,0,0.05286751652208257
15972,0,0.09469696969696971
15973,0,0.23899751366242863
15974,1,0.6593111527512105
15975,1,0.5795260091844139
15976,1,0.4302016866933258
15977,0,0.31208491410906886
15978,1,0.4065961662351554
15979,0,0.15502694859038144
15980,0,0.036361294500490776
15981,1,0.7108705778034178
15982,0,0.05146354563394704
15983,0,0.0
15984,0,0.10303065357062337
15985,1,0.48438639266225475
15986,0,0.03495193714684496
15987,0,0.00480136896126056
15988,1,0.5603876974189805
15989,0,0.2595529566374564
15990,0,0.012568111821843165
15991,0,0.027595259525952598
15992,1,0.45505647112757314
15993,0,0.14064588062921637
15994,0,0.19407308047646574
15995,0,0.0005393743257820928
15996,0,0.4802025926709663
15997,0,0.065169133192389
15998,0,0.005778818622603001
15999,1,0.457642362364427
16000,0,0.519361871206847
16001,0,0.0
16002,0,0.018442775943307576
16003,1,0.2551452784503632
16004,0,0.07572196695119189
16005,0,0.0020081770081770084
16006,1,0.5958783549507859
16007,0,0.07742505103815882
16008,1,0.44020455394646
16009,0,0.06811030966297725
16010,0,0.020342883648902573
16011,0,0.522013481116512
16012,1,0.7644918536757453
16013,0,0.5010277308778092
16014,0,0.05345359508645512
16015,0,0.12524668612554424
16016,0,0.4567554381994216
16017,0,0.516461997983206
16018,1,0.4862398514819124
16019,0,0.04871517314481922
16020,0,0.393832141805232
16021,0,0.016927530079098512
16022,0,0.05270980685029799
16023,0,0.400866116563791
16024,0,0.4887968337063591
16025,0,0.0005393743257820928
16026,0,0.3703146374829001
16027,0,0.06342938157115381
16028,0,0.5011883429096692
16029,0,0.07646472777713127
16030,0,0.5256681213959924
16031,1,0.1466805228244741
16032,1,0.2867839846359385
16033,1,0.6784792991842848
16034,0,0.0040657901769012884
16035,0,0.28397299218194744
16036,0,0.12199500061342167
16037,0,0.03484604863628171
16038,1,0.23837371752863754
16039,0,0.3544818049490539
16040,0,0.21889358208892515
16041,0,0.42528365623447595
16042,0,0.03043262278980241
16043,0,0.0009602497466575137
16044,0,0.0009602497466575137
16045,0,0.08383569227720489
16046,1,0.5649745080641786
16047,0,0.20030794144216083
16048,1,0.838173018753781
16049,0,0.17743105446460775
16050,1,0.47125947940151675
16051,1,0.45698825577176444
16052,1,0.171145369643013
16053,0,0.0005393743257820928
16054,0,0.5380082766943212
16055,0,0.010599399013021954
16056,0,0.09055985778297293
16057,1,0.6077998200071377
16058,1,0.5230279046139253
16059,0,0.0009602497466575137
16060,1,0.7328991844019166
16061,1,0.5469119498448122
16062,0,0.38453896716608577
16063,0,0.0004208754208754209
16064,0,0.7465562720939065
16065,1,0.6450736012880226
16066,0,0.0040657901769012884
16067,1,0.8438036493844115
16068,1,0.35268320116015506
16069,0,0.11395242483128294
16070,0,0.0635298700720854
16071,0,0.18195679849911006
16072,1,0.6189236496557201
16073,0,0.23449705618296532
16074,0,0.12498994032800466
16075,0,0.5171459875635124
16076,1,0.814170653907496
16077,0,0.4129158015675765
16078,1,0.5035265813314299
16079,0,0.0
16080,1,0.11627369394359684
16081,0,0.07808609614767592
16082,0,0.002547551333959101
16083,0,0.0004208754208754209
16084,0,0.03786567909095779
16085,1,0.5737774157540653
16086,0,0.439605111312785
16087,1,0.7212711629378296
16088,1,0.6232428368967046
16089,0,0.46431705522003597
16090,0,0.44641291890134654
16091,0,0.05604393402343446
16092,0,0.2937058298900404
16093,0,0.0009602497466575137
16094,1,0.4302656692900595
16095,0,0.5258919438916988
16096,0,0.0
16097,0,0.5735845168957124
16098,0,0.3079378307897847
16099,0,0.0440322999488016
16100,0,0.03632466290285515
16101,0,0.003283130118318373
16102,0,0.003283130118318373
16103,1,0.3888788663802105
16104,0,0.5354875983021071
16105,0,0.009081160170079768
16106,0,0.09826671998696614
16107,0,0.43757302492220823
16108,0,0.0004208754208754209
16109,1,0.6449983652562462
16110,0,0.002547551333959101
16111,0,0.0888813928987302
16112,0,0.048873155495563286
16113,0,0.45698825577176444
16114,0,0.40379476028639943
16115,0,0.05220733387010418
16116,1,0.7310330678203402
16117,0,0.0004208754208754209
16118,1,0.5812431015326127
16119,0,0.46013325522874754
16120,0,0.16542441645686015
16121,0,0.002547551333959101
16122,1,0.553451293583888
16123,0,0.005778818622603001
16124,0,0.39854121863799286
16125,1,0.36031019477956233
16126,0,0.012568111821843165
16127,0,0.327545891174677
16128,0,0.28953117014508173
16129,0,0.3616197758774113
16130,0,0.00480136896126056
16131,1,0.27686334971530363
16132,0,0.3134410147187606
16133,0,0.3354883161393724
16134,1,0.3660548356830297
16135,0,0.47953624961389635
16136,0,0.00480136896126056
16137,0,0.320236260914227
16138,0,0.5514823938799162
16139,0,0.0005393743257820928
16140,1,0.7638142962537428
16141,0,0.31181648074664026
16142,0,0.05146354563394704
16143,1,0.3453623744664471
16144,0,0.11426426230978222
16145,1,0.6261966707857998
16146,0,0.0440322999488016
16147,1,0.5427234335491217
16148,0,0.6449983652562462
16149,1,0.4781899721832981
16150,0,0.08383569227720489
16151,0,0.0
16152,1,0.6257354194362068
16153,1,0.7679103410670232
16154,0,0.1962665983028742
16155,0,0.002547551333959101
16156,0,0.0015873015873015875
16157,1,0.6709191246825655
16158,0,0.3592620736237757
16159,1,0.4786281126031298
16160,0,0.01005860983142221
16161,1,0.26313901506957965
16162,0,0.6563895470231742
16163,0,0.15229002048580628
16164,1,0.5951992215922068
16165,1,0.6693509239427607
16166,0,0.023047175242083055
16167,0,0.06912653978257485
16168,0,0.0020081770081770084
16169,0,0.10241542274912531
16170,0,0.0009602497466575137
16171,1,0.28266488413547236
16172,0,0.03484604863628171
16173,1,0.31042895957738265
16174,1,0.7621773353340174
16175,0,0.048612688338289
16176,0,0.065169133192389
16177,0,0.00480136896126056
16178,0,0.08873302529585016
16179,0,0.0004208754208754209
16180,1,0.4377176450929652
16181,0,0.07240458944471824
16182,1,0.6703587104440994
16183,1,0.8170088631911292
16184,0,0.5733435763873098
16185,1,0.45505647112757314
16186,1,0.4783218305078934
16187,0,0.12520300718431043
16188,1,0.708295716282218
16189,0,0.06342938157115381
16190,0,0.2954757848113057
16191,0,0.2758198428219614
16192,0,0.47736004305771745
16193,0,0.0
16194,1,0.40379476028639943
16195,0,0.3420897573830932
16196,1,0.552514733312295
16197,0,0.003283130118318373
16198,0,0.4949799779547826
16199,0,0.003283130118318373
16200,0,0.41100660727925975
16201,0,0.3903010329281516
16202,1,0.6189236496557201
16203,0,0.010599399013021954
16204,0,0.5742764317907308
16205,0,0.16315459867102625
16206,1,0.3390567119086658
16207,0,0.48413307595191474
16208,1,0.7468692199451209
16209,1,0.6635732623854521
16210,1,0.4802025926709663
16211,0,0.27602703248400856
16212,0,0.12209610564873723
16213,1,0.37860139220721817
16214,0,0.49013879923300685
16215,0,0.519726629107291
16216,1,0.5166313597992361
16217,0,0.019615370490237934
16218,0,0.065169133192389
16219,0,0.09385795160373116
16220,0,0.21343509562249566
16221,1,0.5380082766943212
16222,1,0.379999122345094
16223,0,0.00480136896126056
16224,1,0.3756356511029
16225,0,0.4832461517869094
16226,1,0.6450736012880226
16227,0,0.44080865327702695
16228,0,0.044821886322384825
16229,0,0.16876409633235842
16230,0,0.09894461571503448
16231,0,0.3025372932152593
16232,0,0.2867839846359385
16233,0,0.04606814753873578
16234,0,0.3506373311711553
16235,1,0.3805723879183595
16236,0,0.09849240685372701
16237,1,0.12833349279244802
16238,0,0.22221571155123243
16239,1,0.526313197701929
16240,0,0.18154283750949174
16241,0,0.004485852311939269
16242,0,0.21889358208892515
16243,1,0.5230279046139253
16244,0,0.3240609350619644
16245,0,0.019751882595666976
16246,1,0.6574812733510323
16247,0,0.4743929587068601
16248,0,0.0009602497466575137
16249,0,0.032095083565671804
16250,1,0.48332538556461585
16251,0,0.14240131131947276
16252,0,0.0009602497466575137
16253,1,0.521257680351888
16254,0,0.3243452254548029
16255,0,0.0
16256,0,0.3991674132981861
16257,1,0.6803729628564802
16258,0,0.4377176450929652
16259,1,0.3195116271506163
16260,0,0.162482291659887
16261,0,0.4567554381994216
16262,1,0.6189236496557201
16263,1,0.675245939673842
16264,0,0.2674457908096614
16265,0,0.25481515897007895
16266,0,0.04300295381205299
16267,1,0.6735948751519686
16268,0,0.0
16269,0,0.2676939468488669
16270,0,0.013026614754198994
16271,1,0.23834108312352684
16272,1,0.393832141805232
16273,1,0.23673655735046886
16274,0,0.521257680351888
16275,0,0.01005860983142221
16276,0,0.10428058740240233
16277,0,0.3146671032958891
16278,0,0.0004208754208754209
16279,0,0.5264109869517446
16280,0,0.009081160170079768
16281,1,0.5784486252497737
16282,0,0.0830523442024759
16283,0,0.1487735307098612
16284,1,0.7147024784852084
16285,0,0.039658790075991615
16286,0,0.010704757784576085
16287,0,0.1579016108584604
16288,0,0.02935885512611856
16289,0,0.5166708697066899
16290,0,0.527318286412494
16291,0,0.0004208754208754209
16292,0,0.008345581385720497
16293,0,0.26125987562126346
16294,0,0.45191226978619276
16295,0,0.3734894234894235
16296,0,0.003283130118318373
16297,0,0.011576848674364397
16298,0,0.5951992215922068
16299,1,0.4959509467766348
16300,0,0.4325903450648351
16301,0,0.19741777960517962
16302,0,0.05678772225959159
16303,0,0.043352872601120945
16304,0,0.5170864123252238
16305,0,0.002547551333959101
16306,0,0.0009602497466575137
16307,0,0.12346988698516485
16308,1,0.20303762775601694
16309,0,0.45419176294004604
16310,0,0.11433518129100152
16311,0,0.6930492458410553
16312,1,0.5475098012951866
16313,0,0.18285922052738193
16314,0,0.39407000407000403
16315,1,0.4697165609447234
16316,0,0.7689328150132585
16317,0,0.21864110185005706
16318,0,0.00480136896126056
16319,0,0.10560599906537566
16320,0,0.12378987884070998
16321,0,0.16418904836228196
16322,1,0.328799329947753
16323,1,0.546381299332119
16324,0,0.0005393743257820928
16325,1,0.6985696687731884
16326,0,0.09707945106175747
16327,0,0.044821886322384825
16328,1,0.6668291296475641
16329,0,0.003283130118318373
16330,0,0.756199538638985
16331,1,0.4567638645685517
16332,1,0.5664296529180414
16333,0,0.31042895957738265
16334,1,0.4997127739984883
16335,1,0.400866116563791
16336,0,0.1571199564757685
16337,1,0.7022037272477982
16338,1,0.6507031856465207
16339,0,0.0
16340,1,0.5566520670898668
16341,0,0.020342883648902573
16342,0,0.0009602497466575137
16343,0,0.010599399013021954
16344,0,0.0009602497466575137
16345,0,0.6286637669007749
16346,0,0.04148770794784393
16347,0,0.2779290186069847
16348,1,0.624893901418578
16349,1,0.43757302492220823
16350,1,0.7662593133701164
16351,0,0.21054715632301782
16352,1,0.624893901418578
16353,1,0.202419506242373
16354,1,0.6668291296475641
16355,0,0.003283130118318373
16356,0,0.43669452712633294
16357,0,0.4265234812455459
16358,0,0.11440924770189893
16359,1,0.4278087690275587
16360,1,0.5455409015912147
16361,0,0.10606282193599163
16362,1,0.6435546427366469
16363,0,0.0
16364,1,0.6407544140470383
16365,0,0.0024784885895997007
16366,0,0.20581807554502943
16367,0,0.00480136896126056
16368,0,0.00480136896126056
16369,0,0.0024784885895997007
16370,1,0.457642362364427
16371,1,0.8489290755624693
16372,0,0.3828680897646415
16373,0,0.42703360723446804
16374,0,0.043126971068147536
16375,0,0.034056462262698484
16376,0,0.05038840135977235
16377,0,0.31181648074664026
16378,1,0.5314473162663302
16379,0,0.4280825107096293
16380,1,0.03272167297330575
16381,0,0.002547551333959101
16382,0,0.0004208754208754209
16383,0,0.07808609614767592
16384,0,0.21041352944568437
16385,1,0.49280381142003843
16386,0,0.044821886322384825
16387,0,0.08383569227720489
16388,0,0.048873155495563286
16389,0,0.0009602497466575137
16390,0,0.003283130118318373
16391,0,0.43668610075720277
16392,0,0.09849240685372701
16393,1,0.30790378401336144
16394,0,0.45095311665079113
16395,0,0.1388022823885961
16396,1,0.6727241453786456
16397,0,0.4820483932164296
16398,1,0.37193066255778123
16399,0,0.010599399013021954
16400,0,0.26229330077025464
16401,1,0.07696822816754284
16402,1,0.34699491870160265
16403,1,0.4525655782632527
16404,1,0.14878985385860982
16405,0,0.171145369643013
16406,1,0.2279762496621588
16407,0,0.0009602497466575137
16408,0,0.18154283750949174
16409,1,0.5010277308778092
16410,1,0.16873318812635388
16411,1,0.5166708697066899
16412,1,0.35137178182498746
16413,0,0.5792813638078393
16414,1,0.6232428368967046
16415,0,0.202419506242373
16416,0,0.07808609614767592
16417,0,0.020342883648902573
16418,0,0.0005393743257820928
16419,1,0.4615712341654603
16420,1,0.40215646506145236
16421,0,0.5411111382855592
16422,0,0.7713965831292006
16423,1,0.46849894240164147
16424,1,0.5204429617273654
16425,0,0.006758279798418909
16426,0,0.05146354563394704
16427,0,0.28709709735287114
16428,0,0.013303690606202435
16429,0,0.1117361656382796
16430,1,0.5260868116379692
16431,0,0.017904979740440956
16432,1,0.5093362152955362
16433,1,0.6804481988882567
16434,0,0.003283130118318373
16435,1,0.3155243062022723
16436,0,0.010599399013021954
16437,1,0.6209925958190677
16438,0,0.00480136896126056
16439,1,0.5753766315910529
16440,0,0.4025180273134086
16441,0,0.021183821204815975
16442,0,0.4272975257415092
16443,0,0.0
16444,0,0.026080013661743534
16445,0,0.003283130118318373
16446,0,0.5752068219434295
16447,0,0.1571199564757685
16448,0,0.07350570775818852
16449,0,0.09849240685372701
16450,1,0.4567554381994216
16451,0,0.549301915990527
16452,1,0.7427872419090219
16453,1,0.8393626880468985
16454,0,0.12833349279244802
16455,0,0.18567369697673786
16456,0,0.02618590217230678
16457,0,0.09336938696832087
16458,1,0.7806127094836772
16459,1,0.5795260091844139
16460,1,0.7529612089795407
16461,1,0.7415277233613397
16462,0,0.30610934744268076
16463,0,0.0
16464,1,0.6445425543615683
16465,1,0.594207523280947
16466,0,0.11736939531057178
16467,0,0.5006760741288808
16468,0,0.005778818622603001
16469,0,0.0024784885895997007
16470,0,0.24168766604504435
16471,0,0.17618287331505558
16472,1,0.22060683678811452
16473,0,0.0009602497466575137
16474,0,0.08601631683009785
16475,0,0.0009602497466575137
16476,0,0.00480136896126056
16477,1,0.4743929587068601
16478,0,0.0009602497466575137
16479,0,0.5817251044066117
16480,0,0.0
16481,0,0.41094170731206914
16482,0,0.028517917570205154
16483,0,0.30128180339664307
16484,0,0.1818984923034123
16485,0,0.01877443293432453
16486,0,0.16245290982133087
16487,1,0.202419506242373
16488,0,0.36561123495932496
16489,0,0.33816483487377386
16490,1,0.7049755620723364
16491,1,0.419695064791839
16492,0,0.02856926875253533
16493,0,0.06342938157115381
16494,0,0.5033947230068346
16495,0,0.33461056470275946
16496,1,0.7405105256068424
16497,0,0.03122220916338564
16498,0,0.17150102443693357
16499,1,0.49461502967302357
16500,0,0.7366952528746019
16501,1,0.6398659708843025
16502,1,0.761405764129108
16503,0,0.020592820151580375
16504,1,0.5704830952174336
16505,0,0.20634076945554455
16506,0,0.050512418615866896
16507,0,0.036361294500490776
16508,0,0.06342938157115381
16509,1,0.4735060345418547
16510,0,0.07296307626226978
16511,0,0.655723570834221
16512,0,0.01877443293432453
16513,1,0.47953624961389635
16514,0,0.4835432347798247
16515,0,0.36332909486463577
16516,1,0.6735948751519686
16517,0,0.46075895746663115
16518,0,0.6105421216364183
16519,1,0.4969531890133994
16520,0,0.4103301676761393
16521,0,0.09849240685372701
16522,1,0.6509686170191039
16523,0,0.11440924770189893
16524,0,0.06600259540517157
16525,0,0.3521371177737298
16526,1,0.7470661932484592
16527,0,0.24581922492370253
16528,0,0.1292672864979408
16529,1,0.6232428368967046
16530,1,0.4394166121648136
16531,1,0.553451293583888
16532,0,0.26313901506957965
16533,0,0.13651470146592337
16534,0,0.0740793520205285
16535,0,0.15898512112904553
16536,0,0.16876409633235842
16537,1,0.20303762775601694
16538,1,0.8567526886492404
16539,0,0.46205280340853144
16540,0,0.15352663466261604
16541,0,0.5087209678065628
16542,0,0.479850935922038
16543,0,0.35240485040592345
16544,1,0.43757302492220823
16545,0,0.3879426129426129
16546,0,0.0005393743257820928
16547,0,0.15502694859038144
16548,1,0.131281328320802
16549,1,0.6003511473912567
16550,0,0.04148770794784393
16551,0,0.24475289588464855
16552,0,0.05220733387010418
16553,0,0.1941805209415771
16554,0,0.11972944868195357
16555,1,0.553451293583888
16556,0,0.0
16557,0,0.002547551333959101
16558,0,0.48332538556461585
16559,0,0.0
16560,0,0.08611145399694564
16561,0,0.18761944548956513
16562,0,0.04940227471187223
16563,0,0.15290851314897214
16564,0,0.202419506242373
16565,0,0.7271661786689109
16566,0,0.16549951192460446
16567,0,0.002547551333959101
16568,0,0.10338973987237228
16569,0,0.24441769110360023
16570,0,0.42320954447961484
16571,0,0.044821886322384825
16572,0,0.13823369911255723
16573,1,0.49494056852573126
16574,0,0.05678772225959159
16575,0,0.06342938157115381
16576,0,0.13645085542496757
16577,0,0.044821886322384825
16578,0,0.003283130118318373
16579,0,0.11224783928411523
16580,0,0.14490873671569557
16581,0,0.5914170686031315
16582,0,0.5820476493318137
16583,0,0.05504330421089578
16584,0,0.04300295381205299
16585,1,0.4691843162810905
16586,1,0.6926746530421072
16587,1,0.5217071990212756
16588,1,0.34121140867865757
16589,0,0.5514823938799162
16590,1,0.5632682736703244
16591,1,0.3289576959343788
16592,0,0.5724519949214054
16593,1,0.6296305843984557
16594,0,0.017904979740440956
16595,1,0.21889358208892515
16596,1,0.5603481875115267
16597,1,0.655723570834221
16598,0,0.38762377685034544
16599,1,0.7174290616727438
16600,0,0.04374674204821013
16601,1,0.6471194605872758
16602,0,0.5093362152955362
16603,0,0.11690026035963695
16604,1,0.5635707235140587
16605,0,0.26768860800556327
16606,0,0.003283130118318373
16607,1,0.46844849139931105
16608,0,0.5742764317907308
16609,0,0.06071415783494341
16610,0,0.1425110452824934
16611,1,0.8489290755624693
16612,1,0.7427872419090219
16613,0,0.36028624808542525
16614,0,0.4722758418879535
16615,0,0.17876896495317549
16616,0,0.09159661663494058
16617,1,0.8311403508771931
16618,0,0.171145369643013
16619,0,0.4481518481518481
16620,0,0.01005860983142221
16621,0,0.6962517503172737
16622,1,0.5171083027585269
16623,1,0.34165620165620164
16624,0,0.7207791135013534
16625,0,0.202419506242373
16626,0,0.01724914519032166
16627,0,0.37450753985351143
16628,1,0.3250908482728937
16629,1,0.5951992215922068
16630,0,0.11235280590332027
16631,1,0.4265234812455459
16632,0,0.21864110185005706
16633,0,0.010599399013021954
16634,0,0.4770575932139833
16635,1,0.475125808569792
16636,0,0.003283130118318373
16637,0,0.03043262278980241
16638,0,0.05345359508645512
16639,0,0.03250895135118948
16640,1,0.8001762410953493
16641,0,0.09336158192090395
16642,1,0.5035265813314299
16643,0,0.26721177505971944
16644,0,0.488541905516104
16645,1,0.6298988334356864
16646,0,0.6709191246825655
16647,0,0.21099779959377116
16648,0,0.013026614754198994
16649,1,0.3235786549542955
16650,0,0.29541180221457203
16651,1,0.360618881395788
16652,0,0.4525435116377192
16653,0,0.07645024472948554
16654,0,0.2766210809341087
16655,0,0.06620295213570475
16656,0,0.0005393743257820928
16657,0,0.36402780796564516
16658,0,0.12621505735103872
16659,1,0.7874755756943695
16660,0,0.05604393402343446
16661,1,0.5996080866407993
16662,0,0.01887979170587866
16663,0,0.2279762496621588
16664,0,0.002547551333959101
16665,0,0.026671014714979135
16666,0,0.19801691335604388
16667,0,0.3484107065559215
16668,1,0.7024365579246178
16669,0,0.03664685240108225
16670,0,0.03122220916338564
16671,0,0.0
16672,1,0.594844280880542
16673,1,0.818611615245009
16674,0,0.026671014714979135
16675,0,0.7839102849904108
16676,0,0.4122025121756024
16677,1,0.692114238803641
16678,0,0.3571069147459039
16679,0,0.0440322999488016
16680,0,0.521257680351888
16681,0,0.3822242986679771
16682,0,0.49101169672469797
16683,0,0.44968090013961576
16684,0,0.0004208754208754209
16685,0,0.12605338755848883
16686,0,0.3307319147459039
16687,1,0.49808877153275494
16688,0,0.2473156951417821
16689,0,0.0004208754208754209
16690,0,0.05225356601304936
16691,0,0.3315293550063089
16692,0,0.5960319601502725
16693,0,0.07645024472948554
16694,0,0.010599399013021954
16695,0,0.4511874369320286
16696,1,0.5093362152955362
16697,0,0.0830523442024759
16698,0,0.05504330421089578
16699,0,0.07791093803325044
16700,1,0.6804481988882567
16701,0,0.3822242986679771
16702,0,0.10552684861875328
16703,0,0.49992027336425676
16704,0,0.5260868116379692
16705,1,0.3531393010597556
16706,1,0.18761944548956513
16707,0,0.28763487562126344
16708,0,0.00480136896126056
16709,0,0.0888813928987302
16710,1,0.5066933062584541
16711,1,0.4525655782632527
16712,0,0.13656231094978827
16713,0,0.05689303092102583
16714,1,0.6793278808849744
16715,0,0.19801691335604388
16716,1,0.5514823938799162
16717,0,0.03122220916338564
16718,1,0.35940789938098955
16719,0,0.08969400351403811
16720,1,0.3819224806201551
16721,0,0.13478274103023
16722,0,0.24441769110360023
16723,0,0.003283130118318373
16724,0,0.1870203117387009
16725,0,0.05220733387010418
16726,0,0.10543625551995152
16727,0,0.026671014714979135
16728,1,0.33461056470275946
16729,1,0.28701854880058747
16730,0,0.4648629345868274
16731,0,0.5260868116379692
16732,1,0.7806127094836772
16733,1,0.44735105832842953
16734,0,0.027595259525952598
16735,0,0.11508973400789545
16736,1,0.7240291725294554
16737,0,0.38668519477956237
16738,0,0.010599399013021954
16739,0,0.011576848674364397
16740,0,0.6994403985465115
16741,0,0.0009602497466575137
16742,1,0.6355256001295371
16743,0,0.10116548891734635
16744,0,0.07350570775818852
16745,0,0.02935885512611856
16746,1,0.8657616976582494
16747,0,0.8068348961206104
16748,1,0.6232428368967046
16749,0,0.013303690606202435
16750,0,0.036361294500490776
16751,1,0.6087221912375287
16752,1,0.6246284700459949
16753,1,0.8567526886492404
16754,0,0.00480136896126056
16755,0,0.6668291296475641
16756,1,0.4996178235205225
16757,0,0.22697804338657637
16758,0,0.24669757362813818
16759,0,0.2279762496621588
16760,1,0.6450736012880226
16761,0,0.12621505735103872
16762,1,0.5619362764924022
16763,1,0.751758577301472
16764,0,0.04148770794784393
16765,1,0.6709191246825655
16766,0,0.041964389378182476
16767,0,0.6668291296475641
16768,0,0.020342883648902573
16769,0,0.47953624961389635
16770,1,0.521257680351888
16771,0,0.05604393402343446
16772,0,0.3787093105899076
16773,0,0.22949050820558434
16774,1,0.7427872419090219
16775,1,0.48593491262352356
16776,0,0.4038587428831331
16777,0,0.11581758948455996
16778,0,0.43437473094354145
16779,0,0.09083131269065059
16780,0,0.0009602497466575137
16781,0,0.0009602497466575137
16782,0,0.0507383201488403
16783,0,0.3543234389624281
16784,0,0.3315293550063089
16785,0,0.003283130118318373
16786,0,0.016927530079098512
16787,0,0.00480136896126056
16788,0,0.0
16789,0,0.2796130909161318
16790,0,0.5011883429096692
16791,0,0.03484604863628171
16792,0,0.0588489931816664
16793,1,0.8657616976582494
16794,0,0.0004208754208754209
16795,1,0.2961379792831943
16796,1,0.6804481988882567
16797,0,0.0009602497466575137
16798,0,0.045249316022667206
16799,0,0.31729182543704043
16800,1,0.6077998200071377
16801,1,0.28621734436255936
16802,0,0.682008636535112
16803,0,0.10606282193599163
16804,0,0.0009602497466575137
16805,0,0.46598167520956474
16806,0,0.5258919438916988
16807,0,0.7070536610073738
16808,0,0.0009602497466575137
16809,0,0.40551425526245666
16810,0,0.1425110452824934
16811,1,0.770549250385316
16812,0,0.026671014714979135
16813,0,0.003283130118318373
16814,1,0.811706885791554
16815,0,0.5011883429096692
16816,0,0.05220733387010418
16817,0,0.04148770794784393
16818,1,0.6077998200071377
16819,0,0.5289221635733768
16820,0,0.535664506082031
16821,0,0.1052549045256493
16822,0,0.05146354563394704
16823,1,0.6765487090410639
16824,1,0.6710825256743624
16825,0,0.20395949614488995
16826,0,0.558833414901164
16827,0,0.026671014714979135
16828,1,0.475125808569792
16829,0,0.10525145798833609
16830,0,0.05715407792742911
16831,0,0.7468692199451209
16832,1,0.8479729729729729
16833,1,0.4732057501423806
16834,1,0.5455409015912147
16835,0,0.09155916816731513
16836,0,0.5121715672309438
16837,1,0.37386813186813184
16838,0,0.492102229788725
16839,1,0.4784037213999171
16840,1,0.8161478471290672
16841,0,0.3381043461043461
16842,0,0.003283130118318373
16843,1,0.605772077395327
16844,0,0.016927530079098512
16845,1,0.43757302492220823
16846,0,0.1604420859380758
16847,0,0.11888949859567745
16848,0,0.2747311093922738
16849,1,0.15002522195318804
16850,1,0.41904423245262895
16851,0,0.003283130118318373
16852,1,0.6693509239427607
16853,0,0.010599399013021954
16854,0,0.10747116371865267
16855,1,0.27406682370454444
16856,0,0.46048607146344267
16857,0,0.003283130118318373
16858,0,0.08969400351403811
16859,0,0.3260324336714228
16860,0,0.0
16861,0,0.24168766604504435
16862,1,0.6267701032285796
16863,0,0.8264352283317801
16864,1,0.3015511414986836
16865,1,0.38668519477956237
16866,0,0.5289221635733768
16867,1,0.4083648300163389
16868,0,0.020342883648902573
16869,1,0.45701002270769714
16870,0,0.037893113617433194
16871,1,0.5627118776763508
16872,1,0.558833414901164
16873,0,0.10509450632671735
16874,1,0.49494056852573126
16875,0,0.521257680351888
16876,0,0.0
16877,0,0.059687632056053104
16878,0,0.302407174872251
16879,0,0.0015873015873015875
16880,1,0.5549968791739028
16881,0,0.28701854880058747
16882,0,0.3464174092659686
16883,0,0.553451293583888
16884,0,0.09894461571503448
16885,0,0.011576848674364397
16886,0,0.4030041085820469
16887,0,0.0857008569304819
16888,0,0.1361054880791723
16889,0,0.0004208754208754209
16890,0,0.15157338924155067
16891,0,0.5621871831498059
16892,1,0.5153968213561422
16893,0,0.20763181110047488
16894,0,0.009081160170079768
16895,1,0.400428322079831
16896,0,0.00480136896126056
16897,0,0.19273399014778325
16898,0,0.09336938696832087
16899,0,0.49187640491222506
16900,1,0.6407544140470383
16901,1,0.4841314644719996
16902,1,0.36309029404111365
16903,0,0.31442459053416794
16904,1,0.5380082766943212
16905,1,0.15229002048580628
16906,0,0.13962775408670933
16907,0,0.0004208754208754209
16908,0,0.4742611003822648
16909,1,0.566744732326216
16910,0,0.6261966707857998
16911,1,0.3405976345772695
16912,0,0.6170299859835249
16913,1,0.6709191246825655
16914,0,0.07696822816754284
16915,1,0.8166631755341432
16916,0,0.0004208754208754209
16917,1,0.6768141404136468
16918,0,0.4526034498669887
16919,1,0.690466303949786
16920,0,0.010599399013021954
16921,1,0.3623098142754057
16922,0,0.44484984796732113
16923,1,0.5696985662153112
16924,1,0.4169115890083632
16925,1,0.5093362152955362
16926,0,0.2575929367478567
16927,1,0.7781489413677353
16928,0,0.0
16929,0,0.28763487562126344
16930,0,0.7373401457394296
16931,0,0.46013325522874754
16932,0,0.0009602497466575137
16933,1,0.8624856943822462
16934,0,0.12213363350475832
16935,0,0.2674457908096614
16936,0,0.5367006972414549
16937,1,0.3543234389624281
16938,1,0.5217071990212756
16939,1,0.7118252970787534
16940,1,0.4654814070484537
16941,0,0.14223565465207622
16942,0,0.5121715672309438
16943,0,0.3789392179636082
16944,0,0.0009602497466575137
16945,0,0.07323006114283145
16946,1,0.564082992294847
16947,0,0.5049566026788425
16948,1,0.5287903052487816
16949,1,0.35554748062015507
16950,0,0.0
16951,1,0.7485356873901766
16952,0,0.026671014714979135
16953,1,0.7405208548065692
16954,0,0.034056462262698484
16955,1,0.6849860569188966
16956,1,0.7308002371435207
16957,0,0.02510256400040109
16958,0,0.38507590644626827
16959,0,0.4402018758521001
16960,0,0.24971558292453813
16961,1,0.814170653907496
16962,0,0.12621505735103872
16963,0,0.7096143656170303
16964,0,0.00480136896126056
16965,0,0.0009602497466575137
16966,0,0.06838268787278237
16967,0,0.009081160170079768
16968,1,0.43419520789288235
16969,0,0.1371126347666701
16970,0,0.7049755620723364
16971,0,0.04606814753873578
16972,0,0.48800737071668054
16973,0,0.002547551333959101
16974,0,0.23940371626589288
16975,0,0.4172792962767767
16976,0,0.1757260504444396
16977,1,0.7923698739109518
16978,0,0.042231496184001065
16979,0,0.11440924770189893
16980,1,0.7679103410670232
16981,0,0.3804435148185148
16982,0,0.028517917570205154
16983,0,0.010599399013021954
16984,1,0.5488734280084683
16985,0,0.2967148467148467
16986,1,0.7806127094836772
16987,1,0.7022744959840242
16988,0,0.3026019774495674
16989,0,0.4412775055200288
16990,1,0.5696985662153112
16991,0,0.14223565465207622
16992,0,0.020342883648902573
16993,1,0.3342924112430299
16994,0,0.07366069602911708
16995,0,0.08913303693570451
16996,1,0.814170653907496
16997,1,0.19801691335604388
16998,0,0.00274375579253628
16999,0,0.1579016108584604
17000,0,0.5087209678065628
17001,1,0.5165820082750482
17002,1,0.7520161995879547
17003,0,0.034056462262698484
17004,0,0.02510256400040109
17005,0,0.003283130118318373
17006,0,0.0009602497466575137
17007,0,0.3103535353535353
17008,0,0.09059818994912718
17009,0,0.7366952528746019
17010,1,0.5840165490357855
17011,0,0.04300295381205299
17012,1,0.5011883429096692
17013,0,0.08075917821129526
17014,0,0.1274021218446638
17015,1,0.49101169672469797
17016,0,0.0005393743257820928
17017,0,0.1361054880791723
17018,1,0.5107293774179884
17019,1,0.8311403508771931
17020,0,0.0005393743257820928
17021,1,0.6629932825295031
17022,1,0.46205280340853144
17023,0,0.00480136896126056
17024,0,0.20377386956334323
17025,0,0.49494056852573126
17026,0,0.21254442075337598
17027,0,0.07144443683611369
17028,0,0.014604649707437654
17029,0,0.021183821204815975
17030,1,0.3150879135648675
17031,0,0.22054836710868617
17032,0,0.0888813928987302
17033,0,0.5034503876062475
17034,1,0.6142559087921294
17035,0,0.4802025926709663
17036,0,0.1717634911566569
17037,0,0.3155243062022723
17038,0,0.26884635103375104
17039,1,0.80331541218638
17040,0,0.2119983730519357
17041,1,0.25481515897007895
17042,0,0.25355139506082897
17043,0,0.15269572369721846
17044,0,0.003283130118318373
17045,0,0.023047175242083055
17046,0,0.6365248581933648
17047,0,0.09894461571503448
17048,1,0.6886299975170204
17049,1,0.5861599631757722
17050,0,0.19801691335604388
17051,0,0.10400519677198515
17052,0,0.2779290186069847
17053,0,0.6298780474396779
17054,0,0.40791750549577693
17055,0,0.12524668612554424
17056,1,0.4941106394001506
17057,1,0.5477819146218015
17058,0,0.010599399013021954
17059,1,0.11745188056665566
17060,1,0.7451548417951431
17061,1,0.3724007828026418
17062,0,0.0
17063,0,0.1378509549463299
17064,1,0.7368922261779405
17065,0,0.15337024224809723
17066,0,0.044821886322384825
17067,0,0.24441769110360023
17068,0,0.0
17069,1,0.8438036493844115
17070,1,0.11582080200501253
17071,0,0.09155916816731513
17072,1,0.49059382203780544
17073,0,0.21281697410885178
17074,1,0.7715039696606517
17075,0,0.06342938157115381
17076,0,0.2767524395431372
17077,1,0.33461056470275946
17078,1,0.302407174872251
17079,0,0.0281862605791882
17080,0,0.003283130118318373
17081,0,0.0009602497466575137
17082,0,0.00480136896126056
17083,0,0.5033947230068346
17084,0,0.0004208754208754209
17085,0,0.02935885512611856
17086,1,0.32443877246271013
17087,1,0.4832328526859984
17088,1,0.48593491262352356
17089,1,0.171145369643013
17090,0,0.4615712341654603
17091,0,0.06196041905129437
17092,0,0.00480136896126056
17093,0,0.0
17094,0,0.23708130688253215
17095,0,0.03174422331196331
17096,0,0.4783218305078934
17097,1,0.4802025926709663
17098,1,0.6049393388372615
17099,0,0.048873155495563286
17100,1,0.5685735321462185
17101,0,0.19801691335604388
17102,1,0.605772077395327
17103,0,0.818611615245009
17104,1,0.5879431570608041
17105,1,0.22929104995540386
17106,0,0.264137665615212
17107,0,0.08873302529585016
17108,0,0.5347317975374831
17109,0,0.0
17110,1,0.6737625666579247
17111,1,0.7271661786689109
17112,0,0.4921472792440535
17113,0,0.14064588062921637
17114,1,0.5066933062584541
17115,0,0.228561736770692
17116,0,0.553451293583888
17117,1,0.457642362364427
17118,0,0.5380082766943212
17119,1,0.7207107486993635
17120,1,0.7080987429788795
17121,1,0.2228148453020967
17122,0,0.2279762496621588
17123,0,0.16873318812635388
17124,0,0.15063869536313823
17125,1,0.448122663948352
17126,0,0.36181886945785857
17127,0,0.12529176190133143
17128,0,0.021183821204815975
17129,1,0.5406311805224033
17130,1,0.8219942669942669
17131,0,0.6407544140470383
17132,0,0.11224783928411523
17133,0,0.27596900512392514
17134,1,0.5131905048513022
17135,0,0.28239086869390956
17136,0,0.002547551333959101
17137,0,0.0
17138,1,0.24773170493881333
17139,0,0.05345359508645512
17140,0,0.0005393743257820928
17141,0,0.07323006114283145
17142,1,0.7368922261779405
17143,0,0.00480136896126056
17144,0,0.14157583962135953
17145,1,0.7522892778269122
17146,0,0.0
17147,0,0.011576848674364397
17148,0,0.42842354667876287
17149,0,0.07758713160446891
17150,1,0.5808424025684458
17151,0,0.5960319601502725
17152,0,0.44810171746459954
17153,1,0.28397299218194744
17154,0,0.009081160170079768
17155,0,0.17150102443693357
17156,0,0.3385928671990753
17157,0,0.202419506242373
17158,0,0.06980858541792333
17159,0,0.027728331196621925
17160,0,0.028517917570205154
17161,0,0.3343128307897847
17162,0,0.11287347481489206
17163,0,0.018824644805960387
17164,0,0.3819224806201551
17165,1,0.5723075320867591
17166,0,0.260204568603944
17167,0,0.30547889178193266
17168,1,0.50391885431728
17169,0,0.07831540938276256
17170,0,0.0004208754208754209
17171,1,0.18761944548956513
17172,0,0.535826928883024
17173,0,0.5742764317907308
17174,0,0.2228148453020967
17175,0,0.0
17176,1,0.4802025926709663
17177,1,0.6450736012880226
17178,0,0.7271661786689109
17179,0,0.31181648074664026
17180,0,0.8489290755624693
17181,1,0.814170653907496
17182,0,0.6298780474396779
17183,0,0.012417786230277797
17184,0,0.0005393743257820928
17185,0,0.3015511414986836
17186,0,0.1852435125983215
17187,0,0.043126971068147536
17188,0,0.171145369643013
17189,0,0.08701622824545319
17190,1,0.838963963963964
17191,0,0.2540889819014567
17192,0,0.01877443293432453
17193,0,0.5185967993879989
17194,1,0.5362173605074214
17195,0,0.026671014714979135
17196,0,0.5584562256009965
17197,0,0.16232912697291305
17198,0,0.39587912087912086
17199,0,0.3036906218194897
17200,0,0.5032842084715986
17201,0,0.5153161880631866
17202,0,0.3007669370699779
17203,1,0.4691843162810905
17204,0,0.010599399013021954
17205,1,0.7364928129955453
17206,1,0.4783218305078934
17207,0,0.0803023553406793
17208,1,0.32214524509606474
17209,1,0.6804481988882567
17210,1,0.6355256001295371
17211,0,0.04148770794784393
17212,0,0.011440336568935354
17213,0,0.26969245599549685
17214,1,0.4055780712757457
17215,0,0.39731528633967655
17216,0,0.35050407550407553
17217,0,0.818611615245009
17218,0,0.016927530079098512
17219,0,0.013026614754198994
17220,0,0.11440924770189893
17221,0,0.17646229225176593
17222,1,0.7307948072975395
17223,0,0.0830523442024759
17224,0,0.1188757782726292
17225,1,0.3451601857151125
17226,0,0.29163050657804873
17227,1,0.5742764317907308
17228,1,0.5840165490357855
17229,1,0.4055780712757457
17230,0,0.0005393743257820928
17231,0,0.08969400351403811
17232,0,0.044410189082763736
17233,1,0.7150614617866223
17234,0,0.010599399013021954
17235,0,0.0009602497466575137
17236,0,0.0747059184365686
17237,0,0.020342883648902573
17238,0,0.0009602497466575137
17239,0,0.09159661663494058
17240,0,0.00480136896126056
17241,0,0.13656231094978827
17242,0,0.3723082499240243
17243,0,0.10661314575287344
17244,0,0.553451293583888
17245,0,0.0
17246,0,0.08701622824545319
17247,0,0.05146354563394704
17248,1,0.48410281746298783
17249,0,0.010599399013021954
17250,0,0.14126400214286028
17251,1,0.7520161995879547
17252,1,0.36863446500482683
17253,0,0.0004208754208754209
17254,0,0.003283130118318373
17255,0,0.21041352944568437
17256,0,0.8024680794424954
17257,0,0.03122220916338564
17258,1,0.5008820608144328
17259,0,0.35268320116015506
17260,0,0.002547551333959101
17261,0,0.3919545649053846
17262,0,0.04940227471187223
17263,1,0.8245950124353029
17264,0,0.05345359508645512
17265,1,0.4116729503363297
17266,0,0.16873318812635388
17267,1,0.4062297526001144
17268,0,0.021574973031283706
17269,1,0.3210756210756211
17270,1,0.7587588479427397
17271,0,0.4743929587068601
17272,1,0.6494496584677282
17273,0,0.686077783246755
17274,1,0.7470661932484592
17275,1,0.5307592049527534
17276,0,0.5439923816299458
17277,0,0.06768807388002435
17278,1,0.07607402027603109
17279,0,0.6475201595514427
17280,1,0.5971681212961787
17281,0,0.3819224806201551
17282,0,0.00480136896126056
17283,1,0.6242277710818279
17284,1,0.6954256395432866
17285,0,0.04940227471187223
17286,0,0.41390147924745085
17287,1,0.5631914108289428
17288,0,0.15104334849569512
17289,0,0.0009602497466575137
17290,1,0.6307146428554881
17291,0,0.4265234812455459
17292,0,0.020872984663217742
17293,0,0.11581758948455996
17294,0,0.5101426449068954
17295,1,0.514839367875188
17296,1,0.6994403985465115
17297,0,0.31501090189384146
17298,0,0.80331541218638
17299,0,0.2065004471784133
17300,1,0.6189236496557201
17301,0,0.04148770794784393
17302,0,0.0009602497466575137
17303,1,0.1292672864979408
17304,0,0.05244468189643304
17305,0,0.07240458944471824
17306,0,0.04606814753873578
17307,0,0.12750802109433482
17308,1,0.7080987429788795
17309,0,0.11916159532842752
17310,0,0.16217237746106558
17311,0,0.022388230527426802
17312,1,0.38726888669029463
17313,1,0.6423150951396017
17314,1,0.564082992294847
17315,1,0.5438530428207682
17316,1,0.38775087045066353
17317,0,0.4664822563435653
17318,0,0.08651867252532164
17319,0,0.41412587045066357
17320,0,0.0009602497466575137
17321,0,0.028517917570205154
17322,1,0.013026614754198994
17323,1,0.11287347481489206
17324,1,0.41367581309722096
17325,0,0.4841314644719996
17326,0,0.01877443293432453
17327,0,0.37322376816879244
17328,0,0.10747116371865267
17329,0,0.07808609614767592
17330,1,0.3844749845693521
17331,0,0.0004208754208754209
17332,1,0.3969318420825094
17333,0,0.009081160170079768
17334,1,0.8381166312200795
17335,1,0.5572499185402412
17336,0,0.023897853402944563
17337,1,0.8264352283317801
17338,0,0.5052289152765091
17339,0,0.4512514195287623
17340,0,0.15396937599896146
17341,0,0.48473089155984256
17342,0,0.05220733387010418
17343,0,0.019615370490237934
17344,0,0.03484604863628171
17345,0,0.4846130337150707
17346,0,0.1818984923034123
17347,1,0.5008820608144328
17348,0,0.04122724079056966
17349,0,0.0056423065171739605
17350,1,0.818611615245009
17351,1,0.6261966707857998
17352,0,0.0588489931816664
17353,0,0.0009602497466575137
17354,1,0.5436371010765474
17355,1,0.38579494579494583
17356,0,0.4866997912638144
17357,0,0.4675785689264676
17358,1,0.27601780294836753
17359,1,0.5179511205127509
17360,1,0.5218982953422787
17361,0,0.2976835593350188
17362,0,0.14667207792207793
17363,0,0.3043066039455931
17364,0,0.1917361448519219
17365,0,0.5861599631757722
17366,0,0.162687488352285
17367,0,0.45545920378399685
17368,0,0.24440396775356957
17369,0,0.11125866722509191
17370,0,0.3532032836564893
17371,0,0.06342938157115381
17372,0,0.0588489931816664
17373,0,0.05270980685029799
17374,0,0.03122220916338564
17375,0,0.0005393743257820928
17376,1,0.1204438898971567
17377,1,0.0934617812882176
17378,0,0.010599399013021954
17379,0,0.00480136896126056
17380,0,0.1870203117387009
17381,0,0.08383569227720489
17382,0,0.0
17383,0,0.0440322999488016
17384,0,0.4841314644719996
17385,1,0.7678563359597842
17386,0,0.05220733387010418
17387,0,0.3155243062022723
17388,0,0.03600051443768077
17389,0,0.3544818049490539
17390,0,0.5812431015326127
17391,0,0.06342938157115381
17392,0,0.003283130118318373
17393,1,0.5087980452119686
17394,1,0.3532032836564893
17395,0,0.1076139326522566
17396,0,0.0
17397,0,0.5010277308778092
17398,0,0.026080013661743534
17399,1,0.6985696687731884
17400,0,0.026903367765201625
17401,0,0.0009602497466575137
17402,1,0.7612226160586818
17403,1,0.10008915667173451
17404,0,0.013026614754198994
17405,0,0.07696822816754284
17406,1,0.7820226557068661
17407,1,0.6296305843984557
17408,1,0.6845712882187046
17409,0,0.18761944548956513
17410,1,0.6668291296475641
17411,0,0.3491035152799859
17412,0,0.005032591651489102
17413,1,0.8046782496782496
17414,0,0.026671014714979135
17415,0,0.002547551333959101
17416,0,0.05604393402343446
17417,1,0.6298780474396779
17418,0,0.0036449147560258673
17419,1,0.6985696687731884
17420,0,0.0024784885895997007
17421,0,0.006758279798418909
17422,0,0.0056423065171739605
17423,0,0.03484604863628171
17424,1,0.6831447976810182
17425,0,0.048612688338289
17426,0,0.555556935744326
17427,0,0.011576848674364397
17428,0,0.5121715672309438
17429,0,0.08215407792742911
17430,1,0.4151622088759952
17431,1,0.813732859915126
17432,0,0.6466494297781195
17433,1,0.7723513024045362
17434,1,0.7561167102152545
17435,0,0.02588223108025088
17436,0,0.4122025121756024
17437,0,0.2712846126408817
17438,0,0.042231496184001065
17439,1,0.37165792165792166
17440,0,0.21254442075337598
17441,1,0.7735893416927899
17442,1,0.7553276003276004
17443,0,0.3500209088374686
17444,1,0.5960319601502725
17445,0,0.0009602497466575137
17446,0,0.0009602497466575137
17447,0,0.22251776319572927
17448,0,0.28701854880058747
17449,0,0.3079378307897847
17450,1,0.5960319601502725
17451,1,0.7522892778269122
17452,1,0.6471194605872758
17453,0,0.7096143656170303
17454,1,0.7427872419090219
17455,1,0.5308910632773487
17456,0,0.25481515897007895
17457,0,0.6407544140470383
17458,0,0.08810645887981006
17459,0,0.010599399013021954
17460,1,0.7679103410670232
17461,1,0.09392887058495043
17462,0,0.04300295381205299
17463,1,0.5965191275217923
17464,0,0.1717634911566569
17465,0,0.011576848674364397
17466,0,0.05220733387010418
17467,0,0.4325903450648351
17468,0,0.07645024472948554
17469,0,0.04148770794784393
17470,0,0.18761944548956513
17471,0,0.37799294201733225
17472,0,0.5347317975374831
17473,0,0.1444519138450796
17474,0,0.393832141805232
17475,0,0.15003611507496076
17476,0,0.1837034053893145
17477,1,0.14878985385860982
17478,0,0.43757302492220823
17479,1,0.8081550976068276
17480,0,0.2747311093922738
17481,0,0.11690026035963695
17482,0,0.5200106119149704
17483,0,0.14392770354058573
17484,1,0.38762377685034544
17485,1,0.6177091193421038
17486,0,0.044821886322384825
17487,0,0.018442775943307576
17488,0,0.11554655687851141
17489,1,0.793236919317045
17490,1,0.5627118776763508
17491,1,0.49869745004534866
17492,0,0.003283130118318373
17493,0,0.11961841819904347
17494,1,0.7560853462995976
17495,0,0.3098126327567067
17496,0,0.21889358208892515
17497,1,0.7806127094836772
17498,0,0.03515957688176737
17499,1,0.838963963963964
17500,0,0.0004208754208754209
17501,0,0.34837658690034834
17502,1,0.5096179503803506
17503,1,0.8264352283317801
17504,0,0.045249316022667206
17505,1,0.7307948072975395
17506,1,0.4262878758661473
17507,0,0.04527856116515255
17508,0,0.0
17509,1,0.7366952528746019
17510,0,0.1672098811331082
17511,1,0.47552854122621563
17512,0,0.49317731645830126
17513,0,0.22963570649788312
17514,0,0.457642362364427
17515,1,0.20821022069847403
17516,0,0.002547551333959101
17517,0,0.043126971068147536
17518,1,0.5698036393502599
17519,1,0.3854832275430584
17520,1,0.6073178171331387
17521,0,0.042231496184001065
17522,0,0.379999122345094
17523,0,0.004260579779660814
17524,0,0.555556935744326
17525,1,0.6307695632090096
17526,1,0.7005428942524224
17527,0,0.31783875494323255
17528,1,0.564082992294847
17529,0,0.002547551333959101
17530,0,0.013026614754198994
17531,0,0.07391633206298537
17532,0,0.3260599749666046
17533,1,0.3971061818700772
17534,0,0.1717634911566569
17535,1,0.1971697706611318
17536,0,0.0
17537,0,0.46157123416561013
17538,0,0.049768630379709765
17539,0,0.1292672864979408
17540,1,0.7326349388601695
17541,0,0.04233738469456431
17542,1,0.4675645422531532
17543,0,0.04300295381205299
17544,1,0.5429319357197668
17545,0,0.14879673010408814
17546,1,0.4583343839576983
17547,0,0.6343685872910495
17548,0,0.1052549045256493
17549,1,0.8311403508771931
17550,1,0.41250629924206256
17551,0,0.6507031856465207
17552,0,0.03272167297330575
17553,0,0.3453845769183252
17554,0,0.1074769189282362
17555,1,0.6336453434016805
17556,0,0.08075917821129526
17557,0,0.14960464751443048
17558,0,0.13167288844726896
17559,0,0.0
17560,0,0.10501352682491076
17561,1,0.11876542501291397
17562,0,0.06009525439801735
17563,0,0.0
17564,1,0.561617541804932
17565,1,0.5308910632773487
17566,0,0.21105632551528075
17567,0,0.26430301339675194
17568,1,0.6189988856874967
17569,0,0.7839253187613844
17570,0,0.07645024472948554
17571,0,0.31181648074664026
17572,0,0.43419520789288235
17573,0,0.0024784885895997007
17574,0,0.06009525439801735
17575,0,0.4265234812455459
17576,0,0.26969245599549685
17577,0,0.009081160170079768
17578,1,0.5804175249537455
17579,1,0.21889358208892515
17580,0,0.4373486337189955
17581,0,0.7281939775226564
17582,1,0.5723075320867591
17583,1,0.5723075320867591
17584,0,0.22929104995540386
17585,0,0.0009602497466575137
17586,0,0.017904979740440956
17587,0,0.4302016866933258
17588,1,0.4088392828739262
17589,0,0.2766210809341087
17590,0,0.14223565465207622
17591,1,0.4051195477466664
17592,0,0.008345581385720497
17593,0,0.0
17594,0,0.4302016866933258
17595,0,0.22929104995540386
17596,0,0.37547728511627426
17597,0,0.11395242483128294
17598,1,0.7271661786689109
17599,0,0.3635576809036525
17600,0,0.5087479856033723
17601,0,0.027234479463142596
17602,1,0.25481515897007895
17603,1,0.4809583934355904
17604,0,0.4487308107060206
17605,0,0.03484604863628171
17606,0,0.5978618395504506
17607,0,0.4948507539449616
17608,1,0.7899393438103116
17609,0,0.0009602497466575137
17610,0,0.6475201595514427
17611,0,0.3015511414986836
17612,0,0.7070536610073738
17613,1,0.5163684198629556
17614,0,0.3164186507936508
17615,1,0.3459233633906123
17616,0,0.38055406921744866
17617,0,0.01538579115305458
17618,0,0.051401017250360025
17619,0,0.002547551333959101
17620,0,0.00480136896126056
17621,0,0.04300295381205299
17622,1,0.5831565122220356
17623,0,0.43757302492220823
17624,1,0.564082992294847
17625,0,0.393832141805232
17626,0,0.33915400951156044
17627,0,0.004260579779660814
17628,0,0.056888210760523174
17629,0,0.21569850701812787
17630,0,0.007505660554441042
17631,0,0.6407544140470383
17632,1,0.6945373721672959
17633,0,0.37446073891819426
17634,0,0.12209610564873723
17635,0,0.0005393743257820928
17636,0,0.4743929587068601
17637,1,0.8311403508771931
17638,1,0.5201453193492678
17639,0,0.00480136896126056
17640,1,0.6217238783453288
17641,0,0.011440336568935354
17642,0,0.020342883648902573
17643,0,0.5514823938799162
17644,0,0.05901924258070612
17645,0,0.2850873847263739
17646,0,0.006619756178516403
17647,0,0.020342883648902573
17648,0,0.3616888570623627
17649,0,0.3343128307897847
17650,0,0.003283130118318373
17651,0,0.16038676236044658
17652,0,0.4412775055200288
17653,0,0.00677008177008177
17654,0,0.2540889819014567
17655,0,0.2776092429261982
17656,1,0.7592076782010042
17657,0,0.4101963318478407
17658,1,0.24168766604504435
17659,0,0.049768630379709765
17660,0,0.24489452404944403
17661,0,0.09849240685372701
17662,0,0.04300295381205299
17663,0,0.0009602497466575137
17664,1,0.45698825577176444
17665,1,0.010599399013021954
17666,0,0.3531393010597556
17667,1,0.4943311727486976
17668,0,0.18216095902313567
17669,1,0.6049393388372615
17670,0,0.45698825577176444
17671,0,0.5011883429096692
17672,0,0.07808609614767592
17673,1,0.5106898675105346
17674,1,0.32834136911370276
17675,1,0.7781489413677353
17676,1,0.656846793878077
17677,1,0.8311403508771931
17678,1,0.6407544140470383
17679,0,0.00480136896126056
17680,0,0.002547551333959101
17681,1,0.6627405238273866
17682,1,0.3681564584225662
17683,0,0.010599399013021954
17684,0,0.4841314644719996
17685,0,0.457642362364427
17686,0,0.03484604863628171
17687,0,0.002547551333959101
17688,0,0.6232428368967046
17689,0,0.0588489931816664
17690,1,0.7781489413677353
17691,0,0.25481515897007895
17692,1,0.475125808569792
17693,0,0.2279762496621588
17694,1,0.3492367044087629
17695,1,0.6954256395432866
17696,0,0.20730515643054345
17697,0,0.0
17698,0,0.12524668612554424
17699,1,0.3522715947388437
17700,1,0.39456207600605947
17701,1,0.793630902653459
17702,1,0.38674917737629605
17703,1,0.7141907320132993
17704,0,0.0020576131687242796
17705,1,0.5808424025684458
17706,1,0.4176119295871395
17707,0,0.0281862605791882
17708,0,0.2540889819014567
17709,0,0.302407174872251
17710,0,0.1188757782726292
17711,0,0.03600051443768077
17712,0,0.04630044938755384
17713,0,0.1201357598120284
17714,0,0.18177920508516474
17715,0,0.22962270918520208
17716,0,0.3173558080337741
17717,0,0.1192325143096468
17718,0,0.0
17719,0,0.35955179743159316
17720,0,0.07719403296564267
17721,0,0.6261966707857998
17722,0,0.0600651007820427
17723,1,0.5477483939393758
17724,0,0.020342883648902573
17725,0,0.7373401457394296
17726,0,0.0005393743257820928
17727,0,0.03664685240108225
17728,1,0.16853544630061215
17729,1,0.7258280034084995
17730,1,0.0635298700720854
17731,1,0.2520851339115231
17732,0,0.6806810295650761
17733,0,0.457642362364427
17734,0,0.006758279798418909
17735,0,0.0
17736,1,0.48224192410777267
17737,0,0.023047175242083055
17738,0,0.17618287331505558
17739,1,0.4307446084685013
17740,0,0.023047175242083055
17741,0,0.43926597187567684
17742,0,0.0004208754208754209
17743,0,0.0
17744,1,0.18480871801767326
17745,0,0.42843416745855767
17746,1,0.5826352493238603
17747,0,0.42564498344967056
17748,0,0.4461328177606277
17749,0,0.2538361234583056
17750,0,0.022456174188847457
17751,0,0.058042676561922246
17752,0,0.0
17753,0,0.0
17754,0,0.4373486337189955
17755,0,0.00480136896126056
17756,1,0.40829773104593253
17757,0,0.00480136896126056
17758,0,0.0004208754208754209
17759,0,0.5685735321462185
17760,1,0.5528022998095016
17761,0,0.5817251044066117
17762,0,0.0004208754208754209
17763,0,0.12524668612554424
17764,1,0.5304095679047678
17765,0,0.5367006972416951
17766,0,0.018824644805960387
17767,0,0.07645024472948554
17768,0,0.15290851314897214
17769,0,0.00480136896126056
17770,0,0.08810645887981006
17771,1,0.4660348564225738
17772,0,0.43401864853334643
17773,0,0.010599399013021954
17774,0,0.41412587045066357
17775,0,0.2279436152570481
17776,0,0.027234479463142596
17777,0,0.6365025689420153
17778,0,0.00480136896126056
17779,0,0.317943901247224
17780,0,0.1136013302915566
17781,0,0.48946317676342904
17782,0,0.0
17783,0,0.2254232086321639
17784,0,0.0009602497466575137
17785,0,0.3286660516168713
17786,1,0.6232428368967046
17787,1,0.6003511473912567
17788,1,0.4743929587068601
17789,0,0.3109381320422046
17790,0,0.0009602497466575137
17791,1,0.39260197856945583
17792,0,0.1837034053893145
17793,0,0.5367006972414549
17794,1,0.838963963963964
17795,0,0.2966849087893864
17796,0,0.28701854880058747
17797,0,0.020342883648902573
17798,0,0.019615370490237934
17799,0,0.4770575932139833
17800,1,0.5260868116379692
17801,0,0.0009602497466575137
17802,0,0.0004208754208754209
17803,0,0.4319849976826721
17804,0,0.10858558516147254
17805,1,0.7662593133701164
17806,0,0.04148770794784393
17807,0,0.3955766710353867
17808,0,0.11581758948455996
17809,1,0.8886116152450091
17810,0,0.00880661965567626
17811,0,0.05220733387010418
17812,0,0.23834108312352684
17813,0,0.028517917570205154
17814,0,0.19801691335604388
17815,0,0.003319426145513102
17816,1,0.5916344037415779
17817,0,0.01454485359714118
17818,0,0.6729795525713893
17819,0,0.202419506242373
17820,0,0.22929104995540386
17821,0,0.0009602497466575137
17822,0,0.002547551333959101
17823,1,0.523919420383257
17824,1,0.3703146374829001
17825,1,0.5165820082750482
17826,1,0.7737513516908656
17827,0,0.05720173900600884
17828,0,0.00212667591308368
17829,1,0.533751066286725
17830,0,0.24489452404944403
17831,0,0.2796130909161318
17832,0,0.0
17833,0,0.15898512112904553
17834,0,0.24441769110360023
17835,0,0.0005393743257820928
17836,0,0.05604393402343446
17837,0,0.5870527354967189
17838,0,0.5380082766943212
17839,0,0.016927530079098512
17840,0,0.07350570775818852
17841,0,0.25481515897007895
17842,0,0.0009602497466575137
17843,0,0.39407000407000403
17844,0,0.023047175242083055
17845,0,0.05163379503298678
17846,1,0.5232160633267134
17847,0,0.09159661663494058
17848,1,0.5177783272202423
17849,0,0.01454485359714118
17850,1,0.3431521642562368
17851,0,0.0024784885895997007
17852,0,0.010599399013021954
17853,0,0.25481515897007895
17854,0,0.5795260091844139
17855,0,0.09043779175019524
17856,0,0.35246883300265713
17857,0,0.12137687909977775
17858,0,0.05678772225959159
17859,0,0.25234003144450906
17860,0,0.01724914519032166
17861,0,0.40115296849894005
17862,0,0.00274375579253628
17863,0,0.3060052459916338
17864,0,0.45698825577176444
17865,0,0.492102229788725
17866,0,0.4539248902738609
17867,1,0.5646217821141368
17868,0,0.0009602497466575137
17869,0,0.011576848674364397
17870,0,0.0359033651179245
17871,0,0.02935885512611856
17872,0,0.010599399013021954
17873,0,0.0004208754208754209
17874,0,0.03515957688176737
17875,0,0.17618287331505558
17876,0,0.4172792962767767
17877,1,0.5302420695029623
17878,0,0.32374157687082583
17879,0,0.34456117002841896
17880,0,0.010599399013021954
17881,0,0.39954969451813344
17882,0,0.020872984663217742
17883,0,0.048873155495563286
17884,0,0.1136013302915566
17885,0,0.0009602497466575137
17886,1,0.5644944912485792
17887,0,0.29941516489022796
17888,0,0.419695064791839
17889,0,0.00480136896126056
17890,0,0.4415018967232415
17891,0,0.06529454622443082
17892,0,0.017256194091382345
17893,0,0.04606814753873578
17894,0,0.07350570775818852
17895,0,0.1306547619047619
17896,0,0.09764015357092604
17897,0,0.010599399013021954
17898,0,0.002547551333959101
17899,0,0.0
17900,0,0.03632466290285515
17901,0,0.5438530428207682
17902,0,0.33487228404875463
17903,0,0.0
17904,0,0.0009602497466575137
17905,0,0.04238504577314404
17906,0,0.0005393743257820928
17907,1,0.34995390538007287
17908,0,0.6735948751519686
17909,0,0.0
17910,0,0.08383569227720489
17911,0,0.01005860983142221
17912,1,0.44314221926338376
17913,1,0.16315459867102625
17914,0,0.01454485359714118
17915,0,0.18761944548956513
17916,0,0.07781044953231886
17917,0,0.26557153725744637
17918,0,0.2676939468488669
17919,1,0.38674917737629605
17920,0,0.03084882234932086
17921,0,0.11581758948455996
17922,1,0.4373486337189955
17923,1,0.3155243062022723
17924,0,0.09849240685372701
17925,0,0.34295878162216104
17926,1,0.8161478471290672
17927,0,0.003283130118318373
17928,0,0.3580976430976431
17929,0,0.16217237746106558
17930,0,0.5367006972414549
17931,0,0.0
17932,0,0.5644925051901796
17933,1,0.3758513822270227
17934,1,0.7587588479427397
17935,0,0.0
17936,0,0.042231496184001065
17937,1,0.2756265664160401
17938,0,0.5600852475752464
17939,0,0.0009602497466575137
17940,0,0.28763487562126344
17941,0,0.016927530079098512
17942,0,0.23757221443439105
17943,0,0.020342883648902573
17944,1,0.1378509549463299
17945,0,0.16859396941800595
17946,1,0.7485356873901766
17947,1,0.042231496184001065
17948,0,0.1117361656382796
17949,1,0.5035265813314299
17950,1,0.535347395730432
17951,1,0.7528638322116583
17952,1,0.5323528629914587
17953,1,0.6212739371927328
17954,1,0.5784486252497737
17955,0,0.158257265652381
17956,0,0.2967175431944971
17957,0,0.0
17958,0,0.5371935580697985
17959,0,0.018674843674843674
17960,1,0.3695304330541944
17961,0,0.08383569227720489
17962,0,0.0009602497466575137
17963,0,0.03122220916338564
17964,1,0.5341435678453083
17965,0,0.0588489931816664
17966,0,0.6022482893450636
17967,0,0.5621871831498059
17968,0,0.0024784885895997007
17969,0,0.010599399013021954
17970,1,0.7141907320132993
17971,0,0.479850935922038
17972,0,0.3007669370699779
17973,0,0.07173939425460724
17974,0,0.10195663603379386
17975,1,0.6307695632090096
17976,0,0.26884635103375104
17977,1,0.6459167192366523
17978,1,0.5348227012038872
17979,0,0.021183821204815975
17980,1,0.33177868839385016
17981,1,0.7308002371435207
17982,1,0.6806810295650761
17983,0,0.0024784885895997007
17984,0,0.016927530079098512
17985,0,0.0009602497466575137
17986,1,0.267531550740506
17987,0,0.33751706251706254
17988,0,0.11701061361935218
17989,0,0.09707945106175747
17990,1,0.5062137731058621
17991,0,0.03484604863628171
17992,0,0.002547551333959101
17993,0,0.4172792962767767
17994,0,0.23117393231904768
17995,1,0.6189236496557201
17996,0,0.00480136896126056
17997,1,0.4675645422531532
17998,1,0.36865208434975877
17999,0,0.003283130118318373
18000,0,0.002547551333959101
18001,0,0.29437046004842615
18002,0,0.05345359508645512
18003,0,0.1818984923034123
18004,0,0.04606814753873578
18005,0,0.5667749114988044
18006,0,0.12338030549486949
18007,0,0.00480136896126056
18008,1,0.7368922261779405
18009,1,0.82669938953968
18010,0,0.05901924258070612
18011,0,0.033259469176172375
18012,0,0.34749313186813185
18013,0,0.38047682982467573
18014,0,0.07781044953231886
18015,0,0.012106949688679558
18016,0,0.23133951454846977
18017,0,0.1444519138450796
18018,0,0.05146354563394704
18019,0,0.002862254697442952
18020,0,0.012417786230277797
18021,0,0.026671014714979135
18022,0,0.08383569227720489
18023,0,0.3403222381483251
18024,1,0.7773799803194942
18025,0,0.0
18026,1,0.8489290755624693
18027,1,0.5971681212961787
18028,0,0.009081160170079768
18029,1,0.783881947100741
18030,1,0.7366952528746019
18031,0,0.3732086385019744
18032,1,0.7242673223159358
18033,0,0.1571199564757685
18034,1,0.49826205570150206
18035,0,0.0005393743257820928
18036,0,0.00480136896126056
18037,1,0.6407544140470383
18038,0,0.06342938157115381
18039,0,0.0
18040,1,0.50391885431728
18041,1,0.4802025926709663
18042,0,0.0005393743257820928
18043,0,0.0
18044,1,0.9332904332904333
18045,0,0.39160361289411094
18046,0,0.10303354426276921
18047,0,0.09355293727182211
18048,0,0.4341305584943591
18049,0,0.5741508563198279
18050,0,0.003283130118318373
18051,1,0.15851973237210434
18052,0,0.10083525961667399
18053,0,0.47608590566032877
18054,0,0.13477929449291678
18055,0,0.5906813641253476
18056,0,0.3849176755447942
18057,1,0.40505975521717996
18058,1,0.5951992215922068
18059,1,0.4973236340606563
18060,1,0.6035558687979298
18061,0,0.010704757784576085
18062,0,0.360618881395788
18063,0,0.04606814753873578
18064,0,0.6246284700459949
18065,0,0.002547551333959101
18066,0,0.0
18067,1,0.818611615245009
18068,0,0.09707945106175747
18069,0,0.2714767688451899
18070,1,0.43249624082103394
18071,0,0.10116548891734635
18072,0,0.3767013267740012
18073,0,0.5065364947293753
18074,0,0.044821886322384825
18075,0,0.5971681212961787
18076,1,0.7587588479427397
18077,0,0.3747608799617408
18078,1,0.5528022998095016
18079,0,0.48489663789800996
18080,0,0.01454485359714118
18081,0,0.7723513024045362
18082,0,0.35382386877141087
18083,1,0.4735060345418547
18084,0,0.00480136896126056
18085,0,0.0
18086,1,0.5685735321462185
18087,0,0.05225356601311762
18088,1,0.7737513516908656
18089,0,0.39407000407000403
18090,1,0.7737513516908656
18091,1,0.3110152763086122
18092,0,0.0
18093,0,0.45698825577176444
18094,0,0.010599399013021954
18095,1,0.7900022740248304
18096,0,0.42866147326380183
18097,1,0.7022037272477982
18098,0,0.05963038398383227
18099,0,0.009081160170079768
18100,1,0.3734254408926898
18101,1,0.5289221635733768
18102,0,0.05478482132979312
18103,1,0.7023437393516935
18104,0,0.5358959952944571
18105,1,0.6862913022901086
18106,0,0.006758279798418909
18107,0,0.22322131261652764
18108,0,0.5951992215922068
18109,1,0.3146671032958891
18110,0,0.33210262057957446
18111,0,0.2464866806948289
18112,1,0.27116079977471136
18113,1,0.36729273141468094
18114,0,0.32681146832090224
18115,0,0.5093362152955362
18116,0,0.0004208754208754209
18117,0,0.3317356000741372
18118,1,0.6654031417856303
18119,0,0.0005393743257820928
18120,1,0.6954256395432866
18121,1,0.7999907893524915
18122,1,0.2706138702685192
18123,0,0.47359475732519485
18124,1,0.7061937647892279
18125,0,0.05146354563394704
18126,0,0.00480136896126056
18127,0,0.20170698232973064
18128,0,0.0009602497466575137
18129,0,0.3027269505530375
18130,1,0.7587588479427397
18131,0,0.5177783272202423
18132,0,0.03122220916338564
18133,1,0.7801142165177253
18134,0,0.36332909486463577
18135,0,0.14387619769121593
18136,0,0.010599399013021954
18137,1,0.7427872419090219
18138,1,0.5066933062584541
18139,1,0.4691843162810905
18140,0,0.003283130118318373
18141,0,0.03495193714684496
18142,1,0.6409435302795283
18143,0,0.4567638645685517
18144,0,0.1466805228244741
18145,1,0.7271661786689109
18146,0,0.07661713362781647
18147,0,0.0
18148,0,0.15104334849569512
18149,0,0.011440336568935354
18150,0,0.5307592049527534
18151,0,0.4467512879277585
18152,0,0.026903367765201625
18153,0,0.003283130118318373
18154,0,0.44641291890134654
18155,0,0.07572196695119189
18156,1,0.701320655274368
18157,0,0.5616668601108435
18158,1,0.4743929587068601
18159,0,0.17864645330761775
18160,0,0.250770333618278
18161,0,0.02935885512611856
18162,0,0.1717634911566569
18163,0,0.46350819598983684
18164,0,0.30547889178193266
18165,1,0.5723075320867591
18166,1,0.7743812107847194
18167,0,0.09469696969696971
18168,0,0.05270980685029799
18169,0,0.05604393402343446
18170,0,0.09452382960578413
18171,0,0.12711185077882126
18172,0,0.09707945106175747
18173,1,0.5587346112780759
18174,1,0.8209663838066742
18175,0,0.11777080783353733
18176,0,0.3594002230636025
18177,1,0.8429929390460167
18178,0,0.12833349279244802
18179,1,0.7839253187613844
18180,1,0.10037716515244005
18181,1,0.503612916418602
18182,1,0.34616815760634095
18183,1,0.31315898463593855
18184,0,0.021478724527505016
18185,0,0.019615370490237934
18186,0,0.0009602497466575137
18187,0,0.028517917570205154
18188,0,0.0009602497466575137
18189,1,0.4394166121648136
18190,0,0.46670664754677804
18191,1,0.4369406852654783
18192,0,0.8211041368716563
18193,0,0.24938313339343088
18194,0,0.4786281126031298
18195,0,0.026671014714979135
18196,1,0.30152882616781534
18197,1,0.4491149788388717
18198,0,0.0009602497466575137
18199,0,0.065169133192389
18200,1,0.6713239359665432
18201,1,0.47961436297879145
18202,1,0.1946912019901096
18203,1,0.26229916540681836
18204,0,0.003283130118318373
18205,1,0.5341435678453083
18206,0,0.12750802109433482
18207,0,0.2796130909161318
18208,0,0.027728331196621925
18209,1,0.457642362364427
18210,0,0.11905974799471718
18211,0,0.43036963509169973
18212,1,0.790786676554196
18213,0,0.04148770794784393
18214,0,0.0
18215,1,0.16217237746106558
18216,0,0.5149390136735913
18217,0,0.4583343839576983
18218,0,0.23391037216023913
18219,0,0.0009602497466575137
18220,0,0.12605338755848883
18221,0,0.003283130118318373
18222,0,0.05146354563394704
18223,0,0.044821886322384825
18224,0,0.026671014714979135
18225,0,0.11204800311677886
18226,1,0.5792813638078393
18227,1,0.5100920160601602
18228,0,0.08969400351403811
18229,0,0.26116780148475677
18230,1,0.7621773353340174
18231,1,0.6697747503555126
18232,1,0.7401268714701551
18233,0,0.5137466563396406
18234,0,0.42842354667876287
18235,0,0.6069082385412333
18236,1,0.8438036493844115
18237,0,0.35268320116015506
18238,0,0.09431477447434712
18239,0,0.05678772225959159
18240,1,0.7271661786689109
18241,0,0.2540889819014567
18242,0,0.044821886322384825
18243,0,0.29509282009282006
18244,0,0.07645024472948554
18245,0,0.34662164626063546
18246,0,0.06061971581773562
18247,0,0.2901492916587256
18248,0,0.00480136896126056
18249,0,0.2279762496621588
18250,0,0.5746359519672898
18251,0,0.5137466563396406
18252,0,0.28081018384570083
18253,0,0.003283130118318373
18254,0,0.2883656212135656
18255,0,0.0009602497466575137
18256,0,0.39719871474869456
18257,1,0.6543724732329291
18258,1,0.733580825438295
18259,0,0.050512418615866896
18260,0,0.0004208754208754209
18261,0,0.06632141695070758
18262,1,0.5844674060358922
18263,0,0.0
18264,1,0.3170770558173492
18265,1,0.6405386555072696
18266,1,0.4487308107060206
18267,0,0.0024784885895997007
18268,1,0.4319849976826721
18269,0,0.38192181381836554
18270,1,0.6642283490644146
18271,0,0.6479521991453413
18272,0,0.3492367044087629
18273,1,0.670843888650789
18274,0,0.002547551333959101
18275,1,0.5021185138730747
18276,1,0.4743929587068601
18277,1,0.5163684198629556
18278,0,0.022388230527426802
18279,0,0.09431477447434712
18280,0,0.507805164050939
18281,1,0.6770776398073375
18282,0,0.003283130118318373
18283,0,0.17150102443693357
18284,0,0.0009602497466575137
18285,1,0.45419176294004604
18286,1,0.5868176935729049
18287,0,0.44641291890134654
18288,0,0.1553062045821743
18289,0,0.010599399013021954
18290,0,0.002862254697442952
18291,1,0.6563895470231742
18292,0,0.0
18293,0,0.4250873157849902
18294,0,0.0009602497466575137
18295,1,0.4049763922072181
18296,1,0.5698036393502478
18297,0,0.263333817646896
18298,0,0.0009602497466575137
18299,1,0.42853439825829115
18300,1,0.7427872419090219
18301,1,0.4319849976826721
18302,0,0.050512418615866896
18303,0,0.0009602497466575137
18304,0,0.03600051443768077
18305,0,0.09849240685372701
18306,0,0.009863820228662683
18307,0,0.0009602497466575137
18308,1,0.555556935744326
18309,0,0.016927530079098512
18310,1,0.26557153725744637
18311,1,0.6550003807314917
18312,0,0.26229916540681836
18313,1,0.818611615245009
18314,0,0.20608054226475278
18315,1,0.7326261061629592
18316,0,0.29626074408683106
18317,0,0.5141404669349156
18318,0,0.7207944675196282
18319,0,0.2998885883655423
18320,0,0.028517917570205154
18321,0,0.4005526786214693
18322,0,0.3032759502115517
18323,0,0.5341435678453083
18324,0,0.14064588062921637
18325,0,0.16277433988808565
18326,1,0.7108705778034178
18327,0,0.03484604863628171
18328,0,0.0005393743257820928
18329,1,0.701320655274368
18330,0,0.02510256400040109
18331,1,0.5390536266454634
18332,0,0.3098126327567067
18333,1,0.5296012969319559
18334,0,0.005778818622603001
18335,0,0.06838268787278237
18336,0,0.33892167792423544
18337,0,0.5287903052487816
18338,0,0.16315459867102625
18339,0,0.31042895957738265
18340,1,0.5054381719219135
18341,1,0.4122025121756024
18342,1,0.6189988856874967
18343,0,0.020342883648902573
18344,0,0.4369406852654783
18345,0,0.4781899721832981
18346,0,0.12555852360404351
18347,0,0.503612916418602
18348,1,0.521257680351888
18349,1,0.05270980685029799
18350,0,0.3988767298275495
18351,0,0.6490883602912475
18352,0,0.09336938696832087
18353,0,0.6069082385412333
18354,0,0.19801691335604388
18355,0,0.4218741457547428
18356,1,0.5569657788778747
18357,0,0.0020081770081770084
18358,0,0.005778818622603001
18359,0,0.3616888570623627
18360,0,0.0009602497466575137
18361,0,0.04148770794784393
18362,0,0.026671014714979135
18363,0,0.003319426145513102
18364,0,0.05038840135977235
18365,0,0.0026533971184334905
18366,0,0.4176119295871395
18367,0,0.0
18368,1,0.4418754989345846
18369,0,0.0009602497466575137
18370,0,0.10934208358151322
18371,0,0.1557461751393409
18372,0,0.0040657901769012884
18373,0,0.003283130118318373
18374,0,0.11876542501291397
18375,1,0.6668291296475641
18376,1,0.2582387828777721
18377,0,0.2851097000572422
18378,1,0.6768141404136468
18379,0,0.10427980547912015
18380,0,0.010599399013021954
18381,1,0.32005756252481143
18382,1,0.5305182644443507
18383,0,0.003283130118318373
18384,0,0.05038840135977235
18385,0,0.03174422331196331
18386,0,0.00480136896126056
18387,0,0.5570731335316098
18388,0,0.00480136896126056
18389,1,0.4233573833573834
18390,0,0.2511735691329286
18391,1,0.3453845769183252
18392,0,0.2540889819014567
18393,0,0.5514823938799162
18394,0,0.07328976564694527
18395,0,0.26430301339675194
18396,1,0.39854121863799286
18397,0,0.049768630379709765
18398,0,0.06908030763962968
18399,0,0.27596900512392514
18400,0,0.07645024472948554
18401,1,0.6232428368967046
18402,0,0.011576848674364397
18403,0,0.23064324164651961
18404,0,0.6566485347929668
18405,0,0.42258736475562736
18406,0,0.1588530766749141
18407,0,0.009081160170079768
18408,0,0.00480136896126056
18409,0,0.04148770794784393
18410,0,0.457642362364427
18411,1,0.7308002371435207
18412,0,0.6954256395432866
18413,1,0.4490837115520852
18414,0,0.1354789216631322
18415,0,0.0
18416,0,0.268140479876161
18417,1,0.46406212702978084
18418,1,0.6232428368967046
18419,0,0.6837688422224875
18420,0,0.2389592046371707
18421,0,0.1626505439005439
18422,1,0.7785910371113133
18423,0,0.003283130118318373
18424,1,0.5260868116379692
18425,0,0.042231496184001065
18426,1,0.5295890858035072
18427,0,0.4047330099985433
18428,0,0.0020081770081770084
18429,1,0.3803795322217811
18430,0,0.11063504732480932
18431,0,0.5514823938799162
18432,0,0.002862254697442952
18433,0,0.04148770794784393
18434,0,0.002547551333959101
18435,1,0.5269567764149586
18436,0,0.17150102443693357
18437,1,0.4122025121756024
18438,1,0.45268387540611515
18439,0,0.2844498251277912
18440,1,0.6053715325789569
18441,0,0.0
18442,0,0.49380818955641637
18443,0,0.4487308107060206
18444,1,0.7693846206405862
18445,0,0.009081160170079768
18446,0,0.3522715947388437
18447,1,0.46679263843739155
18448,0,0.7426252319109462
18449,1,0.46013325522874754
18450,0,0.1735097912514362
18451,0,0.0009602497466575137
18452,0,0.32834136911370276
18453,0,0.018824644805960387
18454,0,0.21076762161299656
18455,0,0.028517917570205154
18456,0,0.012417786230277797
18457,1,0.818611615245009
18458,0,0.379999122345094
18459,0,0.5260868116379692
18460,1,0.5462200349497937
18461,0,0.15851973237210434
18462,0,0.2850873847263739
18463,0,0.1361054880791723
18464,0,0.14574136234449295
18465,1,0.5584562256009965
18466,1,0.6985696687731884
18467,0,0.1579016108584604
18468,0,0.0009602497466575137
18469,0,0.2575929367478567
18470,0,0.02510256400040109
18471,0,0.00480136896126056
18472,1,0.6849860569188966
18473,0,0.028517917570205154
18474,0,0.018824644805960387
18475,0,0.009081160170079768
18476,0,0.13749530015240932
18477,0,0.1757260504444396
18478,0,0.01112950002733712
18479,0,0.0
18480,0,0.06838268787278237
18481,1,0.09055985778297293
18482,0,0.0009602497466575137
18483,1,0.4487308107060206
18484,1,0.5347317975374831
18485,1,0.6212739371927328
18486,1,0.1767634599550807
18487,1,0.23607126533769293
18488,0,0.05332871028722406
18489,1,0.6578160993141856
18490,0,0.012417786230277797
18491,0,0.4265234812455459
18492,0,0.09159661663494058
18493,1,0.42120816807781
18494,0,0.3585426755447942
18495,0,0.05715407792742911
18496,0,0.23449705618296532
18497,1,0.6574812733510323
18498,0,0.009081160170079768
18499,0,0.0
18500,0,0.21041352944568437
18501,0,0.171145369643013
18502,0,0.5055818161225738
18503,0,0.08826248946180414
18504,0,0.05270980685029799
18505,0,0.003283130118318373
18506,0,0.43926597187567684
18507,1,0.39297227472259477
18508,0,0.0009602497466575137
18509,1,0.6209925958190677
18510,0,0.020872984663217742
18511,0,0.07475196897453946
18512,0,0.07719403296564267
18513,0,0.08873302529585016
18514,0,0.026671014714979135
18515,0,0.10684459730261257
18516,0,0.6407544140470383
18517,1,0.6471194605872758
18518,0,0.22929104995540386
18519,1,0.6951600239894155
18520,0,0.006758279798418909
18521,1,0.4166469566200468
18522,1,0.5891137970648673
18523,0,0.017904979740440956
18524,0,0.4867759849889968
18525,0,0.002547551333959101
18526,0,0.2520851339115231
18527,0,0.0009602497466575137
18528,0,0.07296307626226978
18529,0,0.04630044938755384
18530,0,0.019615370490237934
18531,1,0.5066933062584541
18532,0,0.12200092446530542
18533,0,0.09042158506468496
18534,0,0.11563057040998219
18535,0,0.003283130118318373
18536,0,0.09849240685372701
18537,0,0.0
18538,0,0.21889358208892515
18539,0,0.6709191246825655
18540,0,0.0056423065171739605
18541,1,0.2949141264012745
18542,0,0.00480136896126056
18543,1,0.5649745080641786
18544,0,0.0040657901769012884
18545,0,0.0
18546,1,0.6804481988882567
18547,0,0.08913303693570451
18548,0,0.034056462262698484
18549,0,0.528512533853069
18550,1,0.6079907275670902
18551,0,0.38507590644626827
18552,0,0.026671014714979135
18553,1,0.733580825438295
18554,0,0.48410281746298783
18555,0,0.002547551333959101
18556,0,0.202419506242373
18557,0,0.020342883648902573
18558,1,0.790786676554196
18559,0,0.34662164626063546
18560,1,0.6263747171363437
18561,0,0.0
18562,0,0.002547551333959101
18563,0,0.12533505163844186
18564,1,0.6647094235313584
18565,0,0.3343128307897847
18566,1,0.8359800362976406
18567,0,0.12346988698516485
18568,0,0.5123304680375522
18569,1,0.45616720850724674
18570,0,0.0005393743257820928
18571,0,0.06709087481146304
18572,0,0.0040657901769012884
18573,0,0.10276317345633218
18574,0,0.6407544140470383
18575,1,0.4931675776273279
18576,0,0.4098646166189133
18577,1,0.47801943409053615
18578,0,0.3493246336996337
18579,1,0.6246284700459949
18580,0,0.010599399013021954
18581,1,0.765411980626232
18582,0,0.05038840135977235
18583,0,0.007806207059938403
18584,1,0.80331541218638
18585,1,0.3803555855276441
18586,1,0.49380818955641637
18587,1,0.2212532973984127
18588,0,0.3007669370699779
18589,0,0.5166708697066899
18590,0,0.289142994281214
18591,0,0.28296682352175034
18592,1,0.4781899721832981
18593,0,0.05270980685029799
18594,0,0.43249624082103394
18595,0,0.4095000095943771
18596,0,0.028517917570205154
18597,1,0.7183153453854113
18598,1,0.5204429617273654
18599,0,0.17864645330761775
18600,0,0.003283130118318373
18601,1,0.5473330162865552
18602,1,0.5723075320867591
18603,1,0.708295716282218
18604,1,0.673712233960453
18605,0,0.29876308908004434
18606,0,0.4367162940622656
18607,0,0.010599399013021954
18608,0,0.09826671998696614
18609,1,0.2020833333333333
18610,1,0.2607651266012005
18611,0,0.010599399013021954
18612,0,0.0009602497466575137
18613,1,0.6073178171331387
18614,0,0.3209359112292471
18615,1,0.5341435678453083
18616,0,0.06980858541792333
18617,1,0.26818977591036414
18618,0,0.3140413045962314
18619,0,0.1136013302915566
18620,0,0.05038840135977235
18621,1,0.7212711629378296
18622,0,0.044410189082763736
18623,1,0.3724007828026418
18624,1,0.39138129933211907
18625,0,0.045249316022667206
18626,1,0.1332626624701288
18627,0,0.6566485347929668
18628,0,0.5803869599787967
18629,1,0.7553276003276004
18630,0,0.41852297753399154
18631,0,0.1466805228244741
18632,0,0.13451682777319343
18633,0,0.01112950002733712
18634,0,0.2279436152570481
18635,0,0.1274021218446638
18636,1,0.80331541218638
18637,0,0.09155916816731513
18638,0,0.5352736895045155
18639,0,0.07350570775818852
18640,0,0.08146479956824784
18641,0,0.05146354563394704
18642,0,0.25323642970701793
18643,0,0.48661846294636896
18644,0,0.061633551496620746
18645,0,0.042231496184001065
18646,0,0.6131197476462232
18647,0,0.1870203117387009
18648,1,0.28621734436255936
18649,1,0.4742611003822648
18650,0,0.03495193714684496
18651,0,0.1117361656382796
18652,1,0.8084376481744903
18653,0,0.009117456197274497
18654,0,0.0004208754208754209
18655,0,0.5445988885267233
18656,0,0.3317356000741372
18657,0,0.05146354563394704
18658,1,0.553451293583888
18659,0,0.03664685240108225
18660,1,0.4372064019546034
18661,0,0.5742764317907308
18662,1,0.5742764317907308
18663,1,0.5817251044066117
18664,0,0.1052549045256493
18665,0,0.1425110452824934
18666,0,0.457642362364427
18667,1,0.8359800362976406
18668,0,0.02935885512611856
18669,0,0.013303690606202435
18670,0,0.7014964066078089
18671,0,0.488541905516104
18672,0,0.21343509562249566
18673,1,0.5230279046139253
18674,0,0.04122724079056966
18675,0,0.521257680351888
18676,0,0.0009602497466575137
18677,1,0.717959762198184
18678,0,0.0004208754208754209
18679,0,0.04836072963195215
18680,0,0.03438512627498232
18681,0,0.1870203117387009
18682,0,0.0600651007820427
18683,0,0.3082187493671725
18684,0,0.26237014638044387
18685,0,0.19006322624743677
18686,0,0.007505660554441042
18687,0,0.042231496184001065
18688,0,0.01877443293432453
18689,0,0.05604393402343446
18690,1,0.8311403508771931
18691,0,0.0009602497466575137
18692,0,0.38270746533458394
18693,1,0.5530530430078268
18694,0,0.0040657901769012884
18695,0,0.11200292734099167
18696,1,0.6261966707857998
18697,1,0.4200122631814674
18698,0,0.535272532866759
18699,0,0.0020081770081770084
18700,0,0.007505660554441042
18701,0,0.0009602497466575137
18702,0,0.0004208754208754209
18703,1,0.2777608172941889
18704,1,0.47961436297879145
18705,0,0.010599399013021954
18706,0,0.4032880459151646
18707,0,0.15063869536313823
18708,0,0.5166313597992361
18709,0,0.333010851139719
18710,1,0.4783218305078934
18711,1,0.49869745004534866
18712,0,0.0803023553406793
18713,1,0.5347317975374831
18714,1,0.22294188861985473
18715,0,0.0040657901769012884
18716,1,0.4846130337150707
18717,1,0.7978258871116015
18718,0,0.043126971068147536
18719,1,0.4025180273134086
18720,1,0.8302930181333085
18721,1,0.532983705565608
18722,1,0.7248997915664582
18723,0,0.04148770794784393
18724,0,0.020342883648902573
18725,0,0.18761944548956513
18726,0,0.09392887058495043
18727,0,0.17812766410912192
18728,1,0.46669443641832925
18729,1,0.5455409015912147
18730,0,0.27969653784175286
18731,0,0.016927530079098512
18732,0,0.002547551333959101
18733,0,0.05604393402343446
18734,0,0.04086680693020185
18735,1,0.5268060176317056
18736,0,0.4230734460242657
18737,0,0.4992925337646281
18738,1,0.44701626563249097
18739,0,0.3546732922846753
18740,0,0.27600471715314023
18741,0,0.0005393743257820928
18742,0,0.28648355639693585
18743,1,0.7022037272477982
18744,0,0.003283130118318373
18745,0,0.11440924770189893
18746,1,0.4440346826864577
18747,0,0.11146051902292253
18748,0,0.2464866806948289
18749,0,0.04300295381205299
18750,1,0.13120815506052702
18751,0,0.020342883648902573
18752,0,0.4830215858160345
18753,0,0.03484604863628171
18754,0,0.5742764317907308
18755,0,0.00480136896126056
18756,0,0.45698825577176444
18757,1,0.4083648300163389
18758,1,0.4615712341654603
18759,0,0.01454485359714118
18760,1,0.054783010713783185
18761,0,0.5698036393502599
18762,0,0.33595306859205776
18763,0,0.14435448032170303
18764,1,0.3681564584225662
18765,1,0.7274888364038752
18766,1,0.8311403508771931
18767,0,0.0040657901769012884
18768,0,0.14345596981255895
18769,0,0.3849176755447942
18770,0,0.35340845994400083
18771,1,0.7096143656170303
18772,0,0.026617809864610154
18773,0,0.01112950002733712
18774,0,0.4048104787887805
18775,1,0.5649745080641786
18776,1,0.5087479856033612
18777,0,0.5575258354482978
18778,0,0.0005393743257820928
18779,0,0.01877443293432453
18780,0,0.20581807554502943
18781,0,0.06811030966297725
18782,0,0.1487735307098612
18783,1,0.5088784076129853
18784,0,0.021183821204815975
18785,1,0.9729729729729729
18786,0,0.6229250017146062
18787,0,0.4725384353441209
18788,0,0.021478724527505016
18789,0,0.003283130118318373
18790,0,0.4646615541176238
18791,1,0.8489290755624693
18792,0,0.2047792215518606
18793,1,0.4693161746056858
18794,0,0.0803023553406793
18795,1,0.5951992215922068
18796,0,0.44672330099517277
18797,0,0.042231496184001065
18798,1,0.553451293583888
18799,0,0.05220733387010418
18800,0,0.05270980685029799
18801,1,0.655723570834221
18802,1,0.25886534929381216
18803,0,0.5075205472687487
18804,1,0.3677897751155948
18805,1,0.6926746530421072
18806,0,0.07705761316872428
18807,0,0.09385795160373116
18808,0,0.03484604863628171
18809,0,0.0005393743257820928
18810,1,0.6132959860429845
18811,1,0.4841314644719996
18812,0,0.002547551333959101
18813,0,0.0004208754208754209
18814,1,0.5868176935729049
18815,1,0.838963963963964
18816,0,0.708295716282218
18817,0,0.19584623351439498
18818,1,0.535826928883024
18819,0,0.5607750330996135
18820,0,0.0040657901769012884
18821,1,0.457642362364427
18822,0,0.6994403985465115
18823,0,0.20870519106396776
18824,0,0.535347395730432
18825,0,0.18761944548956513
18826,0,0.0024784885895997007
18827,0,0.33627284427284426
18828,0,0.4867637738605481
18829,0,0.36332909486463577
18830,0,0.16938258899552427
18831,1,0.6509686170191039
18832,1,0.5067845165801298
18833,0,0.07808609614767592
18834,0,0.21802298033641318
18835,0,0.0
18836,0,0.32099989382598076
18837,1,0.7451548417951431
18838,1,0.7621773353340174
18839,0,0.044821886322384825
18840,0,0.003283130118318373
18841,0,0.020342883648902573
18842,0,0.028517917570205154
18843,1,0.6450736012880226
18844,1,0.5840165490357855
18845,0,0.0005393743257820928
18846,0,0.011576848674364397
18847,1,0.5173929715028751
18848,1,0.6926746530421072
18849,0,0.01877443293432453
18850,0,0.4369969769700672
18851,1,0.7679103410670232
18852,0,0.002547551333959101
18853,0,0.1717634911566569
18854,1,0.5008820608144328
18855,0,0.003283130118318373
18856,1,0.5427455853072157
18857,0,0.21325165925131215
18858,0,0.45707012355115834
18859,0,0.49476410295292594
18860,0,0.14331702830385887
18861,0,0.00480136896126056
18862,0,0.6357257449914908
18863,0,0.10208356712677215
18864,0,0.4279298653982391
18865,1,0.7693846206405862
18866,0,0.012644745891546181
18867,0,0.6267701032285796
18868,0,0.1425110452824934
18869,0,0.042231496184001065
18870,0,0.23837371752863754
18871,0,0.28596573343080955
18872,0,0.0
18873,0,0.2447857997747113
18874,0,0.0040657901769012884
18875,0,0.17584128044174793
18876,0,0.04606814753873578
18877,0,0.4719280518187093
18878,1,0.7669556217916874
18879,0,0.002547551333959101
18880,0,0.00480136896126056
18881,0,0.44641291890134654
18882,0,0.0015873015873015875
18883,1,0.3194778924721437
18884,1,0.5230279046139253
18885,0,0.3380132386894428
18886,0,0.11386809199426869
18887,0,0.18154283750949174
18888,0,0.028517917570205154
18889,0,0.010599399013021954
18890,0,0.11184706676192746
18891,0,0.30924775707384405
18892,0,0.026671014714979135
18893,0,0.0588489931816664
18894,0,0.036361294500490776
18895,0,0.08075917821129526
18896,0,0.44080865327702695
18897,1,0.2992668818940005
18898,0,0.08075917821129526
18899,0,0.1204438898971567
18900,0,0.0004208754208754209
18901,0,0.5821037158710682
18902,0,0.02856926875253533
18903,1,0.6341177734794756
18904,0,0.05604393402343446
18905,0,0.06342938157115381
18906,1,0.6768141404136468
18907,0,0.45729070561549867
18908,1,0.558833414901164
18909,0,0.028517917570205154
18910,1,0.6170299859835249
18911,0,0.45419176294004604
18912,1,0.5778177330637156
18913,1,0.6043889154280381
18914,1,0.7212711629378296
18915,0,0.0020081770081770084
18916,0,0.0
18917,0,0.04300295381205299
18918,0,0.15851973237210434
18919,1,0.49869745004534866
18920,1,0.6554761077929987
18921,0,0.002547551333959101
18922,1,0.6271270609384985
18923,0,0.5385950283432298
18924,0,0.0004208754208754209
18925,0,0.5358959952944571
18926,1,0.18979386897146436
18927,0,0.5093362152955362
18928,0,0.023934149430139297
18929,1,0.6489997173151322
18930,0,0.5420828185587309
18931,0,0.09468342330184436
18932,0,0.003283130118318373
18933,1,0.4693161746056858
18934,0,0.25321063319702103
18935,1,0.6689502249785937
18936,0,0.2850873847263739
18937,0,0.0009602497466575137
18938,0,0.01112950002733712
18939,0,0.09406700673516817
18940,1,0.3827825981285697
18941,0,0.19610297931193454
18942,1,0.7155353980005484
18943,0,0.41485977203751334
18944,0,0.01538579115305458
18945,0,0.019751882595666976
18946,1,0.6081433050761449
18947,1,0.2584488831672723
18948,1,0.6710971710331095
18949,0,0.14126400214286028
18950,1,0.5347317975374831
18951,0,0.14157583962135953
18952,0,0.07475196897453946
18953,1,0.4172471001979199
18954,1,0.7141907320132993
18955,0,0.16675305826249218
18956,0,0.02915390709508357
18957,0,0.1556450701040253
18958,0,0.22076118781831308
18959,1,0.4783218305078934
18960,0,0.5849469391884843
18961,0,0.3098126327567067
18962,1,0.3221330041588162
18963,0,0.43265870057503264
18964,0,0.19231535628830007
18965,0,0.0
18966,0,0.12524668612566556
18967,0,0.0009602497466575137
18968,1,0.5784486252497737
18969,1,0.26557153725744637
18970,0,0.2520851339115231
18971,0,0.15263312251855496
18972,0,0.3387308463698355
18973,0,0.04148770794784393
18974,0,0.020342883648902573
18975,1,0.3969318420825094
18976,0,0.12480671556837768
18977,1,0.33955643751359416
18978,0,0.028517917570205154
18979,0,0.22596019676637125
18980,0,0.24669757362813818
18981,0,0.532178523203891
18982,0,0.028517917570205154
18983,1,0.558833414901164
18984,1,0.8311403508771931
18985,0,0.41652156181107297
18986,0,0.19801691335604388
18987,1,0.5055814334491323
18988,0,0.04527856116515255
18989,0,0.4525655782632527
18990,0,0.39707968096027796
18991,0,0.05146354563394704
18992,0,0.0024784885895997007
18993,1,0.4745375788776171
18994,0,0.06310768549053693
18995,0,0.0024784885895997007
18996,0,0.01454485359714118
18997,0,0.2945073329842869
18998,1,0.7587588479427397
18999,0,0.0650191418969989
19000,0,0.202419506242373
19001,0,0.026903367765201625
19002,0,0.14223565465207622
19003,1,0.18761944548956513
19004,0,0.04238504577314404
19005,1,0.4002928509905255
19006,1,0.603803331839152
19007,1,0.49339204856446234
19008,0,0.34110644257703077
19009,0,0.2228608284835768
19010,0,0.19801691335604388
19011,1,0.5374564980060789
19012,0,0.34295878162216104
19013,0,0.14223565465207622
19014,0,0.0009602497466575137
19015,0,0.06811030966297725
19016,0,0.6325309901581088
19017,0,0.5163684198629556
19018,1,0.28710479407073836
19019,0,0.011440336568935354
19020,0,0.11627441235517595
19021,0,0.4973236340606563
19022,0,0.06009525439801735
19023,1,0.8657616976582494
19024,0,0.20303762775601694
19025,1,0.838173018753781
19026,0,0.0
19027,1,0.4427944291941395
19028,0,0.10000324123246618
19029,0,0.0658446135951121
19030,0,0.06222369732648527
19031,0,0.12611723359944463
19032,0,0.31898737446644704
19033,0,0.07350570775818852
19034,1,0.4373486337189955
19035,1,0.6284142587487095
19036,1,0.6554761077929987
19037,1,0.45505647112757314
19038,0,0.17482315389924086
19039,0,0.0040657901769012884
19040,0,0.0934617812882176
19041,0,0.04300295381205299
19042,0,0.39011200108937233
19043,0,0.0004208754208754209
19044,0,0.00212667591308368
19045,1,0.4868599946294167
19046,0,0.7025117939563943
19047,1,0.5060609666017243
19048,0,0.4279298653982391
19049,1,0.6926746530421072
19050,0,0.17437568670501258
19051,0,0.7101091560768981
19052,0,0.010599399013021954
19053,0,0.42358468916262754
19054,0,0.01877443293432453
19055,0,0.09457295244087516
19056,0,0.019751882595666976
19057,1,0.45184449120619335
19058,0,0.05220733387010418
19059,0,0.06980858541792333
19060,0,0.37911790375689297
19061,0,0.04148770794784393
19062,0,0.15229002048580628
19063,0,0.00480136896126056
19064,0,0.5649745080641786
19065,0,0.457642362364427
19066,0,0.0009602497466575137
19067,1,0.6924352036537579
19068,0,0.003283130118318373
19069,1,0.7806127094836772
19070,0,0.6392046817663122
19071,0,0.521257680351888
19072,0,0.19075197971486166
19073,0,0.06009525439801735
19074,0,0.13564415399202298
19075,0,0.09707945106175747
19076,0,0.00480136896126056
19077,0,0.08997162353308708
19078,1,0.6394279699687276
19079,0,0.3167241565930308
19080,0,0.08383569227720489
19081,0,0.38819171560963933
19082,0,0.036361294500490776
19083,0,0.0
19084,1,0.8120662768031189
19085,1,0.7049755620723364
19086,0,0.00480136896126056
19087,0,0.42144669714437155
19088,0,0.0004208754208754209
19089,0,0.023047175242083055
19090,0,0.40229363611019586
19091,1,0.6668291296475641
19092,1,0.58482796599785
19093,1,0.21802298033641318
19094,0,0.8311403508771931
19095,1,0.5378551516185924
19096,0,0.4415018967232415
19097,0,0.26317164947469035
19098,1,0.5217071990212756
19099,0,0.0350784016865042
19100,1,0.6146321166714196
19101,1,0.20303762775601694
19102,1,0.5742764317907308
19103,1,0.05225356601304936
19104,0,0.14456171623354286
19105,0,0.003283130118318373
19106,1,0.26721177505971944
19107,0,0.01877443293432453
19108,0,0.012106949688679558
19109,0,0.2540889819014567
19110,0,0.0
19111,0,0.0009602497466575137
19112,0,0.5204429617273654
19113,1,0.5986428712705584
19114,0,0.410591039363631
19115,0,0.31108203009280816
19116,0,0.6658975379047397
19117,0,0.3405350109085165
19118,0,0.09059474341181399
19119,1,0.196987095032615
19120,0,0.07572196695119189
19121,0,0.42144669714437155
19122,0,0.12137687909977775
19123,0,0.03484604863628171
19124,0,0.5380082766943212
19125,0,0.558833414901164
19126,1,0.2971482378262039
19127,0,0.13229945486330907
19128,0,0.01803885414996526
19129,0,0.00480136896126056
19130,0,0.162939114530503
19131,1,0.6685607313791659
19132,0,0.026671014714979135
19133,0,0.3181861700284189
19134,1,0.7806127094836772
19135,1,0.6279289996541603
19136,0,0.002547551333959101
19137,0,0.010599399013021954
19138,0,0.2423989912833726
19139,1,0.3095780685920578
19140,1,0.3633937836635865
19141,1,0.45395699829703656
19142,0,0.0004208754208754209
19143,1,0.6689502249785937
19144,0,0.35050407550407553
19145,1,0.3805799767308568
19146,0,0.00480136896126056
19147,1,0.4491149788388717
19148,0,0.002547551333959101
19149,0,0.009081160170079768
19150,0,0.023047175242083055
19151,1,0.1443620009445788
19152,0,0.01454485359714118
19153,1,0.28081018384570083
19154,0,0.016927530079098512
19155,0,0.3146671032958891
19156,1,0.7096143656170272
19157,0,0.007265923001642377
19158,1,0.7368922261779405
19159,1,0.790786676554196
19160,1,0.5723075320867591
19161,1,0.5420828185587309
19162,1,0.675245939673842
19163,0,0.002547551333959101
19164,1,0.818611615245009
19165,0,0.6115065023321904
19166,0,0.19801691335604388
19167,0,0.17150102443693357
19168,0,0.002547551333959101
19169,0,0.1473997493734336
19170,0,0.11899185178300338
19171,0,0.05715407792742911
19172,0,0.00480136896126056
19173,0,0.3849176755447942
19174,1,0.558833414901164
19175,0,0.028517917570205154
19176,1,0.3343128307897847
19177,0,0.5455409015912147
19178,0,0.49101169672469797
19179,0,0.00480136896126056
19180,0,0.002547551333959101
19181,1,0.6735948751519686
19182,0,0.010708624606461698
19183,0,0.04940227471187223
19184,0,0.0004208754208754209
19185,1,0.4049763922072181
19186,0,0.0004208754208754209
19187,0,0.5251881636328365
19188,0,0.037893113617433194
19189,0,0.036361294500490776
19190,0,0.5840165490357855
19191,0,0.010599399013021954
19192,0,0.09155916816731513
19193,1,0.4172792962767767
19194,0,0.5307592049527534
19195,0,0.21473249087760618
19196,0,0.0009602497466575137
19197,0,0.38892819365025827
19198,0,0.002547551333959101
19199,1,0.4006493141730756
19200,0,0.22251776319572927
19201,0,0.10116548891734635
19202,1,0.4675645422531532
19203,0,0.0
19204,0,0.002547551333959101
19205,0,0.07833191247513498
19206,0,0.5008820608144328
19207,1,0.3879854976580715
19208,1,0.44518476380099076
19209,0,0.4525655782632527
19210,1,0.49992027336425676
19211,0,0.042231496184001065
19212,0,0.0040657901769012884
19213,0,0.03484604863628171
19214,0,0.10509450632671735
19215,0,0.2768830658575759
19216,1,0.4781927182592833
19217,0,0.5578679959088215
19218,0,0.3888788663802105
19219,0,0.08701622824545319
19220,0,0.4693161746056858
19221,1,0.32834136911370276
19222,0,0.6007237606332861
19223,1,0.5049566026788425
19224,0,0.003283130118318373
19225,1,0.7405208548065692
19226,0,0.1818984923034123
19227,0,0.0
19228,0,0.26557153725744637
19229,0,0.08973438608485972
19230,1,0.4664822563435653
19231,1,0.5849081305016899
19232,0,0.17343277931925746
19233,0,0.6300420833521879
19234,0,0.4051195477466664
19235,0,0.07350570775818852
19236,1,0.6170299859835249
19237,0,0.5347317975374831
19238,1,0.525155852615204
19239,0,0.47909754390395837
19240,0,0.3492606511029
19241,1,0.3849176755447942
19242,1,0.465821238568237
19243,0,0.016927530079098512
19244,0,0.11184706676192746
19245,0,0.23803210775906167
19246,0,0.3390247855017394
19247,1,0.7271661786689109
19248,0,0.1548195984059121
19249,0,0.007505660554441042
19250,0,0.06574612926508877
19251,0,0.0005393743257820928
19252,0,0.00480136896126056
19253,0,0.4176119295871395
19254,1,0.5612225111249709
19255,0,0.16614364300581963
19256,0,0.43419520789288235
19257,0,0.0009602497466575137
19258,0,0.3540915032679739
19259,0,0.1370254832482167
19260,0,0.4770575932139833
19261,1,0.5455409015912147
19262,0,0.06980858541792333
19263,0,0.4095000095943771
19264,1,0.2795311175972131
19265,0,0.21889358208892515
19266,0,0.010599399013021954
19267,0,0.44784939830811393
19268,0,0.0
19269,0,0.036361294500490776
19270,1,0.4567554381994216
19271,0,0.010599399013021954
19272,0,0.10303065357062337
19273,0,0.1810730206052991
19274,0,0.4373486337189955
19275,1,0.790786676554196
19276,0,0.4172792962767767
19277,0,0.0009602497466575137
19278,0,0.492102229788725
19279,0,0.37547728511627426
19280,0,0.4867759849889968
19281,0,0.0
19282,1,0.5514823938799162
19283,1,0.49101169672469797
19284,0,0.10858558516147254
19285,1,0.6431047015840508
19286,1,0.8148522167487685
19287,0,0.05790909867671148
19288,1,0.5449051706219598
19289,0,0.18612351831091833
19290,0,0.2485047846889952
19291,0,0.06726137512929783
19292,0,0.33627284427284426
19293,0,0.12137687909977775
19294,0,0.02825843221093709
19295,0,0.2057298522901713
19296,1,0.26929906997527414
19297,1,0.6994403985465115
19298,0,0.0009602497466575137
19299,0,0.0004208754208754209
19300,0,0.1425110452824934
19301,0,0.01112950002733712
19302,0,0.00480136896126056
19303,0,0.388225795864785
19304,0,0.38507590644626827
19305,1,0.37437161177597017
19306,0,0.1557461751393409
19307,0,0.04148770794784393
19308,0,0.3284021997478729
19309,1,0.6843743149153662
19310,0,0.39160361289411094
19311,0,0.020342883648902573
19312,0,0.048873155495563286
19313,1,0.2654173312068049
19314,0,0.002547551333959101
19315,1,0.49992027336425676
19316,0,0.36543171190866586
19317,0,0.0004208754208754209
19318,0,0.42358468916262754
19319,0,0.003283130118318373
19320,0,0.010321865519885322
19321,1,0.9729729729729729
19322,1,0.598382247687285
19323,0,0.4459033958267908
19324,0,0.0023228803716608595
19325,0,0.4322718496178212
19326,0,0.06196041905129437
19327,0,0.19801691335604388
19328,0,0.17618287331505558
19329,1,0.41367581309722096
19330,0,0.32817078754578755
19331,0,0.49750054184058
19332,0,0.11200292734099167
19333,0,0.07572196695119189
19334,0,0.20564982330437256
19335,0,0.0
19336,0,0.5631914108289428
19337,0,0.05146354563394704
19338,0,0.11554655687851141
19339,1,0.406922480620155
19340,1,0.6003511473912567
19341,0,0.2992319592319592
19342,0,0.0
19343,1,0.6926746530421072
19344,0,0.07645024472948554
19345,0,0.026671014714979135
19346,0,0.4322718496178212
19347,0,0.39695045695045694
19348,0,0.1473997493734336
19349,1,0.09059474341181399
19350,0,0.003283130118318373
19351,0,0.2766210809341087
19352,0,0.02436698521604182
19353,0,0.5742764317907308
19354,0,0.7326349388601695
19355,0,0.0009602497466575137
19356,1,0.8311403508771931
19357,0,0.11146051902292253
19358,0,0.12346988698516485
19359,0,0.010599399013021954
19360,0,0.11813922588500543
19361,1,0.523919420383257
19362,0,0.020342883648902573
19363,0,0.514839367875188
19364,0,0.5840165490357855
19365,0,0.0
19366,1,0.8624856943822462
19367,1,0.6668291296475641
19368,1,0.4770575932139833
19369,0,0.04126234527968258
19370,0,0.06768807388002435
19371,1,0.5011369890046878
19372,1,0.6543318142751494
19373,0,0.5087209678065628
19374,0,0.4083434244998145
19375,0,0.0
19376,0,0.3783306022111992
19377,0,0.0009602497466575137
19378,1,0.48473089155984256
19379,1,0.6105575838454739
19380,0,0.19741777960517962
19381,0,0.07704039055935007
19382,1,0.40791750549577693
19383,0,0.002547551333959101
19384,0,0.12854440021622685
19385,0,0.00480136896126056
19386,0,0.0
19387,0,0.2747311093922738
19388,0,0.0635298700720854
19389,0,0.4539248902738609
19390,1,0.6366087604632497
19391,0,0.45419176294004604
19392,0,0.037893113617433194
19393,0,0.21212029532925056
19394,1,0.8411158902300766
19395,0,0.01877443293432453
19396,0,0.10400519677198515
19397,0,0.0
19398,0,0.5812431015326127
19399,0,0.00480136896126056
19400,0,0.003283130118318373
19401,0,0.05604393402343446
19402,1,0.49869745004534866
19403,1,0.4987732988398639
19404,0,0.020342883648902573
19405,0,0.14207598095383592
19406,1,0.6668291296475641
19407,0,0.0004208754208754209
19408,1,0.4846130337150707
19409,0,0.006619756178516403
19410,1,0.5494620419252262
19411,0,0.03484604863628171
19412,0,0.010599399013021954
19413,0,0.020342883648902573
19414,0,0.2637979771712283
19415,0,0.09896433975381343
19416,0,0.09691456475160014
19417,0,0.0004208754208754209
19418,1,0.690466303949786
19419,1,0.7373401457394296
19420,0,0.0009602497466575137
19421,0,0.1136013302915566
19422,1,0.6863432146193379
19423,0,0.6069082385412333
19424,1,0.7106472896010022
19425,0,0.0009602497466575137
19426,0,0.028517917570205154
19427,0,0.25481515897007895
19428,0,0.026903367765201625
19429,0,0.3875264792474508
19430,0,0.3150879135648675
19431,0,0.010599399013021954
19432,0,0.36135123912597944
19433,0,0.12062261879482304
19434,1,0.49019207053260566
19435,0,0.016927530079098512
19436,1,0.7212711629378296
19437,0,0.7114946223448868
19438,0,0.026671014714979135
19439,1,0.7271661786689109
19440,0,0.4539248902738609
19441,0,0.003283130118318373
19442,1,0.5033947230068346
19443,0,0.328799329947753
19444,0,0.45505647112757314
19445,0,0.023047175242083055
19446,1,0.3781077109266944
19447,0,0.22717501155001155
19448,0,0.0005393743257820928
19449,0,0.5101426449068954
19450,1,0.407832334391469
19451,0,0.048873155495563286
19452,1,0.6232428368967046
19453,1,0.4795484860783037
19454,1,0.457642362364427
19455,0,0.47736004305771745
19456,1,0.43249624082103394
19457,0,0.06504511593629446
19458,0,0.003283130118318373
19459,1,0.8245950124353029
19460,0,0.0009602497466575137
19461,0,0.03484604863628171
19462,0,0.08579792575145996
19463,0,0.0024784885895997007
19464,1,0.49380818955641637
19465,0,0.09691947240541478
19466,0,0.24024231796927187
19467,0,0.3535979911722795
19468,0,0.0
19469,1,0.7424282586076077
19470,1,0.49494056852573126
19471,1,0.7560853462995976
19472,0,0.21343509562249566
19473,0,0.042231496184001065
19474,0,0.5087209678065628
19475,1,0.5347317975374831
19476,0,0.12638399530215674
19477,1,0.5971681212961787
19478,0,0.00480136896126056
19479,1,0.5121715672309438
19480,0,0.05678772225959159
19481,0,0.45698825577176444
19482,0,0.039841329262955666
19483,0,0.35647471647471646
19484,0,0.011440336568935354
19485,0,0.0009602497466575137
19486,0,0.003283130118318373
19487,0,0.016927530079098512
19488,0,0.05604393402343446
19489,0,0.007505660554441042
19490,1,0.4181818181815962
19491,0,0.4101963318478407
19492,0,0.1548195984059121
19493,0,0.0
19494,0,0.49101169672469797
19495,0,0.1717634911566569
19496,1,0.6768141404136468
19497,0,0.009863820228662683
19498,0,0.5696985662153112
19499,0,0.13121999650868463
19500,0,0.09052382443059469
19501,0,0.17067555273882037
19502,0,0.0024784885895997007
19503,1,0.6566485347929668
19504,0,0.0
19505,1,0.3177678317703893
19506,1,0.38668519477956237
19507,0,0.0748282409155468
19508,1,0.5742764317907308
19509,0,0.5619362764924022
19510,1,0.3447325011081417
19511,1,0.42866147326380183
19512,1,0.21889358208892515
19513,0,0.08009394276210419
19514,1,0.27894317178032096
19515,0,0.010599399013021954
19516,0,0.4509872882998101
19517,1,0.525155852615204
19518,0,0.044821886322384825
19519,0,0.0005393743257820928
19520,1,0.6944062547737088
19521,1,0.5347317975374831
19522,1,0.6189988856874967
19523,0,0.11581758948455996
19524,1,0.46013325522874754
19525,1,0.6212739371927328
19526,1,0.5354875983021071
19527,0,0.003283130118318373
19528,0,0.0004208754208754209
19529,0,0.18761944548956513
19530,0,0.3716684250724504
19531,1,0.8182624696664073
19532,1,0.20717233364523233
19533,0,0.03043262278980241
19534,0,0.02935885512611856
19535,0,0.06196041905129437
19536,0,0.30449446978780564
19537,0,0.03515957688176737
19538,0,0.01454485359714118
19539,0,0.5904378775346517
19540,1,0.5411111382855592
19541,0,0.0
19542,0,0.018442775943307576
19543,0,0.11701061361935218
19544,0,0.0
19545,0,0.16873318812635388
19546,0,0.1557461751393409
19547,0,0.3463186744553437
19548,0,0.11690026035963695
19549,1,0.7612226160586818
19550,0,0.6407544140470383
19551,1,0.18060660757476454
19552,1,0.5033437737616958
19553,0,0.0015873015873015875
19554,1,0.457642362364427
19555,0,0.18154283750949174
19556,0,0.6954256395432866
19557,1,0.42507825761994794
19558,0,0.03484604863628171
19559,1,0.4795484860783037
19560,0,0.39731528633967655
19561,1,0.54067001672569
19562,0,0.5084540951403776
19563,0,0.0004208754208754209
19564,0,0.00480136896126056
19565,0,0.40929850689273306
19566,1,0.247195468881378
19567,0,0.16849480897215185
19568,0,0.07831540938276256
19569,0,0.3681564584225662
19570,1,0.7706143455514102
19571,1,0.7207107486993635
19572,0,0.5166313597992361
19573,0,0.06738539238539239
19574,1,0.717959762198184
19575,0,0.002547551333959101
19576,0,0.03484604863628171
19577,1,0.5011369890046878
19578,1,0.5817251044066117
19579,0,0.0024784885895997007
19580,0,0.0
19581,0,0.13873096065892676
19582,0,0.002547551333959101
19583,1,0.3747608799617408
19584,1,0.35654236270213757
19585,0,0.0
19586,0,0.037893113617433194
19587,1,0.32840535171043644
19588,0,0.31617638201245585
19589,1,0.7542686931231822
19590,0,0.5153161880631866
19591,1,0.6298988334356864
19592,1,0.4497002580671026
19593,0,0.0004208754208754209
19594,0,0.020342883648902573
19595,1,0.5780070506330381
19596,0,0.09572864570929586
19597,0,0.09707945106175747
19598,0,0.003283130118318373
19599,0,0.016927530079098512
19600,1,0.7529612089795407
19601,1,0.06806811678898177
19602,1,0.36516130289835463
19603,0,0.12137687909977775
19604,1,0.4173999105155087
19605,1,0.701320655274368
19606,0,0.08383569227720489
19607,0,0.003283130118318373
19608,0,0.012106949688679558
19609,0,0.5817251044066117
19610,0,0.10035757150700401
19611,0,0.0009602497466575137
19612,0,0.016927530079098512
19613,0,0.004260579779660814
19614,0,0.39169241885207695
19615,0,0.0009602497466575137
19616,1,0.522013481116512
19617,1,0.475125808569792
19618,0,0.0009602497466575137
19619,0,0.0
19620,1,0.4919973892609281
19621,0,0.1243498926977617
19622,0,0.00480136896126056
19623,0,0.2676939468488669
19624,1,0.5817251044066117
19625,0,0.41207628467051083
19626,0,0.01877443293432453
19627,1,0.3109487744257283
19628,0,0.1201357598120284
19629,0,0.39160361289411094
19630,1,0.4341945410910928
19631,0,0.21802298033641318
19632,1,0.788322908438254
19633,0,0.012417786230277797
19634,0,0.250770333618278
19635,1,0.6449983652562462
19636,0,0.002547551333959101
19637,0,0.04148770794784393
19638,1,0.0635298700720854
19639,0,0.010599399013021954
19640,0,0.14223565465207622
19641,1,0.40536963509169976
19642,1,0.793630902653459
19643,0,0.15420147689226824
19644,0,0.46286376663635836
19645,0,0.011440336568935354
19646,0,0.16386022084672325
19647,0,0.46013325522874754
19648,0,0.03484604863628171
19649,0,0.19231535628830007
19650,0,0.011440336568935354
19651,0,0.24441769110360023
19652,0,0.3959147261155869
19653,0,0.46286376663635836
19654,1,0.4770575932139833
19655,0,0.37165792165792166
19656,0,0.26116780148475677
19657,0,0.29163050657804873
19658,1,0.1574317939542678
19659,0,0.2674457908096614
19660,1,0.832654000503648
19661,0,0.002547551333959101
19662,1,0.8359800362976406
19663,0,0.12458238457593775
19664,0,0.48474614332475596
19665,0,0.0004208754208754209
19666,1,0.5808424025684458
19667,0,0.26229330077025464
19668,1,0.7368922261779405
19669,0,0.0009602497466575137
19670,1,0.7150614617866223
19671,1,0.7845551778552383
19672,0,0.35656948752030715
19673,0,0.32200378014899517
19674,0,0.0004208754208754209
19675,0,0.23761490605490457
19676,0,0.00480136896126056
19677,0,0.4786281126031298
19678,1,0.6342859583920714
19679,1,0.44807670411335804
19680,0,0.4525655782632527
19681,0,0.05604393402343446
19682,0,0.010599399013021954
19683,0,0.10407280536281266
19684,1,0.367457141805232
19685,0,0.00480136896126056
19686,0,0.06009525439801735
19687,0,0.28596573343080955
19688,1,0.457642362364427
19689,0,0.0
19690,0,0.0
19691,0,0.3173558080337741
19692,0,0.0004208754208754209
19693,1,0.39160361289411094
19694,0,0.09246716410884097
19695,0,0.2676939468488669
19696,0,0.20821022069847403
19697,1,0.8657616976582494
19698,0,0.14574136234449295
19699,0,0.13139650216985335
19700,1,0.5649745080641786
19701,0,0.43757302492220823
19702,0,0.042966322214417374
19703,0,0.019751882595666976
19704,1,0.45419176294004604
19705,0,0.21212029532925056
19706,0,0.0004208754208754209
19707,0,0.20992058990697773
19708,0,0.042231496184001065
19709,1,0.577557109480442
19710,0,0.44672330099517277
19711,1,0.5960319601502725
19712,1,0.7621773353337854
19713,0,0.24441769110360023
19714,0,0.42458262279563463
19715,0,0.5839427115093474
19716,0,0.07808609614767592
19717,1,0.49019207053260566
19718,0,0.021183821204815975
19719,0,0.1717634911566569
19720,0,0.0
19721,0,0.3840138693030826
19722,0,0.374931201729849
19723,0,0.2244874686716792
19724,1,0.4841314644719996
19725,1,0.7781489413677353
19726,0,0.3758513822270227
19727,1,0.2389592046371707
19728,0,0.30924775707384405
19729,1,0.09180611899932388
19730,0,0.016927530079098512
19731,1,0.457642362364427
19732,0,0.4739094436333365
19733,0,0.026671014714979135
19734,1,0.5514823938799162
19735,0,0.47736004305771745
19736,1,0.7587588479427397
19737,1,0.37144111926720624
19738,0,0.5649745080641786
19739,0,0.043126971068147536
19740,0,0.4525655782632527
19741,0,0.42843416745855767
19742,0,0.2779290186069847
19743,0,0.14240131131947276
19744,0,0.048873155495563286
19745,0,0.325789616475521
19746,0,0.2130212536992198
19747,0,0.41169126903724057
19748,0,0.00480136896126056
19749,0,0.20303762775601694
19750,0,0.14387619769121593
19751,0,0.008345581385720497
19752,1,0.49101169672469797
19753,0,0.05220733387010418
19754,0,0.017904979740440956
19755,0,0.002862254697442952
19756,0,0.08810645887981006
19757,0,0.0
19758,0,0.0
19759,0,0.036361294500490776
19760,0,0.1425110452824934
19761,0,0.31442459053416794
19762,1,0.6693509239427607
19763,0,0.7612226160586818
19764,1,0.6022482893450636
19765,0,0.553451293583888
19766,1,0.7212711629378296
19767,0,0.0004208754208754209
19768,0,0.06342938157115381
19769,0,0.263333817646896
19770,1,0.5146624600952643
19771,0,0.4051195477466664
19772,0,0.0
19773,0,0.02935885512611856
19774,0,0.003283130118318373
19775,1,0.44203425257690904
19776,0,0.5166708697066899
19777,1,0.514839367875188
19778,0,0.07049313303825629
19779,0,0.5380082766943212
19780,1,0.783881947100741
19781,0,0.09678480808784895
19782,0,0.4415018967232415
19783,0,0.0009602497466575137
19784,0,0.0009602497466575137
19785,0,0.021183821204815975
19786,0,0.5795260091844139
19787,0,0.10366168396547626
19788,0,0.049768630379709765
19789,0,0.29249187879491967
19790,1,0.6554761077929987
19791,0,0.012644745891546181
19792,0,0.09739128854025673
19793,1,0.4415018967232415
19794,0,0.38088548870447214
19795,0,0.18761944548956513
19796,0,0.38668519477956237
19797,1,0.6049393388372615
19798,0,0.171145369643013
19799,1,0.45419176294004604
19800,0,0.04148770794784393
19801,0,0.06009525439801735
19802,0,0.03484604863628171
19803,0,0.26395193916053994
19804,1,0.6790910411878155
19805,1,0.36794612794612797
19806,0,0.28648355639693585
19807,0,0.003283130118318373
19808,0,0.0747059184365686
19809,1,0.650494531292093
19810,1,0.5477819146218015
19811,0,0.11662357250592544
19812,0,0.4341945410910928
19813,0,0.002862254697442952
19814,0,0.4367162940622656
19815,0,0.044821886322384825
19816,0,0.0009602497466575137
19817,0,0.003283130118318373
19818,0,0.06962894908913332
19819,0,0.5965191275217923
19820,0,0.021930301144860536
19821,0,0.07995126080095294
19822,0,0.5146624600952643
19823,1,0.5049566026788425
19824,0,0.3423509598182088
19825,1,0.28009056293850737
19826,0,0.2927659342753682
19827,0,0.3922385022385022
19828,0,0.29541180221457203
19829,0,0.003283130118318373
19830,1,0.7368922261779405
19831,1,0.45778698253518396
19832,0,0.002547551333959101
19833,1,0.17067555273882037
19834,0,0.3429379444085326
19835,1,0.4319849976826721
19836,1,0.5278482921842903
19837,0,0.026999678727262968
19838,0,0.07366069602911708
19839,0,0.04148770794784393
19840,0,0.17377655295414832
19841,0,0.04233738469456431
19842,0,0.050512418615866896
19843,0,0.3317356000741372
19844,0,0.019751882595666976
19845,1,0.8311403508771931
19846,0,0.0009602497466575137
19847,0,0.43249624082103394
19848,0,0.14178318980582885
19849,0,0.048873155495563286
19850,0,0.43837037402059825
19851,0,0.0
19852,0,0.04456267531268588
19853,0,0.3916219315950218
19854,0,0.5575258354482978
19855,0,0.2706138702685192
19856,1,0.28921172988969596
19857,0,0.0009602497466575137
19858,0,0.04300295381205299
19859,0,0.5787213072374162
19860,1,0.558833414901164
19861,0,0.0009602497466575137
19862,1,0.5224416603641227
19863,1,0.19723434323399613
19864,1,0.5920210441693547
19865,1,0.6727241453786456
19866,1,0.5347317975374831
19867,0,0.457642362364427
19868,0,0.4962628634076342
19869,0,0.0830523442024759
19870,0,0.002547551333959101
19871,1,0.5367006972414549
19872,0,0.04148770794784393
19873,0,0.16838677136603009
19874,1,0.5887865932768767
19875,1,0.49808877153275494
19876,0,0.0
19877,0,0.7373401457394296
19878,0,0.21150217381560665
19879,0,0.4427944291941395
19880,0,0.009863820228662683
19881,0,0.11860594789360669
19882,1,0.5230072404321033
19883,1,0.2540889819014567
19884,0,0.26125987562126346
19885,0,0.009081160170079768
19886,1,0.6492664066417916
19887,0,0.020342883648902573
19888,1,0.8359800362976406
19889,1,0.7270041686708354
19890,0,0.0
19891,1,0.670843888650789
19892,1,0.608361263045572
19893,1,0.7022037272477982
19894,0,0.3431521642562368
19895,0,0.002547551333959101
19896,0,0.13120815506052702
19897,0,0.12559656468787284
19898,0,0.0005393743257820928
19899,0,0.7644918536757453
19900,0,0.021183821204836997
19901,0,0.03664685240108225
19902,0,0.10407507147520316
19903,0,0.41412587045066357
19904,1,0.5163684198629556
19905,0,0.2128796255344243
19906,0,0.6509686170191039
19907,0,0.12711185077882126
19908,1,0.6540241120886282
19909,0,0.5391422385815875
19910,0,0.0004208754208754209
19911,0,0.20884024465536255
19912,0,0.23837371752863754
19913,0,0.0004208754208754209
19914,0,0.0004208754208754209
19915,1,0.2570397331848486
19916,1,0.5450875129754866
19917,1,0.4006493141730756
19918,0,0.26768860800556327
19919,1,0.5201453193492678
19920,0,0.0
19921,0,0.14178318980582885
19922,0,0.08973023600426581
19923,1,0.818611615245009
19924,0,0.011576848674364397
19925,0,0.05270980685029799
19926,0,0.0004208754208754209
19927,0,0.0009602497466575137
19928,1,0.4172792962767767
19929,1,0.5287903052487816
19930,1,0.5477483939393758
19931,0,0.016927530079098512
19932,0,0.0
19933,0,0.36890015783582736
19934,0,0.00480136896126056
19935,0,0.0
19936,1,0.7597139749282262
19937,1,0.3513392857142857
19938,0,0.6221066757507984
19939,0,0.5347317975374831
19940,1,0.6431047015840508
19941,1,0.6954256395432866
19942,0,0.010599399013021954
19943,1,0.6221066757507984
19944,0,0.1074769189282362
19945,0,0.09083131269065059
19946,1,0.7212711629378296
19947,0,0.21889358208892515
19948,1,0.5217071990212756
19949,1,0.9035087719298245
19950,0,0.010599399013021954
19951,0,0.12524668612554424
19952,1,0.519361871206847
19953,0,0.339171727429674
19954,0,0.050512418615866896
19955,0,0.16614364300581963
19956,0,0.24489452404944403
19957,1,0.13966438321489758
19958,0,0.4078528560972538
19959,0,0.044821886322384825
19960,0,0.23761490605490457
19961,1,0.553451293583888
19962,1,0.2012501594591147
19963,0,0.39160361289411094
19964,0,0.0009602497466575137
19965,0,0.050512418615866896
19966,1,0.397646640113889
19967,0,0.1117361656382796
19968,0,0.4867759849889968
19969,1,0.5345717945464834
19970,0,0.31315898463593855
19971,0,0.10338973987237228
19972,0,0.002547551333959101
19973,0,0.37025736143383203
19974,0,0.2815651382823872
19975,0,0.00480136896126056
19976,1,0.8514540543935682
19977,0,0.3343128307897847
19978,0,0.0009602497466575137
19979,0,0.0040657901769012884
19980,1,0.397274728759546
19981,0,0.0005393743257820928
19982,1,0.686077783246755
19983,0,0.10366168396547626
19984,1,0.35554748062015507
19985,1,0.7485202476420275
19986,0,0.044821886322384825
19987,0,0.40229363611019586
19988,1,0.5742764317907308
19989,1,0.4903793570676644
19990,0,0.003283130118318373
19991,0,0.18154283750949174
19992,0,0.012417786230277797
19993,0,0.2518634949442572
19994,0,0.026671014714979135
19995,0,0.06838268787278237
19996,0,0.026080013661743534
19997,1,0.6635732623847314
19998,0,0.5010277308778092
19999,0,0.10812712752029326
20000,1,0.5059184983816826
20001,1,0.36974180124545536
20002,0,0.010599399013021954
20003,0,0.36396492871963054
20004,0,0.18761944548956513
20005,0,0.005778818622603001
20006,0,0.023897853402944563
20007,1,0.5207454115710997
20008,1,0.28701854880056904
20009,0,0.4265234812455459
20010,0,0.2066964242494651
20011,1,0.4471310345418547
20012,0,0.5575258354482978
20013,0,0.0009602497466575137
20014,0,0.00480136896126056
20015,0,0.15166147000933902
20016,0,0.0
20017,1,0.5217071990212756
20018,0,0.39794315156256155
20019,0,0.6864649518909
20020,0,0.010599399013021954
20021,0,0.0009602497466575137
20022,0,0.603803331839152
20023,1,0.3221330041588162
20024,1,0.6727241453786456
20025,0,0.003283130118318373
20026,0,0.002862254697442952
20027,0,0.26116780148475677
20028,0,0.6237174161547255
20029,0,0.05586877590900898
20030,0,0.05678772225959159
20031,0,0.1466805228244741
20032,0,0.0004208754208754209
20033,1,0.788322908438254
20034,0,0.04122724079056966
20035,0,0.026671014714979135
20036,0,0.7529612089795407
20037,0,0.7199317807574688
20038,1,0.4302016866933258
20039,0,0.5971681212961787
20040,0,0.14223565465207622
20041,0,0.020342883648902573
20042,0,0.1767634599550807
20043,0,0.09739128854025673
20044,1,0.4373486337189955
20045,1,0.5201453193492678
20046,0,0.00480136896126056
20047,0,0.6189236496557201
20048,1,0.4615712341654603
20049,0,0.002547551333959101
20050,1,0.6627405238273866
20051,0,0.0005393743257820928
20052,0,0.14009886376583425
20053,0,0.00480136896126056
20054,0,0.5870527354967189
20055,0,0.10458362962195357
20056,1,0.5010277308778092
20057,1,0.5008820608144328
20058,1,0.7270041686708354
20059,0,0.03084882234932086
20060,0,0.008345581385720497
20061,1,0.7723513024045362
20062,0,0.05220733387010418
20063,0,0.043225983329057444
20064,0,0.22929104995540386
20065,1,0.32443877246271013
20066,0,0.7314451300083484
20067,0,0.11751571725924982
20068,0,0.009081160170079768
20069,0,0.1390462617012537
20070,1,0.701320655274368
20071,0,0.11581758948455996
20072,0,0.5692653296547281
20073,1,0.6668291296475641
20074,1,0.4373486337189955
20075,0,0.259494929277373
20076,0,0.0024784885895997007
20077,0,0.0934617812882176
20078,0,0.3916219315950218
20079,0,0.5141404669349156
20080,0,0.1978127528319953
20081,0,0.0
20082,0,0.4735060345418547
20083,0,0.553451293583888
20084,1,0.6221066757507984
20085,0,0.0
20086,0,0.10338973987237228
20087,0,0.03484604863628171
20088,1,0.5820476493318137
20089,1,0.5439923816299458
20090,1,0.5912157134996011
20091,1,0.3805799767308568
20092,0,0.2776092429261982
20093,0,0.3209359112292471
20094,0,0.0004208754208754209
20095,0,0.21281697410885178
20096,1,0.8657616976582494
20097,0,0.044821886322384825
20098,0,0.17618287331505558
20099,1,0.6094508845290111
20100,1,0.6212739371927328
20101,0,0.33461056470275946
20102,0,0.45419176294004604
20103,0,0.1136013302915566
20104,0,0.4319849976826721
20105,0,0.003283130118318373
20106,0,0.009081160170079768
20107,0,0.020342883648902573
20108,0,0.41300968575788727
20109,1,0.4969531890133994
20110,0,0.020342883648902573
20111,0,0.036361294500490776
20112,0,0.47736004305771745
20113,0,0.542447516641065
20114,0,0.04374674204821013
20115,0,0.3110792589053459
20116,0,0.21889358208892515
20117,0,0.0004208754208754209
20118,0,0.011440336568935354
20119,1,0.7212711629378296
20120,0,0.0
20121,1,0.6668291296475641
20122,1,0.03726202588771051
20123,1,0.4200122631814674
20124,1,0.3971061818700772
20125,0,0.4781899721832981
20126,0,0.004260579779660814
20127,0,0.18612351831091833
20128,0,0.0009602497466575137
20129,0,0.09246716410884097
20130,1,0.7145501174144111
20131,0,0.0
20132,1,0.5647236072852377
20133,0,0.26430301339675194
20134,0,0.06071415783494341
20135,0,0.701320655274368
20136,0,0.0
20137,1,0.4058649232108948
20138,0,0.03484604863628171
20139,0,0.14223565465207622
20140,0,0.0004208754208754209
20141,0,0.47736004305771745
20142,1,0.7308002371435207
20143,1,0.42558987921635927
20144,0,0.0747059184365686
20145,0,0.002547551333959101
20146,0,0.0024784885895997007
20147,0,0.25011238629151683
20148,0,0.4313906310296202
20149,1,0.6693509239427607
20150,0,0.10792798658926865
20151,1,0.8311403508771931
20152,0,0.3611871509418528
20153,0,0.5383868881587777
20154,0,0.3390133614430482
20155,0,0.37984552607702465
20156,0,0.49869745004534866
20157,1,0.3557820447848039
20158,0,0.15420147689226824
20159,0,0.00480136896126056
20160,0,0.0281862605791882
20161,0,0.40124415814070985
20162,1,0.8489290755624693
20163,0,0.6735948751519686
20164,0,0.0
20165,1,0.49825717933358854
20166,1,0.35940789938098955
20167,0,0.35418816139526976
20168,1,0.6267701032285796
20169,0,0.00480136896126056
20170,1,0.7465562720939065
20171,1,0.4427944291941395
20172,0,0.4233573833573834
20173,0,0.2543407198901369
20174,0,0.2228148453020967
20175,1,0.5347317975374831
20176,0,0.19407308047646574
20177,0,0.04148770794784393
20178,0,0.30441900780295056
20179,0,0.05270980685029799
20180,0,0.49187783858551226
20181,1,0.3716684250724504
20182,1,0.26160434574571295
20183,0,0.026671014714979135
20184,1,0.40521431879225717
20185,0,0.24542625362969908
20186,0,0.28542466541105327
20187,1,0.7365332428765264
20188,0,0.48776872071924293
20189,0,0.003721205453878721
20190,0,0.4876710291804631
20191,0,0.020342883648902573
20192,0,0.0009602497466575137
20193,1,0.48903848566608116
20194,0,0.0
20195,0,0.03515957688176737
20196,0,0.13229945486330907
20197,1,0.8567526886492404
20198,0,0.33579333413773854
20199,0,0.009863820228662683
20200,0,0.26317164947469035
20201,0,0.45698825577176444
20202,0,0.14064588062921637
20203,1,0.20303762775601694
20204,1,0.37437161177597017
20205,0,0.0402854436838796
20206,0,0.05992209605088832
20207,0,0.03702474153504439
20208,0,0.4265234812455459
20209,1,0.8657616976582494
20210,1,0.3050070268414616
20211,0,0.14082080200501254
20212,1,0.8657616976582494
20213,0,0.0
20214,0,0.5817251044066117
20215,0,0.010321865519885322
20216,0,0.10035757150700401
20217,1,0.5627118776763508
20218,0,0.025208452510964343
20219,1,0.5723075320867591
20220,0,0.11622776947854346
20221,1,0.522013481116512
20222,0,0.41412587045066357
20223,0,0.3700525620207116
20224,0,0.0
20225,0,0.2218996416820854
20226,0,0.10070866604673039
20227,0,0.07475196897453946
20228,0,0.3590876590876591
20229,1,0.7368922261779405
20230,0,0.0009602497466575137
20231,0,0.0004208754208754209
20232,0,0.09764015357092604
20233,0,0.07475196897453946
20234,0,0.37514133423904106
20235,0,0.35271428571428576
20236,0,0.00480136896126056
20237,0,0.0040657901769012884
20238,1,0.963963963963964
20239,0,0.0024784885895997007
20240,1,0.5904134514020662
20241,0,0.3241480996068152
20242,0,0.0588489931816664
20243,0,0.0
20244,1,0.6407544140470383
20245,1,0.558833414901164
20246,0,0.18390725911791495
20247,1,0.8624856943822462
20248,0,0.4172792962767767
20249,0,0.0005393743257820928
20250,1,0.3447325011081417
20251,0,0.3428739618117989
20252,1,0.7457847008889971
20253,0,0.048873155495563286
20254,0,0.2279762496621588
20255,1,0.4575005370795872
20256,0,0.002547551333959101
20257,0,0.002547551333959101
20258,1,0.6189236496557201
20259,0,0.0
20260,1,0.7210916119172222
20261,1,0.35554748062015507
20262,0,0.0040657901769012884
20263,0,0.4265234812455459
20264,0,0.5166708697066899
20265,0,0.20634076945554455
20266,1,0.6494496584677282
20267,1,0.5105973346319171
20268,0,0.2802163425297754
20269,0,0.5219795116189423
20270,0,0.11204800311677886
20271,0,0.04606814753873578
20272,0,0.010599399013021954
20273,0,0.0005393743257820928
20274,1,0.08934848219546304
20275,0,0.04578630199459722
20276,1,0.31729182543704043
20277,0,0.0005393743257820928
20278,1,0.6212739371927328
20279,0,0.492102229788725
20280,1,0.6985696687731884
20281,0,0.5008820608144328
20282,1,0.3502760159736904
20283,0,0.25481515897007895
20284,1,0.6668291296475641
20285,1,0.8489290755624693
20286,0,0.3616287519747236
20287,0,0.4058649232108948
20288,0,0.3543234389624281
20289,0,0.4706125962469509
20290,0,0.0
20291,1,0.82669938953968
20292,0,0.10509450632671735
20293,0,0.383193425361688
20294,0,0.393832141805232
20295,1,0.3979546943250561
20296,0,0.026903367765201625
20297,0,0.1870255348516218
20298,1,0.9332904332904333
20299,0,0.0009602497466575137
20300,0,0.171145369643013
20301,1,0.6282842802075587
20302,1,0.6768141404136468
20303,0,0.45706631441228596
20304,0,0.14878985385860982
20305,0,0.39781246256066405
20306,0,0.07808609614767592
20307,0,0.002547551333959101
20308,0,0.15002522195318804
20309,0,0.011440336568935354
20310,0,0.14490873671569557
20311,1,0.558833414901164
20312,0,0.22193649659766101
20313,1,0.6784792991842848
20314,0,0.3585426755447942
20315,0,0.606658730389168
20316,1,0.36984215295277023
20317,1,0.5742764317907308
20318,0,0.5154480463877817
20319,1,0.4032880459151646
20320,0,0.6069082385412333
20321,0,0.0803023553406793
20322,1,0.4344758905469926
20323,0,0.00480136896126056
20324,0,0.07698497783420566
20325,1,0.4919973892609281
20326,0,0.03484604863628171
20327,0,0.06620295213570475
20328,0,0.1136013302915566
20329,1,0.8209663838066742
20330,0,0.03122220916338564
20331,0,0.4598988399582165
20332,0,0.10699581113861271
20333,0,0.22018774641995745
20334,0,0.05056007969444662
20335,0,0.33595306859205776
20336,0,0.32834136911370276
20337,1,0.675245939673842
20338,1,0.4691843162810905
20339,0,0.23837371752863754
20340,1,0.4251249025921515
20341,0,0.2787347422116961
20342,0,0.028517917570205154
20343,1,0.5010277308778092
20344,0,0.32741694236448454
20345,0,0.10303065357062337
20346,0,0.0009602497466575137
20347,1,0.8311403508771931
20348,0,0.4848872652366237
20349,0,0.1969071404576548
20350,0,0.266391243146273
20351,0,0.050512418615866896
20352,0,0.27413197564140956
20353,1,0.4848872652366237
20354,0,0.0009602497466575137
20355,1,0.2539680162751669
20356,0,0.11146051902292253
20357,0,0.0009602497466575137
20358,0,0.06196041905129437
20359,0,0.5581415000061455
20360,1,0.4878627645378102
20361,0,0.01803885414996526
20362,0,0.10070866604673039
20363,0,0.4020272410516313
20364,0,0.011576848674364397
20365,1,0.8351327035537562
20366,1,0.5383868881587777
20367,0,0.12757894007555412
20368,0,0.6532531652844483
20369,0,0.5298854365943224
20370,1,0.7368922261779405
20371,0,0.0009602497466575137
20372,0,0.4781899721832981
20373,1,0.09240331806788515
20374,0,0.0
20375,0,0.020342883648902573
20376,0,0.07719403296564267
20377,0,0.44672330099517277
20378,0,0.0
20379,1,0.6035558687979298
20380,1,0.7366952528746019
20381,0,0.2540889819014567
20382,0,0.16230725059135281
20383,0,0.5870527354967189
20384,0,0.4939787810755553
20385,1,0.5698253648203009
20386,0,0.0005393743257820928
20387,1,0.7623874765713682
20388,0,0.0748282409155468
20389,0,0.37386813186813184
20390,0,0.0005393743257820928
20391,0,0.21802298033641318
20392,1,0.5958783549507859
20393,1,0.7084068096874757
20394,1,0.18285922052738193
20395,0,0.025826748609891717
20396,0,0.2519016975403396
20397,0,0.01877443293432453
20398,0,0.07742505103815882
20399,1,0.5380082766943212
20400,0,0.0588489931816664
20401,1,0.46189819140459987
20402,0,0.05244468189643304
20403,0,0.0
20404,1,0.45419176294004604
20405,0,0.0004208754208754209
20406,0,0.016927530079098512
20407,0,0.03495193714684496
20408,1,0.5996080866407993
20409,0,0.00480136896126056
20410,1,0.7806127094836772
20411,0,0.11395242483128294
20412,1,0.3571826640792158
20413,1,0.47089269738766976
20414,1,0.6650051819986897
20415,1,0.6450736012880226
20416,0,0.41590395111417244
20417,1,0.4172792962767767
20418,0,0.2967175431944971
20419,0,0.10428058740240233
20420,0,0.0005393743257820928
20421,0,0.0281862605791882
20422,1,0.5217071990212756
20423,0,0.12667188022165468
20424,0,0.08146479956824784
20425,0,0.5916344037415779
20426,0,0.11287347481489206
20427,0,0.6111453101608716
20428,1,0.19887653654469797
20429,1,0.701320655274368
20430,0,0.22929104995540386
20431,1,0.6471194605872758
20432,1,0.34527660973686336
20433,0,0.1025738307000074
20434,0,0.1274021218446638
20435,1,0.7326261061629592
20436,0,0.24475289588464855
20437,0,0.1557461751393409
20438,0,0.026903367765201625
20439,1,0.6246284700459949
20440,1,0.17150102443693357
20441,0,0.0588489931816664
20442,0,0.09180611899932388
20443,0,0.0
20444,0,0.0004208754208754209
20445,0,0.00480136896126056
20446,0,0.011440336568935354
20447,0,0.4578537620748942
20448,1,0.7366952528746019
20449,0,0.41169126903724057
20450,1,0.7427872419090219
20451,1,0.5514823938799162
20452,0,0.555556935744326
20453,0,0.0020081770081770084
20454,1,0.786345715216683
20455,0,0.4374984526409087
20456,1,0.48146803425808765
20457,0,0.42120816807781
20458,1,0.5086277227903824
20459,0,0.045442242522060826
20460,0,0.5628666666451009
20461,0,0.3284021997478729
20462,0,0.048873155495563286
20463,0,0.06435394670688788
20464,0,0.25415052881169325
20465,1,0.6449983652562462
20466,0,0.0009602497466575137
20467,0,0.43419520789288235
20468,0,0.009081160170079768
20469,1,0.6298780474396779
20470,1,0.4735060345418547
20471,0,0.28092603782258957
20472,0,0.3899592348444075
20473,0,0.27600471715314023
20474,0,0.05220733387010418
20475,0,0.11433518129100152
20476,0,0.0004208754208754209
20477,0,0.6189236496557201
20478,0,0.4802025926709663
20479,0,0.4394166121648136
20480,0,0.1117361656382796
20481,0,0.31315898463593855
20482,0,0.07808609614767592
20483,0,0.020872984663217742
20484,0,0.5439923816299458
20485,1,0.8321682340647859
20486,1,0.5823657193970025
20487,1,0.49101169672469797
20488,0,0.016927530079098512
20489,0,0.21488222797398718
20490,0,0.049402274713282734
20491,0,0.0009602497466575137
20492,0,0.04606814753873578
20493,0,0.5478274051733768
20494,1,0.7567302391644253
20495,1,0.708295716282218
20496,0,0.15898512112904553
20497,0,0.011576848674364397
20498,0,0.11511427428510339
20499,0,0.2995255741867386
20500,0,0.0009602497466575137
20501,0,0.0
20502,0,0.0009602497466575137
20503,1,0.2998885883655423
20504,0,0.06726137512929783
20505,0,0.03484604863628171
20506,1,0.503612916418602
20507,0,0.1388022823885961
20508,1,0.7212711629378296
20509,1,0.6407544140470383
20510,0,0.0009602497466575137
20511,0,0.0005393743257820928
20512,1,0.469410278849487
20513,0,0.06009525439801735
20514,0,0.03664685240108225
20515,0,0.07808609614767592
20516,0,0.7623874765713682
20517,0,0.5514823938799162
20518,1,0.5347317975374831
20519,1,0.6227131884755887
20520,0,0.0009602497466575137
20521,0,0.3738125891012773
20522,1,0.3485713894776647
20523,1,0.3704919340592965
20524,0,0.0
20525,0,0.5289221635733768
20526,0,0.10070866604673039
20527,1,0.7386238279095423
20528,1,0.4996178235205225
20529,0,0.5367006972414549
20530,0,0.07350570775818852
20531,0,0.10847831040615045
20532,1,0.6449983652562462
20533,0,0.4373486337189955
20534,0,0.46400078361289526
20535,0,0.14941192960994942
20536,0,0.5217071990212756
20537,0,0.577557109480442
20538,0,0.5499923620891364
20539,1,0.4172792962767767
20540,0,0.1818984923034123
20541,0,0.0009602497466575137
20542,0,0.19132952453847976
20543,1,0.7485202476420275
20544,1,0.5411111382855592
20545,0,0.1870203117387009
20546,0,0.49187640491222506
20547,0,0.06632141695070758
20548,0,0.012417786230277797
20549,1,0.8209663838066742
20550,0,0.5951992215922068
20551,0,0.3354883161393724
20552,0,0.15002522195318804
20553,0,0.0009602497466575137
20554,0,0.00212667591308368
20555,0,0.19713986198330305
20556,0,0.0056423065171739605
20557,0,0.0009602497466575137
20558,0,0.053131847804433814
20559,1,0.5289221635733768
20560,0,0.03272167297330575
20561,0,0.5839427115093474
20562,0,0.02510256400040109
20563,1,0.786345715216683
20564,1,0.5757733222430512
20565,1,0.11554655687851141
20566,0,0.002547551333959101
20567,0,0.50391885431728
20568,0,0.16082855616825517
20569,1,0.457642362364427
20570,0,0.475575564911563
20571,0,0.0
20572,0,0.05604393402343446
20573,0,0.07995126080095294
20574,0,0.0
20575,0,0.03436093609360936
20576,1,0.3134410147187606
20577,1,0.40749821300874384
20578,0,0.264137665615212
20579,0,0.5960319601502725
20580,1,0.7874755756943695
20581,0,0.30724924792721403
20582,1,0.4743929587068601
20583,0,0.2218996416820854
20584,1,0.4427944291941395
20585,1,0.6468052030196244
20586,0,0.4462411619388364
20587,0,0.06342938157115381
20588,0,0.35476383503187586
20589,0,0.14223565465207622
20590,1,0.80331541218638
20591,0,0.1025738307000074
20592,0,0.202419506242373
20593,0,0.00480136896126056
20594,0,0.10525145798833609
20595,0,0.003283130118318373
20596,1,0.7405208548065692
20597,0,0.05270980685029799
20598,0,0.2798078934934482
20599,1,0.46286376663635836
20600,1,0.6450736012880226
20601,1,0.5087209678065628
20602,0,0.4373486337189955
20603,1,0.6938644618939281
20604,1,0.5619362764924022
20605,0,0.07144443683611369
20606,0,0.2798078934934482
20607,0,0.3991467881711784
20608,0,0.11200292734099167
20609,0,0.1026435574229692
20610,0,0.37108465608465613
20611,1,0.765805963962646
20612,1,0.4173999105155087
20613,1,0.22284545404379755
20614,0,0.3427008232346474
20615,0,0.15290851314897214
20616,1,0.26884635103375104
20617,0,0.0009602497466575137
20618,0,0.03484604863628171
20619,0,0.14626397094128404
20620,0,0.07144443683611369
20621,0,0.16876943675176936
20622,1,0.49384673828948406
20623,0,0.21054715632301782
20624,0,0.22929104995540386
20625,0,0.03484604863628171
20626,0,0.003283130118318373
20627,0,0.01005860983142221
20628,0,0.25481515897018997
20629,1,0.3506373311711553
20630,1,0.4567554381994216
20631,0,0.3571012167402059
20632,0,0.01005860983142221
20633,0,0.4313906310296202
20634,1,0.2208109973121631
20635,0,0.36261888190121877
20636,0,0.025416092245886753
20637,0,0.4795484860783037
20638,0,0.3716684250724504
20639,1,0.47605321507760534
20640,0,0.0009602497466575137
20641,1,0.4341305584943591
20642,0,0.018442775943307576
20643,0,0.0888813928987302
20644,0,0.5669833980545002
20645,1,0.5840165490357855
20646,0,0.28397299218194744
20647,0,0.34884724848623766
20648,0,0.011440336568935354
20649,1,0.8311403508771931
20650,0,0.05457497150357501
20651,1,0.8209663838066742
20652,0,0.0024784885895997007
20653,0,0.0009602497466575137
20654,0,0.4706125962469509
20655,1,0.4322718496178212
20656,0,0.38668519477956237
20657,0,0.1117361656382796
20658,0,0.08639610883112936
20659,0,0.0004208754208754209
20660,0,0.37753865773951856
20661,0,0.15290851314897214
20662,1,0.5125214921133289
20663,0,0.4525655782632527
20664,1,0.4511874369320286
20665,0,0.003283130118318373
20666,0,0.003283130118318373
20667,0,0.6864649518909
20668,1,0.650494531292093
20669,0,0.2563607390219034
20670,0,0.12667188022165468
20671,0,0.021183821204815975
20672,0,0.4567554381994216
20673,0,0.7923698739109518
20674,1,0.31181648074664026
20675,0,0.28397299218194744
20676,1,0.3280828582549168
20677,0,0.049768630379709765
20678,0,0.03484604863628171
20679,1,0.5649745080641786
20680,1,0.6286637669007749
20681,1,0.5347317975374831
20682,0,0.53650164317478
20683,0,0.23837371752863754
20684,1,0.8170088631911292
20685,0,0.30513464423912184
20686,1,0.43461212773743024
20687,0,0.0043804935403851395
20688,0,0.2584488831672723
20689,0,0.03484604863628171
20690,0,0.003283130118318373
20691,0,0.46205280340853144
20692,0,0.6837688422224875
20693,1,0.4802025926709663
20694,1,0.6138857432981716
20695,0,0.05146354563394704
20696,1,0.6049393388372615
20697,0,0.3917377625146692
20698,1,0.202419506242373
20699,0,0.12507244145467178
20700,0,0.38668519477956237
20701,0,0.0005393743257820928
20702,0,0.0
20703,0,0.0005393743257820928
20704,1,0.577557109480442
20705,0,0.39138129933211907
20706,1,0.5367006972414549
20707,0,0.05270980685029799
20708,0,0.0
20709,1,0.5207454115710997
20710,1,0.7842413381123059
20711,0,0.0
20712,0,0.06257911266280868
20713,0,0.10070866604673039
20714,1,0.5172228622541454
20715,0,0.003283130118318373
20716,0,0.46406212702978084
20717,0,0.03495193714684496
20718,0,0.20279188716407517
20719,0,0.00490672773281469
20720,1,0.37858008658008657
20721,0,0.016927530079098512
20722,0,0.7806127094836772
20723,0,0.6136108794365676
20724,1,0.33955643751359416
20725,1,0.5362173605074214
20726,0,0.06686404844662629
20727,0,0.5037485060798438
20728,0,0.0009602497466575137
20729,0,0.13656231094978827
20730,1,0.558833414901164
20731,0,0.43757302492220823
20732,0,0.0
20733,1,0.6735948751519686
20734,0,0.41425808983181794
20735,0,0.5752068219434295
20736,0,0.10543625551995152
20737,0,0.01724914519032166
20738,0,0.28621734436255936
20739,0,0.41487057911310243
20740,1,0.6079907275670902
20741,0,0.0009602497466575137
20742,0,0.06326940291481113
20743,0,0.026671014714979135
20744,0,0.4783218305078934
20745,0,0.05604393402343446
20746,0,0.026671014714979135
20747,0,0.021183821204815975
20748,0,0.5978618395504506
20749,1,0.788322908438254
20750,0,0.049768630379709765
20751,0,0.05225356601304936
20752,0,0.07507352142774369
20753,0,0.7308002371435207
20754,0,0.06242875175861513
20755,1,0.6069082385412333
20756,0,0.003283130118318373
20757,0,0.22929104995540386
20758,0,0.03122220916338564
20759,0,0.33461056470275946
20760,0,0.020342883648902573
20761,0,0.003283130118318373
20762,0,0.0009602497466575137
20763,0,0.11714424141749723
20764,0,0.14178318980582885
20765,1,0.7258280034084995
20766,1,0.41412587045066357
20767,0,0.5817251044066117
20768,0,0.09059474341181399
20769,1,0.8037141362693144
20770,1,0.6549156935545325
20771,1,0.49187640491202983
20772,1,0.3822242986679771
20773,1,0.834523002626451
20774,0,0.26969245599549685
20775,0,0.5083292953613844
20776,0,0.14064588062921637
20777,0,0.003283130118318373
20778,0,0.07808609614767592
20779,1,0.6021730533132871
20780,1,0.4743929587068601
20781,1,0.6232428368967046
20782,0,0.5011883429096692
20783,0,0.003283130118318373
20784,0,0.0009602497466575137
20785,0,0.048873155495563286
20786,0,0.0
20787,0,0.21810920997819108
20788,0,0.0
20789,0,0.0024784885895997007
20790,0,0.49101169672469797
20791,1,0.49808877153275494
20792,1,0.783881947100741
20793,0,0.07475196897453946
20794,0,0.07507352142774369
20795,1,0.5380082766943212
20796,0,0.0487131768392206
20797,1,0.7427872419090219
20798,0,0.009081160170079768
20799,0,0.026080013661743534
20800,1,0.80331541218638
20801,1,0.46286376663635836
20802,0,0.10792798658926865
20803,0,0.22949050820558434
20804,0,0.2842928612234258
20805,1,0.6356110531726836
20806,0,0.07507352142774369
20807,0,0.0020576131687242796
20808,1,0.5163684198629501
20809,1,0.790786676554196
20810,1,0.3805799767308568
20811,0,0.21889358208892515
20812,0,0.4438270532089181
20813,1,0.5581415000061455
20814,0,0.21343509562249566
20815,0,0.22929104995540386
20816,0,0.44020455394646
20817,1,0.5049566026788425
20818,1,0.6921697722811745
20819,0,0.2904880308049861
20820,0,0.03664685240108225
20821,0,0.10366168396547626
20822,0,0.3577599852613294
20823,0,0.49524685062096774
20824,1,0.4525655782632527
20825,1,0.5374960079135328
20826,1,0.5153161880631866
20827,0,0.4303569381616253
20828,0,0.3492367044087629
20829,0,0.0
20830,0,0.5287903052487816
20831,1,0.5166708697066899
20832,0,0.4319849976826721
20833,0,0.4359873470828381
20834,0,0.0
20835,0,0.026671014714979135
20836,0,0.048612688338289
20837,0,0.33461056470275946
20838,0,0.3329363504035993
20839,0,0.3548967045356937
20840,0,0.0009602497466575137
20841,0,0.31108203009280816
20842,0,0.16925054454139285
20843,1,0.5011883429096692
20844,0,0.37273840073902503
20845,0,0.3716684250724504
20846,0,0.32720450955048114
20847,1,0.6845712882187046
20848,0,0.12524668612554424
20849,1,0.3209359112292471
20850,0,0.2208109973121631
20851,0,0.043126971068147536
20852,0,0.11876197847560077
20853,1,0.5420828185587309
20854,0,0.5473330162865552
20855,0,0.2796130909161318
20856,0,0.38477576540272174
20857,1,0.5010277308778092
20858,0,0.0005393743257820928
20859,0,0.7427872419090219
20860,0,0.3849176755447942
20861,0,0.0
20862,1,0.5035265813314299
20863,0,0.33086063603269456
20864,0,0.28332706374085687
20865,0,0.1557461751393409
20866,1,0.5449051706219598
20867,0,0.41304161216481355
20868,0,0.17618287331505558
20869,0,0.002547551333959101
20870,0,0.30972964296004846
20871,0,0.0009602497466575137
20872,0,0.0281862605791882
20873,0,0.25481515897007895
20874,1,0.6035558687979298
20875,1,0.7240291725294554
20876,1,0.5084540951403776
20877,1,0.553451293583888
20878,0,0.2768830658575759
20879,0,0.41412587045066357
20880,1,0.2857405114167156
20881,0,0.0005393743257820928
20882,0,0.29248653995161605
20883,1,0.5971681212961787
20884,1,0.7713965831292006
20885,0,0.021183821204815975
20886,0,0.0009602497466575137
20887,0,0.00480136896126056
20888,1,0.6003511473912567
20889,1,0.20218381527557447
20890,1,0.40505556514993274
20891,1,0.650494531292093
20892,0,0.5514823938799162
20893,0,0.5367006972414549
20894,0,0.04300295381205299
20895,0,0.2768830658575759
20896,0,0.49524685062096774
20897,0,0.5795437565953145
20898,1,0.5374960079135328
20899,0,0.1848255537437152
20900,0,0.577557109480442
20901,1,0.6332758367231671
20902,0,0.18761944548956513
20903,0,0.44672330099517277
20904,0,0.05146354563394704
20905,0,0.5077789547420715
20906,0,0.16938258899552427
20907,1,0.622462281818185
20908,1,0.5380082766943212
20909,0,0.003283130118318373
20910,0,0.202419506242373
20911,1,0.6985696687731884
20912,0,0.49825717933358854
20913,1,0.40901874565240903
20914,0,0.04606814753873578
20915,0,0.0
20916,0,0.46220966004369574
20917,0,0.003283130118318373
20918,0,0.09344981206895464
20919,1,0.4451475950621668
20920,0,0.10070866604673039
20921,0,0.5132666985764845
20922,0,0.18195679849908705
20923,1,0.905444237340789
20924,0,0.023047175242083055
20925,1,0.6954256395432866
20926,0,0.010599399013021954
20927,1,0.6391466680793422
20928,0,0.003283130118318373
20929,0,0.0
20930,0,0.03484604863628171
20931,0,0.15001212894709812
20932,0,0.269568711078145
20933,0,0.0004208754208754209
20934,0,0.624893901418578
20935,0,0.003283130118318373
20936,0,0.1908404699165569
20937,0,0.0005393743257820928
20938,0,0.21776784444530636
20939,0,0.3131400852085445
20940,0,0.4681710549068183
20941,0,0.011576848674364397
20942,0,0.002547551333959101
20943,1,0.655723570834221
20944,1,0.5195002553517356
20945,1,0.5549968791739028
20946,0,0.37883931879225713
20947,0,0.2119983730519357
20948,0,0.12833349279244802
20949,0,0.0
20950,1,0.5007518139697525
20951,0,0.026903367765201625
20952,0,0.0005393743257820928
20953,0,0.29547334912480855
20954,0,0.003283130118318373
20955,0,0.6125537461202494
20956,0,0.08969400351403811
20957,0,0.009081160170079768
20958,0,0.19429510839305278
20959,1,0.6121138211382114
20960,0,0.06980858541792333
20961,0,0.0005393743257820928
20962,0,0.0040657901769012884
20963,0,0.06504511593629446
20964,0,0.594605111312785
20965,0,0.5514823938799162
20966,0,0.4770575932139833
20967,0,0.41013234925110703
20968,0,0.4047935871395587
20969,0,0.3045584523845393
20970,1,0.7817775699963638
20971,0,0.09246716410884097
20972,0,0.01454485359714118
20973,0,0.01454485359714118
20974,0,0.2806809598358799
20975,1,0.5367006972414549
20976,1,0.7207944675196282
20977,0,0.011576848674364397
20978,0,0.3060052459916338
20979,0,0.0009602497466575137
20980,0,0.2279762496621588
20981,1,0.8563457152166829
20982,0,0.15352663466261604
20983,0,0.1870203117387009
20984,0,0.3695304330541944
20985,0,0.016927530079098512
20986,0,0.4345032577162696
20987,1,0.624893901418578
20988,1,0.6586174344969387
20989,0,0.5260868116379692
20990,1,0.43070764317601684
20991,1,0.49187640491222506
20992,1,0.4095000095943771
20993,0,0.16938258899552427
20994,1,0.45314125175012504
20995,0,0.013303690606202435
20996,0,0.1431291667961373
20997,1,0.20236704003520148
20998,0,0.008345581385720497
20999,0,0.3098126327567067
21000,0,0.010599399013021954
21001,0,0.0004208754208754209
21002,0,0.6246284700459949
21003,0,0.002862254697442952
21004,0,0.80331541218638
21005,0,0.11395242483128294
21006,0,0.00274375579253628
21007,0,0.0009602497466575137
21008,1,0.1888992557962449
21009,0,0.49703896531630815
21010,1,0.2825724319578578
21011,0,0.00480136896126056
21012,0,0.07808609614767592
21013,0,0.23834108312352684
21014,0,0.11063504732480932
21015,0,0.0
21016,0,0.05270980685029799
21017,0,0.00480136896126056
21018,1,0.5625007811170081
21019,1,0.5087479856033612
21020,0,0.05457497150357501
21021,0,0.13836231183142952
21022,0,0.6721089335343867
21023,0,0.05715407792742911
21024,0,0.03664685240108225
21025,0,0.38047682982467573
21026,1,0.17927301972365783
21027,1,0.7587588479427397
21028,0,0.1717634911566569
21029,1,0.7053031995154727
21030,0,0.05220733387010418
21031,0,0.0009602497466575137
21032,0,0.0009602497466575137
21033,0,0.048873155495563286
21034,0,0.0005393743257820928
21035,0,0.00480136896126056
21036,0,0.13166497793114298
21037,1,0.5514823938799162
21038,0,0.003283130118318373
21039,0,0.0
21040,0,0.0
21041,0,0.05270980685029799
21042,1,0.6003511473912567
21043,0,0.03484604863628171
21044,0,0.010599399013021954
21045,0,0.0004208754208754209
21046,1,0.5784486252497737
21047,0,0.6685607313791659
21048,1,0.6662220144408083
21049,0,0.005221431096298541
21050,0,0.13369135607508023
21051,0,0.010599399013021954
21052,0,0.5166313597992361
21053,0,0.002547551333959101
21054,0,0.043352872601120945
21055,0,0.6069082385412333
21056,1,0.2766210809341087
21057,0,0.03122220916338564
21058,1,0.5964634658085567
21059,0,0.3263392857142857
21060,0,0.01454485359714118
21061,0,0.0009602497466575137
21062,1,0.758596837944664
21063,1,0.5639997373407629
21064,0,0.22929104995540386
21065,0,0.302407174872251
21066,1,0.7785910371113133
21067,0,0.5278482921842903
21068,0,0.4302016866933258
21069,0,0.08873302529585016
21070,0,0.003283130118318373
21071,0,0.03495193714684496
21072,0,0.15290851314897214
21073,0,0.40536963509169976
21074,1,0.773566735853029
21075,0,0.4083648300163389
21076,0,0.2104047925921926
21077,0,0.0009602497466575137
21078,0,0.00480136896126056
21079,0,0.011576848674364397
21080,0,0.0024784885895997007
21081,0,0.16418904836228196
21082,0,0.2584488831672723
21083,0,0.0
21084,1,0.403011677375478
21085,1,0.8177642825011247
21086,0,0.0004208754208754209
21087,1,0.7988744508488669
21088,0,0.06962894908913332
21089,0,0.2130212536992198
21090,0,0.0004208754208754209
21091,1,0.5230279046139253
21092,1,0.5049566026788425
21093,0,0.35035612136580085
21094,0,0.028517917570205154
21095,1,0.8264352283317801
21096,0,0.40188748569107496
21097,1,0.6668291296475641
21098,0,0.5387949865172263
21099,0,0.2279762496621588
21100,0,0.003283130118318373
21101,0,0.061633551496620746
21102,0,0.36880952893799174
21103,1,0.4373486337189955
21104,0,0.0009602497466575137
21105,0,0.4737774008472653
21106,1,0.8300963538805689
21107,1,0.4638393473064833
21108,0,0.5455409015912147
21109,1,0.4786715414263692
21110,1,0.4786281126031298
21111,0,0.10338973987237228
21112,0,0.0009602497466575137
21113,1,0.4253076335084803
21114,0,0.010599399013021954
21115,0,0.20581807554502943
21116,0,0.04148770794784393
21117,0,0.5158266578522382
21118,1,0.45094580423531544
21119,0,0.010599399013021954
21120,0,0.06738539238539239
21121,0,0.4262878758661473
21122,0,0.6629677639181087
21123,0,0.33660613910748327
21124,1,0.3401973929721333
21125,0,0.18216095902313567
21126,0,0.27596900512392514
21127,1,0.41390147924745085
21128,0,0.003283130118318373
21129,0,0.0005393743257820928
21130,1,0.7737513516908656
21131,0,0.4002928509905255
21132,0,0.5752068219434295
21133,0,0.6357257449914908
21134,1,0.5204429617273654
21135,1,0.6668291296475641
21136,0,0.41107093132189015
21137,0,0.28542466541105327
21138,0,0.3922385022385022
21139,0,0.0005393743257820928
21140,0,0.33188581818885904
21141,0,0.056888210760523174
21142,0,0.003283130118318373
21143,0,0.011576848674364397
21144,0,0.0009602497466575137
21145,0,0.6449983652562462
21146,1,0.5971681212961787
21147,1,0.7150614617866223
21148,1,0.5748838073991448
21149,0,0.4809583934355904
21150,0,0.30152882616781534
21151,0,0.00480136896126056
21152,0,0.6242277710818279
21153,0,0.31315898463593855
21154,0,0.10699581113861271
21155,0,0.403011677375478
21156,0,0.5104229948443495
21157,1,0.43757302492220823
21158,1,0.5093362152955362
21159,0,0.12076046253310158
21160,0,0.3329363504035993
21161,1,0.4359873470828381
21162,0,0.5201453193492678
21163,0,0.26999251067047675
21164,1,0.7894775208208044
21165,0,0.0004208754208754209
21166,0,0.01724914519032166
21167,0,0.010599399013021954
21168,0,0.03515957688176737
21169,0,0.32036548492404804
21170,0,0.15261476707372232
21171,0,0.15502694859038144
21172,1,0.6246284700459949
21173,0,0.08002267993836494
21174,0,0.5127015431190679
21175,1,0.555556935744326
21176,1,0.7114946223448868
21177,0,0.10303065357062337
21178,1,0.5804175249537455
21179,1,0.09468342330184128
21180,0,0.026671014714979135
21181,1,0.8465787215787216
21182,0,0.07296307626226978
21183,0,0.38668519477956237
21184,0,0.4074827794716002
21185,1,0.5544021674148093
21186,1,0.6954256395432866
21187,1,0.4341305584943591
21188,0,0.4959799687269671
21189,1,0.783881947100741
21190,0,0.0009602497466575137
21191,1,0.8001762410953493
21192,0,0.3307319147459039
21193,1,0.4983892221196597
21194,0,0.5526465916368902
21195,0,0.0588489931816664
21196,0,0.45565710387011576
21197,1,0.5102937708345285
21198,0,0.017904979740440956
21199,0,0.0
21200,1,0.34000451561172956
21201,0,0.3047474850054316
21202,0,0.0040657901769012884
21203,0,0.1481469642938211
21204,0,0.02935885512611856
21205,1,0.6286637669007749
21206,0,0.006758279798418909
21207,0,0.10458362962195357
21208,0,0.16593948248177104
21209,1,0.23391037216023913
21210,0,0.22929104995540386
21211,0,0.020872984663217742
21212,1,0.8209663838066742
21213,0,0.2688141072910612
21214,1,0.45669240028081365
21215,1,0.637559038662487
21216,0,0.2915783412863132
21217,1,0.36546006011756377
21218,1,0.5010277308778092
21219,0,0.504149377593361
21220,0,0.5289221635733768
21221,0,0.0857008569304819
21222,1,0.6788745683024707
21223,0,0.03600051443768077
21224,1,0.4193472747225948
21225,1,0.5391422385815875
21226,0,0.09707945106175747
21227,0,0.0
21228,0,0.12750802109433482
21229,0,0.029127078642895016
21230,0,0.02935885512611856
21231,0,0.0
21232,0,0.1361054880791723
21233,0,0.49380818955641637
21234,0,0.010599399013021954
21235,0,0.026080013661743534
21236,0,0.0009602497466575137
21237,0,0.010599399013021954
21238,0,0.47362876072553495
21239,1,0.7589562289562289
21240,0,0.010599399013021954
21241,0,0.3337545313291921
21242,1,0.6727241453786456
21243,1,0.4122937018173722
21244,0,0.4867759849889968
21245,1,0.3206429910726779
21246,0,0.044821886322384825
21247,0,0.17342933278194425
21248,1,0.5200106119149704
21249,0,0.49958917651151075
21250,1,0.5090721609171366
21251,1,0.577557109480442
21252,0,0.0
21253,0,0.0
21254,0,0.553451293583888
21255,0,0.04606814753873578
21256,0,0.0009602497466575137
21257,0,0.018824644805960387
21258,0,0.1458550511263609
21259,0,0.13388922888616892
21260,1,0.6892650082583343
21261,0,0.296201961879928
21262,1,0.4745375788776171
21263,1,0.6926746530421072
21264,0,0.026671014714979135
21265,0,0.23300815264452682
21266,0,0.11125866722509191
21267,1,0.8239714602158381
21268,0,0.42998328133117997
21269,0,0.026663175764270085
21270,0,0.2520851339115231
21271,0,0.034056462262698484
21272,0,0.4172792962767767
21273,0,0.1556450701040253
21274,0,0.29459743610687
21275,1,0.6189988856874967
21276,1,0.37239427239427236
21277,0,0.0
21278,0,0.3756356511029
21279,0,0.08383569227720489
21280,0,0.4962882796296167
21281,1,0.7308002371435207
21282,1,0.35137178182498746
21283,0,0.3428739618117989
21284,1,0.5256681213959924
21285,1,0.4032916446394905
21286,0,0.0005393743257820928
21287,1,0.4122025121756024
21288,0,0.0
21289,0,0.5173929715028751
21290,0,0.10497943264933556
21291,0,0.49808877153275494
21292,0,0.5010277308778092
21293,1,0.23647182413998555
21294,1,0.50391885431728
21295,0,0.46679263843739155
21296,0,0.1818984923034123
21297,0,0.010599399013021954
21298,1,0.4567554381994216
21299,0,0.5960319601502725
21300,0,0.0
21301,0,0.44173911514865044
21302,0,0.07645024472948554
21303,1,0.53650164317478
21304,1,0.5055077329256566
21305,0,0.08840811965811966
21306,1,0.5217071990212756
21307,0,0.5177783272202423
21308,0,0.00480136896126056
21309,0,0.00677008177008177
21310,1,0.6261966707857998
21311,1,0.44685703474968674
21312,0,0.027595259525952598
21313,0,0.5411111382855592
21314,0,0.0009602497466575137
21315,0,0.3990828055744447
21316,0,0.3544818049490539
21317,0,0.17150102443693357
21318,1,0.492102229788725
21319,1,0.8489290755624693
21320,0,0.21281697410885178
21321,1,0.3299822873282589
21322,0,0.5971681212961787
21323,0,0.4356737573185105
21324,0,0.002547551333959101
21325,1,0.27600471715314023
21326,0,0.3527196424678439
21327,1,0.5780070506330381
21328,0,0.06342938157115381
21329,0,0.2798078934934482
21330,1,0.786345715216683
21331,0,0.6790910411878155
21332,1,0.4427944291941395
21333,0,0.0015873015873015875
21334,1,0.5260868116379692
21335,0,0.0004208754208754209
21336,0,0.003283130118318373
21337,1,0.12750802109433482
21338,0,0.048873155495563286
21339,1,0.49101169672469797
21340,1,0.4003931358958958
21341,1,0.6338362509616332
21342,0,0.020342883648902573
21343,1,0.3794772368232084
21344,1,0.8059738800585482
21345,0,0.0004208754208754209
21346,0,0.028517917570205154
21347,0,0.15290851314897214
21348,0,0.12711185077882126
21349,0,0.20181167804388908
21350,0,0.5742764317907308
21351,0,0.6035948452834563
21352,0,0.03484604863628171
21353,1,0.620282728101924
21354,0,0.302407174872251
21355,1,0.5994300402902554
21356,0,0.12524668612554424
21357,0,0.0023228803716608595
21358,0,0.1458550511263609
21359,0,0.49101169672469797
21360,0,0.6864649518909
21361,0,0.010599399013021954
21362,0,0.12399879815803534
21363,0,0.29876308908004434
21364,0,0.0009602497466575137
21365,1,0.6348024371165137
21366,0,0.04148770794784393
21367,0,0.0
21368,0,0.503612916418602
21369,0,0.3695304330541944
21370,0,0.521257680351888
21371,0,0.17067555273882037
21372,0,0.14387619769121593
21373,0,0.1870203117387009
21374,0,0.003283130118318373
21375,1,0.07804395447508487
21376,1,0.5093362152955362
21377,0,0.0009602497466575137
21378,0,0.0588489931816664
21379,1,0.7621773353340174
21380,1,0.6431047015840508
21381,0,0.49992027336425676
21382,1,0.3263392857142857
21383,0,0.49808877153275494
21384,0,0.15484938171155835
21385,1,0.31898737446644704
21386,0,0.026999678727262968
21387,1,0.49101169672469797
21388,1,0.7326349388601695
21389,0,0.042231496184001065
21390,0,0.4265234812455459
21391,0,0.034056462262698484
21392,0,0.06009525439801735
21393,0,0.21889358208892515
21394,0,0.24801924456258043
21395,0,0.0
21396,1,0.36742457542457546
21397,0,0.026671014714979135
21398,0,0.27686334971530363
21399,0,0.0040657901769012884
21400,1,0.49347745750184774
21401,0,0.15337024224809723
21402,0,0.023047175242083055
21403,0,0.0004208754208754209
21404,0,0.17255075022065314
21405,0,0.3403222381483251
21406,0,0.2945073329842869
21407,0,0.05220733387010418
21408,0,0.07787768356910081
21409,1,0.5201453193492678
21410,1,0.30152882616781534
21411,0,0.0009602497466575137
21412,1,0.457642362364427
21413,0,0.4727999731983988
21414,0,0.05270980685029799
21415,0,0.0009602497466575137
21416,0,0.0
21417,0,0.010599399013021954
21418,0,0.20821022069847403
21419,0,0.31315898463593855
21420,0,0.01454485359714118
21421,0,0.0
21422,0,0.43065207558988394
21423,0,0.05056007969444662
21424,1,0.19610297931193454
21425,0,0.39097127323738107
21426,1,0.21041352944568437
21427,1,0.33178395789219733
21428,0,0.4664822563435653
21429,0,0.41581596764266243
21430,0,0.45419176294004604
21431,0,0.003283130118318373
21432,0,0.03664685240108225
21433,1,0.6509686170191039
21434,0,0.05901924258070612
21435,1,0.03484604863628171
21436,0,0.005778818622603001
21437,0,0.003283130118318373
21438,0,0.3008151766996106
21439,0,0.05715407792742911
21440,0,0.09164169241072777
21441,1,0.588575496717534
21442,1,0.605772077395327
21443,1,0.45505647112757314
21444,0,0.10497943264933556
21445,0,0.0009602497466575137
21446,0,0.35447501333041886
21447,1,0.3758867097032696
21448,0,0.46220966004369574
21449,0,0.26229330077025464
21450,0,0.40229363611019586
21451,0,0.00480136896126056
21452,0,0.05146354563394704
21453,1,0.30260924292619823
21454,0,0.04606814753873578
21455,0,0.0
21456,0,0.0009602497466575137
21457,0,0.4265234812455459
21458,0,0.10400519677198515
21459,0,0.0
21460,1,0.5374564980060789
21461,0,0.0359033651179245
21462,1,0.5821037158710682
21463,0,0.12899189586752363
21464,0,0.1604420859380758
21465,0,0.34295878162216104
21466,1,0.5374564980060789
21467,1,0.4975124939763306
21468,0,0.042231496184001065
21469,0,0.202419506242373
21470,1,0.3343128307897847
21471,0,0.43236303925959096
21472,0,0.03484604863628171
21473,0,0.0056423065171739605
21474,0,0.29941516489022796
21475,1,0.6748452407096751
21476,0,0.457642362364427
21477,1,0.6994403985465115
21478,0,0.08973023600426581
21479,0,0.044821886322384825
21480,1,0.5464932596028352
21481,0,0.09246716410884097
21482,1,0.558833414901164
21483,0,0.13962775408670933
21484,0,0.018285270480178296
21485,1,0.49187640491222506
21486,0,0.023047175242083055
21487,0,0.07350570775818852
21488,0,0.32737208362208364
21489,0,0.3571069147459039
21490,0,0.03484604863628171
21491,1,0.5975294194726593
21492,0,0.10886097579188973
21493,0,0.06071415783494341
21494,1,0.17927301972365783
21495,1,0.6865401879226765
21496,0,0.4737774008472653
21497,0,0.003283130118318373
21498,0,0.0005393743257820928
21499,0,0.29953394698922986
21500,1,0.41317163886931335
21501,0,0.07608390857145232
21502,0,0.0
21503,0,0.0040657901769012884
21504,0,0.14010157545605864
21505,0,0.037863868474947854
21506,1,0.624893901418578
21507,1,0.26768860800556327
21508,1,0.3819224806201551
21509,1,0.6212739371927328
21510,0,0.03674430267383791
21511,1,0.6804481988882567
21512,0,0.3152859627510389
21513,0,0.010599399013021954
21514,1,0.48946317676342904
21515,0,0.01877443293432453
21516,0,0.009081160170079768
21517,1,0.6849860569188966
21518,1,0.5504101339707447
21519,0,0.010599399013021954
21520,1,0.4615712341654603
21521,0,0.010599399013021954
21522,1,0.598382247687285
21523,0,0.044821886322384825
21524,0,0.0440322999488016
21525,1,0.8059738800585482
21526,0,0.28763487562126344
21527,0,0.07696822816754284
21528,0,0.5742764317907308
21529,0,0.028517917570205154
21530,1,0.838173018753781
21531,1,0.41412587045066357
21532,1,0.4025180273134086
21533,0,0.46640194025734577
21534,0,0.0
21535,0,0.19801691335604388
21536,0,0.0
21537,0,0.0005393743257820928
21538,1,0.41013234925110703
21539,0,0.02510256400040109
21540,0,0.40379476028639943
21541,1,0.5093362152955362
21542,0,0.010599399013021954
21543,0,0.5201453193492678
21544,0,0.013026614754198994
21545,0,0.0
21546,0,0.26116780148475677
21547,0,0.3167241565930308
21548,0,0.3922385022385022
21549,0,0.1557461751393409
21550,0,0.028517917570205154
21551,0,0.0004208754208754209
21552,0,0.6867226761115827
21553,0,0.2196298238962515
21554,0,0.3614875179791572
21555,0,0.03174422331196331
21556,0,0.6298780474396779
21557,0,0.0
21558,0,0.31412374597818266
21559,0,0.0588489931816664
21560,0,0.10324959977708996
21561,0,0.12711185077882126
21562,0,0.0004208754208754209
21563,1,0.15396937599896146
21564,0,0.42866147326380183
21565,1,0.6487844037677925
21566,1,0.400866116563791
21567,0,0.1557461751393409
21568,0,0.6189236496557201
21569,0,0.07808609614767592
21570,0,0.17437568670501258
21571,0,0.0009602497466575137
21572,0,0.025208452510964343
21573,1,0.8446969696969697
21574,0,0.00480136896126056
21575,1,0.4664822563435653
21576,0,0.303284926308864
21577,0,0.0
21578,1,0.657010768644432
21579,0,0.31108203009280816
21580,0,0.0
21581,1,0.8148522167487685
21582,1,0.14938898760947408
21583,0,0.003283130118318373
21584,0,0.08873302529585016
21585,0,0.09043779175019524
21586,0,0.690466303949786
21587,0,0.2776092429261982
21588,0,0.6647560098015103
21589,0,0.08873302529585016
21590,0,0.6400520145101968
21591,0,0.03860765671110499
21592,0,0.0009602497466575137
21593,0,0.008385744234800839
21594,0,0.24441769110360023
21595,0,0.010599399013021954
21596,0,0.011576848674364397
21597,0,0.0009602497466575137
21598,1,0.6526003276003276
21599,0,0.03664685240108225
21600,1,0.5840165490357855
21601,0,0.3007669370699779
21602,0,0.202419506242373
21603,0,0.2702834919694011
21604,0,0.0
21605,0,0.415601822137363
21606,0,0.6232428368967046
21607,0,0.3941647751155948
21608,0,0.0004208754208754209
21609,0,0.10035415182705049
21610,0,0.4122937018173722
21611,0,0.0004208754208754209
21612,0,0.3075877982657644
21613,0,0.08075917821129526
21614,0,0.09990662931839402
21615,0,0.3543234389624281
21616,0,0.003283130118318373
21617,0,0.23837371752863754
21618,0,0.0005393743257820928
21619,0,0.42217729477152094
21620,0,0.4077882814859559
21621,1,0.756492460840287
21622,1,0.7089694727522028
21623,0,0.060258935754925615
21624,1,0.525155852615204
21625,0,0.38841482963361934
21626,1,0.701320655274368
21627,1,0.34664318732115335
21628,1,0.7669556217916874
21629,0,0.08383569227720489
21630,0,0.037863868474947854
21631,0,0.05790909867671148
21632,0,0.3007669370699779
21633,1,0.4921209625384874
21634,0,0.020342883648902573
21635,0,0.21889358208892515
21636,0,0.002547551333959101
21637,0,0.4841314644719996
21638,1,0.33892167792423544
21639,0,0.12988727334664993
21640,1,0.7839102849904108
21641,0,0.0
21642,0,0.4783218305078934
21643,0,0.16614364300581963
21644,1,0.1606450389024491
21645,0,0.010599399013021954
21646,0,0.09849240685372701
21647,0,0.0009602497466575137
21648,0,0.5870527354967189
21649,0,0.2214537933817595
21650,0,0.3865268287929366
21651,0,0.05678772225959159
21652,0,0.043126971068147536
21653,0,0.7080987429788795
21654,0,0.12200092446530542
21655,0,0.33660613910748327
21656,0,0.21889358208892515
21657,1,0.7401268714701551
21658,1,0.5960319601502725
21659,0,0.47241974764824324
21660,1,0.4427944291941395
21661,0,0.0
21662,1,0.6490883602912475
21663,0,0.003283130118318373
21664,0,0.515848406546081
21665,0,0.017126018321723183
21666,1,0.6189236496557201
21667,1,0.6052201072901732
21668,1,0.1565756513011947
21669,0,0.4427944291941395
21670,0,0.03484604863628171
21671,1,0.05901924258065493
21672,0,0.04300295381205299
21673,0,0.07475196897453946
21674,0,0.0
21675,1,0.5397711437086534
21676,0,0.0024784885895997007
21677,0,0.5391422385815875
21678,0,0.002547551333959101
21679,1,0.5820476493318137
21680,0,0.5347317975374831
21681,1,0.6036537697844598
21682,1,0.41818181818181815
21683,0,0.40675453222178115
21684,0,0.014544853597141525
21685,0,0.42866147326380183
21686,0,0.12638399530215674
21687,0,0.05220733387010418
21688,0,0.21889358208892515
21689,0,0.475125808569792
21690,0,0.4119156602404533
21691,1,0.49384673828948406
21692,1,0.6530837169423379
21693,0,0.0281862605791882
21694,0,0.0
21695,0,0.00480136896126056
21696,1,0.46406212702978084
21697,1,0.1104289067737834
21698,0,0.0
21699,0,0.1425110452824934
21700,0,0.5677168096934592
21701,1,0.54067001672569
21702,1,0.624893901418578
21703,1,0.790786676554196
21704,1,0.1332705665568425
21705,1,0.7662593133701164
21706,0,0.10303065357062337
21707,0,0.0009602497466575137
21708,0,0.4122025121756024
21709,1,0.4567554381994216
21710,0,0.30249857700838095
21711,1,0.733580825438295
21712,0,0.3531393010597556
21713,1,0.4487308107060206
21714,1,0.4743929587068601
21715,0,0.0
21716,1,0.719939177494454
21717,0,0.009081160170079768
21718,0,0.06342938157115381
21719,0,0.0
21720,0,0.2520851339115231
21721,0,0.01538579115305458
21722,1,0.6012815375439554
21723,0,0.04172006099806643
21724,0,0.14394359471989895
21725,1,0.6686693104019277
21726,1,0.45094580423531544
21727,0,0.06980858541792333
21728,1,0.7648512446873102
21729,0,0.003283130118318373
21730,0,0.0005393743257820928
21731,0,0.4140612210521403
21732,0,0.026617809864610154
21733,1,0.7212711629378296
21734,0,0.1557461751393409
21735,1,0.4770575932139833
21736,0,0.48779502862071666
21737,1,0.7553276003276004
21738,1,0.5685735321462185
21739,0,0.3903722160698904
21740,0,0.11200292734099167
21741,1,0.46598167520956474
21742,0,0.1274021218446638
21743,0,0.24489452404944403
21744,0,0.03484604863628171
21745,0,0.49187640491222506
21746,1,0.5849081305016899
21747,1,0.48515957783429037
21748,0,0.07995126080095294
21749,0,0.14064588062921637
21750,0,0.5602182834458341
21751,1,0.6003511473912567
21752,0,0.09059818994912718
21753,0,0.006619756178516403
21754,1,0.5040712899937523
21755,0,0.026999678727262968
21756,1,0.8359800362976406
21757,0,0.10116548891734635
21758,0,0.0
21759,0,0.5472688607867838
21760,0,0.10070866604673039
21761,0,0.4646615541176238
21762,1,0.5752068219434295
21763,1,0.6927905482634632
21764,0,0.0
21765,0,0.042231496184001065
21766,0,0.021183821204815975
21767,0,0.4770575932139833
21768,0,0.08873302529585016
21769,0,0.021183821204815975
21770,0,0.4841314644719996
21771,0,0.17744621790423318
21772,0,0.026671014714979135
21773,0,0.03484604863628171
21774,0,0.37386813186813184
21775,0,0.04284964686698417
21776,1,0.6287390029325514
21777,0,0.1425024163547883
21778,0,0.4006493141730756
21779,1,0.8315390749601276
21780,0,0.4083648300163389
21781,0,0.4784037213999171
21782,0,0.05146354563394704
21783,0,0.13962775408670933
21784,0,0.21023085381716755
21785,0,0.41390147924745085
21786,1,0.38853384568817234
21787,1,0.6232428368967046
21788,0,0.5521615272384951
21789,1,0.9242814242814236
21790,0,0.49461502967302357
21791,0,0.036361294500490776
21792,0,0.5669833980545002
21793,0,0.38185783122163186
21794,0,0.09246716410884097
21795,0,0.06980858541792333
21796,0,0.49869745004534866
21797,0,0.1192325143096468
21798,1,0.7723513024045362
21799,0,0.5065364947293753
21800,1,0.4487308107060206
21801,0,0.0
21802,0,0.5552575027571763
21803,0,0.1548195984059121
21804,0,0.10747116371865267
21805,0,0.6985696687731884
21806,0,0.14490873671569557
21807,0,0.35955179743159316
21808,0,0.535826928883024
21809,0,0.09336158192090395
21810,1,0.3990828055744447
21811,0,0.011440336568935354
21812,0,0.0004208754208754209
21813,0,0.03484604863628171
21814,0,0.19741777960517962
21815,1,0.558833414901164
21816,0,0.04269751065940886
21817,1,0.7314451300083484
21818,0,0.04148770794784393
21819,1,0.7055996066138054
21820,0,0.022388230527426802
21821,1,0.2279762496621588
21822,1,0.5817251044066117
21823,1,0.6727241453786456
21824,0,0.08383569227720489
21825,0,0.1525106760959096
21826,0,0.002547551333959101
21827,1,0.7662593133701164
21828,0,0.0
21829,0,0.457642362364427
21830,0,0.4563037449325434
21831,1,0.4832461517869094
21832,0,0.3280828582549168
21833,0,0.41013234925110703
21834,1,0.7898715041572184
21835,0,0.4350832740839654
21836,1,0.33374285838184753
21837,0,0.10699581113861271
21838,0,0.4487188821628656
21839,0,0.026671014714979135
21840,0,0.049768630379709765
21841,0,0.6189988856874967
21842,0,0.036361294500490776
21843,0,0.47321089711359615
21844,0,0.0
21845,0,0.522013481116512
21846,1,0.6212739371927328
21847,0,0.08873302529585016
21848,0,0.09083131269065059
21849,0,0.3186373419424267
21850,1,0.6693509239427607
21851,0,0.010599399013021954
21852,0,0.17927301972365783
21853,1,0.603803331839152
21854,1,0.5836918048519437
21855,0,0.5106898675105346
21856,0,0.7373401457394296
21857,0,0.0748282409155468
21858,0,0.03484604863628171
21859,1,0.5072406590856083
21860,0,0.059104469953526556
21861,0,0.009081160170079768
21862,0,0.002862254697442952
21863,1,0.8311403508771931
21864,1,0.4969531890133994
21865,0,0.4230734460242657
21866,1,0.7839253187613844
21867,0,0.19801691335604388
21868,0,0.4098646166189133
21869,1,0.5514823938799162
21870,0,0.06686404844662629
21871,0,0.5386488916847119
21872,1,0.5348227012038872
21873,0,0.6445066385797483
21874,0,0.4401378932553664
21875,0,0.49515431774235025
21876,0,0.41094170731206914
21877,0,0.20634076945554455
21878,0,0.2945015043054259
21879,0,0.36585719031744396
21880,0,0.294607954246256
21881,0,0.5752068219434295
21882,0,0.0
21883,1,0.6693509239427607
21884,0,0.4408065729608996
21885,0,0.13689082598213412
21886,1,0.7427872419090219
21887,0,0.010599399013021954
21888,0,0.003283130118318373
21889,0,0.05038840135977235
21890,1,0.5347317975374831
21891,0,0.35955179743159316
21892,0,0.16751742434224726
21893,0,0.01454485359714118
21894,0,0.0
21895,1,0.3394438894438894
21896,0,0.03664685240108225
21897,1,0.7427872419090219
21898,0,0.1898406210000413
21899,0,0.23673655735046886
21900,1,0.37787411279697397
21901,0,0.013303690606202435
21902,0,0.003283130118318373
21903,1,0.7993289083514648
21904,0,0.0056423065171739605
21905,0,0.020342883648902573
21906,0,0.01454485359714118
21907,0,0.03484604863628171
21908,0,0.11581758948455996
21909,1,0.6232428368967046
21910,0,0.11876542501291397
21911,1,0.10947909730553362
21912,1,0.6735948751519686
21913,0,0.002547551333959101
21914,1,0.4302016866933258
21915,1,0.2768830658575759
21916,0,0.04374674204821013
21917,1,0.3590176731396227
21918,0,0.05187107938568029
21919,1,0.7669556217916874
21920,0,0.01454485359714118
21921,1,0.8081550976068276
21922,0,0.11961841819904347
21923,0,0.5716156171917406
21924,1,0.4284418653796737
21925,0,0.028149628981552575
21926,0,0.10699581113861271
21927,0,0.050512418615866896
21928,1,0.6603895357388546
21929,0,0.20243914333774649
21930,1,0.7366952528746019
21931,0,0.026671014714979135
21932,0,0.2505204986175031
21933,0,0.11146051902292253
21934,0,0.2867839846359385
21935,1,0.5008820608144328
21936,1,0.171145369643013
21937,1,0.6221066757507984
21938,0,0.027728331196621925
21939,0,0.131281328320802
21940,0,0.003283130118318373
21941,1,0.3633937836635865
21942,1,0.6926746530421072
21943,0,0.10303065357062337
21944,0,0.03484604863628171
21945,1,0.4172792962767767
21946,0,0.5347317975374831
21947,0,0.04148770794784393
21948,0,0.6003511473912567
21949,0,0.21070540930863957
21950,0,0.022388230527426802
21951,1,0.4575571693033327
21952,0,0.18154283750949174
21953,0,0.025208452510964343
21954,0,0.4846130337150707
21955,1,0.7096143656170303
21956,0,0.0
21957,0,0.05604393402343446
21958,0,0.03664685240108225
21959,0,0.03484604863628171
21960,0,0.14064588062921637
21961,0,0.12739469244846316
21962,0,0.0020081770081770084
21963,0,0.0004208754208754209
21964,0,0.0005393743257820928
21965,1,0.22221571155123243
21966,0,0.03515957688176737
21967,0,0.32356102102609713
21968,0,0.5006760741288808
21969,1,0.5131951381951382
21970,1,0.8311403508771931
21971,1,0.6865401879226765
21972,0,0.38937877840316865
21973,0,0.4567554381994216
21974,0,0.0
21975,0,0.0
21976,0,0.0009602497466575137
21977,1,0.7567302391644253
21978,1,0.8017140434466609
21979,0,0.1473997493734336
21980,1,0.5076704566166418
21981,1,0.6189236496557201
21982,1,0.7655015673981191
21983,0,0.4742611003822648
21984,0,0.2128238447500489
21985,0,0.0004208754208754209
21986,0,0.10366168396547626
21987,0,0.002547551333959101
21988,0,0.008345581385720497
21989,1,0.7560853462995976
21990,0,0.0
21991,0,0.03484604863628171
21992,0,0.00274375579253628
21993,1,0.4743929587068601
21994,1,0.7931414451158613
21995,0,0.31948450233244674
21996,0,0.3380403635076124
21997,0,0.25481515897007895
21998,0,0.00480136896126056
21999,0,0.0009602497466575137
22000,0,0.12667188022165468
22001,0,0.6135434490842068
22002,0,0.06838268787278237
22003,0,0.06009525439801735
22004,0,0.006218905472636815
22005,0,0.1052549045256493
22006,0,0.05868901452532371
22007,0,0.050512418615866896
22008,0,0.0004208754208754209
22009,0,0.003283130118318373
22010,1,0.41390147924745085
22011,1,0.19801691335604388
22012,0,0.0
22013,0,0.06398745444546972
22014,0,0.06196041905129437
22015,0,0.6431047015840508
22016,1,0.4941106394001506
22017,1,0.6189236496557201
22018,0,0.3654130949762882
22019,0,0.0
22020,1,0.3506059811902565
22021,0,0.23940371626589288
22022,1,0.5635707235140587
22023,1,0.7365332428765264
22024,0,0.17698863636363638
22025,0,0.5742764317907308
22026,1,0.36880952893799174
22027,1,0.7231338820630183
22028,0,0.08383569227720489
22029,0,0.0
22030,0,0.20303762775601694
22031,0,0.0
22032,1,0.5682886588580245
22033,0,0.18480871801767326
22034,1,0.46598167520956474
22035,0,0.27371402591518107
22036,1,0.6267701032285796
22037,0,0.1941805209415771
22038,1,0.5314473162663302
22039,0,0.26317164947469035
22040,0,0.1375093186453
22041,0,0.0009602497466575137
22042,0,0.11627441235517595
22043,1,0.45094580423531544
22044,0,0.7024365579246178
22045,0,0.10326133356100058
22046,0,0.014281140267544878
22047,0,0.06574612926508877
22048,0,0.6089591144959465
22049,0,0.20564982330437256
22050,0,0.05146354563394704
22051,0,0.18658034118153433
22052,0,0.48926687785331735
22053,1,0.4969531890133994
22054,0,0.45419176294004604
22055,1,0.2570483229431827
22056,0,0.00480136896126056
22057,0,0.0009602497466575137
22058,0,0.6267701032285796
22059,1,0.6864649518909
22060,1,0.7839102849904108
22061,0,0.0
22062,0,0.0359033651179245
22063,1,0.4051195477466664
22064,0,0.0830523442024759
22065,0,0.017904979740440956
22066,0,0.22193649659766101
22067,0,0.38453896716608577
22068,0,0.2790603825290463
22069,0,0.14574136234449295
22070,0,0.020872984663217742
22071,0,0.02935885512611856
22072,0,0.002547551333959101
22073,0,0.05244468189643304
22074,0,0.05146354563394704
22075,1,0.7424282586076077
22076,0,0.00480136896126056
22077,0,0.3260324336714228
22078,0,0.259494929277373
22079,1,0.6418177340259106
22080,0,0.053615815355760356
22081,0,0.00480136896126056
22082,0,0.020342883648902573
22083,1,0.80331541218638
22084,0,0.5971681212961787
22085,0,0.0004208754208754209
22086,0,0.33525375197472357
22087,0,0.0
22088,0,0.3458770734224729
22089,1,0.5723075320867591
22090,0,0.15420147689226824
22091,0,0.16873318812635388
22092,0,0.003319426145513102
22093,0,0.0009602497466575137
22094,0,0.027728331196621925
22095,1,0.6509686170191039
22096,0,0.0
22097,0,0.0040657901769012884
22098,0,0.0588489931816664
22099,1,0.24489452404944403
22100,0,0.04269751065940886
22101,0,0.0359033651179245
22102,0,0.08810645887981006
22103,0,0.6261966707857998
22104,0,0.003283130118318373
22105,0,0.06539503472536241
22106,1,0.8001762410953493
22107,0,0.048873155495563286
22108,0,0.026671014714979135
22109,0,0.0005393743257820928
22110,1,0.4525655782632527
22111,1,0.4302016866933258
22112,0,0.6750839296757665
22113,1,0.21343509562249566
22114,0,0.07719403296564267
22115,0,0.0
22116,1,0.6069082385412333
22117,0,0.43613460183227626
22118,0,0.06326940291481113
22119,0,0.0009602497466575137
22120,1,0.535826928883024
22121,0,0.5469119498448122
22122,0,0.4215408013881728
22123,0,0.21143982003782366
22124,0,0.00480136896126056
22125,0,0.05146354563394704
22126,0,0.36124877685034545
22127,1,0.26430301339675194
22128,0,0.01112950002733712
22129,0,0.010599399013021954
22130,1,0.41831192029155523
22131,1,0.788322908438254
22132,1,0.8495366551174174
22133,1,0.2375265748337254
22134,0,0.2606186084446954
22135,1,0.7899393438103116
22136,1,0.5821037158710682
22137,0,0.13823369911255723
22138,0,0.10228862155890202
22139,0,0.04940227471187223
22140,0,0.00480136896126056
22141,1,0.6107536538962329
22142,0,0.10525145798833609
22143,1,0.6152517390622715
22144,0,0.457642362364427
22145,0,0.1818984923034123
22146,0,0.04359015695381446
22147,0,0.7621773353340174
22148,0,0.10477657942520964
22149,0,0.11818006554848659
22150,0,0.16604253797050408
22151,0,0.0009602497466575137
22152,0,0.5020115528372409
22153,0,0.28621734436255936
22154,0,0.40536963509169976
22155,0,0.10248752684097512
22156,0,0.3990038177046051
22157,0,0.3403222381483251
22158,1,0.5166708697066899
22159,0,0.08134757774813081
22160,0,0.21281697410885178
22161,0,0.3571012167402059
22162,0,0.4039879668929542
22163,1,0.36880952893799174
22164,0,0.11200292734099167
22165,0,0.5453333498695704
22166,0,0.5530530430078268
22167,0,0.37301710962331774
22168,1,0.3721339101364567
22169,0,0.4525655782632527
22170,1,0.5514823938799162
22171,1,0.45687115178690946
22172,0,0.0040657901769012884
22173,0,0.059935275741674655
22174,0,0.00480136896126056
22175,0,0.02812219445507717
22176,0,0.10560599906537566
22177,0,0.1717634911566569
22178,1,0.4030763267740012
22179,0,0.39080774729938644
22180,0,0.026080013661743534
22181,0,0.008345581385720497
22182,0,0.20564982330437256
22183,0,0.1571199564757685
22184,1,0.43249624082103394
22185,0,0.010599399013021954
22186,1,0.7427872419090219
22187,0,0.0009602497466575137
22188,1,0.6985696687731884
22189,0,0.4122937018173722
22190,0,0.12524668612554424
22191,1,0.8657616976582494
22192,0,0.0
22193,0,0.01112950002733712
22194,0,0.3554920634920635
22195,0,0.5828113022724176
22196,0,0.43123543595750063
22197,0,0.4245362435136147
22198,1,0.7212711629378296
22199,0,0.5752068219434295
22200,0,0.006218905472636815
22201,0,0.0040657901769012884
22202,0,0.05992209605088832
22203,0,0.10775045492948593
22204,1,0.6787121298611044
22205,0,0.4743929587068601
22206,0,0.026671014714979135
22207,1,0.6954256395432866
22208,0,0.06196041905129437
22209,1,0.5185967993879989
22210,0,0.003283130118318373
22211,0,0.39695045695045694
22212,0,0.3506373311711553
22213,0,0.39645808343329336
22214,0,0.13858637625453768
22215,0,0.016927530079098512
22216,0,0.3787093105899076
22217,0,0.010599399013021954
22218,0,0.43757302492220823
22219,1,0.814170653907496
22220,0,0.12346988698516485
22221,1,0.584519148538157
22222,0,0.08072101133209071
22223,1,0.4697165609447234
22224,0,0.27596900512392514
22225,0,0.3532032836564893
22226,0,0.002547551333959101
22227,0,0.0024784885895997007
22228,1,0.8479729729729729
22229,1,0.20303762775601694
22230,1,0.6232428368967046
22231,0,0.01454485359714118
22232,1,0.1332705665568425
22233,0,0.5153161880631866
22234,0,0.0
22235,0,0.0
22236,0,0.6463210433620014
22237,0,0.22929104995540386
22238,0,0.05220733387010418
22239,0,0.05604393402343446
22240,0,0.0009602497466575137
22241,0,0.05270980685029799
22242,0,0.05421217464047121
22243,0,0.009081160170079768
22244,0,0.5049566026788425
22245,0,0.00480136896126056
22246,0,0.5347317975374831
22247,1,0.7328991844019166
22248,0,0.028517917570205154
22249,0,0.003283130118318373
22250,0,0.3109381320422046
22251,0,0.1557461751393409
22252,0,0.021183821204815975
22253,0,0.003283130118318373
22254,0,0.003283130118318373
22255,1,0.5371935580697985
22256,0,0.26317164947469035
22257,1,0.19099205299841868
22258,0,0.11395242483128294
22259,0,0.0
22260,1,0.34732806630474916
22261,1,0.45729070561549867
22262,1,0.1689737163421374
22263,0,0.21889358208892515
22264,0,0.33595306859205776
22265,0,0.4230734460242657
22266,0,0.01877443293432453
22267,1,0.4536120104409615
22268,0,0.5844674060358922
22269,1,0.5341435678453083
22270,0,0.05220733387010418
22271,0,0.4261586518563263
22272,0,0.0004208754208754209
22273,1,0.5742764317907308
22274,0,0.06342938157115381
22275,0,0.7723513024045362
22276,0,0.34010027391683373
22277,0,0.11690026035963695
22278,0,0.4453769709506991
22279,1,0.30547889178193266
22280,0,0.8081550976068276
22281,0,0.10139729620661825
22282,0,0.0
22283,0,0.2704127159792221
22284,1,0.5206040632311818
22285,1,0.7427872419090219
22286,1,0.6784792991842848
22287,0,0.16459894475874695
22288,0,0.00480136896126056
22289,1,0.07475196897453946
22290,0,0.3522715947388437
22291,1,0.5154480463877817
22292,0,0.553451293583888
22293,0,0.002547551333959101
22294,0,0.016927530079098512
22295,0,0.01454485359714118
22296,0,0.36865208434975877
22297,0,0.28709709735287114
22298,1,0.3485713894776647
22299,0,0.3750773516423074
22300,0,0.4862398514819124
22301,0,0.0004208754208754209
22302,0,0.4255917060578632
22303,1,0.6793278808849744
22304,0,0.5035265813314299
22305,1,0.4526060606060606
22306,1,0.4062297526001144
22307,0,0.1425110452824934
22308,0,0.15898512112904553
22309,0,0.7096143656170303
22310,0,0.37569963369963366
22311,0,0.3756356511029
22312,0,0.019751882595666976
22313,0,0.02935885512611856
22314,0,0.3315293550063089
22315,0,0.30240980422489216
22316,0,0.0009602497466575137
22317,0,0.23837371752863754
22318,1,0.8001762410953493
22319,0,0.4953908902062117
22320,0,0.2893481303204528
22321,1,0.8209663838066742
22322,0,0.18216095902313567
22323,0,0.47982196208547606
22324,0,0.026671014714979135
22325,1,0.47398846481415285
22326,0,0.07366069602911708
22327,1,0.3703146374829001
22328,0,0.6057226648565804
22329,1,0.6727241453786456
22330,1,0.5391303494196487
22331,0,0.46714317458262095
22332,1,0.41886989266506136
22333,0,0.020342883648902573
22334,0,0.19801691335604388
22335,0,0.22929104995540386
22336,0,0.2798078934934482
22337,0,0.1201357598120284
22338,0,0.30152882616781534
22339,0,0.5034503876062475
22340,0,0.026671014714979135
22341,0,0.037893113617433194
22342,1,0.5093362152955362
22343,1,0.4809583934355904
22344,1,0.5849469391884843
22345,1,0.6003511473912567
22346,0,0.0009602497466575137
22347,1,0.7064379099835039
22348,0,0.044821886322384825
22349,0,0.04148770794784393
22350,0,0.5742764317907308
22351,1,0.6507031856465207
22352,0,0.0934617812882176
22353,1,0.5258287786232272
22354,1,0.7207107486993635
22355,0,0.171145369643013
22356,0,0.003283130118318373
22357,0,0.4415740110167568
22358,1,0.41452887056379417
22359,0,0.46220966004369574
22360,0,0.5530530430078268
22361,0,0.46679263843739155
22362,0,0.048873155495563286
22363,1,0.4697165609447234
22364,0,0.46939383932121026
22365,0,0.5445988885267233
22366,0,0.10536126802942947
22367,0,0.0
22368,0,0.008276518641361095
22369,0,0.4304523530465792
22370,0,0.016927530079098512
22371,1,0.2932067999353413
22372,0,0.3756356511029
22373,0,0.0005393743257820928
22374,0,0.36807230709669736
22375,1,0.6357257449914908
22376,0,0.0
22377,1,0.558833414901164
22378,0,0.0005393743257820928
22379,0,0.4022725007164842
22380,1,0.35137178182498746
22381,1,0.386933375500738
22382,0,0.32988197019892546
22383,1,0.2779290186069847
22384,0,0.0
22385,1,0.814170653907496
22386,1,0.43757302492220823
22387,1,0.5062137731058621
22388,0,0.08826248946180414
22389,0,0.37547728511627426
22390,0,0.04300295381205299
22391,0,0.003283130118318373
22392,0,0.553451293583888
22393,0,0.0009602497466575137
22394,0,0.0
22395,1,0.45812063474107934
22396,0,0.010599399013021954
22397,1,0.5958783549507859
22398,0,0.16938755826541327
22399,0,0.0009602497466575137
22400,0,0.05604393402343446
22401,1,0.6427481241786093
22402,0,0.3032383497153036
22403,0,0.043126971068147536
22404,1,0.6229250017146062
22405,0,0.6246284700459949
22406,0,0.002547551333959101
22407,1,0.7899393438103116
22408,0,0.5367006972414549
22409,0,0.4721411344536563
22410,1,0.25321063319702103
22411,0,0.36880952893799174
22412,0,0.016927530079098512
22413,0,0.061771195252466334
22414,0,0.18154283750949174
22415,0,0.3420897573830932
22416,1,0.5971681212961787
22417,0,0.0004208754208754209
22418,1,0.4969531890133994
22419,1,0.41412587045066357
22420,0,0.11200292734099167
22421,0,0.3209359112292471
22422,0,0.21889358208892515
22423,0,0.0
22424,0,0.04148770794784393
22425,0,0.11627441235517595
22426,0,0.49187783858551226
22427,1,0.5154495352856009
22428,0,0.5237723122509513
22429,0,0.13823369911255723
22430,1,0.38031846383804996
22431,1,0.5121715672309438
22432,1,0.818611615245009
22433,0,0.29541180221457203
22434,0,0.5971681212961787
22435,0,0.4035864527629234
22436,1,0.38819171560963933
22437,0,0.05604393402343446
22438,1,0.5599673767884303
22439,1,0.7022037272477982
22440,0,0.4006493141730756
22441,0,0.025208452510964343
22442,0,0.13120815506052702
22443,0,0.1243498926977617
22444,0,0.22717474656791234
22445,0,0.24050478468899525
22446,0,0.2967175431944971
22447,0,0.07296307626226978
22448,0,0.19801691335604388
22449,0,0.059104469953526556
22450,0,0.08495495732337838
22451,0,0.0005393743257820928
22452,0,0.18658034118153433
22453,0,0.4786281126031298
22454,0,0.002547551333959101
22455,0,0.2208109973121631
22456,0,0.04269751065940886
22457,0,0.0009602497466575137
22458,0,0.19801691335604388
22459,0,0.04606814753873578
22460,1,0.6129317070806762
22461,0,0.11876542501291397
22462,1,0.5682886588580245
22463,0,0.35240485040592345
22464,0,0.36594624821235605
22465,1,0.49101169672469797
22466,0,0.0004208754208754209
22467,0,0.026080013661743534
22468,0,0.01724914519032166
22469,0,0.08873302529585016
22470,0,0.0
22471,0,0.4006493141730756
22472,1,0.6189988856874967
22473,1,0.7669556217916874
22474,0,0.026671014714979135
22475,0,0.010599399013021954
22476,0,0.0009602497466575137
22477,0,0.002547551333959101
22478,1,0.6921697722811745
22479,0,0.04456267531268588
22480,0,0.010599399013021954
22481,0,0.3544818049490539
22482,0,0.0004208754208754209
22483,0,0.3099724923862855
22484,0,0.002547551333959101
22485,0,0.002547551333959101
22486,0,0.02935885512611856
22487,0,0.0009602497466575137
22488,1,0.457642362364427
22489,0,0.1444519138450796
22490,0,0.45419176294004604
22491,0,0.00490672773281469
22492,0,0.16302518806351202
22493,1,0.39407000407000403
22494,0,0.003283130118318373
22495,1,0.6471194605872758
22496,0,0.06398745444546972
22497,0,0.19429510839305278
22498,0,0.5636363636363636
22499,0,0.15898512112904553
22500,0,0.005778818622603001
22501,0,0.00480136896126056
22502,0,0.07645024472948554
22503,0,0.10947909730553362
22504,0,0.11386809199426869
22505,1,0.7051734042795172
22506,0,0.0024784885895997007
22507,0,0.7089694727522028
22508,1,0.1767634599550807
22509,0,0.4792187516047391
22510,0,0.50391885431728
22511,0,0.46663045382159557
22512,1,0.3985144485144485
22513,0,0.5584562256009965
22514,0,0.043126971068147536
22515,1,0.8231593662628146
22516,0,0.223031005604147
22517,0,0.3819227310459325
22518,0,0.0005393743257820928
22519,0,0.26754697984076775
22520,0,0.0009602497466575137
22521,1,0.5574634840519312
22522,1,0.80331541218638
22523,0,0.14009886376583425
22524,1,0.7618183520326034
22525,1,0.5380982211118295
22526,0,0.49992027336425676
22527,0,0.1991084627019232
22528,0,0.012417786230277797
22529,0,0.7470661932484592
22530,1,0.80331541218638
22531,0,0.08934848219546304
22532,0,0.0040657901769012884
22533,0,0.0005393743257820928
22534,0,0.0009602497466575137
22535,0,0.009081160170079768
22536,0,0.00480136896126056
22537,1,0.6351508534032015
22538,0,0.04374674204821013
22539,0,0.24743930422789748
22540,0,0.0
22541,1,0.765805963962646
22542,0,0.1117361656382796
22543,0,0.04940227471187223
22544,0,0.479850935922038
22545,0,0.07661713362781647
22546,0,0.18658034118153433
22547,0,0.05146354563394704
22548,1,0.1378509549463299
22549,1,0.3730109289617487
22550,0,0.005778818622603001
22551,0,0.1487735307098612
22552,0,0.0
22553,1,0.5033947230068346
22554,0,0.020872984663217742
22555,0,0.22929104995540386
22556,1,0.7366952528746019
22557,0,0.017904979740440956
22558,1,0.4319849976826721
22559,1,0.4996178235205225
22560,0,0.01454485359714118
22561,0,0.002547551333959101
22562,0,0.3095780685920578
22563,0,0.4341945410910928
22564,1,0.2104047925921926
22565,0,0.4919973892609281
22566,1,0.6936044077882993
22567,0,0.5626286890871655
22568,0,0.07487731028117332
22569,1,0.4745375788776171
22570,0,0.03664685240108225
22571,0,0.0009602497466575137
22572,0,0.0
22573,1,0.4027768027768028
22574,0,0.0
22575,1,0.4580281018624619
22576,0,0.20649748934543374
22577,0,0.6668291296475641
22578,1,0.3369437993013502
22579,0,0.2208109973121631
22580,1,0.2796130909161318
22581,0,0.04122724079056966
22582,0,0.0
22583,0,0.25605531119072156
22584,1,0.5742764317907308
22585,0,0.35467990214497824
22586,0,0.519361871206847
22587,0,0.028517917570205154
22588,1,0.7427872419090219
22589,1,0.5469119498448122
22590,0,0.45890386095405256
22591,0,0.4058649232108948
22592,0,0.06009525439801735
22593,1,0.4278018278018278
22594,0,0.00480136896126056
22595,1,0.7427872419090219
22596,0,0.603803331839152
22597,1,0.7558829064205407
22598,0,0.051401017250360025
22599,1,0.4841314644719996
22600,1,0.8359800362976406
22601,0,0.0004208754208754209
22602,0,0.367457141805232
22603,0,0.40536963509169976
22604,1,0.4659727332690096
22605,0,0.289142994281214
22606,0,0.011440336568935354
22607,1,0.708295716282218
22608,0,0.01538579115305458
22609,1,0.49992027336425676
22610,1,0.457642362364427
22611,0,0.44106665337917517
22612,0,0.3264325203703575
22613,1,0.6466494297781195
22614,0,0.3243452254548029
22615,0,0.49992027336425676
22616,0,0.10070866604673039
22617,0,0.01877443293432453
22618,1,0.577557109480442
22619,1,0.80331541218638
22620,1,0.32580322916906507
22621,0,0.1571199564757685
22622,0,0.25481515897007895
22623,0,0.38507590644626827
22624,0,0.18216095902313567
22625,0,0.4239653452442389
22626,1,0.7587588479427397
22627,0,0.21041352944568437
22628,1,0.3095974754813167
22629,0,0.521257680351888
22630,0,0.4512765449773324
22631,0,0.3048305063606885
22632,0,0.21469060397826278
22633,0,0.1729676472305158
22634,0,0.22929104995540386
22635,1,0.5106898675105346
22636,1,0.45729070561549867
22637,0,0.003283130118318373
22638,0,0.0009602497466575137
22639,1,0.37055214978297574
22640,1,0.7365332428765264
22641,0,0.10560599906537566
22642,0,0.17150102443693357
22643,0,0.17991404043188772
22644,0,0.49384673828948406
22645,0,0.3804115884115884
22646,0,0.28596573343080955
22647,0,0.3805799767308568
22648,1,0.5844674060358922
22649,0,0.07758713160446891
22650,0,0.021930301144860536
22651,0,0.06574612926508877
22652,0,0.12075466324895447
22653,1,0.765411980626232
22654,0,0.0588489931816664
22655,1,0.5991890997818526
22656,0,0.0004208754208754209
22657,1,0.605772077395327
22658,1,0.43235241847979616
22659,1,0.4119156602404533
22660,0,0.0009602497466575137
22661,0,0.0
22662,0,0.30184860184860185
22663,0,0.0020081770081770084
22664,1,0.6489997173151322
22665,0,0.026257029801800155
22666,0,0.0009602497466575137
22667,1,0.06620295213570475
22668,0,0.004260579779660814
22669,0,0.002547551333959101
22670,0,0.4718085011432935
22671,1,0.6003511473912567
22672,1,0.6709191246825655
22673,1,0.7644918536757453
22674,1,0.5371935580697985
22675,0,0.00212667591308368
22676,0,0.33892167792423544
22677,0,0.011576848674364397
22678,0,0.0
22679,0,0.40693405527244025
22680,0,0.2065004471784133
22681,1,0.58992851568939
22682,1,0.46736687720294284
22683,0,0.07808609614767592
22684,1,0.80331541218638
22685,0,0.0009602497466575137
22686,0,0.0440322999488016
22687,1,0.40521431879225717
22688,0,0.12524668612554424
22689,0,0.036361294500490776
22690,1,0.5742764317907308
22691,1,0.6863164397146692
22692,0,0.25240814772510944
22693,0,0.3405350109085165
22694,0,0.24609678503175422
22695,0,0.13836231183142952
22696,0,0.01112950002733712
22697,0,0.03484604863628171
22698,0,0.40536963509169976
22699,1,0.6466494297781195
22700,1,0.18133867698544315
22701,0,0.0020576131687242796
22702,1,0.43757302492220823
22703,0,0.5951992215922068
22704,1,0.3337545313291921
22705,0,0.0024784885895997007
22706,0,0.0
22707,0,0.0
22708,1,0.6003511473912567
22709,0,0.5322587332283947
22710,0,0.002547551333959101
22711,0,0.4809583934355904
22712,1,0.7806127094836772
22713,0,0.00480136896126056
22714,1,0.4491149788388717
22715,1,0.4006493141730756
22716,1,0.11899185178300338
22717,0,0.17437568670501258
22718,0,0.09826671998696614
22719,0,0.42877711551287895
22720,0,0.15552033754780584
22721,0,0.26116780148475677
22722,1,0.7427872419090219
22723,1,0.4165210727969349
22724,1,0.3275461663743055
22725,0,0.43069064505234717
22726,0,0.010599399013021954
22727,1,0.5146624600952643
22728,0,0.07070967419048096
22729,1,0.2776092429261982
22730,0,0.06009525439801735
22731,0,0.27969653784175286
22732,0,0.475125808569792
22733,0,0.11080184435447593
22734,0,0.003283130118318373
22735,0,0.5347317975374831
22736,0,0.2279762496621588
22737,0,0.010599399013021954
22738,0,0.5308910632773487
22739,0,0.0281862605791882
22740,0,0.0009602497466575137
22741,0,0.2520851339115231
22742,1,0.7308847157698822
22743,1,0.8657616976582494
22744,0,0.07808609614767592
22745,0,0.03515957688176737
22746,0,0.03458683762658277
22747,0,0.00480136896126056
22748,0,0.3543234389624281
22749,1,0.8311403508771931
22750,0,0.4615712341654603
22751,1,0.8359800362976406
22752,0,0.2995255741867386
22753,0,0.01454485359714118
22754,1,0.5217071990212756
22755,0,0.2978489071165587
22756,0,0.05270980685029799
22757,0,0.08701622824545319
22758,1,0.47285893244341554
22759,0,0.008345581385720497
22760,0,0.4276199855237192
22761,1,0.7080987429788795
22762,1,0.8657616976582494
22763,1,0.6435546427366469
22764,0,0.07696822816754284
22765,1,0.3186373419424267
22766,0,0.0
22767,0,0.003283130118318373
22768,1,0.7426252319109462
22769,0,0.019615370490237934
22770,0,0.38601558565457483
22771,0,0.4062297526001144
22772,1,0.5380082766943212
22773,0,0.24489452404944403
22774,0,0.21281697410885178
22775,0,0.3716684250724504
22776,0,0.06529454622443082
22777,1,0.2826290438503459
22778,0,0.17340786275025935
22779,1,0.5107293774179884
22780,0,0.16604253797050408
22781,0,0.13478274103023
22782,0,0.009081160170079768
22783,0,0.44216208953740965
22784,0,0.37165792165792166
22785,0,0.5371935580697985
22786,1,0.42320954447961484
22787,0,0.6854199067443608
22788,1,0.5217071990212756
22789,0,0.19801691335604388
22790,0,0.18761944548956513
22791,0,0.2649420056199717
22792,1,0.33374285838184753
22793,0,0.3548967045356937
22794,0,0.0
22795,0,0.003283130118318373
22796,0,0.06686404844662629
22797,0,0.5742764317907308
22798,0,0.04148770794784393
22799,0,0.23837371752863754
22800,0,0.14960464751443048
22801,0,0.02935885512611856
22802,1,0.0962456182788854
22803,0,0.06811030966297725
22804,0,0.0005393743257820928
22805,1,0.5374960079135328
22806,1,0.3134410147187606
22807,0,0.0009602497466575137
22808,0,0.04148770794784393
22809,0,0.15502694859038144
22810,0,0.007505660554441042
22811,1,0.717959762198184
22812,0,0.0
22813,0,0.7274888364038752
22814,1,0.6572602767964973
22815,0,0.10747116371865267
22816,0,0.0
22817,1,0.8528126583934207
22818,1,0.20634076945554455
22819,1,0.5840165490357855
22820,0,0.4105838025950275
22821,1,0.2980545459396204
22822,0,0.0024784885895997007
22823,1,0.48384951687506117
22824,1,0.7271661786689109
22825,0,0.05146354563394704
22826,1,0.2883656212135656
22827,1,0.5374960079135328
22828,1,0.5861599631757722
22829,0,0.0005393743257820928
22830,0,0.2740523572613125
22831,0,0.003283130118318373
22832,0,0.25481515897007895
22833,0,0.20144053726373698
22834,0,0.0281862605791882
22835,0,0.05270980685029799
22836,0,0.003283130118318373
22837,0,0.0020081770081770084
22838,0,0.6845712882187046
22839,0,0.0009602497466575137
22840,1,0.5420828185587309
22841,0,0.43419520789288235
22842,0,0.17898346824706457
22843,0,0.036361294500490776
22844,0,0.06811030966297725
22845,0,0.5909738656405322
22846,0,0.4525655782632527
22847,1,0.28621734436255936
22848,1,0.6077998200071377
22849,0,0.0
22850,1,0.12711185077882126
22851,0,0.1388022823885961
22852,0,0.0005393743257820928
22853,0,0.1553062045821743
22854,0,0.5166708697066899
22855,0,0.023897853402944563
22856,0,0.2218996416820854
22857,0,0.14348370927318296
22858,0,0.05868901452532371
22859,0,0.13166497793114298
22860,0,0.0
22861,0,0.05604393402343446
22862,0,0.0009602497466575137
22863,0,0.016927530079098512
22864,0,0.4517743698219637
22865,1,0.21586385479966777
22866,0,0.12075466324895447
22867,0,0.07475196897453946
22868,0,0.0
22869,1,0.4373988856747477
22870,0,0.12524668612554424
22871,0,0.02788081742654407
22872,0,0.0
22873,0,0.00480136896126056
22874,1,0.7587096544606954
22875,1,0.2667804093402604
22876,0,0.6485999729597088
22877,1,0.7468778147999968
22878,0,0.3973289722823896
22879,1,0.3590903431890826
22880,1,0.5887865932768767
22881,0,0.0857008569304819
22882,1,0.7449486934044184
22883,0,0.011576848674364397
22884,0,0.07698497783420566
22885,1,0.21281697410885178
22886,1,0.46286376663635836
22887,0,0.33838476883797447
22888,0,0.10489870891604623
22889,0,0.07808609614767592
22890,0,0.6854199067443608
22891,1,0.5212364136007547
22892,0,0.06504511593629446
22893,0,0.08345002675410135
22894,1,0.4607852790288908
22895,0,0.4737774008472653
22896,0,0.0040657901769012884
22897,0,0.0024784885895997007
22898,0,0.2279762496621588
22899,0,0.04606814753873578
22900,1,0.393832141805232
22901,1,0.34837658690034834
22902,0,0.2473156951417821
22903,1,0.29553733172154223
22904,0,0.4096876918420184
22905,1,0.4517830457763717
22906,1,0.8489290755624693
22907,0,0.03484604863628171
22908,0,0.30260924292619823
22909,0,0.003283130118318373
22910,0,0.0009602497466575137
22911,0,0.19739324212271972
22912,0,0.044821886322384825
22913,0,0.0
22914,0,0.31624666624666625
22915,1,0.11741461222393428
22916,0,0.002547551333959101
22917,1,0.45505647112757314
22918,0,0.06908030763962968
22919,0,0.303284926308864
22920,0,0.11876542501291397
22921,0,0.2519016975403396
22922,1,0.572986665445338
22923,0,0.36880952893799174
22924,0,0.10661314575287344
22925,0,0.01454485359714118
22926,1,0.5821789519028447
22927,0,0.26754697984076775
22928,0,0.4654709121785859
22929,0,0.18917574745782043
22930,0,0.3966829466829467
22931,1,0.42866147326380183
22932,0,0.07758713160446891
22933,0,0.020342883648902573
22934,0,0.14223565465207622
22935,0,0.006758279798418909
22936,1,0.5308910632773487
22937,1,0.7465562720939065
22938,0,0.577557109480442
22939,1,0.7366952528746019
22940,0,0.0005393743257820928
22941,1,0.5768973595885418
22942,1,0.492102229788725
22943,1,0.7368922261779405
22944,0,0.29626074408683106
22945,0,0.016927530079098512
22946,1,0.6689502249785937
22947,0,0.36217800084138024
22948,0,0.07181079250395123
22949,0,0.12638399530215674
22950,0,0.00480136896126056
22951,1,0.3920906633607338
22952,1,0.4176119295871395
22953,0,0.0009602497466575137
22954,0,0.03674430267383791
22955,0,0.03860765671110499
22956,1,0.21889358208892515
22957,0,0.280387020703976
22958,0,0.002547551333959101
22959,0,0.01877443293432453
22960,1,0.8438036493844115
22961,0,0.009081160170079768
22962,0,0.002547551333959101
22963,1,0.4176119295871395
22964,0,0.03484604863628171
22965,0,0.0704250019845995
22966,0,0.0
22967,1,0.8446969696969697
22968,0,0.07475196897453946
22969,1,0.3805799767308568
22970,0,0.0040657901769012884
22971,0,0.12524668612554424
22972,1,0.4307446084685013
22973,0,0.044821886322384825
22974,1,0.5803869599787967
22975,1,0.10661314575287344
22976,0,0.0009602497466575137
22977,0,0.07537087241146552
22978,1,0.6357257449914908
22979,0,0.0009602497466575137
22980,0,0.19801691335604388
22981,0,0.29541180221457203
22982,1,0.3766179527275302
22983,1,0.6409130099861198
22984,1,0.5875134716195847
22985,0,0.41412587045066357
22986,0,0.01454485359714118
22987,0,0.09894461571503448
22988,0,0.0004208754208754209
22989,0,0.38674917737629605
22990,0,0.5960319601502725
22991,0,0.07350570775818852
22992,0,0.5332007462928859
22993,0,0.043352872601120945
22994,0,0.4586670172680612
22995,1,0.5170864123252238
22996,1,0.27874552641473527
22997,0,0.6668291296475641
22998,1,0.7080987429788795
22999,0,0.10746771718133948
23000,0,0.09159661663494058
23001,1,0.4030763267740012
23002,0,0.23704749082697116
23003,1,0.36135123912597944
23004,1,0.1971697706611318
23005,1,0.8001762410953493
23006,0,0.22929104995540386
23007,0,0.023897853402944563
23008,0,0.5661078214483566
23009,1,0.4770205198358413
23010,0,0.010599399013021954
23011,0,0.0005393743257820928
23012,0,0.06632141695070758
23013,0,0.33627284427284426
23014,0,0.12185798688940126
23015,0,0.05678772225959159
23016,0,0.009081160170079768
23017,1,0.7212711629378296
23018,0,0.0440322999488016
23019,0,0.0004208754208754209
23020,0,0.049768630379709765
23021,0,0.06009525439801735
23022,1,0.7715039696606517
23023,0,0.0567971727725974
23024,0,0.021183821204815975
23025,0,0.0009602497466575137
23026,0,0.06539503472536241
23027,1,0.4786281126031298
23028,0,0.5008820608144328
23029,0,0.2575929367478567
23030,0,0.016927530079098512
23031,0,0.05604393402343446
23032,1,0.2279762496621588
23033,0,0.0005393743257820928
23034,1,0.4802025926709663
23035,1,0.5454046233270856
23036,0,0.0009602497466575137
23037,1,0.6994403985465115
23038,0,0.6271270609384985
23039,0,0.005778818622603001
23040,1,0.4415018967232415
23041,0,0.39415907710989684
23042,0,0.0
23043,0,0.11981732348111658
23044,0,0.443889867194952
23045,1,0.7326261061629592
23046,0,0.3805408124214094
23047,0,0.020872984663217742
23048,0,0.32377767160375853
23049,0,0.036361294500490776
23050,1,0.26557153725744637
23051,0,0.06953713051024564
23052,0,0.24024231796927187
23053,1,0.4337575845832727
23054,0,0.21802298033641318
23055,0,0.048612688338289
23056,0,0.6431047015840508
23057,1,0.1390462617012537
23058,0,0.002547551333959101
23059,0,0.17067555273882037
23060,1,0.16593948248177104
23061,0,0.4381636639238175
23062,0,0.002547551333959101
23063,0,0.28491098273706966
23064,0,0.002547551333959101
23065,0,0.18154283750949174
23066,0,0.03664685240108225
23067,1,0.16302312806197375
23068,0,0.0009602497466575137
23069,0,0.020872984663217742
23070,0,0.10035757150700401
23071,0,0.4234263468703303
23072,0,0.4786281126031298
23073,1,0.7288668877960242
23074,1,0.3390469879536176
23075,0,0.3984504659177148
23076,0,0.45565710387011576
23077,0,0.1292672864979408
23078,0,0.026999678727262968
23079,1,0.7621773353340174
23080,0,0.05604393402343446
23081,0,0.05146354563394704
23082,0,0.003283130118318373
23083,0,0.15898512112904553
23084,0,0.0934617812882176
23085,0,0.2024247293552939
23086,0,0.3265738498789346
23087,0,0.0635298700720854
23088,0,0.1117361656382796
23089,1,0.6863432146193379
23090,0,0.19801691335604388
23091,0,0.10622145596498854
23092,1,0.5093670437229468
23093,1,0.47351446091098487
23094,1,0.790786676554196
23095,1,0.4992925337646281
23096,1,0.46598167520956474
23097,1,0.6012815375439554
23098,0,0.302407174872251
23099,0,0.4412775055200288
23100,1,0.5450960781819124
23101,1,0.692114238803641
23102,0,0.12399879815803534
23103,1,0.6727241453786456
23104,0,0.26229916540681836
23105,1,0.36155150057589086
23106,0,0.4666699637290494
23107,0,0.042231496184001065
23108,1,0.6286637669007749
23109,1,0.4809583934355904
23110,0,0.17150102443693357
23111,0,0.42478486594125603
23112,0,0.0009602497466575137
23113,1,0.6489997173151322
23114,0,0.16614364300581963
23115,0,0.11472108518039821
23116,1,0.80331541218638
23117,0,0.06738539238539239
23118,0,0.18761944548956513
23119,1,0.5803869599787967
23120,0,0.016927530079098512
23121,1,0.3858897168405366
23122,0,0.45565710387011576
23123,0,0.0
23124,0,0.4038945025863106
23125,0,0.016927530079098512
23126,1,0.6436952216176839
23127,0,0.028517917570205154
23128,1,0.12480997473494844
23129,0,0.39645808343329336
23130,1,0.7806127094836772
23131,0,0.05146354563394704
23132,0,0.588073967633926
23133,0,0.23192146776684272
23134,0,0.08810645887981006
23135,1,0.6155878133258026
23136,0,0.0
23137,1,0.5010277308778092
23138,1,0.6635732623854521
23139,0,0.04148770794784393
23140,0,0.4959509467766348
23141,0,0.06768420975494736
23142,0,0.026671014714979135
23143,0,0.0009602497466575137
23144,0,0.3403222381483251
23145,0,0.40505556514993274
23146,0,0.23369826690722215
23147,0,0.0
23148,0,0.0024784885895997007
23149,0,0.00480136896126056
23150,1,0.5893953195827099
23151,0,0.3315293550063089
23152,0,0.25481515897007895
23153,0,0.0635298700720854
23154,0,0.010599399013021954
23155,0,0.5087209678065628
23156,0,0.0875987295162605
23157,1,0.7714849645884129
23158,0,0.162482291659887
23159,0,0.39407000407000403
23160,0,0.4030763267740012
23161,0,0.21281697410885178
23162,1,0.597786981579406
23163,1,0.4279298653982391
23164,0,0.1136013302915566
23165,0,0.00480136896126056
23166,0,0.07742505103815882
23167,0,0.23334124027913705
23168,0,0.09078930583251087
23169,0,0.0440322999488016
23170,0,0.026671014714979135
23171,0,0.34837658690034834
23172,0,0.0024784885895997007
23173,0,0.23834108312352684
23174,0,0.0040657901769012884
23175,1,0.675245939673842
23176,0,0.002547551333959101
23177,1,0.3420897573830932
23178,0,0.09452382960578413
23179,0,0.06709087481146304
23180,1,0.46068592148037
23181,1,0.7621773353340174
23182,0,0.6189988856874967
23183,0,0.07804395447508487
23184,0,0.07937264450935992
23185,0,0.09693320249492403
23186,0,0.3827825981285697
23187,0,0.34295878162216104
23188,1,0.5185509079790199
23189,0,0.026671014714979135
23190,0,0.17913065599283262
23191,0,0.43757302492220823
23192,0,0.41390147924745085
23193,0,0.3007669370699779
23194,0,0.24168766604504435
23195,0,0.3992607569265809
23196,0,0.45698825577176444
23197,0,0.05790909867671148
23198,0,0.0040657901769012884
23199,1,0.6806810295650761
23200,1,0.4025180273134086
23201,0,0.00480136896126056
23202,0,0.0040657901769012884
23203,1,0.5469336753148532
23204,0,0.49845375571986356
23205,0,0.553451293583888
23206,0,0.034056462262698484
23207,0,0.4471310345418547
23208,0,0.6034026328749851
23209,1,0.5960319601502725
23210,1,0.5177783272202423
23211,0,0.003283130118318373
23212,0,0.0005393743257820928
23213,0,0.5283636363636363
23214,0,0.1431291667961373
23215,0,0.0704250019845995
23216,0,0.37908414332666657
23217,0,0.03515957688176737
23218,1,0.4735060345418547
23219,0,0.022771238700773935
23220,0,0.0
23221,0,0.3558073082510989
23222,0,0.01538579115305458
23223,0,0.6757796404481698
23224,0,0.1598195672043359
23225,0,0.04727789904889627
23226,1,0.3679448072248645
23227,1,0.5367006972414549
23228,1,0.6647094235313584
23229,1,0.6638644509612251
23230,0,0.037863868474947854
23231,0,0.5603481875115267
23232,1,0.26014700508755656
23233,0,0.42358468916262754
23234,0,0.22458520144737806
23235,0,0.28542466541105327
23236,1,0.6509686170191039
23237,1,0.32880005922622674
23238,0,0.4681460415555769
23239,0,0.22060683678811452
23240,0,0.010599399013021954
23241,0,0.06342938157115381
23242,0,0.0005393743257820928
23243,1,0.7931414451158613
23244,1,0.46286376663635836
23245,0,0.023047175242083055
23246,0,0.05146354563394704
23247,1,0.6069082385412333
23248,0,0.003283130118318373
23249,1,0.5260868116379692
23250,0,0.003283130118318373
23251,0,0.0635298700720854
23252,0,0.2985479318046544
23253,0,0.009081160170079768
23254,0,0.020342883648902573
23255,0,0.11472108518039821
23256,1,0.838173018753781
23257,1,0.7528638322116583
23258,0,0.19610297931193454
23259,0,0.564082992294847
23260,0,0.06104255044338514
23261,0,0.0004208754208754209
23262,0,0.03664685240108225
23263,0,0.0281862605791882
23264,0,0.0009602497466575137
23265,0,0.3959147261155869
23266,1,0.6803729628564802
23267,0,0.007505660554441042
23268,0,0.002547551333959101
23269,1,0.49461502967302357
23270,0,0.3614030858244937
23271,1,0.3899592348444075
23272,0,0.12524668612554424
23273,0,0.005778818622603001
23274,1,0.8559053559053559
23275,1,0.5093362152955362
23276,0,0.010599399013021954
23277,0,0.0
23278,1,0.7308002371435207
23279,0,0.049768630379709765
23280,0,0.07808609614767592
23281,0,0.042231496184001065
23282,0,0.09707945106175747
23283,0,0.07024785252605939
23284,1,0.1579016108584604
23285,0,0.22193649659766101
23286,0,0.27054447295403533
23287,0,0.3025953205753427
23288,0,0.09894461571503448
23289,0,0.04148770794784393
23290,1,0.44801935747317084
23291,0,0.36880952893799174
23292,0,0.37342544089269447
23293,0,0.044821886322384825
23294,1,0.45616720850724674
23295,1,0.6449983652562462
23296,0,0.04606814753873578
23297,0,0.04148770794784393
23298,0,0.05604393402343446
23299,0,0.39893712546991633
23300,0,0.00677008177008177
23301,0,0.15166147000933902
23302,0,0.05220733387010418
23303,0,0.00480136896126056
23304,0,0.020342883648902573
23305,0,0.05407409931397938
23306,1,0.8081550976068276
23307,0,0.7723513024045362
23308,1,0.5341435678453083
23309,0,0.37792895942059856
23310,0,0.4183930431412446
23311,0,0.3079378307897847
23312,1,0.7310330678203402
23313,1,0.5575258354482978
23314,1,0.5287903052487816
23315,1,0.46286376663635836
23316,0,0.00480136896126056
23317,0,0.05868901452532371
23318,0,0.1548195984059121
23319,1,0.6049393388372615
23320,1,0.7183153453854113
23321,0,0.043126971068147536
23322,0,0.010599399013021954
23323,0,0.2532183801489447
23324,0,0.504777114175576
23325,0,0.5121715672309438
23326,1,0.5817251044066117
23327,1,0.6189236496557201
23328,0,0.34948492698627115
23329,0,0.3535979911722795
23330,1,0.614900606784648
23331,1,0.4295993262329896
23332,1,0.3827825981285697
23333,0,0.36729273141468094
23334,0,0.30724924792721403
23335,1,0.6450736012880226
23336,1,0.8479729729729729
23337,0,0.09194649519726918
23338,0,0.044821886322384825
23339,0,0.00480136896126056
23340,0,0.17150102443693357
23341,1,0.49379123953670523
23342,0,0.0005393743257820928
23343,0,0.014281140267544878
23344,0,0.12019349252783475
23345,0,0.02788081742654407
23346,1,0.5887865932768767
23347,0,0.018824644805960387
23348,0,0.21150217381560665
23349,0,0.1425110452824934
23350,0,0.13166497793114298
23351,1,0.5880327065443488
23352,0,0.5358959952944571
23353,0,0.4786281126031298
23354,0,0.1354789216631322
23355,0,0.0
23356,0,0.603803331839152
23357,0,0.38047682982467573
23358,0,0.39400602147327035
23359,0,0.07617878982180785
23360,0,0.13962775408670933
23361,0,0.8311403508771931
23362,0,0.0005393743257820928
23363,0,0.4415018967232415
23364,0,0.4386049821351972
23365,0,0.40229363611019586
23366,0,0.0
23367,1,0.553451293583888
23368,1,0.393832141805232
23369,0,0.05345359508645512
23370,0,0.10083525961667399
23371,0,0.19094157495187244
23372,0,0.16593948248177104
23373,1,0.5778177330637156
23374,0,0.5234383967310209
23375,0,0.22133736284679675
23376,1,0.49187640491222506
23377,0,0.24365607713107776
23378,0,0.12833349279244802
23379,0,0.43757302492220823
23380,0,0.048873155495563286
23381,0,0.008483110215783483
23382,0,0.010599399013021954
23383,0,0.1548195984059121
23384,0,0.3315293550063089
23385,0,0.00480136896126056
23386,0,0.394801268498943
23387,1,0.6652380126755094
23388,0,0.0588489931816664
23389,0,0.05715407792742911
23390,1,0.6768141404136468
23391,0,0.0040657901769012884
23392,1,0.561617541804932
23393,0,0.0009602497466575137
23394,1,0.6790910411878155
23395,0,0.03664685240108225
23396,0,0.4313646599673216
23397,1,0.5784486252497737
23398,0,0.4193472747225948
23399,1,0.5550960641902719
23400,0,0.19231535628830007
23401,0,0.020342883648902573
23402,0,0.21889358208892515
23403,0,0.020342883648902573
23404,0,0.5566520670898668
23405,0,0.0
23406,0,0.18419111496446616
23407,0,0.4313646599673216
23408,0,0.00480136896126056
23409,0,0.4313646599673216
23410,0,0.12988727334664993
23411,1,0.12605338755848883
23412,1,0.7714849645884129
23413,0,0.07995126080095294
23414,0,0.5308910632773487
23415,0,0.0004208754208754209
23416,1,0.7252354288571413
23417,0,0.09707945106175747
23418,0,0.002547551333959101
23419,0,0.40310771092669434
23420,0,0.0024784885895997007
23421,0,0.11581758948455996
23422,0,0.019410422459202947
23423,0,0.3453623744664471
23424,0,0.3260324336714228
23425,0,0.05146354563394704
23426,0,0.40587071844500683
23427,0,0.026617809864610154
23428,0,0.6765487090410639
23429,0,0.2936442829798039
23430,0,0.003283130118318373
23431,1,0.5185736423765447
23432,0,0.002547551333959101
23433,0,0.39407000407000403
23434,0,0.17682146525377326
23435,0,0.16230725059135281
23436,0,0.4302016866933258
23437,0,0.010599399013021954
23438,1,0.27596900512392514
23439,0,0.34462515262515264
23440,0,0.4375193517757841
23441,0,0.003283130118318373
23442,1,0.23837371752863754
23443,0,0.06574612926508877
23444,0,0.33461056470275946
23445,0,0.4296115626973969
23446,1,0.4539248902738609
23447,0,0.0009602497466575137
23448,0,0.0009602497466575137
23449,0,0.42160915689837025
23450,0,0.0004208754208754209
23451,0,0.31729182543704043
23452,0,0.46368407578084997
23453,0,0.0009602497466575137
23454,0,0.026671014714979135
23455,0,0.43757302492220823
23456,0,0.18658034118153433
23457,0,0.010599399013021954
23458,1,0.3007975458116788
23459,0,0.0004208754208754209
23460,0,0.0009602497466575137
23461,0,0.45565710387011576
23462,0,0.14064588062921637
23463,1,0.6431047015840508
23464,1,0.6490883602912475
23465,0,0.021183821204815975
23466,1,0.44925083882911027
23467,0,0.022388230527426802
23468,0,0.08276375583394743
23469,0,0.05328043673932611
23470,0,0.12213363350475832
23471,0,0.3840786027749172
23472,0,0.0004208754208754209
23473,1,0.5881134775413799
23474,0,0.36217800084138024
23475,0,0.03122220916338564
23476,1,0.5752068219434295
23477,0,0.12524668612554424
23478,0,0.010599399013021954
23479,1,0.4735060345418547
23480,0,0.18480871801767326
23481,1,0.09468342330184436
23482,1,0.4941106394001506
23483,0,0.32356102102609713
23484,0,0.0009602497466575137
23485,1,0.18480871801767326
23486,0,0.020342883648902573
23487,1,0.5875361248387293
23488,0,0.026671014714979135
23489,0,0.3544818049490539
23490,0,0.044821886322384825
23491,0,0.4472848402810361
23492,0,0.7528638322116583
23493,0,0.012106949688679558
23494,1,0.5723075320867591
23495,0,0.28542466541105327
23496,0,0.18761944548956513
23497,0,0.0
23498,1,0.708295716282218
23499,1,0.46636751388531517
23500,0,0.31042895957738265
23501,0,0.0857008569304819
23502,0,0.0009602497466575137
23503,1,0.3984116125335621
23504,0,0.45729070561549867
23505,1,0.3403222381483251
23506,1,0.9729729729729729
23507,0,0.004260579779660814
23508,0,0.2540889819014567
23509,0,0.4369406852654783
23510,1,0.5251043094288735
23511,1,0.4770575932139833
23512,0,0.02510256400040109
23513,1,0.6571187540543103
23514,0,0.4795484860783037
23515,0,0.21889358208892515
23516,0,0.650494531292093
23517,0,0.3953515379786567
23518,0,0.17864645330761775
23519,1,0.3805799767308568
23520,0,0.1946912019901096
23521,0,0.4055974129433845
23522,1,0.24168766604504435
23523,1,0.6170299859835249
23524,0,0.09739128854025673
23525,1,0.29288745844238523
23526,0,0.03174422331196331
23527,0,0.04606814753873578
23528,1,0.44672330099517277
23529,1,0.5411111382855592
23530,1,0.6479521991453413
23531,0,0.0
23532,1,0.5820476493318137
23533,1,0.17927301972365783
23534,0,0.051890066860740124
23535,0,0.4262878758661473
23536,0,0.479850935922038
23537,0,0.4525089120933951
23538,0,0.14064588062921637
23539,0,0.2520851339115231
23540,1,0.48926687785331735
23541,0,0.07617878982180785
23542,0,0.24441769110360023
23543,0,0.002547551333959101
23544,0,0.04486811846533001
23545,0,0.0888813928987302
23546,0,0.18480871801767326
23547,0,0.15960468893437066
23548,0,0.003283130118318373
23549,0,0.10872359091834734
23550,1,0.47758057640626445
23551,1,0.4664822563435653
23552,0,0.000574098218065887
23553,0,0.09336938696832087
23554,0,0.4969531890133994
23555,1,0.6985696687731884
23556,1,0.811706885791554
23557,0,0.0
23558,0,0.05715407792742911
23559,1,0.49515431774235025
23560,0,0.013303690606202435
23561,0,0.3095780685920578
23562,0,0.30790378401336144
23563,0,0.08634879568448156
23564,0,0.003283130118318373
23565,0,0.3343128307897847
23566,0,0.003283130118318373
23567,1,0.45505647112757314
23568,1,0.44837915395709227
23569,0,0.18154283750949174
23570,0,0.26969245599549685
23571,0,0.2833991473580982
23572,1,0.37562995309720204
23573,0,0.36880952893799174
23574,0,0.03484604863628171
23575,0,0.09431477447434712
23576,0,0.3716684250724504
23577,0,0.10525145798833609
23578,0,0.4770575932139833
23579,0,0.09159661663494058
23580,1,0.5260868116379692
23581,1,0.5088784076129853
23582,0,0.0
23583,0,0.0635298700720854
23584,1,0.49101169672469797
23585,0,0.0
23586,0,0.08320929586409463
23587,0,0.39473661910041974
23588,0,0.0635298700720854
23589,0,0.03702474153504439
23590,0,0.46285989995667415
23591,0,0.010599399013021954
23592,0,0.0005393743257820928
23593,0,0.41367581309722096
23594,0,0.05038840135977235
23595,0,0.08075917821129526
23596,0,0.08873302529585016
23597,0,0.49494056852573126
23598,0,0.19753160919540233
23599,0,0.3540506475808627
23600,1,0.7307948072975395
23601,0,0.021183821204815975
23602,0,0.5256681213959924
23603,0,0.4795484860783037
23604,0,0.08075917821129526
23605,0,0.6783688260984149
23606,1,0.47552854122621563
23607,1,0.7373401457394296
23608,1,0.7022037272477982
23609,0,0.421294918354004
23610,0,0.38507590644626827
23611,0,0.18761944548956513
23612,1,0.6124899446117192
23613,0,0.15063524882582502
23614,0,0.21254442075337598
23615,1,0.5437350399784838
23616,1,0.786345715216683
23617,1,0.5140820863172065
23618,1,0.6034026328749851
23619,0,0.00480136896126056
23620,0,0.0
23621,1,0.5817251044066117
23622,1,0.8001762410953493
23623,1,0.7418584732017567
23624,0,0.02510256400040109
23625,1,0.5514823938799162
23626,0,0.02935885512611856
23627,0,0.0
23628,0,0.08810645887981006
23629,0,0.034056462262698484
23630,0,0.26557153725744637
23631,0,0.07475196897453946
23632,1,0.6727241453786456
23633,1,0.4224428556518109
23634,0,0.7715039696606517
23635,1,0.6087221912375287
23636,1,0.37291615791615795
23637,1,0.5654678654678654
23638,0,0.0
23639,0,0.3132163632163632
23640,0,0.020342883648902573
23641,1,0.4193472747225948
23642,1,0.6709191246825655
23643,1,0.5011883429096692
23644,0,0.1898406210000413
23645,1,0.2732555398742903
23646,0,0.407936507936508
23647,1,0.5387762587195938
23648,1,0.7365332428765264
23649,0,0.20608054226475278
23650,0,0.0
23651,0,0.29336429138822906
23652,0,0.36548103917871355
23653,1,0.4313646599673216
23654,1,0.7830779860174998
23655,1,0.758596837944664
23656,0,0.048612688338289
23657,0,0.19801691335604388
23658,0,0.0004208754208754209
23659,0,0.4370521737879372
23660,1,0.6450736012880226
23661,1,0.22458520144737806
23662,0,0.09040551961298594
23663,0,0.11125866722509191
23664,1,0.3756356511029
23665,1,0.21041352944568437
23666,0,0.0
23667,0,0.40115296849894005
23668,0,0.4341305584943591
23669,1,0.3134410147187606
23670,0,0.01112950002733712
23671,0,0.0
23672,0,0.002547551333959101
23673,0,0.3704195320393471
23674,0,0.06009525439801735
23675,0,0.1978127528319953
23676,0,0.12611723359944463
23677,0,0.301680400535806
23678,0,0.10008915667173451
23679,0,0.4525655782632527
23680,0,0.04148770794784393
23681,0,0.22322131261652764
23682,0,0.0009602497466575137
23683,1,0.5093362152955362
23684,1,0.8359800362976406
23685,0,0.14126400214286028
23686,0,0.3700405590431166
23687,0,0.655723570834221
23688,1,0.7612226160586818
23689,0,0.09849240685372701
23690,1,0.7621773353340174
23691,0,0.302407174872251
23692,0,0.4848872652366237
23693,0,0.002547551333959101
23694,1,0.5575258354482978
23695,1,0.6450736012880226
23696,0,0.010599399013021954
23697,1,0.2603260777933267
23698,0,0.4322718496178212
23699,0,0.17067555273882037
23700,0,0.06342938157115381
23701,0,0.018782457341779375
23702,0,0.09246716410884097
23703,1,0.3492367044087629
23704,1,0.43668610075720277
23705,0,0.5613139592647789
23706,0,0.11508973400789545
23707,0,0.04254502442948673
23708,0,0.30184860184860185
23709,0,0.5307592049527534
23710,1,0.3421537399798269
23711,0,0.36373274483681745
23712,0,0.1801324136136847
23713,0,0.0
23714,0,0.05038840135977235
23715,1,0.8489290755624693
23716,0,0.4786715414263692
23717,0,0.02935885512611856
23718,1,0.41293244637642984
23719,0,0.0
23720,0,0.003283130118318373
23721,0,0.028517917570205154
23722,0,0.010599399013021954
23723,0,0.0
23724,1,0.42358468916262754
23725,1,0.6360114371516709
23726,0,0.00480136896126056
23727,0,0.0005393743257820928
23728,1,0.6292195894184632
23729,0,0.14394359471989895
23730,0,0.1136013302915566
23731,0,0.20707163752484312
23732,0,0.05220733387010418
23733,1,0.4762304745063366
23734,0,0.29752519334839306
23735,1,0.42144669714437155
23736,1,0.4436540266048463
23737,1,0.5087479856033612
23738,0,0.6568467938780848
23739,0,0.020342883648902573
23740,0,0.03600051443768077
23741,1,0.5008820608144328
23742,0,0.0009602497466575137
23743,1,0.2633773221495561
23744,1,0.40505556514993274
23745,1,0.29876308908004434
23746,0,0.20546242075110888
23747,0,0.0
23748,0,0.008345581385720497
23749,0,0.2279762496621588
23750,0,0.4373486337189955
23751,1,0.1574317939542678
23752,0,0.29248653995161605
23753,0,0.0
23754,0,0.002547551333959101
23755,0,0.24168766604504435
23756,0,0.00480136896126056
23757,0,0.0
23758,0,0.6242517888692752
23759,0,0.0040657901769012884
23760,1,0.7366952528746019
23761,1,0.46013325522874754
23762,0,0.3307319147459039
23763,0,0.5742764317907308
23764,0,0.048873155495563286
23765,0,0.009081160170079768
23766,1,0.5163684198629556
23767,1,0.3354883161393724
23768,1,0.7612226160586818
23769,0,0.12103251519128806
23770,0,0.11690026035963695
23771,0,0.0
23772,1,0.5742764317907308
23773,0,0.008345581385720497
23774,1,0.367457141805232
23775,0,0.22894226580268048
23776,0,0.4783218305078934
23777,1,0.521257680351888
23778,0,0.03484604863628171
23779,0,0.003283130118318373
23780,0,0.05038840135977235
23781,0,0.2228148453020967
23782,1,0.5173929715028751
23783,0,0.028517917570205154
23784,0,0.05146354563394704
23785,0,0.11627441235517595
23786,0,0.12213363350475832
23787,1,0.6863432146193379
23788,1,0.5424431354634814
23789,1,0.36849223324043473
23790,0,0.017256194091382345
23791,1,0.6287390029325514
23792,0,0.002547551333959101
23793,1,0.19407308047646551
23794,0,0.06435394670688788
23795,0,0.002547551333959101
23796,0,0.008541785844297675
23797,0,0.002547551333959101
23798,0,0.00480136896126056
23799,1,0.479850935922038
23800,0,0.24168766604504435
23801,1,0.80331541218638
23802,1,0.4802025926709663
23803,0,0.5864624130195065
23804,0,0.10181808572485597
23805,0,0.6802462348653814
23806,0,0.1757260504444396
23807,1,0.5742764317907308
23808,0,0.003283130118318373
23809,0,0.44314221926338376
23810,0,0.023047175242083055
23811,0,0.017904979740440956
23812,1,0.40476474100951637
23813,0,0.003283130118318373
23814,0,0.6189236496557201
23815,0,0.0004208754208754209
23816,0,0.010599399013021954
23817,0,0.011576848674364397
23818,0,0.5010277308778092
23819,1,0.3805799767308568
23820,0,0.05345359508645512
23821,0,0.05604393402343446
23822,1,0.5066311240246332
23823,0,0.4319849976826721
23824,0,0.3473655473655473
23825,0,0.3201646976660418
23826,0,0.06342938157115381
23827,0,0.1818984923034123
23828,0,0.0009602497466575137
23829,1,0.4442514850771731
23830,0,0.05290150476704902
23831,1,0.535347395730432
23832,0,0.0009602497466575137
23833,0,0.043126971068147536
23834,0,0.3577599852613294
23835,1,0.4436540266048463
23836,0,0.12529176190133143
23837,0,0.1473997493734336
23838,1,0.5951992215922068
23839,0,0.10366168396547626
23840,0,0.34065356975804734
23841,1,0.5127015431190679
23842,0,0.41013234925110703
23843,0,0.0009602497466575137
23844,1,0.7366952528746019
23845,0,0.31315898463593855
23846,0,0.39734419027015483
23847,0,0.04148770794784393
23848,0,0.22929104995540386
23849,0,0.002547551333959101
23850,0,0.520669450659713
23851,0,0.0004208754208754209
23852,1,0.598832188839881
23853,0,0.17437568670501258
23854,0,0.05604393402343446
23855,0,0.29876308908004434
23856,0,0.003283130118318373
23857,0,0.5514823938799162
23858,0,0.250770333618278
23859,0,0.010599399013021954
23860,0,0.0009602497466575137
23861,0,0.5202010729955217
23862,0,0.0
23863,0,0.06686404844662629
23864,0,0.03084882234932086
23865,0,0.0009602497466575137
23866,1,0.4583343839576983
23867,1,0.30708788624280625
23868,0,0.07617878982180785
23869,0,0.22294188861985473
23870,0,0.11581758948455996
23871,0,0.2798078934934482
23872,0,0.17927301972365783
23873,0,0.07704039055935007
23874,0,0.0004208754208754209
23875,0,0.0040657901769012884
23876,0,0.07947674809589067
23877,0,0.2792087597425839
23878,0,0.4325903450648351
23879,0,0.457642362364427
23880,1,0.4969531890133994
23881,0,0.00480136896126056
23882,0,0.08873302529585016
23883,0,0.3673759848432338
23884,0,0.003283130118318373
23885,0,0.02510256400040109
23886,0,0.00480136896126056
23887,0,0.0009602497466575137
23888,1,0.6189988856874967
23889,1,0.42866147326380183
23890,0,0.12757894007555412
23891,0,0.00480136896126056
23892,0,0.10560599906537566
23893,0,0.6507031856465207
23894,0,0.0
23895,0,0.15161547139768555
23896,0,0.03484604863628171
23897,0,0.2511735691329286
23898,0,0.03495193714684496
23899,0,0.3506373311711553
23900,0,0.4025180273134086
23901,1,0.3254234815832565
23902,1,0.3790794892090011
23903,0,0.0
23904,0,0.28542466541105327
23905,0,0.03484604863628171
23906,0,0.002547551333959101
23907,0,0.21164762732559342
23908,0,0.0990270516969546
23909,0,0.7529612089795407
23910,1,0.7368922261779405
23911,0,0.4095639921911108
23912,0,0.15502694859038144
23913,0,0.005778818622603001
23914,1,0.3364730252599188
23915,1,0.5347317975374831
23916,0,0.28082790176381445
23917,0,0.0
23918,0,0.2971482378262039
23919,1,0.553451293583888
23920,0,0.10311409325701522
23921,1,0.5008820608144328
23922,0,0.05604393402343446
23923,1,0.7931414451158613
23924,0,0.005778818622603001
23925,0,0.044821886322384825
23926,1,0.7371254645649109
23927,0,0.020342883648902573
23928,0,0.5455409015912147
23929,0,0.003283130118318373
23930,0,0.0
23931,0,0.003283130118318373
23932,0,0.259494929277373
23933,0,0.5960319601502725
23934,0,0.5367006972414549
23935,0,0.044821886322384825
23936,0,0.009081160170079768
23937,1,0.7485202476420275
23938,0,0.22929104995540386
23939,0,0.45706631441228596
23940,0,0.06342938157115381
23941,1,0.3917377625146692
23942,1,0.5104489270021318
23943,1,0.181909385425185
23944,0,0.03484604863628171
23945,1,0.5514823938799162
23946,1,0.8258060692271219
23947,0,0.06342938157115381
23948,1,0.6880594038269233
23949,0,0.32719017669961065
23950,0,0.7023087438561756
23951,1,0.4615712341654603
23952,0,0.37813739560464454
23953,1,0.5817251044066117
23954,0,0.03484604863628171
23955,1,0.7392598260640617
23956,0,0.0
23957,0,0.6507031856465207
23958,0,0.11386809199426869
23959,0,0.21254442075337598
23960,1,0.4691843162810905
23961,0,0.0009602497466575137
23962,0,0.19801691335604388
23963,0,0.01877443293432453
23964,0,0.0744763223591824
23965,1,0.7979811305363088
23966,1,0.6937046336092303
23967,0,0.26317164947469035
23968,1,0.6727241453786456
23969,0,0.0009602497466575137
23970,1,0.7485202476420275
23971,0,0.22294188861985473
23972,0,0.03484604863628171
23973,0,0.3043289192764614
23974,0,0.28701854880058747
23975,1,0.7662593133701164
23976,0,0.025416092245886753
23977,0,0.49524685062096774
23978,0,0.0005393743257820928
23979,0,0.01454485359714118
23980,1,0.5855216842521218
23981,0,0.10858558516147254
23982,0,0.09246716410884097
23983,0,0.2279762496621588
23984,0,0.0009602497466575137
23985,0,0.21054715632301782
23986,1,0.4319849976826721
23987,0,0.0004208754208754209
23988,0,0.020342883648902573
23989,0,0.5575258354482978
23990,1,0.03515957688176737
23991,0,0.5569657788778747
23992,1,0.553451293583888
23993,1,0.6954256395432866
23994,0,0.11694533613542413
23995,0,0.3453623744664471
23996,0,0.03122220916338564
23997,1,0.3420897573830932
23998,0,0.2764460170009438
23999,0,0.09894461571503448
24000,1,0.5100920160601602
24001,0,0.020342883648902573
24002,0,0.415659252576909
24003,0,0.010599399013021954
24004,0,0.15502694859038144
24005,1,0.7737513516908656
24006,0,0.34664318732115335
24007,0,0.0
24008,0,0.0934617812882176
24009,1,0.7465562720939065
24010,0,0.29966277251472645
24011,0,0.0
24012,0,0.002547551333959101
24013,0,0.13823369911255723
24014,1,0.5709916898414272
24015,0,0.4969531890133994
24016,0,0.3173014169404061
24017,0,0.09407884818332579
24018,0,0.09180611899932388
24019,1,0.5449051706219598
24020,1,0.5289221635733768
24021,0,0.0747059184365686
24022,1,0.48797290700512574
24023,1,0.6599560456160383
24024,0,0.0024784885895997007
24025,0,0.016927530079098512
24026,1,0.5141404669349156
24027,0,0.07808609614767592
24028,1,0.43249624082103394
24029,1,0.7662593133701164
24030,0,0.30177164862874334
24031,1,0.5885368741870983
24032,0,0.12711185077882126
24033,0,0.17743105446460775
24034,0,0.1101365467103169
24035,0,0.5348729905403485
24036,1,0.5086284349279454
24037,0,0.20695889096918849
24038,1,0.8311403508771931
24039,1,0.6668291296475641
24040,0,0.08969400351403811
24041,0,0.33210262057957446
24042,0,0.11961841819904347
24043,1,0.6926746530421072
24044,1,0.8001762410953493
24045,1,0.7899393438103116
24046,0,0.020342883648902573
24047,0,0.0009602497466575137
24048,0,0.6584953433314089
24049,0,0.4412775055200288
24050,1,0.5185967993879989
24051,0,0.2228608284835768
24052,0,0.03515957688176737
24053,0,0.0
24054,0,0.0
24055,0,0.27067785286525287
24056,0,0.0005393743257820928
24057,1,0.5603876974189805
24058,0,0.04940227471187223
24059,1,0.5386622808184315
24060,0,0.04940227471187223
24061,1,0.4928005392643759
24062,1,0.7715039696606517
24063,0,0.08706130402124036
24064,0,0.0
24065,0,0.004260579779660814
24066,0,0.002547551333959101
24067,0,0.3626011639831051
24068,0,0.0
24069,0,0.3728521753194243
24070,1,0.2787347422116961
24071,1,0.838963963963964
24072,1,0.6709191246825655
24073,0,0.226150630417058
24074,0,0.13645085542496757
24075,0,0.18216095902313567
24076,0,0.08383569227720489
24077,0,0.15002522195318804
24078,1,0.475125808569792
24079,0,0.5380082766943212
24080,0,0.40379476028639943
24081,0,0.3913874799936881
24082,0,0.26969245599549685
24083,0,0.020342883648902573
24084,1,0.54067001672569
24085,0,0.003283130118318373
24086,0,0.4822789974859145
24087,1,0.5260868116379692
24088,1,0.479850935922038
24089,0,0.00480136896126056
24090,0,0.0
24091,0,0.1268551049812817
24092,0,0.0
24093,0,0.43419520789288235
24094,0,0.6865401879226765
24095,0,0.11981732348111658
24096,0,0.2456089292582159
24097,0,0.00480136896126056
24098,1,0.5971681212961787
24099,0,0.0
24100,0,0.009081160170079768
24101,0,0.02935885512611856
24102,0,0.4511874369320286
24103,1,0.7274888364038752
24104,0,0.010599399013021954
24105,0,0.13478274103023
24106,0,0.4525655782632527
24107,0,0.016927530079098512
24108,0,0.10116548891734635
24109,1,0.488541905516104
24110,0,0.1571199564757685
24111,0,0.527318286412494
24112,1,0.5387762587195938
24113,0,0.6802109009158865
24114,0,0.00480136896126056
24115,0,0.0009602497466575137
24116,0,0.028517917570205154
24117,1,0.5062137731058621
24118,0,0.06980858541792333
24119,0,0.3840786027749172
24120,0,0.2456089292582159
24121,0,0.0
24122,0,0.10560599906537566
24123,0,0.09849240685372701
24124,0,0.0
24125,0,0.07808609614767592
24126,0,0.002547551333959101
24127,0,0.40521431879225717
24128,0,0.0803023553406793
24129,1,0.9729729729729729
24130,1,0.4451475950621668
24131,0,0.08467509815205206
24132,0,0.3803476058148547
24133,1,0.5107293774179884
24134,0,0.036361294500490776
24135,0,0.44642472277262274
24136,0,0.042231496184001065
24137,0,0.010599399013021954
24138,0,0.03542921073880826
24139,0,0.050512418615866896
24140,0,0.049768630379709765
24141,0,0.12199500061342167
24142,0,0.010599399013021954
24143,0,0.04148770794784393
24144,0,0.003283130118318373
24145,0,0.41054228614355676
24146,0,0.457642362364427
24147,1,0.6450736012880226
24148,0,0.3805723879183595
24149,0,0.3577599852613294
24150,1,0.6990405923164543
24151,0,0.17618287331505558
24152,0,0.15063869536313823
24153,0,0.010599399013021954
24154,0,0.05956129282414253
24155,0,0.0056423065171739605
24156,0,0.5032600155725374
24157,1,0.7328991844019109
24158,1,0.7737513516908656
24159,1,0.7326261061629592
24160,0,0.020342883648902573
24161,0,0.05146354563394704
24162,0,0.0005393743257820928
24163,0,0.0020081770081770084
24164,0,0.40499236974057123
24165,0,0.003283130118318373
24166,0,0.6246284700459949
24167,0,0.0
24168,0,0.0588489931816664
24169,1,0.45812063474107934
24170,0,0.07411751889973306
24171,0,0.0
24172,1,0.48978589838694225
24173,0,0.6336453434016805
24174,1,0.3453845769183252
24175,0,0.03484604863628171
24176,0,0.00480136896126056
24177,0,0.034056462262698484
24178,0,0.3565486152853114
24179,0,0.3337545313291921
24180,0,0.22929104995540386
24181,0,0.044821886322384825
24182,0,0.011440336568935354
24183,0,0.14223565465207622
24184,1,0.4567554381994216
24185,0,0.0009602497466575137
24186,1,0.5445988885267233
24187,0,0.6918107889797606
24188,1,0.3451634168701008
24189,0,0.5971681212961787
24190,0,0.05146354563394704
24191,1,0.4783218305078934
24192,0,0.44641291890134654
24193,0,0.2776092429261982
24194,0,0.0004208754208754209
24195,1,0.5688957159924901
24196,1,0.5204429617273654
24197,1,0.1788943512627723
24198,0,0.5106221780594874
24199,0,0.4083648300163389
24200,1,0.670843888650789
24201,1,0.365453914360544
24202,1,0.5011883429096692
24203,1,0.4839806940583408
24204,1,0.6302711993888465
24205,0,0.5485572393247587
24206,1,0.5836918048519437
24207,1,0.49494056852573126
24208,0,0.0003754429538918272
24209,0,0.22929104995540386
24210,0,0.19801691335604388
24211,1,0.6918107889797606
24212,0,0.1870203117387009
24213,1,0.5818347323723667
24214,0,0.5154480463877817
24215,1,0.624893901418578
24216,0,0.0009602497466575137
24217,1,0.5696985662153112
24218,1,0.692114238803641
24219,0,0.04254502442948673
24220,0,0.010599399013021954
24221,0,0.604566830631959
24222,0,0.002547551333959101
24223,1,0.6926746530421072
24224,0,0.0740270516969546
24225,1,0.5817251044066117
24226,1,0.5166708697066899
24227,0,0.0440322999488016
24228,0,0.16521706627239086
24229,0,0.31783875494323255
24230,0,0.002547551333959101
24231,1,0.6261966707857998
24232,0,0.002547551333959101
24233,1,0.6790910411878155
24234,0,0.6189988856874967
24235,1,0.4697165609447234
24236,0,0.009081160170079768
24237,0,0.5868176935729049
24238,0,0.03423691883751481
24239,0,0.08209926596107887
24240,0,0.10515221289799244
24241,0,0.33627284427284426
24242,0,0.3343128307897847
24243,1,0.42320954447961484
24244,0,0.36261888190121877
24245,0,0.4166469566200468
24246,1,0.22929104995540386
24247,0,0.4006068851125148
24248,0,0.25321063319702103
24249,1,0.6298780474396779
24250,0,0.35268320116015506
24251,0,0.33461056470275946
24252,0,0.04148770794784393
24253,0,0.564082992294847
24254,0,0.19001499821844367
24255,0,0.0020038054586060824
24256,0,0.0
24257,0,0.010599399013021954
24258,1,0.8446969696969697
24259,1,0.7271661786689109
24260,0,0.13166497793114298
24261,0,0.41253514548596515
24262,0,0.011576848674364397
24263,1,0.5153161880631866
24264,0,0.5308910632773487
24265,1,0.7495524314720128
24266,0,0.08383569227720489
24267,0,0.4101586244011477
24268,0,0.026617809864610154
24269,0,0.5308910632773487
24270,0,0.0009602497466575137
24271,1,0.8657616976582494
24272,0,0.0588489931816664
24273,0,0.3429379444085326
24274,0,0.5644925051901796
24275,0,0.0009602497466575137
24276,1,0.5817251044066117
24277,1,0.3506059811902565
24278,1,0.7368922261779405
24279,0,0.2109769481844145
24280,0,0.10606282193599163
24281,0,0.21054715632301782
24282,0,0.5514823938799162
24283,0,0.013026614754198994
24284,1,0.6944366007798844
24285,0,0.10606282193599163
24286,0,0.35271428571428576
24287,0,0.4122025121756024
24288,0,0.04374674204821013
24289,0,0.4716818451258285
24290,0,0.011440336568935354
24291,0,0.0009602497466575137
24292,0,0.361850795864785
24293,0,0.17150102443693357
24294,0,0.3427008232346474
24295,0,0.22929104995540386
24296,0,0.003283130118318373
24297,0,0.11204800311677886
24298,0,0.23520272453824542
24299,0,0.43757302492220823
24300,1,0.49869745004534866
24301,0,0.0
24302,0,0.003283130118318373
24303,1,0.26768860800556327
24304,0,0.0281862605791882
24305,0,0.0803023553406793
24306,1,0.4802025926709663
24307,0,0.13120815506052702
24308,0,0.2208109973121631
24309,0,0.0
24310,0,0.19610297931193454
24311,0,0.3161637141876518
24312,1,0.48258144732964875
24313,0,0.03484604863628171
24314,0,0.3320471798732668
24315,0,0.0024784885895997007
24316,1,0.818611615245009
24317,0,0.05345359508645512
24318,1,0.4302016866933258
24319,0,0.003283130118318373
24320,1,0.3992615570805405
24321,0,0.05715407792742911
24322,0,0.4969531890133994
24323,1,0.47588160933441603
24324,0,0.4540992300614286
24325,0,0.0009602497466575137
24326,0,0.020342883648902573
24327,0,0.010599399013021954
24328,1,0.5960319601502725
24329,1,0.6077998200071377
24330,0,0.048873155495563286
24331,0,0.16521706627239086
24332,1,0.7794843574238713
24333,1,0.34058344058344064
24334,0,0.2401790463643336
24335,1,0.6727241453786456
24336,0,0.04122724079056966
24337,0,0.0020576131687242796
24338,0,0.0020081770081770084
24339,0,0.26342466469231623
24340,1,0.05790909867671148
24341,0,0.6431047015840508
24342,0,0.010599399013021954
24343,0,0.06342938157115381
24344,1,0.6240038177046051
24345,0,0.2766210809341087
24346,0,0.10694973374328216
24347,1,0.46286376663635836
24348,1,0.5748272195640617
24349,0,0.042231496184001065
24350,0,0.414125203648874
24351,1,0.7931414451158613
24352,0,0.1274021218446638
24353,0,0.05038840135977235
24354,1,0.6985696687731884
24355,0,0.0009602497466575137
24356,0,0.02935885512611856
24357,1,0.49177746073099965
24358,1,0.1634170653907496
24359,0,0.05146354563394704
24360,0,0.302407174872251
24361,1,0.6069082385412333
24362,1,0.624893901418578
24363,1,0.7689328150132585
24364,0,0.021105337713440236
24365,0,0.5960319601502725
24366,0,0.4289571101836788
24367,0,0.020342883648902573
24368,0,0.019751882595666976
24369,1,0.5008820608144328
24370,1,0.6246284700459949
24371,1,0.5177783272202423
24372,0,0.0650191418969989
24373,0,0.19610297931193454
24374,1,0.5612225111249709
24375,0,0.0009602497466575137
24376,0,0.4044911372958245
24377,1,0.16249413310804464
24378,0,0.0
24379,0,0.3555576535815912
24380,0,0.14064588062921637
24381,0,0.083706327433074
24382,0,0.33583015329740223
24383,1,0.6307695632090096
24384,0,0.0024784885895997007
24385,0,0.026671014714979135
24386,0,0.11386809199426869
24387,0,0.0009602497466575137
24388,0,0.002547551333959101
24389,0,0.0
24390,0,0.09099849425936384
24391,0,0.0040657901769012884
24392,0,0.16315459867102625
24393,1,0.43249624082103394
24394,0,0.26572907862588313
24395,0,0.0635298700720854
24396,0,0.0
24397,0,0.1933021722371414
24398,0,0.002547551333959101
24399,0,0.1341646195165861
24400,0,0.27116079977471136
24401,1,0.30293262322790326
24402,1,0.3068943575705617
24403,0,0.3150879135648675
24404,0,0.09246716410884097
24405,1,0.686077783246755
24406,1,0.5514823938799162
24407,0,0.2768830658575759
24408,0,0.003283130118318373
24409,0,0.003283130118318373
24410,1,0.8001762410953493
24411,1,0.6572602767964973
24412,0,0.43463651497705014
24413,0,0.0020576131687242796
24414,1,0.40115296849894005
24415,0,0.06009525439801735
24416,0,0.002547551333959101
24417,0,0.30152882616781534
24418,0,0.1981124686716792
24419,0,0.0005393743257820928
24420,0,0.01112950002733712
24421,0,0.5635864415089038
24422,1,0.3513137254901961
24423,0,0.162939114530503
24424,0,0.07296307626226978
24425,0,0.08706130402124036
24426,1,0.4841314644719996
24427,1,0.6994403985465115
24428,0,0.026671014714979135
24429,0,0.0009602497466575137
24430,0,0.050512418615866896
24431,0,0.03495193714684496
24432,0,0.009081160170079768
24433,1,0.3805799767308568
24434,0,0.03664685240108225
24435,1,0.5252382740987299
24436,1,0.21281697410885178
24437,1,0.48593888752841535
24438,1,0.5514823938799162
24439,0,0.0004208754208754209
24440,1,0.6438515704618578
24441,0,0.4526596825070539
24442,0,0.04374674204821013
24443,1,0.6540241120886282
24444,0,0.021183821204815975
24445,1,0.5840165490357855
24446,0,0.17876896495317549
24447,1,0.5742764317907308
24448,0,0.4525655782632527
24449,0,0.525205915965789
24450,0,0.5514823938799162
24451,1,0.6286637669007749
24452,0,0.4122937018173722
24453,0,0.3337322159983238
24454,0,0.003283130118318373
24455,0,0.01454485359714118
24456,0,0.0
24457,0,0.1117361656382796
24458,1,0.42320954447961484
24459,0,0.41013234925110703
24460,0,0.0
24461,1,0.790786676554196
24462,0,0.01877443293432453
24463,1,0.5723075320867591
24464,0,0.23449705618296532
24465,0,0.2228148453020967
24466,0,0.11627441235517595
24467,1,0.6346293451669794
24468,1,0.5685911087017588
24469,1,0.4525655782632527
24470,1,0.8211041368716563
24471,0,0.0009602497466575137
