id,y_true,p_correct
0,0,0.8184640606244405
1,1,0.22023382286230722
2,0,0.06798926492532094
3,0,0.19190336763858795
4,0,0.0759682518740495
5,0,0.2743929326534271
6,1,0.5423746705055237
7,0,0.24009289840857187
8,1,0.23954747120539346
9,1,0.5792729655901591
10,1,0.8184640606244405
11,0,0.0759682518740495
12,0,0.18658835689226785
13,0,0.4949026107788086
14,0,0.13626408080259958
15,0,0.12062450746695201
16,0,0.09949103494485219
17,0,0.06798926492532094
18,1,0.6769851446151733
19,1,0.4470456739266713
20,0,0.09949103494485219
21,0,0.5952912370363871
22,0,0.06798926492532094
23,0,0.12062450746695201
24,0,0.3204767107963562
25,0,0.10443828503290813
26,1,0.31230490406354267
27,0,0.1954602748155594
28,1,0.6623546878496805
29,1,0.4470456739266713
30,0,0.1270181139310201
31,0,0.09949103494485219
32,0,0.1270181139310201
33,0,0.5148873527844747
34,0,0.5792729655901591
35,0,0.23510971665382385
36,1,0.3909330566724141
37,0,0.4485076665878296
38,0,0.16222213705380759
39,0,0.33012237151463825
40,0,0.12767486770947775
41,0,0.48190967241923016
42,0,0.1220967024564743
43,0,0.6449512441953024
44,0,0.3680640757083893
45,0,0.12062450746695201
46,1,0.5423746705055237
47,0,0.37042423089345294
48,0,0.3909330566724141
49,1,0.6292468110720316
50,0,0.33012237151463825
51,1,0.7469152609507242
52,0,0.22023382286230722
53,1,0.7469152609507242
54,1,0.28418009479840595
55,0,0.23960714042186737
56,0,0.06967103853821754
57,0,0.1487011561791102
58,0,0.08496410151322682
59,1,0.1284903089205424
60,0,0.30937989552815753
61,0,0.6292468110720316
62,0,0.09949103494485219
63,0,0.09949103494485219
64,0,0.2157363990942637
65,0,0.17292856176694235
66,0,0.28418009479840595
67,1,0.4553152819474538
68,1,0.6922701001167297
69,0,0.4267452855904897
70,0,0.09949103494485219
71,0,0.1683813234170278
72,0,0.06798926492532094
73,0,0.3909330566724141
74,1,0.3909330566724141
75,0,0.28418009479840595
76,1,0.5952912370363871
77,0,0.09949103494485219
78,0,0.3909330566724141
79,1,0.09949103494485219
80,0,0.22023382286230722
81,0,0.30120808879534405
82,0,0.1561077038447062
83,0,0.5025806725025177
84,0,0.3909330566724141
85,1,0.7641592224438986
86,1,0.2862492501735687
87,0,0.3466786742210388
88,0,0.09949103494485219
89,1,0.5542207260926565
90,0,0.5423746705055237
91,0,0.5367150902748108
92,0,0.5952912370363871
93,1,0.6922701001167297
94,1,0.3045484224955241
95,1,0.17905397713184357
96,0,0.23960714042186737
97,0,0.10443828503290813
98,0,0.2289783904949824
99,0,0.12767486770947775
100,0,0.2603470633427302
101,0,0.12126928567886353
102,0,0.09949103494485219
103,1,0.10443828503290813
104,1,0.6623546878496805
105,0,0.22023382286230722
106,0,0.09949103494485219
107,0,0.13267411788304648
108,0,0.1270181139310201
109,0,0.1334057996670405
110,0,0.3909330566724141
111,0,0.8962544004122416
112,0,0.15229111909866333
113,0,0.12767486770947775
114,1,0.28418009479840595
115,0,0.0759682518740495
116,0,0.29057825605074566
117,1,0.28418009479840595
118,0,0.1438187211751938
119,0,0.3204767107963562
120,1,0.3909330566724141
121,0,0.22023382286230722
122,0,0.16458010176817575
123,0,0.09949103494485219
124,0,0.33550431330998737
125,0,0.3524877727031708
126,1,0.3472764790058136
127,0,0.18658835689226785
128,0,0.10799519220987956
129,1,0.27930842339992523
130,1,0.09949103494485219
131,0,0.2603470633427302
132,0,0.09949103494485219
133,0,0.28418009479840595
134,1,0.39297398924827576
135,1,0.3909330566724141
136,0,0.4470456739266713
137,1,0.12346120675404866
138,0,0.2952769100666046
139,0,0.09949103494485219
140,1,0.5186862150828043
141,0,0.10443828503290813
142,1,0.24048798779646555
143,1,0.4519798854986827
144,1,0.659581700960795
145,1,0.5423746705055237
146,0,0.10443828503290813
147,0,0.22023382286230722
148,1,0.7469152609507242
149,0,0.09949103494485219
150,0,0.23960714042186737
151,0,0.2952769100666046
152,0,0.1954602748155594
153,1,0.48190967241923016
154,0,0.24048798779646555
155,0,0.3909330566724141
156,0,0.28418009479840595
157,0,0.09949103494485219
158,0,0.0759682518740495
159,0,0.48190967241923016
160,0,0.06798926492532094
161,0,0.5952912370363871
162,0,0.1298374185959498
163,0,0.22023382286230722
164,0,0.2603470633427302
165,1,0.42829567193984985
166,0,0.09949103494485219
167,0,0.0759682518740495
168,1,0.23599056402842203
169,0,0.11215529839197795
170,0,0.6849722663561503
171,0,0.0759682518740495
172,0,0.4267452855904897
173,0,0.09949103494485219
174,0,0.2722251017888387
175,0,0.24009289840857187
176,1,0.6449512441953024
177,0,0.18164527416229248
178,0,0.11215529839197795
179,1,0.6842315196990967
180,0,0.3204767107963562
181,0,0.574891726175944
182,0,0.06798926492532094
183,1,0.4145099918047587
184,0,0.06798926492532094
185,1,0.6623546878496805
186,1,0.14737562835216522
187,0,0.22023382286230722
188,0,0.09949103494485219
189,0,0.1270181139310201
190,0,0.30937989552815753
191,0,0.3578697144985199
192,0,0.6410865187644958
193,0,0.4485076665878296
194,0,0.1284903089205424
195,0,0.33012237151463825
196,0,0.15825790166854858
197,0,0.3472764790058136
198,1,0.16458010176817575
199,0,0.2952769100666046
200,0,0.19190336763858795
201,0,0.0759682518740495
202,0,0.5423746705055237
203,0,0.1270181139310201
204,1,0.8212418357531229
205,0,0.33012237151463825
206,1,0.22023382286230722
207,0,0.5792729655901591
208,0,0.09949103494485219
209,0,0.06798926492532094
210,1,0.5351849993069967
211,1,0.4267452855904897
212,0,0.18398607770601907
213,0,0.06798926492532094
214,1,0.6849722663561503
215,1,0.8184640606244405
216,0,0.10799519220987956
217,0,0.12346120675404866
218,1,0.2603470633427302
219,1,0.09949103494485219
220,0,0.5423746705055237
221,0,0.09949103494485219
222,1,0.22023382286230722
223,0,0.09949103494485219
224,0,0.20872422556082407
225,1,0.1750787595907847
226,1,0.09949103494485219
227,0,0.22023382286230722
228,0,0.34984374046325684
229,0,0.1844381590684255
230,0,0.11215529839197795
231,0,0.1270181139310201
232,0,0.08496410151322682
233,0,0.5186862150828043
234,0,0.3114490509033203
235,1,0.31230490406354267
236,1,0.8184640606244405
237,0,0.23599056402842203
238,0,0.1270181139310201
239,0,0.09949103494485219
240,1,0.5952912370363871
241,0,0.22023382286230722
242,0,0.4470456739266713
243,1,0.42493073145548504
244,0,0.09949103494485219
245,0,0.6292468110720316
246,0,0.1270181139310201
247,0,0.06798926492532094
248,0,0.09949103494485219
249,1,0.6849722663561503
250,1,0.2603470633427302
251,0,0.31230490406354267
252,0,0.09949103494485219
253,1,0.3204767107963562
254,0,0.09949103494485219
255,0,0.22023382286230722
256,0,0.19190336763858795
257,0,0.06798926492532094
258,0,0.5423746705055237
259,0,0.1487011561791102
260,0,0.22023382286230722
261,0,0.4470456739266713
262,0,0.09949103494485219
263,0,0.2952769100666046
264,0,0.09949103494485219
265,1,0.36022986968358356
266,0,0.15229111909866333
267,1,0.24048798779646555
268,0,0.28418009479840595
269,1,0.22023382286230722
270,1,0.7508884072303772
271,0,0.7641592224438986
272,1,0.09949103494485219
273,0,0.4991053640842438
274,0,0.5792729655901591
275,0,0.06798926492532094
276,1,0.8505050539970398
277,1,0.5952912370363871
278,1,0.6292468110720316
279,0,0.29057825605074566
280,0,0.22023382286230722
281,1,0.4470456739266713
282,0,0.30120808879534405
283,1,0.558873454729716
284,1,0.5792729655901591
285,0,0.28418009479840595
286,1,0.783443808555603
287,0,0.09949103494485219
288,0,0.5423746705055237
289,0,0.6292468110720316
290,0,0.09949103494485219
291,0,0.1606395790974299
292,0,0.0887844202419122
293,1,0.1606395790974299
294,0,0.15229111909866333
295,0,0.6292468110720316
296,0,0.17905397713184357
297,1,0.574891726175944
298,0,0.06798926492532094
299,0,0.12493340174357097
300,0,0.09949103494485219
301,0,0.48190967241923016
302,0,0.3463588356971741
303,0,0.06798926492532094
304,0,0.24416237076123556
305,0,0.19315487146377563
306,0,0.12495498359203339
307,0,0.2603470633427302
308,0,0.6190909544626871
309,1,0.8444444537162781
310,0,0.14737562835216522
311,0,0.22023382286230722
312,0,0.37042423089345294
313,0,0.09949103494485219
314,0,0.0956492746869723
315,0,0.08496410151322682
316,0,0.09949103494485219
317,0,0.09949103494485219
318,0,0.09426016733050346
319,1,0.31230490406354267
320,0,0.09949103494485219
321,0,0.22023382286230722
322,0,0.06967103853821754
323,1,0.3204767107963562
324,0,0.1270181139310201
325,1,0.37042423089345294
326,0,0.09426016733050346
327,1,0.8962544004122416
328,0,0.13267411788304648
329,0,0.10443828503290813
330,1,0.09949103494485219
331,1,0.33550431330998737
332,0,0.12062450746695201
333,0,0.3909330566724141
334,1,0.5792729655901591
335,0,0.16673029959201813
336,1,0.783443808555603
337,0,0.10443828503290813
338,0,0.12062450746695201
339,0,0.22023382286230722
340,0,0.13626408080259958
341,0,0.22023382286230722
342,0,0.15229111909866333
343,1,0.7508884072303772
344,1,0.7508884072303772
345,0,0.2813490132490794
346,0,0.31955944498380023
347,0,0.06798926492532094
348,0,0.37042423089345294
349,0,0.12767486770947775
350,0,0.24009289840857187
351,0,0.37042423089345294
352,1,0.6292468110720316
353,1,0.783443808555603
354,0,0.22023382286230722
355,0,0.1270181139310201
356,0,0.10799519220987956
357,0,0.06974428271253903
358,0,0.09949103494485219
359,1,0.783443808555603
360,0,0.06798926492532094
361,0,0.23960714042186737
362,1,0.5423746705055237
363,0,0.09949103494485219
364,0,0.12767486770947775
365,1,0.4145099918047587
366,1,0.06798926492532094
367,0,0.11571220556894939
368,1,0.5148873527844747
369,0,0.22023382286230722
370,0,0.1844381590684255
371,0,0.1605584571758906
372,0,0.09949103494485219
373,0,0.4788922170797984
374,0,0.1270181139310201
375,0,0.2952769100666046
376,0,0.06798926492532094
377,0,0.09949103494485219
378,1,0.7508884072303772
379,0,0.24009289840857187
380,0,0.09949103494485219
381,0,0.22023382286230722
382,0,0.18658835689226785
383,1,0.3204767107963562
384,0,0.4234687387943268
385,1,0.28418009479840595
386,1,0.7641592224438986
387,0,0.37042423089345294
388,0,0.0759682518740495
389,1,0.7641592224438986
390,1,0.4470456739266713
391,0,0.10443828503290813
392,0,0.37042423089345294
393,1,0.5351849993069967
394,0,0.09949103494485219
395,0,0.1005072941382726
396,0,0.09949103494485219
397,1,0.33012237151463825
398,1,0.7641592224438986
399,1,0.6292468110720316
400,0,0.06798926492532094
401,1,0.7641592224438986
402,1,0.1750787595907847
403,0,0.09949103494485219
404,0,0.09949103494485219
405,0,0.12447746594746907
406,1,0.22023382286230722
407,0,0.11215529839197795
408,0,0.12767486770947775
409,0,0.20872422556082407
410,0,0.24009289840857187
411,1,0.4788922170797984
412,0,0.1270181139310201
413,0,0.3412967324256897
414,1,0.3578697144985199
415,0,0.28418009479840595
416,0,0.4145099918047587
417,0,0.22023382286230722
418,1,0.6849722663561503
419,1,0.783443808555603
420,0,0.09426016733050346
421,1,0.6849722663561503
422,0,0.1284903089205424
423,1,0.4267452855904897
424,1,0.5627741813659668
425,0,0.3578697144985199
426,0,0.1606395790974299
427,0,0.09949103494485219
428,0,0.37042423089345294
429,0,0.0797332338988781
430,1,0.14737562835216522
431,0,0.28418009479840595
432,0,0.1270181139310201
433,0,0.6922701001167297
434,0,0.09949103494485219
435,0,0.09949103494485219
436,0,0.22023382286230722
437,1,0.6849722663561503
438,0,0.06967103853821754
439,0,0.09949103494485219
440,1,0.3909330566724141
441,1,0.12447746594746907
442,0,0.09949103494485219
443,0,0.12767486770947775
444,0,0.16412802040576935
445,0,0.1606395790974299
446,1,0.8962544004122416
447,0,0.06798926492532094
448,0,0.12779168287913004
449,0,0.6922701001167297
450,0,0.09949103494485219
451,1,0.7469152609507242
452,1,0.09949103494485219
453,0,0.2157363990942637
454,1,0.5351849993069967
455,1,0.24416237076123556
456,1,0.12493340174357097
457,1,0.22023382286230722
458,1,0.6292468110720316
459,0,0.07343602056304614
460,0,0.31230490406354267
461,0,0.5792729655901591
462,1,0.574891726175944
463,0,0.06967103853821754
464,0,0.0759682518740495
465,0,0.06798926492532094
466,0,0.5792729655901591
467,0,0.18658835689226785
468,1,0.8184640606244405
469,1,0.3578697144985199
470,1,0.3909330566724141
471,0,0.6292468110720316
472,1,0.6292468110720316
473,1,0.10443828503290813
474,0,0.16458010176817575
475,0,0.0759682518740495
476,1,0.6849722663561503
477,0,0.1954602748155594
478,0,0.12779168287913004
479,0,0.15229111909866333
480,0,0.3909330566724141
481,0,0.0797332338988781
482,0,0.09949103494485219
483,1,0.4828291932741801
484,0,0.34284211198488873
485,0,0.18658835689226785
486,0,0.0759682518740495
487,0,0.18398607770601907
488,0,0.1270181139310201
489,0,0.19315487146377563
490,1,0.6292468110720316
491,1,0.89097132285436
492,1,0.6623546878496805
493,1,0.31230490406354267
494,0,0.3578697144985199
495,0,0.06798926492532094
496,0,0.22023382286230722
497,0,0.3909330566724141
498,0,0.37241453925768536
499,0,0.1750787595907847
500,0,0.09949103494485219
501,0,0.12346120675404866
502,0,0.09949103494485219
503,0,0.09949103494485219
504,0,0.4470456739266713
505,1,0.783443808555603
506,0,0.14737562835216522
507,0,0.31230490406354267
508,1,0.4234687387943268
509,0,0.07428647826115291
510,0,0.36022986968358356
511,0,0.09949103494485219
512,1,0.36022986968358356
513,0,0.0759682518740495
514,0,0.09949103494485219
515,1,0.5423746705055237
516,0,0.1270181139310201
517,0,0.37042423089345294
518,0,0.8997557957967123
519,0,0.2952769100666046
520,0,0.6849722663561503
521,0,0.06798926492532094
522,0,0.3909330566724141
523,0,0.2952769100666046
524,0,0.37042423089345294
525,1,0.37042423089345294
526,1,0.7508884072303772
527,0,0.0759682518740495
528,0,0.3524877727031708
529,0,0.2003757655620575
530,1,0.3204767107963562
531,0,0.09949103494485219
532,0,0.3578697144985199
533,0,0.0759682518740495
534,0,0.07428647826115291
535,0,0.3909330566724141
536,1,0.6922701001167297
537,0,0.24715846280256906
538,1,0.5792729655901591
539,0,0.2722251017888387
540,0,0.15717355410257974
541,0,0.13134859005610147
542,0,0.09949103494485219
543,0,0.0759682518740495
544,0,0.1270181139310201
545,0,0.09949103494485219
546,0,0.13626408080259958
547,0,0.09949103494485219
548,0,0.46309099594751996
549,0,0.33012237151463825
550,1,0.18658835689226785
551,1,0.6842315196990967
552,1,0.4398593604564667
553,0,0.12495498359203339
554,0,0.1487011561791102
555,1,0.24048798779646555
556,0,0.07428647826115291
557,0,0.0759682518740495
558,0,0.1769037793080012
559,1,0.6922701001167297
560,0,0.4145099918047587
561,0,0.10443828503290813
562,0,0.1270181139310201
563,1,0.5148873527844747
564,0,0.06798926492532094
565,0,0.0759682518740495
566,1,0.12346120675404866
567,0,0.14737562835216522
568,0,0.11215529839197795
569,1,0.0759682518740495
570,1,0.4145099918047587
571,1,0.31230490406354267
572,1,0.6623546878496805
573,1,0.3204767107963562
574,1,0.6922701001167297
575,1,0.6842315196990967
576,0,0.4485076665878296
577,1,0.20600426197052002
578,0,0.4788922170797984
579,1,0.1750787595907847
580,0,0.09955508510271709
581,1,0.35522568225860596
582,1,0.6292468110720316
583,1,0.10443828503290813
584,0,0.5792729655901591
585,0,0.09949103494485219
586,1,0.18658835689226785
587,1,0.4788922170797984
588,0,0.09949103494485219
589,1,0.06798926492532094
590,0,0.1844381590684255
591,0,0.4470456739266713
592,1,0.8212418357531229
593,1,0.7508884072303772
594,1,0.37042423089345294
595,1,0.1270181139310201
596,1,0.6842315196990967
597,0,0.12779168287913004
598,0,0.33012237151463825
599,0,0.30937989552815753
600,0,0.1270181139310201
601,0,0.08496410151322682
602,0,0.3204767107963562
603,1,0.6623546878496805
604,0,0.09949103494485219
605,0,0.3412967324256897
606,0,0.10443828503290813
607,0,0.35837329427401227
608,0,0.09949103494485219
609,1,0.4470456739266713
610,0,0.6842315196990967
611,1,0.4519798854986827
612,1,0.22023382286230722
613,0,0.39732542634010315
614,0,0.2722251017888387
615,0,0.18658835689226785
616,0,0.1750787595907847
617,1,0.15225806335608164
618,1,0.20378140608469644
619,0,0.22023382286230722
620,1,0.31230490406354267
621,1,0.33012237151463825
622,0,0.5792729655901591
623,0,0.0759682518740495
624,0,0.4267452855904897
625,1,0.07142605632543564
626,1,0.28418009479840595
627,0,0.09949103494485219
628,0,0.1270181139310201
629,0,0.783443808555603
630,1,0.5792729655901591
631,1,0.7469152609507242
632,0,0.6849722663561503
633,0,0.33012237151463825
634,0,0.1241179605325063
635,0,0.22023382286230722
636,0,0.12779168287913004
637,0,0.13134859005610147
638,0,0.22023382286230722
639,1,0.16412802040576935
640,0,0.6849722663561503
641,1,0.6623546878496805
642,0,0.09949103494485219
643,0,0.5792729655901591
644,0,0.42829567193984985
645,1,0.783443808555603
646,0,0.15717355410257974
647,1,0.12779168287913004
648,0,0.783443808555603
649,1,0.7469152609507242
650,1,0.3909330566724141
651,1,0.7469152609507242
652,1,0.5423746705055237
653,1,0.3045484224955241
654,0,0.12767486770947775
655,0,0.09949103494485219
656,0,0.10443828503290813
657,0,0.12062450746695201
658,0,0.11215529839197795
659,0,0.06974428271253903
660,0,0.3204767107963562
661,0,0.1284903089205424
662,1,0.12779168287913004
663,0,0.3204767107963562
664,1,0.09949103494485219
665,0,0.18658835689226785
666,1,0.8184640606244405
667,0,0.09949103494485219
668,0,0.06798926492532094
669,0,0.37042423089345294
670,0,0.1270181139310201
671,0,0.2603470633427302
672,0,0.4145099918047587
673,0,0.06798926492532094
674,1,0.22023382286230722
675,0,0.15229111909866333
676,0,0.1750787595907847
677,1,0.37042423089345294
678,0,0.07428647826115291
679,1,0.6922701001167297
680,1,0.6849722663561503
681,1,0.5148873527844747
682,0,0.10443828503290813
683,1,0.5186862150828043
684,0,0.09426016733050346
685,0,0.3472764790058136
686,0,0.06798926492532094
687,0,0.13134859005610147
688,1,0.48190967241923016
689,0,0.2643210192521413
690,0,0.1270181139310201
691,1,0.22023382286230722
692,1,0.22023382286230722
693,1,0.8505050539970398
694,0,0.09949103494485219
695,0,0.1270181139310201
696,0,0.09949103494485219
697,0,0.1606395790974299
698,1,0.12128126124540965
699,0,0.22023382286230722
700,0,0.17247648040453592
701,0,0.16552201410134634
702,1,0.574891726175944
703,1,0.2603470633427302
704,1,0.8184640606244405
705,0,0.3204767107963562
706,0,0.1750787595907847
707,1,0.574891726175944
708,1,0.5423746705055237
709,0,0.09949103494485219
710,0,0.6449512441953024
711,1,0.12128126124540965
712,0,0.07503750423590343
713,0,0.4145099918047587
714,0,0.09949103494485219
715,0,0.6849722663561503
716,0,0.09949103494485219
717,1,0.5952912370363871
718,1,0.28418009479840595
719,0,0.5351849993069967
720,0,0.15229111909866333
721,0,0.1241179605325063
722,0,0.06798926492532094
723,1,0.09949103494485219
724,0,0.18658835689226785
725,0,0.3578697144985199
726,1,0.5423746705055237
727,0,0.48190967241923016
728,0,0.1954602748155594
729,1,0.6922701001167297
730,0,0.09949103494485219
731,1,0.8444444537162781
732,0,0.09949103494485219
733,0,0.6623546878496805
734,0,0.09949103494485219
735,0,0.33012237151463825
736,0,0.4470456739266713
737,0,0.33012237151463825
738,0,0.5952912370363871
739,0,0.12767486770947775
740,1,0.6410865187644958
741,0,0.12346120675404866
742,1,0.33012237151463825
743,0,0.12128126124540965
744,0,0.15717355410257974
745,0,0.14737562835216522
746,0,0.09949103494485219
747,0,0.1270181139310201
748,0,0.0759682518740495
749,0,0.1334057996670405
750,0,0.12346120675404866
751,0,0.3466786742210388
752,0,0.18658835689226785
753,1,0.5952912370363871
754,1,0.3909330566724141
755,0,0.1556556224822998
756,1,0.5186862150828043
757,0,0.1284903089205424
758,0,0.09949103494485219
759,1,0.5952912370363871
760,0,0.16552201410134634
761,0,0.09949103494485219
762,0,0.12767486770947775
763,0,0.6922701001167297
764,0,0.1241179605325063
765,1,0.2603470633427302
766,0,0.17214917639891306
767,0,0.12346120675404866
768,0,0.5148873527844747
769,0,0.3578697144985199
770,0,0.33012237151463825
771,0,0.10443828503290813
772,1,0.28418009479840595
773,0,0.14737562835216522
774,1,0.09949103494485219
775,0,0.2603470633427302
776,0,0.09949103494485219
777,0,0.5367150902748108
778,0,0.0759682518740495
779,1,0.32440749804178876
780,1,0.6190909544626871
781,0,0.09949103494485219
782,0,0.15347019334634146
783,1,0.5423746705055237
784,0,0.09949103494485219
785,1,0.6410865187644958
786,0,0.35837329427401227
787,0,0.5952912370363871
788,1,0.3680640757083893
789,0,0.06798926492532094
790,0,0.09949103494485219
791,0,0.09949103494485219
792,0,0.1270181139310201
793,1,0.5952912370363871
794,0,0.33550431330998737
795,1,0.6623546878496805
796,0,0.1270181139310201
797,1,0.31230490406354267
798,0,0.10443828503290813
799,1,0.5423746705055237
800,0,0.12346120675404866
801,0,0.10443828503290813
802,0,0.06798926492532094
803,0,0.06798926492532094
804,1,0.06967103853821754
805,1,0.3909330566724141
806,0,0.6292468110720316
807,0,0.12346120675404866
808,0,0.4378194808959961
809,0,0.4145099918047587
810,0,0.09949103494485219
811,0,0.09426016733050346
812,1,0.48190967241923016
813,0,0.48190967241923016
814,1,0.6922701001167297
815,0,0.2603470633427302
816,0,0.12346120675404866
817,0,0.3578697144985199
818,0,0.14737562835216522
819,1,0.18658835689226785
820,0,0.28418009479840595
821,1,0.3909330566724141
822,1,0.09949103494485219
823,0,0.06798926492532094
824,0,0.15347019334634146
825,0,0.7469152609507242
826,1,0.8184640606244405
827,1,0.22023382286230722
828,0,0.33012237151463825
829,0,0.6842315196990967
830,0,0.09949103494485219
831,0,0.4145099918047587
832,0,0.1750787595907847
833,0,0.6922701001167297
834,0,0.12767486770947775
835,1,0.23960714042186737
836,0,0.18398607770601907
837,0,0.3909330566724141
838,1,0.5850475827852885
839,0,0.12767486770947775
840,1,0.4296649992465973
841,0,0.0759682518740495
842,0,0.6230146090189616
843,0,0.0759682518740495
844,0,0.2722251017888387
845,1,0.8184640606244405
846,1,0.7508884072303772
847,1,0.1764516979455948
848,0,0.31230490406354267
849,0,0.12767486770947775
850,1,0.6623546878496805
851,0,0.12767486770947775
852,1,0.11215529839197795
853,0,0.6922701001167297
854,0,0.5005621910095215
855,0,0.06798926492532094
856,0,0.09949103494485219
857,1,0.6623546878496805
858,0,0.09949103494485219
859,0,0.7641592224438986
860,1,0.783443808555603
861,0,0.10443828503290813
862,0,0.09949103494485219
863,1,0.6922701001167297
864,1,0.12062450746695201
865,0,0.1270181139310201
866,0,0.4788922170797984
867,1,0.5952912370363871
868,0,0.09949103494485219
869,1,0.6292468110720316
870,0,0.22023382286230722
871,0,0.2952769100666046
872,1,0.7161670327186584
873,1,0.8184640606244405
874,0,0.06798926492532094
875,1,0.2647472719351451
876,0,0.22023382286230722
877,1,0.35837329427401227
878,1,0.3204767107963562
879,0,0.1270181139310201
880,1,0.6138366460800171
881,0,0.783443808555603
882,0,0.4902793765068054
883,1,0.4617076516151428
884,0,0.28418009479840595
885,1,0.5186862150828043
886,1,0.1270181139310201
887,0,0.37042423089345294
888,0,0.4470456739266713
889,0,0.4398593604564667
890,0,0.12767486770947775
891,0,0.19190336763858795
892,0,0.17905397713184357
893,0,0.14737562835216522
894,0,0.6842315196990967
895,0,0.22023382286230722
896,0,0.574891726175944
897,0,0.1844381590684255
898,0,0.16552201410134634
899,0,0.14737562835216522
900,1,0.0797332338988781
901,0,0.22023382286230722
902,1,0.09949103494485219
903,0,0.09949103494485219
904,0,0.3578697144985199
905,0,0.6922701001167297
906,0,0.20600426197052002
907,0,0.0759682518740495
908,0,0.18658835689226785
909,0,0.5423746705055237
910,0,0.7641592224438986
911,0,0.11215529839197795
912,0,0.18658835689226785
913,0,0.4470456739266713
914,0,0.1270181139310201
915,0,0.8212418357531229
916,0,0.2862492501735687
917,1,0.23960714042186737
918,0,0.06798926492532094
919,0,0.12062450746695201
920,1,0.5148873527844747
921,1,0.2603470633427302
922,0,0.12767486770947775
923,0,0.11215529839197795
924,0,0.1270181139310201
925,0,0.09949103494485219
926,1,0.4949026107788086
927,0,0.18658835689226785
928,1,0.6623546878496805
929,0,0.09949103494485219
930,0,0.5952912370363871
931,0,0.22023382286230722
932,0,0.06974428271253903
933,0,0.36022986968358356
934,0,0.06798926492532094
935,1,0.6623546878496805
936,1,0.09949103494485219
937,1,0.32741740345954895
938,0,0.09426016733050346
939,0,0.6292468110720316
940,1,0.5148873527844747
941,0,0.09949103494485219
942,0,0.37042423089345294
943,0,0.35837329427401227
944,1,0.31230490406354267
945,0,0.09949103494485219
946,0,0.1298374185959498
947,0,0.09949103494485219
948,0,0.5952912370363871
949,0,0.1270181139310201
950,0,0.3575858374436696
951,0,0.4470456739266713
952,1,0.6292468110720316
953,0,0.35522568225860596
954,1,0.7469152609507242
955,0,0.12447746594746907
956,1,0.6449512441953024
957,1,0.7161670327186584
958,0,0.1163569837808609
959,0,0.48190967241923016
960,0,0.5952912370363871
961,0,0.07866688817739487
962,0,0.06798926492532094
963,0,0.3909330566724141
964,0,0.7508884072303772
965,0,0.3909330566724141
966,0,0.4145099918047587
967,0,0.1270181139310201
968,0,0.06798926492532094
969,1,0.8184640606244405
970,0,0.1606395790974299
971,0,0.1334057996670405
972,0,0.1270181139310201
973,0,0.3204767107963562
974,0,0.4145099918047587
975,0,0.06798926492532094
976,1,0.6623546878496805
977,0,0.5148873527844747
978,0,0.28418009479840595
979,0,0.3204767107963562
980,0,0.5423746705055237
981,0,0.37042423089345294
982,0,0.28418009479840595
983,1,0.3204767107963562
984,0,0.2003757655620575
985,0,0.1770316114028295
986,1,0.1750787595907847
987,0,0.5952912370363871
988,0,0.6842315196990967
989,0,0.33012237151463825
990,1,0.4267452855904897
991,1,0.5035001933574677
992,0,0.4788922170797984
993,1,0.5423746705055237
994,0,0.06798926492532094
995,0,0.28418009479840595
996,1,0.14737562835216522
997,0,0.31230490406354267
998,0,0.5005621910095215
999,0,0.28418009479840595
1000,0,0.4485076665878296
1001,0,0.1683813234170278
1002,0,0.0759682518740495
1003,0,0.06798926492532094
1004,0,0.12062450746695201
1005,0,0.22023382286230722
1006,0,0.4470456739266713
1007,0,0.3909330566724141
1008,1,0.22023382286230722
1009,0,0.10799519220987956
1010,0,0.37042423089345294
1011,0,0.3909330566724141
1012,0,0.09949103494485219
1013,0,0.31230490406354267
1014,0,0.3680640757083893
1015,1,0.4398593604564667
1016,1,0.7508884072303772
1017,0,0.0759682518740495
1018,1,0.16949723164240518
1019,0,0.15229111909866333
1020,0,0.0759682518740495
1021,0,0.14737562835216522
1022,1,0.15229111909866333
1023,1,0.6190909544626871
1024,0,0.0759682518740495
1025,0,0.1750787595907847
1026,0,0.22023382286230722
1027,0,0.13267411788304648
1028,0,0.1844381590684255
1029,1,0.36022986968358356
1030,0,0.13259035845597586
1031,1,0.09949103494485219
1032,0,0.33012237151463825
1033,1,0.6849722663561503
1034,0,0.1270181139310201
1035,0,0.38073869546254474
1036,0,0.4470456739266713
1037,1,0.783443808555603
1038,0,0.06798926492532094
1039,0,0.07428647826115291
1040,0,0.247719277938207
1041,0,0.15229111909866333
1042,1,0.22023382286230722
1043,0,0.09949103494485219
1044,0,0.09949103494485219
1045,1,0.22023382286230722
1046,0,0.15717355410257974
1047,0,0.18658835689226785
1048,0,0.31230490406354267
1049,0,0.1270181139310201
1050,1,0.7469152609507242
1051,0,0.1284903089205424
1052,0,0.5952912370363871
1053,0,0.6922701001167297
1054,1,0.6292468110720316
1055,0,0.09949103494485219
1056,1,0.28418009479840595
1057,0,0.1270181139310201
1058,0,0.1270181139310201
1059,0,0.15966461102167764
1060,0,0.2643210192521413
1061,0,0.16552201410134634
1062,0,0.09949103494485219
1063,1,0.3204767107963562
1064,0,0.12779168287913004
1065,1,0.6289395689964294
1066,0,0.2603470633427302
1067,0,0.11215529839197795
1068,0,0.18658835689226785
1069,1,0.2722251017888387
1070,0,0.14737562835216522
1071,0,0.09949103494485219
1072,1,0.12062450746695201
1073,0,0.1954602748155594
1074,0,0.24009289840857187
1075,1,0.33550431330998737
1076,0,0.12346120675404866
1077,0,0.09949103494485219
1078,0,0.36022986968358356
1079,1,0.27930842339992523
1080,1,0.4470456739266713
1081,0,0.4145099918047587
1082,1,0.7508884072303772
1083,1,0.7641592224438986
1084,1,0.33012237151463825
1085,1,0.4470456739266713
1086,1,0.2722251017888387
1087,0,0.7508884072303772
1088,1,0.5662219723065695
1089,0,0.3578697144985199
1090,1,0.8818694154421488
1091,1,0.13134859005610147
1092,0,0.1270181139310201
1093,0,0.4145099918047587
1094,1,0.09949103494485219
1095,0,0.15229111909866333
1096,0,0.09949103494485219
1097,1,0.19315487146377563
1098,1,0.22023382286230722
1099,0,0.1270181139310201
1100,0,0.22023382286230722
1101,1,0.33012237151463825
1102,0,0.1954602748155594
1103,0,0.4267452855904897
1104,0,0.5952912370363871
1105,1,0.6449512441953024
1106,0,0.0759682518740495
1107,0,0.2157363990942637
1108,0,0.22023382286230722
1109,0,0.12482619285583496
1110,1,0.4788922170797984
1111,0,0.49421635270118713
1112,0,0.33012237151463825
1113,1,0.12128126124540965
1114,0,0.15526767075061798
1115,0,0.28418009479840595
1116,0,0.06798926492532094
1117,0,0.09949103494485219
1118,1,0.1005072941382726
1119,1,0.574891726175944
1120,1,0.5148873527844747
1121,0,0.24048798779646555
1122,0,0.06798926492532094
1123,0,0.37241453925768536
1124,0,0.1844381590684255
1125,1,0.4470456739266713
1126,0,0.23960714042186737
1127,1,0.4470456739266713
1128,0,0.4267452855904897
1129,0,0.4470456739266713
1130,1,0.32741740345954895
1131,0,0.09949103494485219
1132,0,0.33012237151463825
1133,0,0.33012237151463825
1134,0,0.1750787595907847
1135,0,0.23960714042186737
1136,0,0.1241179605325063
1137,1,0.7641592224438986
1138,1,0.5792729655901591
1139,0,0.06798926492532094
1140,0,0.574891726175944
1141,0,0.11571220556894939
1142,1,0.7469152609507242
1143,1,0.09949103494485219
1144,0,0.12346120675404866
1145,0,0.2603470633427302
1146,1,0.6922701001167297
1147,0,0.1270181139310201
1148,1,0.3204767107963562
1149,1,0.6849722663561503
1150,0,0.18658835689226785
1151,1,0.4296649992465973
1152,0,0.574891726175944
1153,0,0.16458010176817575
1154,0,0.49421635270118713
1155,0,0.12062450746695201
1156,0,0.14737562835216522
1157,0,0.0759682518740495
1158,1,0.16673029959201813
1159,1,0.3045484224955241
1160,0,0.31230490406354267
1161,0,0.09949103494485219
1162,0,0.20600426197052002
1163,0,0.8184640606244405
1164,0,0.1284903089205424
1165,0,0.12447746594746907
1166,1,0.5952912370363871
1167,1,0.12062450746695201
1168,0,0.16552201410134634
1169,0,0.37042423089345294
1170,0,0.39732542634010315
1171,0,0.22023382286230722
1172,0,0.09949103494485219
1173,0,0.0759682518740495
1174,0,0.1270181139310201
1175,0,0.3680640757083893
1176,0,0.3909330566724141
1177,0,0.558873454729716
1178,0,0.20600426197052002
1179,1,0.35837329427401227
1180,0,0.12767486770947775
1181,0,0.1844381590684255
1182,1,0.16673029959201813
1183,0,0.09949103494485219
1184,1,0.6849722663561503
1185,1,0.1298374185959498
1186,0,0.0759682518740495
1187,0,0.2722251017888387
1188,0,0.3909330566724141
1189,0,0.39732542634010315
1190,0,0.1606395790974299
1191,0,0.09949103494485219
1192,0,0.09949103494485219
1193,0,0.06798926492532094
1194,0,0.22023382286230722
1195,0,0.3909330566724141
1196,1,0.5367150902748108
1197,0,0.4267452855904897
1198,0,0.1270181139310201
1199,1,0.3909330566724141
1200,0,0.1270181139310201
1201,0,0.5423746705055237
1202,0,0.10443828503290813
1203,0,0.6922701001167297
1204,0,0.17905397713184357
1205,0,0.08496410151322682
1206,0,0.2952769100666046
1207,1,0.6138366460800171
1208,0,0.3909330566724141
1209,1,0.5952912370363871
1210,0,0.22023382286230722
1211,0,0.09949103494485219
1212,0,0.06967103853821754
1213,0,0.3204767107963562
1214,0,0.07428647826115291
1215,0,0.26241621871789295
1216,0,0.33012237151463825
1217,0,0.15229111909866333
1218,0,0.22023382286230722
1219,0,0.17214917639891306
1220,1,0.6292468110720316
1221,0,0.12767486770947775
1222,0,0.10799519220987956
1223,0,0.09949103494485219
1224,1,0.7641592224438986
1225,0,0.22023382286230722
1226,0,0.12767486770947775
1227,0,0.09426016733050346
1228,0,0.09949103494485219
1229,0,0.35522568225860596
1230,1,0.2603470633427302
1231,0,0.09949103494485219
1232,1,0.22023382286230722
1233,1,0.6623546878496805
1234,0,0.06798926492532094
1235,1,0.22023382286230722
1236,0,0.3909330566724141
1237,0,0.09949103494485219
1238,0,0.13267411788304648
1239,0,0.11215529839197795
1240,1,0.6922701001167297
1241,0,0.5367150902748108
1242,1,0.09949103494485219
1243,0,0.6292468110720316
1244,0,0.3204767107963562
1245,0,0.07428647826115291
1246,0,0.09949103494485219
1247,1,0.6849722663561503
1248,0,0.3909330566724141
1249,1,0.5792729655901591
1250,0,0.06798926492532094
1251,0,0.09949103494485219
1252,0,0.09426016733050346
1253,0,0.33012237151463825
1254,0,0.6623546878496805
1255,1,0.5792729655901591
1256,0,0.09949103494485219
1257,0,0.22023382286230722
1258,0,0.18658835689226785
1259,0,0.06798926492532094
1260,0,0.42829567193984985
1261,1,0.24416237076123556
1262,1,0.3578697144985199
1263,0,0.35522568225860596
1264,0,0.10443828503290813
1265,1,0.5423746705055237
1266,0,0.15229111909866333
1267,0,0.1270181139310201
1268,1,0.3472764790058136
1269,1,0.3204767107963562
1270,1,0.5792729655901591
1271,1,0.6292468110720316
1272,1,0.42829567193984985
1273,0,0.3909330566724141
1274,0,0.46753926078478497
1275,0,0.28418009479840595
1276,0,0.09949103494485219
1277,0,0.09949103494485219
1278,0,0.0759682518740495
1279,1,0.3466786742210388
1280,0,0.09949103494485219
1281,1,0.24048798779646555
1282,1,0.48190967241923016
1283,0,0.15347019334634146
1284,1,0.5952912370363871
1285,0,0.06798926492532094
1286,0,0.6623546878496805
1287,0,0.09949103494485219
1288,1,0.5512032707532247
1289,0,0.06798926492532094
1290,0,0.11215529839197795
1291,0,0.09949103494485219
1292,0,0.09426016733050346
1293,0,0.12767486770947775
1294,1,0.11215529839197795
1295,0,0.0759682518740495
1296,0,0.06798926492532094
1297,1,0.22023382286230722
1298,0,0.12062450746695201
1299,0,0.12767486770947775
1300,0,0.0956492746869723
1301,1,0.6922701001167297
1302,0,0.06974428271253903
1303,1,0.6849722663561503
1304,1,0.42493073145548504
1305,1,0.4145099918047587
1306,0,0.3412967324256897
1307,1,0.13267411788304648
1308,0,0.1284903089205424
1309,0,0.09426016733050346
1310,1,0.6922701001167297
1311,0,0.2603470633427302
1312,0,0.09949103494485219
1313,1,0.5952912370363871
1314,0,0.28418009479840595
1315,0,0.13259035845597586
1316,1,0.33012237151463825
1317,0,0.22023382286230722
1318,0,0.11215529839197795
1319,0,0.0956492746869723
1320,1,0.37042423089345294
1321,0,0.3524877727031708
1322,0,0.09949103494485219
1323,0,0.6922701001167297
1324,0,0.15229111909866333
1325,1,0.24048798779646555
1326,0,0.22809754312038422
1327,0,0.22023382286230722
1328,0,0.3909330566724141
1329,0,0.31230490406354267
1330,0,0.22023382286230722
1331,1,0.2952769100666046
1332,0,0.1750787595907847
1333,0,0.10799519220987956
1334,0,0.15229111909866333
1335,0,0.3909330566724141
1336,1,0.14737562835216522
1337,0,0.12767486770947775
1338,1,0.5367150902748108
1339,0,0.09949103494485219
1340,1,0.783443808555603
1341,1,0.6922701001167297
1342,0,0.4267452855904897
1343,0,0.13267411788304648
1344,0,0.6292468110720316
1345,0,0.09949103494485219
1346,0,0.1270181139310201
1347,0,0.0797332338988781
1348,0,0.09426016733050346
1349,0,0.09949103494485219
1350,0,0.3909330566724141
1351,0,0.1284903089205424
1352,0,0.09949103494485219
1353,0,0.5148873527844747
1354,1,0.4470456739266713
1355,0,0.3909330566724141
1356,1,0.5952912370363871
1357,1,0.30937989552815753
1358,1,0.47132567564646405
1359,0,0.22023382286230722
1360,0,0.09949103494485219
1361,0,0.22023382286230722
1362,0,0.18658835689226785
1363,0,0.12346120675404866
1364,0,0.1844381590684255
1365,0,0.37042423089345294
1366,1,0.574891726175944
1367,0,0.3578697144985199
1368,0,0.4234687387943268
1369,1,0.14737562835216522
1370,0,0.33012237151463825
1371,0,0.12126928567886353
1372,1,0.6922701001167297
1373,0,0.31230490406354267
1374,0,0.3578697144985199
1375,0,0.07142605632543564
1376,0,0.09949103494485219
1377,1,0.3204767107963562
1378,0,0.06798926492532094
1379,0,0.4378194808959961
1380,0,0.1298374185959498
1381,0,0.28418009479840595
1382,0,0.35522568225860596
1383,1,0.6849722663561503
1384,0,0.06967103853821754
1385,1,0.7508884072303772
1386,1,0.3909330566724141
1387,0,0.11215529839197795
1388,0,0.4780196249485016
1389,0,0.12767486770947775
1390,1,0.2647472719351451
1391,1,0.7469152609507242
1392,0,0.3204767107963562
1393,1,0.1750787595907847
1394,0,0.11571220556894939
1395,0,0.1750787595907847
1396,1,0.8505050539970398
1397,0,0.1270181139310201
1398,0,0.47698525587717694
1399,0,0.4788922170797984
1400,0,0.6849722663561503
1401,0,0.4267452855904897
1402,0,0.1270181139310201
1403,0,0.09426016733050346
1404,0,0.24009289840857187
1405,0,0.11215529839197795
1406,1,0.6922701001167297
1407,0,0.09949103494485219
1408,0,0.5952912370363871
1409,0,0.06798926492532094
1410,1,0.3076062500476837
1411,0,0.19190336763858795
1412,0,0.10545454422632854
1413,0,0.14737562835216522
1414,0,0.17905397713184357
1415,0,0.2952769100666046
1416,1,0.22023382286230722
1417,0,0.17292856176694235
1418,0,0.09949103494485219
1419,0,0.15229111909866333
1420,0,0.3578697144985199
1421,1,0.22023382286230722
1422,0,0.06798926492532094
1423,0,0.3204767107963562
1424,0,0.37042423089345294
1425,1,0.8962544004122416
1426,1,0.8962544004122416
1427,0,0.4145099918047587
1428,1,0.4519798854986827
1429,0,0.09949103494485219
1430,0,0.2603470633427302
1431,1,0.8997557957967123
1432,0,0.7469152609507242
1433,0,0.37042423089345294
1434,1,0.09949103494485219
1435,1,0.783443808555603
1436,0,0.22023382286230722
1437,0,0.22023382286230722
1438,1,0.7230183283487955
1439,1,0.8997557957967123
1440,0,0.37042423089345294
1441,0,0.2603470633427302
1442,1,0.6292468110720316
1443,1,0.4145099918047587
1444,0,0.0759682518740495
1445,0,0.09949103494485219
1446,0,0.09949103494485219
1447,1,0.28418009479840595
1448,0,0.06798926492532094
1449,0,0.10443828503290813
1450,0,0.11215529839197795
1451,0,0.22023382286230722
1452,0,0.3204767107963562
1453,0,0.09949103494485219
1454,1,0.4145099918047587
1455,0,0.13626408080259958
1456,0,0.09949103494485219
1457,0,0.0759682518740495
1458,0,0.10443828503290813
1459,0,0.0759682518740495
1460,1,0.515707532564799
1461,1,0.5792729655901591
1462,0,0.2603470633427302
1463,0,0.09949103494485219
1464,1,0.4788922170797984
1465,1,0.48190967241923016
1466,0,0.22023382286230722
1467,0,0.0759682518740495
1468,0,0.11571220556894939
1469,0,0.20872422556082407
1470,1,0.24416237076123556
1471,0,0.28418009479840595
1472,0,0.3909330566724141
1473,0,0.10799519220987956
1474,0,0.06798926492532094
1475,0,0.31230490406354267
1476,1,0.7508884072303772
1477,0,0.783443808555603
1478,0,0.06798926492532094
1479,0,0.4470456739266713
1480,0,0.06974428271253903
1481,0,0.10545454422632854
1482,0,0.7508884072303772
1483,0,0.4470456739266713
1484,1,0.5952912370363871
1485,0,0.06798926492532094
1486,1,0.22023382286230722
1487,0,0.06798926492532094
1488,0,0.09949103494485219
1489,0,0.12779168287913004
1490,0,0.33550431330998737
1491,1,0.33012237151463825
1492,0,0.09949103494485219
1493,0,0.2603470633427302
1494,0,0.09949103494485219
1495,1,0.16458010176817575
1496,0,0.3680640757083893
1497,0,0.15717355410257974
1498,0,0.13626408080259958
1499,0,0.12767486770947775
1500,0,0.6849722663561503
1501,0,0.24048798779646555
1502,0,0.1844381590684255
1503,0,0.28418009479840595
1504,0,0.17292856176694235
1505,1,0.6623546878496805
1506,0,0.23960714042186737
1507,1,0.4267452855904897
1508,0,0.12346120675404866
1509,0,0.06798926492532094
1510,0,0.37241453925768536
1511,1,0.5367150902748108
1512,0,0.10799519220987956
1513,1,0.37042423089345294
1514,0,0.4470456739266713
1515,1,0.7641592224438986
1516,1,0.28765688339869183
1517,0,0.36022986968358356
1518,0,0.22023382286230722
1519,1,0.6842315196990967
1520,0,0.09949103494485219
1521,1,0.6922701001167297
1522,0,0.3204767107963562
1523,0,0.22023382286230722
1524,0,0.09949103494485219
1525,0,0.2722251017888387
1526,0,0.3680640757083893
1527,0,0.3204767107963562
1528,0,0.06798926492532094
1529,0,0.06967103853821754
1530,0,0.30120808879534405
1531,1,0.8184640606244405
1532,1,0.7469152609507242
1533,0,0.18658835689226785
1534,1,0.4788922170797984
1535,0,0.06798926492532094
1536,0,0.28418009479840595
1537,0,0.30937989552815753
1538,0,0.3909330566724141
1539,1,0.5148873527844747
1540,0,0.09949103494485219
1541,0,0.5423746705055237
1542,0,0.06967103853821754
1543,1,0.4234687387943268
1544,1,0.4470456739266713
1545,0,0.1270181139310201
1546,1,0.5423746705055237
1547,0,0.1284903089205424
1548,0,0.17247648040453592
1549,1,0.6623546878496805
1550,0,0.48190967241923016
1551,0,0.12779168287913004
1552,1,0.4145099918047587
1553,0,0.28418009479840595
1554,0,0.06798926492532094
1555,0,0.49421635270118713
1556,0,0.09949103494485219
1557,0,0.17292856176694235
1558,0,0.09949103494485219
1559,0,0.2952769100666046
1560,1,0.39732542634010315
1561,0,0.37241453925768536
1562,0,0.1770316114028295
1563,1,0.09949103494485219
1564,0,0.37042423089345294
1565,0,0.33012237151463825
1566,1,0.22023382286230722
1567,0,0.06974428271253903
1568,1,0.32741740345954895
1569,0,0.22023382286230722
1570,0,0.4951092799504598
1571,0,0.24009289840857187
1572,0,0.09949103494485219
1573,1,0.4047187368075053
1574,1,0.7469152609507242
1575,1,0.28418009479840595
1576,0,0.22023382286230722
1577,0,0.3575858374436696
1578,1,0.4470456739266713
1579,0,0.18658835689226785
1580,0,0.32741740345954895
1581,0,0.37042423089345294
1582,1,0.2157363990942637
1583,1,0.22023382286230722
1584,1,0.5952912370363871
1585,0,0.09949103494485219
1586,1,0.5952912370363871
1587,0,0.0759682518740495
1588,0,0.09949103494485219
1589,0,0.22023382286230722
1590,0,0.09949103494485219
1591,0,0.06798926492532094
1592,1,0.31230490406354267
1593,1,0.3909330566724141
1594,0,0.37042423089345294
1595,0,0.14737562835216522
1596,0,0.39732542634010315
1597,0,0.24009289840857187
1598,0,0.3909330566724141
1599,1,0.12767486770947775
1600,0,0.09949103494485219
1601,0,0.14737562835216522
1602,0,0.22023382286230722
1603,0,0.0759682518740495
1604,0,0.33012237151463825
1605,1,0.2722251017888387
1606,1,0.3578697144985199
1607,0,0.28418009479840595
1608,0,0.09949103494485219
1609,0,0.22023382286230722
1610,0,0.09949103494485219
1611,0,0.09041840707262357
1612,1,0.31230490406354267
1613,0,0.12495498359203339
1614,1,0.35522568225860596
1615,0,0.09949103494485219
1616,0,0.4267452855904897
1617,0,0.09949103494485219
1618,0,0.23960714042186737
1619,0,0.1270181139310201
1620,1,0.7641592224438986
1621,0,0.10443828503290813
1622,0,0.09949103494485219
1623,0,0.12767486770947775
1624,1,0.5952912370363871
1625,0,0.09426016733050346
1626,0,0.37241453925768536
1627,0,0.09949103494485219
1628,0,0.3909330566724141
1629,1,0.48190967241923016
1630,0,0.558873454729716
1631,1,0.4470456739266713
1632,1,0.3524877727031708
1633,1,0.7641592224438986
1634,1,0.33550431330998737
1635,0,0.2603470633427302
1636,0,0.12767486770947775
1637,0,0.6922701001167297
1638,0,0.09949103494485219
1639,1,0.8997557957967123
1640,0,0.1370487113793691
1641,1,0.6584899624188741
1642,1,0.6292468110720316
1643,0,0.3378644684950511
1644,0,0.5423746705055237
1645,0,0.11571220556894939
1646,0,0.4267452855904897
1647,1,0.3909330566724141
1648,0,0.12062450746695201
1649,0,0.12767486770947775
1650,1,0.1750787595907847
1651,1,0.5792729655901591
1652,1,0.5952912370363871
1653,0,0.18398607770601907
1654,1,0.3909330566724141
1655,0,0.5148873527844747
1656,1,0.3032772441705068
1657,1,0.7641592224438986
1658,0,0.06798926492532094
1659,0,0.37042423089345294
1660,0,0.12482619285583496
1661,0,0.5952912370363871
1662,1,0.6922701001167297
1663,0,0.39732542634010315
1664,0,0.6623546878496805
1665,0,0.09949103494485219
1666,1,0.7469152609507242
1667,0,0.5952912370363871
1668,0,0.5148873527844747
1669,1,0.33012237151463825
1670,0,0.1270181139310201
1671,0,0.09949103494485219
1672,1,0.7641592224438986
1673,0,0.1270181139310201
1674,0,0.4788922170797984
1675,1,0.7508884072303772
1676,1,0.2603470633427302
1677,0,0.259466215968132
1678,0,0.4485076665878296
1679,0,0.0759682518740495
1680,0,0.15229111909866333
1681,1,0.6922701001167297
1682,0,0.5423746705055237
1683,1,0.783443808555603
1684,1,0.06967103853821754
1685,0,0.18658835689226785
1686,0,0.1220967024564743
1687,0,0.10545454422632854
1688,0,0.1769037793080012
1689,0,0.3959914743900299
1690,0,0.28418009479840595
1691,0,0.259466215968132
1692,0,0.09949103494485219
1693,0,0.574891726175944
1694,0,0.09949103494485219
1695,1,0.39732542634010315
1696,1,0.7469152609507242
1697,1,0.7161670327186584
1698,0,0.06798926492532094
1699,0,0.12062450746695201
1700,0,0.1270181139310201
1701,0,0.09949103494485219
1702,0,0.4788922170797984
1703,0,0.3909330566724141
1704,1,0.28418009479840595
1705,0,0.18658835689226785
1706,0,0.3909330566724141
1707,1,0.5367150902748108
1708,1,0.09949103494485219
1709,0,0.3909330566724141
1710,0,0.22023382286230722
1711,0,0.6769851446151733
1712,0,0.5792729655901591
1713,0,0.22023382286230722
1714,0,0.15717355410257974
1715,1,0.2722251017888387
1716,0,0.06798926492532094
1717,1,0.1270181139310201
1718,0,0.1298374185959498
1719,0,0.22023382286230722
1720,1,0.22023382286230722
1721,0,0.3204767107963562
1722,0,0.33012237151463825
1723,0,0.09949103494485219
1724,0,0.42829567193984985
1725,1,0.35522568225860596
1726,1,0.16673029959201813
1727,1,0.3909330566724141
1728,0,0.4470456739266713
1729,0,0.09949103494485219
1730,1,0.3204767107963562
1731,0,0.18658835689226785
1732,0,0.12192603945732117
1733,0,0.2603470633427302
1734,0,0.09949103494485219
1735,1,0.4378194808959961
1736,0,0.09401528785626094
1737,0,0.3032772441705068
1738,0,0.1270181139310201
1739,0,0.12062450746695201
1740,0,0.09949103494485219
1741,0,0.1487011561791102
1742,1,0.5952912370363871
1743,1,0.574891726175944
1744,1,0.5148873527844747
1745,0,0.5952912370363871
1746,1,0.9354700843493143
1747,0,0.09949103494485219
1748,0,0.24009289840857187
1749,0,0.3578697144985199
1750,0,0.7508884072303772
1751,0,0.20600426197052002
1752,0,0.09949103494485219
1753,0,0.2952769100666046
1754,0,0.09949103494485219
1755,0,0.1750787595907847
1756,0,0.28418009479840595
1757,1,0.4267452855904897
1758,1,0.4470456739266713
1759,0,0.7508884072303772
1760,0,0.22023382286230722
1761,0,0.31230490406354267
1762,0,0.516929050286611
1763,1,0.5952912370363871
1764,0,0.37042423089345294
1765,0,0.09949103494485219
1766,1,0.22023382286230722
1767,1,0.0759682518740495
1768,0,0.11215529839197795
1769,0,0.28418009479840595
1770,1,0.37042423089345294
1771,1,0.1769037793080012
1772,1,0.33012237151463825
1773,0,0.37042423089345294
1774,0,0.09949103494485219
1775,0,0.09949103494485219
1776,0,0.09949103494485219
1777,1,0.5423746705055237
1778,0,0.09949103494485219
1779,0,0.33550431330998737
1780,1,0.7641592224438986
1781,1,0.48190967241923016
1782,0,0.7641592224438986
1783,0,0.6922701001167297
1784,0,0.11215529839197795
1785,0,0.32741740345954895
1786,0,0.09949103494485219
1787,0,0.22023382286230722
1788,1,0.13048219680786133
1789,1,0.09949103494485219
1790,1,0.6922701001167297
1791,0,0.09949103494485219
1792,0,0.0759682518740495
1793,0,0.6842315196990967
1794,1,0.14737562835216522
1795,0,0.6922701001167297
1796,1,0.3909330566724141
1797,0,0.16673029959201813
1798,1,0.6623546878496805
1799,1,0.31230490406354267
1800,1,0.2603470633427302
1801,0,0.48190967241923016
1802,0,0.2895208199818929
1803,1,0.5792729655901591
1804,0,0.06798926492532094
1805,0,0.10799519220987956
1806,0,0.06798926492532094
1807,0,0.31230490406354267
1808,0,0.17292856176694235
1809,1,0.3909330566724141
1810,0,0.4470456739266713
1811,1,0.4145099918047587
1812,0,0.06967103853821754
1813,1,0.33012237151463825
1814,0,0.09949103494485219
1815,0,0.09949103494485219
1816,0,0.1770316114028295
1817,0,0.3909330566724141
1818,0,0.31230490406354267
1819,0,0.17905397713184357
1820,0,0.10545454422632854
1821,1,0.4519798854986827
1822,0,0.1270181139310201
1823,0,0.18658835689226785
1824,1,0.5952912370363871
1825,0,0.24048798779646555
1826,0,0.24009289840857187
1827,0,0.16552201410134634
1828,0,0.5792729655901591
1829,0,0.22023382286230722
1830,0,0.2708360254764557
1831,0,0.09949103494485219
1832,1,0.6922701001167297
1833,0,0.574891726175944
1834,1,0.5423746705055237
1835,1,0.6849722663561503
1836,1,0.28418009479840595
1837,1,0.6292468110720316
1838,0,0.5423746705055237
1839,0,0.28418009479840595
1840,0,0.22023382286230722
1841,1,0.5186862150828043
1842,1,0.783443808555603
1843,1,0.09949103494485219
1844,0,0.12767486770947775
1845,0,0.37042423089345294
1846,1,0.7641592224438986
1847,0,0.3204767107963562
1848,0,0.3909330566724141
1849,0,0.09426016733050346
1850,0,0.10443828503290813
1851,0,0.09949103494485219
1852,0,0.09949103494485219
1853,0,0.0759682518740495
1854,0,0.07428647826115291
1855,0,0.558873454729716
1856,0,0.12767486770947775
1857,0,0.18398607770601907
1858,0,0.3909330566724141
1859,0,0.22023382286230722
1860,1,0.31230490406354267
1861,0,0.5148873527844747
1862,0,0.4788922170797984
1863,0,0.23510971665382385
1864,0,0.22023382286230722
1865,0,0.48190967241923016
1866,0,0.4470456739266713
1867,1,0.1750787595907847
1868,0,0.0759682518740495
1869,0,0.35837329427401227
1870,0,0.5423746705055237
1871,1,0.6769851446151733
1872,0,0.33550431330998737
1873,0,0.11571220556894939
1874,0,0.5627741813659668
1875,1,0.33550431330998737
1876,1,0.783443808555603
1877,0,0.09949103494485219
1878,1,0.3204767107963562
1879,0,0.5952912370363871
1880,0,0.61937282482783
1881,0,0.15229111909866333
1882,1,0.7508884072303772
1883,0,0.15347019334634146
1884,0,0.22023382286230722
1885,0,0.6292468110720316
1886,0,0.1606395790974299
1887,1,0.19190336763858795
1888,0,0.17292856176694235
1889,0,0.3680640757083893
1890,1,0.6292468110720316
1891,0,0.12767486770947775
1892,1,0.37042423089345294
1893,0,0.09949103494485219
1894,1,0.46309099594751996
1895,0,0.16412802040576935
1896,0,0.28418009479840595
1897,1,0.5792729655901591
1898,1,0.33550431330998737
1899,0,0.17905397713184357
1900,1,0.8962544004122416
1901,0,0.09949103494485219
1902,0,0.5423746705055237
1903,0,0.30120808879534405
1904,0,0.12767486770947775
1905,0,0.4788922170797984
1906,0,0.2743929326534271
1907,0,0.09949103494485219
1908,1,0.16412802040576935
1909,1,0.5792729655901591
1910,0,0.13626408080259958
1911,1,0.783443808555603
1912,1,0.15717355410257974
1913,0,0.15229111909866333
1914,0,0.37042423089345294
1915,0,0.12128126124540965
1916,0,0.1284903089205424
1917,0,0.31230490406354267
1918,0,0.3466786742210388
1919,0,0.13267411788304648
1920,0,0.4470456739266713
1921,0,0.1954602748155594
1922,0,0.5792729655901591
1923,0,0.6842315196990967
1924,1,0.23510971665382385
1925,1,0.4267452855904897
1926,0,0.5952912370363871
1927,1,0.32741740345954895
1928,0,0.09949103494485219
1929,0,0.4267452855904897
1930,0,0.33012237151463825
1931,0,0.4470456739266713
1932,0,0.22023382286230722
1933,0,0.33012237151463825
1934,0,0.16552201410134634
1935,0,0.22023382286230722
1936,1,0.31230490406354267
1937,1,0.22023382286230722
1938,1,0.48190967241923016
1939,1,0.6842315196990967
1940,0,0.2708360254764557
1941,0,0.06798926492532094
1942,0,0.14737562835216522
1943,0,0.1284903089205424
1944,1,0.6849722663561503
1945,1,0.3045484224955241
1946,1,0.5952912370363871
1947,0,0.2952769100666046
1948,1,0.15225806335608164
1949,0,0.12062450746695201
1950,0,0.12128126124540965
1951,0,0.28418009479840595
1952,0,0.09949103494485219
1953,0,0.28332191705703735
1954,0,0.22023382286230722
1955,0,0.15347019334634146
1956,0,0.7508884072303772
1957,1,0.2647472719351451
1958,1,0.6292468110720316
1959,0,0.1844381590684255
1960,0,0.36022986968358356
1961,0,0.48190967241923016
1962,0,0.09949103494485219
1963,0,0.19190336763858795
1964,1,0.3909330566724141
1965,1,0.4145099918047587
1966,1,0.7469152609507242
1967,0,0.12482619285583496
1968,0,0.09949103494485219
1969,0,0.1270181139310201
1970,0,0.09949103494485219
1971,0,0.06974428271253903
1972,0,0.1844381590684255
1973,1,0.4470456739266713
1974,1,0.37042423089345294
1975,0,0.09949103494485219
1976,1,0.6292468110720316
1977,0,0.09949103494485219
1978,0,0.09949103494485219
1979,1,0.6138366460800171
1980,0,0.6849722663561503
1981,0,0.06974428271253903
1982,0,0.1270181139310201
1983,1,0.5367150902748108
1984,0,0.09949103494485219
1985,0,0.09949103494485219
1986,0,0.23960714042186737
1987,0,0.09949103494485219
1988,1,0.1270181139310201
1989,1,0.23599056402842203
1990,1,0.3909330566724141
1991,1,0.7641592224438986
1992,0,0.3680640757083893
1993,0,0.24048798779646555
1994,0,0.09949103494485219
1995,1,0.07428647826115291
1996,0,0.1750787595907847
1997,1,0.37241453925768536
1998,0,0.4470456739266713
1999,0,0.1487011561791102
2000,1,0.3909330566724141
2001,0,0.31230490406354267
2002,0,0.24009289840857187
2003,0,0.1606395790974299
2004,0,0.12767486770947775
2005,0,0.6769851446151733
2006,1,0.22023382286230722
2007,0,0.16412802040576935
2008,0,0.259466215968132
2009,0,0.06798926492532094
2010,0,0.1284903089205424
2011,0,0.13626408080259958
2012,0,0.3909330566724141
2013,0,0.09949103494485219
2014,1,0.2722251017888387
2015,0,0.1487011561791102
2016,0,0.09949103494485219
2017,1,0.4485076665878296
2018,0,0.17214917639891306
2019,1,0.8444444537162781
2020,0,0.11215529839197795
2021,0,0.20288700858751932
2022,1,0.6922701001167297
2023,1,0.5423746705055237
2024,0,0.1750787595907847
2025,0,0.24009289840857187
2026,0,0.15717355410257974
2027,1,0.1750787595907847
2028,1,0.22023382286230722
2029,0,0.30937989552815753
2030,1,0.31230490406354267
2031,0,0.3378644684950511
2032,0,0.5952912370363871
2033,0,0.22023382286230722
2034,0,0.09949103494485219
2035,1,0.37042423089345294
2036,0,0.09949103494485219
2037,1,0.5005621910095215
2038,0,0.09949103494485219
2039,0,0.1270181139310201
2040,0,0.31230490406354267
2041,0,0.3909330566724141
2042,1,0.15229111909866333
2043,1,0.5423746705055237
2044,1,0.10443828503290813
2045,0,0.0887844202419122
2046,0,0.22023382286230722
2047,1,0.35837329427401227
2048,0,0.5423746705055237
2049,0,0.2862492501735687
2050,0,0.2722251017888387
2051,0,0.13134859005610147
2052,1,0.33012237151463825
2053,0,0.06798926492532094
2054,0,0.09949103494485219
2055,1,0.3909330566724141
2056,0,0.09949103494485219
2057,0,0.13924063245455423
2058,0,0.259466215968132
2059,1,0.7469152609507242
2060,1,0.31230490406354267
2061,1,0.3909330566724141
2062,1,0.20378140608469644
2063,1,0.09426016733050346
2064,1,0.22023382286230722
2065,0,0.16412802040576935
2066,0,0.09949103494485219
2067,0,0.6769851446151733
2068,0,0.1270181139310201
2069,1,0.4788922170797984
2070,0,0.1270181139310201
2071,0,0.28418009479840595
2072,0,0.13626408080259958
2073,0,0.06798926492532094
2074,0,0.12126928567886353
2075,0,0.28418009479840595
2076,0,0.3909330566724141
2077,1,0.6849722663561503
2078,0,0.06798926492532094
2079,0,0.09949103494485219
2080,0,0.09949103494485219
2081,0,0.18398607770601907
2082,1,0.3909330566724141
2083,1,0.17247648040453592
2084,0,0.18658835689226785
2085,1,0.4780196249485016
2086,0,0.1284903089205424
2087,0,0.783443808555603
2088,1,0.14737562835216522
2089,0,0.18658835689226785
2090,1,0.33012237151463825
2091,0,0.10443828503290813
2092,0,0.15229111909866333
2093,0,0.2603470633427302
2094,1,0.06798926492532094
2095,1,0.23960714042186737
2096,1,0.28418009479840595
2097,0,0.3909330566724141
2098,0,0.12482619285583496
2099,1,0.8962544004122416
2100,0,0.09949103494485219
2101,0,0.09949103494485219
2102,0,0.22023382286230722
2103,0,0.22023382286230722
2104,0,0.37042423089345294
2105,0,0.5180004338423411
2106,0,0.1270181139310201
2107,0,0.1005072941382726
2108,0,0.3909330566724141
2109,0,0.16458010176817575
2110,0,0.4485076665878296
2111,1,0.37042423089345294
2112,1,0.7641592224438986
2113,0,0.09949103494485219
2114,1,0.22023382286230722
2115,1,0.22023382286230722
2116,1,0.783443808555603
2117,0,0.1334057996670405
2118,0,0.09949103494485219
2119,0,0.09949103494485219
2120,0,0.09426016733050346
2121,1,0.1270181139310201
2122,0,0.6292468110720316
2123,0,0.3472764790058136
2124,0,0.09949103494485219
2125,1,0.6849722663561503
2126,0,0.37241453925768536
2127,0,0.06967103853821754
2128,0,0.37042423089345294
2129,0,0.6849722663561503
2130,1,0.09949103494485219
2131,0,0.28418009479840595
2132,0,0.28418009479840595
2133,1,0.783443808555603
2134,0,0.2952769100666046
2135,0,0.5367150902748108
2136,0,0.2952769100666046
2137,0,0.1163569837808609
2138,0,0.5952912370363871
2139,0,0.1606395790974299
2140,0,0.4267452855904897
2141,0,0.30120808879534405
2142,0,0.5382024546464285
2143,1,0.6922701001167297
2144,0,0.09949103494485219
2145,0,0.0759682518740495
2146,0,0.06798926492532094
2147,0,0.2952769100666046
2148,1,0.23954747120539346
2149,0,0.5792729655901591
2150,0,0.4788922170797984
2151,1,0.15717355410257974
2152,1,0.30889888604482013
2153,0,0.1005072941382726
2154,1,0.16949723164240518
2155,0,0.1270181139310201
2156,1,0.6292468110720316
2157,0,0.33550431330998737
2158,0,0.06967103853821754
2159,0,0.16673029959201813
2160,0,0.4470456739266713
2161,0,0.6449512441953024
2162,1,0.6623546878496805
2163,0,0.3204767107963562
2164,0,0.1270181139310201
2165,0,0.3578697144985199
2166,1,0.5792729655901591
2167,0,0.09949103494485219
2168,1,0.32741740345954895
2169,1,0.09949103494485219
2170,1,0.18658835689226785
2171,1,0.6849722663561503
2172,1,0.2800391713778178
2173,0,0.2722251017888387
2174,0,0.12062450746695201
2175,1,0.8997557957967123
2176,1,0.22023382286230722
2177,1,0.6635605494181315
2178,0,0.1770316114028295
2179,0,0.4788922170797984
2180,0,0.3466786742210388
2181,0,0.3909330566724141
2182,0,0.09949103494485219
2183,0,0.10443828503290813
2184,1,0.3680640757083893
2185,1,0.7641592224438986
2186,1,0.7641592224438986
2187,0,0.22023382286230722
2188,1,0.5952912370363871
2189,1,0.4267452855904897
2190,0,0.09949103494485219
2191,0,0.11215529839197795
2192,0,0.0759682518740495
2193,0,0.0759682518740495
2194,0,0.10545454422632854
2195,0,0.09949103494485219
2196,0,0.22023382286230722
2197,0,0.06798926492532094
2198,0,0.1606395790974299
2199,0,0.2759992480278015
2200,0,0.18658835689226785
2201,0,0.17292856176694235
2202,0,0.2643210192521413
2203,0,0.20378140608469644
2204,0,0.28418009479840595
2205,0,0.0956492746869723
2206,1,0.37042423089345294
2207,0,0.33012237151463825
2208,0,0.15347019334634146
2209,1,0.783443808555603
2210,0,0.09949103494485219
2211,0,0.1770316114028295
2212,0,0.3578697144985199
2213,1,0.2003757655620575
2214,0,0.1606395790974299
2215,0,0.3204767107963562
2216,0,0.06798926492532094
2217,0,0.6623546878496805
2218,1,0.5186862150828043
2219,0,0.0759682518740495
2220,1,0.574891726175944
2221,1,0.7641592224438986
2222,1,0.3909330566724141
2223,0,0.07343602056304614
2224,0,0.19190336763858795
2225,0,0.5423746705055237
2226,0,0.06974428271253903
2227,0,0.22023382286230722
2228,0,0.09949103494485219
2229,1,0.6292468110720316
2230,1,0.8997557957967123
2231,0,0.09949103494485219
2232,1,0.6292468110720316
2233,0,0.09949103494485219
2234,0,0.1770316114028295
2235,0,0.22023382286230722
2236,0,0.6292468110720316
2237,0,0.6922701001167297
2238,0,0.22023382286230722
2239,0,0.1270181139310201
2240,0,0.22023382286230722
2241,0,0.09949103494485219
2242,1,0.6842315196990967
2243,0,0.07428647826115291
2244,0,0.23599056402842203
2245,0,0.3204767107963562
2246,0,0.09949103494485219
2247,0,0.15225806335608164
2248,0,0.07428647826115291
2249,1,0.2708360254764557
2250,0,0.18398607770601907
2251,0,0.5423746705055237
2252,0,0.3909330566724141
2253,0,0.23599056402842203
2254,1,0.06798926492532094
2255,0,0.22023382286230722
2256,0,0.1270181139310201
2257,1,0.1270181139310201
2258,0,0.4788922170797984
2259,1,0.10443828503290813
2260,1,0.5423746705055237
2261,0,0.17905397713184357
2262,0,0.5423746705055237
2263,0,0.0759682518740495
2264,1,0.1270181139310201
2265,0,0.28418009479840595
2266,0,0.12767486770947775
2267,0,0.3909330566724141
2268,0,0.09949103494485219
2269,0,0.12767486770947775
2270,0,0.783443808555603
2271,0,0.06798926492532094
2272,0,0.06798926492532094
2273,0,0.3680640757083893
2274,0,0.06798926492532094
2275,1,0.1278290847937266
2276,0,0.22023382286230722
2277,1,0.6849722663561503
2278,0,0.22023382286230722
2279,0,0.09949103494485219
2280,0,0.22023382286230722
2281,0,0.11703171332677205
2282,0,0.06974428271253903
2283,0,0.22023382286230722
2284,0,0.17905397713184357
2285,0,0.12767486770947775
2286,0,0.4267452855904897
2287,0,0.1750787595907847
2288,1,0.2762179672718048
2289,0,0.1844381590684255
2290,1,0.3045484224955241
2291,0,0.09949103494485219
2292,1,0.6922701001167297
2293,0,0.09949103494485219
2294,0,0.09949103494485219
2295,1,0.259466215968132
2296,0,0.1270181139310201
2297,1,0.3578697144985199
2298,0,0.20600426197052002
2299,0,0.10545454422632854
2300,1,0.10443828503290813
2301,0,0.2952769100666046
2302,1,0.2157363990942637
2303,0,0.13626408080259958
2304,1,0.3204767107963562
2305,1,0.3909330566724141
2306,1,0.28418009479840595
2307,0,0.33012237151463825
2308,0,0.0759682518740495
2309,1,0.3578697144985199
2310,0,0.6292468110720316
2311,0,0.18658835689226785
2312,0,0.558873454729716
2313,0,0.09949103494485219
2314,0,0.10443828503290813
2315,0,0.09949103494485219
2316,0,0.6842315196990967
2317,0,0.5952912370363871
2318,0,0.4470456739266713
2319,1,0.4470456739266713
2320,0,0.06798926492532094
2321,0,0.1270181139310201
2322,1,0.22023382286230722
2323,1,0.1487011561791102
2324,1,0.8962544004122416
2325,0,0.6623546878496805
2326,1,0.2722251017888387
2327,1,0.5423746705055237
2328,0,0.12447746594746907
2329,0,0.15717355410257974
2330,0,0.6623546878496805
2331,1,0.5367150902748108
2332,0,0.39732542634010315
2333,0,0.09949103494485219
2334,0,0.33550431330998737
2335,0,0.36022986968358356
2336,0,0.12447746594746907
2337,0,0.19943774739901224
2338,0,0.12062450746695201
2339,0,0.36022986968358356
2340,1,0.1241179605325063
2341,1,0.3378644684950511
2342,0,0.09949103494485219
2343,0,0.09426016733050346
2344,0,0.09949103494485219
2345,0,0.3909330566724141
2346,1,0.6922701001167297
2347,0,0.5423746705055237
2348,0,0.17115974922974905
2349,0,0.28418009479840595
2350,0,0.6922701001167297
2351,0,0.09949103494485219
2352,0,0.09949103494485219
2353,1,0.3909330566724141
2354,0,0.22023382286230722
2355,0,0.0759682518740495
2356,0,0.12062450746695201
2357,1,0.16458010176817575
2358,1,0.46309099594751996
2359,0,0.2003757655620575
2360,0,0.18658835689226785
2361,1,0.15921252965927124
2362,0,0.22023382286230722
2363,0,0.08496410151322682
2364,0,0.11215529839197795
2365,0,0.4145099918047587
2366,1,0.7469152609507242
2367,1,0.8997557957967123
2368,1,0.18164527416229248
2369,1,0.09949103494485219
2370,0,0.06798926492532094
2371,1,0.5423746705055237
2372,0,0.09949103494485219
2373,0,0.1750787595907847
2374,0,0.22023382286230722
2375,1,0.33012237151463825
2376,1,0.48190967241923016
2377,0,0.09041840707262357
2378,0,0.09949103494485219
2379,0,0.4378194808959961
2380,1,0.4902793765068054
2381,0,0.6668280760447184
2382,0,0.06798926492532094
2383,1,0.6623546878496805
2384,0,0.7641592224438986
2385,1,0.783443808555603
2386,0,0.22023382286230722
2387,0,0.33012237151463825
2388,0,0.09949103494485219
2389,0,0.10443828503290813
2390,0,0.09949103494485219
2391,0,0.09041840707262357
2392,0,0.18658835689226785
2393,1,0.5952912370363871
2394,0,0.28418009479840595
2395,0,0.06798926492532094
2396,0,0.2952769100666046
2397,0,0.6842315196990967
2398,1,0.22023382286230722
2399,0,0.2643210192521413
2400,0,0.10545454422632854
2401,0,0.22023382286230722
2402,1,0.4470456739266713
2403,0,0.09426016733050346
2404,1,0.24416237076123556
2405,0,0.09949103494485219
2406,0,0.15229111909866333
2407,0,0.12128126124540965
2408,0,0.17292856176694235
2409,0,0.09949103494485219
2410,0,0.3204767107963562
2411,0,0.09949103494485219
2412,0,0.09949103494485219
2413,1,0.33012237151463825
2414,0,0.2952769100666046
2415,0,0.31230490406354267
2416,1,0.5423746705055237
2417,0,0.0759682518740495
2418,0,0.0759682518740495
2419,0,0.5952912370363871
2420,0,0.2157363990942637
2421,0,0.06798926492532094
2422,0,0.09949103494485219
2423,0,0.09949103494485219
2424,1,0.37042423089345294
2425,0,0.37042423089345294
2426,0,0.3909330566724141
2427,0,0.15966461102167764
2428,1,0.12062450746695201
2429,0,0.1954602748155594
2430,0,0.09949103494485219
2431,0,0.15229111909866333
2432,0,0.22023382286230722
2433,0,0.1270181139310201
2434,0,0.09949103494485219
2435,0,0.20872422556082407
2436,1,0.4828291932741801
2437,0,0.3204767107963562
2438,0,0.22023382286230722
2439,0,0.31230490406354267
2440,1,0.6849722663561503
2441,0,0.3909330566724141
2442,1,0.35522568225860596
2443,0,0.3578697144985199
2444,0,0.28418009479840595
2445,0,0.06798926492532094
2446,0,0.17905397713184357
2447,0,0.3909330566724141
2448,0,0.4145099918047587
2449,0,0.15229111909866333
2450,0,0.15229111909866333
2451,0,0.0887844202419122
2452,0,0.22023382286230722
2453,0,0.12493340174357097
2454,1,0.12346120675404866
2455,0,0.1750787595907847
2456,0,0.1270181139310201
2457,0,0.12126928567886353
2458,1,0.7508884072303772
2459,0,0.7641592224438986
2460,0,0.1270181139310201
2461,0,0.3680640757083893
2462,0,0.4267452855904897
2463,0,0.22023382286230722
2464,1,0.6292468110720316
2465,1,0.6922701001167297
2466,1,0.3909330566724141
2467,0,0.06798926492532094
2468,1,0.19190336763858795
2469,0,0.08665342504779498
2470,1,0.6842315196990967
2471,1,0.6849722663561503
2472,0,0.20378140608469644
2473,1,0.6849722663561503
2474,0,0.4145099918047587
2475,0,0.2952769100666046
2476,0,0.09949103494485219
2477,0,0.3909330566724141
2478,0,0.09949103494485219
2479,0,0.22023382286230722
2480,1,0.6449512441953024
2481,0,0.4667024413744609
2482,0,0.09949103494485219
2483,1,0.4267452855904897
2484,0,0.15717355410257974
2485,0,0.09949103494485219
2486,0,0.33012237151463825
2487,0,0.24009289840857187
2488,0,0.15717355410257974
2489,0,0.22023382286230722
2490,1,0.4788922170797984
2491,1,0.3680640757083893
2492,0,0.2643210192521413
2493,0,0.3204767107963562
2494,1,0.5952912370363871
2495,0,0.1606395790974299
2496,0,0.22023382286230722
2497,0,0.09949103494485219
2498,0,0.13134859005610147
2499,1,0.7641592224438986
2500,0,0.28418009479840595
2501,0,0.6292468110720316
2502,0,0.22023382286230722
2503,0,0.2003757655620575
2504,0,0.2603470633427302
2505,1,0.6849722663561503
2506,0,0.18658835689226785
2507,1,0.783443808555603
2508,0,0.37042423089345294
2509,1,0.35837329427401227
2510,0,0.12779168287913004
2511,0,0.09949103494485219
2512,0,0.22023382286230722
2513,0,0.1270181139310201
2514,0,0.15229111909866333
2515,0,0.12779168287913004
2516,0,0.3578697144985199
2517,0,0.09949103494485219
2518,1,0.09401528785626094
2519,0,0.13134859005610147
2520,0,0.09949103494485219
2521,1,0.4470456739266713
2522,0,0.16412802040576935
2523,0,0.09041840707262357
2524,0,0.5423746705055237
2525,0,0.17247648040453592
2526,1,0.5423746705055237
2527,1,0.6292468110720316
2528,0,0.4470456739266713
2529,1,0.6849722663561503
2530,1,0.37042423089345294
2531,0,0.09949103494485219
2532,0,0.33012237151463825
2533,0,0.09949103494485219
2534,0,0.12767486770947775
2535,1,0.3466786742210388
2536,0,0.3204767107963562
2537,0,0.3466786742210388
2538,0,0.06798926492532094
2539,0,0.09949103494485219
2540,0,0.22023382286230722
2541,0,0.2722251017888387
2542,0,0.12767486770947775
2543,0,0.4788922170797984
2544,0,0.06798926492532094
2545,0,0.09949103494485219
2546,0,0.09949103494485219
2547,0,0.16412802040576935
2548,1,0.7641592224438986
2549,0,0.1606395790974299
2550,0,0.14737562835216522
2551,1,0.7641592224438986
2552,1,0.5952912370363871
2553,1,0.7508884072303772
2554,0,0.0759682518740495
2555,0,0.06798926492532094
2556,0,0.09041840707262357
2557,0,0.15717355410257974
2558,0,0.33012237151463825
2559,0,0.09949103494485219
2560,0,0.12779168287913004
2561,1,0.558873454729716
2562,0,0.12126928567886353
2563,0,0.5423746705055237
2564,0,0.35837329427401227
2565,0,0.3493456343809764
2566,0,0.23960714042186737
2567,0,0.12495498359203339
2568,0,0.4470456739266713
2569,0,0.06974428271253903
2570,0,0.1270181139310201
2571,0,0.08496410151322682
2572,0,0.09949103494485219
2573,0,0.2722251017888387
2574,0,0.09949103494485219
2575,0,0.15229111909866333
2576,1,0.37042423089345294
2577,0,0.09949103494485219
2578,1,0.3032772441705068
2579,1,0.5423746705055237
2580,1,0.6292468110720316
2581,0,0.18658835689226785
2582,1,0.48190967241923016
2583,0,0.3680640757083893
2584,0,0.18164527416229248
2585,0,0.8184640606244405
2586,1,0.3578697144985199
2587,1,0.48190967241923016
2588,0,0.10799519220987956
2589,0,0.19315487146377563
2590,1,0.15229111909866333
2591,0,0.3909330566724141
2592,0,0.48190967241923016
2593,0,0.4470456739266713
2594,0,0.16458010176817575
2595,0,0.33550431330998737
2596,0,0.12482619285583496
2597,0,0.09949103494485219
2598,0,0.5792729655901591
2599,1,0.6623546878496805
2600,0,0.37042423089345294
2601,0,0.12062450746695201
2602,0,0.4145099918047587
2603,0,0.4145099918047587
2604,1,0.5952912370363871
2605,0,0.09949103494485219
2606,0,0.12128126124540965
2607,0,0.1241179605325063
2608,1,0.6239925026893616
2609,0,0.20600426197052002
2610,0,0.1954602748155594
2611,1,0.47698525587717694
2612,0,0.24009289840857187
2613,0,0.3472764790058136
2614,0,0.4145099918047587
2615,1,0.6623546878496805
2616,0,0.15229111909866333
2617,0,0.37042423089345294
2618,1,0.11215529839197795
2619,0,0.28418009479840595
2620,1,0.5367150902748108
2621,0,0.24009289840857187
2622,0,0.10443828503290813
2623,1,0.4704061547915141
2624,0,0.30120808879534405
2625,0,0.1606395790974299
2626,0,0.3204767107963562
2627,1,0.2862492501735687
2628,0,0.0759682518740495
2629,0,0.10545454422632854
2630,0,0.09949103494485219
2631,0,0.24009289840857187
2632,0,0.22023382286230722
2633,1,0.2603470633427302
2634,0,0.09949103494485219
2635,0,0.09949103494485219
2636,0,0.12767486770947775
2637,0,0.4145099918047587
2638,0,0.37042423089345294
2639,0,0.12767486770947775
2640,0,0.299166480700175
2641,0,0.06798926492532094
2642,0,0.09949103494485219
2643,0,0.783443808555603
2644,0,0.12346120675404866
2645,0,0.09949103494485219
2646,1,0.4145099918047587
2647,0,0.09949103494485219
2648,0,0.16412802040576935
2649,0,0.25236602624257404
2650,0,0.4145099918047587
2651,1,0.09949103494485219
2652,1,0.5367150902748108
2653,0,0.28418009479840595
2654,0,0.08496410151322682
2655,0,0.09949103494485219
2656,1,0.4145099918047587
2657,1,0.3909330566724141
2658,1,0.6292468110720316
2659,0,0.7508884072303772
2660,0,0.06798926492532094
2661,0,0.15229111909866333
2662,0,0.09949103494485219
2663,0,0.0759682518740495
2664,0,0.3909330566724141
2665,0,0.0759682518740495
2666,0,0.0759682518740495
2667,0,0.5423746705055237
2668,0,0.09949103494485219
2669,1,0.3909330566724141
2670,0,0.24009289840857187
2671,0,0.3909330566724141
2672,0,0.3909330566724141
2673,1,0.5792729655901591
2674,1,0.5792729655901591
2675,1,0.37042423089345294
2676,1,0.3909330566724141
2677,0,0.22023382286230722
2678,0,0.2603470633427302
2679,0,0.09949103494485219
2680,1,0.7641592224438986
2681,0,0.09949103494485219
2682,1,0.7508884072303772
2683,0,0.09949103494485219
2684,0,0.15526767075061798
2685,0,0.37042423089345294
2686,1,0.31230490406354267
2687,0,0.6842315196990967
2688,1,0.5367150902748108
2689,1,0.4902793765068054
2690,0,0.33012237151463825
2691,0,0.15717355410257974
2692,0,0.5952912370363871
2693,0,0.1497174153725306
2694,1,0.13267411788304648
2695,0,0.06798926492532094
2696,0,0.13267411788304648
2697,0,0.3680640757083893
2698,0,0.11215529839197795
2699,0,0.4902793765068054
2700,0,0.09949103494485219
2701,1,0.5952912370363871
2702,0,0.09949103494485219
2703,0,0.24009289840857187
2704,1,0.6849722663561503
2705,0,0.12767486770947775
2706,1,0.7641592224438986
2707,0,0.09949103494485219
2708,1,0.4828291932741801
2709,0,0.4145099918047587
2710,0,0.16552201410134634
2711,0,0.32741740345954895
2712,1,0.22023382286230722
2713,1,0.4470456739266713
2714,0,0.11215529839197795
2715,1,0.783443808555603
2716,0,0.2603470633427302
2717,0,0.12447746594746907
2718,0,0.3204767107963562
2719,0,0.37241453925768536
2720,0,0.1606395790974299
2721,0,0.5351849993069967
2722,0,0.0759682518740495
2723,0,0.1220967024564743
2724,0,0.22023382286230722
2725,0,0.09949103494485219
2726,1,0.4788922170797984
2727,0,0.4378194808959961
2728,0,0.2722251017888387
2729,0,0.10799519220987956
2730,1,0.3909330566724141
2731,0,0.15229111909866333
2732,0,0.3909330566724141
2733,0,0.09949103494485219
2734,1,0.574891726175944
2735,0,0.5792729655901591
2736,0,0.0759682518740495
2737,0,0.3578697144985199
2738,0,0.16412802040576935
2739,0,0.09949103494485219
2740,0,0.12767486770947775
2741,0,0.2603470633427302
2742,0,0.1270181139310201
2743,0,0.2862492501735687
2744,0,0.4145099918047587
2745,0,0.1270181139310201
2746,0,0.3524877727031708
2747,0,0.15229111909866333
2748,0,0.08496410151322682
2749,0,0.1284903089205424
2750,0,0.11215529839197795
2751,0,0.2603470633427302
2752,1,0.47698525587717694
2753,0,0.22023382286230722
2754,0,0.06967103853821754
2755,0,0.06798926492532094
2756,0,0.5792729655901591
2757,1,0.33550431330998737
2758,0,0.3909330566724141
2759,1,0.10304794212182362
2760,1,0.6842315196990967
2761,0,0.09949103494485219
2762,0,0.3204767107963562
2763,0,0.12346120675404866
2764,0,0.13626408080259958
2765,0,0.3909330566724141
2766,1,0.28418009479840595
2767,1,0.7641592224438986
2768,0,0.22023382286230722
2769,1,0.09949103494485219
2770,0,0.5423746705055237
2771,0,0.24009289840857187
2772,0,0.2952769100666046
2773,1,0.5423746705055237
2774,1,0.14737562835216522
2775,0,0.32741740345954895
2776,0,0.24009289840857187
2777,0,0.1270181139310201
2778,0,0.3909330566724141
2779,0,0.18658835689226785
2780,1,0.7469152609507242
2781,1,0.15717355410257974
2782,0,0.16458010176817575
2783,0,0.13134859005610147
2784,1,0.22023382286230722
2785,0,0.09949103494485219
2786,1,0.6675688227017721
2787,0,0.1270181139310201
2788,0,0.09949103494485219
2789,0,0.09949103494485219
2790,0,0.15229111909866333
2791,1,0.6292468110720316
2792,1,0.5423746705055237
2793,0,0.09949103494485219
2794,0,0.31230490406354267
2795,1,0.5148873527844747
2796,1,0.4267452855904897
2797,0,0.06798926492532094
2798,0,0.22023382286230722
2799,0,0.09949103494485219
2800,0,0.2952769100666046
2801,0,0.09949103494485219
2802,1,0.7508884072303772
2803,0,0.3204767107963562
2804,0,0.12228554487228394
2805,0,0.24009289840857187
2806,1,0.7495042284329733
2807,0,0.3575858374436696
2808,1,0.2952769100666046
2809,1,0.3466786742210388
2810,0,0.1270181139310201
2811,0,0.4145099918047587
2812,1,0.7469152609507242
2813,1,0.4788922170797984
2814,1,0.09949103494485219
2815,0,0.0759682518740495
2816,0,0.09949103494485219
2817,0,0.12767486770947775
2818,0,0.09426016733050346
2819,0,0.14737562835216522
2820,1,0.7469152609507242
2821,1,0.09949103494485219
2822,0,0.5952912370363871
2823,0,0.15717355410257974
2824,0,0.3204767107963562
2825,0,0.11215529839197795
2826,0,0.13267411788304648
2827,0,0.09949103494485219
2828,0,0.2952769100666046
2829,1,0.23960714042186737
2830,0,0.783443808555603
2831,1,0.10443828503290813
2832,1,0.33550431330998737
2833,0,0.24009289840857187
2834,1,0.31230490406354267
2835,0,0.3909330566724141
2836,0,0.15229111909866333
2837,0,0.24009289840857187
2838,0,0.12779168287913004
2839,0,0.5423746705055237
2840,0,0.3204767107963562
2841,0,0.09949103494485219
2842,1,0.2722251017888387
2843,1,0.09949103494485219
2844,1,0.558873454729716
2845,0,0.12767486770947775
2846,0,0.09949103494485219
2847,1,0.3909330566724141
2848,0,0.4788922170797984
2849,0,0.3204767107963562
2850,0,0.30937989552815753
2851,0,0.22023382286230722
2852,1,0.37241453925768536
2853,1,0.22023382286230722
2854,0,0.1770316114028295
2855,0,0.09426016733050346
2856,1,0.22023382286230722
2857,1,0.2722251017888387
2858,0,0.10443828503290813
2859,0,0.2615353713432948
2860,0,0.3909330566724141
2861,1,0.24048798779646555
2862,0,0.09949103494485219
2863,0,0.09949103494485219
2864,0,0.48190967241923016
2865,0,0.4788922170797984
2866,0,0.06798926492532094
2867,0,0.48190967241923016
2868,1,0.15966461102167764
2869,0,0.10443828503290813
2870,1,0.5423746705055237
2871,0,0.09949103494485219
2872,0,0.09949103494485219
2873,1,0.09949103494485219
2874,0,0.37042423089345294
2875,0,0.22023382286230722
2876,0,0.1270181139310201
2877,0,0.6922701001167297
2878,0,0.1284903089205424
2879,0,0.4267452855904897
2880,1,0.4398593604564667
2881,0,0.09949103494485219
2882,1,0.3909330566724141
2883,0,0.09949103494485219
2884,0,0.15225806335608164
2885,0,0.3909330566724141
2886,0,0.0759682518740495
2887,1,0.09949103494485219
2888,0,0.31230490406354267
2889,0,0.12767486770947775
2890,1,0.6623546878496805
2891,0,0.1270181139310201
2892,0,0.15229111909866333
2893,1,0.10443828503290813
2894,0,0.09949103494485219
2895,0,0.1487011561791102
2896,1,0.6922701001167297
2897,0,0.06798926492532094
2898,0,0.18658835689226785
2899,0,0.11317155758539836
2900,0,0.22023382286230722
2901,0,0.09949103494485219
2902,0,0.18658835689226785
2903,0,0.06798926492532094
2904,0,0.17292856176694235
2905,1,0.25380803147951764
2906,1,0.2696627626816432
2907,0,0.48190967241923016
2908,1,0.4296649992465973
2909,1,0.7508884072303772
2910,1,0.1769037793080012
2911,1,0.2603470633427302
2912,0,0.15229111909866333
2913,0,0.24009289840857187
2914,0,0.20288700858751932
2915,1,0.7641592224438986
2916,0,0.1284903089205424
2917,0,0.23599056402842203
2918,0,0.12767486770947775
2919,0,0.1750787595907847
2920,0,0.39732542634010315
2921,0,0.12128126124540965
2922,1,0.37042423089345294
2923,0,0.09949103494485219
2924,1,0.783443808555603
2925,0,0.3204767107963562
2926,1,0.6292468110720316
2927,1,0.6849722663561503
2928,1,0.3204767107963562
2929,0,0.33550431330998737
2930,0,0.6769851446151733
2931,0,0.13134859005610147
2932,0,0.1769037793080012
2933,1,0.5423746705055237
2934,0,0.12779168287913004
2935,0,0.12126928567886353
2936,1,0.3909330566724141
2937,0,0.25236602624257404
2938,0,0.09949103494485219
2939,0,0.2603470633427302
2940,0,0.5952912370363871
2941,0,0.24009289840857187
2942,0,0.0759682518740495
2943,1,0.8184640606244405
2944,0,0.1284903089205424
2945,0,0.19315487146377563
2946,0,0.1606395790974299
2947,0,0.28418009479840595
2948,1,0.15347019334634146
2949,0,0.13267411788304648
2950,0,0.13259035845597586
2951,1,0.37042423089345294
2952,0,0.10443828503290813
2953,1,0.7469152609507242
2954,0,0.08665342504779498
2955,1,0.7641592224438986
2956,0,0.4470456739266713
2957,1,0.2952769100666046
2958,0,0.5952912370363871
2959,0,0.1270181139310201
2960,0,0.2603470633427302
2961,1,0.1750787595907847
2962,0,0.2722251017888387
2963,0,0.12128126124540965
2964,0,0.33012237151463825
2965,0,0.06798926492532094
2966,1,0.2603470633427302
2967,0,0.06798926492532094
2968,1,0.15211230516433716
2969,0,0.22023382286230722
2970,0,0.1334057996670405
2971,1,0.23599056402842203
2972,0,0.06798926492532094
2973,1,0.7641592224438986
2974,1,0.31095359722773236
2975,0,0.3204767107963562
2976,0,0.19587483505407968
2977,1,0.28418009479840595
2978,1,0.6842315196990967
2979,1,0.6922701001167297
2980,1,0.19190336763858795
2981,0,0.18164527416229248
2982,1,0.574891726175944
2983,1,0.49421635270118713
2984,1,0.22023382286230722
2985,0,0.3578697144985199
2986,0,0.14737562835216522
2987,1,0.6769851446151733
2988,0,0.06798926492532094
2989,0,0.25236602624257404
2990,1,0.7469152609507242
2991,1,0.8505050539970398
2992,0,0.33012237151463825
2993,0,0.1270181139310201
2994,1,0.5148873527844747
2995,0,0.3909330566724141
2996,0,0.09949103494485219
2997,0,0.06798926492532094
2998,1,0.5952912370363871
2999,1,0.4267452855904897
3000,0,0.15717355410257974
3001,0,0.09949103494485219
3002,0,0.4145099918047587
3003,0,0.09949103494485219
3004,0,0.28418009479840595
3005,0,0.3680640757083893
3006,0,0.4145099918047587
3007,0,0.06798926492532094
3008,1,0.39732542634010315
3009,0,0.33165107170740765
3010,0,0.2952769100666046
3011,0,0.09949103494485219
3012,0,0.0759682518740495
3013,0,0.10443828503290813
3014,0,0.16971086959044138
3015,0,0.33012237151463825
3016,0,0.15229111909866333
3017,0,0.3204767107963562
3018,1,0.12062450746695201
3019,0,0.18658835689226785
3020,0,0.09949103494485219
3021,1,0.7641592224438986
3022,1,0.14737562835216522
3023,1,0.3472764790058136
3024,0,0.2603470633427302
3025,0,0.15229111909866333
3026,0,0.0759682518740495
3027,0,0.16412802040576935
3028,1,0.16412802040576935
3029,1,0.12447746594746907
3030,1,0.33550431330998737
3031,1,0.09949103494485219
3032,1,0.37241453925768536
3033,1,0.4378194808959961
3034,0,0.33012237151463825
3035,1,0.4470456739266713
3036,0,0.4145099918047587
3037,0,0.28418009479840595
3038,0,0.3204767107963562
3039,0,0.09949103494485219
3040,0,0.12482619285583496
3041,0,0.1298374185959498
3042,0,0.1270181139310201
3043,1,0.783443808555603
3044,1,0.3680640757083893
3045,0,0.12447746594746907
3046,1,0.6769851446151733
3047,0,0.06798926492532094
3048,0,0.22023382286230722
3049,1,0.33012237151463825
3050,0,0.7641592224438986
3051,0,0.09426016733050346
3052,1,0.48190967241923016
3053,1,0.7641592224438986
3054,0,0.09949103494485219
3055,1,0.5952912370363871
3056,0,0.1284903089205424
3057,0,0.574891726175944
3058,0,0.6769851446151733
3059,0,0.06798926492532094
3060,1,0.5952912370363871
3061,0,0.0797332338988781
3062,1,0.5423746705055237
3063,0,0.16412802040576935
3064,0,0.11571220556894939
3065,0,0.09949103494485219
3066,0,0.09949103494485219
3067,0,0.28418009479840595
3068,0,0.09949103494485219
3069,0,0.33012237151463825
3070,0,0.6922701001167297
3071,0,0.22023382286230722
3072,0,0.22023382286230722
3073,0,0.06798926492532094
3074,1,0.22023382286230722
3075,1,0.6842315196990967
3076,0,0.18398607770601907
3077,0,0.24009289840857187
3078,0,0.15717355410257974
3079,0,0.33012237151463825
3080,0,0.1750787595907847
3081,1,0.22023382286230722
3082,0,0.37042423089345294
3083,1,0.7469152609507242
3084,0,0.36022986968358356
3085,0,0.1284903089205424
3086,0,0.14737562835216522
3087,0,0.2603470633427302
3088,1,0.09949103494485219
3089,1,0.28418009479840595
3090,1,0.1750787595907847
3091,1,0.22023382286230722
3092,0,0.09949103494485219
3093,0,0.09949103494485219
3094,0,0.28418009479840595
3095,1,0.09949103494485219
3096,0,0.3204767107963562
3097,0,0.22023382286230722
3098,0,0.2603470633427302
3099,0,0.11215529839197795
3100,0,0.2603470633427302
3101,0,0.37042423089345294
3102,0,0.09949103494485219
3103,0,0.09949103494485219
3104,1,0.11571220556894939
3105,0,0.16458010176817575
3106,1,0.3578697144985199
3107,0,0.1270181139310201
3108,0,0.18658835689226785
3109,0,0.3204767107963562
3110,1,0.5005621910095215
3111,0,0.09949103494485219
3112,1,0.22023382286230722
3113,0,0.09949103494485219
3114,0,0.2722251017888387
3115,1,0.8505050539970398
3116,0,0.574891726175944
3117,1,0.6292468110720316
3118,0,0.6922701001167297
3119,0,0.37042423089345294
3120,0,0.13134859005610147
3121,1,0.1270181139310201
3122,1,0.3204767107963562
3123,0,0.22023382286230722
3124,0,0.18658835689226785
3125,1,0.5952912370363871
3126,0,0.19315487146377563
3127,1,0.783443808555603
3128,0,0.0759682518740495
3129,0,0.0759682518740495
3130,1,0.24009289840857187
3131,0,0.06798926492532094
3132,0,0.15229111909866333
3133,0,0.06798926492532094
3134,0,0.5423746705055237
3135,0,0.12126928567886353
3136,0,0.22023382286230722
3137,0,0.18398607770601907
3138,1,0.5792729655901591
3139,0,0.48190967241923016
3140,0,0.24009289840857187
3141,0,0.24009289840857187
3142,0,0.4145099918047587
3143,0,0.09949103494485219
3144,0,0.12810054421424866
3145,0,0.1270181139310201
3146,0,0.09949103494485219
3147,0,0.09949103494485219
3148,0,0.18658835689226785
3149,0,0.6190909544626871
3150,1,0.37241453925768536
3151,0,0.3204767107963562
3152,1,0.574891726175944
3153,0,0.06798926492532094
3154,1,0.6292468110720316
3155,1,0.1769037793080012
3156,0,0.11215529839197795
3157,1,0.6842315196990967
3158,0,0.25380803147951764
3159,0,0.2722251017888387
3160,1,0.4553152819474538
3161,0,0.5952912370363871
3162,0,0.09949103494485219
3163,0,0.09949103494485219
3164,0,0.0797332338988781
3165,1,0.14737562835216522
3166,0,0.32440749804178876
3167,0,0.28418009479840595
3168,0,0.06974428271253903
3169,1,0.37042423089345294
3170,0,0.06798926492532094
3171,1,0.22023382286230722
3172,0,0.0759682518740495
3173,1,0.5423746705055237
3174,0,0.0797332338988781
3175,0,0.12062450746695201
3176,0,0.1270181139310201
3177,0,0.11571220556894939
3178,0,0.11215529839197795
3179,0,0.18658835689226785
3180,1,0.40729959805806476
3181,0,0.4470456739266713
3182,0,0.12062450746695201
3183,0,0.06974428271253903
3184,0,0.09949103494485219
3185,1,0.10443828503290813
3186,0,0.4470456739266713
3187,0,0.6922701001167297
3188,0,0.3578697144985199
3189,0,0.14737562835216522
3190,1,0.2157363990942637
3191,0,0.1750787595907847
3192,1,0.6292468110720316
3193,0,0.12767486770947775
3194,0,0.4470456739266713
3195,1,0.09949103494485219
3196,0,0.1270181139310201
3197,0,0.09949103494485219
3198,0,0.3578697144985199
3199,0,0.22023382286230722
3200,0,0.16412802040576935
3201,0,0.09949103494485219
3202,0,0.11215529839197795
3203,0,0.09041840707262357
3204,0,0.28418009479840595
3205,0,0.09426016733050346
3206,1,0.09949103494485219
3207,0,0.5952912370363871
3208,1,0.28418009479840595
3209,0,0.1270181139310201
3210,1,0.31230490406354267
3211,0,0.22023382286230722
3212,0,0.2722251017888387
3213,0,0.13134859005610147
3214,0,0.4500631292661031
3215,0,0.09949103494485219
3216,0,0.16412802040576935
3217,1,0.22023382286230722
3218,0,0.09949103494485219
3219,1,0.22023382286230722
3220,0,0.14737562835216522
3221,0,0.1606395790974299
3222,0,0.4145099918047587
3223,0,0.09949103494485219
3224,1,0.48190967241923016
3225,0,0.37042423089345294
3226,0,0.12767486770947775
3227,1,0.5367150902748108
3228,1,0.23960714042186737
3229,0,0.5148873527844747
3230,1,0.6292468110720316
3231,0,0.09949103494485219
3232,0,0.3680640757083893
3233,0,0.4788922170797984
3234,0,0.37042423089345294
3235,1,0.09949103494485219
3236,0,0.28418009479840595
3237,0,0.33012237151463825
3238,1,0.783443808555603
3239,1,0.37042423089345294
3240,0,0.6849722663561503
3241,0,0.12482619285583496
3242,1,0.8997557957967123
3243,1,0.7508884072303772
3244,0,0.09949103494485219
3245,1,0.22023382286230722
3246,0,0.8997557957967123
3247,0,0.18164527416229248
3248,0,0.32109471162160236
3249,0,0.13626408080259958
3250,0,0.12482619285583496
3251,0,0.3578697144985199
3252,1,0.5367150902748108
3253,1,0.16673029959201813
3254,0,0.12767486770947775
3255,1,0.19190336763858795
3256,1,0.8505050539970398
3257,0,0.15229111909866333
3258,1,0.3204767107963562
3259,0,0.06989959999918938
3260,0,0.33550431330998737
3261,1,0.22023382286230722
3262,0,0.14737562835216522
3263,0,0.2603470633427302
3264,0,0.15717355410257974
3265,0,0.37042423089345294
3266,0,0.09426016733050346
3267,0,0.224170982837677
3268,0,0.30937989552815753
3269,0,0.09949103494485219
3270,1,0.09685894350210826
3271,0,0.3909330566724141
3272,0,0.28435635566711426
3273,1,0.33012237151463825
3274,0,0.09949103494485219
3275,0,0.1163569837808609
3276,0,0.09949103494485219
3277,1,0.4470456739266713
3278,0,0.22023382286230722
3279,0,0.16458010176817575
3280,1,0.4519798854986827
3281,0,0.12346120675404866
3282,0,0.22023382286230722
3283,1,0.1954602748155594
3284,0,0.09949103494485219
3285,1,0.22023382286230722
3286,0,0.5952912370363871
3287,0,0.09949103494485219
3288,1,0.7641592224438986
3289,0,0.22023382286230722
3290,1,0.5423746705055237
3291,0,0.09949103494485219
3292,0,0.5952912370363871
3293,1,0.12779168287913004
3294,1,0.48190967241923016
3295,0,0.3204767107963562
3296,0,0.0759682518740495
3297,0,0.24009289840857187
3298,0,0.09949103494485219
3299,0,0.13134859005610147
3300,0,0.0759682518740495
3301,0,0.0759682518740495
3302,0,0.22023382286230722
3303,0,0.3578697144985199
3304,0,0.12767486770947775
3305,1,0.41424254576365155
3306,0,0.09949103494485219
3307,0,0.12128126124540965
3308,0,0.3578697144985199
3309,0,0.08501943821708362
3310,1,0.4470456739266713
3311,0,0.09949103494485219
3312,0,0.1284903089205424
3313,0,0.6922701001167297
3314,0,0.12126928567886353
3315,0,0.12767486770947775
3316,1,0.2603470633427302
3317,0,0.0759682518740495
3318,1,0.6922701001167297
3319,0,0.2722251017888387
3320,0,0.09949103494485219
3321,0,0.0759682518740495
3322,0,0.6292468110720316
3323,0,0.06798926492532094
3324,0,0.39732542634010315
3325,0,0.17905397713184357
3326,0,0.1487011561791102
3327,0,0.15229111909866333
3328,1,0.7508884072303772
3329,0,0.4485076665878296
3330,0,0.2603470633427302
3331,0,0.1005072941382726
3332,0,0.12346120675404866
3333,0,0.35837329427401227
3334,1,0.6842315196990967
3335,0,0.09949103494485219
3336,0,0.09401528785626094
3337,1,0.17905397713184357
3338,1,0.6849722663561503
3339,1,0.5423746705055237
3340,0,0.1556556224822998
3341,0,0.09949103494485219
3342,0,0.35837329427401227
3343,0,0.3204767107963562
3344,1,0.3493456343809764
3345,0,0.22023382286230722
3346,0,0.09949103494485219
3347,0,0.2952769100666046
3348,0,0.09426016733050346
3349,1,0.3578697144985199
3350,0,0.1270181139310201
3351,0,0.09949103494485219
3352,0,0.6769851446151733
3353,0,0.07142605632543564
3354,1,0.4788922170797984
3355,0,0.09949103494485219
3356,0,0.31902555624643963
3357,0,0.15347019334634146
3358,0,0.09949103494485219
3359,0,0.23960714042186737
3360,0,0.12346120675404866
3361,1,0.6292468110720316
3362,0,0.2603470633427302
3363,1,0.2603470633427302
3364,0,0.06974428271253903
3365,0,0.09949103494485219
3366,0,0.10443828503290813
3367,0,0.12128126124540965
3368,0,0.12767486770947775
3369,0,0.4145099918047587
3370,1,0.4553152819474538
3371,0,0.1270181139310201
3372,0,0.06798926492532094
3373,0,0.5423746705055237
3374,0,0.06967103853821754
3375,0,0.10799519220987956
3376,0,0.09949103494485219
3377,1,0.33012237151463825
3378,1,0.5952912370363871
3379,0,0.3524877727031708
3380,0,0.37042423089345294
3381,0,0.4788922170797984
3382,1,0.6292468110720316
3383,0,0.12062450746695201
3384,1,0.5792729655901591
3385,0,0.11215529839197795
3386,1,0.4145099918047587
3387,1,0.1764516979455948
3388,0,0.1844381590684255
3389,1,0.1270181139310201
3390,1,0.6138366460800171
3391,0,0.33012237151463825
3392,0,0.3909330566724141
3393,1,0.8184640606244405
3394,1,0.39732542634010315
3395,0,0.8184640606244405
3396,0,0.4145099918047587
3397,1,0.26220662395159405
3398,0,0.11571220556894939
3399,0,0.22023382286230722
3400,1,0.6292468110720316
3401,0,0.09949103494485219
3402,1,0.7641592224438986
3403,1,0.5423746705055237
3404,0,0.09949103494485219
3405,0,0.09949103494485219
3406,0,0.15229111909866333
3407,1,0.6849722663561503
3408,0,0.1270181139310201
3409,0,0.24009289840857187
3410,0,0.0759682518740495
3411,1,0.5367150902748108
3412,0,0.33012237151463825
3413,0,0.28418009479840595
3414,0,0.17292856176694235
3415,1,0.5792729655901591
3416,0,0.2722251017888387
3417,0,0.3909330566724141
3418,0,0.13924063245455423
3419,1,0.09949103494485219
3420,0,0.5423746705055237
3421,1,0.5367150902748108
3422,0,0.24009289840857187
3423,0,0.35522568225860596
3424,1,0.4949026107788086
3425,0,0.09949103494485219
3426,0,0.15717355410257974
3427,0,0.16458010176817575
3428,0,0.18658835689226785
3429,0,0.11571220556894939
3430,0,0.09426016733050346
3431,0,0.06798926492532094
3432,0,0.1270181139310201
3433,1,0.5952912370363871
3434,0,0.09949103494485219
3435,0,0.31902555624643963
3436,0,0.3204767107963562
3437,1,0.09949103494485219
3438,0,0.06798926492532094
3439,1,0.6623546878496805
3440,0,0.09426016733050346
3441,1,0.1750787595907847
3442,1,0.6292468110720316
3443,1,0.24416237076123556
3444,0,0.22023382286230722
3445,1,0.6849722663561503
3446,1,0.37042423089345294
3447,0,0.10443828503290813
3448,1,0.6922701001167297
3449,0,0.2603470633427302
3450,0,0.6922701001167297
3451,0,0.4145099918047587
3452,0,0.06798926492532094
3453,0,0.16412802040576935
3454,1,0.5792729655901591
3455,0,0.08496410151322682
3456,0,0.13626408080259958
3457,0,0.11215529839197795
3458,1,0.7469152609507242
3459,0,0.6922701001167297
3460,1,0.09949103494485219
3461,1,0.28418009479840595
3462,1,0.6623546878496805
3463,0,0.24009289840857187
3464,0,0.1270181139310201
3465,0,0.09949103494485219
3466,0,0.22023382286230722
3467,0,0.18658835689226785
3468,0,0.2643210192521413
3469,0,0.25281142195065814
3470,0,0.09426016733050346
3471,0,0.2722251017888387
3472,0,0.0759682518740495
3473,1,0.37042423089345294
3474,0,0.07519103835026424
3475,0,0.6922701001167297
3476,1,0.8184640606244405
3477,0,0.08496410151322682
3478,0,0.33550431330998737
3479,0,0.3204767107963562
3480,1,0.13267411788304648
3481,0,0.06798926492532094
3482,1,0.28418009479840595
3483,0,0.30120808879534405
3484,0,0.3045484224955241
3485,0,0.09949103494485219
3486,0,0.22023382286230722
3487,1,0.783443808555603
3488,1,0.5423746705055237
3489,1,0.8184640606244405
3490,0,0.3204767107963562
3491,0,0.1298374185959498
3492,0,0.10304794212182362
3493,0,0.37241453925768536
3494,1,0.7469152609507242
3495,1,0.48190967241923016
3496,0,0.22023382286230722
3497,0,0.4470456739266713
3498,1,0.1270181139310201
3499,1,0.09949103494485219
3500,0,0.11215529839197795
3501,0,0.31230490406354267
3502,1,0.5952912370363871
3503,0,0.22023382286230722
3504,0,0.2817651828130086
3505,1,0.5367150902748108
3506,1,0.6849722663561503
3507,1,0.5367150902748108
3508,1,0.0797332338988781
3509,0,0.27930842339992523
3510,0,0.5952912370363871
3511,0,0.32741740345954895
3512,1,0.4470456739266713
3513,1,0.7469152609507242
3514,0,0.06798926492532094
3515,0,0.6623546878496805
3516,0,0.12062450746695201
3517,1,0.37042423089345294
3518,0,0.22023382286230722
3519,0,0.22023382286230722
3520,0,0.13259035845597586
3521,0,0.37042423089345294
3522,0,0.5148873527844747
3523,0,0.18658835689226785
3524,0,0.09949103494485219
3525,0,0.09949103494485219
3526,0,0.5792729655901591
3527,0,0.22023382286230722
3528,0,0.3909330566724141
3529,1,0.3578697144985199
3530,0,0.09949103494485219
3531,0,0.09949103494485219
3532,0,0.22023382286230722
3533,0,0.15225806335608164
3534,0,0.4470456739266713
3535,1,0.259466215968132
3536,0,0.17292856176694235
3537,1,0.27480852603912354
3538,0,0.10443828503290813
3539,1,0.17292856176694235
3540,0,0.4145099918047587
3541,0,0.1163569837808609
3542,1,0.4398593604564667
3543,0,0.12767486770947775
3544,0,0.22023382286230722
3545,1,0.23599056402842203
3546,0,0.30937989552815753
3547,0,0.07142605632543564
3548,1,0.49421635270118713
3549,0,0.13134859005610147
3550,1,0.6292468110720316
3551,0,0.1954602748155594
3552,0,0.09949103494485219
3553,0,0.3076062500476837
3554,0,0.1298374185959498
3555,1,0.5423746705055237
3556,0,0.09949103494485219
3557,0,0.2952769100666046
3558,0,0.4145099918047587
3559,0,0.1606395790974299
3560,0,0.18658835689226785
3561,1,0.3909330566724141
3562,0,0.11571220556894939
3563,0,0.09426016733050346
3564,0,0.4788922170797984
3565,0,0.3909330566724141
3566,1,0.6623546878496805
3567,0,0.09949103494485219
3568,1,0.5952912370363871
3569,0,0.16412802040576935
3570,0,0.1954602748155594
3571,0,0.7508884072303772
3572,0,0.35522568225860596
3573,1,0.4788922170797984
3574,0,0.22023382286230722
3575,0,0.09949103494485219
3576,0,0.1844381590684255
3577,1,0.31230490406354267
3578,0,0.20600426197052002
3579,1,0.6922701001167297
3580,0,0.09949103494485219
3581,0,0.15717355410257974
3582,0,0.1298374185959498
3583,0,0.2722251017888387
3584,1,0.3909330566724141
3585,0,0.09426016733050346
3586,0,0.1668392171462377
3587,0,0.3524877727031708
3588,1,0.22023382286230722
3589,1,0.5423746705055237
3590,1,0.40729959805806476
3591,0,0.10799519220987956
3592,1,0.8184640606244405
3593,0,0.24009289840857187
3594,0,0.09949103494485219
3595,0,0.09426016733050346
3596,0,0.36022986968358356
3597,1,0.6922701001167297
3598,1,0.09949103494485219
3599,0,0.28418009479840595
3600,0,0.1270181139310201
3601,0,0.5952912370363871
3602,0,0.2603470633427302
3603,0,0.23960714042186737
3604,0,0.4145099918047587
3605,0,0.22023382286230722
3606,0,0.3909330566724141
3607,0,0.6842315196990967
3608,0,0.22023382286230722
3609,1,0.6449512441953024
3610,0,0.22023382286230722
3611,0,0.33012237151463825
3612,0,0.0956492746869723
3613,0,0.1284903089205424
3614,0,0.31230490406354267
3615,0,0.06798926492532094
3616,0,0.09949103494485219
3617,0,0.3204767107963562
3618,0,0.0759682518740495
3619,0,0.09949103494485219
3620,1,0.36022986968358356
3621,0,0.09949103494485219
3622,0,0.6623546878496805
3623,0,0.24048798779646555
3624,0,0.28418009479840595
3625,0,0.15229111909866333
3626,0,0.1163569837808609
3627,1,0.09949103494485219
3628,1,0.0956492746869723
3629,1,0.37042423089345294
3630,0,0.1241179605325063
3631,0,0.33550431330998737
3632,0,0.11215529839197795
3633,0,0.15717355410257974
3634,0,0.18658835689226785
3635,1,0.6849722663561503
3636,1,0.6138366460800171
3637,0,0.24048798779646555
3638,1,0.8184640606244405
3639,0,0.1270181139310201
3640,0,0.10443828503290813
3641,1,0.35837329427401227
3642,1,0.3909330566724141
3643,0,0.09949103494485219
3644,0,0.06798926492532094
3645,0,0.09949103494485219
3646,1,0.48190967241923016
3647,1,0.6922701001167297
3648,0,0.0759682518740495
3649,0,0.3680640757083893
3650,0,0.0759682518740495
3651,0,0.15717355410257974
3652,0,0.6292468110720316
3653,0,0.6292468110720316
3654,0,0.12126928567886353
3655,0,0.33550431330998737
3656,0,0.12779168287913004
3657,0,0.12346120675404866
3658,0,0.4485076665878296
3659,0,0.11571220556894939
3660,0,0.09949103494485219
3661,1,0.7161670327186584
3662,0,0.13640393316745758
3663,0,0.12767486770947775
3664,0,0.6292468110720316
3665,1,0.783443808555603
3666,1,0.3204767107963562
3667,1,0.7641592224438986
3668,0,0.30937989552815753
3669,0,0.12779168287913004
3670,0,0.0759682518740495
3671,0,0.47514132658640545
3672,1,0.2722251017888387
3673,1,0.5850475827852885
3674,0,0.259466215968132
3675,0,0.09426016733050346
3676,0,0.06798926492532094
3677,0,0.11215529839197795
3678,0,0.11571220556894939
3679,0,0.22023382286230722
3680,1,0.3909330566724141
3681,1,0.4667024413744609
3682,0,0.16949723164240518
3683,0,0.28418009479840595
3684,0,0.09949103494485219
3685,1,0.574891726175944
3686,0,0.16412802040576935
3687,0,0.5423746705055237
3688,0,0.06798926492532094
3689,0,0.5148873527844747
3690,1,0.48190967241923016
3691,0,0.15717355410257974
3692,0,0.22023382286230722
3693,1,0.5952912370363871
3694,1,0.31230490406354267
3695,1,0.7641592224438986
3696,1,0.6922701001167297
3697,0,0.13626408080259958
3698,0,0.22023382286230722
3699,0,0.20872422556082407
3700,0,0.06798926492532094
3701,0,0.5792729655901591
3702,1,0.6849722663561503
3703,1,0.6849722663561503
3704,1,0.558873454729716
3705,0,0.24009289840857187
3706,1,0.1334057996670405
3707,0,0.06798926492532094
3708,0,0.12767486770947775
3709,1,0.3204767107963562
3710,1,0.6292468110720316
3711,1,0.25236602624257404
3712,1,0.5792729655901591
3713,0,0.5148873527844747
3714,0,0.6849722663561503
3715,1,0.5367150902748108
3716,0,0.22023382286230722
3717,0,0.34984374046325684
3718,1,0.783443808555603
3719,0,0.4145099918047587
3720,0,0.09426016733050346
3721,0,0.22023382286230722
3722,0,0.06798926492532094
3723,0,0.09949103494485219
3724,0,0.33550431330998737
3725,0,0.08501943821708362
3726,0,0.09949103494485219
3727,1,0.574891726175944
3728,0,0.2603470633427302
3729,0,0.1487011561791102
3730,0,0.06798926492532094
3731,0,0.0759682518740495
3732,0,0.0759682518740495
3733,1,0.3204767107963562
3734,0,0.24009289840857187
3735,0,0.1270181139310201
3736,1,0.3909330566724141
3737,0,0.22023382286230722
3738,0,0.22023382286230722
3739,0,0.15717355410257974
3740,0,0.12767486770947775
3741,0,0.6849722663561503
3742,0,0.1844381590684255
3743,0,0.6292468110720316
3744,0,0.1270181139310201
3745,0,0.10443828503290813
3746,0,0.12767486770947775
3747,0,0.1270181139310201
3748,0,0.10443828503290813
3749,0,0.17905397713184357
3750,1,0.3909330566724141
3751,0,0.12767486770947775
3752,0,0.12767486770947775
3753,0,0.17214917639891306
3754,0,0.2862492501735687
3755,0,0.09949103494485219
3756,1,0.2603470633427302
3757,1,0.22023382286230722
3758,0,0.22023382286230722
3759,0,0.15229111909866333
3760,0,0.1241179605325063
3761,0,0.09949103494485219
3762,1,0.28418009479840595
3763,1,0.8505050539970398
3764,0,0.06798926492532094
3765,0,0.09949103494485219
3766,0,0.4378194808959961
3767,1,0.6922701001167297
3768,0,0.15526767075061798
3769,0,0.15526767075061798
3770,1,0.18164527416229248
3771,0,0.22023382286230722
3772,1,0.3032772441705068
3773,0,0.5952912370363871
3774,0,0.5792729655901591
3775,0,0.1270181139310201
3776,0,0.5952912370363871
3777,0,0.783443808555603
3778,0,0.1270181139310201
3779,1,0.2603470633427302
3780,0,0.24048798779646555
3781,0,0.1844381590684255
3782,0,0.1270181139310201
3783,0,0.3909330566724141
3784,0,0.1334057996670405
3785,1,0.16412802040576935
3786,0,0.12493340174357097
3787,0,0.11215529839197795
3788,0,0.5423746705055237
3789,0,0.5792729655901591
3790,0,0.09949103494485219
3791,1,0.15229111909866333
3792,0,0.22023382286230722
3793,0,0.09949103494485219
3794,0,0.3909330566724141
3795,0,0.2722251017888387
3796,0,0.1241179605325063
3797,1,0.37042423089345294
3798,0,0.12767486770947775
3799,0,0.5792729655901591
3800,0,0.06798926492532094
3801,0,0.2603470633427302
3802,1,0.12447746594746907
3803,0,0.3466786742210388
3804,1,0.6922701001167297
3805,0,0.0759682518740495
3806,1,0.2603470633427302
3807,1,0.8906804323196411
3808,1,0.574891726175944
3809,1,0.23960714042186737
3810,0,0.24009289840857187
3811,1,0.0956492746869723
3812,1,0.4788922170797984
3813,1,0.1270181139310201
3814,1,0.2895208199818929
3815,0,0.5423746705055237
3816,0,0.5952912370363871
3817,0,0.06798926492532094
3818,0,0.1270181139310201
3819,0,0.6849722663561503
3820,0,0.18164527416229248
3821,0,0.4470456739266713
3822,1,0.22023382286230722
3823,1,0.5792729655901591
3824,0,0.4145099918047587
3825,0,0.09949103494485219
3826,1,0.4788922170797984
3827,0,0.39732542634010315
3828,0,0.1270181139310201
3829,0,0.22023382286230722
3830,0,0.33012237151463825
3831,0,0.28418009479840595
3832,0,0.2603470633427302
3833,0,0.6138366460800171
3834,1,0.2603470633427302
3835,1,0.783443808555603
3836,0,0.22023382286230722
3837,0,0.12346120675404866
3838,0,0.1270181139310201
3839,0,0.1270181139310201
3840,0,0.31230490406354267
3841,0,0.12346120675404866
3842,0,0.1270181139310201
3843,1,0.37042423089345294
3844,0,0.10443828503290813
3845,0,0.33012237151463825
3846,0,0.28418009479840595
3847,0,0.4145099918047587
3848,0,0.7508884072303772
3849,0,0.09949103494485219
3850,0,0.06798926492532094
3851,0,0.15229111909866333
3852,1,0.6842315196990967
3853,0,0.3032772441705068
3854,0,0.23954747120539346
3855,0,0.18658835689226785
3856,0,0.09949103494485219
3857,1,0.7641592224438986
3858,1,0.7641592224438986
3859,0,0.15717355410257974
3860,0,0.1606395790974299
3861,0,0.1270181139310201
3862,0,0.15717355410257974
3863,0,0.1750787595907847
3864,1,0.8997557957967123
3865,0,0.06798926492532094
3866,0,0.6849722663561503
3867,1,0.4667024413744609
3868,0,0.12495498359203339
3869,1,0.24048798779646555
3870,1,0.2952769100666046
3871,0,0.5423746705055237
3872,0,0.28418009479840595
3873,1,0.6842315196990967
3874,0,0.22023382286230722
3875,0,0.09949103494485219
3876,0,0.1270181139310201
3877,0,0.09426016733050346
3878,0,0.1270181139310201
3879,0,0.09949103494485219
3880,0,0.22023382286230722
3881,0,0.09949103494485219
3882,0,0.22023382286230722
3883,0,0.12767486770947775
3884,0,0.10443828503290813
3885,0,0.37042423089345294
3886,0,0.06798926492532094
3887,0,0.45499734083811444
3888,1,0.2722251017888387
3889,0,0.09949103494485219
3890,0,0.15717355410257974
3891,1,0.16949723164240518
3892,0,0.1284903089205424
3893,0,0.23599056402842203
3894,0,0.5148873527844747
3895,1,0.7641592224438986
3896,0,0.09949103494485219
3897,0,0.4145099918047587
3898,0,0.22023382286230722
3899,0,0.31230490406354267
3900,0,0.3680640757083893
3901,0,0.5025806725025177
3902,0,0.3204767107963562
3903,0,0.15717355410257974
3904,0,0.5952912370363871
3905,0,0.09949103494485219
3906,0,0.33012237151463825
3907,0,0.2952769100666046
3908,0,0.24009289840857187
3909,1,0.5792729655901591
3910,1,0.783443808555603
3911,0,0.1270181139310201
3912,0,0.09949103494485219
3913,0,0.10059652477502823
3914,0,0.14737562835216522
3915,0,0.12495498359203339
3916,0,0.22023382286230722
3917,0,0.06798926492532094
3918,0,0.12767486770947775
3919,1,0.6584899624188741
3920,1,0.22023382286230722
3921,0,0.28418009479840595
3922,0,0.20600426197052002
3923,1,0.30120808879534405
3924,0,0.2862492501735687
3925,0,0.24009289840857187
3926,0,0.4788922170797984
3927,0,0.09426016733050346
3928,0,0.06798926492532094
3929,0,0.0887844202419122
3930,1,0.6292468110720316
3931,0,0.0759682518740495
3932,1,0.0759682518740495
3933,0,0.09949103494485219
3934,0,0.1270181139310201
3935,1,0.7508884072303772
3936,0,0.6292468110720316
3937,0,0.09949103494485219
3938,0,0.10443828503290813
3939,0,0.3959914743900299
3940,0,0.22023382286230722
3941,0,0.3680640757083893
3942,0,0.3909330566724141
3943,1,0.1487011561791102
3944,0,0.4788922170797984
3945,1,0.2743929326534271
3946,0,0.16949723164240518
3947,0,0.259466215968132
3948,1,0.3578697144985199
3949,0,0.07142605632543564
3950,0,0.16458010176817575
3951,0,0.09949103494485219
3952,0,0.09949103494485219
3953,0,0.31230490406354267
3954,1,0.2157363990942637
3955,0,0.37241453925768536
3956,1,0.12062450746695201
3957,0,0.3204767107963562
3958,1,0.3578697144985199
3959,0,0.5512032707532247
3960,0,0.06974428271253903
3961,0,0.12062450746695201
3962,0,0.09426016733050346
3963,0,0.6849722663561503
3964,0,0.17247648040453592
3965,0,0.2603470633427302
3966,0,0.09949103494485219
3967,0,0.48190967241923016
3968,0,0.09401528785626094
3969,0,0.3204767107963562
3970,0,0.0759682518740495
3971,1,0.4788922170797984
3972,1,0.47698525587717694
3973,0,0.48190967241923016
3974,0,0.08496410151322682
3975,1,0.7641592224438986
3976,1,0.3204767107963562
3977,1,0.2952769100666046
3978,1,0.6623546878496805
3979,0,0.1270181139310201
3980,0,0.0759682518740495
3981,0,0.4145099918047587
3982,0,0.10443828503290813
3983,0,0.3578697144985199
3984,0,0.1270181139310201
3985,1,0.3909330566724141
3986,1,0.6292468110720316
3987,0,0.25236602624257404
3988,0,0.22023382286230722
3989,0,0.29057825605074566
3990,0,0.22023382286230722
3991,0,0.09949103494485219
3992,0,0.06798926492532094
3993,0,0.1241179605325063
3994,0,0.37042423089345294
3995,0,0.27144387861092883
3996,1,0.783443808555603
3997,0,0.4470456739266713
3998,0,0.09949103494485219
3999,0,0.09949103494485219
4000,1,0.24048798779646555
4001,0,0.09949103494485219
4002,0,0.15717355410257974
4003,1,0.16412802040576935
4004,0,0.28418009479840595
4005,0,0.09949103494485219
4006,1,0.4788922170797984
4007,0,0.1284903089205424
4008,0,0.09949103494485219
4009,1,0.5367150902748108
4010,1,0.3578697144985199
4011,0,0.09949103494485219
4012,0,0.2003757655620575
4013,0,0.22023382286230722
4014,1,0.12767486770947775
4015,0,0.09949103494485219
4016,0,0.0759682518740495
4017,0,0.10443828503290813
4018,0,0.06967103853821754
4019,0,0.6292468110720316
4020,1,0.6849722663561503
4021,0,0.5792729655901591
4022,0,0.31230490406354267
4023,1,0.3578697144985199
4024,1,0.33550431330998737
4025,0,0.06798926492532094
4026,0,0.22023382286230722
4027,1,0.7641592224438986
4028,0,0.15717355410257974
4029,1,0.4788922170797984
4030,0,0.15229111909866333
4031,0,0.06798926492532094
4032,1,0.33012237151463825
4033,1,0.6922701001167297
4034,0,0.18658835689226785
4035,0,0.1270181139310201
4036,0,0.6922701001167297
4037,1,0.5792729655901591
4038,1,0.16949723164240518
4039,0,0.30937989552815753
4040,0,0.18658835689226785
4041,0,0.1270181139310201
4042,0,0.3909330566724141
4043,1,0.3909330566724141
4044,0,0.1606395790974299
4045,0,0.2603470633427302
4046,0,0.33550431330998737
4047,0,0.2647472719351451
4048,0,0.1270181139310201
4049,1,0.7641592224438986
4050,0,0.4145099918047587
4051,0,0.09949103494485219
4052,0,0.06974428271253903
4053,0,0.13134859005610147
4054,0,0.06798926492532094
4055,0,0.06798926492532094
4056,0,0.48190967241923016
4057,0,0.10443828503290813
4058,0,0.3578697144985199
4059,0,0.3204767107963562
4060,0,0.1284903089205424
4061,0,0.09949103494485219
4062,1,0.08496410151322682
4063,1,0.48190967241923016
4064,0,0.1284903089205424
4065,1,0.3204767107963562
4066,0,0.22023382286230722
4067,0,0.24009289840857187
4068,0,0.09949103494485219
4069,0,0.35522568225860596
4070,1,0.33550431330998737
4071,1,0.6449512441953024
4072,0,0.09426016733050346
4073,0,0.3909330566724141
4074,0,0.0759682518740495
4075,0,0.13259035845597586
4076,0,0.2643210192521413
4077,0,0.12767486770947775
4078,0,0.09949103494485219
4079,0,0.09949103494485219
4080,0,0.13267411788304648
4081,0,0.18398607770601907
4082,0,0.28418009479840595
4083,1,0.14737562835216522
4084,0,0.09949103494485219
4085,0,0.06798926492532094
4086,1,0.7161670327186584
4087,0,0.22023382286230722
4088,1,0.1241179605325063
4089,0,0.33550431330998737
4090,0,0.3909330566724141
4091,0,0.10443828503290813
4092,0,0.3204767107963562
4093,0,0.2862492501735687
4094,0,0.06798926492532094
4095,0,0.1334057996670405
4096,0,0.06798926492532094
4097,0,0.5792729655901591
4098,0,0.18658835689226785
4099,0,0.1270181139310201
4100,0,0.299166480700175
4101,0,0.14737562835216522
4102,1,0.6849722663561503
4103,0,0.22023382286230722
4104,1,0.36022986968358356
4105,0,0.6623546878496805
4106,0,0.1270181139310201
4107,1,0.6849722663561503
4108,0,0.5217036704222361
4109,0,0.09949103494485219
4110,0,0.18658835689226785
4111,1,0.2952769100666046
4112,0,0.09949103494485219
4113,0,0.22023382286230722
4114,1,0.5367150902748108
4115,0,0.2952769100666046
4116,1,0.7469152609507242
4117,0,0.18658835689226785
4118,0,0.18658835689226785
4119,1,0.3204767107963562
4120,1,0.35522568225860596
4121,0,0.09949103494485219
4122,1,0.7641592224438986
4123,0,0.3909330566724141
4124,0,0.09949103494485219
4125,1,0.28418009479840595
4126,0,0.09949103494485219
4127,1,0.6623546878496805
4128,0,0.6922701001167297
4129,0,0.1241179605325063
4130,0,0.09949103494485219
4131,0,0.12767486770947775
4132,0,0.13134859005610147
4133,1,0.7641592224438986
4134,0,0.35522568225860596
4135,1,0.35522568225860596
4136,0,0.12495498359203339
4137,1,0.659581700960795
4138,0,0.3524877727031708
4139,0,0.22023382286230722
4140,1,0.6922701001167297
4141,0,0.4519798854986827
4142,0,0.0797332338988781
4143,0,0.11215529839197795
4144,1,0.2952769100666046
4145,0,0.09949103494485219
4146,0,0.48190967241923016
4147,1,0.2722251017888387
4148,0,0.31230490406354267
4149,1,0.5512032707532247
4150,0,0.09949103494485219
4151,0,0.15347019334634146
4152,0,0.1284903089205424
4153,0,0.5952912370363871
4154,0,0.477718045314153
4155,0,0.2063863625129064
4156,0,0.1606395790974299
4157,0,0.4378194808959961
4158,0,0.3204767107963562
4159,1,0.06798926492532094
4160,1,0.06798926492532094
4161,0,0.1750787595907847
4162,0,0.0759682518740495
4163,0,0.16412802040576935
4164,0,0.0759682518740495
4165,0,0.2722251017888387
4166,0,0.09949103494485219
4167,0,0.3909330566724141
4168,0,0.24416237076123556
4169,0,0.31230490406354267
4170,0,0.22023382286230722
4171,0,0.12767486770947775
4172,0,0.1241179605325063
4173,0,0.09949103494485219
4174,0,0.12767486770947775
4175,0,0.06798926492532094
4176,1,0.31230490406354267
4177,0,0.0759682518740495
4178,0,0.22023382286230722
4179,0,0.1954602748155594
4180,0,0.08496410151322682
4181,0,0.3466786742210388
4182,1,0.6922701001167297
4183,1,0.4267452855904897
4184,0,0.20738443235556284
4185,0,0.11571220556894939
4186,0,0.16552201410134634
4187,1,0.5148873527844747
4188,0,0.12346120675404866
4189,0,0.0759682518740495
4190,1,0.22023382286230722
4191,0,0.5148873527844747
4192,0,0.3909330566724141
4193,1,0.36022986968358356
4194,0,0.22023382286230722
4195,0,0.09949103494485219
4196,0,0.06967103853821754
4197,0,0.33012237151463825
4198,0,0.6922701001167297
4199,0,0.18658835689226785
4200,0,0.09949103494485219
4201,0,0.11215529839197795
4202,0,0.33012237151463825
4203,0,0.09949103494485219
4204,1,0.3204767107963562
4205,0,0.22023382286230722
4206,0,0.09949103494485219
4207,0,0.09041840707262357
4208,0,0.12767486770947775
4209,1,0.3578697144985199
4210,1,0.659581700960795
4211,0,0.37042423089345294
4212,1,0.6922701001167297
4213,0,0.3466786742210388
4214,0,0.08496410151322682
4215,0,0.18658835689226785
4216,0,0.1334057996670405
4217,0,0.28418009479840595
4218,0,0.09949103494485219
4219,0,0.4145099918047587
4220,0,0.1844381590684255
4221,0,0.10443828503290813
4222,1,0.28418009479840595
4223,0,0.3909330566724141
4224,0,0.1954602748155594
4225,0,0.2603470633427302
4226,0,0.5148873527844747
4227,0,0.4145099918047587
4228,0,0.36022986968358356
4229,0,0.23960714042186737
4230,1,0.33550431330998737
4231,0,0.09949103494485219
4232,0,0.4470456739266713
4233,0,0.12767486770947775
4234,1,0.7508884072303772
4235,0,0.33550431330998737
4236,0,0.28418009479840595
4237,1,0.42493073145548504
4238,0,0.06798926492532094
4239,0,0.12126928567886353
4240,1,0.2603470633427302
4241,0,0.09949103494485219
4242,0,0.22023382286230722
4243,1,0.5423746705055237
4244,0,0.07428647826115291
4245,1,0.16458010176817575
4246,0,0.3578697144985199
4247,0,0.3680640757083893
4248,1,0.4949026107788086
4249,0,0.5952912370363871
4250,0,0.4267452855904897
4251,0,0.06798926492532094
4252,0,0.16412802040576935
4253,0,0.28418009479840595
4254,0,0.14737562835216522
4255,1,0.6292468110720316
4256,1,0.6849722663561503
4257,0,0.22023382286230722
4258,0,0.33012237151463825
4259,0,0.09949103494485219
4260,0,0.37042423089345294
4261,0,0.09949103494485219
4262,0,0.24009289840857187
4263,0,0.06798926492532094
4264,0,0.06974428271253903
4265,1,0.4780196249485016
4266,0,0.23954747120539346
4267,0,0.09949103494485219
4268,0,0.1270181139310201
4269,0,0.2708360254764557
4270,0,0.12767486770947775
4271,0,0.09041840707262357
4272,1,0.1270181139310201
4273,0,0.1764516979455948
4274,0,0.2722251017888387
4275,0,0.5952912370363871
4276,0,0.18658835689226785
4277,0,0.1750787595907847
4278,0,0.18164527416229248
4279,0,0.558873454729716
4280,0,0.4145099918047587
4281,1,0.16552201410134634
4282,0,0.19315487146377563
4283,0,0.31230490406354267
4284,0,0.0797332338988781
4285,0,0.0759682518740495
4286,0,0.15229111909866333
4287,0,0.1270181139310201
4288,0,0.09949103494485219
4289,0,0.12779168287913004
4290,0,0.4267452855904897
4291,0,0.09949103494485219
4292,1,0.574891726175944
4293,0,0.3204767107963562
4294,1,0.6292468110720316
4295,0,0.4470456739266713
4296,0,0.31230490406354267
4297,0,0.22023382286230722
4298,0,0.783443808555603
4299,0,0.09949103494485219
4300,0,0.0759682518740495
4301,0,0.6292468110720316
4302,1,0.4470456739266713
4303,0,0.23960714042186737
4304,1,0.7641592224438986
4305,0,0.5423746705055237
4306,0,0.4470456739266713
4307,0,0.1487011561791102
4308,0,0.15347019334634146
4309,0,0.5148873527844747
4310,1,0.6922701001167297
4311,0,0.09949103494485219
4312,0,0.15596476197242737
4313,0,0.5952912370363871
4314,0,0.37042423089345294
4315,0,0.06974428271253903
4316,0,0.4470456739266713
4317,1,0.22023382286230722
4318,0,0.06798926492532094
4319,0,0.09949103494485219
4320,0,0.22023382286230722
4321,0,0.22023382286230722
4322,0,0.0759682518740495
4323,1,0.14737562835216522
4324,1,0.23960714042186737
4325,0,0.1270181139310201
4326,1,0.4470456739266713
4327,0,0.12767486770947775
4328,0,0.16949723164240518
4329,1,0.18658835689226785
4330,0,0.12062450746695201
4331,0,0.10799519220987956
4332,1,0.5952912370363871
4333,1,0.23960714042186737
4334,0,0.09949103494485219
4335,1,0.5792729655901591
4336,0,0.6138366460800171
4337,0,0.5367150902748108
4338,1,0.5952912370363871
4339,1,0.22023382286230722
4340,0,0.24009289840857187
4341,1,0.2603470633427302
4342,0,0.3909330566724141
4343,0,0.2895208199818929
4344,1,0.6623546878496805
4345,1,0.3909330566724141
4346,0,0.7469152609507242
4347,0,0.14737562835216522
4348,1,0.6449512441953024
4349,1,0.0759682518740495
4350,0,0.09949103494485219
4351,0,0.6292468110720316
4352,0,0.09949103494485219
4353,1,0.10443828503290813
4354,0,0.26241621871789295
4355,0,0.18658835689226785
4356,0,0.0759682518740495
4357,0,0.09949103494485219
4358,0,0.06798926492532094
4359,0,0.22023382286230722
4360,0,0.22023382286230722
4361,1,0.12128126124540965
4362,0,0.09949103494485219
4363,0,0.09949103494485219
4364,0,0.10443828503290813
4365,0,0.37241453925768536
4366,1,0.23960714042186737
4367,0,0.0759682518740495
4368,1,0.3204767107963562
4369,0,0.17247648040453592
4370,0,0.09041840707262357
4371,1,0.27144387861092883
4372,1,0.37042423089345294
4373,0,0.2603470633427302
4374,0,0.6623546878496805
4375,0,0.0759682518740495
4376,1,0.6623546878496805
4377,0,0.4470456739266713
4378,1,0.32440749804178876
4379,0,0.06798926492532094
4380,0,0.24009289840857187
4381,0,0.1270181139310201
4382,0,0.5351849993069967
4383,1,0.15229111909866333
4384,1,0.37042423089345294
4385,0,0.1270181139310201
4386,0,0.16552201410134634
4387,0,0.22023382286230722
4388,0,0.30120808879534405
4389,0,0.09949103494485219
4390,1,0.4667024413744609
4391,1,0.49421635270118713
4392,1,0.783443808555603
4393,1,0.6190909544626871
4394,1,0.7508884072303772
4395,0,0.259466215968132
4396,1,0.24048798779646555
4397,1,0.1220967024564743
4398,1,0.3578697144985199
4399,0,0.09949103494485219
4400,1,0.6922701001167297
4401,0,0.09949103494485219
4402,0,0.11571220556894939
4403,0,0.09949103494485219
4404,0,0.3578697144985199
4405,0,0.3909330566724141
4406,0,0.18658835689226785
4407,0,0.14737562835216522
4408,0,0.6292468110720316
4409,0,0.10443828503290813
4410,0,0.3909330566724141
4411,1,0.49421635270118713
4412,1,0.6922701001167297
4413,1,0.5792729655901591
4414,0,0.1556556224822998
4415,0,0.6292468110720316
4416,1,0.2603470633427302
4417,0,0.09949103494485219
4418,0,0.09949103494485219
4419,0,0.15347019334634146
4420,0,0.5952912370363871
4421,0,0.5952912370363871
4422,0,0.15229111909866333
4423,0,0.4145099918047587
4424,0,0.37042423089345294
4425,0,0.18658835689226785
4426,0,0.0759682518740495
4427,0,0.574891726175944
4428,0,0.12346120675404866
4429,0,0.10443828503290813
4430,0,0.33550431330998737
4431,0,0.22023382286230722
4432,1,0.15229111909866333
4433,0,0.19943774739901224
4434,0,0.3578697144985199
4435,0,0.09949103494485219
4436,1,0.4470456739266713
4437,1,0.6849722663561503
4438,0,0.3909330566724141
4439,0,0.12126928567886353
4440,1,0.6410865187644958
4441,1,0.35837329427401227
4442,0,0.6292468110720316
4443,1,0.783443808555603
4444,1,0.5423746705055237
4445,1,0.31230490406354267
4446,0,0.1750787595907847
4447,0,0.20600426197052002
4448,0,0.12767486770947775
4449,0,0.09949103494485219
4450,0,0.2722251017888387
4451,1,0.7508884072303772
4452,1,0.6842315196990967
4453,0,0.2952769100666046
4454,0,0.06798926492532094
4455,0,0.28418009479840595
4456,1,0.1750787595907847
4457,0,0.10443828503290813
4458,0,0.37042423089345294
4459,1,0.5148873527844747
4460,1,0.1270181139310201
4461,1,0.12346120675404866
4462,0,0.24048798779646555
4463,0,0.09949103494485219
4464,1,0.47698525587717694
4465,1,0.4788922170797984
4466,0,0.13048219680786133
4467,1,0.3578697144985199
4468,1,0.5025806725025177
4469,0,0.22023382286230722
4470,0,0.06798926492532094
4471,0,0.09949103494485219
4472,1,0.6842315196990967
4473,0,0.09949103494485219
4474,0,0.1270181139310201
4475,0,0.35522568225860596
4476,0,0.3578697144985199
4477,1,0.37042423089345294
4478,1,0.4788922170797984
4479,0,0.4602117935816447
4480,0,0.2643210192521413
4481,0,0.09949103494485219
4482,0,0.5952912370363871
4483,0,0.6410865187644958
4484,0,0.2603470633427302
4485,0,0.0759682518740495
4486,0,0.31230490406354267
4487,0,0.1270181139310201
4488,0,0.0759682518740495
4489,0,0.48190967241923016
4490,0,0.12482619285583496
4491,0,0.15229111909866333
4492,1,0.5186862150828043
4493,0,0.2952769100666046
4494,0,0.22023382286230722
4495,0,0.0759682518740495
4496,1,0.48190967241923016
4497,0,0.16673029959201813
4498,0,0.259466215968132
4499,0,0.15717355410257974
4500,0,0.1270181139310201
4501,1,0.23510971665382385
4502,0,0.09041840707262357
4503,0,0.09949103494485219
4504,0,0.1270181139310201
4505,0,0.0759682518740495
4506,0,0.10443828503290813
4507,0,0.5148873527844747
4508,0,0.12495498359203339
4509,0,0.1270181139310201
4510,0,0.09949103494485219
4511,0,0.2952769100666046
4512,0,0.06798926492532094
4513,0,0.07142605632543564
4514,0,0.18658835689226785
4515,0,0.2603470633427302
4516,0,0.09949103494485219
4517,1,0.6842315196990967
4518,1,0.37042423089345294
4519,0,0.0797332338988781
4520,0,0.24009289840857187
4521,0,0.0956492746869723
4522,0,0.06798926492532094
4523,0,0.1270181139310201
4524,1,0.1284903089205424
4525,1,0.5025806725025177
4526,1,0.22023382286230722
4527,0,0.1270181139310201
4528,0,0.15229111909866333
4529,0,0.18658835689226785
4530,0,0.09949103494485219
4531,0,0.06798926492532094
4532,0,0.0759682518740495
4533,1,0.39732542634010315
4534,0,0.09949103494485219
4535,1,0.7469152609507242
4536,0,0.09949103494485219
4537,0,0.5423746705055237
4538,0,0.09949103494485219
4539,0,0.22023382286230722
4540,0,0.18658835689226785
4541,0,0.09949103494485219
4542,0,0.15225806335608164
4543,0,0.12346120675404866
4544,0,0.28418009479840595
4545,1,0.7508884072303772
4546,0,0.11215529839197795
4547,0,0.16552201410134634
4548,0,0.3909330566724141
4549,0,0.09949103494485219
4550,0,0.09949103494485219
4551,1,0.24009289840857187
4552,0,0.18658835689226785
4553,0,0.33012237151463825
4554,0,0.3909330566724141
4555,0,0.7508884072303772
4556,0,0.7469152609507242
4557,0,0.27930842339992523
4558,0,0.3204767107963562
4559,0,0.27930842339992523
4560,0,0.28418009479840595
4561,1,0.3909330566724141
4562,0,0.48190967241923016
4563,0,0.12346120675404866
4564,0,0.12495498359203339
4565,0,0.06974428271253903
4566,0,0.37042423089345294
4567,0,0.09949103494485219
4568,0,0.06798926492532094
4569,1,0.7508884072303772
4570,0,0.09949103494485219
4571,0,0.31230490406354267
4572,0,0.18398607770601907
4573,1,0.6623546878496805
4574,0,0.13626408080259958
4575,0,0.28418009479840595
4576,0,0.09949103494485219
4577,0,0.5792729655901591
4578,0,0.3524877727031708
4579,0,0.09949103494485219
4580,0,0.15229111909866333
4581,0,0.2603470633427302
4582,0,0.1844381590684255
4583,1,0.16412802040576935
4584,1,0.16458010176817575
4585,0,0.08496410151322682
4586,0,0.09949103494485219
4587,0,0.3909330566724141
4588,0,0.09949103494485219
4589,0,0.09949103494485219
4590,1,0.09949103494485219
4591,0,0.1270181139310201
4592,0,0.09949103494485219
4593,1,0.7508884072303772
4594,0,0.0759682518740495
4595,1,0.558873454729716
4596,0,0.5792729655901591
4597,1,0.6292468110720316
4598,0,0.09949103494485219
4599,0,0.3720705807209015
4600,0,0.48190967241923016
4601,0,0.22023382286230722
4602,0,0.0759682518740495
4603,1,0.1769037793080012
4604,0,0.1241179605325063
4605,0,0.15717355410257974
4606,0,0.12767486770947775
4607,0,0.2603470633427302
4608,1,0.7469152609507242
4609,1,0.09949103494485219
4610,0,0.12062450746695201
4611,0,0.4145099918047587
4612,1,0.2157363990942637
4613,0,0.6138366460800171
4614,0,0.14737562835216522
4615,0,0.28418009479840595
4616,1,0.7641592224438986
4617,0,0.09949103494485219
4618,0,0.12128126124540965
4619,0,0.1606395790974299
4620,0,0.09426016733050346
4621,1,0.09949103494485219
4622,1,0.06798926492532094
4623,0,0.4788922170797984
4624,0,0.4788922170797984
4625,0,0.10443828503290813
4626,0,0.06798926492532094
4627,0,0.10799519220987956
4628,1,0.22023382286230722
4629,0,0.3909330566724141
4630,0,0.23960714042186737
4631,0,0.09949103494485219
4632,0,0.11215529839197795
4633,1,0.5351849993069967
4634,0,0.2603470633427302
4635,0,0.10799519220987956
4636,0,0.0797332338988781
4637,0,0.10799519220987956
4638,0,0.47698525587717694
4639,0,0.3578697144985199
4640,0,0.5952912370363871
4641,1,0.574891726175944
4642,0,0.1844381590684255
4643,0,0.09949103494485219
4644,1,0.12767486770947775
4645,0,0.13259035845597586
4646,0,0.09949103494485219
4647,0,0.48190967241923016
4648,0,0.12767486770947775
4649,0,0.49792006611824036
4650,0,0.3346703052520752
4651,1,0.2696627626816432
4652,0,0.18658835689226785
4653,0,0.4145099918047587
4654,0,0.35522568225860596
4655,0,0.4470456739266713
4656,0,0.5952912370363871
4657,0,0.4398593604564667
4658,1,0.22023382286230722
4659,0,0.09949103494485219
4660,1,0.31230490406354267
4661,0,0.3909330566724141
4662,1,0.3909330566724141
4663,1,0.09949103494485219
4664,1,0.4296649992465973
4665,0,0.12128126124540965
4666,1,0.27930842339992523
4667,0,0.06798926492532094
4668,0,0.22023382286230722
4669,1,0.6842315196990967
4670,1,0.4485076665878296
4671,1,0.861289362112681
4672,0,0.12346120675404866
4673,0,0.6623546878496805
4674,0,0.06974428271253903
4675,0,0.12767486770947775
4676,0,0.3578697144985199
4677,0,0.15717355410257974
4678,1,0.6922701001167297
4679,0,0.24048798779646555
4680,0,0.3204767107963562
4681,0,0.12779168287913004
4682,0,0.12767486770947775
4683,0,0.0759682518740495
4684,1,0.6292468110720316
4685,0,0.3909330566724141
4686,1,0.24048798779646555
4687,0,0.09949103494485219
4688,0,0.06974428271253903
4689,0,0.2157363990942637
4690,1,0.1270181139310201
4691,0,0.22023382286230722
4692,0,0.3909330566724141
4693,0,0.0759682518740495
4694,0,0.1241179605325063
4695,1,0.28418009479840595
4696,0,0.5367150902748108
4697,0,0.4145099918047587
4698,0,0.09949103494485219
4699,0,0.06798926492532094
4700,1,0.22023382286230722
4701,0,0.37241453925768536
4702,0,0.22023382286230722
4703,1,0.11215529839197795
4704,0,0.31230490406354267
4705,0,0.1270181139310201
4706,0,0.09949103494485219
4707,0,0.14737562835216522
4708,1,0.13134859005610147
4709,1,0.3578697144985199
4710,0,0.2952769100666046
4711,0,0.22023382286230722
4712,0,0.3466786742210388
4713,0,0.1954602748155594
4714,0,0.06798926492532094
4715,1,0.783443808555603
4716,1,0.3204767107963562
4717,0,0.2722251017888387
4718,1,0.19315487146377563
4719,0,0.13134859005610147
4720,0,0.27977487444877625
4721,0,0.13626408080259958
4722,0,0.3472764790058136
4723,1,0.6623546878496805
4724,0,0.37241453925768536
4725,0,0.17905397713184357
4726,0,0.3909330566724141
4727,1,0.5423746705055237
4728,0,0.16222213705380759
4729,1,0.9354700843493143
4730,0,0.28418009479840595
4731,1,0.33012237151463825
4732,0,0.4704061547915141
4733,1,0.09949103494485219
4734,0,0.1770316114028295
4735,0,0.23960714042186737
4736,1,0.574891726175944
4737,0,0.09949103494485219
4738,0,0.1270181139310201
4739,0,0.5952912370363871
4740,0,0.1561077038447062
4741,1,0.391880343357722
4742,0,0.22023382286230722
4743,0,0.19943774739901224
4744,0,0.36022986968358356
4745,1,0.09949103494485219
4746,0,0.5423746705055237
4747,0,0.48190967241923016
4748,0,0.06798926492532094
4749,0,0.18398607770601907
4750,0,0.37042423089345294
4751,1,0.1284903089205424
4752,0,0.11215529839197795
4753,1,0.24048798779646555
4754,0,0.09949103494485219
4755,0,0.3909330566724141
4756,0,0.3909330566724141
4757,0,0.783443808555603
4758,1,0.783443808555603
4759,0,0.1844381590684255
4760,0,0.6292468110720316
4761,0,0.09949103494485219
4762,0,0.20288700858751932
4763,1,0.09949103494485219
4764,1,0.7508884072303772
4765,0,0.0759682518740495
4766,1,0.5792729655901591
4767,0,0.37042423089345294
4768,0,0.09949103494485219
4769,0,0.6138366460800171
4770,0,0.12767486770947775
4771,0,0.06798926492532094
4772,0,0.6849722663561503
4773,0,0.24009289840857187
4774,1,0.33550431330998737
4775,1,0.783443808555603
4776,0,0.41473637024561566
4777,1,0.3909330566724141
4778,0,0.5148873527844747
4779,0,0.10443828503290813
4780,1,0.7469152609507242
4781,1,0.6922701001167297
4782,0,0.4470456739266713
4783,0,0.13626408080259958
4784,1,0.8444444537162781
4785,1,0.6292468110720316
4786,0,0.15229111909866333
4787,1,0.16458010176817575
4788,0,0.8212418357531229
4789,1,0.7469152609507242
4790,0,0.15229111909866333
4791,0,0.16552201410134634
4792,0,0.37042423089345294
4793,0,0.2862492501735687
4794,1,0.1220967024564743
4795,0,0.31230490406354267
4796,0,0.1844381590684255
4797,0,0.18658835689226785
4798,0,0.1270181139310201
4799,0,0.6922701001167297
4800,1,0.5952912370363871
4801,0,0.06974428271253903
4802,1,0.7508884072303772
4803,0,0.09949103494485219
4804,0,0.18658835689226785
4805,0,0.0759682518740495
4806,0,0.10443828503290813
4807,0,0.15225806335608164
4808,0,0.22023382286230722
4809,0,0.39732542634010315
4810,0,0.14737562835216522
4811,0,0.1270181139310201
4812,1,0.33012237151463825
4813,0,0.22023382286230722
4814,1,0.6623546878496805
4815,0,0.45499734083811444
4816,0,0.5952912370363871
4817,1,0.19190336763858795
4818,0,0.0759682518740495
4819,0,0.1750787595907847
4820,0,0.28765688339869183
4821,1,0.32741740345954895
4822,1,0.3578697144985199
4823,0,0.12767486770947775
4824,0,0.28418009479840595
4825,1,0.33012237151463825
4826,0,0.09949103494485219
4827,1,0.5952912370363871
4828,1,0.6623546878496805
4829,0,0.1163569837808609
4830,1,0.6849722663561503
4831,1,0.4470456739266713
4832,0,0.1270181139310201
4833,0,0.2603470633427302
4834,0,0.783443808555603
4835,0,0.3909330566724141
4836,1,0.6623546878496805
4837,0,0.5423746705055237
4838,1,0.6842315196990967
4839,1,0.4788922170797984
4840,0,0.48190967241923016
4841,0,0.09949103494485219
4842,0,0.33550431330998737
4843,0,0.09949103494485219
4844,1,0.4553152819474538
4845,0,0.24009289840857187
4846,1,0.558873454729716
4847,1,0.3680640757083893
4848,0,0.06798926492532094
4849,0,0.5148873527844747
4850,1,0.09949103494485219
4851,1,0.8962544004122416
4852,0,0.10443828503290813
4853,0,0.3204767107963562
4854,0,0.12495498359203339
4855,0,0.3909330566724141
4856,1,0.4485076665878296
4857,0,0.09949103494485219
4858,0,0.09949103494485219
4859,0,0.0797332338988781
4860,1,0.48190967241923016
4861,0,0.12126928567886353
4862,0,0.13626408080259958
4863,1,0.3045484224955241
4864,0,0.12482619285583496
4865,0,0.1270181139310201
4866,0,0.5423746705055237
4867,0,0.28418009479840595
4868,1,0.33012237151463825
4869,0,0.0759682518740495
4870,1,0.28469036519527435
4871,0,0.37042423089345294
4872,0,0.7469152609507242
4873,0,0.3204767107963562
4874,0,0.1844381590684255
4875,0,0.1750787595907847
4876,0,0.37042423089345294
4877,0,0.11215529839197795
4878,1,0.40729959805806476
4879,0,0.0759682518740495
4880,0,0.1750787595907847
4881,1,0.5367150902748108
4882,1,0.12062450746695201
4883,0,0.22023382286230722
4884,0,0.17292856176694235
4885,1,0.12495498359203339
4886,1,0.5792729655901591
4887,1,0.28418009479840595
4888,0,0.09949103494485219
4889,0,0.4519798854986827
4890,0,0.28418009479840595
4891,0,0.09949103494485219
4892,0,0.1270181139310201
4893,1,0.6922701001167297
4894,0,0.6292468110720316
4895,0,0.09949103494485219
4896,0,0.09949103494485219
4897,1,0.2952769100666046
4898,0,0.09949103494485219
4899,0,0.6842315196990967
4900,1,0.46309099594751996
4901,0,0.28418009479840595
4902,0,0.10443828503290813
4903,0,0.4145099918047587
4904,0,0.37042423089345294
4905,0,0.13259035845597586
4906,1,0.6849722663561503
4907,1,0.18658835689226785
4908,1,0.6292468110720316
4909,0,0.10443828503290813
4910,0,0.22023382286230722
4911,1,0.6922701001167297
4912,1,0.37042423089345294
4913,1,0.4145099918047587
4914,0,0.09949103494485219
4915,0,0.8962544004122416
4916,0,0.09949103494485219
4917,1,0.6449512441953024
4918,1,0.6410865187644958
4919,1,0.4470456739266713
4920,1,0.2603470633427302
4921,0,0.12767486770947775
4922,0,0.6922701001167297
4923,0,0.12779168287913004
4924,1,0.37241453925768536
4925,0,0.38073869546254474
4926,0,0.7508884072303772
4927,0,0.09949103494485219
4928,1,0.5952912370363871
4929,1,0.09949103494485219
4930,1,0.8184640606244405
4931,0,0.09041840707262357
4932,1,0.6292468110720316
4933,0,0.22023382286230722
4934,0,0.09949103494485219
4935,0,0.2743929326534271
4936,0,0.09949103494485219
4937,0,0.6842315196990967
4938,0,0.18658835689226785
4939,0,0.2722251017888387
4940,0,0.31230490406354267
4941,0,0.10443828503290813
4942,0,0.2722251017888387
4943,0,0.37042423089345294
4944,0,0.09949103494485219
4945,0,0.22023382286230722
4946,0,0.22023382286230722
4947,0,0.1270181139310201
4948,0,0.18658835689226785
4949,0,0.31230490406354267
4950,1,0.5792729655901591
4951,0,0.2952769100666046
4952,0,0.37042423089345294
4953,0,0.22023382286230722
4954,0,0.10545454422632854
4955,0,0.2603470633427302
4956,0,0.28418009479840595
4957,0,0.28418009479840595
4958,0,0.22023382286230722
4959,0,0.12767486770947775
4960,1,0.7641592224438986
4961,1,0.6922701001167297
4962,0,0.3909330566724141
4963,0,0.09949103494485219
4964,1,0.4470456739266713
4965,0,0.24009289840857187
4966,0,0.259466215968132
4967,0,0.3909330566724141
4968,1,0.3204767107963562
4969,1,0.6849722663561503
4970,0,0.37042423089345294
4971,0,0.2952769100666046
4972,0,0.28418009479840595
4973,0,0.08496410151322682
4974,0,0.09949103494485219
4975,1,0.37042423089345294
4976,0,0.3578697144985199
4977,0,0.6292468110720316
4978,0,0.10443828503290813
4979,0,0.33550431330998737
4980,1,0.37042423089345294
4981,1,0.4667024413744609
4982,0,0.11215529839197795
4983,0,0.0759682518740495
4984,1,0.2647472719351451
4985,0,0.09949103494485219
4986,0,0.3909330566724141
4987,0,0.09949103494485219
4988,1,0.15229111909866333
4989,1,0.3204767107963562
4990,0,0.22023382286230722
4991,0,0.1844381590684255
4992,0,0.15526767075061798
4993,1,0.16949723164240518
4994,0,0.10799519220987956
4995,0,0.18658835689226785
4996,0,0.09949103494485219
4997,0,0.48190967241923016
4998,0,0.0759682518740495
4999,0,0.12767486770947775
5000,0,0.15966461102167764
5001,0,0.12062450746695201
5002,0,0.24009289840857187
5003,1,0.5423746705055237
5004,0,0.15229111909866333
5005,0,0.1844381590684255
5006,1,0.12062450746695201
5007,0,0.22023382286230722
5008,0,0.1750787595907847
5009,0,0.11215529839197795
5010,0,0.16458010176817575
5011,0,0.09949103494485219
5012,1,0.783443808555603
5013,0,0.6623546878496805
5014,0,0.1241179605325063
5015,0,0.18658835689226785
5016,0,0.06798926492532094
5017,1,0.477718045314153
5018,0,0.06798926492532094
5019,1,0.8962544004122416
5020,0,0.33550431330998737
5021,0,0.1270181139310201
5022,0,0.30120808879534405
5023,0,0.2003757655620575
5024,0,0.12495498359203339
5025,1,0.8184640606244405
5026,0,0.3909330566724141
5027,1,0.4145099918047587
5028,0,0.13626408080259958
5029,0,0.5952912370363871
5030,0,0.8212418357531229
5031,1,0.35837329427401227
5032,0,0.0759682518740495
5033,0,0.09949103494485219
5034,1,0.3204767107963562
5035,0,0.1750787595907847
5036,0,0.1241179605325063
5037,0,0.09949103494485219
5038,1,0.12062450746695201
5039,1,0.6849722663561503
5040,0,0.09949103494485219
5041,0,0.6922701001167297
5042,1,0.783443808555603
5043,0,0.22023382286230722
5044,0,0.10799519220987956
5045,0,0.36268213391304016
5046,0,0.0759682518740495
5047,1,0.28418009479840595
5048,1,0.4470456739266713
5049,0,0.15229111909866333
5050,0,0.3909330566724141
5051,1,0.8184640606244405
5052,0,0.17905397713184357
5053,0,0.4145099918047587
5054,1,0.22023382286230722
5055,0,0.1163569837808609
5056,0,0.1270181139310201
5057,1,0.38073869546254474
5058,0,0.24009289840857187
5059,1,0.11215529839197795
5060,0,0.06974428271253903
5061,1,0.28418009479840595
5062,0,0.29057825605074566
5063,0,0.24048798779646555
5064,0,0.28418009479840595
5065,0,0.2952769100666046
5066,0,0.1769037793080012
5067,0,0.06798926492532094
5068,0,0.22023382286230722
5069,0,0.18398607770601907
5070,1,0.5792729655901591
5071,0,0.08501943821708362
5072,1,0.6922701001167297
5073,0,0.18658835689226785
5074,0,0.22023382286230722
5075,1,0.14737562835216522
5076,0,0.22023382286230722
5077,1,0.3076062500476837
5078,1,0.8997557957967123
5079,0,0.24446296195189157
5080,1,0.36022986968358356
5081,0,0.3204767107963562
5082,1,0.37241453925768536
5083,0,0.5850475827852885
5084,0,0.31230490406354267
5085,0,0.09949103494485219
5086,0,0.22023382286230722
5087,0,0.14737562835216522
5088,0,0.09949103494485219
5089,0,0.0759682518740495
5090,0,0.28418009479840595
5091,0,0.1334057996670405
5092,1,0.1270181139310201
5093,0,0.8616765737533569
5094,1,0.3909330566724141
5095,0,0.31230490406354267
5096,0,0.22023382286230722
5097,0,0.31230490406354267
5098,0,0.15717355410257974
5099,1,0.35367464025815326
5100,1,0.7641592224438986
5101,0,0.09949103494485219
5102,0,0.0759682518740495
5103,0,0.13267411788304648
5104,0,0.3578697144985199
5105,0,0.18398607770601907
5106,0,0.3909330566724141
5107,0,0.08496410151322682
5108,0,0.15229111909866333
5109,0,0.18658835689226785
5110,1,0.7641592224438986
5111,0,0.28418009479840595
5112,0,0.4667024413744609
5113,0,0.18658835689226785
5114,1,0.17292856176694235
5115,0,0.22023382286230722
5116,1,0.35522568225860596
5117,0,0.12767486770947775
5118,0,0.5792729655901591
5119,0,0.12767486770947775
5120,1,0.7641592224438986
5121,0,0.09949103494485219
5122,0,0.0759682518740495
5123,1,0.3204767107963562
5124,0,0.3909330566724141
5125,0,0.33012237151463825
5126,1,0.7641592224438986
5127,0,0.5423746705055237
5128,0,0.23960714042186737
5129,0,0.18398607770601907
5130,1,0.17247648040453592
5131,0,0.12346120675404866
5132,1,0.28418009479840595
5133,0,0.28418009479840595
5134,0,0.5792729655901591
5135,0,0.14737562835216522
5136,1,0.22023382286230722
5137,1,0.783443808555603
5138,0,0.10443828503290813
5139,1,0.6292468110720316
5140,1,0.5792729655901591
5141,0,0.11215529839197795
5142,0,0.06798926492532094
5143,0,0.12062450746695201
5144,0,0.0759682518740495
5145,0,0.15921252965927124
5146,0,0.0759682518740495
5147,0,0.09949103494485219
5148,0,0.18658835689226785
5149,0,0.10443828503290813
5150,0,0.2643210192521413
5151,1,0.7508884072303772
5152,0,0.06798926492532094
5153,0,0.6922701001167297
5154,0,0.1270181139310201
5155,0,0.10545454422632854
5156,0,0.09949103494485219
5157,0,0.22023382286230722
5158,0,0.4669085144996643
5159,0,0.1334057996670405
5160,0,0.09949103494485219
5161,0,0.4470456739266713
5162,1,0.5627741813659668
5163,0,0.28332191705703735
5164,0,0.37042423089345294
5165,0,0.17292856176694235
5166,0,0.18658835689226785
5167,1,0.32440749804178876
5168,0,0.14737562835216522
5169,0,0.09949103494485219
5170,0,0.6292468110720316
5171,1,0.23960714042186737
5172,0,0.06798926492532094
5173,0,0.11571220556894939
5174,1,0.12767486770947775
5175,0,0.22023382286230722
5176,0,0.22023382286230722
5177,1,0.6623546878496805
5178,0,0.24048798779646555
5179,0,0.32440749804178876
5180,0,0.4470456739266713
5181,0,0.06798926492532094
5182,1,0.7469152609507242
5183,0,0.22023382286230722
5184,0,0.09949103494485219
5185,0,0.3720705807209015
5186,0,0.09949103494485219
5187,0,0.3578697144985199
5188,0,0.1270181139310201
5189,0,0.12062450746695201
5190,0,0.22023382286230722
5191,1,0.2722251017888387
5192,1,0.1954602748155594
5193,0,0.15229111909866333
5194,0,0.17905397713184357
5195,0,0.09949103494485219
5196,0,0.09949103494485219
5197,0,0.3909330566724141
5198,1,0.5423746705055237
5199,0,0.0759682518740495
5200,1,0.3378644684950511
5201,0,0.09949103494485219
5202,0,0.12126928567886353
5203,0,0.20600426197052002
5204,1,0.22023382286230722
5205,0,0.11215529839197795
5206,1,0.8505050539970398
5207,0,0.3204767107963562
5208,0,0.09949103494485219
5209,1,0.783443808555603
5210,1,0.558873454729716
5211,1,0.6842315196990967
5212,0,0.28418009479840595
5213,0,0.06798926492532094
5214,0,0.12062450746695201
5215,0,0.33012237151463825
5216,0,0.12779168287913004
5217,0,0.5423746705055237
5218,0,0.0759682518740495
5219,0,0.37042423089345294
5220,0,0.22023382286230722
5221,0,0.22023382286230722
5222,0,0.09426016733050346
5223,0,0.6449512441953024
5224,0,0.09949103494485219
5225,1,0.35837329427401227
5226,0,0.7508884072303772
5227,0,0.06798926492532094
5228,0,0.22023382286230722
5229,0,0.18658835689226785
5230,0,0.12062450746695201
5231,1,0.3909330566724141
5232,0,0.13267411788304648
5233,0,0.2952769100666046
5234,1,0.6623546878496805
5235,0,0.18164527416229248
5236,0,0.10443828503290813
5237,1,0.5351849993069967
5238,1,0.32741740345954895
5239,0,0.1298374185959498
5240,1,0.17292856176694235
5241,0,0.7508884072303772
5242,0,0.09426016733050346
5243,0,0.6292468110720316
5244,0,0.09949103494485219
5245,0,0.09949103494485219
5246,0,0.1487011561791102
5247,0,0.37042423089345294
5248,0,0.17247648040453592
5249,0,0.09949103494485219
5250,0,0.15712396303812662
5251,0,0.3909330566724141
5252,1,0.48190967241923016
5253,0,0.09949103494485219
5254,1,0.16412802040576935
5255,1,0.12346120675404866
5256,0,0.1241179605325063
5257,0,0.1750787595907847
5258,1,0.33012237151463825
5259,1,0.8962544004122416
5260,0,0.28418009479840595
5261,0,0.09949103494485219
5262,1,0.37042423089345294
5263,1,0.12779168287913004
5264,1,0.5367150902748108
5265,0,0.33012237151463825
5266,0,0.3578697144985199
5267,0,0.18658835689226785
5268,0,0.48190967241923016
5269,0,0.09949103494485219
5270,0,0.1334057996670405
5271,1,0.3578697144985199
5272,0,0.12346120675404866
5273,1,0.4470456739266713
5274,1,0.3466786742210388
5275,1,0.6922701001167297
5276,1,0.4234687387943268
5277,1,0.7469152609507242
5278,0,0.09949103494485219
5279,0,0.09949103494485219
5280,1,0.7469152609507242
5281,1,0.5792729655901591
5282,1,0.783443808555603
5283,0,0.6922701001167297
5284,0,0.35522568225860596
5285,0,0.22023382286230722
5286,0,0.2643210192521413
5287,1,0.3909330566724141
5288,0,0.2603470633427302
5289,1,0.4519798854986827
5290,0,0.3680640757083893
5291,0,0.13134859005610147
5292,0,0.12767486770947775
5293,0,0.09949103494485219
5294,1,0.18658835689226785
5295,0,0.09949103494485219
5296,0,0.259466215968132
5297,1,0.4145099918047587
5298,0,0.12228554487228394
5299,0,0.09949103494485219
5300,0,0.15347019334634146
5301,0,0.09949103494485219
5302,0,0.0759682518740495
5303,1,0.2722251017888387
5304,1,0.35837329427401227
5305,1,0.18658835689226785
5306,0,0.12482619285583496
5307,0,0.5952912370363871
5308,0,0.12767486770947775
5309,0,0.22023382286230722
5310,0,0.6292468110720316
5311,1,0.4470456739266713
5312,0,0.09426016733050346
5313,0,0.6922701001167297
5314,0,0.06974428271253903
5315,0,0.06974428271253903
5316,0,0.3909330566724141
5317,0,0.13134859005610147
5318,1,0.7641592224438986
5319,0,0.5792729655901591
5320,1,0.2603470633427302
5321,0,0.33012237151463825
5322,0,0.24009289840857187
5323,1,0.3909330566724141
5324,0,0.24416237076123556
5325,0,0.10443828503290813
5326,1,0.22023382286230722
5327,1,0.33012237151463825
5328,1,0.33012237151463825
5329,0,0.24416237076123556
5330,0,0.11215529839197795
5331,1,0.6842315196990967
5332,0,0.4145099918047587
5333,0,0.3204767107963562
5334,0,0.08496410151322682
5335,1,0.7641592224438986
5336,0,0.4788922170797984
5337,0,0.06798926492532094
5338,1,0.5792729655901591
5339,0,0.3204767107963562
5340,1,0.16673029959201813
5341,0,0.3578697144985199
5342,1,0.6623546878496805
5343,0,0.11215529839197795
5344,0,0.12767486770947775
5345,1,0.35837329427401227
5346,1,0.6922701001167297
5347,0,0.22023382286230722
5348,0,0.13626408080259958
5349,0,0.09949103494485219
5350,0,0.06798926492532094
5351,0,0.4519798854986827
5352,0,0.5423746705055237
5353,0,0.3909330566724141
5354,0,0.5952912370363871
5355,0,0.3680640757083893
5356,1,0.7641592224438986
5357,0,0.3909330566724141
5358,1,0.6449512441953024
5359,0,0.28418009479840595
5360,0,0.5952912370363871
5361,0,0.37042423089345294
5362,0,0.31230490406354267
5363,0,0.5850475827852885
5364,0,0.2862492501735687
5365,0,0.12346120675404866
5366,0,0.28418009479840595
5367,0,0.13259035845597586
5368,0,0.09949103494485219
5369,0,0.0759682518740495
5370,0,0.06798926492532094
5371,0,0.09949103494485219
5372,1,0.31230490406354267
5373,0,0.06798926492532094
5374,0,0.7508884072303772
5375,1,0.4267452855904897
5376,0,0.08496410151322682
5377,1,0.659581700960795
5378,1,0.783443808555603
5379,0,0.35522568225860596
5380,1,0.4234687387943268
5381,1,0.42493073145548504
5382,0,0.5952912370363871
5383,1,0.3909330566724141
5384,1,0.28418009479840595
5385,0,0.09949103494485219
5386,1,0.6922701001167297
5387,0,0.22023382286230722
5388,1,0.3909330566724141
5389,0,0.3909330566724141
5390,1,0.8505050539970398
5391,0,0.5952912370363871
5392,0,0.4267452855904897
5393,0,0.06798926492532094
5394,0,0.35522568225860596
5395,1,0.6623546878496805
5396,0,0.28418009479840595
5397,0,0.5792729655901591
5398,0,0.12767486770947775
5399,0,0.3680640757083893
5400,1,0.12228554487228394
5401,0,0.37042423089345294
5402,1,0.09949103494485219
5403,0,0.3578697144985199
5404,1,0.17905397713184357
5405,1,0.33012237151463825
5406,1,0.33012237151463825
5407,0,0.09949103494485219
5408,0,0.09949103494485219
5409,0,0.12767486770947775
5410,1,0.17905397713184357
5411,1,0.22023382286230722
5412,0,0.24009289840857187
5413,0,0.22023382286230722
5414,1,0.4145099918047587
5415,0,0.48190967241923016
5416,0,0.09041840707262357
5417,1,0.7641592224438986
5418,1,0.1270181139310201
5419,0,0.33550431330998737
5420,0,0.11571220556894939
5421,0,0.09949103494485219
5422,0,0.06974428271253903
5423,0,0.09949103494485219
5424,0,0.06798926492532094
5425,0,0.4145099918047587
5426,1,0.8997557957967123
5427,0,0.5952912370363871
5428,0,0.11215529839197795
5429,1,0.5186862150828043
5430,1,0.2603470633427302
5431,0,0.12346120675404866
5432,1,0.6769851446151733
5433,0,0.10443828503290813
5434,1,0.4788922170797984
5435,0,0.2722251017888387
5436,1,0.47698525587717694
5437,0,0.30120808879534405
5438,0,0.1561077038447062
5439,0,0.12495498359203339
5440,0,0.36022986968358356
5441,0,0.18658835689226785
5442,0,0.33012237151463825
5443,0,0.5367150902748108
5444,0,0.22023382286230722
5445,0,0.4470456739266713
5446,0,0.09041840707262357
5447,1,0.28418009479840595
5448,0,0.4470456739266713
5449,0,0.29057825605074566
5450,0,0.33550431330998737
5451,0,0.09949103494485219
5452,0,0.31230490406354267
5453,0,0.12346120675404866
5454,1,0.33550431330998737
5455,1,0.16949723164240518
5456,0,0.07343602056304614
5457,0,0.33012237151463825
5458,0,0.09949103494485219
5459,1,0.1769037793080012
5460,0,0.06798926492532094
5461,1,0.4470456739266713
5462,1,0.3578697144985199
5463,0,0.18398607770601907
5464,0,0.22023382286230722
5465,0,0.12447746594746907
5466,0,0.3032772441705068
5467,0,0.33012237151463825
5468,0,0.37042423089345294
5469,1,0.15225806335608164
5470,0,0.09426016733050346
5471,0,0.22023382286230722
5472,1,0.6623546878496805
5473,0,0.5217036704222361
5474,1,0.5952912370363871
5475,1,0.3578697144985199
5476,0,0.09949103494485219
5477,0,0.259466215968132
5478,0,0.3204767107963562
5479,0,0.12767486770947775
5480,0,0.12495498359203339
5481,0,0.06798926492532094
5482,0,0.11317155758539836
5483,1,0.783443808555603
5484,0,0.12767486770947775
5485,0,0.12346120675404866
5486,0,0.09949103494485219
5487,1,0.33550431330998737
5488,0,0.5952912370363871
5489,1,0.13267411788304648
5490,0,0.31230490406354267
5491,0,0.09949103494485219
5492,0,0.12767486770947775
5493,1,0.06798926492532094
5494,0,0.12447746594746907
5495,0,0.09949103494485219
5496,0,0.23599056402842203
5497,0,0.09949103494485219
5498,0,0.22023382286230722
5499,0,0.12346120675404866
5500,1,0.6922701001167297
5501,1,0.23599056402842203
5502,0,0.12767486770947775
5503,0,0.10443828503290813
5504,1,0.16673029959201813
5505,0,0.09949103494485219
5506,0,0.22023382286230722
5507,0,0.5148873527844747
5508,1,0.37042423089345294
5509,1,0.34984374046325684
5510,0,0.10443828503290813
5511,1,0.6922701001167297
5512,0,0.10443828503290813
5513,1,0.7469152609507242
5514,0,0.5792729655901591
5515,0,0.06798926492532094
5516,1,0.2722251017888387
5517,0,0.5952912370363871
5518,1,0.1769037793080012
5519,1,0.5952912370363871
5520,0,0.6292468110720316
5521,1,0.299166480700175
5522,1,0.3909330566724141
5523,0,0.2003757655620575
5524,0,0.18658835689226785
5525,0,0.23510971665382385
5526,1,0.1487011561791102
5527,0,0.6623546878496805
5528,0,0.22023382286230722
5529,0,0.3909330566724141
5530,0,0.6922701001167297
5531,0,0.06798926492532094
5532,1,0.23954747120539346
5533,1,0.783443808555603
5534,0,0.37241453925768536
5535,0,0.2952769100666046
5536,0,0.6623546878496805
5537,0,0.4780196249485016
5538,0,0.16412802040576935
5539,1,0.1270181139310201
5540,0,0.06798926492532094
5541,0,0.24048798779646555
5542,0,0.11215529839197795
5543,0,0.0759682518740495
5544,0,0.0759682518740495
5545,0,0.1606395790974299
5546,0,0.09949103494485219
5547,0,0.06798926492532094
5548,1,0.6849722663561503
5549,1,0.6849722663561503
5550,1,0.3909330566724141
5551,0,0.12779168287913004
5552,1,0.22023382286230722
5553,1,0.4788922170797984
5554,1,0.783443808555603
5555,1,0.33012237151463825
5556,0,0.37241453925768536
5557,1,0.37241453925768536
5558,0,0.09949103494485219
5559,0,0.1284903089205424
5560,0,0.09949103494485219
5561,0,0.12767486770947775
5562,1,0.783443808555603
5563,0,0.09949103494485219
5564,0,0.3909330566724141
5565,0,0.06798926492532094
5566,0,0.1844381590684255
5567,1,0.35837329427401227
5568,0,0.06798926492532094
5569,0,0.4788922170797984
5570,0,0.12767486770947775
5571,0,0.18658835689226785
5572,0,0.37362096707026166
5573,0,0.2952769100666046
5574,0,0.09949103494485219
5575,0,0.4145099918047587
5576,0,0.19190336763858795
5577,0,0.1270181139310201
5578,1,0.6449512441953024
5579,1,0.5351849993069967
5580,0,0.09949103494485219
5581,0,0.1606395790974299
5582,0,0.783443808555603
5583,0,0.28332191705703735
5584,0,0.33550431330998737
5585,0,0.4788922170797984
5586,0,0.4788922170797984
5587,0,0.19315487146377563
5588,0,0.3578697144985199
5589,1,0.12062450746695201
5590,0,0.10443828503290813
5591,0,0.6623546878496805
5592,1,0.5367150902748108
5593,1,0.33550431330998737
5594,0,0.7469152609507242
5595,0,0.10443828503290813
5596,0,0.15717355410257974
5597,0,0.5952912370363871
5598,0,0.20600426197052002
5599,0,0.3204767107963562
5600,1,0.5025806725025177
5601,0,0.09041840707262357
5602,0,0.09949103494485219
5603,0,0.3578697144985199
5604,0,0.28418009479840595
5605,0,0.22023382286230722
5606,1,0.6922701001167297
5607,0,0.22023382286230722
5608,0,0.06798926492532094
5609,0,0.2952769100666046
5610,0,0.09949103494485219
5611,0,0.3204767107963562
5612,0,0.5952912370363871
5613,0,0.6190909544626871
5614,1,0.15229111909866333
5615,0,0.3466786742210388
5616,1,0.6922701001167297
5617,0,0.09949103494485219
5618,0,0.06974428271253903
5619,0,0.1270181139310201
5620,0,0.10443828503290813
5621,0,0.09949103494485219
5622,0,0.12767486770947775
5623,1,0.4788922170797984
5624,0,0.1270181139310201
5625,0,0.22023382286230722
5626,0,0.09949103494485219
5627,0,0.1270181139310201
5628,0,0.3578697144985199
5629,0,0.4145099918047587
5630,0,0.2643210192521413
5631,0,0.22023382286230722
5632,0,0.4470456739266713
5633,1,0.5423746705055237
5634,0,0.12062450746695201
5635,0,0.5025806725025177
5636,1,0.6623546878496805
5637,0,0.0759682518740495
5638,1,0.12346120675404866
5639,0,0.18398607770601907
5640,0,0.12779168287913004
5641,1,0.6208047469456991
5642,1,0.2603470633427302
5643,1,0.20378140608469644
5644,1,0.6623546878496805
5645,0,0.12346120675404866
5646,0,0.6567439834276835
5647,0,0.11215529839197795
5648,0,0.09949103494485219
5649,0,0.22023382286230722
5650,0,0.33550431330998737
5651,0,0.19190336763858795
5652,0,0.24009289840857187
5653,0,0.1284903089205424
5654,0,0.12346120675404866
5655,0,0.259466215968132
5656,0,0.6849722663561503
5657,0,0.10443828503290813
5658,1,0.5423746705055237
5659,1,0.7161670327186584
5660,0,0.15229111909866333
5661,1,0.09949103494485219
5662,0,0.3204767107963562
5663,0,0.09426016733050346
5664,0,0.13267411788304648
5665,0,0.37042423089345294
5666,0,0.23960714042186737
5667,0,0.24009289840857187
5668,0,0.06798926492532094
5669,1,0.5148873527844747
5670,0,0.5952912370363871
5671,1,0.4145099918047587
5672,0,0.10443828503290813
5673,1,0.574891726175944
5674,1,0.37042423089345294
5675,0,0.06798926492532094
5676,0,0.28418009479840595
5677,0,0.22023382286230722
5678,0,0.13267411788304648
5679,1,0.33012237151463825
5680,0,0.3204767107963562
5681,0,0.5367150902748108
5682,0,0.37042423089345294
5683,0,0.22023382286230722
5684,0,0.1844381590684255
5685,0,0.12482619285583496
5686,0,0.4470456739266713
5687,0,0.0759682518740495
5688,0,0.3909330566724141
5689,0,0.37042423089345294
5690,1,0.22023382286230722
5691,0,0.15229111909866333
5692,0,0.33550431330998737
5693,1,0.6842315196990967
5694,1,0.33550431330998737
5695,0,0.09949103494485219
5696,0,0.12767486770947775
5697,0,0.7508884072303772
5698,1,0.3204767107963562
5699,0,0.3490388294061025
5700,0,0.22023382286230722
5701,0,0.33550431330998737
5702,0,0.06974428271253903
5703,0,0.1844381590684255
5704,0,0.36022986968358356
5705,1,0.6292468110720316
5706,0,0.3204767107963562
5707,1,0.2603470633427302
5708,0,0.12767486770947775
5709,0,0.3524877727031708
5710,0,0.06974428271253903
5711,0,0.22023382286230722
5712,1,0.0759682518740495
5713,1,0.43414267897605896
5714,0,0.3204767107963562
5715,1,0.22023382286230722
5716,0,0.4470456739266713
5717,1,0.3578697144985199
5718,0,0.09949103494485219
5719,0,0.3578697144985199
5720,0,0.3472764790058136
5721,0,0.28332191705703735
5722,0,0.24048798779646555
5723,0,0.1284903089205424
5724,0,0.4470456739266713
5725,0,0.33012237151463825
5726,0,0.09949103494485219
5727,1,0.2722251017888387
5728,1,0.3578697144985199
5729,0,0.19190336763858795
5730,0,0.4788922170797984
5731,0,0.13267411788304648
5732,0,0.09949103494485219
5733,0,0.07428647826115291
5734,1,0.2603470633427302
5735,0,0.09949103494485219
5736,1,0.4788922170797984
5737,1,0.6922701001167297
5738,1,0.31230490406354267
5739,0,0.3578697144985199
5740,0,0.1270181139310201
5741,1,0.6842315196990967
5742,1,0.28418009479840595
5743,0,0.30120808879534405
5744,0,0.09949103494485219
5745,0,0.3204767107963562
5746,0,0.3909330566724141
5747,0,0.1844381590684255
5748,0,0.09949103494485219
5749,0,0.16552201410134634
5750,0,0.09949103494485219
5751,0,0.3578697144985199
5752,1,0.6849722663561503
5753,0,0.13626408080259958
5754,1,0.22023382286230722
5755,1,0.6849722663561503
5756,0,0.06798926492532094
5757,0,0.23954747120539346
5758,1,0.6190909544626871
5759,0,0.11215529839197795
5760,0,0.1606395790974299
5761,0,0.33550431330998737
5762,0,0.09426016733050346
5763,0,0.24009289840857187
5764,0,0.07479329407215118
5765,0,0.16458010176817575
5766,0,0.07142605632543564
5767,0,0.3578697144985199
5768,0,0.3909330566724141
5769,0,0.3401980797449748
5770,0,0.39732542634010315
5771,0,0.28418009479840595
5772,0,0.09949103494485219
5773,0,0.13134859005610147
5774,1,0.6922701001167297
5775,1,0.12767486770947775
5776,0,0.22023382286230722
5777,1,0.8184640606244405
5778,1,0.22023382286230722
5779,0,0.18658835689226785
5780,0,0.4267452855904897
5781,1,0.5423746705055237
5782,0,0.28418009479840595
5783,0,0.24048798779646555
5784,0,0.09949103494485219
5785,1,0.4667024413744609
5786,1,0.6292468110720316
5787,0,0.1487011561791102
5788,1,0.33550431330998737
5789,0,0.33012237151463825
5790,1,0.5952912370363871
5791,0,0.42829567193984985
5792,1,0.6922701001167297
5793,0,0.09949103494485219
5794,0,0.3909330566724141
5795,0,0.4145099918047587
5796,0,0.09426016733050346
5797,0,0.0759682518740495
5798,0,0.22023382286230722
5799,0,0.09949103494485219
5800,0,0.31230490406354267
5801,0,0.2603470633427302
5802,0,0.35522568225860596
5803,0,0.5186862150828043
5804,0,0.11215529839197795
5805,1,0.38073869546254474
5806,0,0.09426016733050346
5807,0,0.09949103494485219
5808,1,0.3378644684950511
5809,1,0.4902793765068054
5810,0,0.31230490406354267
5811,1,0.3909330566724141
5812,1,0.16458010176817575
5813,0,0.4145099918047587
5814,0,0.3909330566724141
5815,1,0.22023382286230722
5816,1,0.6623546878496805
5817,0,0.31230490406354267
5818,1,0.5792729655901591
5819,0,0.6623546878496805
5820,0,0.5025806725025177
5821,0,0.5952912370363871
5822,1,0.783443808555603
5823,1,0.35837329427401227
5824,0,0.09426016733050346
5825,0,0.15229111909866333
5826,1,0.3909330566724141
5827,0,0.06798926492532094
5828,0,0.09949103494485219
5829,0,0.09949103494485219
5830,0,0.4788922170797984
5831,0,0.13259035845597586
5832,0,0.12126928567886353
5833,0,0.4470456739266713
5834,0,0.18658835689226785
5835,1,0.3204767107963562
5836,1,0.6849722663561503
5837,0,0.1270181139310201
5838,0,0.30937989552815753
5839,1,0.1284903089205424
5840,0,0.3204767107963562
5841,0,0.08496410151322682
5842,1,0.8997557957967123
5843,0,0.12346120675404866
5844,0,0.12062450746695201
5845,0,0.11215529839197795
5846,1,0.31230490406354267
5847,0,0.11571220556894939
5848,0,0.18658835689226785
5849,0,0.1163569837808609
5850,1,0.32741740345954895
5851,0,0.2952769100666046
5852,0,0.37042423089345294
5853,0,0.4470456739266713
5854,1,0.35522568225860596
5855,0,0.09949103494485219
5856,1,0.28418009479840595
5857,0,0.1750787595907847
5858,0,0.1270181139310201
5859,0,0.12767486770947775
5860,0,0.1241179605325063
5861,1,0.6922701001167297
5862,0,0.06798926492532094
5863,0,0.13267411788304648
5864,0,0.16412802040576935
5865,1,0.2603470633427302
5866,0,0.3204767107963562
5867,0,0.5952912370363871
5868,0,0.8212418357531229
5869,0,0.09949103494485219
5870,0,0.19190336763858795
5871,0,0.2952769100666046
5872,0,0.3204767107963562
5873,0,0.0759682518740495
5874,0,0.1270181139310201
5875,1,0.5792729655901591
5876,0,0.1844381590684255
5877,1,0.8962544004122416
5878,0,0.11215529839197795
5879,0,0.2603470633427302
5880,0,0.09949103494485219
5881,0,0.0759682518740495
5882,0,0.12767486770947775
5883,0,0.08496410151322682
5884,0,0.1750787595907847
5885,0,0.4145099918047587
5886,0,0.09949103494485219
5887,1,0.8962544004122416
5888,0,0.1750787595907847
5889,0,0.09949103494485219
5890,0,0.2895208199818929
5891,0,0.48190967241923016
5892,0,0.1764516979455948
5893,0,0.1241179605325063
5894,0,0.09949103494485219
5895,1,0.7469152609507242
5896,0,0.1844381590684255
5897,0,0.4145099918047587
5898,0,0.4565080801645915
5899,0,0.23954747120539346
5900,1,0.5423746705055237
5901,0,0.06798926492532094
5902,1,0.6849722663561503
5903,1,0.8184640606244405
5904,0,0.1370487113793691
5905,0,0.0759682518740495
5906,0,0.06798926492532094
5907,0,0.15717355410257974
5908,1,0.6623546878496805
5909,0,0.3578697144985199
5910,0,0.09949103494485219
5911,0,0.13134859005610147
5912,1,0.574891726175944
5913,0,0.3204767107963562
5914,1,0.28418009479840595
5915,0,0.16458010176817575
5916,0,0.12767486770947775
5917,0,0.06798926492532094
5918,1,0.4470456739266713
5919,1,0.6623546878496805
5920,0,0.0759682518740495
5921,0,0.3909330566724141
5922,0,0.24048798779646555
5923,0,0.4788922170797984
5924,0,0.1270181139310201
5925,0,0.12062450746695201
5926,0,0.22023382286230722
5927,0,0.30120808879534405
5928,0,0.783443808555603
5929,0,0.15966461102167764
5930,1,0.7641592224438986
5931,1,0.33012237151463825
5932,0,0.2952769100666046
5933,0,0.13134859005610147
5934,0,0.18658835689226785
5935,0,0.6849722663561503
5936,0,0.09949103494485219
5937,0,0.7641592224438986
5938,0,0.49398308992385864
5939,1,0.2708360254764557
5940,0,0.10443828503290813
5941,1,0.5952912370363871
5942,0,0.22023382286230722
5943,0,0.09949103494485219
5944,1,0.6849722663561503
5945,0,0.06798926492532094
5946,0,0.33550431330998737
5947,0,0.10799519220987956
5948,0,0.5792729655901591
5949,0,0.6922701001167297
5950,0,0.27801122268040973
5951,1,0.48190967241923016
5952,1,0.6922701001167297
5953,0,0.1844381590684255
5954,1,0.0797332338988781
5955,0,0.18658835689226785
5956,1,0.4485076665878296
5957,1,0.1750787595907847
5958,1,0.1270181139310201
5959,0,0.0759682518740495
5960,1,0.6292468110720316
5961,0,0.12767486770947775
5962,0,0.4145099918047587
5963,0,0.13134859005610147
5964,0,0.09949103494485219
5965,1,0.3578697144985199
5966,1,0.4145099918047587
5967,0,0.2603470633427302
5968,1,0.33550431330998737
5969,0,0.12767486770947775
5970,0,0.09949103494485219
5971,0,0.37042423089345294
5972,0,0.35522568225860596
5973,0,0.3909330566724141
5974,1,0.6842315196990967
5975,0,0.4145099918047587
5976,0,0.10443828503290813
5977,0,0.5952912370363871
5978,0,0.18658835689226785
5979,1,0.3909330566724141
5980,1,0.6190909544626871
5981,0,0.09949103494485219
5982,0,0.2722251017888387
5983,0,0.22023382286230722
5984,1,0.15717355410257974
5985,0,0.3909330566724141
5986,1,0.11215529839197795
5987,0,0.12126928567886353
5988,0,0.07428647826115291
5989,0,0.4145099918047587
5990,0,0.16458010176817575
5991,1,0.6922701001167297
5992,0,0.3204767107963562
5993,0,0.06798926492532094
5994,0,0.2952769100666046
5995,0,0.19190336763858795
5996,1,0.22023382286230722
5997,0,0.09949103494485219
5998,0,0.5148873527844747
5999,0,0.0759682518740495
6000,0,0.06798926492532094
6001,0,0.4470456739266713
6002,0,0.33550431330998737
6003,0,0.4145099918047587
6004,0,0.0759682518740495
6005,0,0.0759682518740495
6006,0,0.33012237151463825
6007,0,0.5423746705055237
6008,0,0.10443828503290813
6009,0,0.15229111909866333
6010,0,0.783443808555603
6011,1,0.3909330566724141
6012,1,0.31230490406354267
6013,0,0.31230490406354267
6014,0,0.1770316114028295
6015,0,0.09949103494485219
6016,0,0.17247648040453592
6017,0,0.1487011561791102
6018,1,0.5952912370363871
6019,1,0.35837329427401227
6020,0,0.36022986968358356
6021,0,0.10545454422632854
6022,0,0.259466215968132
6023,0,0.11215529839197795
6024,0,0.14737562835216522
6025,0,0.1487011561791102
6026,0,0.33012237151463825
6027,0,0.23960714042186737
6028,0,0.1270181139310201
6029,0,0.3578697144985199
6030,0,0.18658835689226785
6031,0,0.22023382286230722
6032,0,0.0759682518740495
6033,1,0.22023382286230722
6034,0,0.13134859005610147
6035,0,0.4470456739266713
6036,0,0.4485076665878296
6037,0,0.37042423089345294
6038,0,0.28418009479840595
6039,0,0.12767486770947775
6040,1,0.31230490406354267
6041,0,0.09949103494485219
6042,0,0.2003757655620575
6043,1,0.48190967241923016
6044,1,0.20378140608469644
6045,0,0.09949103494485219
6046,1,0.22023382286230722
6047,0,0.06798926492532094
6048,0,0.3204767107963562
6049,0,0.22023382286230722
6050,0,0.13134859005610147
6051,0,0.0759682518740495
6052,0,0.5952912370363871
6053,1,0.6292468110720316
6054,0,0.1270181139310201
6055,0,0.10443828503290813
6056,1,0.5423746705055237
6057,1,0.6292468110720316
6058,0,0.28418009479840595
6059,1,0.3909330566724141
6060,0,0.28418009479840595
6061,1,0.6623546878496805
6062,1,0.0797332338988781
6063,0,0.06798926492532094
6064,0,0.12447746594746907
6065,1,0.6922701001167297
6066,0,0.06974428271253903
6067,1,0.3909330566724141
6068,1,0.33550431330998737
6069,0,0.1270181139310201
6070,1,0.7641592224438986
6071,1,0.6623546878496805
6072,0,0.09949103494485219
6073,0,0.1241179605325063
6074,1,0.7508884072303772
6075,0,0.0759682518740495
6076,1,0.16412802040576935
6077,1,0.22023382286230722
6078,0,0.0759682518740495
6079,0,0.16552201410134634
6080,1,0.5792729655901591
6081,0,0.12767486770947775
6082,0,0.16949723164240518
6083,0,0.2325079689423243
6084,0,0.22023382286230722
6085,0,0.09949103494485219
6086,0,0.3909330566724141
6087,0,0.07428647826115291
6088,1,0.1241179605325063
6089,0,0.3204767107963562
6090,1,0.5423746705055237
6091,0,0.24009289840857187
6092,1,0.6190909544626871
6093,0,0.06798926492532094
6094,0,0.12346120675404866
6095,0,0.11215529839197795
6096,0,0.16673029959201813
6097,1,0.3472764790058136
6098,0,0.2722251017888387
6099,0,0.0759682518740495
6100,1,0.5792729655901591
6101,1,0.6842315196990967
6102,0,0.6292468110720316
6103,0,0.4267452855904897
6104,0,0.10443828503290813
6105,1,0.5145749052365621
6106,1,0.5792729655901591
6107,0,0.28418009479840595
6108,0,0.06798926492532094
6109,0,0.9611111084620158
6110,0,0.09949103494485219
6111,0,0.0759682518740495
6112,0,0.48190967241923016
6113,0,0.39732542634010315
6114,0,0.0759682518740495
6115,0,0.0759682518740495
6116,1,0.3466786742210388
6117,0,0.6922701001167297
6118,1,0.23960714042186737
6119,1,0.3909330566724141
6120,1,0.48190967241923016
6121,1,0.7641592224438986
6122,0,0.09949103494485219
6123,0,0.6849722663561503
6124,1,0.783443808555603
6125,1,0.7641592224438986
6126,0,0.6292468110720316
6127,1,0.09949103494485219
6128,0,0.3909330566724141
6129,0,0.1270181139310201
6130,0,0.09949103494485219
6131,0,0.6922701001167297
6132,0,0.09949103494485219
6133,1,0.6922701001167297
6134,0,0.15229111909866333
6135,1,0.5423746705055237
6136,0,0.09949103494485219
6137,0,0.09949103494485219
6138,0,0.0759682518740495
6139,0,0.06798926492532094
6140,0,0.09949103494485219
6141,0,0.6623546878496805
6142,0,0.3680640757083893
6143,0,0.783443808555603
6144,0,0.37042423089345294
6145,1,0.37042423089345294
6146,0,0.15347019334634146
6147,0,0.18658835689226785
6148,0,0.3264766534169515
6149,1,0.6292468110720316
6150,0,0.0759682518740495
6151,0,0.12482619285583496
6152,0,0.1270181139310201
6153,0,0.12767486770947775
6154,0,0.23960714042186737
6155,0,0.7508884072303772
6156,1,0.22023382286230722
6157,0,0.09949103494485219
6158,1,0.8505050539970398
6159,0,0.28418009479840595
6160,1,0.5367150902748108
6161,1,0.5186862150828043
6162,1,0.09426016733050346
6163,1,0.2192968229452769
6164,0,0.12767486770947775
6165,0,0.09949103494485219
6166,0,0.09949103494485219
6167,0,0.4470456739266713
6168,0,0.23960714042186737
6169,0,0.2643210192521413
6170,1,0.15717355410257974
6171,0,0.22023382286230722
6172,0,0.09949103494485219
6173,0,0.06798926492532094
6174,0,0.37241453925768536
6175,0,0.09949103494485219
6176,0,0.12062450746695201
6177,0,0.35522568225860596
6178,0,0.3909330566724141
6179,1,0.12559976180394491
6180,1,0.5952912370363871
6181,0,0.4470456739266713
6182,0,0.06798926492532094
6183,0,0.2603470633427302
6184,0,0.3909330566724141
6185,1,0.16949723164240518
6186,1,0.09949103494485219
6187,1,0.5186862150828043
6188,1,0.3204767107963562
6189,0,0.6623546878496805
6190,1,0.48190967241923016
6191,0,0.0759682518740495
6192,0,0.12346120675404866
6193,1,0.3909330566724141
6194,1,0.19093201557795206
6195,0,0.3114490509033203
6196,0,0.12062450746695201
6197,0,0.18658835689226785
6198,1,0.42493073145548504
6199,1,0.6922701001167297
6200,0,0.09949103494485219
6201,0,0.06798926492532094
6202,0,0.3032772441705068
6203,1,0.09949103494485219
6204,1,0.5792729655901591
6205,0,0.5792729655901591
6206,1,0.4470456739266713
6207,0,0.1764516979455948
6208,0,0.33012237151463825
6209,1,0.5423746705055237
6210,0,0.15717355410257974
6211,1,0.7641592224438986
6212,1,0.08496410151322682
6213,1,0.12062450746695201
6214,1,0.5952912370363871
6215,0,0.7508884072303772
6216,0,0.2952769100666046
6217,1,0.4378194808959961
6218,0,0.3917698760827382
6219,1,0.23954747120539346
6220,1,0.4788922170797984
6221,1,0.2952769100666046
6222,0,0.12767486770947775
6223,1,0.3204767107963562
6224,1,0.16412802040576935
6225,0,0.1270181139310201
6226,0,0.12346120675404866
6227,0,0.06798926492532094
6228,0,0.3575858374436696
6229,1,0.48190967241923016
6230,0,0.27144387861092883
6231,0,0.3909330566724141
6232,0,0.4145099918047587
6233,1,0.3909330566724141
6234,1,0.5952912370363871
6235,0,0.2603470633427302
6236,0,0.09426016733050346
6237,1,0.09949103494485219
6238,1,0.5367150902748108
6239,1,0.33550431330998737
6240,1,0.3204767107963562
6241,1,0.6292468110720316
6242,0,0.09949103494485219
6243,0,0.3204767107963562
6244,0,0.18658835689226785
6245,0,0.3578697144985199
6246,0,0.09949103494485219
6247,1,0.6849722663561503
6248,1,0.6922701001167297
6249,0,0.22023382286230722
6250,1,0.6849722663561503
6251,0,0.18658835689226785
6252,1,0.7641592224438986
6253,0,0.3412967324256897
6254,1,0.4788922170797984
6255,0,0.1770316114028295
6256,1,0.6668280760447184
6257,0,0.09949103494485219
6258,1,0.22023382286230722
6259,0,0.0797332338988781
6260,0,0.09949103494485219
6261,0,0.06798926492532094
6262,0,0.3204767107963562
6263,0,0.1606395790974299
6264,1,0.7469152609507242
6265,1,0.5351849993069967
6266,0,0.2603470633427302
6267,0,0.06967103853821754
6268,1,0.6922701001167297
6269,0,0.4378194808959961
6270,0,0.28418009479840595
6271,1,0.33012237151463825
6272,0,0.09949103494485219
6273,0,0.37241453925768536
6274,0,0.48190967241923016
6275,1,0.8962544004122416
6276,0,0.09949103494485219
6277,0,0.30120808879534405
6278,1,0.1954602748155594
6279,1,0.12192603945732117
6280,0,0.15717355410257974
6281,0,0.4470456739266713
6282,1,0.7508884072303772
6283,1,0.3909330566724141
6284,0,0.37042423089345294
6285,0,0.24009289840857187
6286,1,0.6842315196990967
6287,1,0.574891726175944
6288,0,0.10799519220987956
6289,0,0.20600426197052002
6290,0,0.4145099918047587
6291,0,0.06798926492532094
6292,0,0.06798926492532094
6293,0,0.10443828503290813
6294,0,0.22023382286230722
6295,1,0.3578697144985199
6296,0,0.1270181139310201
6297,0,0.09949103494485219
6298,0,0.06798926492532094
6299,0,0.17247648040453592
6300,0,0.4788922170797984
6301,1,0.5423746705055237
6302,0,0.3204767107963562
6303,1,0.7641592224438986
6304,1,0.3204767107963562
6305,0,0.09949103494485219
6306,1,0.8184640606244405
6307,0,0.1270181139310201
6308,0,0.18658835689226785
6309,0,0.3472764790058136
6310,0,0.12062450746695201
6311,0,0.23960714042186737
6312,0,0.22023382286230722
6313,0,0.19190336763858795
6314,0,0.5792729655901591
6315,1,0.37042423089345294
6316,1,0.6292468110720316
6317,0,0.22023382286230722
6318,1,0.6623546878496805
6319,0,0.15229111909866333
6320,0,0.09949103494485219
6321,0,0.06798926492532094
6322,1,0.4949026107788086
6323,0,0.28418009479840595
6324,0,0.06798926492532094
6325,0,0.1683813234170278
6326,0,0.33012237151463825
6327,0,0.3578697144985199
6328,1,0.574891726175944
6329,0,0.09041840707262357
6330,0,0.33012237151463825
6331,1,0.5423746705055237
6332,0,0.33550431330998737
6333,0,0.47698525587717694
6334,0,0.2952769100666046
6335,0,0.3472764790058136
6336,1,0.15229111909866333
6337,1,0.28418009479840595
6338,0,0.2643210192521413
6339,0,0.06798926492532094
6340,0,0.0759682518740495
6341,0,0.1270181139310201
6342,1,0.08496410151322682
6343,0,0.28418009479840595
6344,0,0.33165107170740765
6345,1,0.4788922170797984
6346,0,0.18658835689226785
6347,0,0.07343602056304614
6348,0,0.5792729655901591
6349,1,0.2743929326534271
6350,0,0.33012237151463825
6351,1,0.3204767107963562
6352,0,0.1270181139310201
6353,0,0.1220967024564743
6354,0,0.1270181139310201
6355,1,0.4145099918047587
6356,0,0.12126928567886353
6357,0,0.37042423089345294
6358,1,0.28418009479840595
6359,0,0.06798926492532094
6360,0,0.0759682518740495
6361,0,0.18376131852467856
6362,0,0.1270181139310201
6363,0,0.09949103494485219
6364,0,0.3909330566724141
6365,0,0.06798926492532094
6366,1,0.16458010176817575
6367,1,0.4296649992465973
6368,0,0.33012237151463825
6369,0,0.1270181139310201
6370,0,0.09949103494485219
6371,0,0.0759682518740495
6372,0,0.2603470633427302
6373,0,0.09949103494485219
6374,0,0.3909330566724141
6375,0,0.16458010176817575
6376,1,0.48190967241923016
6377,0,0.12126928567886353
6378,1,0.22023382286230722
6379,1,0.6849722663561503
6380,0,0.2708360254764557
6381,0,0.1770316114028295
6382,1,0.36022986968358356
6383,1,0.28418009479840595
6384,1,0.4667024413744609
6385,1,0.3909330566724141
6386,0,0.12767486770947775
6387,0,0.5148873527844747
6388,0,0.4145099918047587
6389,0,0.3909330566724141
6390,1,0.6922701001167297
6391,0,0.3578697144985199
6392,1,0.5382024546464285
6393,0,0.12767486770947775
6394,0,0.3204767107963562
6395,1,0.4296649992465973
6396,0,0.15229111909866333
6397,0,0.31230490406354267
6398,0,0.1270181139310201
6399,0,0.1606395790974299
6400,0,0.3204767107963562
6401,0,0.12767486770947775
6402,0,0.2952769100666046
6403,1,0.23954747120539346
6404,0,0.12767486770947775
6405,0,0.2708360254764557
6406,1,0.6292468110720316
6407,0,0.13134859005610147
6408,0,0.31230490406354267
6409,1,0.23599056402842203
6410,1,0.13267411788304648
6411,0,0.37042423089345294
6412,0,0.36022986968358356
6413,0,0.1844381590684255
6414,0,0.34984374046325684
6415,1,0.10443828503290813
6416,0,0.6449512441953024
6417,1,0.558873454729716
6418,1,0.48190967241923016
6419,0,0.09949103494485219
6420,1,0.4296649992465973
6421,1,0.12779168287913004
6422,1,0.4145099918047587
6423,1,0.3472764790058136
6424,1,0.32741740345954895
6425,0,0.1284903089205424
6426,0,0.3909330566724141
6427,0,0.08496410151322682
6428,0,0.10799519220987956
6429,0,0.0759682518740495
6430,0,0.2157363990942637
6431,1,0.4378194808959961
6432,0,0.1606395790974299
6433,0,0.09949103494485219
6434,0,0.09949103494485219
6435,0,0.1270181139310201
6436,0,0.10443828503290813
6437,0,0.22023382286230722
6438,1,0.8184640606244405
6439,1,0.28418009479840595
6440,0,0.5792729655901591
6441,1,0.5423746705055237
6442,0,0.12767486770947775
6443,0,0.09949103494485219
6444,0,0.2722251017888387
6445,0,0.09041840707262357
6446,1,0.3909330566724141
6447,0,0.2603470633427302
6448,0,0.0759682518740495
6449,1,0.6849722663561503
6450,0,0.22023382286230722
6451,0,0.12493340174357097
6452,1,0.11571220556894939
6453,0,0.0759682518740495
6454,0,0.3909330566724141
6455,0,0.12447746594746907
6456,0,0.4296649992465973
6457,1,0.31230490406354267
6458,0,0.12779168287913004
6459,0,0.09949103494485219
6460,0,0.06974428271253903
6461,1,0.6658740441004435
6462,1,0.16458010176817575
6463,0,0.4788922170797984
6464,1,0.4267452855904897
6465,0,0.12767486770947775
6466,0,0.6922701001167297
6467,0,0.22023382286230722
6468,1,0.6292468110720316
6469,1,0.783443808555603
6470,0,0.07428647826115291
6471,0,0.5423746705055237
6472,0,0.17292856176694235
6473,1,0.28418009479840595
6474,1,0.5148873527844747
6475,0,0.09949103494485219
6476,0,0.22023382286230722
6477,1,0.09949103494485219
6478,0,0.16552201410134634
6479,0,0.09949103494485219
6480,0,0.20872422556082407
6481,1,0.4470456739266713
6482,0,0.33012237151463825
6483,0,0.1844381590684255
6484,1,0.6849722663561503
6485,0,0.23954747120539346
6486,0,0.22023382286230722
6487,1,0.3045484224955241
6488,0,0.1163569837808609
6489,1,0.09949103494485219
6490,0,0.1270181139310201
6491,1,0.0956492746869723
6492,0,0.1270181139310201
6493,1,0.5423746705055237
6494,0,0.24416237076123556
6495,1,0.7508884072303772
6496,0,0.1270181139310201
6497,0,0.15225806335608164
6498,0,0.5952912370363871
6499,0,0.1750787595907847
6500,0,0.12346120675404866
6501,0,0.22023382286230722
6502,0,0.15229111909866333
6503,0,0.1270181139310201
6504,0,0.18658835689226785
6505,1,0.8212418357531229
6506,0,0.48190967241923016
6507,0,0.09949103494485219
6508,0,0.0759682518740495
6509,1,0.6849722663561503
6510,1,0.33550431330998737
6511,0,0.2603470633427302
6512,0,0.15966461102167764
6513,0,0.12767486770947775
6514,1,0.48190967241923016
6515,0,0.22023382286230722
6516,0,0.3909330566724141
6517,0,0.16949723164240518
6518,1,0.22023382286230722
6519,0,0.5952912370363871
6520,0,0.4470456739266713
6521,0,0.31230490406354267
6522,0,0.31230490406354267
6523,0,0.09949103494485219
6524,1,0.1750787595907847
6525,0,0.259466215968132
6526,0,0.1270181139310201
6527,0,0.11215529839197795
6528,0,0.22023382286230722
6529,0,0.10443828503290813
6530,0,0.783443808555603
6531,0,0.4145099918047587
6532,1,0.6292468110720316
6533,1,0.12767486770947775
6534,1,0.14737562835216522
6535,1,0.4553152819474538
6536,0,0.09949103494485219
6537,0,0.4470456739266713
6538,1,0.33012237151463825
6539,1,0.5423746705055237
6540,0,0.09949103494485219
6541,0,0.18658835689226785
6542,0,0.14737562835216522
6543,0,0.3204767107963562
6544,1,0.5792729655901591
6545,0,0.35522568225860596
6546,0,0.28418009479840595
6547,0,0.5423746705055237
6548,0,0.5423746705055237
6549,0,0.06798926492532094
6550,0,0.4788922170797984
6551,0,0.18658835689226785
6552,0,0.06798926492532094
6553,1,0.09949103494485219
6554,0,0.5423746705055237
6555,1,0.3287579615910848
6556,0,0.13626408080259958
6557,0,0.0759682518740495
6558,0,0.12767486770947775
6559,1,0.6292468110720316
6560,0,0.1270181139310201
6561,0,0.33550431330998737
6562,0,0.4470456739266713
6563,0,0.09949103494485219
6564,0,0.09949103494485219
6565,0,0.09949103494485219
6566,0,0.5351849993069967
6567,0,0.09949103494485219
6568,1,0.4145099918047587
6569,0,0.6623546878496805
6570,0,0.22023382286230722
6571,0,0.6138366460800171
6572,0,0.5952912370363871
6573,0,0.3264766534169515
6574,1,0.7508884072303772
6575,0,0.22023382286230722
6576,0,0.09949103494485219
6577,0,0.15347019334634146
6578,0,0.28418009479840595
6579,0,0.24009289840857187
6580,0,0.5025806725025177
6581,0,0.1163569837808609
6582,0,0.08496410151322682
6583,0,0.13259035845597586
6584,1,0.259466215968132
6585,0,0.37241453925768536
6586,1,0.4788922170797984
6587,0,0.1270181139310201
6588,0,0.09949103494485219
6589,0,0.06798926492532094
6590,0,0.16412802040576935
6591,1,0.17905397713184357
6592,1,0.09949103494485219
6593,0,0.2952769100666046
6594,0,0.15717355410257974
6595,0,0.4145099918047587
6596,0,0.09949103494485219
6597,1,0.07142605632543564
6598,0,0.2952769100666046
6599,0,0.3204767107963562
6600,0,0.12495498359203339
6601,0,0.2643210192521413
6602,0,0.1954602748155594
6603,1,0.5952912370363871
6604,0,0.6292468110720316
6605,1,0.6449512441953024
6606,0,0.10443828503290813
6607,0,0.06967103853821754
6608,0,0.09426016733050346
6609,0,0.3909330566724141
6610,1,0.09949103494485219
6611,0,0.1270181139310201
6612,1,0.7641592224438986
6613,1,0.48190967241923016
6614,0,0.18398607770601907
6615,0,0.31230490406354267
6616,0,0.16412802040576935
6617,0,0.5952912370363871
6618,1,0.13267411788304648
6619,0,0.09949103494485219
6620,1,0.5952912370363871
6621,0,0.10443828503290813
6622,1,0.22023382286230722
6623,0,0.08496410151322682
6624,0,0.17905397713184357
6625,1,0.35837329427401227
6626,0,0.1844381590684255
6627,1,0.28418009479840595
6628,0,0.1770316114028295
6629,0,0.33012237151463825
6630,0,0.3909330566724141
6631,0,0.12062450746695201
6632,1,0.4949026107788086
6633,0,0.783443808555603
6634,0,0.09949103494485219
6635,0,0.19587483505407968
6636,0,0.11571220556894939
6637,0,0.12495498359203339
6638,0,0.0759682518740495
6639,0,0.22023382286230722
6640,1,0.31230490406354267
6641,0,0.13134859005610147
6642,0,0.24048798779646555
6643,0,0.4470456739266713
6644,0,0.09949103494485219
6645,0,0.06798926492532094
6646,1,0.5952912370363871
6647,1,0.11215529839197795
6648,1,0.783443808555603
6649,1,0.35522568225860596
6650,0,0.0797332338988781
6651,1,0.5367150902748108
6652,0,0.4519798854986827
6653,0,0.24048798779646555
6654,0,0.08501943821708362
6655,0,0.10443828503290813
6656,1,0.30120808879534405
6657,1,0.4470456739266713
6658,0,0.1163569837808609
6659,0,0.23510971665382385
6660,0,0.12761084735393524
6661,0,0.10443828503290813
6662,1,0.7641592224438986
6663,1,0.3466786742210388
6664,1,0.783443808555603
6665,0,0.5423746705055237
6666,1,0.6842315196990967
6667,0,0.3578697144985199
6668,1,0.3909330566724141
6669,1,0.4145099918047587
6670,0,0.13267411788304648
6671,0,0.3909330566724141
6672,0,0.5423746705055237
6673,0,0.12767486770947775
6674,1,0.7469152609507242
6675,0,0.09949103494485219
6676,0,0.1220967024564743
6677,0,0.06798926492532094
6678,0,0.8962544004122416
6679,1,0.5148873527844747
6680,1,0.6922701001167297
6681,0,0.4780196249485016
6682,0,0.09426016733050346
6683,0,0.09949103494485219
6684,0,0.09949103494485219
6685,0,0.09949103494485219
6686,0,0.28418009479840595
6687,1,0.37042423089345294
6688,0,0.09949103494485219
6689,0,0.39732542634010315
6690,0,0.09949103494485219
6691,1,0.15225806335608164
6692,0,0.4669085144996643
6693,0,0.07428647826115291
6694,0,0.12062450746695201
6695,0,0.09949103494485219
6696,0,0.09949103494485219
6697,0,0.09949103494485219
6698,1,0.28418009479840595
6699,0,0.1334057996670405
6700,1,0.4470456739266713
6701,1,0.4602117935816447
6702,0,0.4485076665878296
6703,1,0.32440749804178876
6704,1,0.5952912370363871
6705,0,0.37042423089345294
6706,0,0.10799519220987956
6707,0,0.0759682518740495
6708,1,0.6922701001167297
6709,0,0.06974428271253903
6710,0,0.4788922170797984
6711,0,0.09949103494485219
6712,1,0.6842315196990967
6713,0,0.5423746705055237
6714,1,0.14737562835216522
6715,0,0.09949103494485219
6716,0,0.09949103494485219
6717,0,0.17292856176694235
6718,1,0.3909330566724141
6719,1,0.09533299505710602
6720,0,0.1270181139310201
6721,0,0.09949103494485219
6722,1,0.6292468110720316
6723,0,0.12779168287913004
6724,0,0.31230490406354267
6725,0,0.06798926492532094
6726,0,0.09949103494485219
6727,0,0.1270181139310201
6728,0,0.18658835689226785
6729,0,0.22023382286230722
6730,0,0.09949103494485219
6731,1,0.4145099918047587
6732,0,0.12767486770947775
6733,0,0.14737562835216522
6734,0,0.0759682518740495
6735,0,0.4788922170797984
6736,0,0.6849722663561503
6737,1,0.22023382286230722
6738,1,0.6292468110720316
6739,1,0.7641592224438986
6740,0,0.12767486770947775
6741,0,0.1270181139310201
6742,0,0.37042423089345294
6743,1,0.18658835689226785
6744,0,0.6292468110720316
6745,0,0.12062450746695201
6746,1,0.5025806725025177
6747,0,0.09949103494485219
6748,0,0.17905397713184357
6749,1,0.6849722663561503
6750,0,0.5423746705055237
6751,0,0.12767486770947775
6752,0,0.4145099918047587
6753,0,0.2952769100666046
6754,0,0.19190336763858795
6755,0,0.5367150902748108
6756,0,0.22023382286230722
6757,1,0.22023382286230722
6758,0,0.09041840707262357
6759,1,0.2603470633427302
6760,0,0.1844381590684255
6761,1,0.37042423089345294
6762,0,0.3909330566724141
6763,0,0.1770316114028295
6764,0,0.3909330566724141
6765,0,0.10443828503290813
6766,0,0.15717355410257974
6767,0,0.32440749804178876
6768,0,0.22023382286230722
6769,0,0.48190967241923016
6770,1,0.19291962683200836
6771,0,0.18658835689226785
6772,0,0.22023382286230722
6773,0,0.12767486770947775
6774,0,0.35837329427401227
6775,0,0.09949103494485219
6776,0,0.15229111909866333
6777,0,0.09949103494485219
6778,0,0.06798926492532094
6779,1,0.30120808879534405
6780,1,0.6842315196990967
6781,0,0.09949103494485219
6782,0,0.37042423089345294
6783,0,0.3909330566724141
6784,0,0.06974428271253903
6785,0,0.28418009479840595
6786,1,0.1954602748155594
6787,0,0.2603470633427302
6788,1,0.7508884072303772
6789,0,0.12767486770947775
6790,0,0.0759682518740495
6791,1,0.6449512441953024
6792,0,0.22023382286230722
6793,0,0.15229111909866333
6794,0,0.09949103494485219
6795,1,0.5423746705055237
6796,1,0.5792729655901591
6797,0,0.39732542634010315
6798,1,0.7641592224438986
6799,1,0.29057825605074566
6800,0,0.0759682518740495
6801,0,0.09949103494485219
6802,0,0.37042423089345294
6803,0,0.4951092799504598
6804,0,0.09949103494485219
6805,0,0.24009289840857187
6806,1,0.3825785219669342
6807,0,0.09949103494485219
6808,1,0.33012237151463825
6809,0,0.3680640757083893
6810,0,0.48190967241923016
6811,0,0.5952912370363871
6812,0,0.16412802040576935
6813,0,0.3578697144985199
6814,0,0.46753926078478497
6815,0,0.0759682518740495
6816,0,0.518591066201528
6817,1,0.7508884072303772
6818,0,0.09949103494485219
6819,1,0.1163569837808609
6820,0,0.3909330566724141
6821,0,0.06798926492532094
6822,0,0.37042423089345294
6823,1,0.09426016733050346
6824,1,0.15347019334634146
6825,0,0.1270181139310201
6826,1,0.22023382286230722
6827,1,0.6922701001167297
6828,1,0.6849722663561503
6829,1,0.6922701001167297
6830,1,0.31230490406354267
6831,0,0.2603470633427302
6832,0,0.09041840707262357
6833,1,0.6922701001167297
6834,0,0.1270181139310201
6835,1,0.6922701001167297
6836,0,0.2603470633427302
6837,0,0.1284903089205424
6838,1,0.22023382286230722
6839,0,0.48190967241923016
6840,1,0.5792729655901591
6841,0,0.09949103494485219
6842,0,0.10799519220987956
6843,0,0.06798926492532094
6844,0,0.6922701001167297
6845,0,0.6842315196990967
6846,1,0.33012237151463825
6847,1,0.4470456739266713
6848,1,0.5186862150828043
6849,0,0.1241179605325063
6850,0,0.3204767107963562
6851,1,0.42493073145548504
6852,0,0.22023382286230722
6853,1,0.6849722663561503
6854,1,0.2722251017888387
6855,0,0.09949103494485219
6856,1,0.3909330566724141
6857,0,0.12346120675404866
6858,1,0.23960714042186737
6859,1,0.8184640606244405
6860,0,0.5952912370363871
6861,1,0.7641592224438986
6862,0,0.1606395790974299
6863,0,0.5423746705055237
6864,0,0.06798926492532094
6865,0,0.15717355410257974
6866,0,0.37042423089345294
6867,1,0.5952912370363871
6868,1,0.4470456739266713
6869,1,0.8184640606244405
6870,1,0.4296649992465973
6871,0,0.7508884072303772
6872,0,0.06798926492532094
6873,0,0.09949103494485219
6874,0,0.1764516979455948
6875,0,0.09949103494485219
6876,1,0.28418009479840595
6877,0,0.10443828503290813
6878,1,0.48190967241923016
6879,1,0.3909330566724141
6880,0,0.0759682518740495
6881,1,0.7469152609507242
6882,0,0.09949103494485219
6883,0,0.3401980797449748
6884,0,0.06798926492532094
6885,1,0.19190336763858795
6886,0,0.22023382286230722
6887,1,0.2952769100666046
6888,0,0.22023382286230722
6889,0,0.0759682518740495
6890,0,0.22023382286230722
6891,0,0.40729959805806476
6892,0,0.06798926492532094
6893,0,0.11571220556894939
6894,0,0.1844381590684255
6895,0,0.3578697144985199
6896,0,0.3909330566724141
6897,0,0.08665342504779498
6898,1,0.8505050539970398
6899,0,0.15717355410257974
6900,0,0.19190336763858795
6901,0,0.33012237151463825
6902,0,0.12767486770947775
6903,0,0.15717355410257974
6904,0,0.09949103494485219
6905,1,0.22023382286230722
6906,0,0.5952912370363871
6907,0,0.33550431330998737
6908,0,0.1844381590684255
6909,0,0.30120808879534405
6910,0,0.3909330566724141
6911,1,0.558873454729716
6912,0,0.07428647826115291
6913,0,0.1298374185959498
6914,0,0.10443828503290813
6915,1,0.6190909544626871
6916,0,0.4780196249485016
6917,0,0.0759682518740495
6918,1,0.3909330566724141
6919,0,0.1770316114028295
6920,0,0.13134859005610147
6921,0,0.49421635270118713
6922,0,0.19190336763858795
6923,1,0.4553152819474538
6924,1,0.5423746705055237
6925,1,0.33550431330998737
6926,0,0.22023382286230722
6927,0,0.33550431330998737
6928,0,0.3909330566724141
6929,0,0.11317155758539836
6930,1,0.09949103494485219
6931,1,0.2722251017888387
6932,0,0.4470456739266713
6933,0,0.3204767107963562
6934,0,0.13134859005610147
6935,1,0.33012237151463825
6936,0,0.17905397713184357
6937,0,0.09949103494485219
6938,0,0.2157363990942637
6939,0,0.28418009479840595
6940,0,0.28418009479840595
6941,1,0.37042423089345294
6942,1,0.3909330566724141
6943,1,0.783443808555603
6944,0,0.5382024546464285
6945,0,0.1334057996670405
6946,0,0.3909330566724141
6947,0,0.09949103494485219
6948,0,0.1284903089205424
6949,0,0.33012237151463825
6950,0,0.28418009479840595
6951,0,0.48190967241923016
6952,1,0.34984374046325684
6953,0,0.18658835689226785
6954,0,0.5952912370363871
6955,1,0.3578697144985199
6956,0,0.28418009479840595
6957,0,0.3465387423833211
6958,0,0.06798926492532094
6959,0,0.5148873527844747
6960,0,0.22023382286230722
6961,1,0.24446296195189157
6962,0,0.3045484224955241
6963,0,0.06798926492532094
6964,1,0.7641592224438986
6965,0,0.09949103494485219
6966,0,0.6623546878496805
6967,1,0.15225806335608164
6968,0,0.5792729655901591
6969,0,0.09949103494485219
6970,1,0.35367464025815326
6971,1,0.06798926492532094
6972,0,0.3909330566724141
6973,1,0.7641592224438986
6974,1,0.4902793765068054
6975,0,0.28418009479840595
6976,0,0.1270181139310201
6977,0,0.1270181139310201
6978,0,0.28418009479840595
6979,0,0.22023382286230722
6980,0,0.09426016733050346
6981,0,0.5792729655901591
6982,0,0.15229111909866333
6983,0,0.1954602748155594
6984,0,0.09949103494485219
6985,0,0.09949103494485219
6986,0,0.4145099918047587
6987,0,0.12346120675404866
6988,0,0.22023382286230722
6989,0,0.1770316114028295
6990,0,0.2603470633427302
6991,0,0.31230490406354267
6992,0,0.12493340174357097
6993,1,0.3780946632226308
6994,0,0.28418009479840595
6995,0,0.0759682518740495
6996,0,0.06798926492532094
6997,0,0.06798926492532094
6998,0,0.2003757655620575
6999,0,0.4553152819474538
7000,0,0.15229111909866333
7001,0,0.09949103494485219
7002,0,0.6849722663561503
7003,0,0.10799519220987956
7004,0,0.06798926492532094
7005,0,0.24048798779646555
7006,0,0.10443828503290813
7007,1,0.33012237151463825
7008,0,0.2408564289410909
7009,0,0.12779168287913004
7010,0,0.06798926492532094
7011,0,0.06967103853821754
7012,0,0.11571220556894939
7013,0,0.12767486770947775
7014,0,0.1606395790974299
7015,0,0.2952769100666046
7016,0,0.1844381590684255
7017,0,0.5171234210332235
7018,1,0.6922701001167297
7019,0,0.09949103494485219
7020,0,0.12779168287913004
7021,1,0.9253968199094137
7022,0,0.06798926492532094
7023,0,0.13626408080259958
7024,1,0.5186862150828043
7025,0,0.12767486770947775
7026,0,0.08496410151322682
7027,0,0.15717355410257974
7028,1,0.07428647826115291
7029,1,0.5792729655901591
7030,1,0.1270181139310201
7031,0,0.3909330566724141
7032,0,0.31230490406354267
7033,0,0.3680640757083893
7034,0,0.0759682518740495
7035,0,0.09949103494485219
7036,0,0.28418009479840595
7037,1,0.3909330566724141
7038,1,0.6849722663561503
7039,0,0.1220967024564743
7040,0,0.09949103494485219
7041,1,0.35522568225860596
7042,0,0.4788922170797984
7043,0,0.36022986968358356
7044,0,0.22023382286230722
7045,0,0.15229111909866333
7046,0,0.18398607770601907
7047,0,0.17292856176694235
7048,1,0.7469152609507242
7049,0,0.22023382286230722
7050,0,0.3578697144985199
7051,1,0.3909330566724141
7052,0,0.09949103494485219
7053,0,0.3909330566724141
7054,1,0.20872422556082407
7055,1,0.6849722663561503
7056,0,0.1270181139310201
7057,0,0.35837329427401227
7058,0,0.10443828503290813
7059,1,0.13048219680786133
7060,1,0.7469152609507242
7061,0,0.783443808555603
7062,1,0.5423746705055237
7063,1,0.09949103494485219
7064,0,0.1270181139310201
7065,0,0.6292468110720316
7066,0,0.22023382286230722
7067,0,0.09949103494485219
7068,0,0.24009289840857187
7069,1,0.5423746705055237
7070,0,0.09949103494485219
7071,0,0.06798926492532094
7072,0,0.0759682518740495
7073,0,0.22023382286230722
7074,0,0.15717355410257974
7075,0,0.12767486770947775
7076,1,0.28418009479840595
7077,0,0.1298374185959498
7078,0,0.07142605632543564
7079,1,0.2157363990942637
7080,1,0.5792729655901591
7081,0,0.09949103494485219
7082,0,0.09949103494485219
7083,0,0.09949103494485219
7084,1,0.37042423089345294
7085,1,0.12062450746695201
7086,1,0.1284903089205424
7087,0,0.09949103494485219
7088,0,0.08496410151322682
7089,0,0.09949103494485219
7090,0,0.06798926492532094
7091,0,0.5423746705055237
7092,0,0.22023382286230722
7093,1,0.20600426197052002
7094,0,0.28418009479840595
7095,1,0.4470456739266713
7096,0,0.09949103494485219
7097,0,0.259466215968132
7098,0,0.06798926492532094
7099,0,0.0759682518740495
7100,0,0.11215529839197795
7101,0,0.09949103494485219
7102,0,0.5367150902748108
7103,0,0.3204767107963562
7104,0,0.09949103494485219
7105,0,0.15229111909866333
7106,0,0.11215529839197795
7107,0,0.5005621910095215
7108,0,0.09949103494485219
7109,1,0.31230490406354267
7110,1,0.4145099918047587
7111,0,0.15717355410257974
7112,1,0.33012237151463825
7113,0,0.0759682518740495
7114,0,0.20600426197052002
7115,0,0.7641592224438986
7116,0,0.06798926492532094
7117,1,0.33012237151463825
7118,0,0.31230490406354267
7119,0,0.33012237151463825
7120,1,0.3909330566724141
7121,1,0.31230490406354267
7122,1,0.28015080094337463
7123,0,0.09949103494485219
7124,0,0.22023382286230722
7125,0,0.1606395790974299
7126,1,0.4470456739266713
7127,1,0.31230490406354267
7128,1,0.3909330566724141
7129,1,0.1270181139310201
7130,0,0.23599056402842203
7131,1,0.28418009479840595
7132,0,0.4267452855904897
7133,0,0.25281142195065814
7134,0,0.22023382286230722
7135,0,0.09041840707262357
7136,1,0.5952912370363871
7137,0,0.6849722663561503
7138,0,0.12767486770947775
7139,0,0.1298374185959498
7140,0,0.09949103494485219
7141,0,0.28418009479840595
7142,0,0.06967103853821754
7143,1,0.6849722663561503
7144,0,0.12346120675404866
7145,0,0.6922701001167297
7146,1,0.5952912370363871
7147,0,0.31230490406354267
7148,0,0.2643210192521413
7149,0,0.13267411788304648
7150,0,0.23960714042186737
7151,0,0.18658835689226785
7152,1,0.6922701001167297
7153,0,0.16552201410134634
7154,0,0.09949103494485219
7155,0,0.06798926492532094
7156,0,0.31230490406354267
7157,0,0.2708360254764557
7158,1,0.3909330566724141
7159,0,0.10443828503290813
7160,0,0.09949103494485219
7161,0,0.22023382286230722
7162,1,0.6190909544626871
7163,0,0.1270181139310201
7164,1,0.2603470633427302
7165,0,0.37042423089345294
7166,0,0.07428647826115291
7167,0,0.24048798779646555
7168,0,0.09949103494485219
7169,0,0.0759682518740495
7170,1,0.3909330566724141
7171,0,0.31230490406354267
7172,0,0.28418009479840595
7173,1,0.22023382286230722
7174,0,0.15921252965927124
7175,1,0.27930842339992523
7176,0,0.22023382286230722
7177,1,0.7641592224438986
7178,0,0.20872422556082407
7179,1,0.4145099918047587
7180,0,0.1270181139310201
7181,0,0.2952769100666046
7182,0,0.1769037793080012
7183,0,0.06798926492532094
7184,0,0.16458010176817575
7185,0,0.1270181139310201
7186,1,0.1750787595907847
7187,0,0.5005621910095215
7188,0,0.09949103494485219
7189,0,0.0759682518740495
7190,1,0.12062450746695201
7191,1,0.10443828503290813
7192,0,0.09949103494485219
7193,0,0.22023382286230722
7194,0,0.6849722663561503
7195,1,0.09949103494485219
7196,0,0.22023382286230722
7197,0,0.09949103494485219
7198,0,0.12495498359203339
7199,1,0.3204767107963562
7200,0,0.09949103494485219
7201,0,0.09949103494485219
7202,1,0.1750787595907847
7203,0,0.1844381590684255
7204,0,0.12495498359203339
7205,1,0.6623546878496805
7206,0,0.6707883278528849
7207,0,0.4267452855904897
7208,0,0.5005621910095215
7209,0,0.06798926492532094
7210,1,0.6849722663561503
7211,1,0.6842315196990967
7212,0,0.3578697144985199
7213,0,0.24009289840857187
7214,0,0.2935157318909963
7215,1,0.31230490406354267
7216,0,0.0759682518740495
7217,0,0.09949103494485219
7218,0,0.28418009479840595
7219,0,0.31230490406354267
7220,0,0.09949103494485219
7221,1,0.6849722663561503
7222,1,0.4788922170797984
7223,0,0.22023382286230722
7224,1,0.22023382286230722
7225,0,0.280119647582372
7226,0,0.09426016733050346
7227,1,0.6849722663561503
7228,0,0.25380803147951764
7229,0,0.09949103494485219
7230,0,0.2862492501735687
7231,1,0.31230490406354267
7232,0,0.28418009479840595
7233,0,0.6922701001167297
7234,0,0.35522568225860596
7235,0,0.3680640757083893
7236,0,0.2643210192521413
7237,0,0.31230490406354267
7238,0,0.11215529839197795
7239,0,0.10443828503290813
7240,0,0.33550431330998737
7241,0,0.2603470633427302
7242,0,0.4788922170797984
7243,1,0.7641592224438986
7244,0,0.24048798779646555
7245,1,0.6922701001167297
7246,1,0.6922701001167297
7247,0,0.22023382286230722
7248,1,0.3909330566724141
7249,0,0.09949103494485219
7250,1,0.6922701001167297
7251,1,0.28418009479840595
7252,1,0.7641592224438986
7253,0,0.5792729655901591
7254,0,0.3909330566724141
7255,1,0.6292468110720316
7256,0,0.15229111909866333
7257,1,0.22023382286230722
7258,1,0.25236602624257404
7259,0,0.5952912370363871
7260,1,0.09949103494485219
7261,1,0.48190967241923016
7262,0,0.17292856176694235
7263,0,0.4470456739266713
7264,1,0.3909330566724141
7265,1,0.5512032707532247
7266,1,0.3578697144985199
7267,0,0.06798926492532094
7268,0,0.09949103494485219
7269,0,0.09949103494485219
7270,0,0.22023382286230722
7271,0,0.13134859005610147
7272,1,0.5015016496181488
7273,1,0.6922701001167297
7274,0,0.15717355410257974
7275,0,0.4470456739266713
7276,0,0.3909330566724141
7277,0,0.1284903089205424
7278,0,0.1954602748155594
7279,0,0.19190336763858795
7280,1,0.4485076665878296
7281,1,0.2708360254764557
7282,1,0.783443808555603
7283,0,0.1270181139310201
7284,0,0.0759682518740495
7285,1,0.3204767107963562
7286,0,0.42702096700668335
7287,1,0.6138366460800171
7288,1,0.8184640606244405
7289,0,0.1270181139310201
7290,1,0.6623546878496805
7291,0,0.06798926492532094
7292,1,0.37241453925768536
7293,1,0.31230490406354267
7294,0,0.6410865187644958
7295,0,0.36022986968358356
7296,0,0.13267411788304648
7297,0,0.558873454729716
7298,1,0.33012237151463825
7299,0,0.06798926492532094
7300,0,0.09949103494485219
7301,0,0.09949103494485219
7302,0,0.12346120675404866
7303,0,0.3909330566724141
7304,1,0.4267452855904897
7305,0,0.09949103494485219
7306,0,0.4145099918047587
7307,0,0.09949103494485219
7308,0,0.3909330566724141
7309,1,0.27930842339992523
7310,0,0.0759682518740495
7311,0,0.09949103494485219
7312,0,0.2952769100666046
7313,0,0.23960714042186737
7314,0,0.5423746705055237
7315,1,0.22023382286230722
7316,0,0.09949103494485219
7317,0,0.20600426197052002
7318,1,0.259466215968132
7319,1,0.558873454729716
7320,0,0.10443828503290813
7321,0,0.5367150902748108
7322,0,0.11215529839197795
7323,0,0.09949103494485219
7324,0,0.28418009479840595
7325,1,0.09949103494485219
7326,1,0.22023382286230722
7327,1,0.12767486770947775
7328,0,0.22023382286230722
7329,0,0.6292468110720316
7330,0,0.7508884072303772
7331,0,0.22023382286230722
7332,0,0.09949103494485219
7333,1,0.4267452855904897
7334,0,0.4267452855904897
7335,0,0.09949103494485219
7336,1,0.37042423089345294
7337,1,0.4949026107788086
7338,0,0.22023382286230722
7339,0,0.6292468110720316
7340,1,0.3909330566724141
7341,0,0.06798926492532094
7342,0,0.23960714042186737
7343,1,0.5952912370363871
7344,1,0.19190336763858795
7345,0,0.31230490406354267
7346,0,0.06974428271253903
7347,0,0.09949103494485219
7348,0,0.09949103494485219
7349,0,0.4470456739266713
7350,1,0.6842315196990967
7351,0,0.22023382286230722
7352,0,0.28418009479840595
7353,1,0.7641592224438986
7354,0,0.3909330566724141
7355,0,0.22023382286230722
7356,0,0.22023382286230722
7357,0,0.0759682518740495
7358,0,0.1284903089205424
7359,1,0.28418009479840595
7360,1,0.28418009479840595
7361,0,0.06798926492532094
7362,0,0.0797332338988781
7363,0,0.16412802040576935
7364,0,0.12062450746695201
7365,0,0.35522568225860596
7366,0,0.1298374185959498
7367,0,0.22023382286230722
7368,0,0.1844381590684255
7369,0,0.12767486770947775
7370,0,0.12062450746695201
7371,0,0.15229111909866333
7372,0,0.259466215968132
7373,0,0.7641592224438986
7374,0,0.06967103853821754
7375,1,0.6623546878496805
7376,0,0.518591066201528
7377,0,0.2003757655620575
7378,0,0.24009289840857187
7379,0,0.22023382286230722
7380,0,0.09949103494485219
7381,0,0.1844381590684255
7382,0,0.35522568225860596
7383,0,0.22023382286230722
7384,0,0.09949103494485219
7385,0,0.35837329427401227
7386,1,0.783443808555603
7387,0,0.12062450746695201
7388,1,0.12779168287913004
7389,1,0.6849722663561503
7390,0,0.5148873527844747
7391,0,0.0759682518740495
7392,1,0.8444444537162781
7393,0,0.09949103494485219
7394,0,0.2862492501735687
7395,1,0.48190967241923016
7396,1,0.15347019334634146
7397,1,0.7469152609507242
7398,1,0.5351849993069967
7399,0,0.09949103494485219
7400,1,0.22023382286230722
7401,0,0.18658835689226785
7402,0,0.6473393241564432
7403,1,0.4378194808959961
7404,1,0.3472764790058136
7405,0,0.06798926492532094
7406,0,0.18658835689226785
7407,0,0.5952912370363871
7408,0,0.22023382286230722
7409,0,0.16412802040576935
7410,1,0.7641592224438986
7411,0,0.31230490406354267
7412,1,0.7201401789983114
7413,0,0.09949103494485219
7414,0,0.33012237151463825
7415,0,0.33550431330998737
7416,1,0.5148873527844747
7417,0,0.3578697144985199
7418,1,0.22023382286230722
7419,0,0.09949103494485219
7420,0,0.4378194808959961
7421,1,0.4470456739266713
7422,0,0.6849722663561503
7423,0,0.33012237151463825
7424,0,0.3466786742210388
7425,0,0.24416237076123556
7426,1,0.7230183283487955
7427,1,0.8505050539970398
7428,0,0.33012237151463825
7429,0,0.48190967241923016
7430,0,0.48190967241923016
7431,1,0.783443808555603
7432,1,0.5005621910095215
7433,0,0.12192603945732117
7434,0,0.5952912370363871
7435,0,0.31230490406354267
7436,0,0.09949103494485219
7437,0,0.22023382286230722
7438,0,0.14737562835216522
7439,1,0.47759466369946796
7440,0,0.12346120675404866
7441,0,0.24048798779646555
7442,0,0.12062450746695201
7443,1,0.6138366460800171
7444,0,0.1683813234170278
7445,0,0.1270181139310201
7446,1,0.8962544004122416
7447,0,0.18658835689226785
7448,0,0.1270181139310201
7449,0,0.2603470633427302
7450,0,0.33012237151463825
7451,1,0.4788922170797984
7452,0,0.20600426197052002
7453,0,0.13134859005610147
7454,0,0.09949103494485219
7455,0,0.06798926492532094
7456,0,0.2952769100666046
7457,0,0.18658835689226785
7458,0,0.08665342504779498
7459,0,0.1606395790974299
7460,0,0.06798926492532094
7461,0,0.1750787595907847
7462,0,0.1284903089205424
7463,0,0.6842315196990967
7464,0,0.37042423089345294
7465,0,0.1270181139310201
7466,0,0.48190967241923016
7467,0,0.6849722663561503
7468,0,0.7469152609507242
7469,0,0.5423746705055237
7470,1,0.08496410151322682
7471,0,0.0759682518740495
7472,0,0.37042423089345294
7473,1,0.30120808879534405
7474,1,0.783443808555603
7475,1,0.39297398924827576
7476,0,0.22023382286230722
7477,0,0.16458010176817575
7478,1,0.31230490406354267
7479,0,0.31902555624643963
7480,0,0.3909330566724141
7481,0,0.1270181139310201
7482,1,0.6849722663561503
7483,1,0.48190967241923016
7484,0,0.1270181139310201
7485,0,0.12346120675404866
7486,1,0.6623546878496805
7487,0,0.09949103494485219
7488,1,0.6449512441953024
7489,0,0.08496410151322682
7490,1,0.5952912370363871
7491,0,0.24009289840857187
7492,1,0.12346120675404866
7493,0,0.4470456739266713
7494,0,0.09949103494485219
7495,0,0.06798926492532094
7496,1,0.37042423089345294
7497,1,0.5952912370363871
7498,0,0.1270181139310201
7499,0,0.06967103853821754
7500,1,0.4788922170797984
7501,0,0.1163569837808609
7502,0,0.09949103494485219
7503,0,0.3204767107963562
7504,0,0.06798926492532094
7505,0,0.0759682518740495
7506,0,0.08496410151322682
7507,0,0.3204767107963562
7508,1,0.8962544004122416
7509,1,0.22023382286230722
7510,0,0.09949103494485219
7511,1,0.5792729655901591
7512,0,0.2722251017888387
7513,1,0.5186862150828043
7514,1,0.6849722663561503
7515,0,0.28418009479840595
7516,0,0.06974428271253903
7517,0,0.09949103494485219
7518,1,0.31230490406354267
7519,1,0.3909330566724141
7520,1,0.5792729655901591
7521,0,0.31230490406354267
7522,1,0.5423746705055237
7523,1,0.12062450746695201
7524,1,0.09949103494485219
7525,0,0.28418009479840595
7526,1,0.8184640606244405
7527,0,0.12062450746695201
7528,0,0.33550431330998737
7529,0,0.09949103494485219
7530,0,0.4788922170797984
7531,0,0.5952912370363871
7532,0,0.12493340174357097
7533,0,0.3578697144985199
7534,0,0.10799519220987956
7535,1,0.5382024546464285
7536,1,0.5423746705055237
7537,0,0.1270181139310201
7538,0,0.22023382286230722
7539,1,0.12062450746695201
7540,0,0.5952912370363871
7541,1,0.5792729655901591
7542,1,0.6922701001167297
7543,1,0.5792729655901591
7544,1,0.4788922170797984
7545,0,0.22023382286230722
7546,0,0.09426016733050346
7547,0,0.09949103494485219
7548,0,0.09949103494485219
7549,0,0.09949103494485219
7550,0,0.24009289840857187
7551,0,0.4470456739266713
7552,0,0.13134859005610147
7553,0,0.09949103494485219
7554,0,0.23960714042186737
7555,0,0.6623546878496805
7556,0,0.28418009479840595
7557,1,0.12767486770947775
7558,1,0.09949103494485219
7559,0,0.31230490406354267
7560,0,0.0759682518740495
7561,0,0.12767486770947775
7562,1,0.7641592224438986
7563,1,0.2708360254764557
7564,0,0.12767486770947775
7565,0,0.16673029959201813
7566,0,0.1241179605325063
7567,0,0.12128126124540965
7568,0,0.09949103494485219
7569,0,0.13259035845597586
7570,0,0.28418009479840595
7571,1,0.5148873527844747
7572,0,0.14737562835216522
7573,0,0.12767486770947775
7574,1,0.24048798779646555
7575,1,0.09949103494485219
7576,1,0.8212418357531229
7577,0,0.12767486770947775
7578,0,0.09949103494485219
7579,1,0.5423746705055237
7580,0,0.1844381590684255
7581,0,0.3909330566724141
7582,1,0.8444444537162781
7583,0,0.28418009479840595
7584,0,0.1270181139310201
7585,0,0.3909330566724141
7586,0,0.34284211198488873
7587,0,0.06798926492532094
7588,1,0.23960714042186737
7589,0,0.09949103494485219
7590,0,0.1284903089205424
7591,0,0.15966461102167764
7592,1,0.6842315196990967
7593,0,0.37042423089345294
7594,0,0.09949103494485219
7595,0,0.1270181139310201
7596,0,0.18658835689226785
7597,0,0.18398607770601907
7598,0,0.33550431330998737
7599,0,0.09949103494485219
7600,0,0.6623546878496805
7601,0,0.3909330566724141
7602,1,0.5367150902748108
7603,0,0.15229111909866333
7604,0,0.17292856176694235
7605,0,0.22023382286230722
7606,0,0.33550431330998737
7607,0,0.22023382286230722
7608,1,0.3204767107963562
7609,1,0.22023382286230722
7610,0,0.33012237151463825
7611,0,0.30937989552815753
7612,0,0.11215529839197795
7613,0,0.1270181139310201
7614,0,0.0797332338988781
7615,0,0.09949103494485219
7616,0,0.27930842339992523
7617,0,0.07428647826115291
7618,0,0.06967103853821754
7619,1,0.8505050539970398
7620,0,0.31230490406354267
7621,0,0.2647472719351451
7622,0,0.4267452855904897
7623,0,0.1270181139310201
7624,0,0.0759682518740495
7625,1,0.6849722663561503
7626,0,0.06974428271253903
7627,0,0.11215529839197795
7628,0,0.3524877727031708
7629,0,0.12767486770947775
7630,0,0.12346120675404866
7631,0,0.06798926492532094
7632,0,0.1210591197013855
7633,0,0.22023382286230722
7634,0,0.1270181139310201
7635,0,0.06974428271253903
7636,0,0.11571220556894939
7637,1,0.2952769100666046
7638,1,0.5423746705055237
7639,0,0.4470456739266713
7640,1,0.3578697144985199
7641,0,0.7641592224438986
7642,1,0.33550431330998737
7643,1,0.3909330566724141
7644,0,0.13134859005610147
7645,1,0.2157363990942637
7646,0,0.20600426197052002
7647,0,0.09949103494485219
7648,1,0.2708360254764557
7649,0,0.4145099918047587
7650,0,0.4704061547915141
7651,0,0.23960714042186737
7652,1,0.6849722663561503
7653,0,0.5184638102849325
7654,0,0.3909330566724141
7655,0,0.09949103494485219
7656,0,0.1270181139310201
7657,0,0.3909330566724141
7658,0,0.06967103853821754
7659,0,0.12779168287913004
7660,1,0.49421635270118713
7661,0,0.13259035845597586
7662,0,0.2722251017888387
7663,0,0.3909330566724141
7664,1,0.6849722663561503
7665,0,0.28418009479840595
7666,0,0.15229111909866333
7667,1,0.5367150902748108
7668,1,0.3204767107963562
7669,0,0.12126928567886353
7670,0,0.6922701001167297
7671,0,0.3909330566724141
7672,1,0.5088283320267996
7673,0,0.24446296195189157
7674,0,0.1163569837808609
7675,0,0.2952769100666046
7676,0,0.0759682518740495
7677,1,0.23599056402842203
7678,0,0.5148873527844747
7679,0,0.4145099918047587
7680,0,0.0759682518740495
7681,0,0.259466215968132
7682,0,0.12559976180394491
7683,0,0.06798926492532094
7684,0,0.09949103494485219
7685,0,0.11571220556894939
7686,1,0.783443808555603
7687,1,0.6623546878496805
7688,0,0.08496410151322682
7689,0,0.0759682518740495
7690,0,0.1270181139310201
7691,0,0.33550431330998737
7692,0,0.6922701001167297
7693,0,0.08496410151322682
7694,0,0.09949103494485219
7695,1,0.6849722663561503
7696,0,0.1270181139310201
7697,1,0.6623546878496805
7698,0,0.518591066201528
7699,0,0.22023382286230722
7700,0,0.2952769100666046
7701,0,0.5423746705055237
7702,0,0.0759682518740495
7703,0,0.09041840707262357
7704,1,0.4788922170797984
7705,0,0.12447746594746907
7706,0,0.5952912370363871
7707,0,0.31230490406354267
7708,1,0.5952912370363871
7709,0,0.42829567193984985
7710,1,0.3909330566724141
7711,0,0.07428647826115291
7712,0,0.12495498359203339
7713,0,0.13626408080259958
7714,0,0.3680640757083893
7715,0,0.3578697144985199
7716,0,0.3204767107963562
7717,0,0.22023382286230722
7718,0,0.4788922170797984
7719,0,0.18658835689226785
7720,0,0.09949103494485219
7721,0,0.09949103494485219
7722,0,0.2722251017888387
7723,0,0.12767486770947775
7724,0,0.3578697144985199
7725,0,0.09949103494485219
7726,1,0.7230183283487955
7727,0,0.5423746705055237
7728,1,0.7508884072303772
7729,0,0.33012237151463825
7730,0,0.28418009479840595
7731,1,0.36022986968358356
7732,1,0.31230490406354267
7733,0,0.6849722663561503
7734,0,0.24009289840857187
7735,0,0.10443828503290813
7736,0,0.15090806782245636
7737,1,0.5005621910095215
7738,0,0.3909330566724141
7739,0,0.2708360254764557
7740,0,0.4470456739266713
7741,0,0.3204767107963562
7742,0,0.22023382286230722
7743,0,0.10059652477502823
7744,1,0.09949103494485219
7745,0,0.22023382286230722
7746,0,0.12128126124540965
7747,1,0.6849722663561503
7748,0,0.09949103494485219
7749,0,0.22023382286230722
7750,0,0.27144387861092883
7751,1,0.2643210192521413
7752,0,0.09949103494485219
7753,0,0.22023382286230722
7754,0,0.16482441624005637
7755,0,0.3204767107963562
7756,0,0.09949103494485219
7757,0,0.4145099918047587
7758,0,0.13626408080259958
7759,0,0.6292468110720316
7760,0,0.5952912370363871
7761,1,0.5351849993069967
7762,0,0.35522568225860596
7763,1,0.7641592224438986
7764,0,0.23960714042186737
7765,0,0.4145099918047587
7766,0,0.28418009479840595
7767,0,0.27144387861092883
7768,0,0.09949103494485219
7769,1,0.783443808555603
7770,0,0.10443828503290813
7771,0,0.18658835689226785
7772,0,0.09949103494485219
7773,0,0.22023382286230722
7774,0,0.16949723164240518
7775,1,0.12767486770947775
7776,0,0.2722251017888387
7777,0,0.09949103494485219
7778,0,0.0759682518740495
7779,0,0.09949103494485219
7780,0,0.4485076665878296
7781,0,0.31230490406354267
7782,0,0.22023382286230722
7783,0,0.3909330566724141
7784,0,0.1750787595907847
7785,0,0.4607525169849396
7786,0,0.0759682518740495
7787,0,0.15229111909866333
7788,1,0.5423746705055237
7789,0,0.12346120675404866
7790,0,0.09426016733050346
7791,0,0.12767486770947775
7792,1,0.6623546878496805
7793,0,0.10443828503290813
7794,1,0.3336729904015859
7795,0,0.09949103494485219
7796,0,0.09949103494485219
7797,0,0.12779168287913004
7798,0,0.09949103494485219
7799,1,0.20600426197052002
7800,1,0.1270181139310201
7801,1,0.6190909544626871
7802,0,0.07866688817739487
7803,0,0.22023382286230722
7804,1,0.48190967241923016
7805,0,0.3204767107963562
7806,1,0.28418009479840595
7807,0,0.28418009479840595
7808,0,0.7641592224438986
7809,1,0.28418009479840595
7810,0,0.09949103494485219
7811,0,0.25236602624257404
7812,1,0.6842315196990967
7813,0,0.1241179605325063
7814,0,0.6849722663561503
7815,0,0.09949103494485219
7816,1,0.7161670327186584
7817,1,0.31230490406354267
7818,0,0.0759682518740495
7819,0,0.3204767107963562
7820,0,0.1270181139310201
7821,0,0.3909330566724141
7822,0,0.09949103494485219
7823,0,0.12495498359203339
7824,0,0.0759682518740495
7825,0,0.09949103494485219
7826,1,0.3578697144985199
7827,0,0.7641592224438986
7828,1,0.22023382286230722
7829,1,0.22023382286230722
7830,0,0.5186862150828043
7831,1,0.3578697144985199
7832,0,0.35522568225860596
7833,0,0.5952912370363871
7834,0,0.06974428271253903
7835,0,0.4470456739266713
7836,0,0.5423746705055237
7837,0,0.09426016733050346
7838,0,0.12767486770947775
7839,0,0.0759682518740495
7840,0,0.09949103494485219
7841,0,0.12767486770947775
7842,0,0.4707341293493907
7843,0,0.17247648040453592
7844,1,0.259466215968132
7845,0,0.09949103494485219
7846,0,0.5423746705055237
7847,0,0.4378194808959961
7848,0,0.2603470633427302
7849,0,0.2786232630411784
7850,1,0.48190967241923016
7851,1,0.3909330566724141
7852,0,0.11215529839197795
7853,1,0.5792729655901591
7854,0,0.06798926492532094
7855,0,0.12779168287913004
7856,1,0.36022986968358356
7857,0,0.6410865187644958
7858,1,0.5952912370363871
7859,0,0.06798926492532094
7860,0,0.15717355410257974
7861,0,0.22023382286230722
7862,0,0.4145099918047587
7863,0,0.10443828503290813
7864,0,0.24009289840857187
7865,1,0.31230490406354267
7866,0,0.35522568225860596
7867,0,0.15229111909866333
7868,1,0.4667024413744609
7869,1,0.19315487146377563
7870,0,0.12767486770947775
7871,0,0.09949103494485219
7872,1,0.15229111909866333
7873,0,0.09949103494485219
7874,0,0.09426016733050346
7875,0,0.5423746705055237
7876,0,0.1954602748155594
7877,1,0.33550431330998737
7878,0,0.09949103494485219
7879,0,0.7508884072303772
7880,0,0.20738443235556284
7881,0,0.10799519220987956
7882,0,0.4470456739266713
7883,0,0.4519798854986827
7884,0,0.1270181139310201
7885,0,0.07519103835026424
7886,0,0.22023382286230722
7887,0,0.3308056592941284
7888,0,0.0759682518740495
7889,1,0.12779168287913004
7890,0,0.11215529839197795
7891,0,0.1334057996670405
7892,0,0.22023382286230722
7893,0,0.4267452855904897
7894,0,0.09949103494485219
7895,1,0.4519798854986827
7896,0,0.1270181139310201
7897,0,0.5423746705055237
7898,0,0.0759682518740495
7899,0,0.16181480884552002
7900,1,0.3204767107963562
7901,0,0.31230490406354267
7902,0,0.2722251017888387
7903,1,0.5186862150828043
7904,0,0.1270181139310201
7905,0,0.1270181139310201
7906,0,0.5792729655901591
7907,0,0.1241179605325063
7908,1,0.4145099918047587
7909,0,0.24009289840857187
7910,0,0.09949103494485219
7911,1,0.31230490406354267
7912,0,0.2603470633427302
7913,0,0.15225806335608164
7914,0,0.37241453925768536
7915,1,0.8997557957967123
7916,0,0.09426016733050346
7917,0,0.3909330566724141
7918,0,0.8184640606244405
7919,0,0.09949103494485219
7920,0,0.1270181139310201
7921,0,0.4788922170797984
7922,1,0.1769037793080012
7923,1,0.4788922170797984
7924,0,0.3378644684950511
7925,0,0.37042423089345294
7926,0,0.12767486770947775
7927,1,0.6922701001167297
7928,0,0.10443828503290813
7929,1,0.12779168287913004
7930,1,0.6190909544626871
7931,1,0.7641592224438986
7932,1,0.33550431330998737
7933,0,0.2603470633427302
7934,0,0.39732542634010315
7935,0,0.12128126124540965
7936,0,0.10443828503290813
7937,0,0.2952769100666046
7938,0,0.5186862150828043
7939,0,0.1438187211751938
7940,0,0.28418009479840595
7941,0,0.11215529839197795
7942,1,0.22023382286230722
7943,0,0.1844381590684255
7944,0,0.5792729655901591
7945,0,0.09949103494485219
7946,1,0.1284903089205424
7947,0,0.09426016733050346
7948,1,0.1220967024564743
7949,1,0.4902793765068054
7950,0,0.12447746594746907
7951,1,0.28418009479840595
7952,0,0.12062450746695201
7953,0,0.18658835689226785
7954,0,0.2603470633427302
7955,0,0.09949103494485219
7956,1,0.22023382286230722
7957,0,0.15229111909866333
7958,0,0.4470456739266713
7959,0,0.3524877727031708
7960,0,0.2952769100666046
7961,0,0.16458010176817575
7962,0,0.3909330566724141
7963,0,0.09949103494485219
7964,0,0.23954747120539346
7965,0,0.09949103494485219
7966,0,0.2722251017888387
7967,0,0.09949103494485219
7968,1,0.48190967241923016
7969,0,0.1750787595907847
7970,0,0.16458010176817575
7971,0,0.5423746705055237
7972,1,0.37042423089345294
7973,0,0.5952912370363871
7974,0,0.13134859005610147
7975,0,0.1270181139310201
7976,0,0.09949103494485219
7977,0,0.2862492501735687
7978,0,0.09949103494485219
7979,0,0.3204767107963562
7980,0,0.15717355410257974
7981,1,0.1270181139310201
7982,0,0.3578697144985199
7983,1,0.6292468110720316
7984,0,0.12767486770947775
7985,0,0.0759682518740495
7986,1,0.6190909544626871
7987,0,0.259466215968132
7988,0,0.6292468110720316
7989,0,0.18658835689226785
7990,1,0.35837329427401227
7991,0,0.22023382286230722
7992,1,0.5423746705055237
7993,0,0.1844381590684255
7994,0,0.0759682518740495
7995,0,0.16552201410134634
7996,1,0.6623546878496805
7997,0,0.12128126124540965
7998,0,0.09949103494485219
7999,0,0.0759682518740495
8000,1,0.22023382286230722
8001,0,0.09949103494485219
8002,0,0.09949103494485219
8003,0,0.3909330566724141
8004,0,0.22023382286230722
8005,0,0.170863206187884
8006,0,0.10443828503290813
8007,0,0.28418009479840595
8008,0,0.18658835689226785
8009,0,0.11215529839197795
8010,0,0.3204767107963562
8011,0,0.5367150902748108
8012,0,0.10443828503290813
8013,1,0.23954747120539346
8014,0,0.06798926492532094
8015,1,0.22023382286230722
8016,1,0.8184640606244405
8017,0,0.15229111909866333
8018,0,0.31230490406354267
8019,1,0.09949103494485219
8020,0,0.09949103494485219
8021,0,0.06798926492532094
8022,0,0.10443828503290813
8023,0,0.09949103494485219
8024,0,0.09949103494485219
8025,0,0.06967103853821754
8026,0,0.09949103494485219
8027,0,0.28418009479840595
8028,0,0.1270181139310201
8029,0,0.1270181139310201
8030,1,0.13267411788304648
8031,0,0.31230490406354267
8032,0,0.09426016733050346
8033,1,0.5792729655901591
8034,0,0.12767486770947775
8035,1,0.09949103494485219
8036,0,0.5148873527844747
8037,0,0.13134859005610147
8038,0,0.1284903089205424
8039,0,0.06798926492532094
8040,0,0.24009289840857187
8041,1,0.15717355410257974
8042,1,0.3204767107963562
8043,0,0.3909330566724141
8044,1,0.8184640606244405
8045,0,0.5952912370363871
8046,0,0.13267411788304648
8047,0,0.6849722663561503
8048,0,0.37042423089345294
8049,1,0.8962544004122416
8050,0,0.6449512441953024
8051,0,0.1284903089205424
8052,0,0.20378140608469644
8053,1,0.5025806725025177
8054,0,0.6292468110720316
8055,0,0.15717355410257974
8056,0,0.0759682518740495
8057,0,0.1769037793080012
8058,1,0.33012237151463825
8059,0,0.18658835689226785
8060,1,0.783443808555603
8061,0,0.14737562835216522
8062,0,0.6922701001167297
8063,0,0.22023382286230722
8064,1,0.3204767107963562
8065,0,0.36022986968358356
8066,0,0.7641592224438986
8067,1,0.6922701001167297
8068,0,0.09426016733050346
8069,0,0.1270181139310201
8070,0,0.16412802040576935
8071,1,0.5792729655901591
8072,0,0.6922701001167297
8073,0,0.09949103494485219
8074,1,0.5952912370363871
8075,1,0.23954747120539346
8076,1,0.5792729655901591
8077,0,0.13267411788304648
8078,0,0.0759682518740495
8079,0,0.09949103494485219
8080,1,0.6922701001167297
8081,0,0.3032772441705068
8082,0,0.09949103494485219
8083,0,0.28418009479840595
8084,0,0.2722251017888387
8085,1,0.8184640606244405
8086,1,0.23954747120539346
8087,0,0.06967103853821754
8088,0,0.13267411788304648
8089,0,0.4788922170797984
8090,0,0.0759682518740495
8091,1,0.299166480700175
8092,0,0.4470456739266713
8093,1,0.5367150902748108
8094,0,0.15717355410257974
8095,1,0.12062450746695201
8096,0,0.15717355410257974
8097,0,0.16949723164240518
8098,0,0.3909330566724141
8099,0,0.09949103494485219
8100,1,0.37042423089345294
8101,0,0.12346120675404866
8102,1,0.37042423089345294
8103,1,0.8505050539970398
8104,0,0.4470456739266713
8105,0,0.3909330566724141
8106,1,0.3204767107963562
8107,0,0.259466215968132
8108,1,0.28418009479840595
8109,0,0.3909330566724141
8110,1,0.5148873527844747
8111,0,0.1270181139310201
8112,0,0.09949103494485219
8113,1,0.48190967241923016
8114,0,0.08496410151322682
8115,0,0.2722251017888387
8116,0,0.22023382286230722
8117,1,0.6138366460800171
8118,0,0.15717355410257974
8119,1,0.8997557957967123
8120,0,0.1954602748155594
8121,1,0.6623546878496805
8122,0,0.0759682518740495
8123,0,0.3917698760827382
8124,0,0.12767486770947775
8125,0,0.2722251017888387
8126,1,0.4519798854986827
8127,0,0.37042423089345294
8128,1,0.7508884072303772
8129,0,0.09949103494485219
8130,0,0.09426016733050346
8131,0,0.3909330566724141
8132,0,0.3204767107963562
8133,0,0.09949103494485219
8134,0,0.3909330566724141
8135,0,0.15229111909866333
8136,1,0.3909330566724141
8137,0,0.09949103494485219
8138,1,0.7508884072303772
8139,0,0.12767486770947775
8140,0,0.06798926492532094
8141,0,0.7641592224438986
8142,0,0.4470456739266713
8143,0,0.15347019334634146
8144,0,0.4788922170797984
8145,0,0.12447746594746907
8146,0,0.1750787595907847
8147,1,0.31230490406354267
8148,0,0.12062584857145946
8149,0,0.10799519220987956
8150,1,0.7641592224438986
8151,0,0.2952769100666046
8152,1,0.3680640757083893
8153,0,0.37042423089345294
8154,1,0.22023382286230722
8155,0,0.5423746705055237
8156,1,0.8505050539970398
8157,0,0.31230490406354267
8158,0,0.12126928567886353
8159,0,0.3909330566724141
8160,1,0.6922701001167297
8161,0,0.574891726175944
8162,0,0.11571220556894939
8163,0,0.28418009479840595
8164,0,0.259466215968132
8165,1,0.5423746705055237
8166,1,0.7469152609507242
8167,0,0.5792729655901591
8168,0,0.09949103494485219
8169,0,0.2952769100666046
8170,0,0.5952912370363871
8171,0,0.8184640606244405
8172,0,0.23960714042186737
8173,0,0.0797332338988781
8174,0,0.6292468110720316
8175,0,0.09949103494485219
8176,0,0.1270181139310201
8177,1,0.09949103494485219
8178,1,0.5148873527844747
8179,0,0.06798926492532094
8180,0,0.09949103494485219
8181,0,0.20378140608469644
8182,0,0.17905397713184357
8183,1,0.09949103494485219
8184,0,0.11280007660388947
8185,0,0.28418009479840595
8186,0,0.4470456739266713
8187,0,0.3524877727031708
8188,1,0.4902793765068054
8189,1,0.09949103494485219
8190,1,0.3909330566724141
8191,0,0.06974428271253903
8192,0,0.15229111909866333
8193,0,0.07428647826115291
8194,1,0.7641592224438986
8195,0,0.12767486770947775
8196,0,0.12767486770947775
8197,1,0.3204767107963562
8198,0,0.09949103494485219
8199,0,0.09949103494485219
8200,0,0.09949103494485219
8201,0,0.10443828503290813
8202,0,0.31230490406354267
8203,0,0.6623546878496805
8204,0,0.15347019334634146
8205,0,0.09949103494485219
8206,0,0.33550431330998737
8207,0,0.2952769100666046
8208,0,0.24009289840857187
8209,0,0.12767486770947775
8210,1,0.6849722663561503
8211,1,0.12493340174357097
8212,1,0.5952912370363871
8213,0,0.1220967024564743
8214,1,0.3204767107963562
8215,0,0.2817651828130086
8216,0,0.15229111909866333
8217,0,0.0759682518740495
8218,0,0.4470456739266713
8219,0,0.09041840707262357
8220,0,0.31230490406354267
8221,1,0.5148873527844747
8222,1,0.6849722663561503
8223,1,0.2743929326534271
8224,0,0.09949103494485219
8225,1,0.4788922170797984
8226,0,0.22023382286230722
8227,0,0.6292468110720316
8228,0,0.09949103494485219
8229,0,0.3909330566724141
8230,0,0.10443828503290813
8231,1,0.22023382286230722
8232,0,0.15229111909866333
8233,0,0.3909330566724141
8234,1,0.6922701001167297
8235,0,0.31230490406354267
8236,1,0.8184640606244405
8237,1,0.39732542634010315
8238,0,0.33550431330998737
8239,0,0.31230490406354267
8240,0,0.4470456739266713
8241,0,0.22023382286230722
8242,0,0.6292468110720316
8243,0,0.06798926492532094
8244,1,0.3204767107963562
8245,0,0.09949103494485219
8246,1,0.12346120675404866
8247,0,0.3909330566724141
8248,0,0.28418009479840595
8249,0,0.14737562835216522
8250,0,0.09426016733050346
8251,0,0.30653873085975647
8252,1,0.8184640606244405
8253,1,0.4145099918047587
8254,0,0.4145099918047587
8255,1,0.8505050539970398
8256,0,0.3032772441705068
8257,0,0.09949103494485219
8258,0,0.2603470633427302
8259,0,0.4145099918047587
8260,1,0.7641592224438986
8261,1,0.19190336763858795
8262,0,0.09949103494485219
8263,0,0.12447746594746907
8264,0,0.4788922170797984
8265,0,0.09949103494485219
8266,0,0.11215529839197795
8267,1,0.22023382286230722
8268,0,0.3909330566724141
8269,1,0.14737562835216522
8270,0,0.2895208199818929
8271,0,0.3909330566724141
8272,1,0.558873454729716
8273,0,0.18658835689226785
8274,0,0.0759682518740495
8275,0,0.06798926492532094
8276,0,0.6292468110720316
8277,0,0.3909330566724141
8278,0,0.09949103494485219
8279,0,0.0759682518740495
8280,0,0.13267411788304648
8281,0,0.4470456739266713
8282,0,0.22023382286230722
8283,0,0.06798926492532094
8284,1,0.7641592224438986
8285,0,0.0759682518740495
8286,0,0.13626408080259958
8287,0,0.7230183283487955
8288,0,0.7469152609507242
8289,0,0.09949103494485219
8290,1,0.7564767599105835
8291,0,0.3204767107963562
8292,0,0.12447746594746907
8293,1,0.16552201410134634
8294,0,0.22023382286230722
8295,1,0.22023382286230722
8296,1,0.5952912370363871
8297,0,0.28418009479840595
8298,1,0.28418009479840595
8299,1,0.574891726175944
8300,1,0.47698525587717694
8301,0,0.7641592224438986
8302,0,0.3909330566724141
8303,0,0.09949103494485219
8304,0,0.33550431330998737
8305,0,0.0759682518740495
8306,0,0.15229111909866333
8307,0,0.10443828503290813
8308,0,0.23960714042186737
8309,1,0.12779168287913004
8310,0,0.37042423089345294
8311,1,0.3680640757083893
8312,0,0.1908580114444097
8313,0,0.3076062500476837
8314,1,0.23954747120539346
8315,1,0.38073869546254474
8316,0,0.4788922170797984
8317,0,0.3909330566724141
8318,0,0.09949103494485219
8319,0,0.6138366460800171
8320,1,0.33550431330998737
8321,0,0.2952769100666046
8322,0,0.12346120675404866
8323,0,0.4788922170797984
8324,1,0.33550431330998737
8325,0,0.12495498359203339
8326,0,0.42829567193984985
8327,0,0.16673029959201813
8328,1,0.23960714042186737
8329,0,0.20378140608469644
8330,1,0.09949103494485219
8331,0,0.09949103494485219
8332,0,0.31230490406354267
8333,0,0.11215529839197795
8334,0,0.3472764790058136
8335,0,0.31230490406354267
8336,0,0.06798926492532094
8337,0,0.3204767107963562
8338,1,0.6292468110720316
8339,1,0.6769851446151733
8340,1,0.07142605632543564
8341,0,0.1270181139310201
8342,0,0.5025806725025177
8343,0,0.24009289840857187
8344,1,0.06798926492532094
8345,1,0.22023382286230722
8346,0,0.1270181139310201
8347,1,0.12767486770947775
8348,0,0.3578697144985199
8349,0,0.15229111909866333
8350,1,0.22023382286230722
8351,0,0.2952769100666046
8352,1,0.6849722663561503
8353,1,0.37042423089345294
8354,0,0.0887844202419122
8355,1,0.8212418357531229
8356,0,0.2325079689423243
8357,1,0.4470456739266713
8358,0,0.0759682518740495
8359,0,0.22023382286230722
8360,1,0.783443808555603
8361,0,0.22023382286230722
8362,0,0.6842315196990967
8363,0,0.24446296195189157
8364,0,0.16412802040576935
8365,0,0.09041840707262357
8366,0,0.11215529839197795
8367,1,0.4267452855904897
8368,0,0.24048798779646555
8369,0,0.2603470633427302
8370,0,0.2603470633427302
8371,0,0.09949103494485219
8372,1,0.6922701001167297
8373,1,0.5952912370363871
8374,0,0.09949103494485219
8375,0,0.22023382286230722
8376,0,0.33012237151463825
8377,0,0.12767486770947775
8378,1,0.4788922170797984
8379,1,0.09949103494485219
8380,0,0.09949103494485219
8381,1,0.16412802040576935
8382,0,0.3204767107963562
8383,1,0.3204767107963562
8384,0,0.10443828503290813
8385,1,0.6623546878496805
8386,0,0.24048798779646555
8387,0,0.09949103494485219
8388,0,0.24048798779646555
8389,0,0.3917698760827382
8390,0,0.22023382286230722
8391,0,0.1270181139310201
8392,0,0.33550431330998737
8393,0,0.2603470633427302
8394,0,0.5952912370363871
8395,1,0.4145099918047587
8396,0,0.11215529839197795
8397,0,0.09949103494485219
8398,1,0.6922701001167297
8399,0,0.4470456739266713
8400,0,0.12767486770947775
8401,0,0.3909330566724141
8402,0,0.22023382286230722
8403,1,0.5952912370363871
8404,0,0.12767486770947775
8405,0,0.31230490406354267
8406,0,0.3204767107963562
8407,0,0.28418009479840595
8408,0,0.06798926492532094
8409,1,0.5351849993069967
8410,0,0.09949103494485219
8411,0,0.182610884308815
8412,0,0.09426016733050346
8413,1,0.22023382286230722
8414,0,0.12062450746695201
8415,0,0.6410865187644958
8416,0,0.1270181139310201
8417,0,0.09949103494485219
8418,1,0.3524877727031708
8419,0,0.0759682518740495
8420,0,0.08496410151322682
8421,1,0.3204767107963562
8422,1,0.8505050539970398
8423,0,0.09949103494485219
8424,0,0.09949103494485219
8425,1,0.5148873527844747
8426,0,0.09949103494485219
8427,0,0.22023382286230722
8428,1,0.783443808555603
8429,1,0.5952912370363871
8430,0,0.12346120675404866
8431,0,0.30120808879534405
8432,0,0.4470456739266713
8433,0,0.0759682518740495
8434,1,0.7641592224438986
8435,0,0.3909330566724141
8436,0,0.0759682518740495
8437,0,0.22023382286230722
8438,0,0.25236602624257404
8439,0,0.8184640606244405
8440,0,0.09949103494485219
8441,0,0.09426016733050346
8442,1,0.10545454422632854
8443,0,0.6849722663561503
8444,1,0.6449512441953024
8445,0,0.31230490406354267
8446,0,0.0759682518740495
8447,0,0.09949103494485219
8448,0,0.19587483505407968
8449,0,0.0956492746869723
8450,1,0.3909330566724141
8451,0,0.09949103494485219
8452,0,0.1764516979455948
8453,0,0.09949103494485219
8454,0,0.18658835689226785
8455,0,0.5423746705055237
8456,1,0.10443828503290813
8457,0,0.09949103494485219
8458,0,0.06798926492532094
8459,1,0.2743929326534271
8460,1,0.7641592224438986
8461,1,0.7469152609507242
8462,0,0.24009289840857187
8463,0,0.15229111909866333
8464,1,0.22023382286230722
8465,1,0.4470456739266713
8466,1,0.5792729655901591
8467,0,0.09949103494485219
8468,0,0.19190336763858795
8469,0,0.0759682518740495
8470,1,0.2696627626816432
8471,0,0.4470456739266713
8472,1,0.783443808555603
8473,0,0.09949103494485219
8474,0,0.10443828503290813
8475,1,0.7508884072303772
8476,0,0.06974428271253903
8477,1,0.6292468110720316
8478,1,0.28418009479840595
8479,1,0.3204767107963562
8480,0,0.23599056402842203
8481,1,0.10443828503290813
8482,0,0.09949103494485219
8483,1,0.3204767107963562
8484,0,0.25236602624257404
8485,0,0.09041840707262357
8486,0,0.1769037793080012
8487,0,0.09949103494485219
8488,1,0.6922701001167297
8489,0,0.16412802040576935
8490,0,0.5148873527844747
8491,1,0.06967103853821754
8492,1,0.33012237151463825
8493,0,0.31230490406354267
8494,0,0.6292468110720316
8495,0,0.07343602056304614
8496,1,0.28418009479840595
8497,0,0.09949103494485219
8498,0,0.06798926492532094
8499,0,0.10443828503290813
8500,0,0.09949103494485219
8501,0,0.2952769100666046
8502,1,0.5952912370363871
8503,0,0.1284903089205424
8504,0,0.0759682518740495
8505,0,0.24009289840857187
8506,1,0.6292468110720316
8507,0,0.33012237151463825
8508,0,0.2895208199818929
8509,0,0.14737562835216522
8510,1,0.1487011561791102
8511,0,0.07142605632543564
8512,0,0.1954602748155594
8513,1,0.33012237151463825
8514,1,0.6922701001167297
8515,0,0.1487011561791102
8516,0,0.09949103494485219
8517,0,0.22023382286230722
8518,0,0.09949103494485219
8519,1,0.23960714042186737
8520,1,0.783443808555603
8521,1,0.12767486770947775
8522,0,0.31230490406354267
8523,0,0.09949103494485219
8524,0,0.06798926492532094
8525,0,0.06798926492532094
8526,0,0.28418009479840595
8527,0,0.24009289840857187
8528,0,0.10545454422632854
8529,0,0.12779168287913004
8530,0,0.09949103494485219
8531,0,0.09949103494485219
8532,0,0.7641592224438986
8533,1,0.33012237151463825
8534,1,0.6922701001167297
8535,0,0.37241453925768536
8536,0,0.1844381590684255
8537,0,0.15229111909866333
8538,0,0.5792729655901591
8539,0,0.0759682518740495
8540,1,0.33012237151463825
8541,0,0.12767486770947775
8542,1,0.32440749804178876
8543,0,0.3869992097218831
8544,1,0.7469152609507242
8545,1,0.558873454729716
8546,0,0.1487011561791102
8547,0,0.2603470633427302
8548,0,0.08496410151322682
8549,0,0.09949103494485219
8550,0,0.09949103494485219
8551,0,0.24009289840857187
8552,0,0.5148873527844747
8553,1,0.0797332338988781
8554,1,0.7508884072303772
8555,0,0.1487011561791102
8556,1,0.22023382286230722
8557,0,0.06798926492532094
8558,1,0.8997557957967123
8559,1,0.4470456739266713
8560,0,0.09949103494485219
8561,1,0.6922701001167297
8562,0,0.06974428271253903
8563,0,0.7641592224438986
8564,1,0.6922701001167297
8565,1,0.19190336763858795
8566,1,0.0797332338988781
8567,0,0.3909330566724141
8568,1,0.37241453925768536
8569,0,0.0759682518740495
8570,0,0.09949103494485219
8571,1,0.3524877727031708
8572,1,0.23599056402842203
8573,0,0.22023382286230722
8574,0,0.12767486770947775
8575,0,0.11280007660388947
8576,0,0.1284903089205424
8577,1,0.09949103494485219
8578,0,0.09949103494485219
8579,0,0.09949103494485219
8580,0,0.09949103494485219
8581,1,0.16552201410134634
8582,1,0.1750787595907847
8583,0,0.4267452855904897
8584,1,0.12482619285583496
8585,0,0.22023382286230722
8586,0,0.22023382286230722
8587,0,0.12767486770947775
8588,0,0.42829567193984985
8589,0,0.19190336763858795
8590,0,0.10443828503290813
8591,1,0.28418009479840595
8592,0,0.4267452855904897
8593,0,0.558873454729716
8594,0,0.0797332338988781
8595,0,0.09949103494485219
8596,1,0.5148873527844747
8597,0,0.4470456739266713
8598,0,0.06974428271253903
8599,0,0.1270181139310201
8600,0,0.09949103494485219
8601,1,0.783443808555603
8602,0,0.10799519220987956
8603,0,0.22023382286230722
8604,1,0.3909330566724141
8605,1,0.0956492746869723
8606,1,0.35837329427401227
8607,1,0.4470456739266713
8608,0,0.18658835689226785
8609,1,0.49119889736175537
8610,1,0.7641592224438986
8611,0,0.22023382286230722
8612,0,0.2952769100666046
8613,0,0.4470456739266713
8614,0,0.3909330566724141
8615,0,0.22023382286230722
8616,1,0.37042423089345294
8617,0,0.1220967024564743
8618,0,0.0759682518740495
8619,0,0.06798926492532094
8620,0,0.37042423089345294
8621,0,0.20600426197052002
8622,0,0.12062450746695201
8623,0,0.23599056402842203
8624,0,0.12346120675404866
8625,0,0.13259035845597586
8626,0,0.2643210192521413
8627,0,0.1334057996670405
8628,0,0.1770316114028295
8629,1,0.5005621910095215
8630,0,0.16673029959201813
8631,0,0.09949103494485219
8632,0,0.10443828503290813
8633,0,0.5792729655901591
8634,0,0.0759682518740495
8635,0,0.7469152609507242
8636,0,0.09949103494485219
8637,1,0.3909330566724141
8638,0,0.6849722663561503
8639,0,0.12767486770947775
8640,0,0.3909330566724141
8641,0,0.4145099918047587
8642,1,0.18658835689226785
8643,0,0.1284903089205424
8644,1,0.4470456739266713
8645,0,0.3204767107963562
8646,1,0.7508884072303772
8647,0,0.09949103494485219
8648,0,0.11215529839197795
8649,0,0.6922701001167297
8650,0,0.5952912370363871
8651,0,0.5952912370363871
8652,1,0.6449512441953024
8653,0,0.5423746705055237
8654,1,0.3909330566724141
8655,1,0.4788922170797984
8656,1,0.4470456739266713
8657,1,0.4470456739266713
8658,0,0.18658835689226785
8659,0,0.5423746705055237
8660,0,0.3204767107963562
8661,1,0.06798926492532094
8662,1,0.23510971665382385
8663,1,0.6292468110720316
8664,0,0.22023382286230722
8665,1,0.6623546878496805
8666,1,0.12447746594746907
8667,0,0.2603470633427302
8668,1,0.5792729655901591
8669,0,0.1270181139310201
8670,1,0.35522568225860596
8671,0,0.37241453925768536
8672,0,0.1844381590684255
8673,1,0.47698525587717694
8674,0,0.09949103494485219
8675,0,0.18658835689226785
8676,0,0.09949103494485219
8677,0,0.31902555624643963
8678,1,0.4145099918047587
8679,0,0.09949103494485219
8680,0,0.3909330566724141
8681,0,0.13626408080259958
8682,0,0.09949103494485219
8683,1,0.6922701001167297
8684,0,0.09949103494485219
8685,0,0.47698525587717694
8686,0,0.0759682518740495
8687,1,0.16458010176817575
8688,1,0.2157363990942637
8689,0,0.7508884072303772
8690,0,0.0759682518740495
8691,1,0.6842315196990967
8692,0,0.08496410151322682
8693,0,0.0797332338988781
8694,0,0.783443808555603
8695,1,0.6623546878496805
8696,1,0.4296649992465973
8697,0,0.09949103494485219
8698,0,0.2603470633427302
8699,1,0.3909330566724141
8700,0,0.09949103494485219
8701,0,0.6292468110720316
8702,1,0.4267452855904897
8703,0,0.09949103494485219
8704,0,0.13048219680786133
8705,1,0.8962544004122416
8706,0,0.6292468110720316
8707,0,0.06798926492532094
8708,1,0.3909330566724141
8709,0,0.3909330566724141
8710,0,0.09949103494485219
8711,0,0.09949103494485219
8712,0,0.1241179605325063
8713,1,0.3493456343809764
8714,0,0.22023382286230722
8715,0,0.0759682518740495
8716,0,0.09949103494485219
8717,0,0.1770316114028295
8718,1,0.27977487444877625
8719,1,0.5186862150828043
8720,1,0.3909330566724141
8721,0,0.11215529839197795
8722,1,0.3909330566724141
8723,0,0.06798926492532094
8724,0,0.6440559426943461
8725,0,0.14737562835216522
8726,0,0.33012237151463825
8727,0,0.1270181139310201
8728,0,0.0759682518740495
8729,0,0.22023382286230722
8730,0,0.33012237151463825
8731,0,0.22023382286230722
8732,1,0.23954747120539346
8733,1,0.4470456739266713
8734,0,0.16412802040576935
8735,1,0.5952912370363871
8736,1,0.5423746705055237
8737,0,0.0759682518740495
8738,0,0.09949103494485219
8739,0,0.2722251017888387
8740,0,0.09949103494485219
8741,1,0.3909330566724141
8742,0,0.31230490406354267
8743,0,0.22023382286230722
8744,0,0.2157363990942637
8745,0,0.1284903089205424
8746,0,0.2643210192521413
8747,1,0.5792729655901591
8748,0,0.22023382286230722
8749,0,0.33550431330998737
8750,1,0.2647472719351451
8751,1,0.33012237151463825
8752,0,0.0759682518740495
8753,0,0.15921252965927124
8754,0,0.12767486770947775
8755,1,0.5952912370363871
8756,0,0.31230490406354267
8757,0,0.22023382286230722
8758,1,0.5952912370363871
8759,0,0.08496410151322682
8760,0,0.15717355410257974
8761,1,0.15717355410257974
8762,1,0.6849722663561503
8763,0,0.3204767107963562
8764,0,0.06798926492532094
8765,1,0.49119889736175537
8766,0,0.06798926492532094
8767,0,0.11215529839197795
8768,0,0.22023382286230722
8769,1,0.8505050539970398
8770,1,0.7469152609507242
8771,0,0.35837329427401227
8772,1,0.09949103494485219
8773,0,0.06798926492532094
8774,0,0.12767486770947775
8775,0,0.09949103494485219
8776,0,0.09949103494485219
8777,1,0.48190967241923016
8778,1,0.48190967241923016
8779,0,0.18658835689226785
8780,1,0.5423746705055237
8781,0,0.0759682518740495
8782,0,0.09949103494485219
8783,1,0.3909330566724141
8784,0,0.10799519220987956
8785,0,0.15717355410257974
8786,1,0.6922701001167297
8787,1,0.4788922170797984
8788,1,0.2603470633427302
8789,0,0.7641592224438986
8790,0,0.14737562835216522
8791,1,0.28418009479840595
8792,1,0.2157363990942637
8793,0,0.36022986968358356
8794,1,0.09949103494485219
8795,0,0.06798926492532094
8796,0,0.22023382286230722
8797,1,0.5952912370363871
8798,1,0.6922701001167297
8799,0,0.09949103494485219
8800,0,0.06798926492532094
8801,1,0.6623546878496805
8802,0,0.26241621871789295
8803,0,0.09949103494485219
8804,0,0.19190336763858795
8805,0,0.34284211198488873
8806,0,0.48190967241923016
8807,1,0.37042423089345294
8808,1,0.5423746705055237
8809,0,0.3204767107963562
8810,0,0.24009289840857187
8811,1,0.3909330566724141
8812,1,0.6292468110720316
8813,0,0.22023382286230722
8814,1,0.09949103494485219
8815,0,0.28418009479840595
8816,1,0.2722251017888387
8817,1,0.10443828503290813
8818,0,0.22023382286230722
8819,1,0.22023382286230722
8820,0,0.12346120675404866
8821,0,0.0759682518740495
8822,0,0.2603470633427302
8823,0,0.33012237151463825
8824,1,0.8184640606244405
8825,0,0.6922701001167297
8826,0,0.06974428271253903
8827,0,0.2952769100666046
8828,1,0.16458010176817575
8829,0,0.4470456739266713
8830,0,0.06798926492532094
8831,1,0.8997557957967123
8832,1,0.2157363990942637
8833,1,0.2325079689423243
8834,0,0.06798926492532094
8835,0,0.29057825605074566
8836,1,0.3045484224955241
8837,0,0.37042423089345294
8838,0,0.3909330566724141
8839,1,0.37042423089345294
8840,1,0.5952912370363871
8841,0,0.23960714042186737
8842,0,0.1270181139310201
8843,0,0.12767486770947775
8844,0,0.1750787595907847
8845,1,0.3204767107963562
8846,0,0.2003757655620575
8847,0,0.40729959805806476
8848,1,0.23599056402842203
8849,0,0.2722251017888387
8850,0,0.16412802040576935
8851,1,0.1284903089205424
8852,0,0.4267452855904897
8853,0,0.1844381590684255
8854,1,0.5952912370363871
8855,1,0.22023382286230722
8856,0,0.20600426197052002
8857,0,0.09949103494485219
8858,0,0.37042423089345294
8859,0,0.1750787595907847
8860,1,0.5148873527844747
8861,0,0.13259035845597586
8862,0,0.12767486770947775
8863,0,0.3909330566724141
8864,0,0.4145099918047587
8865,0,0.7508884072303772
8866,0,0.06798926492532094
8867,0,0.28418009479840595
8868,0,0.3466786742210388
8869,0,0.09949103494485219
8870,0,0.12062450746695201
8871,0,0.06798926492532094
8872,0,0.12779168287913004
8873,1,0.31230490406354267
8874,1,0.2157363990942637
8875,0,0.09949103494485219
8876,0,0.2003757655620575
8877,0,0.6842315196990967
8878,0,0.13626408080259958
8879,0,0.0759682518740495
8880,0,0.09949103494485219
8881,0,0.09426016733050346
8882,0,0.09949103494485219
8883,0,0.2603470633427302
8884,1,0.16552201410134634
8885,0,0.09949103494485219
8886,1,0.6623546878496805
8887,0,0.31230490406354267
8888,0,0.6842315196990967
8889,1,0.5952912370363871
8890,1,0.16458010176817575
8891,0,0.1298374185959498
8892,1,0.3524877727031708
8893,0,0.5148873527844747
8894,0,0.17214917639891306
8895,0,0.3909330566724141
8896,1,0.24446296195189157
8897,0,0.4470456739266713
8898,0,0.2952769100666046
8899,1,0.8212418357531229
8900,0,0.09426016733050346
8901,0,0.09949103494485219
8902,0,0.09949103494485219
8903,0,0.5952912370363871
8904,0,0.0759682518740495
8905,0,0.31230490406354267
8906,0,0.0759682518740495
8907,0,0.0797332338988781
8908,0,0.3909330566724141
8909,0,0.12767486770947775
8910,1,0.3204767107963562
8911,1,0.09949103494485219
8912,0,0.37241453925768536
8913,0,0.09949103494485219
8914,0,0.0759682518740495
8915,0,0.4788922170797984
8916,0,0.3204767107963562
8917,1,0.3909330566724141
8918,0,0.28418009479840595
8919,1,0.2603470633427302
8920,0,0.09949103494485219
8921,0,0.37042423089345294
8922,0,0.06798926492532094
8923,0,0.3204767107963562
8924,0,0.3909330566724141
8925,0,0.3401980797449748
8926,0,0.16949723164240518
8927,1,0.5351849993069967
8928,0,0.08665342504779498
8929,1,0.6849722663561503
8930,0,0.12767486770947775
8931,0,0.06798926492532094
8932,0,0.2722251017888387
8933,1,0.35522568225860596
8934,0,0.1606395790974299
8935,0,0.0759682518740495
8936,1,0.09949103494485219
8937,0,0.1284903089205424
8938,0,0.09426016733050346
8939,0,0.1270181139310201
8940,0,0.06798926492532094
8941,0,0.09426016733050346
8942,1,0.3204767107963562
8943,0,0.16552201410134634
8944,0,0.1844381590684255
8945,0,0.1487011561791102
8946,1,0.35837329427401227
8947,0,0.09949103494485219
8948,0,0.09949103494485219
8949,1,0.5952912370363871
8950,0,0.1241179605325063
8951,1,0.12538256496191025
8952,0,0.3909330566724141
8953,1,0.37241453925768536
8954,1,0.6922701001167297
8955,1,0.09949103494485219
8956,1,0.5952912370363871
8957,1,0.38073869546254474
8958,0,0.2603470633427302
8959,1,0.5423746705055237
8960,1,0.8997557957967123
8961,0,0.28418009479840595
8962,0,0.4519798854986827
8963,0,0.31230490406354267
8964,0,0.3724352220694224
8965,1,0.4047187368075053
8966,1,0.09949103494485219
8967,0,0.3909330566724141
8968,1,0.12128126124540965
8969,0,0.10799519220987956
8970,0,0.1270181139310201
8971,0,0.12346120675404866
8972,0,0.09949103494485219
8973,0,0.22023382286230722
8974,0,0.09949103494485219
8975,1,0.6292468110720316
8976,0,0.06967103853821754
8977,0,0.11215529839197795
8978,1,0.48190967241923016
8979,1,0.4267452855904897
8980,0,0.30120808879534405
8981,0,0.22023382286230722
8982,0,0.27144387861092883
8983,0,0.12779168287913004
8984,1,0.5005621910095215
8985,1,0.3204767107963562
8986,0,0.15229111909866333
8987,0,0.22023382286230722
8988,0,0.36022986968358356
8989,0,0.6623546878496805
8990,0,0.2862492501735687
8991,1,0.6842315196990967
8992,0,0.7641592224438986
8993,0,0.37042423089345294
8994,0,0.42829567193984985
8995,1,0.4145099918047587
8996,0,0.09949103494485219
8997,0,0.1334057996670405
8998,1,0.6922701001167297
8999,0,0.09041840707262357
9000,0,0.6842315196990967
9001,1,0.3909330566724141
9002,0,0.22023382286230722
9003,0,0.1270181139310201
9004,0,0.06798926492532094
9005,0,0.2603470633427302
9006,0,0.12880794207255045
9007,0,0.0759682518740495
9008,0,0.37042423089345294
9009,1,0.7641592224438986
9010,1,0.7508884072303772
9011,1,0.3909330566724141
9012,1,0.1270181139310201
9013,0,0.22023382286230722
9014,1,0.28418009479840595
9015,0,0.6849722663561503
9016,0,0.18658835689226785
9017,1,0.31230490406354267
9018,0,0.07428647826115291
9019,1,0.8184640606244405
9020,1,0.2862492501735687
9021,0,0.4470456739266713
9022,0,0.33550431330998737
9023,0,0.22023382286230722
9024,0,0.09949103494485219
9025,1,0.18658835689226785
9026,0,0.10443828503290813
9027,1,0.4145099918047587
9028,0,0.2722251017888387
9029,0,0.12128126124540965
9030,0,0.22023382286230722
9031,0,0.6842315196990967
9032,0,0.18658835689226785
9033,0,0.1270181139310201
9034,0,0.33012237151463825
9035,0,0.09949103494485219
9036,0,0.12779168287913004
9037,0,0.5792729655901591
9038,0,0.1270181139310201
9039,0,0.18658835689226785
9040,1,0.783443808555603
9041,0,0.2952769100666046
9042,0,0.1334057996670405
9043,0,0.09949103494485219
9044,0,0.13626408080259958
9045,0,0.22023382286230722
9046,0,0.14737562835216522
9047,0,0.17340113719304404
9048,0,0.09949103494485219
9049,0,0.28418009479840595
9050,0,0.28418009479840595
9051,0,0.22023382286230722
9052,0,0.06798926492532094
9053,1,0.4145099918047587
9054,1,0.4267452855904897
9055,0,0.20600426197052002
9056,0,0.16673029959201813
9057,0,0.37042423089345294
9058,1,0.6623546878496805
9059,0,0.1284903089205424
9060,0,0.783443808555603
9061,1,0.22023382286230722
9062,1,0.3909330566724141
9063,0,0.18398607770601907
9064,0,0.5148873527844747
9065,0,0.28418009479840595
9066,0,0.09949103494485219
9067,1,0.3909330566724141
9068,0,0.6769851446151733
9069,0,0.1270181139310201
9070,0,0.4267452855904897
9071,0,0.1270181139310201
9072,0,0.24009289840857187
9073,0,0.5423746705055237
9074,0,0.12779168287913004
9075,1,0.6842315196990967
9076,0,0.06798926492532094
9077,1,0.6849722663561503
9078,1,0.3472764790058136
9079,1,0.22023382286230722
9080,1,0.6292468110720316
9081,1,0.22023382286230722
9082,1,0.13626408080259958
9083,1,0.2708360254764557
9084,1,0.09949103494485219
9085,1,0.6849722663561503
9086,1,0.3412967324256897
9087,1,0.12779168287913004
9088,0,0.3076062500476837
9089,0,0.09949103494485219
9090,0,0.09426016733050346
9091,1,0.3909330566724141
9092,0,0.09949103494485219
9093,1,0.5148873527844747
9094,1,0.6842315196990967
9095,1,0.28418009479840595
9096,0,0.2603470633427302
9097,1,0.7508884072303772
9098,1,0.2862492501735687
9099,1,0.16949723164240518
9100,1,0.7641592224438986
9101,0,0.12495498359203339
9102,1,0.7508884072303772
9103,0,0.12538602203130722
9104,0,0.23960714042186737
9105,0,0.2813490132490794
9106,1,0.6292468110720316
9107,0,0.09949103494485219
9108,0,0.12062450746695201
9109,0,0.12126928567886353
9110,0,0.09949103494485219
9111,0,0.1270181139310201
9112,0,0.5487120350201925
9113,1,0.5351849993069967
9114,1,0.22023382286230722
9115,0,0.09949103494485219
9116,0,0.0759682518740495
9117,1,0.3578697144985199
9118,0,0.12062450746695201
9119,0,0.4470456739266713
9120,1,0.4145099918047587
9121,1,0.22023382286230722
9122,1,0.4145099918047587
9123,1,0.6292468110720316
9124,0,0.09426016733050346
9125,1,0.11215529839197795
9126,0,0.33550431330998737
9127,0,0.28418009479840595
9128,1,0.1270181139310201
9129,1,0.12128126124540965
9130,0,0.6849722663561503
9131,0,0.09949103494485219
9132,0,0.09949103494485219
9133,0,0.11215529839197795
9134,1,0.3204767107963562
9135,0,0.10443828503290813
9136,1,0.7508884072303772
9137,0,0.11215529839197795
9138,0,0.07142605632543564
9139,0,0.09426016733050346
9140,1,0.15717355410257974
9141,1,0.2952769100666046
9142,1,0.5367150902748108
9143,0,0.783443808555603
9144,1,0.7508884072303772
9145,0,0.31230490406354267
9146,1,0.6849722663561503
9147,1,0.1284903089205424
9148,0,0.12779168287913004
9149,0,0.12767486770947775
9150,0,0.3578697144985199
9151,1,0.5952912370363871
9152,0,0.7508884072303772
9153,1,0.3909330566724141
9154,0,0.2603470633427302
9155,0,0.3204767107963562
9156,0,0.0759682518740495
9157,0,0.1270181139310201
9158,0,0.22058055798212686
9159,0,0.06798926492532094
9160,0,0.16458010176817575
9161,0,0.06798926492532094
9162,0,0.1270181139310201
9163,0,0.06798926492532094
9164,1,0.4145099918047587
9165,1,0.4296649992465973
9166,0,0.28332191705703735
9167,0,0.11215529839197795
9168,0,0.0759682518740495
9169,0,0.2157363990942637
9170,0,0.1241179605325063
9171,1,0.22023382286230722
9172,1,0.6849722663561503
9173,0,0.10443828503290813
9174,0,0.06798926492532094
9175,1,0.3466786742210388
9176,1,0.6769851446151733
9177,1,0.7469152609507242
9178,0,0.5367150902748108
9179,1,0.6623546878496805
9180,0,0.44333157936731976
9181,0,0.6623546878496805
9182,1,0.6849722663561503
9183,1,0.23599056402842203
9184,0,0.1298374185959498
9185,0,0.22023382286230722
9186,0,0.08496410151322682
9187,0,0.12779168287913004
9188,1,0.22023382286230722
9189,0,0.3909330566724141
9190,0,0.37042423089345294
9191,0,0.2603470633427302
9192,0,0.28418009479840595
9193,1,0.7508884072303772
9194,0,0.11215529839197795
9195,0,0.39732542634010315
9196,0,0.28418009479840595
9197,0,0.09949103494485219
9198,0,0.22023382286230722
9199,1,0.24009289840857187
9200,1,0.3909330566724141
9201,1,0.5423746705055237
9202,1,0.5423746705055237
9203,0,0.28418009479840595
9204,0,0.12346120675404866
9205,0,0.6922701001167297
9206,0,0.25236602624257404
9207,0,0.15717355410257974
9208,0,0.09949103494485219
9209,1,0.24446296195189157
9210,1,0.3706085880597432
9211,0,0.2603470633427302
9212,1,0.2743929326534271
9213,0,0.28332191705703735
9214,1,0.15225806335608164
9215,0,0.3909330566724141
9216,0,0.1163569837808609
9217,0,0.5367150902748108
9218,0,0.18658835689226785
9219,0,0.09949103494485219
9220,0,0.12062450746695201
9221,0,0.5367150902748108
9222,0,0.5792729655901591
9223,1,0.3578697144985199
9224,0,0.06798926492532094
9225,0,0.1270181139310201
9226,0,0.11215529839197795
9227,0,0.18658835689226785
9228,0,0.3578697144985199
9229,0,0.14737562835216522
9230,0,0.1163569837808609
9231,0,0.12767486770947775
9232,0,0.3204767107963562
9233,0,0.10443828503290813
9234,0,0.4267452855904897
9235,0,0.37042423089345294
9236,0,0.09949103494485219
9237,1,0.6292468110720316
9238,1,0.6292468110720316
9239,1,0.783443808555603
9240,0,0.22023382286230722
9241,1,0.42493073145548504
9242,0,0.2603470633427302
9243,0,0.2231547236442566
9244,1,0.7641592224438986
9245,1,0.48190967241923016
9246,0,0.07343602056304614
9247,0,0.35837329427401227
9248,0,0.09949103494485219
9249,0,0.3204767107963562
9250,0,0.4145099918047587
9251,0,0.09949103494485219
9252,0,0.06798926492532094
9253,1,0.5792729655901591
9254,0,0.42829567193984985
9255,1,0.35837329427401227
9256,0,0.5423746705055237
9257,0,0.24009289840857187
9258,0,0.15229111909866333
9259,0,0.09949103494485219
9260,0,0.3204767107963562
9261,0,0.1220967024564743
9262,0,0.4788922170797984
9263,0,0.18418062229951224
9264,1,0.6623546878496805
9265,0,0.17292856176694235
9266,0,0.1606395790974299
9267,0,0.06798926492532094
9268,0,0.37042423089345294
9269,1,0.28418009479840595
9270,1,0.5148873527844747
9271,0,0.09426016733050346
9272,0,0.12346120675404866
9273,1,0.7469152609507242
9274,0,0.33012237151463825
9275,0,0.28418009479840595
9276,1,0.7201401789983114
9277,1,0.7641592224438986
9278,0,0.33012237151463825
9279,0,0.1750787595907847
9280,1,0.5952912370363871
9281,0,0.2603470633427302
9282,1,0.5186862150828043
9283,0,0.4145099918047587
9284,1,0.22023382286230722
9285,1,0.6292468110720316
9286,0,0.2722251017888387
9287,0,0.09949103494485219
9288,0,0.5423746705055237
9289,0,0.3909330566724141
9290,0,0.06798926492532094
9291,0,0.4470456739266713
9292,0,0.0759682518740495
9293,0,0.1270181139310201
9294,1,0.8997557957967123
9295,0,0.3524877727031708
9296,0,0.09426016733050346
9297,0,0.06798926492532094
9298,0,0.06967103853821754
9299,1,0.37042423089345294
9300,0,0.3045484224955241
9301,0,0.12767486770947775
9302,1,0.783443808555603
9303,0,0.0759682518740495
9304,0,0.5792729655901591
9305,1,0.1270181139310201
9306,0,0.4470456739266713
9307,0,0.3204767107963562
9308,0,0.09949103494485219
9309,1,0.41473637024561566
9310,0,0.22023382286230722
9311,1,0.6292468110720316
9312,0,0.31230490406354267
9313,0,0.15229111909866333
9314,0,0.35522568225860596
9315,0,0.09949103494485219
9316,0,0.12495498359203339
9317,1,0.7508884072303772
9318,0,0.09949103494485219
9319,0,0.14737562835216522
9320,0,0.0759682518740495
9321,0,0.06974428271253903
9322,0,0.6292468110720316
9323,0,0.09949103494485219
9324,1,0.1284903089205424
9325,1,0.48190967241923016
9326,1,0.3204767107963562
9327,0,0.7641592224438986
9328,1,0.4485076665878296
9329,0,0.09949103494485219
9330,1,0.10443828503290813
9331,0,0.1750787595907847
9332,0,0.2603470633427302
9333,0,0.28418009479840595
9334,0,0.3032772441705068
9335,0,0.22023382286230722
9336,0,0.09949103494485219
9337,0,0.18164527416229248
9338,0,0.10443828503290813
9339,1,0.33012237151463825
9340,0,0.09949103494485219
9341,1,0.783443808555603
9342,1,0.3204767107963562
9343,1,0.22023382286230722
9344,1,0.1487011561791102
9345,0,0.22023382286230722
9346,0,0.22023382286230722
9347,0,0.2603470633427302
9348,0,0.24048798779646555
9349,1,0.22023382286230722
9350,1,0.574891726175944
9351,0,0.7469152609507242
9352,0,0.2603470633427302
9353,0,0.33550431330998737
9354,0,0.06798926492532094
9355,0,0.5792729655901591
9356,1,0.37042423089345294
9357,1,0.09949103494485219
9358,0,0.09949103494485219
9359,0,0.09949103494485219
9360,0,0.2643210192521413
9361,0,0.6292468110720316
9362,0,0.28418009479840595
9363,1,0.3204767107963562
9364,0,0.6623546878496805
9365,1,0.32741740345954895
9366,0,0.33012237151463825
9367,0,0.10443828503290813
9368,0,0.24009289840857187
9369,0,0.22023382286230722
9370,0,0.09949103494485219
9371,0,0.09949103494485219
9372,0,0.06798926492532094
9373,0,0.7469152609507242
9374,0,0.4470456739266713
9375,0,0.33550431330998737
9376,0,0.09949103494485219
9377,1,0.35837329427401227
9378,0,0.12767486770947775
9379,1,0.22023382286230722
9380,0,0.09949103494485219
9381,1,0.31230490406354267
9382,0,0.09949103494485219
9383,0,0.22023382286230722
9384,0,0.5952912370363871
9385,1,0.5148873527844747
9386,0,0.28418009479840595
9387,1,0.6922701001167297
9388,0,0.10545454422632854
9389,1,0.8212418357531229
9390,0,0.1270181139310201
9391,0,0.22023382286230722
9392,0,0.33550431330998737
9393,0,0.1750787595907847
9394,0,0.29057825605074566
9395,0,0.783443808555603
9396,1,0.4780196249485016
9397,1,0.2603470633427302
9398,0,0.3466786742210388
9399,1,0.33550431330998737
9400,1,0.35522568225860596
9401,0,0.06798926492532094
9402,0,0.06798926492532094
9403,0,0.24009289840857187
9404,0,0.13259035845597586
9405,0,0.6849722663561503
9406,1,0.28418009479840595
9407,0,0.08496410151322682
9408,1,0.5186862150828043
9409,0,0.09949103494485219
9410,0,0.09949103494485219
9411,1,0.48190967241923016
9412,0,0.09949103494485219
9413,1,0.5952912370363871
9414,1,0.5952912370363871
9415,0,0.09949103494485219
9416,1,0.783443808555603
9417,0,0.09949103494485219
9418,0,0.2722251017888387
9419,1,0.28418009479840595
9420,0,0.2862492501735687
9421,0,0.6842315196990967
9422,0,0.24048798779646555
9423,1,0.33012237151463825
9424,0,0.4145099918047587
9425,0,0.09949103494485219
9426,0,0.0759682518740495
9427,0,0.18658835689226785
9428,1,0.5952912370363871
9429,1,0.37042423089345294
9430,0,0.37042423089345294
9431,0,0.09949103494485219
9432,0,0.8647907574971517
9433,0,0.06974428271253903
9434,1,0.5423746705055237
9435,0,0.18658835689226785
9436,1,0.8017973899841309
9437,1,0.20378140608469644
9438,1,0.3909330566724141
9439,0,0.6292468110720316
9440,1,0.7469152609507242
9441,0,0.1844381590684255
9442,0,0.15966461102167764
9443,1,0.35522568225860596
9444,0,0.6623546878496805
9445,0,0.22023382286230722
9446,0,0.23599056402842203
9447,0,0.12767486770947775
9448,1,0.3578697144985199
9449,0,0.17214917639891306
9450,0,0.06798926492532094
9451,0,0.6138366460800171
9452,0,0.09949103494485219
9453,0,0.12767486770947775
9454,1,0.10443828503290813
9455,0,0.18658835689226785
9456,0,0.18658835689226785
9457,0,0.1284903089205424
9458,0,0.3204767107963562
9459,0,0.5423746705055237
9460,1,0.5792729655901591
9461,1,0.2603470633427302
9462,0,0.09949103494485219
9463,0,0.10443828503290813
9464,0,0.6623546878496805
9465,0,0.22023382286230722
9466,0,0.13267411788304648
9467,0,0.15229111909866333
9468,1,0.12346120675404866
9469,1,0.7508884072303772
9470,0,0.08665342504779498
9471,0,0.10799519220987956
9472,1,0.3076062500476837
9473,0,0.11215529839197795
9474,0,0.09388245269656181
9475,0,0.2643210192521413
9476,0,0.09949103494485219
9477,0,0.33550431330998737
9478,0,0.10443828503290813
9479,0,0.37042423089345294
9480,0,0.09949103494485219
9481,0,0.3909330566724141
9482,0,0.1270181139310201
9483,0,0.09949103494485219
9484,0,0.5148873527844747
9485,1,0.783443808555603
9486,0,0.20600426197052002
9487,0,0.12126928567886353
9488,1,0.5423746705055237
9489,1,0.2603470633427302
9490,1,0.28418009479840595
9491,0,0.3204767107963562
9492,1,0.20378140608469644
9493,1,0.33550431330998737
9494,1,0.22023382286230722
9495,0,0.07428647826115291
9496,0,0.31230490406354267
9497,1,0.7469152609507242
9498,0,0.13259035845597586
9499,0,0.1270181139310201
9500,0,0.1163569837808609
9501,0,0.48190967241923016
9502,0,0.22023382286230722
9503,0,0.1606395790974299
9504,0,0.19315487146377563
9505,0,0.6849722663561503
9506,0,0.09949103494485219
9507,0,0.09426016733050346
9508,1,0.4145099918047587
9509,0,0.28418009479840595
9510,0,0.12128126124540965
9511,0,0.0887844202419122
9512,0,0.3204767107963562
9513,1,0.5952912370363871
9514,0,0.0759682518740495
9515,0,0.25236602624257404
9516,0,0.11215529839197795
9517,0,0.1163569837808609
9518,1,0.1750787595907847
9519,1,0.7508884072303772
9520,0,0.33550431330998737
9521,0,0.09949103494485219
9522,0,0.5186862150828043
9523,0,0.22023382286230722
9524,0,0.09426016733050346
9525,0,0.20600426197052002
9526,0,0.14737562835216522
9527,0,0.11854890485604604
9528,0,0.22023382286230722
9529,0,0.5952912370363871
9530,0,0.0759682518740495
9531,0,0.12126928567886353
9532,0,0.35837329427401227
9533,0,0.06798926492532094
9534,0,0.4398593604564667
9535,1,0.33012237151463825
9536,1,0.5792729655901591
9537,0,0.09949103494485219
9538,0,0.19943774739901224
9539,0,0.11215529839197795
9540,0,0.13134859005610147
9541,0,0.0759682518740495
9542,0,0.09041840707262357
9543,0,0.3204767107963562
9544,0,0.09426016733050346
9545,0,0.18658835689226785
9546,1,0.5792729655901591
9547,0,0.1163569837808609
9548,0,0.299166480700175
9549,0,0.22023382286230722
9550,0,0.09426016733050346
9551,1,0.37241453925768536
9552,0,0.13626408080259958
9553,1,0.5792729655901591
9554,0,0.4470456739266713
9555,0,0.08496410151322682
9556,1,0.31902555624643963
9557,1,0.6769851446151733
9558,1,0.7408843835194906
9559,0,0.1270181139310201
9560,1,0.783443808555603
9561,0,0.22023382286230722
9562,1,0.4951092799504598
9563,0,0.12767486770947775
9564,0,0.8184640606244405
9565,0,0.28418009479840595
9566,1,0.37241453925768536
9567,1,0.6849722663561503
9568,0,0.09949103494485219
9569,0,0.3680640757083893
9570,0,0.24048798779646555
9571,0,0.09949103494485219
9572,1,0.5952912370363871
9573,0,0.07428647826115291
9574,0,0.09949103494485219
9575,0,0.12767486770947775
9576,1,0.7508884072303772
9577,0,0.14737562835216522
9578,1,0.09949103494485219
9579,0,0.13134859005610147
9580,1,0.6292468110720316
9581,0,0.09949103494485219
9582,0,0.37241453925768536
9583,0,0.09949103494485219
9584,1,0.4145099918047587
9585,0,0.09949103494485219
9586,0,0.23960714042186737
9587,0,0.09949103494485219
9588,0,0.09426016733050346
9589,0,0.7641592224438986
9590,1,0.4378194808959961
9591,1,0.3909330566724141
9592,0,0.6922701001167297
9593,1,0.35522568225860596
9594,0,0.42829567193984985
9595,1,0.5952912370363871
9596,0,0.3204767107963562
9597,0,0.10443828503290813
9598,0,0.2952769100666046
9599,1,0.23954747120539346
9600,0,0.09949103494485219
9601,0,0.6623546878496805
9602,0,0.22023382286230722
9603,0,0.4470456739266713
9604,0,0.2603470633427302
9605,1,0.5382024546464285
9606,0,0.06798926492532094
9607,1,0.7641592224438986
9608,1,0.6922701001167297
9609,0,0.5423746705055237
9610,1,0.09949103494485219
9611,1,0.22023382286230722
9612,1,0.24048798779646555
9613,0,0.3680640757083893
9614,0,0.24009289840857187
9615,1,0.09949103494485219
9616,0,0.12126928567886353
9617,1,0.6849722663561503
9618,0,0.1270181139310201
9619,0,0.23960714042186737
9620,0,0.06798926492532094
9621,1,0.3578697144985199
9622,1,0.48190967241923016
9623,1,0.783443808555603
9624,0,0.31230490406354267
9625,0,0.10443828503290813
9626,0,0.12495498359203339
9627,1,0.12126928567886353
9628,0,0.12767486770947775
9629,0,0.7469152609507242
9630,1,0.6922701001167297
9631,0,0.3204767107963562
9632,0,0.06798926492532094
9633,0,0.1770316114028295
9634,0,0.09949103494485219
9635,0,0.13626408080259958
9636,0,0.06798926492532094
9637,0,0.3680640757083893
9638,1,0.11215529839197795
9639,0,0.24009289840857187
9640,1,0.7230183283487955
9641,1,0.6849722663561503
9642,0,0.09949103494485219
9643,1,0.4565080801645915
9644,1,0.4485076665878296
9645,0,0.09949103494485219
9646,0,0.29057825605074566
9647,1,0.22023382286230722
9648,1,0.3909330566724141
9649,0,0.22023382286230722
9650,0,0.2952769100666046
9651,0,0.0956492746869723
9652,0,0.2722251017888387
9653,0,0.48190967241923016
9654,0,0.3909330566724141
9655,0,0.1270181139310201
9656,0,0.06798926492532094
9657,1,0.4788922170797984
9658,1,0.6292468110720316
9659,0,0.09949103494485219
9660,0,0.18658835689226785
9661,0,0.3204767107963562
9662,1,0.3909330566724141
9663,0,0.11215529839197795
9664,0,0.09949103494485219
9665,1,0.5952912370363871
9666,0,0.06967103853821754
9667,1,0.37042423089345294
9668,1,0.6789590716362
9669,1,0.7469152609507242
9670,0,0.09949103494485219
9671,0,0.5952912370363871
9672,0,0.16552201410134634
9673,1,0.5423746705055237
9674,1,0.48190967241923016
9675,0,0.09949103494485219
9676,0,0.13134859005610147
9677,0,0.5423746705055237
9678,1,0.28418009479840595
9679,0,0.06798926492532094
9680,0,0.5952912370363871
9681,1,0.3909330566724141
9682,0,0.48190967241923016
9683,0,0.16673029959201813
9684,1,0.7641592224438986
9685,0,0.09041840707262357
9686,0,0.47698525587717694
9687,0,0.12495498359203339
9688,0,0.3032772441705068
9689,0,0.09949103494485219
9690,1,0.7641592224438986
9691,1,0.13134859005610147
9692,0,0.09041840707262357
9693,0,0.16412802040576935
9694,1,0.3909330566724141
9695,0,0.11215529839197795
9696,1,0.3909330566724141
9697,0,0.0759682518740495
9698,1,0.5952912370363871
9699,1,0.17905397713184357
9700,0,0.17247648040453592
9701,0,0.12767486770947775
9702,0,0.1954602748155594
9703,1,0.3909330566724141
9704,1,0.6088473002115885
9705,1,0.49421635270118713
9706,1,0.28418009479840595
9707,0,0.5792729655901591
9708,1,0.5423746705055237
9709,0,0.2722251017888387
9710,0,0.3909330566724141
9711,0,0.37042423089345294
9712,1,0.5952912370363871
9713,1,0.22023382286230722
9714,1,0.33012237151463825
9715,1,0.4932968318462372
9716,0,0.15229111909866333
9717,0,0.09949103494485219
9718,0,0.33012237151463825
9719,0,0.5423746705055237
9720,0,0.4470456739266713
9721,1,0.5952912370363871
9722,0,0.35837329427401227
9723,0,0.10443828503290813
9724,0,0.09949103494485219
9725,0,0.7508884072303772
9726,0,0.7469152609507242
9727,1,0.14737562835216522
9728,1,0.7641592224438986
9729,0,0.4470456739266713
9730,1,0.2722251017888387
9731,1,0.16458010176817575
9732,0,0.11571220556894939
9733,0,0.4145099918047587
9734,0,0.0759682518740495
9735,0,0.20600426197052002
9736,0,0.37042423089345294
9737,1,0.4485076665878296
9738,0,0.12062450746695201
9739,1,0.3204767107963562
9740,0,0.09949103494485219
9741,0,0.4485076665878296
9742,0,0.09949103494485219
9743,0,0.0759682518740495
9744,1,0.6849722663561503
9745,0,0.22023382286230722
9746,1,0.3909330566724141
9747,0,0.1270181139310201
9748,0,0.08501943821708362
9749,0,0.33012237151463825
9750,1,0.33550431330998737
9751,0,0.17292856176694235
9752,0,0.09949103494485219
9753,0,0.18658835689226785
9754,0,0.10799519220987956
9755,0,0.09949103494485219
9756,0,0.3909330566724141
9757,0,0.09949103494485219
9758,0,0.31230490406354267
9759,0,0.09949103494485219
9760,0,0.13626408080259958
9761,0,0.09949103494485219
9762,0,0.4267452855904897
9763,1,0.3466786742210388
9764,1,0.7641592224438986
9765,0,0.31230490406354267
9766,0,0.3578697144985199
9767,0,0.14737562835216522
9768,0,0.09949103494485219
9769,0,0.4470456739266713
9770,0,0.1270181139310201
9771,0,0.1284903089205424
9772,0,0.4145099918047587
9773,0,0.4145099918047587
9774,0,0.09949103494485219
9775,1,0.5423746705055237
9776,1,0.09949103494485219
9777,0,0.23954747120539346
9778,1,0.4519798854986827
9779,0,0.3909330566724141
9780,0,0.11215529839197795
9781,1,0.22023382286230722
9782,0,0.24048798779646555
9783,0,0.4788922170797984
9784,0,0.33012237151463825
9785,0,0.15229111909866333
9786,0,0.12346120675404866
9787,0,0.22023382286230722
9788,1,0.6849722663561503
9789,0,0.3909330566724141
9790,0,0.06798926492532094
9791,1,0.5186862150828043
9792,0,0.09949103494485219
9793,0,0.12062450746695201
9794,0,0.09949103494485219
9795,0,0.09949103494485219
9796,1,0.6449512441953024
9797,1,0.38073869546254474
9798,0,0.15229111909866333
9799,0,0.12767486770947775
9800,0,0.4788922170797984
9801,1,0.16458010176817575
9802,0,0.12482619285583496
9803,1,0.12495498359203339
9804,1,0.13134859005610147
9805,0,0.22023382286230722
9806,0,0.10443828503290813
9807,0,0.16181480884552002
9808,1,0.3909330566724141
9809,0,0.07428647826115291
9810,0,0.18658835689226785
9811,1,0.5952912370363871
9812,0,0.06798926492532094
9813,0,0.13134859005610147
9814,0,0.31230490406354267
9815,1,0.6748666564623514
9816,0,0.19315487146377563
9817,0,0.16412802040576935
9818,0,0.783443808555603
9819,0,0.09949103494485219
9820,0,0.3909330566724141
9821,0,0.12767486770947775
9822,0,0.06974428271253903
9823,0,0.33012237151463825
9824,1,0.1270181139310201
9825,0,0.09426016733050346
9826,0,0.36022986968358356
9827,1,0.6410865187644958
9828,0,0.12779168287913004
9829,1,0.3909330566724141
9830,1,0.20378140608469644
9831,0,0.22023382286230722
9832,0,0.09949103494485219
9833,0,0.0759682518740495
9834,1,0.6849722663561503
9835,0,0.11215529839197795
9836,0,0.06798926492532094
9837,1,0.5792729655901591
9838,1,0.15717355410257974
9839,0,0.12346120675404866
9840,0,0.1270181139310201
9841,0,0.2722251017888387
9842,0,0.2952769100666046
9843,0,0.3909330566724141
9844,0,0.0887844202419122
9845,0,0.24048798779646555
9846,1,0.6922701001167297
9847,0,0.09949103494485219
9848,0,0.10443828503290813
9849,0,0.22023382286230722
9850,1,0.7508884072303772
9851,1,0.4788922170797984
9852,0,0.09949103494485219
9853,1,0.4145099918047587
9854,0,0.558873454729716
9855,1,0.2722251017888387
9856,1,0.6849722663561503
9857,0,0.1270181139310201
9858,0,0.28418009479840595
9859,1,0.5792729655901591
9860,1,0.22023382286230722
9861,0,0.0759682518740495
9862,0,0.06798926492532094
9863,0,0.12495498359203339
9864,0,0.5423746705055237
9865,0,0.36022986968358356
9866,0,0.35522568225860596
9867,0,0.09949103494485219
9868,0,0.3204767107963562
9869,0,0.06798926492532094
9870,1,0.3909330566724141
9871,1,0.15229111909866333
9872,0,0.4788922170797984
9873,0,0.33550431330998737
9874,0,0.22023382286230722
9875,0,0.1750787595907847
9876,0,0.0759682518740495
9877,0,0.35837329427401227
9878,1,0.574891726175944
9879,0,0.09949103494485219
9880,0,0.09949103494485219
9881,0,0.18658835689226785
9882,0,0.3909330566724141
9883,0,0.1438187211751938
9884,0,0.27930842339992523
9885,1,0.12126928567886353
9886,0,0.12346120675404866
9887,0,0.3204767107963562
9888,1,0.31230490406354267
9889,1,0.5952912370363871
9890,0,0.15717355410257974
9891,0,0.09949103494485219
9892,0,0.6922701001167297
9893,0,0.16673029959201813
9894,1,0.4788922170797984
9895,0,0.09949103494485219
9896,0,0.4788922170797984
9897,1,0.4470456739266713
9898,0,0.09949103494485219
9899,0,0.07343602056304614
9900,0,0.22023382286230722
9901,0,0.23960714042186737
9902,0,0.3378644684950511
9903,0,0.33550431330998737
9904,0,0.1844381590684255
9905,1,0.28418009479840595
9906,0,0.06967103853821754
9907,0,0.09949103494485219
9908,1,0.6623546878496805
9909,0,0.4267452855904897
9910,0,0.09949103494485219
9911,1,0.3578697144985199
9912,1,0.5792729655901591
9913,0,0.14737562835216522
9914,0,0.3909330566724141
9915,1,0.7641592224438986
9916,0,0.2603470633427302
9917,0,0.06798926492532094
9918,0,0.5367150902748108
9919,0,0.28418009479840595
9920,0,0.47698525587717694
9921,0,0.25281142195065814
9922,1,0.7641592224438986
9923,1,0.8962544004122416
9924,0,0.3204767107963562
9925,1,0.4519798854986827
9926,1,0.35522568225860596
9927,0,0.40729959805806476
9928,0,0.4470456739266713
9929,1,0.5792729655901591
9930,0,0.12346120675404866
9931,1,0.5148873527844747
9932,0,0.0759682518740495
9933,1,0.8505050539970398
9934,0,0.12767486770947775
9935,0,0.09949103494485219
9936,1,0.22023382286230722
9937,1,0.574891726175944
9938,0,0.33012237151463825
9939,0,0.3909330566724141
9940,1,0.5952912370363871
9941,1,0.12767486770947775
9942,0,0.4145099918047587
9943,0,0.22023382286230722
9944,0,0.7605141202608744
9945,1,0.48190967241923016
9946,1,0.6849722663561503
9947,0,0.33550431330998737
9948,0,0.1005072941382726
9949,0,0.0759682518740495
9950,1,0.3909330566724141
9951,0,0.33550431330998737
9952,0,0.5792729655901591
9953,1,0.22023382286230722
9954,0,0.18658835689226785
9955,0,0.09041840707262357
9956,1,0.3909330566724141
9957,0,0.37042423089345294
9958,0,0.1750787595907847
9959,0,0.1270181139310201
9960,0,0.2862492501735687
9961,0,0.18658835689226785
9962,0,0.3909330566724141
9963,0,0.33550431330998737
9964,0,0.29908694823582965
9965,0,0.06974428271253903
9966,0,0.12062450746695201
9967,0,0.1270181139310201
9968,0,0.48190967241923016
9969,0,0.13134859005610147
9970,1,0.3032772441705068
9971,0,0.37042423089345294
9972,0,0.0759682518740495
9973,1,0.13626408080259958
9974,1,0.12062450746695201
9975,0,0.0759682518740495
9976,0,0.1588322917620341
9977,0,0.37042423089345294
9978,0,0.5627741813659668
9979,1,0.19190336763858795
9980,0,0.22023382286230722
9981,0,0.22023382286230722
9982,1,0.5952912370363871
9983,0,0.09949103494485219
9984,0,0.08665342504779498
9985,1,0.3578697144985199
9986,0,0.09949103494485219
9987,1,0.6623546878496805
9988,1,0.8184640606244405
9989,0,0.12767486770947775
9990,0,0.0759682518740495
9991,0,0.09949103494485219
9992,1,0.12062450746695201
9993,0,0.19190336763858795
9994,0,0.3204767107963562
9995,0,0.1769037793080012
9996,0,0.37042423089345294
9997,0,0.09949103494485219
9998,0,0.5423746705055237
9999,1,0.6849722663561503
10000,1,0.39732542634010315
10001,0,0.1270181139310201
10002,1,0.4470456739266713
10003,0,0.3909330566724141
10004,0,0.24009289840857187
10005,0,0.1284903089205424
10006,0,0.06798926492532094
10007,0,0.09949103494485219
10008,1,0.22023382286230722
10009,1,0.3578697144985199
10010,0,0.11215529839197795
10011,0,0.23954747120539346
10012,0,0.4267452855904897
10013,0,0.2952769100666046
10014,1,0.6292468110720316
10015,0,0.10443828503290813
10016,0,0.0759682518740495
10017,1,0.3578697144985199
10018,0,0.3578697144985199
10019,0,0.22023382286230722
10020,0,0.09949103494485219
10021,0,0.2952769100666046
10022,0,0.10545454422632854
10023,0,0.1270181139310201
10024,0,0.48190967241923016
10025,1,0.31902555624643963
10026,0,0.28418009479840595
10027,0,0.37042423089345294
10028,0,0.28418009479840595
10029,0,0.3204767107963562
10030,1,0.6623546878496805
10031,0,0.37042423089345294
10032,1,0.6292468110720316
10033,1,0.44333157936731976
10034,0,0.22023382286230722
10035,0,0.0797332338988781
10036,1,0.6292468110720316
10037,1,0.6849722663561503
10038,1,0.3493456343809764
10039,1,0.22023382286230722
10040,0,0.20872422556082407
10041,0,0.5512032707532247
10042,0,0.4553152819474538
10043,0,0.4470456739266713
10044,0,0.09949103494485219
10045,0,0.8184640606244405
10046,0,0.2157363990942637
10047,0,0.09949103494485219
10048,1,0.13267411788304648
10049,0,0.12767486770947775
10050,0,0.3909330566724141
10051,0,0.24009289840857187
10052,0,0.11583286027113597
10053,0,0.5952912370363871
10054,1,0.38073869546254474
10055,0,0.09949103494485219
10056,1,0.8997557957967123
10057,0,0.24048798779646555
10058,0,0.3909330566724141
10059,1,0.6849722663561503
10060,1,0.2722251017888387
10061,0,0.09949103494485219
10062,1,0.24009289840857187
10063,0,0.09949103494485219
10064,0,0.18164527416229248
10065,1,0.3680640757083893
10066,0,0.31230490406354267
10067,1,0.22023382286230722
10068,0,0.1270181139310201
10069,0,0.11571220556894939
10070,1,0.3909330566724141
10071,0,0.09426016733050346
10072,1,0.783443808555603
10073,0,0.1844381590684255
10074,1,0.4470456739266713
10075,0,0.0797332338988781
10076,0,0.4470456739266713
10077,1,0.3578697144985199
10078,0,0.18658835689226785
10079,0,0.09949103494485219
10080,1,0.2722251017888387
10081,1,0.49421635270118713
10082,0,0.09426016733050346
10083,0,0.4267452855904897
10084,0,0.09949103494485219
10085,0,0.6849722663561503
10086,1,0.5952912370363871
10087,1,0.3204767107963562
10088,0,0.34984374046325684
10089,1,0.3378644684950511
10090,0,0.09949103494485219
10091,1,0.48190967241923016
10092,0,0.182610884308815
10093,0,0.09949103494485219
10094,0,0.12062450746695201
10095,0,0.22023382286230722
10096,0,0.09949103494485219
10097,1,0.783443808555603
10098,0,0.09949103494485219
10099,0,0.18398607770601907
10100,1,0.3909330566724141
10101,0,0.6623546878496805
10102,0,0.12779168287913004
10103,0,0.14737562835216522
10104,1,0.5952912370363871
10105,1,0.09949103494485219
10106,0,0.1270181139310201
10107,0,0.1270181139310201
10108,0,0.1606395790974299
10109,0,0.07142605632543564
10110,0,0.22023382286230722
10111,1,0.5423746705055237
10112,0,0.2603470633427302
10113,0,0.6842315196990967
10114,0,0.4470456739266713
10115,1,0.3909330566724141
10116,1,0.6292468110720316
10117,1,0.4470456739266713
10118,0,0.14737562835216522
10119,1,0.783443808555603
10120,0,0.13259035845597586
10121,0,0.0759682518740495
10122,0,0.1284903089205424
10123,1,0.8505050539970398
10124,1,0.3204767107963562
10125,0,0.06798926492532094
10126,0,0.37042423089345294
10127,1,0.3909330566724141
10128,0,0.07428647826115291
10129,0,0.11571220556894939
10130,1,0.06798926492532094
10131,0,0.1270181139310201
10132,0,0.1163569837808609
10133,1,0.7641592224438986
10134,0,0.4470456739266713
10135,0,0.2401698182026545
10136,0,0.1005072941382726
10137,1,0.23960714042186737
10138,1,0.4470456739266713
10139,0,0.22023382286230722
10140,0,0.6922701001167297
10141,1,0.09949103494485219
10142,1,0.783443808555603
10143,1,0.12767486770947775
10144,0,0.0759682518740495
10145,0,0.09949103494485219
10146,0,0.18658835689226785
10147,1,0.28418009479840595
10148,0,0.7469152609507242
10149,0,0.08496410151322682
10150,0,0.5512032707532247
10151,1,0.2952769100666046
10152,0,0.12346120675404866
10153,1,0.13267411788304648
10154,1,0.7469152609507242
10155,1,0.3909330566724141
10156,0,0.22023382286230722
10157,0,0.22023382286230722
10158,1,0.5423746705055237
10159,0,0.22023382286230722
10160,0,0.37042423089345294
10161,1,0.6410865187644958
10162,0,0.5025806725025177
10163,0,0.31230490406354267
10164,0,0.36022986968358356
10165,0,0.15229111909866333
10166,0,0.09949103494485219
10167,0,0.1270181139310201
10168,0,0.10443828503290813
10169,0,0.518591066201528
10170,0,0.8184640606244405
10171,0,0.2603470633427302
10172,0,0.1270181139310201
10173,0,0.15229111909866333
10174,0,0.38073869546254474
10175,0,0.24048798779646555
10176,0,0.06798926492532094
10177,0,0.3472764790058136
10178,0,0.09949103494485219
10179,1,0.12346120675404866
10180,0,0.09949103494485219
10181,1,0.15717355410257974
10182,1,0.6849722663561503
10183,0,0.09949103494485219
10184,0,0.09949103494485219
10185,1,0.6292468110720316
10186,0,0.09426016733050346
10187,0,0.22023382286230722
10188,0,0.07142605632543564
10189,0,0.12767486770947775
10190,1,0.44850603739420575
10191,0,0.5423746705055237
10192,1,0.1750787595907847
10193,0,0.09949103494485219
10194,1,0.3909330566724141
10195,0,0.4470456739266713
10196,0,0.4519798854986827
10197,0,0.09949103494485219
10198,0,0.09949103494485219
10199,1,0.18398607770601907
10200,1,0.22023382286230722
10201,0,0.22023382286230722
10202,0,0.37042423089345294
10203,0,0.5792729655901591
10204,1,0.42829567193984985
10205,0,0.06798926492532094
10206,1,0.22023382286230722
10207,0,0.11215529839197795
10208,0,0.11215529839197795
10209,0,0.17292856176694235
10210,1,0.5148873527844747
10211,0,0.1270181139310201
10212,0,0.4145099918047587
10213,1,0.35837329427401227
10214,0,0.09426016733050346
10215,0,0.10443828503290813
10216,0,0.16673029959201813
10217,1,0.5351849993069967
10218,0,0.7469152609507242
10219,1,0.1270181139310201
10220,1,0.7508884072303772
10221,1,0.6449512441953024
10222,1,0.6769851446151733
10223,1,0.12346120675404866
10224,1,0.6623546878496805
10225,0,0.5347966353098551
10226,1,0.10443828503290813
10227,1,0.22023382286230722
10228,0,0.22023382286230722
10229,0,0.06974428271253903
10230,0,0.5792729655901591
10231,1,0.3909330566724141
10232,0,0.33550431330998737
10233,1,0.5423746705055237
10234,1,0.2708360254764557
10235,0,0.3466786742210388
10236,1,0.09949103494485219
10237,0,0.09949103494485219
10238,1,0.1750787595907847
10239,0,0.2603470633427302
10240,0,0.09426016733050346
10241,0,0.36022986968358356
10242,0,0.35522568225860596
10243,1,0.5952912370363871
10244,0,0.6292468110720316
10245,0,0.3909330566724141
10246,1,0.4788922170797984
10247,1,0.7641592224438986
10248,0,0.12346120675404866
10249,1,0.3909330566724141
10250,1,0.5952912370363871
10251,0,0.15717355410257974
10252,0,0.6292468110720316
10253,0,0.6623546878496805
10254,1,0.5792729655901591
10255,0,0.09949103494485219
10256,1,0.2603470633427302
10257,1,0.5627212723096212
10258,1,0.1750787595907847
10259,1,0.4788922170797984
10260,0,0.12767486770947775
10261,1,0.06798926492532094
10262,0,0.1270181139310201
10263,0,0.3909330566724141
10264,0,0.2603470633427302
10265,0,0.3909330566724141
10266,1,0.33550431330998737
10267,0,0.6623546878496805
10268,0,0.1606395790974299
10269,1,0.6584899624188741
10270,0,0.12346120675404866
10271,0,0.09949103494485219
10272,0,0.15229111909866333
10273,0,0.16412802040576935
10274,1,0.33550431330998737
10275,0,0.1606395790974299
10276,0,0.12767486770947775
10277,1,0.6849722663561503
10278,1,0.8212418357531229
10279,0,0.22023382286230722
10280,0,0.10443828503290813
10281,1,0.783443808555603
10282,0,0.7641592224438986
10283,0,0.7469152609507242
10284,0,0.3204767107963562
10285,0,0.2952769100666046
10286,1,0.6842315196990967
10287,0,0.06798926492532094
10288,0,0.36022986968358356
10289,1,0.6292468110720316
10290,0,0.33012237151463825
10291,0,0.12128126124540965
10292,0,0.13259035845597586
10293,1,0.37042423089345294
10294,0,0.06798926492532094
10295,0,0.13259035845597586
10296,1,0.5423746705055237
10297,0,0.24048798779646555
10298,1,0.5952912370363871
10299,0,0.24009289840857187
10300,0,0.09949103494485219
10301,0,0.09949103494485219
10302,0,0.14737562835216522
10303,0,0.13267411788304648
10304,0,0.22023382286230722
10305,0,0.5952912370363871
10306,0,0.07428647826115291
10307,0,0.31230490406354267
10308,1,0.18164527416229248
10309,0,0.24009289840857187
10310,0,0.06798926492532094
10311,0,0.1298374185959498
10312,0,0.22023382286230722
10313,0,0.0759682518740495
10314,0,0.3909330566724141
10315,0,0.2603470633427302
10316,0,0.33550431330998737
10317,0,0.12482619285583496
10318,0,0.5148873527844747
10319,1,0.3780946632226308
10320,1,0.3578697144985199
10321,1,0.28418009479840595
10322,0,0.09949103494485219
10323,0,0.08665342504779498
10324,0,0.12767486770947775
10325,1,0.4470456739266713
10326,1,0.4234687387943268
10327,0,0.09949103494485219
10328,0,0.09949103494485219
10329,0,0.1769037793080012
10330,0,0.09949103494485219
10331,0,0.1270181139310201
10332,0,0.09949103494485219
10333,1,0.5423746705055237
10334,0,0.3909330566724141
10335,0,0.09949103494485219
10336,1,0.783443808555603
10337,0,0.1270181139310201
10338,0,0.3578697144985199
10339,1,0.5217036704222361
10340,1,0.783443808555603
10341,1,0.09949103494485219
10342,1,0.4788922170797984
10343,0,0.11215529839197795
10344,0,0.31230490406354267
10345,0,0.09949103494485219
10346,0,0.09426016733050346
10347,0,0.33012237151463825
10348,0,0.1606395790974299
10349,1,0.6623546878496805
10350,0,0.1270181139310201
10351,0,0.24446296195189157
10352,0,0.09949103494485219
10353,0,0.09949103494485219
10354,1,0.4470456739266713
10355,0,0.09949103494485219
10356,0,0.259466215968132
10357,0,0.10443828503290813
10358,1,0.3909330566724141
10359,0,0.4145099918047587
10360,0,0.22023382286230722
10361,0,0.4145099918047587
10362,0,0.28418009479840595
10363,0,0.13134859005610147
10364,0,0.1334057996670405
10365,1,0.8184640606244405
10366,0,0.12128126124540965
10367,0,0.09949103494485219
10368,0,0.37042423089345294
10369,1,0.3909330566724141
10370,1,0.8962544004122416
10371,1,0.5351849993069967
10372,0,0.37042423089345294
10373,0,0.2952769100666046
10374,1,0.6922701001167297
10375,0,0.33012237151463825
10376,0,0.6292468110720316
10377,0,0.06798926492532094
10378,0,0.09949103494485219
10379,0,0.12767486770947775
10380,1,0.6849722663561503
10381,0,0.6842315196990967
10382,1,0.12062450746695201
10383,0,0.574891726175944
10384,0,0.18658835689226785
10385,0,0.23599056402842203
10386,0,0.09949103494485219
10387,1,0.33012237151463825
10388,0,0.09041840707262357
10389,1,0.2603470633427302
10390,0,0.31230490406354267
10391,0,0.1487011561791102
10392,0,0.33012237151463825
10393,1,0.6922701001167297
10394,0,0.06798926492532094
10395,1,0.8184640606244405
10396,0,0.11571220556894939
10397,0,0.06798926492532094
10398,0,0.06798926492532094
10399,1,0.06798926492532094
10400,0,0.17292856176694235
10401,1,0.6849722663561503
10402,0,0.06798926492532094
10403,0,0.27930842339992523
10404,0,0.2603470633427302
10405,1,0.19190336763858795
10406,0,0.09949103494485219
10407,0,0.17292856176694235
10408,1,0.783443808555603
10409,0,0.4145099918047587
10410,0,0.5792729655901591
10411,0,0.06798926492532094
10412,0,0.3401980797449748
10413,0,0.4267452855904897
10414,1,0.5952912370363871
10415,0,0.1270181139310201
10416,1,0.3909330566724141
10417,0,0.42829567193984985
10418,1,0.35837329427401227
10419,0,0.10443828503290813
10420,0,0.31230490406354267
10421,0,0.0759682518740495
10422,0,0.13259035845597586
10423,0,0.16412802040576935
10424,1,0.1270181139310201
10425,1,0.1270181139310201
10426,1,0.28418009479840595
10427,0,0.07428647826115291
10428,1,0.4267452855904897
10429,1,0.6292468110720316
10430,0,0.09949103494485219
10431,0,0.26241621871789295
10432,0,0.08501943821708362
10433,0,0.09949103494485219
10434,0,0.09426016733050346
10435,0,0.1270181139310201
10436,0,0.07428647826115291
10437,0,0.14737562835216522
10438,0,0.28418009479840595
10439,0,0.18398607770601907
10440,1,0.6922701001167297
10441,1,0.5952912370363871
10442,0,0.6623546878496805
10443,0,0.0759682518740495
10444,0,0.25380803147951764
10445,0,0.33012237151463825
10446,0,0.18658835689226785
10447,0,0.09949103494485219
10448,1,0.8962544004122416
10449,0,0.09949103494485219
10450,0,0.4788922170797984
10451,0,0.49421635270118713
10452,0,0.10443828503290813
10453,1,0.3204767107963562
10454,0,0.33550431330998737
10455,0,0.12767486770947775
10456,1,0.48190967241923016
10457,0,0.12346120675404866
10458,0,0.24048798779646555
10459,1,0.4780196249485016
10460,0,0.0759682518740495
10461,0,0.23599056402842203
10462,0,0.15717355410257974
10463,0,0.4145099918047587
10464,0,0.09949103494485219
10465,0,0.09949103494485219
10466,0,0.17214917639891306
10467,0,0.28418009479840595
10468,0,0.1270181139310201
10469,0,0.3204767107963562
10470,0,0.10443828503290813
10471,0,0.09949103494485219
10472,1,0.6292468110720316
10473,0,0.14737562835216522
10474,0,0.3909330566724141
10475,0,0.5952912370363871
10476,0,0.17292856176694235
10477,1,0.5850475827852885
10478,1,0.33550431330998737
10479,0,0.18398607770601907
10480,0,0.28418009479840595
10481,1,0.6922701001167297
10482,1,0.4519798854986827
10483,0,0.8184640606244405
10484,1,0.783443808555603
10485,1,0.9354700843493143
10486,0,0.08496410151322682
10487,0,0.09949103494485219
10488,0,0.5792729655901591
10489,0,0.3909330566724141
10490,0,0.06798926492532094
10491,0,0.09949103494485219
10492,0,0.42829567193984985
10493,1,0.7469152609507242
10494,0,0.12767486770947775
10495,1,0.5952912370363871
10496,0,0.19190336763858795
10497,0,0.12767486770947775
10498,0,0.15229111909866333
10499,0,0.5423746705055237
10500,1,0.4267452855904897
10501,0,0.09949103494485219
10502,0,0.1270181139310201
10503,0,0.23960714042186737
10504,0,0.09949103494485219
10505,0,0.3909330566724141
10506,1,0.13626408080259958
10507,0,0.3578697144985199
10508,0,0.32440749804178876
10509,0,0.3472764790058136
10510,0,0.3909330566724141
10511,0,0.10443828503290813
10512,0,0.3204767107963562
10513,0,0.16458010176817575
10514,0,0.16458010176817575
10515,0,0.1284903089205424
10516,0,0.10799519220987956
10517,1,0.1220967024564743
10518,0,0.09949103494485219
10519,1,0.06974428271253903
10520,1,0.31230490406354267
10521,0,0.1750787595907847
10522,0,0.23599056402842203
10523,1,0.6922701001167297
10524,1,0.4145099918047587
10525,0,0.13134859005610147
10526,0,0.18658835689226785
10527,1,0.09949103494485219
10528,1,0.8997557957967123
10529,0,0.16552201410134634
10530,1,0.7641592224438986
10531,0,0.09949103494485219
10532,0,0.06798926492532094
10533,1,0.32440749804178876
10534,0,0.7469152609507242
10535,1,0.5792729655901591
10536,0,0.2708360254764557
10537,0,0.4470456739266713
10538,0,0.06798926492532094
10539,0,0.06798926492532094
10540,0,0.18658835689226785
10541,0,0.3204767107963562
10542,0,0.06798926492532094
10543,0,0.37042423089345294
10544,1,0.7641592224438986
10545,0,0.09949103494485219
10546,0,0.09949103494485219
10547,0,0.13134859005610147
10548,0,0.1284903089205424
10549,0,0.12767486770947775
10550,0,0.23960714042186737
10551,0,0.20600426197052002
10552,0,0.33012237151463825
10553,0,0.4378194808959961
10554,0,0.17292856176694235
10555,0,0.09949103494485219
10556,0,0.4267452855904897
10557,1,0.28418009479840595
10558,0,0.5952912370363871
10559,1,0.6849722663561503
10560,1,0.5952912370363871
10561,0,0.1487011561791102
10562,1,0.12062450746695201
10563,1,0.4951092799504598
10564,0,0.4267452855904897
10565,0,0.09949103494485219
10566,1,0.4788922170797984
10567,0,0.13048219680786133
10568,0,0.24009289840857187
10569,1,0.31230490406354267
10570,1,0.33012237151463825
10571,0,0.18658835689226785
10572,0,0.33012237151463825
10573,0,0.06798926492532094
10574,0,0.1270181139310201
10575,0,0.09426016733050346
10576,1,0.31230490406354267
10577,0,0.1954602748155594
10578,1,0.5952912370363871
10579,0,0.0759682518740495
10580,0,0.22023382286230722
10581,0,0.14737562835216522
10582,1,0.28418009479840595
10583,1,0.4145099918047587
10584,1,0.1954602748155594
10585,1,0.31230490406354267
10586,0,0.14737562835216522
10587,0,0.1270181139310201
10588,0,0.5952912370363871
10589,0,0.22023382286230722
10590,0,0.13626408080259958
10591,0,0.3909330566724141
10592,0,0.5423746705055237
10593,0,0.24009289840857187
10594,1,0.4788922170797984
10595,0,0.37042423089345294
10596,1,0.4145099918047587
10597,0,0.06798926492532094
10598,0,0.06798926492532094
10599,0,0.11571220556894939
10600,0,0.4519798854986827
10601,0,0.09949103494485219
10602,1,0.3204767107963562
10603,0,0.09949103494485219
10604,1,0.42829567193984985
10605,0,0.37042423089345294
10606,1,0.10443828503290813
10607,0,0.5423746705055237
10608,0,0.22023382286230722
10609,0,0.1750787595907847
10610,0,0.1163569837808609
10611,0,0.0759682518740495
10612,0,0.10443828503290813
10613,0,0.3909330566724141
10614,0,0.1270181139310201
10615,1,0.783443808555603
10616,0,0.0759682518740495
10617,0,0.3909330566724141
10618,0,0.09949103494485219
10619,0,0.5423746705055237
10620,1,0.7641592224438986
10621,0,0.09949103494485219
10622,1,0.7508884072303772
10623,0,0.2952769100666046
10624,0,0.09949103494485219
10625,0,0.0759682518740495
10626,0,0.06798926492532094
10627,0,0.2708360254764557
10628,0,0.7508884072303772
10629,0,0.22023382286230722
10630,0,0.4145099918047587
10631,0,0.5423746705055237
10632,0,0.09949103494485219
10633,0,0.37042423089345294
10634,0,0.1270181139310201
10635,0,0.09949103494485219
10636,0,0.22023382286230722
10637,0,0.06798926492532094
10638,0,0.22023382286230722
10639,0,0.16458010176817575
10640,0,0.259466215968132
10641,0,0.33012237151463825
10642,0,0.15229111909866333
10643,1,0.6292468110720316
10644,0,0.22023382286230722
10645,1,0.7641592224438986
10646,0,0.32440749804178876
10647,0,0.15229111909866333
10648,0,0.5952912370363871
10649,1,0.31230490406354267
10650,0,0.3909330566724141
10651,1,0.3909330566724141
10652,0,0.6922701001167297
10653,1,0.7508884072303772
10654,0,0.06798926492532094
10655,0,0.6138366460800171
10656,0,0.18658835689226785
10657,0,0.33550431330998737
10658,0,0.1556556224822998
10659,1,0.22023382286230722
10660,0,0.06798926492532094
10661,0,0.6292468110720316
10662,0,0.28418009479840595
10663,0,0.1270181139310201
10664,1,0.06798926492532094
10665,0,0.4145099918047587
10666,1,0.37042423089345294
10667,0,0.08501943821708362
10668,0,0.4145099918047587
10669,1,0.12767486770947775
10670,0,0.22023382286230722
10671,0,0.06974428271253903
10672,0,0.4378194808959961
10673,1,0.19190336763858795
10674,0,0.06798926492532094
10675,1,0.31230490406354267
10676,1,0.3331658144791921
10677,0,0.15229111909866333
10678,0,0.2952769100666046
10679,0,0.09949103494485219
10680,0,0.4296649992465973
10681,0,0.06974428271253903
10682,1,0.3909330566724141
10683,0,0.08496410151322682
10684,0,0.15229111909866333
10685,0,0.09949103494485219
10686,0,0.09949103494485219
10687,0,0.2603470633427302
10688,0,0.06798926492532094
10689,0,0.17292856176694235
10690,1,0.783443808555603
10691,0,0.33012237151463825
10692,0,0.12126928567886353
10693,1,0.5952912370363871
10694,1,0.6842315196990967
10695,0,0.15229111909866333
10696,0,0.3578697144985199
10697,0,0.06798926492532094
10698,0,0.31230490406354267
10699,0,0.23599056402842203
10700,0,0.13924063245455423
10701,0,0.31230490406354267
10702,1,0.2643210192521413
10703,0,0.5423746705055237
10704,0,0.3204767107963562
10705,0,0.4470456739266713
10706,0,0.4145099918047587
10707,0,0.37042423089345294
10708,1,0.5367150902748108
10709,0,0.09949103494485219
10710,0,0.7641592224438986
10711,1,0.34984374046325684
10712,1,0.5792729655901591
10713,0,0.09041840707262357
10714,1,0.33550431330998737
10715,0,0.09949103494485219
10716,1,0.2603470633427302
10717,1,0.07343602056304614
10718,0,0.35522568225860596
10719,1,0.6292468110720316
10720,0,0.1270181139310201
10721,1,0.5005621910095215
10722,0,0.09949103494485219
10723,0,0.09949103494485219
10724,0,0.1769037793080012
10725,1,0.5792729655901591
10726,0,0.22023382286230722
10727,0,0.09949103494485219
10728,0,0.18658835689226785
10729,0,0.4788922170797984
10730,0,0.09949103494485219
10731,0,0.5423746705055237
10732,0,0.18658835689226785
10733,1,0.37042423089345294
10734,0,0.22023382286230722
10735,0,0.09949103494485219
10736,0,0.6922701001167297
10737,0,0.3204767107963562
10738,1,0.4788922170797984
10739,0,0.0797332338988781
10740,0,0.4949026107788086
10741,1,0.6410865187644958
10742,1,0.37241453925768536
10743,0,0.06974428271253903
10744,0,0.12126928567886353
10745,1,0.8854700922966003
10746,0,0.37042423089345294
10747,0,0.10443828503290813
10748,0,0.28418009479840595
10749,0,0.09949103494485219
10750,1,0.861289362112681
10751,0,0.15229111909866333
10752,0,0.3578697144985199
10753,1,0.4145099918047587
10754,0,0.37042423089345294
10755,0,0.15229111909866333
10756,1,0.783443808555603
10757,1,0.6769851446151733
10758,1,0.8184640606244405
10759,0,0.11215529839197795
10760,1,0.38073869546254474
10761,0,0.5423746705055237
10762,1,0.22023382286230722
10763,1,0.12482619285583496
10764,1,0.7469152609507242
10765,0,0.18398607770601907
10766,1,0.3204767107963562
10767,0,0.12062450746695201
10768,1,0.4267452855904897
10769,0,0.5148873527844747
10770,1,0.574891726175944
10771,0,0.12062450746695201
10772,1,0.1163569837808609
10773,0,0.5423746705055237
10774,1,0.4780196249485016
10775,0,0.5952912370363871
10776,1,0.7641592224438986
10777,0,0.37042423089345294
10778,1,0.09949103494485219
10779,0,0.13134859005610147
10780,1,0.12767486770947775
10781,0,0.1270181139310201
10782,1,0.10443828503290813
10783,1,0.5148873527844747
10784,0,0.12495498359203339
10785,1,0.3578697144985199
10786,1,0.3204767107963562
10787,0,0.1270181139310201
10788,0,0.4398593604564667
10789,0,0.09949103494485219
10790,0,0.10304794212182362
10791,1,0.5952912370363871
10792,0,0.15717355410257974
10793,1,0.22023382286230722
10794,1,0.5148873527844747
10795,0,0.09949103494485219
10796,0,0.24009289840857187
10797,0,0.1270181139310201
10798,0,0.16552201410134634
10799,1,0.2647472719351451
10800,0,0.6292468110720316
10801,0,0.13267411788304648
10802,1,0.5367150902748108
10803,0,0.09949103494485219
10804,0,0.09949103494485219
10805,0,0.1270181139310201
10806,0,0.1270181139310201
10807,0,0.1270181139310201
10808,0,0.07142605632543564
10809,0,0.12767486770947775
10810,0,0.09949103494485219
10811,0,0.2603470633427302
10812,0,0.22023382286230722
10813,0,0.09949103494485219
10814,1,0.2862492501735687
10815,1,0.6849722663561503
10816,1,0.6849722663561503
10817,0,0.09949103494485219
10818,0,0.18658835689226785
10819,0,0.17214917639891306
10820,0,0.15229111909866333
10821,0,0.06967103853821754
10822,0,0.33550431330998737
10823,0,0.2603470633427302
10824,0,0.0759682518740495
10825,1,0.783443808555603
10826,0,0.09949103494485219
10827,0,0.4267452855904897
10828,1,0.33012237151463825
10829,0,0.09426016733050346
10830,0,0.19315487146377563
10831,0,0.4565080801645915
10832,0,0.09949103494485219
10833,1,0.29057825605074566
10834,1,0.783443808555603
10835,0,0.12482619285583496
10836,0,0.5792729655901591
10837,1,0.28418009479840595
10838,0,0.15229111909866333
10839,1,0.1270181139310201
10840,0,0.3204767107963562
10841,0,0.2952769100666046
10842,0,0.24009289840857187
10843,0,0.4788922170797984
10844,1,0.3909330566724141
10845,0,0.09949103494485219
10846,1,0.5148873527844747
10847,0,0.1270181139310201
10848,0,0.1606395790974299
10849,0,0.1270181139310201
10850,0,0.09949103494485219
10851,0,0.35837329427401227
10852,0,0.06798926492532094
10853,0,0.12346120675404866
10854,0,0.06798926492532094
10855,0,0.09949103494485219
10856,0,0.11571220556894939
10857,0,0.22023382286230722
10858,0,0.2603470633427302
10859,0,0.12767486770947775
10860,1,0.6849722663561503
10861,1,0.4145099918047587
10862,1,0.7641592224438986
10863,0,0.11571220556894939
10864,0,0.5148873527844747
10865,0,0.06798926492532094
10866,0,0.3909330566724141
10867,0,0.3204767107963562
10868,0,0.1284903089205424
10869,1,0.49421635270118713
10870,0,0.09949103494485219
10871,1,0.3578697144985199
10872,1,0.6769851446151733
10873,0,0.09949103494485219
10874,0,0.06798926492532094
10875,0,0.4470456739266713
10876,1,0.18164527416229248
10877,0,0.18658835689226785
10878,1,0.16949723164240518
10879,0,0.1487011561791102
10880,0,0.2603470633427302
10881,0,0.1750787595907847
10882,0,0.12767486770947775
10883,1,0.5423746705055237
10884,0,0.09949103494485219
10885,0,0.06974428271253903
10886,0,0.15717355410257974
10887,1,0.518591066201528
10888,0,0.1298374185959498
10889,0,0.06798926492532094
10890,0,0.0759682518740495
10891,0,0.12062450746695201
10892,0,0.3909330566724141
10893,0,0.11215529839197795
10894,0,0.4487491548061371
10895,1,0.48190967241923016
10896,1,0.5367150902748108
10897,1,0.7641592224438986
10898,1,0.5367150902748108
10899,1,0.09949103494485219
10900,0,0.15347019334634146
10901,0,0.5148873527844747
10902,0,0.1163569837808609
10903,0,0.4145099918047587
10904,1,0.783443808555603
10905,0,0.1770316114028295
10906,0,0.11215529839197795
10907,1,0.3909330566724141
10908,0,0.09949103494485219
10909,0,0.1844381590684255
10910,0,0.5952912370363871
10911,1,0.6292468110720316
10912,0,0.6623546878496805
10913,1,0.6849722663561503
10914,0,0.24009289840857187
10915,0,0.30120808879534405
10916,0,0.18658835689226785
10917,0,0.2603470633427302
10918,1,0.12346120675404866
10919,0,0.2952769100666046
10920,1,0.1487011561791102
10921,0,0.09949103494485219
10922,0,0.09949103494485219
10923,0,0.37042423089345294
10924,0,0.23960714042186737
10925,0,0.22023382286230722
10926,0,0.15229111909866333
10927,0,0.0759682518740495
10928,0,0.28418009479840595
10929,0,0.8184640606244405
10930,1,0.6922701001167297
10931,0,0.22023382286230722
10932,0,0.48190967241923016
10933,0,0.06798926492532094
10934,1,0.22023382286230722
10935,0,0.13134859005610147
10936,1,0.22023382286230722
10937,0,0.17292856176694235
10938,0,0.12767486770947775
10939,0,0.2862492501735687
10940,1,0.4145099918047587
10941,0,0.09426016733050346
10942,1,0.15717355410257974
10943,1,0.22023382286230722
10944,0,0.1683813234170278
10945,0,0.5952912370363871
10946,1,0.6769851446151733
10947,0,0.5792729655901591
10948,1,0.7508884072303772
10949,0,0.1163569837808609
10950,0,0.1556556224822998
10951,0,0.17292856176694235
10952,0,0.10799519220987956
10953,1,0.7641592224438986
10954,0,0.09041840707262357
10955,0,0.06974428271253903
10956,0,0.22023382286230722
10957,0,0.0759682518740495
10958,0,0.31230490406354267
10959,0,0.4145099918047587
10960,1,0.3076062500476837
10961,1,0.12447746594746907
10962,1,0.7641592224438986
10963,0,0.28418009479840595
10964,0,0.4788922170797984
10965,0,0.13048219680786133
10966,0,0.28418009479840595
10967,0,0.1487011561791102
10968,0,0.1284903089205424
10969,0,0.27429425716400146
10970,0,0.2603470633427302
10971,0,0.5423746705055237
10972,0,0.11215529839197795
10973,0,0.22023382286230722
10974,1,0.6922701001167297
10975,0,0.09426016733050346
10976,0,0.37241453925768536
10977,0,0.6849722663561503
10978,1,0.31230490406354267
10979,0,0.22023382286230722
10980,1,0.12128126124540965
10981,0,0.17905397713184357
10982,0,0.06967103853821754
10983,0,0.06798926492532094
10984,0,0.22023382286230722
10985,0,0.4470456739266713
10986,1,0.2950291335582733
10987,0,0.12767486770947775
10988,0,0.2722251017888387
10989,0,0.12228554487228394
10990,0,0.09949103494485219
10991,0,0.1606395790974299
10992,1,0.12779168287913004
10993,0,0.1270181139310201
10994,0,0.24009289840857187
10995,0,0.1606395790974299
10996,0,0.06798926492532094
10997,1,0.37042423089345294
10998,1,0.13267411788304648
10999,0,0.5423746705055237
11000,0,0.09949103494485219
11001,0,0.37042423089345294
11002,0,0.10443828503290813
11003,0,0.12495498359203339
11004,0,0.27144387861092883
11005,1,0.22023382286230722
11006,1,0.3909330566724141
11007,0,0.11215529839197795
11008,0,0.26241621871789295
11009,0,0.09949103494485219
11010,0,0.15229111909866333
11011,0,0.0759682518740495
11012,1,0.3466786742210388
11013,0,0.06798926492532094
11014,0,0.2722251017888387
11015,1,0.8184640606244405
11016,0,0.09949103494485219
11017,0,0.24048798779646555
11018,0,0.06798926492532094
11019,1,0.3045484224955241
11020,0,0.09949103494485219
11021,0,0.2895208199818929
11022,1,0.5952912370363871
11023,1,0.6922701001167297
11024,1,0.3909330566724141
11025,1,0.3909330566724141
11026,1,0.5423746705055237
11027,1,0.11215529839197795
11028,0,0.2952769100666046
11029,0,0.07142605632543564
11030,0,0.09426016733050346
11031,0,0.15229111909866333
11032,0,0.06798926492532094
11033,1,0.5792729655901591
11034,0,0.1487011561791102
11035,0,0.06967103853821754
11036,0,0.06798926492532094
11037,0,0.4470456739266713
11038,0,0.13267411788304648
11039,0,0.3680640757083893
11040,0,0.10443828503290813
11041,0,0.3578697144985199
11042,1,0.10443828503290813
11043,0,0.30937989552815753
11044,0,0.0759682518740495
11045,0,0.12346120675404866
11046,0,0.3909330566724141
11047,0,0.22023382286230722
11048,0,0.15229111909866333
11049,1,0.19190336763858795
11050,1,0.12062450746695201
11051,0,0.15229111909866333
11052,0,0.10443828503290813
11053,0,0.09949103494485219
11054,0,0.17214917639891306
11055,0,0.2603470633427302
11056,0,0.09949103494485219
11057,0,0.0797332338988781
11058,0,0.22023382286230722
11059,1,0.6668280760447184
11060,0,0.1750787595907847
11061,1,0.4788922170797984
11062,0,0.09949103494485219
11063,0,0.2603470633427302
11064,0,0.16412802040576935
11065,0,0.09949103494485219
11066,0,0.1270181139310201
11067,0,0.24009289840857187
11068,0,0.1334057996670405
11069,0,0.19315487146377563
11070,0,0.09949103494485219
11071,0,0.09949103494485219
11072,0,0.5627741813659668
11073,1,0.8184640606244405
11074,0,0.4500631292661031
11075,0,0.1844381590684255
11076,0,0.48190967241923016
11077,0,0.09949103494485219
11078,1,0.783443808555603
11079,0,0.14737562835216522
11080,0,0.1284903089205424
11081,0,0.48190967241923016
11082,0,0.5792729655901591
11083,1,0.5186862150828043
11084,1,0.22023382286230722
11085,0,0.09949103494485219
11086,0,0.2603470633427302
11087,0,0.2722251017888387
11088,0,0.31230490406354267
11089,0,0.09949103494485219
11090,0,0.5367150902748108
11091,0,0.12062450746695201
11092,1,0.7641592224438986
11093,0,0.2603470633427302
11094,1,0.4267452855904897
11095,0,0.1270181139310201
11096,0,0.28418009479840595
11097,0,0.33550431330998737
11098,0,0.31230490406354267
11099,1,0.6922701001167297
11100,0,0.2603470633427302
11101,1,0.28418009479840595
11102,1,0.6922701001167297
11103,0,0.12767486770947775
11104,1,0.182610884308815
11105,0,0.5952912370363871
11106,0,0.06798926492532094
11107,0,0.1487011561791102
11108,1,0.6922701001167297
11109,0,0.4667024413744609
11110,1,0.7641592224438986
11111,0,0.12346120675404866
11112,1,0.4145099918047587
11113,1,0.12062450746695201
11114,0,0.14737562835216522
11115,0,0.22023382286230722
11116,0,0.1270181139310201
11117,1,0.6922701001167297
11118,0,0.12346120675404866
11119,0,0.09949103494485219
11120,0,0.4788922170797984
11121,0,0.39732542634010315
11122,0,0.3817829489707947
11123,1,0.7508884072303772
11124,1,0.5952912370363871
11125,0,0.09949103494485219
11126,0,0.09949103494485219
11127,0,0.0759682518740495
11128,0,0.30120808879534405
11129,0,0.09949103494485219
11130,0,0.1270181139310201
11131,0,0.1606395790974299
11132,0,0.28332191705703735
11133,0,0.29057825605074566
11134,1,0.6292468110720316
11135,0,0.5952912370363871
11136,1,0.22023382286230722
11137,0,0.3524877727031708
11138,0,0.3680640757083893
11139,1,0.4667024413744609
11140,1,0.5005621910095215
11141,0,0.3909330566724141
11142,0,0.4145099918047587
11143,0,0.1561077038447062
11144,0,0.1270181139310201
11145,0,0.15717355410257974
11146,0,0.09949103494485219
11147,1,0.49421635270118713
11148,0,0.35522568225860596
11149,0,0.07142605632543564
11150,0,0.09949103494485219
11151,1,0.5952912370363871
11152,0,0.12062450746695201
11153,0,0.1334057996670405
11154,0,0.11215529839197795
11155,0,0.06798926492532094
11156,0,0.09949103494485219
11157,0,0.16181480884552002
11158,0,0.06798926492532094
11159,1,0.3204767107963562
11160,0,0.0759682518740495
11161,0,0.3204767107963562
11162,1,0.8505050539970398
11163,1,0.6849722663561503
11164,1,0.13134859005610147
11165,0,0.4145099918047587
11166,0,0.16458010176817575
11167,1,0.1241179605325063
11168,0,0.783443808555603
11169,1,0.5423746705055237
11170,0,0.09041840707262357
11171,0,0.4145099918047587
11172,0,0.1334057996670405
11173,0,0.28418009479840595
11174,0,0.22023382286230722
11175,0,0.558873454729716
11176,1,0.3909330566724141
11177,1,0.12126928567886353
11178,0,0.13134859005610147
11179,1,0.22023382286230722
11180,0,0.22023382286230722
11181,0,0.09949103494485219
11182,1,0.22023382286230722
11183,0,0.09949103494485219
11184,1,0.3204767107963562
11185,1,0.7469152609507242
11186,0,0.12495498359203339
11187,0,0.06798926492532094
11188,0,0.0759682518740495
11189,0,0.6849722663561503
11190,1,0.2157363990942637
11191,1,0.5952912370363871
11192,0,0.22023382286230722
11193,0,0.09426016733050346
11194,0,0.1606395790974299
11195,1,0.4788922170797984
11196,0,0.12346120675404866
11197,1,0.5423746705055237
11198,1,0.4902793765068054
11199,1,0.1298374185959498
11200,0,0.37042423089345294
11201,0,0.4470456739266713
11202,0,0.0759682518740495
11203,0,0.5148873527844747
11204,0,0.37042423089345294
11205,0,0.7641592224438986
11206,0,0.07428647826115291
11207,0,0.09949103494485219
11208,0,0.12493340174357097
11209,1,0.2952769100666046
11210,0,0.09949103494485219
11211,0,0.09949103494485219
11212,1,0.37042423089345294
11213,0,0.3909330566724141
11214,1,0.28418009479840595
11215,1,0.8184640606244405
11216,1,0.14737562835216522
11217,0,0.3909330566724141
11218,0,0.22023382286230722
11219,0,0.24009289840857187
11220,0,0.362220178047816
11221,0,0.06798926492532094
11222,0,0.11215529839197795
11223,0,0.15229111909866333
11224,0,0.16673029959201813
11225,1,0.7641592224438986
11226,1,0.7469152609507242
11227,0,0.13267411788304648
11228,0,0.18658835689226785
11229,1,0.6410865187644958
11230,0,0.23960714042186737
11231,0,0.22023382286230722
11232,1,0.36954765518506366
11233,0,0.28418009479840595
11234,1,0.09949103494485219
11235,0,0.31230490406354267
11236,1,0.6922701001167297
11237,0,0.3204767107963562
11238,0,0.32440749804178876
11239,0,0.5952912370363871
11240,0,0.299166480700175
11241,0,0.12779168287913004
11242,1,0.7469152609507242
11243,0,0.09426016733050346
11244,0,0.3578697144985199
11245,1,0.12559976180394491
11246,0,0.09949103494485219
11247,1,0.28418009479840595
11248,0,0.13626408080259958
11249,0,0.3204767107963562
11250,1,0.6292468110720316
11251,0,0.09949103494485219
11252,1,0.2696627626816432
11253,1,0.38073869546254474
11254,0,0.4470456739266713
11255,0,0.09949103494485219
11256,0,0.06798926492532094
11257,0,0.09949103494485219
11258,0,0.22023382286230722
11259,1,0.11215529839197795
11260,0,0.09949103494485219
11261,1,0.6922701001167297
11262,1,0.3909330566724141
11263,0,0.06974428271253903
11264,0,0.33012237151463825
11265,0,0.06974428271253903
11266,0,0.12767486770947775
11267,0,0.1770316114028295
11268,1,0.3909330566724141
11269,1,0.37362096707026166
11270,0,0.09949103494485219
11271,0,0.22023382286230722
11272,0,0.5792729655901591
11273,0,0.09949103494485219
11274,0,0.06798926492532094
11275,0,0.12346120675404866
11276,0,0.3909330566724141
11277,0,0.15229111909866333
11278,0,0.09949103494485219
11279,0,0.22023382286230722
11280,0,0.17247648040453592
11281,1,0.7508884072303772
11282,0,0.09949103494485219
11283,0,0.3909330566724141
11284,0,0.3909330566724141
11285,0,0.09949103494485219
11286,0,0.28418009479840595
11287,1,0.8997557957967123
11288,0,0.22023382286230722
11289,1,0.39732542634010315
11290,1,0.6922701001167297
11291,1,0.5542207260926565
11292,0,0.35837329427401227
11293,0,0.22023382286230722
11294,0,0.09949103494485219
11295,1,0.3204767107963562
11296,0,0.09949103494485219
11297,0,0.6623546878496805
11298,0,0.09949103494485219
11299,0,0.5952912370363871
11300,0,0.12767486770947775
11301,0,0.2952769100666046
11302,0,0.22023382286230722
11303,0,0.1858427474896113
11304,0,0.4145099918047587
11305,0,0.3578697144985199
11306,1,0.5382024546464285
11307,1,0.37042423089345294
11308,0,0.3909330566724141
11309,0,0.13259035845597586
11310,0,0.09949103494485219
11311,0,0.31230490406354267
11312,0,0.15717355410257974
11313,1,0.3524877727031708
11314,0,0.06798926492532094
11315,0,0.2603470633427302
11316,0,0.22023382286230722
11317,0,0.2952769100666046
11318,0,0.1270181139310201
11319,0,0.12767486770947775
11320,0,0.09949103494485219
11321,1,0.4145099918047587
11322,0,0.4398593604564667
11323,1,0.44333157936731976
11324,1,0.38073869546254474
11325,0,0.06798926492532094
11326,1,0.6449512441953024
11327,0,0.2952769100666046
11328,0,0.2722251017888387
11329,1,0.1683813234170278
11330,0,0.09426016733050346
11331,1,0.783443808555603
11332,1,0.2722251017888387
11333,0,0.12767486770947775
11334,0,0.3909330566724141
11335,0,0.12767486770947775
11336,0,0.22023382286230722
11337,0,0.22023382286230722
11338,0,0.4267452855904897
11339,0,0.27144387861092883
11340,0,0.06798926492532094
11341,1,0.5423746705055237
11342,1,0.783443808555603
11343,0,0.09949103494485219
11344,0,0.10443828503290813
11345,1,0.3204767107963562
11346,0,0.37042423089345294
11347,0,0.3204767107963562
11348,1,0.5952912370363871
11349,0,0.6292468110720316
11350,0,0.09949103494485219
11351,0,0.1270181139310201
11352,0,0.48190967241923016
11353,1,0.23599056402842203
11354,0,0.2722251017888387
11355,0,0.20600426197052002
11356,0,0.23960714042186737
11357,0,0.37241453925768536
11358,0,0.06798926492532094
11359,1,0.3204767107963562
11360,0,0.09949103494485219
11361,1,0.16458010176817575
11362,0,0.18164527416229248
11363,0,0.5792729655901591
11364,0,0.5792729655901591
11365,1,0.2157363990942637
11366,1,0.28418009479840595
11367,1,0.3204767107963562
11368,1,0.1844381590684255
11369,0,0.09949103494485219
11370,0,0.09949103494485219
11371,0,0.6292468110720316
11372,0,0.15966461102167764
11373,1,0.5792729655901591
11374,1,0.12128126124540965
11375,0,0.3903299570083618
11376,1,0.7641592224438986
11377,1,0.22023382286230722
11378,0,0.1270181139310201
11379,0,0.16482441624005637
11380,0,0.09949103494485219
11381,0,0.22023382286230722
11382,1,0.22023382286230722
11383,0,0.09949103494485219
11384,0,0.22023382286230722
11385,1,0.28418009479840595
11386,1,0.6849722663561503
11387,0,0.28418009479840595
11388,1,0.7641592224438986
11389,1,0.14737562835216522
11390,0,0.33012237151463825
11391,0,0.33012237151463825
11392,0,0.0759682518740495
11393,0,0.09949103494485219
11394,1,0.6449512441953024
11395,0,0.2603470633427302
11396,0,0.3909330566724141
11397,0,0.1270181139310201
11398,0,0.3204767107963562
11399,1,0.6769851446151733
11400,0,0.0759682518740495
11401,0,0.09949103494485219
11402,0,0.2603470633427302
11403,1,0.08496410151322682
11404,0,0.06798926492532094
11405,0,0.09949103494485219
11406,1,0.37042423089345294
11407,0,0.3909330566724141
11408,1,0.3204767107963562
11409,0,0.13134859005610147
11410,1,0.15347019334634146
11411,0,0.6292468110720316
11412,1,0.42829567193984985
11413,0,0.783443808555603
11414,0,0.0759682518740495
11415,0,0.15229111909866333
11416,0,0.1750787595907847
11417,0,0.0759682518740495
11418,1,0.09949103494485219
11419,0,0.33012237151463825
11420,0,0.3204767107963562
11421,0,0.1284903089205424
11422,0,0.37042423089345294
11423,0,0.13267411788304648
11424,0,0.06798926492532094
11425,1,0.15717355410257974
11426,0,0.09949103494485219
11427,0,0.7641592224438986
11428,0,0.14737562835216522
11429,1,0.574891726175944
11430,0,0.3204767107963562
11431,0,0.07142605632543564
11432,1,0.6849722663561503
11433,1,0.6922701001167297
11434,1,0.4788922170797984
11435,1,0.3909330566724141
11436,0,0.09949103494485219
11437,0,0.10443828503290813
11438,0,0.09949103494485219
11439,0,0.09949103494485219
11440,0,0.1954602748155594
11441,1,0.2708360254764557
11442,0,0.3466786742210388
11443,0,0.1270181139310201
11444,1,0.5952912370363871
11445,0,0.15229111909866333
11446,1,0.15225806335608164
11447,1,0.6292468110720316
11448,1,0.32440749804178876
11449,1,0.2862492501735687
11450,1,0.6922701001167297
11451,0,0.09949103494485219
11452,0,0.22023382286230722
11453,0,0.22023382286230722
11454,0,0.06798926492532094
11455,0,0.15229111909866333
11456,0,0.33012237151463825
11457,1,0.5952912370363871
11458,0,0.22023382286230722
11459,0,0.23960714042186737
11460,0,0.3578697144985199
11461,0,0.22023382286230722
11462,1,0.5423746705055237
11463,1,0.3204767107963562
11464,0,0.09949103494485219
11465,0,0.13193360467751822
11466,0,0.0759682518740495
11467,0,0.3909330566724141
11468,0,0.3204767107963562
11469,0,0.5367150902748108
11470,0,0.09949103494485219
11471,1,0.6292468110720316
11472,0,0.28418009479840595
11473,0,0.2603470633427302
11474,0,0.3909330566724141
11475,0,0.3466786742210388
11476,0,0.3909330566724141
11477,0,0.3204767107963562
11478,1,0.5952912370363871
11479,0,0.2722251017888387
11480,0,0.1270181139310201
11481,1,0.5423746705055237
11482,0,0.30120808879534405
11483,0,0.1334057996670405
11484,0,0.4470456739266713
11485,0,0.12767486770947775
11486,1,0.28418009479840595
11487,0,0.11571220556894939
11488,1,0.24048798779646555
11489,0,0.3909330566724141
11490,1,0.17292856176694235
11491,0,0.5148873527844747
11492,0,0.09949103494485219
11493,0,0.11280007660388947
11494,0,0.1844381590684255
11495,1,0.09949103494485219
11496,1,0.31230490406354267
11497,0,0.09949103494485219
11498,0,0.09949103494485219
11499,0,0.5423746705055237
11500,1,0.22023382286230722
11501,0,0.6138366460800171
11502,1,0.28418009479840595
11503,0,0.0759682518740495
11504,1,0.31173757712046307
11505,0,0.12128126124540965
11506,1,0.7508884072303772
11507,0,0.1844381590684255
11508,0,0.09949103494485219
11509,0,0.3909330566724141
11510,0,0.09949103494485219
11511,0,0.2603470633427302
11512,0,0.15347019334634146
11513,0,0.4780196249485016
11514,1,0.7508884072303772
11515,1,0.28418009479840595
11516,0,0.22023382286230722
11517,1,0.6292468110720316
11518,1,0.39732542634010315
11519,0,0.13626408080259958
11520,0,0.2952769100666046
11521,0,0.10443828503290813
11522,0,0.32440749804178876
11523,1,0.3466786742210388
11524,0,0.09949103494485219
11525,0,0.09426016733050346
11526,0,0.06798926492532094
11527,0,0.15229111909866333
11528,1,0.6292468110720316
11529,1,0.5792729655901591
11530,0,0.6623546878496805
11531,0,0.8184640606244405
11532,1,0.5367150902748108
11533,1,0.5148873527844747
11534,0,0.10443828503290813
11535,0,0.12779168287913004
11536,0,0.0759682518740495
11537,0,0.1270181139310201
11538,0,0.28418009479840595
11539,0,0.15229111909866333
11540,1,0.5952912370363871
11541,0,0.12062450746695201
11542,1,0.5952912370363871
11543,0,0.6623546878496805
11544,1,0.6292468110720316
11545,0,0.5186862150828043
11546,0,0.0759682518740495
11547,0,0.12126928567886353
11548,0,0.24009289840857187
11549,0,0.09949103494485219
11550,0,0.10545454422632854
11551,0,0.3909330566724141
11552,1,0.4485076665878296
11553,1,0.7508884072303772
11554,1,0.7508884072303772
11555,0,0.09949103494485219
11556,1,0.574891726175944
11557,0,0.09426016733050346
11558,0,0.09949103494485219
11559,0,0.09949103494485219
11560,0,0.6449512441953024
11561,0,0.09949103494485219
11562,1,0.4485076665878296
11563,0,0.2603470633427302
11564,0,0.6849722663561503
11565,1,0.7508884072303772
11566,0,0.4470456739266713
11567,0,0.12128126124540965
11568,0,0.5423746705055237
11569,0,0.06798926492532094
11570,0,0.12767486770947775
11571,1,0.8962544004122416
11572,1,0.3530364731947581
11573,1,0.6849722663561503
11574,1,0.31230490406354267
11575,0,0.06798926492532094
11576,0,0.4470456739266713
11577,1,0.37042423089345294
11578,0,0.6138366460800171
11579,0,0.16412802040576935
11580,0,0.09949103494485219
11581,1,0.16458010176817575
11582,0,0.2603470633427302
11583,0,0.1270181139310201
11584,0,0.13267411788304648
11585,1,0.5952912370363871
11586,0,0.4788922170797984
11587,0,0.09949103494485219
11588,1,0.6292468110720316
11589,1,0.6849722663561503
11590,0,0.14737562835216522
11591,0,0.09949103494485219
11592,0,0.27930842339992523
11593,1,0.3909330566724141
11594,0,0.09426016733050346
11595,0,0.16412802040576935
11596,1,0.28418009479840595
11597,1,0.6922701001167297
11598,1,0.1770316114028295
11599,1,0.783443808555603
11600,1,0.5792729655901591
11601,0,0.28418009479840595
11602,0,0.11571220556894939
11603,0,0.13193360467751822
11604,0,0.09949103494485219
11605,0,0.5367150902748108
11606,1,0.3204767107963562
11607,1,0.33550431330998737
11608,0,0.09949103494485219
11609,0,0.06798926492532094
11610,0,0.09949103494485219
11611,0,0.574891726175944
11612,0,0.24009289840857187
11613,0,0.31230490406354267
11614,0,0.09949103494485219
11615,1,0.7641592224438986
11616,0,0.28418009479840595
11617,1,0.4500631292661031
11618,0,0.09949103494485219
11619,1,0.14737562835216522
11620,0,0.18658835689226785
11621,0,0.06798926492532094
11622,0,0.0759682518740495
11623,1,0.783443808555603
11624,1,0.8184640606244405
11625,0,0.7641592224438986
11626,1,0.4788922170797984
11627,0,0.09426016733050346
11628,0,0.09949103494485219
11629,0,0.06974428271253903
11630,1,0.8017973899841309
11631,0,0.12062450746695201
11632,0,0.12482619285583496
11633,0,0.06798926492532094
11634,1,0.3204767107963562
11635,1,0.37042423089345294
11636,0,0.2157363990942637
11637,0,0.30120808879534405
11638,0,0.09949103494485219
11639,0,0.17214917639891306
11640,0,0.16412802040576935
11641,0,0.1270181139310201
11642,1,0.2325079689423243
11643,0,0.4145099918047587
11644,0,0.10443828503290813
11645,0,0.0797332338988781
11646,0,0.09949103494485219
11647,0,0.10443828503290813
11648,1,0.7641592224438986
11649,0,0.33012237151463825
11650,1,0.1241179605325063
11651,1,0.3267676532268524
11652,1,0.24009289840857187
11653,1,0.659581700960795
11654,1,0.15229111909866333
11655,0,0.3680640757083893
11656,0,0.2952769100666046
11657,0,0.09949103494485219
11658,0,0.09949103494485219
11659,0,0.09949103494485219
11660,1,0.3204767107963562
11661,0,0.1270181139310201
11662,1,0.5952912370363871
11663,0,0.09949103494485219
11664,0,0.09949103494485219
11665,0,0.16949723164240518
11666,1,0.33012237151463825
11667,0,0.06798926492532094
11668,0,0.15717355410257974
11669,1,0.1220967024564743
11670,0,0.4145099918047587
11671,1,0.5423746705055237
11672,0,0.3909330566724141
11673,0,0.13267411788304648
11674,0,0.3909330566724141
11675,0,0.11215529839197795
11676,1,0.8184640606244405
11677,0,0.1606395790974299
11678,0,0.09949103494485219
11679,0,0.06798926492532094
11680,0,0.20600426197052002
11681,0,0.19190336763858795
11682,0,0.22023382286230722
11683,0,0.06974428271253903
11684,0,0.4145099918047587
11685,0,0.33012237151463825
11686,1,0.22023382286230722
11687,0,0.1284903089205424
11688,0,0.06967103853821754
11689,1,0.09949103494485219
11690,0,0.37042423089345294
11691,0,0.0759682518740495
11692,0,0.5423746705055237
11693,0,0.16552201410134634
11694,0,0.22023382286230722
11695,0,0.6849722663561503
11696,0,0.22023382286230722
11697,0,0.2275924781958262
11698,1,0.6449512441953024
11699,0,0.09426016733050346
11700,0,0.09949103494485219
11701,0,0.28418009479840595
11702,0,0.3680640757083893
11703,0,0.12767486770947775
11704,0,0.37241453925768536
11705,0,0.34284211198488873
11706,0,0.22023382286230722
11707,0,0.6842315196990967
11708,0,0.09949103494485219
11709,0,0.0759682518740495
11710,1,0.37042423089345294
11711,0,0.3204767107963562
11712,1,0.6842315196990967
11713,0,0.15717355410257974
11714,1,0.3909330566724141
11715,0,0.1334057996670405
11716,0,0.20378140608469644
11717,0,0.16412802040576935
11718,0,0.22023382286230722
11719,0,0.22023382286230722
11720,0,0.5512032707532247
11721,1,0.09949103494485219
11722,0,0.15229111909866333
11723,0,0.09949103494485219
11724,0,0.1220967024564743
11725,0,0.09949103494485219
11726,0,0.3680640757083893
11727,1,0.12767486770947775
11728,0,0.12779168287913004
11729,0,0.5148873527844747
11730,0,0.28418009479840595
11731,1,0.5792729655901591
11732,1,0.7641592224438986
11733,0,0.12126928567886353
11734,0,0.4470456739266713
11735,0,0.11215529839197795
11736,0,0.09949103494485219
11737,1,0.3909330566724141
11738,1,0.22023382286230722
11739,1,0.5423746705055237
11740,0,0.3909330566724141
11741,0,0.5423746705055237
11742,0,0.12128126124540965
11743,0,0.37042423089345294
11744,1,0.19315487146377563
11745,0,0.2399184157450994
11746,0,0.09949103494485219
11747,1,0.12482619285583496
11748,0,0.2603470633427302
11749,0,0.27429425716400146
11750,1,0.574891726175944
11751,1,0.37241453925768536
11752,0,0.1270181139310201
11753,0,0.33550431330998737
11754,0,0.4145099918047587
11755,1,0.3909330566724141
11756,0,0.15229111909866333
11757,1,0.37241453925768536
11758,0,0.1270181139310201
11759,0,0.31230490406354267
11760,0,0.1270181139310201
11761,0,0.1270181139310201
11762,0,0.22023382286230722
11763,0,0.4470456739266713
11764,1,0.5792729655901591
11765,0,0.12779168287913004
11766,0,0.09949103494485219
11767,0,0.5952912370363871
11768,0,0.33012237151463825
11769,1,0.6292468110720316
11770,0,0.09949103494485219
11771,0,0.06798926492532094
11772,0,0.4470456739266713
11773,0,0.0759682518740495
11774,1,0.25144705176353455
11775,1,0.28418009479840595
11776,0,0.16458010176817575
11777,1,0.22023382286230722
11778,1,0.28418009479840595
11779,0,0.10443828503290813
11780,1,0.7469152609507242
11781,0,0.1298374185959498
11782,0,0.31230490406354267
11783,0,0.22023382286230722
11784,1,0.6623546878496805
11785,0,0.6922701001167297
11786,0,0.10443828503290813
11787,1,0.3909330566724141
11788,0,0.09949103494485219
11789,1,0.31230490406354267
11790,1,0.22023382286230722
11791,1,0.09949103494485219
11792,1,0.3578697144985199
11793,0,0.15966461102167764
11794,0,0.15229111909866333
11795,0,0.1270181139310201
11796,0,0.3909330566724141
11797,0,0.6449512441953024
11798,0,0.18658835689226785
11799,0,0.18658835689226785
11800,0,0.22023382286230722
11801,0,0.18658835689226785
11802,0,0.1606395790974299
11803,1,0.5952912370363871
11804,0,0.13259035845597586
11805,1,0.518591066201528
11806,0,0.3909330566724141
11807,1,0.5423746705055237
11808,0,0.09949103494485219
11809,1,0.4788922170797984
11810,1,0.4788922170797984
11811,0,0.5148873527844747
11812,0,0.4470456739266713
11813,0,0.1844381590684255
11814,0,0.1270181139310201
11815,0,0.1163569837808609
11816,0,0.36022986968358356
11817,1,0.7469152609507242
11818,1,0.33012237151463825
11819,0,0.2722251017888387
11820,0,0.22023382286230722
11821,0,0.4788922170797984
11822,1,0.5952912370363871
11823,0,0.0759682518740495
11824,0,0.1270181139310201
11825,0,0.7641592224438986
11826,0,0.2708360254764557
11827,1,0.7508884072303772
11828,0,0.33012237151463825
11829,0,0.3204767107963562
11830,1,0.6922701001167297
11831,0,0.24009289840857187
11832,0,0.16412802040576935
11833,0,0.4788922170797984
11834,0,0.09949103494485219
11835,0,0.3412967324256897
11836,0,0.19190336763858795
11837,0,0.4470456739266713
11838,0,0.12767486770947775
11839,1,0.5952912370363871
11840,0,0.23960714042186737
11841,0,0.4145099918047587
11842,0,0.5423746705055237
11843,1,0.6292468110720316
11844,0,0.09949103494485219
11845,0,0.12779168287913004
11846,0,0.1298374185959498
11847,1,0.6842315196990967
11848,1,0.7641592224438986
11849,0,0.09949103494485219
11850,1,0.6292468110720316
11851,1,0.6842315196990967
11852,0,0.18658835689226785
11853,0,0.22023382286230722
11854,0,0.22023382286230722
11855,0,0.13134859005610147
11856,0,0.09949103494485219
11857,0,0.0759682518740495
11858,0,0.31230490406354267
11859,0,0.22023382286230722
11860,0,0.09949103494485219
11861,1,0.22023382286230722
11862,0,0.5792729655901591
11863,0,0.5148873527844747
11864,0,0.09949103494485219
11865,0,0.22023382286230722
11866,1,0.19587483505407968
11867,0,0.16412802040576935
11868,0,0.10443828503290813
11869,0,0.6292468110720316
11870,0,0.1954602748155594
11871,1,0.3204767107963562
11872,0,0.31230490406354267
11873,1,0.6922701001167297
11874,1,0.6922701001167297
11875,1,0.5952912370363871
11876,0,0.09949103494485219
11877,0,0.37042423089345294
11878,0,0.5148873527844747
11879,0,0.12779168287913004
11880,0,0.5025806725025177
11881,0,0.1298374185959498
11882,0,0.24009289840857187
11883,0,0.09426016733050346
11884,0,0.5148873527844747
11885,0,0.4565080801645915
11886,0,0.3680640757083893
11887,0,0.4788922170797984
11888,1,0.8505050539970398
11889,0,0.5351849993069967
11890,0,0.09949103494485219
11891,0,0.31230490406354267
11892,0,0.22023382286230722
11893,0,0.3045484224955241
11894,0,0.06798926492532094
11895,0,0.0759682518740495
11896,0,0.23960714042186737
11897,0,0.09949103494485219
11898,0,0.20600426197052002
11899,0,0.20738443235556284
11900,0,0.10443828503290813
11901,0,0.37042423089345294
11902,0,0.15229111909866333
11903,0,0.5792729655901591
11904,0,0.13924063245455423
11905,0,0.4470456739266713
11906,0,0.09949103494485219
11907,0,0.4470456739266713
11908,1,0.5423746705055237
11909,1,0.3204767107963562
11910,0,0.22023382286230722
11911,0,0.06798926492532094
11912,0,0.7508884072303772
11913,0,0.24416237076123556
11914,1,0.6842315196990967
11915,1,0.22023382286230722
11916,0,0.6922701001167297
11917,0,0.4788922170797984
11918,1,0.6922701001167297
11919,1,0.22023382286230722
11920,1,0.4780196249485016
11921,1,0.1769037793080012
11922,0,0.09949103494485219
11923,0,0.31230490406354267
11924,0,0.4267452855904897
11925,0,0.22023382286230722
11926,0,0.1270181139310201
11927,1,0.4145099918047587
11928,1,0.36022986968358356
11929,1,0.0759682518740495
11930,1,0.4470456739266713
11931,0,0.0759682518740495
11932,0,0.13134859005610147
11933,0,0.22023382286230722
11934,0,0.4485076665878296
11935,0,0.33012237151463825
11936,0,0.09949103494485219
11937,1,0.12062450746695201
11938,1,0.33012237151463825
11939,1,0.24048798779646555
11940,0,0.0759682518740495
11941,1,0.2603470633427302
11942,0,0.3204767107963562
11943,0,0.18658835689226785
11944,1,0.37042423089345294
11945,0,0.5792729655901591
11946,0,0.15347019334634146
11947,1,0.6449512441953024
11948,0,0.18398607770601907
11949,1,0.48190967241923016
11950,0,0.12767486770947775
11951,0,0.24009289840857187
11952,0,0.16458010176817575
11953,0,0.06798926492532094
11954,0,0.09949103494485219
11955,0,0.31230490406354267
11956,0,0.3578697144985199
11957,1,0.783443808555603
11958,1,0.7641592224438986
11959,1,0.3578697144985199
11960,1,0.8184640606244405
11961,0,0.6922701001167297
11962,1,0.35837329427401227
11963,0,0.12126928567886353
11964,0,0.06798926492532094
11965,0,0.09949103494485219
11966,0,0.15717355410257974
11967,0,0.09949103494485219
11968,0,0.2708360254764557
11969,0,0.22023382286230722
11970,0,0.12767486770947775
11971,0,0.6849722663561503
11972,1,0.5952912370363871
11973,0,0.06798926492532094
11974,0,0.3204767107963562
11975,1,0.3909330566724141
11976,1,0.6292468110720316
11977,0,0.31230490406354267
11978,1,0.8997557957967123
11979,1,0.3909330566724141
11980,1,0.4145099918047587
11981,0,0.11215529839197795
11982,1,0.783443808555603
11983,0,0.09949103494485219
11984,0,0.22023382286230722
11985,0,0.19315487146377563
11986,1,0.6922701001167297
11987,1,0.5952912370363871
11988,1,0.6849722663561503
11989,1,0.6190909544626871
11990,0,0.06798926492532094
11991,0,0.12062450746695201
11992,0,0.2722251017888387
11993,0,0.06967103853821754
11994,1,0.3204767107963562
11995,0,0.31230490406354267
11996,0,0.22023382286230722
11997,0,0.4788922170797984
11998,1,0.31230490406354267
11999,1,0.35837329427401227
12000,0,0.09949103494485219
12001,0,0.06798926492532094
12002,0,0.10443828503290813
12003,0,0.0759682518740495
12004,1,0.7641592224438986
12005,1,0.28418009479840595
12006,0,0.08496410151322682
12007,0,0.09949103494485219
12008,1,0.6292468110720316
12009,1,0.8184640606244405
12010,1,0.33550431330998737
12011,0,0.09949103494485219
12012,0,0.24048798779646555
12013,0,0.0759682518740495
12014,0,0.09949103494485219
12015,0,0.4788922170797984
12016,0,0.4145099918047587
12017,0,0.14737562835216522
12018,0,0.4519798854986827
12019,0,0.24009289840857187
12020,0,0.5148873527844747
12021,0,0.22023382286230722
12022,0,0.28418009479840595
12023,1,0.19190336763858795
12024,0,0.09949103494485219
12025,1,0.6623546878496805
12026,1,0.13134859005610147
12027,0,0.6623546878496805
12028,1,0.2722251017888387
12029,0,0.1270181139310201
12030,1,0.6922701001167297
12031,0,0.2603470633427302
12032,1,0.33012237151463825
12033,1,0.6922701001167297
12034,0,0.33012237151463825
12035,0,0.22023382286230722
12036,1,0.12062450746695201
12037,0,0.0759682518740495
12038,1,0.1487011561791102
12039,1,0.14737562835216522
12040,1,0.16412802040576935
12041,0,0.3909330566724141
12042,0,0.6449512441953024
12043,0,0.09949103494485219
12044,1,0.35837329427401227
12045,1,0.4145099918047587
12046,0,0.1270181139310201
12047,0,0.11571220556894939
12048,0,0.1270181139310201
12049,0,0.14737562835216522
12050,1,0.16458010176817575
12051,0,0.18398607770601907
12052,0,0.09949103494485219
12053,0,0.06974428271253903
12054,0,0.10443828503290813
12055,1,0.22023382286230722
12056,1,0.3909330566724141
12057,1,0.3578697144985199
12058,0,0.2603470633427302
12059,0,0.24009289840857187
12060,0,0.09949103494485219
12061,0,0.09949103494485219
12062,1,0.8212418357531229
12063,0,0.33550431330998737
12064,0,0.13134859005610147
12065,0,0.24009289840857187
12066,0,0.31230490406354267
12067,1,0.22023382286230722
12068,1,0.7508884072303772
12069,0,0.33012237151463825
12070,1,0.35367464025815326
12071,0,0.22023382286230722
12072,1,0.783443808555603
12073,0,0.10443828503290813
12074,1,0.33012237151463825
12075,0,0.18658835689226785
12076,1,0.5792729655901591
12077,0,0.12447746594746907
12078,0,0.22023382286230722
12079,0,0.7469152609507242
12080,0,0.3909330566724141
12081,0,0.2952769100666046
12082,0,0.09949103494485219
12083,0,0.09949103494485219
12084,0,0.1284903089205424
12085,0,0.19190336763858795
12086,0,0.259466215968132
12087,0,0.06974428271253903
12088,0,0.3204767107963562
12089,1,0.783443808555603
12090,0,0.16412802040576935
12091,1,0.12493340174357097
12092,0,0.37241453925768536
12093,0,0.4145099918047587
12094,0,0.09949103494485219
12095,0,0.07428647826115291
12096,0,0.28418009479840595
12097,1,0.6292468110720316
12098,1,0.6849722663561503
12099,0,0.35837329427401227
12100,0,0.1270181139310201
12101,0,0.259466215968132
12102,0,0.36022986968358356
12103,0,0.12767486770947775
12104,1,0.5367150902748108
12105,0,0.1334057996670405
12106,0,0.4378194808959961
12107,1,0.5217036704222361
12108,0,0.3045484224955241
12109,1,0.7469152609507242
12110,0,0.12062450746695201
12111,0,0.06798926492532094
12112,1,0.6658740441004435
12113,0,0.4145099918047587
12114,1,0.6849722663561503
12115,0,0.09949103494485219
12116,0,0.4788922170797984
12117,1,0.259466215968132
12118,0,0.4267452855904897
12119,0,0.28418009479840595
12120,1,0.2722251017888387
12121,1,0.6849722663561503
12122,0,0.0759682518740495
12123,1,0.12767486770947775
12124,0,0.09949103494485219
12125,1,0.28418009479840595
12126,0,0.09949103494485219
12127,1,0.22023382286230722
12128,0,0.22023382286230722
12129,0,0.09949103494485219
12130,1,0.06967103853821754
12131,1,0.12346120675404866
12132,0,0.15229111909866333
12133,0,0.33012237151463825
12134,1,0.1277704338232676
12135,0,0.22023382286230722
12136,0,0.09949103494485219
12137,0,0.1284903089205424
12138,0,0.28418009479840595
12139,0,0.3909330566724141
12140,1,0.6292468110720316
12141,0,0.15229111909866333
12142,0,0.09949103494485219
12143,1,0.5952912370363871
12144,1,0.31230490406354267
12145,1,0.1487011561791102
12146,1,0.22023382286230722
12147,1,0.574891726175944
12148,1,0.6623546878496805
12149,0,0.4788922170797984
12150,0,0.1750787595907847
12151,1,0.8962544004122416
12152,0,0.1954602748155594
12153,0,0.09949103494485219
12154,1,0.4470456739266713
12155,0,0.2952769100666046
12156,0,0.18658835689226785
12157,1,0.5423746705055237
12158,0,0.2647472719351451
12159,0,0.11571220556894939
12160,0,0.09949103494485219
12161,0,0.22023382286230722
12162,0,0.1255815178155899
12163,1,0.6623546878496805
12164,1,0.35522568225860596
12165,0,0.06798926492532094
12166,0,0.17292856176694235
12167,1,0.16412802040576935
12168,0,0.22023382286230722
12169,0,0.28418009479840595
12170,1,0.23960714042186737
12171,0,0.4788922170797984
12172,0,0.1270181139310201
12173,0,0.2603470633427302
12174,0,0.09949103494485219
12175,0,0.12346120675404866
12176,0,0.06798926492532094
12177,0,0.13267411788304648
12178,1,0.5148873527844747
12179,0,0.28418009479840595
12180,0,0.11571220556894939
12181,0,0.06974428271253903
12182,1,0.7641592224438986
12183,0,0.0759682518740495
12184,0,0.28418009479840595
12185,0,0.4780196249485016
12186,0,0.5148873527844747
12187,0,0.2862492501735687
12188,0,0.3909330566724141
12189,0,0.3472764790058136
12190,0,0.18658835689226785
12191,0,0.15229111909866333
12192,0,0.14737562835216522
12193,0,0.09949103494485219
12194,0,0.3909330566724141
12195,0,0.09949103494485219
12196,1,0.28418009479840595
12197,0,0.09949103494485219
12198,0,0.3909330566724141
12199,1,0.5423746705055237
12200,0,0.10443828503290813
12201,0,0.15347019334634146
12202,0,0.37042423089345294
12203,0,0.18398607770601907
12204,1,0.36022986968358356
12205,0,0.19190336763858795
12206,0,0.09949103494485219
12207,1,0.4145099918047587
12208,0,0.10443828503290813
12209,1,0.48190967241923016
12210,0,0.09041840707262357
12211,1,0.33012237151463825
12212,0,0.1270181139310201
12213,0,0.27657898267110187
12214,1,0.22023382286230722
12215,0,0.5423746705055237
12216,0,0.22023382286230722
12217,0,0.09949103494485219
12218,0,0.28418009479840595
12219,1,0.11215529839197795
12220,1,0.11215529839197795
12221,1,0.574891726175944
12222,0,0.22023382286230722
12223,0,0.3204767107963562
12224,0,0.37042423089345294
12225,1,0.8184640606244405
12226,1,0.5186862150828043
12227,1,0.7469152609507242
12228,0,0.09949103494485219
12229,1,0.09949103494485219
12230,1,0.1270181139310201
12231,0,0.5423746705055237
12232,0,0.1750787595907847
12233,0,0.2952769100666046
12234,0,0.23960714042186737
12235,1,0.6769851446151733
12236,0,0.3909330566724141
12237,0,0.09949103494485219
12238,0,0.4470456739266713
12239,0,0.09949103494485219
12240,0,0.06974428271253903
12241,0,0.1270181139310201
12242,0,0.12495498359203339
12243,0,0.09949103494485219
12244,0,0.09041840707262357
12245,0,0.1750787595907847
12246,1,0.31230490406354267
12247,0,0.14737562835216522
12248,1,0.783443808555603
12249,1,0.15229111909866333
12250,1,0.6922701001167297
12251,0,0.10443828503290813
12252,0,0.5148873527844747
12253,0,0.09949103494485219
12254,0,0.17905397713184357
12255,0,0.35837329427401227
12256,1,0.28418009479840595
12257,0,0.1270181139310201
12258,1,0.22023382286230722
12259,0,0.3204767107963562
12260,0,0.12062450746695201
12261,0,0.3204767107963562
12262,0,0.5792729655901591
12263,1,0.4145099918047587
12264,0,0.06798926492532094
12265,0,0.1270181139310201
12266,1,0.19190336763858795
12267,1,0.09949103494485219
12268,0,0.0759682518740495
12269,0,0.09949103494485219
12270,1,0.5186862150828043
12271,0,0.09949103494485219
12272,1,0.28418009479840595
12273,0,0.33012237151463825
12274,1,0.47698525587717694
12275,1,0.24009289840857187
12276,0,0.6842315196990967
12277,0,0.36022986968358356
12278,0,0.0759682518740495
12279,0,0.9354700843493143
12280,1,0.25236602624257404
12281,1,0.4788922170797984
12282,0,0.0759682518740495
12283,0,0.39732542634010315
12284,1,0.36022986968358356
12285,0,0.09949103494485219
12286,0,0.09949103494485219
12287,0,0.22023382286230722
12288,1,0.12767486770947775
12289,0,0.3204767107963562
12290,0,0.11215529839197795
12291,0,0.1284903089205424
12292,0,0.0759682518740495
12293,0,0.23954747120539346
12294,1,0.6969429055849711
12295,0,0.4485076665878296
12296,1,0.5423746705055237
12297,0,0.2643210192521413
12298,0,0.09949103494485219
12299,0,0.3909330566724141
12300,0,0.22023382286230722
12301,1,0.3578697144985199
12302,0,0.42829567193984985
12303,1,0.7508884072303772
12304,0,0.23599056402842203
12305,1,0.3909330566724141
12306,1,0.3909330566724141
12307,1,0.574891726175944
12308,1,0.6292468110720316
12309,1,0.22023382286230722
12310,0,0.09949103494485219
12311,0,0.2952769100666046
12312,0,0.07428647826115291
12313,0,0.09426016733050346
12314,0,0.5423746705055237
12315,0,0.4145099918047587
12316,0,0.4470456739266713
12317,0,0.09949103494485219
12318,0,0.4470456739266713
12319,0,0.15229111909866333
12320,1,0.6292468110720316
12321,0,0.5952912370363871
12322,0,0.3909330566724141
12323,0,0.09949103494485219
12324,0,0.09949103494485219
12325,0,0.1954602748155594
12326,0,0.22023382286230722
12327,0,0.09949103494485219
12328,0,0.28418009479840595
12329,1,0.16222213705380759
12330,0,0.6292468110720316
12331,0,0.4145099918047587
12332,0,0.09949103494485219
12333,1,0.7641592224438986
12334,0,0.2003757655620575
12335,0,0.37042423089345294
12336,0,0.09949103494485219
12337,0,0.28418009479840595
12338,0,0.0956492746869723
12339,0,0.06798926492532094
12340,0,0.09949103494485219
12341,1,0.4398593604564667
12342,0,0.09426016733050346
12343,0,0.09949103494485219
12344,0,0.09041840707262357
12345,0,0.22023382286230722
12346,0,0.4470456739266713
12347,0,0.12062450746695201
12348,0,0.32440749804178876
12349,1,0.5423746705055237
12350,0,0.29465363423029584
12351,0,0.0759682518740495
12352,1,0.7469152609507242
12353,0,0.11215529839197795
12354,0,0.06798926492532094
12355,0,0.09426349898179372
12356,1,0.28418009479840595
12357,0,0.14737562835216522
12358,0,0.10443828503290813
12359,0,0.1606395790974299
12360,0,0.09949103494485219
12361,0,0.20600426197052002
12362,0,0.0759682518740495
12363,0,0.12346120675404866
12364,1,0.33012237151463825
12365,0,0.09949103494485219
12366,0,0.22023382286230722
12367,0,0.3909330566724141
12368,0,0.3909330566724141
12369,1,0.31230490406354267
12370,0,0.2603470633427302
12371,0,0.09949103494485219
12372,0,0.06967103853821754
12373,1,0.23599056402842203
12374,0,0.09949103494485219
12375,1,0.37042423089345294
12376,0,0.48190967241923016
12377,1,0.4398593604564667
12378,0,0.1241179605325063
12379,0,0.12062450746695201
12380,0,0.09949103494485219
12381,0,0.6922701001167297
12382,0,0.17247648040453592
12383,0,0.39732542634010315
12384,0,0.09949103494485219
12385,0,0.1163569837808609
12386,0,0.2603470633427302
12387,0,0.3909330566724141
12388,1,0.3909330566724141
12389,0,0.1487011561791102
12390,1,0.22023382286230722
12391,0,0.28418009479840595
12392,0,0.31230490406354267
12393,0,0.33012237151463825
12394,1,0.3578697144985199
12395,0,0.19190336763858795
12396,1,0.08496410151322682
12397,1,0.9253968199094137
12398,1,0.7641592224438986
12399,0,0.09041840707262357
12400,1,0.6849722663561503
12401,0,0.5952912370363871
12402,1,0.47698525587717694
12403,0,0.31230490406354267
12404,0,0.1750787595907847
12405,0,0.12128126124540965
12406,0,0.09949103494485219
12407,0,0.10443828503290813
12408,1,0.8184640606244405
12409,1,0.33550431330998737
12410,1,0.09949103494485219
12411,0,0.06798926492532094
12412,0,0.06798926492532094
12413,0,0.09949103494485219
12414,1,0.3909330566724141
12415,0,0.5351849993069967
12416,1,0.22023382286230722
12417,0,0.4470456739266713
12418,0,0.12062450746695201
12419,0,0.28418009479840595
12420,0,0.09949103494485219
12421,1,0.12062450746695201
12422,0,0.12767486770947775
12423,0,0.2603470633427302
12424,0,0.49421635270118713
12425,0,0.23599056402842203
12426,0,0.259466215968132
12427,1,0.16673029959201813
12428,0,0.3204767107963562
12429,0,0.22023382286230722
12430,1,0.09949103494485219
12431,0,0.32741740345954895
12432,0,0.15229111909866333
12433,0,0.5423746705055237
12434,0,0.30120808879534405
12435,0,0.30120808879534405
12436,0,0.37241453925768536
12437,0,0.06974428271253903
12438,1,0.5792729655901591
12439,0,0.1270181139310201
12440,1,0.3780946632226308
12441,0,0.06798926492532094
12442,0,0.1750787595907847
12443,0,0.09949103494485219
12444,1,0.28418009479840595
12445,1,0.5792729655901591
12446,1,0.6623546878496805
12447,1,0.49421635270118713
12448,0,0.12346120675404866
12449,0,0.19315487146377563
12450,0,0.3909330566724141
12451,0,0.10443828503290813
12452,1,0.22023382286230722
12453,1,0.5423746705055237
12454,1,0.6849722663561503
12455,0,0.1750787595907847
12456,0,0.12346120675404866
12457,1,0.2603470633427302
12458,1,0.6292468110720316
12459,0,0.09426016733050346
12460,0,0.22023382286230722
12461,0,0.0759682518740495
12462,0,0.15229111909866333
12463,0,0.33012237151463825
12464,1,0.7641592224438986
12465,0,0.1270181139310201
12466,0,0.17132819692293802
12467,0,0.15229111909866333
12468,0,0.13626408080259958
12469,0,0.22023382286230722
12470,1,0.37241453925768536
12471,0,0.09949103494485219
12472,0,0.3472764790058136
12473,1,0.5186862150828043
12474,1,0.5423746705055237
12475,0,0.33012237151463825
12476,0,0.11215529839197795
12477,1,0.32440749804178876
12478,0,0.1270181139310201
12479,0,0.17905397713184357
12480,1,0.23960714042186737
12481,0,0.09949103494485219
12482,0,0.22023382286230722
12483,0,0.18658835689226785
12484,0,0.4470456739266713
12485,0,0.35522568225860596
12486,1,0.4145099918047587
12487,0,0.16181480884552002
12488,0,0.22023382286230722
12489,0,0.20600426197052002
12490,0,0.17247648040453592
12491,0,0.1844381590684255
12492,0,0.12767486770947775
12493,0,0.09949103494485219
12494,1,0.09949103494485219
12495,0,0.22023382286230722
12496,0,0.4470456739266713
12497,0,0.10443828503290813
12498,0,0.13626408080259958
12499,0,0.3204767107963562
12500,0,0.0759682518740495
12501,0,0.22023382286230722
12502,0,0.1284903089205424
12503,0,0.7508884072303772
12504,0,0.6849722663561503
12505,1,0.783443808555603
12506,0,0.4788922170797984
12507,0,0.12767486770947775
12508,0,0.11215529839197795
12509,1,0.7508884072303772
12510,0,0.24009289840857187
12511,0,0.3578697144985199
12512,0,0.10443828503290813
12513,0,0.13134859005610147
12514,1,0.28418009479840595
12515,0,0.2862492501735687
12516,0,0.10443828503290813
12517,0,0.4470456739266713
12518,0,0.10443828503290813
12519,0,0.22023382286230722
12520,1,0.16949723164240518
12521,0,0.4267452855904897
12522,0,0.4470456739266713
12523,0,0.09949103494485219
12524,1,0.4470456739266713
12525,0,0.4267452855904897
12526,0,0.37042423089345294
12527,1,0.4145099918047587
12528,1,0.6449512441953024
12529,1,0.28418009479840595
12530,0,0.7469152609507242
12531,0,0.09949103494485219
12532,0,0.06798926492532094
12533,0,0.49421635270118713
12534,0,0.18658835689226785
12535,0,0.31230490406354267
12536,0,0.17214917639891306
12537,0,0.558873454729716
12538,0,0.12767486770947775
12539,0,0.31230490406354267
12540,1,0.1284903089205424
12541,0,0.5423746705055237
12542,0,0.10443828503290813
12543,0,0.1270181139310201
12544,0,0.13134859005610147
12545,1,0.35837329427401227
12546,1,0.2722251017888387
12547,0,0.09949103494485219
12548,0,0.06798926492532094
12549,0,0.5627741813659668
12550,0,0.1270181139310201
12551,0,0.4274825155735016
12552,0,0.3578697144985199
12553,0,0.18398607770601907
12554,1,0.09949103494485219
12555,1,0.7469152609507242
12556,1,0.23960714042186737
12557,0,0.06798926492532094
12558,0,0.5952912370363871
12559,0,0.06798926492532094
12560,0,0.0759682518740495
12561,0,0.4145099918047587
12562,1,0.8505050539970398
12563,1,0.3909330566724141
12564,0,0.42829567193984985
12565,1,0.22023382286230722
12566,0,0.4267452855904897
12567,0,0.1849131981531779
12568,1,0.1606395790974299
12569,0,0.18658835689226785
12570,0,0.11215529839197795
12571,0,0.1270181139310201
12572,1,0.1487011561791102
12573,0,0.1844381590684255
12574,0,0.13134859005610147
12575,0,0.09949103494485219
12576,0,0.10799519220987956
12577,1,0.7469152609507242
12578,1,0.35837329427401227
12579,1,0.28418009479840595
12580,0,0.14737562835216522
12581,0,0.2603470633427302
12582,1,0.3578697144985199
12583,0,0.37042423089345294
12584,1,0.2952769100666046
12585,1,0.3909330566724141
12586,0,0.12767486770947775
12587,0,0.14093881845474243
12588,0,0.09949103494485219
12589,0,0.28418009479840595
12590,1,0.29416632652282715
12591,0,0.22023382286230722
12592,0,0.6623546878496805
12593,1,0.783443808555603
12594,0,0.1844381590684255
12595,0,0.4470456739266713
12596,0,0.06798926492532094
12597,1,0.5792729655901591
12598,1,0.22023382286230722
12599,0,0.06798926492532094
12600,0,0.22023382286230722
12601,0,0.09949103494485219
12602,0,0.33550431330998737
12603,0,0.40316835045814514
12604,0,0.15526767075061798
12605,1,0.10443828503290813
12606,0,0.13134859005610147
12607,0,0.09949103494485219
12608,1,0.3909330566724141
12609,0,0.28418009479840595
12610,1,0.6292468110720316
12611,0,0.5148873527844747
12612,0,0.09949103494485219
12613,0,0.09949103494485219
12614,0,0.0759682518740495
12615,0,0.13267411788304648
12616,0,0.12062450746695201
12617,0,0.1270181139310201
12618,0,0.09949103494485219
12619,0,0.24048798779646555
12620,0,0.22023382286230722
12621,0,0.0759682518740495
12622,1,0.29057825605074566
12623,1,0.7641592224438986
12624,1,0.4470456739266713
12625,0,0.09949103494485219
12626,0,0.09949103494485219
12627,0,0.3204767107963562
12628,0,0.2722251017888387
12629,0,0.33012237151463825
12630,0,0.28418009479840595
12631,0,0.3909330566724141
12632,0,0.09426016733050346
12633,0,0.3909330566724141
12634,1,0.33012237151463825
12635,1,0.4145099918047587
12636,0,0.10799519220987956
12637,0,0.22023382286230722
12638,0,0.09949103494485219
12639,0,0.09949103494485219
12640,0,0.0759682518740495
12641,0,0.4470456739266713
12642,1,0.5005621910095215
12643,0,0.11215529839197795
12644,1,0.6292468110720316
12645,1,0.49398308992385864
12646,0,0.10443828503290813
12647,0,0.09949103494485219
12648,1,0.31230490406354267
12649,1,0.12126928567886353
12650,1,0.6292468110720316
12651,1,0.783443808555603
12652,1,0.19190336763858795
12653,0,0.22023382286230722
12654,0,0.22023382286230722
12655,1,0.13134859005610147
12656,0,0.37042423089345294
12657,0,0.09949103494485219
12658,0,0.5423746705055237
12659,0,0.09426016733050346
12660,0,0.783443808555603
12661,1,0.6623546878496805
12662,0,0.1284903089205424
12663,1,0.22023382286230722
12664,0,0.09949103494485219
12665,0,0.6190909544626871
12666,0,0.06798926492532094
12667,0,0.22023382286230722
12668,0,0.4470456739266713
12669,0,0.12779168287913004
12670,0,0.0759682518740495
12671,1,0.5952912370363871
12672,0,0.09949103494485219
12673,0,0.11215529839197795
12674,0,0.4145099918047587
12675,0,0.31230490406354267
12676,1,0.2603470633427302
12677,0,0.22023382286230722
12678,0,0.09949103494485219
12679,0,0.11381633579730988
12680,0,0.12767486770947775
12681,0,0.07428647826115291
12682,0,0.6849722663561503
12683,0,0.3909330566724141
12684,0,0.09949103494485219
12685,1,0.8997557957967123
12686,1,0.1750787595907847
12687,0,0.15229111909866333
12688,0,0.4470456739266713
12689,0,0.31230490406354267
12690,0,0.12767486770947775
12691,1,0.12128126124540965
12692,1,0.4519798854986827
12693,0,0.5148873527844747
12694,1,0.4788922170797984
12695,1,0.1750787595907847
12696,0,0.09426016733050346
12697,1,0.3378644684950511
12698,0,0.22023382286230722
12699,1,0.5423746705055237
12700,0,0.09041840707262357
12701,1,0.6849722663561503
12702,0,0.5952912370363871
12703,0,0.16412802040576935
12704,0,0.6623546878496805
12705,1,0.6292468110720316
12706,1,0.2862492501735687
12707,0,0.7230183283487955
12708,1,0.4470456739266713
12709,0,0.09949103494485219
12710,0,0.28418009479840595
12711,0,0.28418009479840595
12712,0,0.36022986968358356
12713,0,0.48190967241923016
12714,0,0.09949103494485219
12715,0,0.12767486770947775
12716,0,0.1954602748155594
12717,0,0.13134859005610147
12718,1,0.6292468110720316
12719,1,0.3204767107963562
12720,1,0.6623546878496805
12721,0,0.4788922170797984
12722,1,0.3909330566724141
12723,0,0.09949103494485219
12724,0,0.09426016733050346
12725,0,0.16458010176817575
12726,0,0.12779168287913004
12727,1,0.33012237151463825
12728,1,0.1270181139310201
12729,0,0.4788922170797984
12730,0,0.7641592224438986
12731,0,0.06798926492532094
12732,1,0.28418009479840595
12733,0,0.09949103494485219
12734,1,0.12447746594746907
12735,0,0.4470456739266713
12736,0,0.09949103494485219
12737,0,0.3909330566724141
12738,1,0.19315487146377563
12739,0,0.22023382286230722
12740,0,0.12346120675404866
12741,0,0.09949103494485219
12742,1,0.22023382286230722
12743,0,0.48190967241923016
12744,0,0.10443828503290813
12745,0,0.09949103494485219
12746,0,0.0759682518740495
12747,0,0.3076062500476837
12748,0,0.2722251017888387
12749,0,0.4470456739266713
12750,1,0.6292468110720316
12751,0,0.14737562835216522
12752,0,0.1844381590684255
12753,0,0.15229111909866333
12754,1,0.783443808555603
12755,0,0.12767486770947775
12756,0,0.1163569837808609
12757,0,0.18658835689226785
12758,0,0.33550431330998737
12759,0,0.22023382286230722
12760,0,0.09949103494485219
12761,1,0.09949103494485219
12762,0,0.33012237151463825
12763,0,0.4145099918047587
12764,0,0.18658835689226785
12765,0,0.48190967241923016
12766,0,0.1298374185959498
12767,0,0.12767486770947775
12768,0,0.18658835689226785
12769,0,0.4519798854986827
12770,1,0.3578697144985199
12771,0,0.12779168287913004
12772,1,0.5148873527844747
12773,1,0.4267452855904897
12774,0,0.24009289840857187
12775,0,0.5792729655901591
12776,0,0.2952769100666046
12777,0,0.06798926492532094
12778,1,0.3909330566724141
12779,0,0.22023382286230722
12780,1,0.5792729655901591
12781,0,0.2603470633427302
12782,1,0.37042423089345294
12783,0,0.48190967241923016
12784,1,0.7469152609507242
12785,0,0.2722251017888387
12786,0,0.09949103494485219
12787,0,0.28418009479840595
12788,1,0.6842315196990967
12789,0,0.1241179605325063
12790,0,0.783443808555603
12791,1,0.4470456739266713
12792,0,0.15229111909866333
12793,0,0.3909330566724141
12794,0,0.1334057996670405
12795,1,0.783443808555603
12796,1,0.783443808555603
12797,1,0.2862492501735687
12798,0,0.09949103494485219
12799,0,0.2603470633427302
12800,0,0.3204767107963562
12801,1,0.5423746705055237
12802,0,0.783443808555603
12803,0,0.4565080801645915
12804,0,0.14737562835216522
12805,0,0.31230490406354267
12806,1,0.7469152609507242
12807,1,0.6922701001167297
12808,0,0.5148873527844747
12809,0,0.5952912370363871
12810,0,0.4145099918047587
12811,0,0.09949103494485219
12812,0,0.22023382286230722
12813,1,0.4145099918047587
12814,0,0.28418009479840595
12815,1,0.33012237151463825
12816,1,0.22023382286230722
12817,0,0.4565080801645915
12818,0,0.09949103494485219
12819,0,0.09949103494485219
12820,0,0.3204767107963562
12821,0,0.35837329427401227
12822,0,0.1284903089205424
12823,1,0.12779168287913004
12824,1,0.5382024546464285
12825,0,0.0759682518740495
12826,0,0.09949103494485219
12827,0,0.3204767107963562
12828,0,0.48190967241923016
12829,0,0.24048798779646555
12830,0,0.0759682518740495
12831,0,0.6769851446151733
12832,0,0.11317155758539836
12833,1,0.3909330566724141
12834,0,0.06798926492532094
12835,1,0.6842315196990967
12836,1,0.6292468110720316
12837,0,0.09949103494485219
12838,0,0.0759682518740495
12839,1,0.5792729655901591
12840,1,0.6292468110720316
12841,0,0.1270181139310201
12842,0,0.31230490406354267
12843,1,0.1844381590684255
12844,0,0.4470456739266713
12845,0,0.22023382286230722
12846,0,0.08496410151322682
12847,0,0.09949103494485219
12848,0,0.13267411788304648
12849,0,0.5148873527844747
12850,0,0.22023382286230722
12851,0,0.3204767107963562
12852,1,0.35837329427401227
12853,0,0.28418009479840595
12854,0,0.09949103494485219
12855,1,0.8997557957967123
12856,0,0.1606395790974299
12857,0,0.09949103494485219
12858,1,0.12482619285583496
12859,0,0.1844381590684255
12860,1,0.3909330566724141
12861,0,0.1270181139310201
12862,1,0.15229111909866333
12863,0,0.3045484224955241
12864,0,0.28418009479840595
12865,0,0.09949103494485219
12866,1,0.4145099918047587
12867,0,0.8444444537162781
12868,1,0.6292468110720316
12869,0,0.19190336763858795
12870,1,0.20600426197052002
12871,0,0.6849722663561503
12872,0,0.11215529839197795
12873,1,0.4145099918047587
12874,1,0.12767486770947775
12875,0,0.09949103494485219
12876,1,0.6848617990811666
12877,0,0.09949103494485219
12878,1,0.4267452855904897
12879,1,0.47698525587717694
12880,1,0.5347442030906677
12881,1,0.5952912370363871
12882,0,0.09949103494485219
12883,0,0.06798926492532094
12884,0,0.1241179605325063
12885,0,0.28418009479840595
12886,0,0.3680640757083893
12887,0,0.10443828503290813
12888,0,0.06974428271253903
12889,1,0.06798926492532094
12890,0,0.12767486770947775
12891,0,0.3032772441705068
12892,1,0.29057825605074566
12893,0,0.06967103853821754
12894,0,0.09949103494485219
12895,0,0.5792729655901591
12896,0,0.30937989552815753
12897,1,0.19190336763858795
12898,0,0.30120808879534405
12899,0,0.17247648040453592
12900,0,0.3909330566724141
12901,0,0.8212418357531229
12902,0,0.2603470633427302
12903,0,0.12767486770947775
12904,0,0.0759682518740495
12905,0,0.18658835689226785
12906,0,0.15717355410257974
12907,1,0.6292468110720316
12908,1,0.3204767107963562
12909,0,0.09949103494485219
12910,0,0.07866688817739487
12911,0,0.37042423089345294
12912,1,0.4704061547915141
12913,0,0.09949103494485219
12914,0,0.24009289840857187
12915,1,0.3045484224955241
12916,0,0.28418009479840595
12917,0,0.09949103494485219
12918,1,0.1487011561791102
12919,0,0.06798926492532094
12920,0,0.09949103494485219
12921,0,0.5423746705055237
12922,0,0.22023382286230722
12923,0,0.22023382286230722
12924,0,0.33012237151463825
12925,0,0.3909330566724141
12926,0,0.06798926492532094
12927,1,0.5367150902748108
12928,0,0.3680640757083893
12929,1,0.37042423089345294
12930,0,0.12767486770947775
12931,0,0.12062450746695201
12932,0,0.1270181139310201
12933,0,0.4470456739266713
12934,0,0.35522568225860596
12935,0,0.18658835689226785
12936,0,0.31230490406354267
12937,0,0.2952769100666046
12938,0,0.2952769100666046
12939,1,0.3909330566724141
12940,0,0.09949103494485219
12941,0,0.24009289840857187
12942,0,0.08665342504779498
12943,0,0.09949103494485219
12944,1,0.37042423089345294
12945,1,0.32741740345954895
12946,0,0.6292468110720316
12947,0,0.06798926492532094
12948,1,0.32440749804178876
12949,0,0.23960714042186737
12950,0,0.09949103494485219
12951,0,0.4485076665878296
12952,0,0.6449512441953024
12953,0,0.1241179605325063
12954,0,0.7641592224438986
12955,0,0.12767486770947775
12956,0,0.10443828503290813
12957,0,0.15229111909866333
12958,1,0.783443808555603
12959,0,0.22023382286230722
12960,0,0.09949103494485219
12961,0,0.3204767107963562
12962,0,0.16412802040576935
12963,1,0.8997557957967123
12964,0,0.09949103494485219
12965,1,0.12767486770947775
12966,0,0.6449512441953024
12967,1,0.09949103494485219
12968,1,0.7469152609507242
12969,1,0.33012237151463825
12970,0,0.06798926492532094
12971,0,0.06798926492532094
12972,0,0.06974428271253903
12973,0,0.1270181139310201
12974,0,0.2643210192521413
12975,0,0.11215529839197795
12976,0,0.2952769100666046
12977,1,0.09949103494485219
12978,0,0.6623546878496805
12979,0,0.1606395790974299
12980,1,0.11215529839197795
12981,0,0.0759682518740495
12982,1,0.4949026107788086
12983,0,0.10443828503290813
12984,0,0.19190336763858795
12985,0,0.09949103494485219
12986,1,0.6922701001167297
12987,0,0.18398607770601907
12988,1,0.28418009479840595
12989,0,0.09949103494485219
12990,0,0.2603470633427302
12991,0,0.09949103494485219
12992,0,0.28418009479840595
12993,1,0.13626408080259958
12994,0,0.06798926492532094
12995,0,0.09949103494485219
12996,1,0.8505050539970398
12997,1,0.5792729655901591
12998,0,0.06798926492532094
12999,0,0.09949103494485219
13000,0,0.3680640757083893
13001,0,0.4470456739266713
13002,0,0.37042423089345294
13003,0,0.22023382286230722
13004,1,0.33012237151463825
13005,0,0.16412802040576935
13006,0,0.3076062500476837
13007,0,0.10443828503290813
13008,0,0.14737562835216522
13009,1,0.6449512441953024
13010,1,0.6410865187644958
13011,0,0.37042423089345294
13012,0,0.6922701001167297
13013,1,0.3909330566724141
13014,0,0.37241453925768536
13015,0,0.09041840707262357
13016,0,0.09426016733050346
13017,1,0.5792729655901591
13018,0,0.49421635270118713
13019,0,0.12767486770947775
13020,0,0.06798926492532094
13021,1,0.23954747120539346
13022,0,0.1770316114028295
13023,0,0.17247648040453592
13024,0,0.6292468110720316
13025,1,0.4145099918047587
13026,1,0.6922701001167297
13027,0,0.22023382286230722
13028,0,0.33012237151463825
13029,0,0.06798926492532094
13030,0,0.1270181139310201
13031,1,0.4145099918047587
13032,0,0.17247648040453592
13033,0,0.11571220556894939
13034,0,0.31230490406354267
13035,1,0.7161670327186584
13036,1,0.6922701001167297
13037,0,0.20600426197052002
13038,1,0.299166480700175
13039,0,0.1270181139310201
13040,0,0.06798926492532094
13041,0,0.33012237151463825
13042,1,0.3909330566724141
13043,0,0.8505050539970398
13044,0,0.0759682518740495
13045,1,0.5512032707532247
13046,0,0.15229111909866333
13047,0,0.10443828503290813
13048,1,0.6922701001167297
13049,0,0.5423746705055237
13050,1,0.5952912370363871
13051,0,0.08496410151322682
13052,0,0.3909330566724141
13053,1,0.6922701001167297
13054,0,0.16458010176817575
13055,1,0.09949103494485219
13056,0,0.28418009479840595
13057,0,0.25236602624257404
13058,1,0.6623546878496805
13059,0,0.09949103494485219
13060,0,0.2643210192521413
13061,0,0.16181480884552002
13062,0,0.6849722663561503
13063,0,0.24048798779646555
13064,0,0.09949103494485219
13065,0,0.2722251017888387
13066,0,0.1334057996670405
13067,0,0.09949103494485219
13068,1,0.6842315196990967
13069,1,0.5423746705055237
13070,1,0.09949103494485219
13071,1,0.22023382286230722
13072,0,0.18658835689226785
13073,0,0.09949103494485219
13074,1,0.4485076665878296
13075,0,0.3909330566724141
13076,0,0.4145099918047587
13077,0,0.37042423089345294
13078,0,0.2603470633427302
13079,0,0.15717355410257974
13080,1,0.24048798779646555
13081,0,0.5423746705055237
13082,0,0.3909330566724141
13083,1,0.8505050539970398
13084,0,0.3680640757083893
13085,0,0.37042423089345294
13086,0,0.09949103494485219
13087,0,0.4267452855904897
13088,0,0.2603470633427302
13089,1,0.5144303441047668
13090,0,0.5792729655901591
13091,0,0.06798926492532094
13092,0,0.22023382286230722
13093,1,0.6922701001167297
13094,0,0.5423746705055237
13095,0,0.28418009479840595
13096,0,0.15229111909866333
13097,0,0.06798926492532094
13098,0,0.28418009479840595
13099,1,0.783443808555603
13100,1,0.13267411788304648
13101,0,0.09949103494485219
13102,0,0.10443828503290813
13103,1,0.574891726175944
13104,0,0.12767486770947775
13105,0,0.3909330566724141
13106,1,0.1750787595907847
13107,0,0.4470456739266713
13108,0,0.07428647826115291
13109,0,0.06798926492532094
13110,0,0.0759682518740495
13111,1,0.11215529839197795
13112,0,0.22023382286230722
13113,1,0.5952912370363871
13114,0,0.09949103494485219
13115,0,0.09949103494485219
13116,0,0.3909330566724141
13117,1,0.3466786742210388
13118,0,0.12346120675404866
13119,0,0.4296649992465973
13120,0,0.28418009479840595
13121,0,0.299166480700175
13122,0,0.06798926492532094
13123,0,0.2952769100666046
13124,0,0.6922701001167297
13125,0,0.5952912370363871
13126,1,0.8212418357531229
13127,1,0.6922701001167297
13128,0,0.16458010176817575
13129,0,0.22023382286230722
13130,0,0.09949103494485219
13131,0,0.0759682518740495
13132,1,0.8854700922966003
13133,1,0.6292468110720316
13134,0,0.24009289840857187
13135,0,0.23355386654535928
13136,1,0.8505050539970398
13137,1,0.12767486770947775
13138,1,0.5186862150828043
13139,0,0.1241179605325063
13140,0,0.4145099918047587
13141,0,0.5148873527844747
13142,0,0.12346120675404866
13143,0,0.06798926492532094
13144,0,0.0759682518740495
13145,1,0.36022986968358356
13146,1,0.5423746705055237
13147,0,0.2722251017888387
13148,1,0.6842315196990967
13149,0,0.4553152819474538
13150,0,0.46309099594751996
13151,1,0.28418009479840595
13152,0,0.34984374046325684
13153,0,0.5792729655901591
13154,0,0.09041840707262357
13155,0,0.09949103494485219
13156,0,0.06798926492532094
13157,1,0.7469152609507242
13158,0,0.4788922170797984
13159,0,0.09949103494485219
13160,1,0.33012237151463825
13161,0,0.1334057996670405
13162,0,0.09949103494485219
13163,1,0.06798926492532094
13164,1,0.3909330566724141
13165,0,0.06798926492532094
13166,0,0.09949103494485219
13167,0,0.09949103494485219
13168,1,0.3680640757083893
13169,0,0.12126928567886353
13170,1,0.4470456739266713
13171,0,0.09949103494485219
13172,0,0.09949103494485219
13173,0,0.09949103494485219
13174,0,0.15717355410257974
13175,0,0.22023382286230722
13176,0,0.6292468110720316
13177,0,0.06974428271253903
13178,1,0.15225806335608164
13179,0,0.3578697144985199
13180,0,0.31902555624643963
13181,0,0.16949723164240518
13182,0,0.12767486770947775
13183,0,0.0759682518740495
13184,1,0.2603470633427302
13185,1,0.33550431330998737
13186,0,0.09949103494485219
13187,0,0.5542207260926565
13188,1,0.3909330566724141
13189,1,0.33012237151463825
13190,1,0.6842315196990967
13191,0,0.17214917639891306
13192,0,0.12128126124540965
13193,1,0.5952912370363871
13194,1,0.5005621910095215
13195,1,0.11215529839197795
13196,1,0.3204767107963562
13197,0,0.6849722663561503
13198,0,0.09949103494485219
13199,0,0.3116926848888397
13200,0,0.12346120675404866
13201,0,0.5952912370363871
13202,0,0.28418009479840595
13203,0,0.12062450746695201
13204,0,0.15229111909866333
13205,0,0.31230490406354267
13206,1,0.6292468110720316
13207,1,0.5627741813659668
13208,0,0.06798926492532094
13209,0,0.37042423089345294
13210,1,0.24009289840857187
13211,0,0.12062450746695201
13212,0,0.09949103494485219
13213,1,0.4267452855904897
13214,0,0.4145099918047587
13215,0,0.09949103494485219
13216,0,0.1163569837808609
13217,0,0.15229111909866333
13218,0,0.0759682518740495
13219,0,0.37042423089345294
13220,0,0.33012237151463825
13221,1,0.5186862150828043
13222,0,0.22023382286230722
13223,0,0.1270181139310201
13224,0,0.22023382286230722
13225,1,0.4470456739266713
13226,0,0.31230490406354267
13227,0,0.2003757655620575
13228,1,0.14737562835216522
13229,1,0.22023382286230722
13230,0,0.7469152609507242
13231,0,0.3045484224955241
13232,0,0.37042423089345294
13233,0,0.0797332338988781
13234,0,0.31230490406354267
13235,1,0.5792729655901591
13236,0,0.15229111909866333
13237,0,0.37042423089345294
13238,1,0.5512032707532247
13239,1,0.7469152609507242
13240,1,0.3909330566724141
13241,0,0.06798926492532094
13242,0,0.22023382286230722
13243,0,0.0759682518740495
13244,1,0.6292468110720316
13245,1,0.33012237151463825
13246,0,0.24446296195189157
13247,0,0.1270181139310201
13248,1,0.5423746705055237
13249,1,0.558873454729716
13250,0,0.0759682518740495
13251,0,0.09949103494485219
13252,0,0.2952769100666046
13253,0,0.22023382286230722
13254,0,0.4267452855904897
13255,0,0.09949103494485219
13256,0,0.28418009479840595
13257,1,0.14737562835216522
13258,0,0.09949103494485219
13259,1,0.5792729655901591
13260,0,0.3204767107963562
13261,1,0.31230490406354267
13262,1,0.5952912370363871
13263,0,0.11215529839197795
13264,0,0.06798926492532094
13265,0,0.09949103494485219
13266,0,0.06798926492532094
13267,0,0.09949103494485219
13268,0,0.7641592224438986
13269,0,0.5367150902748108
13270,0,0.4470456739266713
13271,0,0.3680640757083893
13272,0,0.5952912370363871
13273,0,0.06798926492532094
13274,0,0.4788922170797984
13275,0,0.13134859005610147
13276,1,0.28469036519527435
13277,0,0.16412802040576935
13278,1,0.5952912370363871
13279,0,0.8997557957967123
13280,1,0.3909330566724141
13281,1,0.5952912370363871
13282,0,0.33012237151463825
13283,0,0.28418009479840595
13284,0,0.259466215968132
13285,0,0.0759682518740495
13286,0,0.09949103494485219
13287,0,0.24009289840857187
13288,0,0.28418009479840595
13289,1,0.33012237151463825
13290,1,0.6623546878496805
13291,0,0.33550431330998737
13292,1,0.0759682518740495
13293,0,0.5952912370363871
13294,1,0.6623546878496805
13295,0,0.13626408080259958
13296,0,0.07428647826115291
13297,0,0.19190336763858795
13298,0,0.09949103494485219
13299,0,0.12346120675404866
13300,0,0.1270181139310201
13301,0,0.12767486770947775
13302,0,0.8184640606244405
13303,0,0.48190967241923016
13304,0,0.11215529839197795
13305,0,0.22023382286230722
13306,1,0.5952912370363871
13307,0,0.09949103494485219
13308,0,0.10443828503290813
13309,1,0.6292468110720316
13310,0,0.22023382286230722
13311,0,0.09949103494485219
13312,0,0.2603470633427302
13313,0,0.2952769100666046
13314,1,0.6292468110720316
13315,1,0.3909330566724141
13316,1,0.783443808555603
13317,0,0.6849722663561503
13318,0,0.13134859005610147
13319,0,0.4470456739266713
13320,1,0.3909330566724141
13321,0,0.09949103494485219
13322,0,0.09949103494485219
13323,0,0.3204767107963562
13324,0,0.24009289840857187
13325,0,0.12493340174357097
13326,1,0.783443808555603
13327,0,0.06974428271253903
13328,0,0.12495498359203339
13329,1,0.12062450746695201
13330,0,0.259466215968132
13331,0,0.12767486770947775
13332,1,0.28418009479840595
13333,0,0.10443828503290813
13334,1,0.2231547236442566
13335,1,0.0797332338988781
13336,1,0.6668280760447184
13337,1,0.3680640757083893
13338,0,0.18658835689226785
13339,1,0.6292468110720316
13340,0,0.09949103494485219
13341,1,0.15229111909866333
13342,1,0.13134859005610147
13343,1,0.0759682518740495
13344,0,0.37042423089345294
13345,0,0.09949103494485219
13346,0,0.31230490406354267
13347,0,0.22023382286230722
13348,0,0.47698525587717694
13349,0,0.2603470633427302
13350,1,0.4145099918047587
13351,1,0.5423746705055237
13352,1,0.6623546878496805
13353,0,0.09949103494485219
13354,0,0.09949103494485219
13355,0,0.09949103494485219
13356,0,0.09426016733050346
13357,1,0.09949103494485219
13358,0,0.20600426197052002
13359,0,0.06798926492532094
13360,0,0.09949103494485219
13361,0,0.2722251017888387
13362,1,0.37241453925768536
13363,0,0.1270181139310201
13364,0,0.5952912370363871
13365,0,0.09949103494485219
13366,0,0.1284903089205424
13367,0,0.2722251017888387
13368,0,0.2696627626816432
13369,0,0.6658740441004435
13370,1,0.5148873527844747
13371,0,0.3578697144985199
13372,0,0.15845315158367157
13373,1,0.2722251017888387
13374,0,0.13134859005610147
13375,0,0.09949103494485219
13376,0,0.08496410151322682
13377,0,0.06798926492532094
13378,1,0.2603470633427302
13379,0,0.5792729655901591
13380,0,0.17247648040453592
13381,0,0.3909330566724141
13382,0,0.15229111909866333
13383,0,0.30937989552815753
13384,1,0.3909330566724141
13385,0,0.3204767107963562
13386,0,0.13259035845597586
13387,0,0.0759682518740495
13388,0,0.15229111909866333
13389,0,0.2603470633427302
13390,1,0.11215529839197795
13391,0,0.06798926492532094
13392,0,0.10443828503290813
13393,0,0.09949103494485219
13394,1,0.5382024546464285
13395,0,0.8997557957967123
13396,0,0.2722251017888387
13397,0,0.09949103494485219
13398,0,0.5148873527844747
13399,0,0.259466215968132
13400,1,0.09041840707262357
13401,1,0.4145099918047587
13402,0,0.1270181139310201
13403,0,0.28418009479840595
13404,0,0.1270181139310201
13405,0,0.22023382286230722
13406,0,0.12767486770947775
13407,0,0.22023382286230722
13408,1,0.6842315196990967
13409,1,0.6835723320643107
13410,1,0.24048798779646555
13411,0,0.1954602748155594
13412,0,0.15229111909866333
13413,1,0.4788922170797984
13414,1,0.28418009479840595
13415,0,0.33012237151463825
13416,0,0.12767486770947775
13417,1,0.6922701001167297
13418,1,0.4780196249485016
13419,1,0.22023382286230722
13420,1,0.8962544004122416
13421,0,0.10443828503290813
13422,0,0.09949103494485219
13423,0,0.5367150902748108
13424,0,0.12346120675404866
13425,1,0.13134859005610147
13426,1,0.3204767107963562
13427,1,0.6292468110720316
13428,0,0.22023382286230722
13429,1,0.1270181139310201
13430,1,0.47132567564646405
13431,0,0.22023382286230722
13432,0,0.09949103494485219
13433,0,0.09949103494485219
13434,0,0.5952912370363871
13435,0,0.0797332338988781
13436,0,0.0759682518740495
13437,1,0.5952912370363871
13438,0,0.09949103494485219
13439,1,0.5423746705055237
13440,0,0.3680640757083893
13441,0,0.18658835689226785
13442,1,0.6190909544626871
13443,1,0.31230490406354267
13444,1,0.28418009479840595
13445,0,0.06798926492532094
13446,1,0.6922701001167297
13447,0,0.3204767107963562
13448,1,0.3909330566724141
13449,1,0.4145099918047587
13450,1,0.18658835689226785
13451,1,0.1270181139310201
13452,0,0.1750787595907847
13453,0,0.15347019334634146
13454,0,0.12767486770947775
13455,0,0.09949103494485219
13456,0,0.09949103494485219
13457,0,0.22023382286230722
13458,0,0.15347019334634146
13459,1,0.09949103494485219
13460,0,0.30937989552815753
13461,1,0.8505050539970398
13462,0,0.1512782722711563
13463,0,0.2603470633427302
13464,0,0.28418009479840595
13465,0,0.06798926492532094
13466,0,0.0759682518740495
13467,0,0.12062450746695201
13468,0,0.1284903089205424
13469,0,0.09949103494485219
13470,0,0.3909330566724141
13471,0,0.24009289840857187
13472,0,0.3466786742210388
13473,0,0.37042423089345294
13474,0,0.8505050539970398
13475,1,0.37241453925768536
13476,0,0.2603470633427302
13477,0,0.1487011561791102
13478,1,0.20738443235556284
13479,1,0.5423746705055237
13480,0,0.20872422556082407
13481,0,0.16412802040576935
13482,0,0.5423746705055237
13483,1,0.3909330566724141
13484,0,0.1270181139310201
13485,0,0.06798926492532094
13486,1,0.35522568225860596
13487,1,0.5148873527844747
13488,1,0.2952769100666046
13489,0,0.30120808879534405
13490,1,0.5792729655901591
13491,0,0.1270181139310201
13492,0,0.4267452855904897
13493,1,0.48190967241923016
13494,0,0.33012237151463825
13495,0,0.1241179605325063
13496,0,0.4145099918047587
13497,0,0.18658835689226785
13498,0,0.09041840707262357
13499,0,0.3204767107963562
13500,1,0.1487011561791102
13501,1,0.3909330566724141
13502,0,0.12495498359203339
13503,0,0.23960714042186737
13504,0,0.4145099918047587
13505,0,0.18658835689226785
13506,0,0.18658835689226785
13507,1,0.28418009479840595
13508,0,0.3909330566724141
13509,0,0.09949103494485219
13510,1,0.783443808555603
13511,0,0.5423746705055237
13512,0,0.14737562835216522
13513,1,0.10443828503290813
13514,0,0.28418009479840595
13515,0,0.09949103494485219
13516,0,0.3204767107963562
13517,0,0.06967103853821754
13518,0,0.22023382286230722
13519,0,0.4470456739266713
13520,0,0.09949103494485219
13521,0,0.09949103494485219
13522,1,0.28418009479840595
13523,1,0.6668280760447184
13524,1,0.6410865187644958
13525,0,0.09426016733050346
13526,1,0.5148873527844747
13527,0,0.1844381590684255
13528,0,0.5792729655901591
13529,1,0.14737562835216522
13530,0,0.2603470633427302
13531,0,0.4949026107788086
13532,0,0.0759682518740495
13533,0,0.4145099918047587
13534,0,0.1844381590684255
13535,1,0.5792729655901591
13536,0,0.1561077038447062
13537,0,0.15229111909866333
13538,1,0.09949103494485219
13539,0,0.12346120675404866
13540,1,0.8997557957967123
13541,0,0.0759682518740495
13542,1,0.5792729655901591
13543,0,0.11280007660388947
13544,0,0.1270181139310201
13545,0,0.09949103494485219
13546,1,0.22023382286230722
13547,1,0.3909330566724141
13548,0,0.2603470633427302
13549,0,0.33550431330998737
13550,1,0.08496410151322682
13551,1,0.33550431330998737
13552,0,0.11571220556894939
13553,0,0.1284903089205424
13554,0,0.33012237151463825
13555,1,0.6849722663561503
13556,0,0.1270181139310201
13557,0,0.0759682518740495
13558,0,0.09949103494485219
13559,0,0.22023382286230722
13560,0,0.5423746705055237
13561,1,0.6849722663561503
13562,1,0.22023382286230722
13563,0,0.4145099918047587
13564,0,0.22023382286230722
13565,0,0.1270181139310201
13566,0,0.09949103494485219
13567,0,0.18658835689226785
13568,1,0.19190336763858795
13569,0,0.0759682518740495
13570,0,0.6623546878496805
13571,0,0.1750787595907847
13572,0,0.15229111909866333
13573,0,0.31230490406354267
13574,0,0.47132567564646405
13575,1,0.22023382286230722
13576,0,0.31230490406354267
13577,0,0.28418009479840595
13578,1,0.20738443235556284
13579,0,0.5367150902748108
13580,0,0.22023382286230722
13581,0,0.12779168287913004
13582,1,0.33550431330998737
13583,0,0.5952912370363871
13584,0,0.12346120675404866
13585,1,0.09949103494485219
13586,1,0.4145099918047587
13587,1,0.06974428271253903
13588,0,0.7469152609507242
13589,1,0.6922701001167297
13590,0,0.24009289840857187
13591,0,0.3045484224955241
13592,1,0.5367150902748108
13593,0,0.28418009479840595
13594,0,0.09949103494485219
13595,0,0.1284903089205424
13596,0,0.0759682518740495
13597,1,0.6849722663561503
13598,1,0.5512032707532247
13599,1,0.22023382286230722
13600,0,0.10443828503290813
13601,0,0.3578697144985199
13602,1,0.6138366460800171
13603,1,0.7469152609507242
13604,1,0.8184640606244405
13605,1,0.8184640606244405
13606,1,0.24446296195189157
13607,0,0.09949103494485219
13608,1,0.6922701001167297
13609,0,0.09949103494485219
13610,0,0.16458010176817575
13611,1,0.6922701001167297
13612,1,0.5792729655901591
13613,0,0.09949103494485219
13614,0,0.33012237151463825
13615,1,0.08496410151322682
13616,0,0.2157363990942637
13617,0,0.09949103494485219
13618,0,0.5124448835849762
13619,0,0.06798926492532094
13620,0,0.09949103494485219
13621,0,0.22023382286230722
13622,0,0.09949103494485219
13623,1,0.6922701001167297
13624,0,0.17905397713184357
13625,0,0.5423746705055237
13626,0,0.31230490406354267
13627,0,0.12346120675404866
13628,0,0.18658835689226785
13629,0,0.33550431330998737
13630,1,0.4788922170797984
13631,1,0.8184640606244405
13632,0,0.09949103494485219
13633,0,0.6922701001167297
13634,1,0.574891726175944
13635,1,0.32741740345954895
13636,0,0.22023382286230722
13637,1,0.3204767107963562
13638,0,0.09426016733050346
13639,0,0.06798926492532094
13640,0,0.31230490406354267
13641,0,0.3909330566724141
13642,1,0.12495498359203339
13643,0,0.15229111909866333
13644,1,0.17905397713184357
13645,1,0.17905397713184357
13646,0,0.13134859005610147
13647,1,0.37241453925768536
13648,0,0.12767486770947775
13649,0,0.28418009479840595
13650,0,0.37241453925768536
13651,1,0.16412802040576935
13652,0,0.6623546878496805
13653,0,0.06798926492532094
13654,1,0.574891726175944
13655,0,0.6410865187644958
13656,1,0.9253968199094137
13657,1,0.35837329427401227
13658,0,0.09949103494485219
13659,0,0.15717355410257974
13660,0,0.10443828503290813
13661,0,0.09949103494485219
13662,0,0.30120808879534405
13663,1,0.574891726175944
13664,0,0.22023382286230722
13665,0,0.23599056402842203
13666,1,0.5952912370363871
13667,1,0.7230183283487955
13668,0,0.33550431330998737
13669,0,0.28418009479840595
13670,0,0.1270181139310201
13671,0,0.2603470633427302
13672,0,0.1750787595907847
13673,0,0.259466215968132
13674,1,0.6922701001167297
13675,1,0.4470456739266713
13676,0,0.37241453925768536
13677,0,0.4145099918047587
13678,0,0.22023382286230722
13679,0,0.06798926492532094
13680,0,0.06798926492532094
13681,1,0.783443808555603
13682,0,0.09949103494485219
13683,0,0.8184640606244405
13684,0,0.09949103494485219
13685,0,0.3204767107963562
13686,0,0.09949103494485219
13687,1,0.3909330566724141
13688,0,0.11215529839197795
13689,0,0.0797332338988781
13690,0,0.3578697144985199
13691,0,0.2603470633427302
13692,0,0.3680640757083893
13693,0,0.4470456739266713
13694,0,0.37042423089345294
13695,0,0.17292856176694235
13696,0,0.09949103494485219
13697,0,0.5952912370363871
13698,0,0.09949103494485219
13699,0,0.2603470633427302
13700,0,0.0759682518740495
13701,1,0.15717355410257974
13702,0,0.22023382286230722
13703,0,0.22023382286230722
13704,1,0.6292468110720316
13705,0,0.09949103494485219
13706,1,0.09949103494485219
13707,1,0.23599056402842203
13708,0,0.39732542634010315
13709,0,0.09949103494485219
13710,1,0.3204767107963562
13711,1,0.5148873527844747
13712,1,0.48190967241923016
13713,0,0.1270181139310201
13714,0,0.12128126124540965
13715,1,0.2157144397497177
13716,0,0.09949103494485219
13717,0,0.16458010176817575
13718,0,0.22023382286230722
13719,0,0.15717355410257974
13720,1,0.3578697144985199
13721,0,0.22023382286230722
13722,0,0.2862492501735687
13723,0,0.3045484224955241
13724,0,0.3578697144985199
13725,0,0.0759682518740495
13726,0,0.0759682518740495
13727,0,0.12779168287913004
13728,0,0.3378644684950511
13729,0,0.22023382286230722
13730,0,0.09949103494485219
13731,0,0.37042423089345294
13732,0,0.33165107170740765
13733,1,0.4145099918047587
13734,1,0.31230490406354267
13735,1,0.6922701001167297
13736,0,0.0759682518740495
13737,0,0.2952769100666046
13738,0,0.12062450746695201
13739,1,0.162674218416214
13740,0,0.09949103494485219
13741,0,0.3909330566724141
13742,1,0.5952912370363871
13743,1,0.18398607770601907
13744,1,0.22023382286230722
13745,0,0.28418009479840595
13746,1,0.37042423089345294
13747,0,0.12482619285583496
13748,0,0.08042190596461296
13749,0,0.22023382286230722
13750,0,0.09949103494485219
13751,0,0.09949103494485219
13752,0,0.2275924781958262
13753,0,0.33012237151463825
13754,1,0.4296649992465973
13755,0,0.09426016733050346
13756,1,0.6138366460800171
13757,1,0.32440749804178876
13758,0,0.1270181139310201
13759,0,0.37042423089345294
13760,0,0.09949103494485219
13761,0,0.09949103494485219
13762,1,0.37042423089345294
13763,1,0.31230490406354267
13764,0,0.6292468110720316
13765,0,0.09949103494485219
13766,0,0.2952769100666046
13767,0,0.09949103494485219
13768,1,0.558873454729716
13769,0,0.1270181139310201
13770,0,0.574891726175944
13771,0,0.22023382286230722
13772,0,0.33012237151463825
13773,0,0.3204767107963562
13774,0,0.20600426197052002
13775,0,0.2603470633427302
13776,0,0.24009289840857187
13777,0,0.12346120675404866
13778,0,0.09949103494485219
13779,0,0.12128126124540965
13780,0,0.28418009479840595
13781,1,0.5186862150828043
13782,1,0.14737562835216522
13783,0,0.09949103494485219
13784,1,0.1270181139310201
13785,1,0.3578697144985199
13786,0,0.2722251017888387
13787,0,0.3578697144985199
13788,1,0.6292468110720316
13789,1,0.259466215968132
13790,0,0.18658835689226785
13791,0,0.3909330566724141
13792,0,0.06974428271253903
13793,0,0.5792729655901591
13794,0,0.10799519220987956
13795,1,0.4470456739266713
13796,0,0.2603470633427302
13797,1,0.35837329427401227
13798,0,0.2603470633427302
13799,0,0.3909330566724141
13800,1,0.0759682518740495
13801,0,0.1270181139310201
13802,0,0.0759682518740495
13803,0,0.06798926492532094
13804,0,0.15229111909866333
13805,1,0.33012237151463825
13806,0,0.0759682518740495
13807,0,0.29057825605074566
13808,0,0.12767486770947775
13809,1,0.3909330566724141
13810,0,0.1241179605325063
13811,0,0.4145099918047587
13812,0,0.6623546878496805
13813,0,0.22023382286230722
13814,0,0.16412802040576935
13815,0,0.5330113768577576
13816,0,0.28418009479840595
13817,1,0.48190967241923016
13818,0,0.22023382286230722
13819,1,0.14737562835216522
13820,1,0.2157363990942637
13821,0,0.37042423089345294
13822,1,0.6849722663561503
13823,0,0.5952912370363871
13824,0,0.30120808879534405
13825,1,0.0759682518740495
13826,0,0.09949103494485219
13827,0,0.24009289840857187
13828,0,0.31230490406354267
13829,0,0.06967103853821754
13830,1,0.09949103494485219
13831,0,0.15347019334634146
13832,1,0.22023382286230722
13833,0,0.28418009479840595
13834,0,0.07428647826115291
13835,0,0.4485076665878296
13836,0,0.1270181139310201
13837,1,0.09949103494485219
13838,1,0.6842315196990967
13839,1,0.22023382286230722
13840,0,0.3578697144985199
13841,0,0.3909330566724141
13842,0,0.2952769100666046
13843,1,0.7641592224438986
13844,0,0.35837329427401227
13845,0,0.6449512441953024
13846,0,0.3909330566724141
13847,0,0.4788922170797984
13848,0,0.09949103494485219
13849,0,0.10443828503290813
13850,0,0.3909330566724141
13851,0,0.28418009479840595
13852,0,0.10304794212182362
13853,0,0.4519798854986827
13854,0,0.37042423089345294
13855,0,0.09949103494485219
13856,0,0.06798926492532094
13857,0,0.0759682518740495
13858,0,0.3909330566724141
13859,0,0.37042423089345294
13860,0,0.09426016733050346
13861,0,0.37042423089345294
13862,0,0.06798926492532094
13863,1,0.17292856176694235
13864,1,0.4485076665878296
13865,1,0.6849722663561503
13866,1,0.22023382286230722
13867,0,0.1284903089205424
13868,1,0.17682533462842306
13869,0,0.35367464025815326
13870,0,0.12062450746695201
13871,1,0.7327996293703715
13872,0,0.12779168287913004
13873,1,0.3045484224955241
13874,0,0.09949103494485219
13875,1,0.5792729655901591
13876,1,0.2603470633427302
13877,0,0.1298374185959498
13878,0,0.33012237151463825
13879,0,0.09949103494485219
13880,1,0.4788922170797984
13881,0,0.5952912370363871
13882,0,0.09949103494485219
13883,0,0.1270181139310201
13884,1,0.6922701001167297
13885,0,0.09949103494485219
13886,1,0.4788922170797984
13887,0,0.5423746705055237
13888,0,0.2952769100666046
13889,1,0.8962544004122416
13890,0,0.09949103494485219
13891,0,0.3466786742210388
13892,1,0.3909330566724141
13893,0,0.09949103494485219
13894,1,0.7508884072303772
13895,0,0.22023382286230722
13896,0,0.09949103494485219
13897,0,0.2603470633427302
13898,1,0.7641592224438986
13899,1,0.3204767107963562
13900,1,0.16458010176817575
13901,1,0.3909330566724141
13902,0,0.07428647826115291
13903,0,0.09949103494485219
13904,0,0.22023382286230722
13905,0,0.13259035845597586
13906,0,0.12779168287913004
13907,1,0.4470456739266713
13908,1,0.17905397713184357
13909,0,0.09949103494485219
13910,0,0.09949103494485219
13911,0,0.12779168287913004
13912,0,0.15229111909866333
13913,0,0.3204767107963562
13914,1,0.6922701001167297
13915,0,0.1750787595907847
13916,0,0.24009289840857187
13917,0,0.6842315196990967
13918,0,0.28418009479840595
13919,1,0.4470456739266713
13920,1,0.22023382286230722
13921,0,0.2603470633427302
13922,0,0.22023382286230722
13923,0,0.5025806725025177
13924,0,0.06798926492532094
13925,0,0.2647472719351451
13926,0,0.5148873527844747
13927,1,0.28418009479840595
13928,0,0.170196533203125
13929,0,0.09949103494485219
13930,0,0.09949103494485219
13931,0,0.09949103494485219
13932,0,0.4704061547915141
13933,0,0.1954602748155594
13934,0,0.28418009479840595
13935,0,0.09949103494485219
13936,1,0.22023382286230722
13937,0,0.4949026107788086
13938,0,0.10443828503290813
13939,1,0.4828291932741801
13940,0,0.6623546878496805
13941,0,0.1270181139310201
13942,0,0.23960714042186737
13943,1,0.6842315196990967
13944,0,0.12062450746695201
13945,0,0.3909330566724141
13946,1,0.31230490406354267
13947,0,0.12062450746695201
13948,0,0.34984374046325684
13949,0,0.33550431330998737
13950,0,0.18658835689226785
13951,0,0.09949103494485219
13952,1,0.6922701001167297
13953,0,0.09949103494485219
13954,1,0.37042423089345294
13955,0,0.22023382286230722
13956,0,0.09949103494485219
13957,0,0.3575858374436696
13958,0,0.19190336763858795
13959,1,0.6292468110720316
13960,0,0.09949103494485219
13961,1,0.17905397713184357
13962,0,0.37042423089345294
13963,1,0.28418009479840595
13964,0,0.5423746705055237
13965,0,0.20600426197052002
13966,0,0.09949103494485219
13967,0,0.19315487146377563
13968,1,0.3917698760827382
13969,1,0.32440749804178876
13970,0,0.4788922170797984
13971,1,0.4470456739266713
13972,1,0.3909330566724141
13973,0,0.3204767107963562
13974,0,0.13267411788304648
13975,0,0.09949103494485219
13976,0,0.24009289840857187
13977,0,0.37042423089345294
13978,0,0.2603470633427302
13979,0,0.27074643472830456
13980,0,0.12779168287913004
13981,0,0.09949103494485219
13982,0,0.06798926492532094
13983,0,0.16412802040576935
13984,1,0.7508884072303772
13985,1,0.6922701001167297
13986,0,0.2743929326534271
13987,0,0.6623546878496805
13988,0,0.31230490406354267
13989,0,0.28418009479840595
13990,1,0.2157363990942637
13991,0,0.4788922170797984
13992,0,0.09949103494485219
13993,0,0.15717355410257974
13994,1,0.0759682518740495
13995,0,0.33550431330998737
13996,0,0.6849722663561503
13997,1,0.3204767107963562
13998,1,0.14737562835216522
13999,0,0.15229111909866333
14000,0,0.15229111909866333
14001,0,0.15225806335608164
14002,0,0.15717355410257974
14003,0,0.11215529839197795
14004,0,0.20600426197052002
14005,1,0.15717355410257974
14006,0,0.33550431330998737
14007,0,0.12767486770947775
14008,0,0.5423746705055237
14009,0,0.1270181139310201
14010,1,0.33012237151463825
14011,0,0.1769037793080012
14012,0,0.09949103494485219
14013,0,0.06798926492532094
14014,0,0.14737562835216522
14015,0,0.06798926492532094
14016,1,0.8212418357531229
14017,0,0.2003757655620575
14018,1,0.8962544004122416
14019,0,0.37042423089345294
14020,0,0.3032772441705068
14021,1,0.6922701001167297
14022,1,0.6922701001167297
14023,0,0.13267411788304648
14024,1,0.3472764790058136
14025,1,0.5148873527844747
14026,0,0.09949103494485219
14027,0,0.4145099918047587
14028,0,0.10545454422632854
14029,1,0.22023382286230722
14030,0,0.16458010176817575
14031,0,0.15225806335608164
14032,0,0.5186862150828043
14033,1,0.6849722663561503
14034,0,0.28418009479840595
14035,0,0.3909330566724141
14036,0,0.19190336763858795
14037,0,0.06798926492532094
14038,0,0.5792729655901591
14039,1,0.15526767075061798
14040,0,0.29303882519404095
14041,0,0.1270181139310201
14042,0,0.4519798854986827
14043,0,0.09949103494485219
14044,1,0.12128126124540965
14045,0,0.09949103494485219
14046,0,0.30120808879534405
14047,1,0.6922701001167297
14048,0,0.06974428271253903
14049,1,0.37042423089345294
14050,0,0.8184640606244405
14051,0,0.22023382286230722
14052,1,0.48190967241923016
14053,0,0.2603470633427302
14054,1,0.6849722663561503
14055,0,0.09949103494485219
14056,0,0.09949103494485219
14057,1,0.6922701001167297
14058,0,0.7641592224438986
14059,0,0.09949103494485219
14060,0,0.12767486770947775
14061,0,0.31230490406354267
14062,0,0.37042423089345294
14063,0,0.1750787595907847
14064,0,0.4470456739266713
14065,0,0.09949103494485219
14066,1,0.22023382286230722
14067,0,0.2157363990942637
14068,0,0.27977487444877625
14069,0,0.6410865187644958
14070,0,0.6769851446151733
14071,0,0.8184640606244405
14072,0,0.09949103494485219
14073,1,0.5367150902748108
14074,1,0.12346120675404866
14075,0,0.5952912370363871
14076,0,0.06798926492532094
14077,0,0.18658835689226785
14078,0,0.12228554487228394
14079,1,0.4788922170797984
14080,0,0.2603470633427302
14081,0,0.1270181139310201
14082,0,0.18398607770601907
14083,0,0.2603470633427302
14084,0,0.6410865187644958
14085,1,0.4267452855904897
14086,0,0.20600426197052002
14087,0,0.6849722663561503
14088,0,0.15229111909866333
14089,0,0.5423746705055237
14090,0,0.39732542634010315
14091,0,0.12495498359203339
14092,0,0.4378194808959961
14093,0,0.22023382286230722
14094,0,0.1241179605325063
14095,0,0.0797332338988781
14096,1,0.6795483430226644
14097,0,0.22023382286230722
14098,1,0.6623546878496805
14099,1,0.4470456739266713
14100,1,0.33012237151463825
14101,1,0.06798926492532094
14102,0,0.09949103494485219
14103,0,0.09949103494485219
14104,0,0.3909330566724141
14105,1,0.22023382286230722
14106,1,0.783443808555603
14107,0,0.09949103494485219
14108,0,0.33550431330998737
14109,0,0.22023382286230722
14110,1,0.48190967241923016
14111,0,0.48190967241923016
14112,0,0.18658835689226785
14113,0,0.3680640757083893
14114,0,0.09426016733050346
14115,0,0.09949103494485219
14116,0,0.14737562835216522
14117,1,0.33012237151463825
14118,0,0.11215529839197795
14119,0,0.37042423089345294
14120,0,0.12447746594746907
14121,0,0.7469152609507242
14122,1,0.1220967024564743
14123,1,0.06798926492532094
14124,0,0.16458010176817575
14125,0,0.12346120675404866
14126,1,0.8184640606244405
14127,0,0.12767486770947775
14128,0,0.5186862150828043
14129,0,0.22023382286230722
14130,1,0.5423746705055237
14131,1,0.09479708721240361
14132,0,0.1284903089205424
14133,0,0.3909330566724141
14134,1,0.13134859005610147
14135,0,0.06974428271253903
14136,0,0.13134859005610147
14137,0,0.3578697144985199
14138,0,0.5792729655901591
14139,0,0.12767486770947775
14140,1,0.06798926492532094
14141,1,0.3578697144985199
14142,0,0.0759682518740495
14143,1,0.5367150902748108
14144,1,0.5952912370363871
14145,0,0.17292856176694235
14146,0,0.2603470633427302
14147,0,0.24009289840857187
14148,0,0.12767486770947775
14149,0,0.6922701001167297
14150,0,0.23960714042186737
14151,0,0.14737562835216522
14152,1,0.6623546878496805
14153,1,0.22023382286230722
14154,0,0.15966461102167764
14155,0,0.09949103494485219
14156,0,0.15225806335608164
14157,0,0.0759682518740495
14158,1,0.31230490406354267
14159,0,0.06798926492532094
14160,1,0.6842315196990967
14161,0,0.22023382286230722
14162,0,0.09949103494485219
14163,0,0.09949103494485219
14164,1,0.8505050539970398
14165,0,0.09949103494485219
14166,1,0.30937989552815753
14167,0,0.22023382286230722
14168,0,0.3578697144985199
14169,1,0.5423746705055237
14170,0,0.1220967024564743
14171,1,0.6623546878496805
14172,1,0.4667024413744609
14173,0,0.22023382286230722
14174,0,0.09949103494485219
14175,0,0.19190336763858795
14176,1,0.12779168287913004
14177,1,0.4145099918047587
14178,0,0.0759682518740495
14179,0,0.7641592224438986
14180,0,0.31230490406354267
14181,0,0.17214917639891306
14182,1,0.33012237151463825
14183,0,0.11215529839197795
14184,1,0.6292468110720316
14185,0,0.06798926492532094
14186,0,0.1606395790974299
14187,0,0.48190967241923016
14188,0,0.09949103494485219
14189,1,0.1284903089205424
14190,0,0.17247648040453592
14191,1,0.35837329427401227
14192,0,0.09089449668924014
14193,0,0.10443828503290813
14194,0,0.09949103494485219
14195,0,0.09949103494485219
14196,1,0.4470456739266713
14197,0,0.12779168287913004
14198,1,0.4145099918047587
14199,1,0.09949103494485219
14200,0,0.2603470633427302
14201,1,0.783443808555603
14202,1,0.7508884072303772
14203,0,0.28418009479840595
14204,0,0.3204767107963562
14205,0,0.33012237151463825
14206,1,0.8997557957967123
14207,0,0.1606395790974299
14208,0,0.10443828503290813
14209,1,0.5850475827852885
14210,0,0.39732542634010315
14211,0,0.09949103494485219
14212,0,0.22023382286230722
14213,0,0.28418009479840595
14214,0,0.09949103494485219
14215,0,0.16458010176817575
14216,0,0.32109471162160236
14217,0,0.09949103494485219
14218,0,0.07428647826115291
14219,0,0.3909330566724141
14220,1,0.15717355410257974
14221,1,0.18658835689226785
14222,1,0.5186862150828043
14223,0,0.14737562835216522
14224,0,0.09949103494485219
14225,0,0.12482619285583496
14226,1,0.28418009479840595
14227,0,0.28418009479840595
14228,0,0.293194979429245
14229,0,0.5792729655901591
14230,0,0.1270181139310201
14231,0,0.07428647826115291
14232,0,0.09949103494485219
14233,0,0.09949103494485219
14234,1,0.8184640606244405
14235,0,0.39732542634010315
14236,0,0.09949103494485219
14237,0,0.33550431330998737
14238,1,0.4470456739266713
14239,0,0.09949103494485219
14240,0,0.18658835689226785
14241,1,0.2722251017888387
14242,0,0.37042423089345294
14243,1,0.28418009479840595
14244,1,0.6292468110720316
14245,1,0.1270181139310201
14246,1,0.3045484224955241
14247,0,0.3578697144985199
14248,0,0.22023382286230722
14249,0,0.1764516979455948
14250,1,0.3045484224955241
14251,1,0.45444268981615704
14252,0,0.12767486770947775
14253,0,0.48190967241923016
14254,1,0.6842315196990967
14255,0,0.09949103494485219
14256,0,0.09949103494485219
14257,0,0.19190336763858795
14258,0,0.1270181139310201
14259,0,0.09949103494485219
14260,0,0.27930842339992523
14261,0,0.3909330566724141
14262,1,0.2157363990942637
14263,0,0.06798926492532094
14264,0,0.5792729655901591
14265,1,0.2708360254764557
14266,1,0.7641592224438986
14267,1,0.23960714042186737
14268,0,0.6922701001167297
14269,0,0.22023382286230722
14270,1,0.6292468110720316
14271,1,0.4788922170797984
14272,0,0.09949103494485219
14273,0,0.06798926492532094
14274,0,0.23954747120539346
14275,0,0.09949103494485219
14276,1,0.7469152609507242
14277,0,0.06798926492532094
14278,1,0.12767486770947775
14279,0,0.7508884072303772
14280,0,0.09949103494485219
14281,0,0.2786232630411784
14282,1,0.22023382286230722
14283,0,0.1270181139310201
14284,0,0.3909330566724141
14285,0,0.1750787595907847
14286,1,0.48190967241923016
14287,0,0.6849722663561503
14288,0,0.09949103494485219
14289,0,0.09949103494485219
14290,1,0.5367150902748108
14291,1,0.2603470633427302
14292,0,0.3204767107963562
14293,1,0.558873454729716
14294,0,0.09949103494485219
14295,0,0.13134859005610147
14296,1,0.9306367834409078
14297,0,0.08496410151322682
14298,0,0.2603470633427302
14299,0,0.31230490406354267
14300,1,0.3909330566724141
14301,0,0.5423746705055237
14302,1,0.4788922170797984
14303,1,0.6922701001167297
14304,0,0.15229111909866333
14305,0,0.16552201410134634
14306,1,0.24416237076123556
14307,0,0.28418009479840595
14308,0,0.0759682518740495
14309,1,0.8997557957967123
14310,1,0.6849722663561503
14311,0,0.2603470633427302
14312,0,0.1606395790974299
14313,0,0.2603470633427302
14314,0,0.12767486770947775
14315,1,0.7508884072303772
14316,0,0.12767486770947775
14317,0,0.09949103494485219
14318,0,0.36022986968358356
14319,1,0.13134859005610147
14320,1,0.5025806725025177
14321,0,0.09949103494485219
14322,0,0.0797332338988781
14323,0,0.0759682518740495
14324,0,0.33550431330998737
14325,0,0.37042423089345294
14326,0,0.12767486770947775
14327,1,0.8184640606244405
14328,0,0.12779168287913004
14329,1,0.3909330566724141
14330,0,0.13267411788304648
14331,1,0.09949103494485219
14332,1,0.24048798779646555
14333,1,0.14737562835216522
14334,1,0.5423746705055237
14335,0,0.09949103494485219
14336,0,0.4145099918047587
14337,0,0.13134859005610147
14338,0,0.22023382286230722
14339,1,0.3909330566724141
14340,0,0.13134859005610147
14341,1,0.09949103494485219
14342,0,0.6292468110720316
14343,0,0.06798926492532094
14344,0,0.6292468110720316
14345,0,0.17905397713184357
14346,0,0.3204767107963562
14347,1,0.6623546878496805
14348,1,0.12346120675404866
14349,0,0.11215529839197795
14350,0,0.18658835689226785
14351,0,0.09949103494485219
14352,0,0.09949103494485219
14353,0,0.3909330566724141
14354,0,0.31230490406354267
14355,0,0.6849722663561503
14356,0,0.3917698760827382
14357,0,0.32741740345954895
14358,0,0.1270181139310201
14359,0,0.48190967241923016
14360,0,0.1270181139310201
14361,0,0.16412802040576935
14362,1,0.5423746705055237
14363,0,0.09949103494485219
14364,0,0.09949103494485219
14365,0,0.3680640757083893
14366,0,0.22023382286230722
14367,0,0.08665342504779498
14368,0,0.2157363990942637
14369,0,0.09949103494485219
14370,1,0.12495498359203339
14371,0,0.5792729655901591
14372,1,0.5952912370363871
14373,0,0.07100943227608998
14374,0,0.22062993049621582
14375,0,0.3466786742210388
14376,0,0.12767486770947775
14377,0,0.1284903089205424
14378,1,0.6190909544626871
14379,0,0.15229111909866333
14380,0,0.09949103494485219
14381,1,0.33012237151463825
14382,0,0.6849722663561503
14383,0,0.09949103494485219
14384,1,0.09949103494485219
14385,0,0.13134859005610147
14386,0,0.10799519220987956
14387,0,0.09949103494485219
14388,1,0.48190967241923016
14389,0,0.09949103494485219
14390,0,0.3578697144985199
14391,0,0.5627741813659668
14392,0,0.12128126124540965
14393,0,0.24009289840857187
14394,0,0.37042423089345294
14395,1,0.27429425716400146
14396,1,0.15225806335608164
14397,1,0.5423746705055237
14398,1,0.5186862150828043
14399,0,0.5367150902748108
14400,0,0.4145099918047587
14401,0,0.1606395790974299
14402,0,0.12482619285583496
14403,0,0.14737562835216522
14404,0,0.13259035845597586
14405,0,0.31230490406354267
14406,1,0.37042423089345294
14407,0,0.0956492746869723
14408,1,0.08496410151322682
14409,0,0.3204767107963562
14410,0,0.09426016733050346
14411,1,0.33012237151463825
14412,1,0.4788922170797984
14413,0,0.299166480700175
14414,0,0.12346120675404866
14415,0,0.1606395790974299
14416,0,0.37042423089345294
14417,0,0.49421635270118713
14418,1,0.1487011561791102
14419,0,0.33012237151463825
14420,0,0.22023382286230722
14421,0,0.5186862150828043
14422,0,0.574891726175944
14423,0,0.24009289840857187
14424,0,0.1844381590684255
14425,0,0.1270181139310201
14426,0,0.11571220556894939
14427,1,0.4788922170797984
14428,1,0.1270181139310201
14429,0,0.22023382286230722
14430,0,0.12767486770947775
14431,1,0.12346120675404866
14432,0,0.13267411788304648
14433,0,0.09949103494485219
14434,0,0.09949103494485219
14435,1,0.2157363990942637
14436,0,0.17247648040453592
14437,0,0.18398607770601907
14438,1,0.3909330566724141
14439,0,0.09949103494485219
14440,0,0.26241621871789295
14441,1,0.3909330566724141
14442,0,0.4788922170797984
14443,0,0.12767486770947775
14444,0,0.48190967241923016
14445,1,0.7641592224438986
14446,0,0.2603470633427302
14447,0,0.3204767107963562
14448,0,0.31230490406354267
14449,0,0.33012237151463825
14450,0,0.20872422556082407
14451,1,0.6849722663561503
14452,0,0.6922701001167297
14453,0,0.5792729655901591
14454,0,0.33012237151463825
14455,0,0.13259035845597586
14456,0,0.4145099918047587
14457,0,0.30120808879534405
14458,0,0.09426016733050346
14459,0,0.1270181139310201
14460,0,0.6292468110720316
14461,0,0.33012237151463825
14462,1,0.22023382286230722
14463,1,0.6842315196990967
14464,1,0.5792729655901591
14465,1,0.3909330566724141
14466,1,0.35522568225860596
14467,0,0.09949103494485219
14468,0,0.15229111909866333
14469,0,0.15229111909866333
14470,0,0.17292856176694235
14471,1,0.4470456739266713
14472,0,0.31230490406354267
14473,1,0.6849722663561503
14474,0,0.6849722663561503
14475,1,0.6845687031745911
14476,0,0.1750787595907847
14477,0,0.1270181139310201
14478,0,0.46309099594751996
14479,0,0.5952912370363871
14480,1,0.5952912370363871
14481,1,0.11317155758539836
14482,1,0.12062450746695201
14483,0,0.09949103494485219
14484,0,0.12493340174357097
14485,0,0.4145099918047587
14486,0,0.1270181139310201
14487,0,0.06798926492532094
14488,0,0.12346120675404866
14489,1,0.14737562835216522
14490,0,0.18658835689226785
14491,0,0.3909330566724141
14492,0,0.24416237076123556
14493,0,0.06798926492532094
14494,1,0.5952912370363871
14495,0,0.13134859005610147
14496,1,0.5952912370363871
14497,1,0.22023382286230722
14498,0,0.22023382286230722
14499,0,0.3204767107963562
14500,1,0.4470456739266713
14501,1,0.5423746705055237
14502,0,0.15229111909866333
14503,0,0.06798926492532094
14504,0,0.11317155758539836
14505,0,0.1334057996670405
14506,0,0.6849722663561503
14507,0,0.3204767107963562
14508,1,0.6842315196990967
14509,0,0.09949103494485219
14510,0,0.09041840707262357
14511,0,0.35837329427401227
14512,0,0.3578697144985199
14513,0,0.09949103494485219
14514,0,0.4519798854986827
14515,1,0.6842315196990967
14516,0,0.24446296195189157
14517,0,0.3680640757083893
14518,0,0.1270181139310201
14519,1,0.32741740345954895
14520,1,0.3909330566724141
14521,0,0.09949103494485219
14522,0,0.06974428271253903
14523,0,0.5792729655901591
14524,0,0.5792729655901591
14525,0,0.1284903089205424
14526,0,0.5423746705055237
14527,0,0.6292468110720316
14528,1,0.14737562835216522
14529,0,0.12482619285583496
14530,0,0.6623546878496805
14531,0,0.4145099918047587
14532,0,0.12062450746695201
14533,0,0.09949103494485219
14534,0,0.6418395439783732
14535,0,0.10443828503290813
14536,0,0.6922701001167297
14537,1,0.4788922170797984
14538,0,0.1270181139310201
14539,0,0.09041840707262357
14540,0,0.11215529839197795
14541,0,0.28418009479840595
14542,0,0.1270181139310201
14543,0,0.09949103494485219
14544,0,0.1270181139310201
14545,1,0.23954747120539346
14546,1,0.5792729655901591
14547,0,0.09949103494485219
14548,0,0.06798926492532094
14549,1,0.4470456739266713
14550,0,0.18658835689226785
14551,1,0.35522568225860596
14552,1,0.37042423089345294
14553,0,0.18658835689226785
14554,1,0.783443808555603
14555,0,0.3204767107963562
14556,1,0.16949723164240518
14557,0,0.4470456739266713
14558,0,0.13626408080259958
14559,0,0.09949103494485219
14560,0,0.12062450746695201
14561,1,0.6922701001167297
14562,1,0.24048798779646555
14563,1,0.35522568225860596
14564,0,0.12062450746695201
14565,0,0.12767486770947775
14566,1,0.6658740441004435
14567,0,0.3204767107963562
14568,1,0.3909330566724141
14569,1,0.37241453925768536
14570,0,0.12062450746695201
14571,0,0.3204767107963562
14572,1,0.5423746705055237
14573,1,0.09949103494485219
14574,0,0.1270181139310201
14575,0,0.1556556224822998
14576,0,0.09426016733050346
14577,0,0.0759682518740495
14578,1,0.7508884072303772
14579,0,0.09949103494485219
14580,1,0.22023382286230722
14581,0,0.09949103494485219
14582,1,0.09949103494485219
14583,0,0.13134859005610147
14584,0,0.19190336763858795
14585,1,0.3909330566724141
14586,0,0.09426016733050346
14587,0,0.23960714042186737
14588,0,0.32741740345954895
14589,0,0.09949103494485219
14590,0,0.2603470633427302
14591,1,0.7469152609507242
14592,1,0.2708360254764557
14593,1,0.5423746705055237
14594,0,0.34284211198488873
14595,0,0.48190967241923016
14596,0,0.4485076665878296
14597,0,0.18658835689226785
14598,0,0.3909330566724141
14599,0,0.5367150902748108
14600,0,0.1284903089205424
14601,0,0.12767486770947775
14602,0,0.1334057996670405
14603,0,0.1270181139310201
14604,0,0.09949103494485219
14605,1,0.37042423089345294
14606,0,0.09949103494485219
14607,1,0.6410865187644958
14608,1,0.5952912370363871
14609,0,0.22023382286230722
14610,0,0.22023382286230722
14611,1,0.3909330566724141
14612,0,0.09949103494485219
14613,1,0.17905397713184357
14614,0,0.1270181139310201
14615,1,0.6292468110720316
14616,0,0.1270181139310201
14617,0,0.30937989552815753
14618,1,0.7469152609507242
14619,0,0.09949103494485219
14620,1,0.8184640606244405
14621,0,0.14737562835216522
14622,0,0.12779168287913004
14623,0,0.17292856176694235
14624,1,0.3578697144985199
14625,0,0.12346120675404866
14626,0,0.09949103494485219
14627,0,0.22023382286230722
14628,0,0.09949103494485219
14629,0,0.3204767107963562
14630,0,0.23960714042186737
14631,0,0.12346120675404866
14632,0,0.12767486770947775
14633,1,0.5186862150828043
14634,0,0.20872422556082407
14635,0,0.10443828503290813
14636,0,0.3909330566724141
14637,0,0.07343602056304614
14638,0,0.0759682518740495
14639,0,0.5148873527844747
14640,0,0.1270181139310201
14641,1,0.22023382286230722
14642,0,0.18658835689226785
14643,0,0.09410820032159488
14644,0,0.28418009479840595
14645,0,0.33550431330998737
14646,0,0.1270181139310201
14647,1,0.33550431330998737
14648,0,0.10443828503290813
14649,1,0.783443808555603
14650,1,0.3909330566724141
14651,0,0.09041840707262357
14652,0,0.06798926492532094
14653,0,0.5423746705055237
14654,0,0.1750787595907847
14655,0,0.33012237151463825
14656,0,0.12767486770947775
14657,0,0.5952912370363871
14658,0,0.28418009479840595
14659,1,0.4145099918047587
14660,1,0.6922701001167297
14661,0,0.0759682518740495
14662,0,0.09426016733050346
14663,1,0.2647472719351451
14664,1,0.24009289840857187
14665,0,0.09949103494485219
14666,1,0.6849722663561503
14667,1,0.1561077038447062
14668,1,0.4234687387943268
14669,0,0.17247648040453592
14670,0,0.09949103494485219
14671,0,0.5423746705055237
14672,0,0.37241453925768536
14673,0,0.3909330566724141
14674,0,0.3578697144985199
14675,0,0.22023382286230722
14676,0,0.0797332338988781
14677,0,0.3204767107963562
14678,0,0.09949103494485219
14679,0,0.37042423089345294
14680,0,0.09949103494485219
14681,0,0.12062450746695201
14682,0,0.06798926492532094
14683,0,0.06798926492532094
14684,0,0.06798926492532094
14685,1,0.8184640606244405
14686,0,0.49421635270118713
14687,0,0.3909330566724141
14688,1,0.12767486770947775
14689,0,0.1270181139310201
14690,0,0.7469152609507242
14691,0,0.37042423089345294
14692,1,0.6292468110720316
14693,0,0.12346120675404866
14694,0,0.28418009479840595
14695,0,0.09949103494485219
14696,0,0.11571220556894939
14697,0,0.37042423089345294
14698,0,0.6623546878496805
14699,0,0.17292856176694235
14700,0,0.18658835689226785
14701,0,0.6849722663561503
14702,0,0.3578697144985199
14703,1,0.23599056402842203
14704,1,0.3204767107963562
14705,0,0.24009289840857187
14706,1,0.39732542634010315
14707,1,0.7641592224438986
14708,1,0.39732542634010315
14709,1,0.6292468110720316
14710,0,0.09949103494485219
14711,0,0.09949103494485219
14712,0,0.10609757403532664
14713,0,0.09949103494485219
14714,1,0.29057825605074566
14715,0,0.31230490406354267
14716,1,0.5367150902748108
14717,1,0.3909330566724141
14718,0,0.5627741813659668
14719,0,0.11215529839197795
14720,0,0.18658835689226785
14721,0,0.09949103494485219
14722,0,0.6922701001167297
14723,0,0.09949103494485219
14724,0,0.09949103494485219
14725,0,0.5423746705055237
14726,0,0.09949103494485219
14727,0,0.34284211198488873
14728,0,0.4788922170797984
14729,0,0.09949103494485219
14730,0,0.22023382286230722
14731,1,0.15347019334634146
14732,0,0.15229111909866333
14733,0,0.09949103494485219
14734,0,0.1334057996670405
14735,0,0.09401528785626094
14736,1,0.3204767107963562
14737,0,0.09949103494485219
14738,1,0.13134859005610147
14739,0,0.5952912370363871
14740,0,0.1270181139310201
14741,1,0.5792729655901591
14742,0,0.0759682518740495
14743,0,0.09949103494485219
14744,1,0.5005621910095215
14745,0,0.24009289840857187
14746,1,0.28418009479840595
14747,0,0.4519798854986827
14748,0,0.4470456739266713
14749,1,0.7508884072303772
14750,0,0.3578697144985199
14751,0,0.2722251017888387
14752,0,0.09426016733050346
14753,0,0.14737562835216522
14754,1,0.35522568225860596
14755,0,0.4470456739266713
14756,1,0.783443808555603
14757,1,0.16552201410134634
14758,0,0.18658835689226785
14759,0,0.30120808879534405
14760,0,0.2603470633427302
14761,0,0.1270181139310201
14762,1,0.6547860105832418
14763,0,0.12767486770947775
14764,0,0.28418009479840595
14765,0,0.22023382286230722
14766,1,0.4267452855904897
14767,0,0.17247648040453592
14768,0,0.4788922170797984
14769,0,0.6292468110720316
14770,1,0.4267452855904897
14771,0,0.3909330566724141
14772,0,0.1270181139310201
14773,1,0.5351849993069967
14774,1,0.7469152609507242
14775,0,0.3909330566724141
14776,1,0.558873454729716
14777,0,0.34284211198488873
14778,0,0.15229111909866333
14779,0,0.7641592224438986
14780,0,0.12128126124540965
14781,1,0.23960714042186737
14782,0,0.12767486770947775
14783,0,0.22023382286230722
14784,1,0.5792729655901591
14785,0,0.09949103494485219
14786,0,0.2157363990942637
14787,0,0.09949103494485219
14788,0,0.10799519220987956
14789,0,0.39732542634010315
14790,0,0.09949103494485219
14791,0,0.18658835689226785
14792,0,0.09949103494485219
14793,1,0.3909330566724141
14794,0,0.15229111909866333
14795,0,0.09949103494485219
14796,0,0.11215529839197795
14797,1,0.8997557957967123
14798,1,0.09426016733050346
14799,0,0.1270181139310201
14800,1,0.12767486770947775
14801,0,0.1844381590684255
14802,0,0.22023382286230722
14803,0,0.12767486770947775
14804,0,0.23960714042186737
14805,1,0.37042423089345294
14806,0,0.4788922170797984
14807,0,0.22023382286230722
14808,0,0.37042423089345294
14809,0,0.28418009479840595
14810,0,0.09949103494485219
14811,0,0.14737562835216522
14812,0,0.6449512441953024
14813,0,0.4470456739266713
14814,0,0.3204767107963562
14815,0,0.12346120675404866
14816,0,0.06798926492532094
14817,0,0.09949103494485219
14818,0,0.16458010176817575
14819,0,0.3680640757083893
14820,0,0.06974428271253903
14821,0,0.4485076665878296
14822,0,0.3909330566724141
14823,0,0.4788922170797984
14824,0,0.22023382286230722
14825,0,0.36022986968358356
14826,0,0.22023382286230722
14827,1,0.5952912370363871
14828,1,0.5382024546464285
14829,0,0.22023382286230722
14830,0,0.12767486770947775
14831,0,0.09949103494485219
14832,0,0.22023382286230722
14833,1,0.783443808555603
14834,1,0.5148873527844747
14835,0,0.09949103494485219
14836,1,0.09949103494485219
14837,1,0.6623546878496805
14838,1,0.33012237151463825
14839,0,0.15225806335608164
14840,0,0.09949103494485219
14841,0,0.6190909544626871
14842,0,0.24446296195189157
14843,0,0.7469152609507242
14844,1,0.09949103494485219
14845,0,0.18398607770601907
14846,1,0.34984374046325684
14847,0,0.18658835689226785
14848,1,0.783443808555603
14849,0,0.6842315196990967
14850,0,0.18658835689226785
14851,0,0.09949103494485219
14852,0,0.1844381590684255
14853,0,0.11571220556894939
14854,0,0.5367150902748108
14855,0,0.1270181139310201
14856,0,0.2603470633427302
14857,1,0.6849722663561503
14858,0,0.15347019334634146
14859,1,0.11215529839197795
14860,0,0.1270181139310201
14861,0,0.11215529839197795
14862,0,0.07428647826115291
14863,0,0.4470456739266713
14864,1,0.4788922170797984
14865,0,0.20600426197052002
14866,0,0.15229111909866333
14867,1,0.7641592224438986
14868,1,0.3204767107963562
14869,1,0.4788922170797984
14870,1,0.6849722663561503
14871,0,0.1270181139310201
14872,0,0.3204767107963562
14873,1,0.0759682518740495
14874,0,0.1270181139310201
14875,0,0.1163569837808609
14876,0,0.33550431330998737
14877,1,0.3909330566724141
14878,0,0.09949103494485219
14879,0,0.12767486770947775
14880,0,0.09949103494485219
14881,1,0.12346120675404866
14882,1,0.15347019334634146
14883,0,0.09949103494485219
14884,0,0.09949103494485219
14885,0,0.783443808555603
14886,0,0.4470456739266713
14887,0,0.1284903089205424
14888,0,0.09949103494485219
14889,0,0.09949103494485219
14890,1,0.6623546878496805
14891,0,0.07428647826115291
14892,1,0.12779168287913004
14893,0,0.09949103494485219
14894,0,0.12495498359203339
14895,0,0.24009289840857187
14896,0,0.10443828503290813
14897,0,0.15229111909866333
14898,0,0.5952912370363871
14899,1,0.6449512441953024
14900,0,0.2743929326534271
14901,0,0.42829567193984985
14902,1,0.1487011561791102
14903,0,0.16458010176817575
14904,1,0.48190967241923016
14905,0,0.4667024413744609
14906,0,0.1284903089205424
14907,1,0.15717355410257974
14908,0,0.09949103494485219
14909,0,0.12346120675404866
14910,1,0.3780946632226308
14911,1,0.8505050539970398
14912,0,0.22023382286230722
14913,0,0.1298374185959498
14914,0,0.06974428271253903
14915,0,0.06798926492532094
14916,0,0.3032772441705068
14917,1,0.6449512441953024
14918,1,0.6922701001167297
14919,0,0.6849722663561503
14920,0,0.1270181139310201
14921,1,0.6449512441953024
14922,1,0.6842315196990967
14923,0,0.09949103494485219
14924,0,0.18658835689226785
14925,1,0.5351849993069967
14926,0,0.18658835689226785
14927,1,0.3909330566724141
14928,0,0.48190967241923016
14929,0,0.09949103494485219
14930,1,0.8184640606244405
14931,0,0.2603470633427302
14932,0,0.10443828503290813
14933,1,0.22023382286230722
14934,1,0.5423746705055237
14935,1,0.5423746705055237
14936,0,0.15717355410257974
14937,0,0.06798926492532094
14938,1,0.22023382286230722
14939,0,0.10443828503290813
14940,0,0.09949103494485219
14941,1,0.783443808555603
14942,0,0.28418009479840595
14943,1,0.5186862150828043
14944,0,0.1270181139310201
14945,0,0.7469152609507242
14946,1,0.36022986968358356
14947,0,0.22023382286230722
14948,0,0.5423746705055237
14949,0,0.2603470633427302
14950,1,0.28469036519527435
14951,0,0.15229111909866333
14952,0,0.07428647826115291
14953,1,0.22023382286230722
14954,0,0.37241453925768536
14955,1,0.6922701001167297
14956,0,0.09949103494485219
14957,0,0.09949103494485219
14958,1,0.6292468110720316
14959,1,0.8212418357531229
14960,1,0.33012237151463825
14961,0,0.2603470633427302
14962,1,0.5952912370363871
14963,0,0.5952912370363871
14964,0,0.09949103494485219
14965,0,0.09949103494485219
14966,0,0.3578697144985199
14967,0,0.3204767107963562
14968,0,0.12767486770947775
14969,0,0.1270181139310201
14970,0,0.13626408080259958
14971,0,0.18398607770601907
14972,1,0.2708360254764557
14973,0,0.22023382286230722
14974,0,0.12128126124540965
14975,1,0.4470456739266713
14976,0,0.37042423089345294
14977,0,0.0956492746869723
14978,0,0.2603470633427302
14979,1,0.5423746705055237
14980,0,0.12062450746695201
14981,0,0.09949103494485219
14982,1,0.3204767107963562
14983,0,0.09949103494485219
14984,1,0.31230490406354267
14985,0,0.1220967024564743
14986,1,0.1284903089205424
14987,0,0.37042423089345294
14988,0,0.39732542634010315
14989,0,0.10443828503290813
14990,0,0.11317155758539836
14991,1,0.6849722663561503
14992,0,0.1270181139310201
14993,1,0.35522568225860596
14994,0,0.4500631292661031
14995,0,0.09949103494485219
14996,0,0.1298374185959498
14997,0,0.08496410151322682
14998,0,0.09949103494485219
14999,1,0.4949026107788086
15000,1,0.09949103494485219
15001,1,0.6292468110720316
15002,1,0.5952912370363871
15003,0,0.2647472719351451
15004,0,0.31230490406354267
15005,0,0.33012237151463825
15006,0,0.4470456739266713
15007,0,0.06798926492532094
15008,0,0.11215529839197795
15009,0,0.09949103494485219
15010,0,0.13134859005610147
15011,0,0.06798926492532094
15012,0,0.12495498359203339
15013,0,0.5952912370363871
15014,0,0.10799519220987956
15015,0,0.09949103494485219
15016,0,0.4470456739266713
15017,1,0.6922701001167297
15018,0,0.12346120675404866
15019,1,0.22023382286230722
15020,0,0.0797332338988781
15021,1,0.5792729655901591
15022,0,0.4470456739266713
15023,0,0.3578697144985199
15024,1,0.4378194808959961
15025,0,0.14737562835216522
15026,0,0.18658835689226785
15027,0,0.37241453925768536
15028,0,0.12062450746695201
15029,0,0.22023382286230722
15030,0,0.09949103494485219
15031,0,0.5423746705055237
15032,1,0.6849722663561503
15033,0,0.12767486770947775
15034,1,0.6623546878496805
15035,0,0.4145099918047587
15036,0,0.1270181139310201
15037,0,0.4470456739266713
15038,0,0.14737562835216522
15039,0,0.09949103494485219
15040,1,0.37042423089345294
15041,0,0.18658835689226785
15042,1,0.22023382286230722
15043,0,0.5148873527844747
15044,0,0.30937989552815753
15045,0,0.7469152609507242
15046,0,0.20600426197052002
15047,1,0.7641592224438986
15048,1,0.6922701001167297
15049,0,0.09949103494485219
15050,0,0.09949103494485219
15051,0,0.48190967241923016
15052,0,0.06798926492532094
15053,0,0.09949103494485219
15054,0,0.06798926492532094
15055,0,0.24048798779646555
15056,0,0.09949103494485219
15057,0,0.10443828503290813
15058,0,0.5423746705055237
15059,0,0.18658835689226785
15060,1,0.4267452855904897
15061,0,0.12767486770947775
15062,1,0.14737562835216522
15063,0,0.06798926492532094
15064,1,0.6292468110720316
15065,0,0.09949103494485219
15066,0,0.23510971665382385
15067,0,0.10443828503290813
15068,1,0.33012237151463825
15069,1,0.35837329427401227
15070,0,0.28418009479840595
15071,0,0.4470456739266713
15072,0,0.17292856176694235
15073,0,0.1284903089205424
15074,0,0.24048798779646555
15075,0,0.3204767107963562
15076,0,0.7161670327186584
15077,0,0.7469152609507242
15078,0,0.32741740345954895
15079,0,0.19190336763858795
15080,1,0.09949103494485219
15081,0,0.13626408080259958
15082,1,0.6842315196990967
15083,1,0.9354700843493143
15084,0,0.37042423089345294
15085,1,0.3204767107963562
15086,0,0.0759682518740495
15087,0,0.5423746705055237
15088,0,0.22023382286230722
15089,0,0.28418009479840595
15090,0,0.12779168287913004
15091,0,0.06798926492532094
15092,0,0.33012237151463825
15093,0,0.1270181139310201
15094,1,0.7508884072303772
15095,0,0.1270181139310201
15096,0,0.28418009479840595
15097,1,0.8854700922966003
15098,0,0.1270181139310201
15099,0,0.1606395790974299
15100,0,0.12062450746695201
15101,0,0.09949103494485219
15102,0,0.06798926492532094
15103,0,0.09949103494485219
15104,0,0.09949103494485219
15105,0,0.22023382286230722
15106,1,0.5351849993069967
15107,1,0.38073869546254474
15108,1,0.24009289840857187
15109,0,0.13924063245455423
15110,0,0.1284903089205424
15111,0,0.22023382286230722
15112,0,0.09949103494485219
15113,1,0.22023382286230722
15114,0,0.5148873527844747
15115,1,0.783443808555603
15116,0,0.12128126124540965
15117,0,0.16412802040576935
15118,1,0.5382024546464285
15119,0,0.4267452855904897
15120,0,0.5512032707532247
15121,0,0.1270181139310201
15122,0,0.0759682518740495
15123,0,0.4145099918047587
15124,1,0.5423746705055237
15125,0,0.3204767107963562
15126,0,0.12493340174357097
15127,1,0.22023382286230722
15128,0,0.3578697144985199
15129,1,0.7641592224438986
15130,0,0.3578697144985199
15131,0,0.12779168287913004
15132,0,0.09949103494485219
15133,0,0.15347019334634146
15134,0,0.06798926492532094
15135,1,0.22023382286230722
15136,0,0.13267411788304648
15137,0,0.2603470633427302
15138,1,0.37042423089345294
15139,0,0.0759682518740495
15140,0,0.1270181139310201
15141,1,0.7641592224438986
15142,1,0.33012237151463825
15143,1,0.6849722663561503
15144,1,0.3204767107963562
15145,0,0.09949103494485219
15146,0,0.09949103494485219
15147,1,0.6623546878496805
15148,1,0.4470456739266713
15149,1,0.3909330566724141
15150,0,0.3909330566724141
15151,1,0.3909330566724141
15152,0,0.09949103494485219
15153,0,0.09949103494485219
15154,0,0.06967103853821754
15155,0,0.17292856176694235
15156,0,0.09949103494485219
15157,0,0.06974428271253903
15158,0,0.14737562835216522
15159,1,0.09949103494485219
15160,0,0.22023382286230722
15161,0,0.2643210192521413
15162,1,0.4788922170797984
15163,0,0.0759682518740495
15164,1,0.5952912370363871
15165,0,0.3909330566724141
15166,1,0.5423746705055237
15167,0,0.09949103494485219
15168,0,0.09949103494485219
15169,0,0.6292468110720316
15170,0,0.5367150902748108
15171,1,0.12128126124540965
15172,0,0.5952912370363871
15173,0,0.0759682518740495
15174,0,0.11215529839197795
15175,0,0.5952912370363871
15176,1,0.5792729655901591
15177,1,0.12126928567886353
15178,0,0.09949103494485219
15179,0,0.09041840707262357
15180,0,0.09949103494485219
15181,1,0.16673029959201813
15182,0,0.7641592224438986
15183,0,0.2743929326534271
15184,0,0.16552201410134634
15185,0,0.09949103494485219
15186,0,0.18658835689226785
15187,1,0.3909330566724141
15188,1,0.5952912370363871
15189,0,0.14737562835216522
15190,0,0.1270181139310201
15191,0,0.12779168287913004
15192,0,0.3401980797449748
15193,0,0.2722251017888387
15194,0,0.12346120675404866
15195,0,0.22023382286230722
15196,1,0.0797332338988781
15197,0,0.31230490406354267
15198,1,0.3032772441705068
15199,1,0.28418009479840595
15200,0,0.1270181139310201
15201,0,0.7641592224438986
15202,0,0.1163569837808609
15203,0,0.3909330566724141
15204,0,0.0759682518740495
15205,0,0.0759682518740495
15206,0,0.2786232630411784
15207,0,0.09949103494485219
15208,1,0.6922701001167297
15209,0,0.28418009479840595
15210,0,0.11317155758539836
15211,0,0.19315487146377563
15212,0,0.09949103494485219
15213,0,0.5186862150828043
15214,1,0.574891726175944
15215,0,0.22023382286230722
15216,0,0.09949103494485219
15217,1,0.7508884072303772
15218,0,0.2722251017888387
15219,0,0.09949103494485219
15220,1,0.35837329427401227
15221,0,0.3909330566724141
15222,0,0.09426016733050346
15223,0,0.09949103494485219
15224,0,0.09949103494485219
15225,0,0.09949103494485219
15226,1,0.6769851446151733
15227,0,0.1844381590684255
15228,0,0.09949103494485219
15229,0,0.22023382286230722
15230,0,0.14737562835216522
15231,1,0.6292468110720316
15232,1,0.7641592224438986
15233,0,0.22023382286230722
15234,1,0.6054470936457316
15235,0,0.2603470633427302
15236,1,0.6623546878496805
15237,0,0.8184640606244405
15238,0,0.1270181139310201
15239,0,0.09949103494485219
15240,0,0.0759682518740495
15241,0,0.2603470633427302
15242,0,0.09949103494485219
15243,0,0.09949103494485219
15244,0,0.09949103494485219
15245,0,0.06798926492532094
15246,0,0.0759682518740495
15247,0,0.33550431330998737
15248,0,0.1894648869832357
15249,0,0.42829567193984985
15250,0,0.1284903089205424
15251,0,0.5792729655901591
15252,0,0.12767486770947775
15253,0,0.09949103494485219
15254,1,0.15229111909866333
15255,0,0.22023382286230722
15256,0,0.1284903089205424
15257,0,0.0759682518740495
15258,0,0.12767486770947775
15259,0,0.07428647826115291
15260,0,0.09949103494485219
15261,1,0.574891726175944
15262,0,0.24416237076123556
15263,1,0.7469152609507242
15264,0,0.09949103494485219
15265,0,0.32440749804178876
15266,0,0.08896227305134137
15267,0,0.1270181139310201
15268,0,0.22023382286230722
15269,1,0.2862492501735687
15270,0,0.18658835689226785
15271,0,0.0759682518740495
15272,1,0.5423746705055237
15273,0,0.6842315196990967
15274,1,0.28418009479840595
15275,0,0.37241453925768536
15276,0,0.1270181139310201
15277,1,0.35837329427401227
15278,0,0.37042423089345294
15279,1,0.22023382286230722
15280,0,0.1270181139310201
15281,1,0.8997557957967123
15282,1,0.4470456739266713
15283,1,0.20378140608469644
15284,0,0.0956492746869723
15285,0,0.37042423089345294
15286,0,0.4470456739266713
15287,1,0.8962544004122416
15288,0,0.35522568225860596
15289,0,0.06798926492532094
15290,0,0.5952912370363871
15291,0,0.09949103494485219
15292,1,0.7641592224438986
15293,0,0.10443828503290813
15294,0,0.15229111909866333
15295,0,0.3909330566724141
15296,0,0.36022986968358356
15297,1,0.09949103494485219
15298,1,0.6922701001167297
15299,0,0.09949103494485219
15300,0,0.5952912370363871
15301,0,0.37042423089345294
15302,0,0.22023382286230722
15303,0,0.15225806335608164
15304,1,0.3909330566724141
15305,0,0.33012237151463825
15306,1,0.3909330566724141
15307,0,0.09949103494485219
15308,0,0.2603470633427302
15309,0,0.33012237151463825
15310,0,0.09949103494485219
15311,1,0.6292468110720316
15312,1,0.1241179605325063
15313,0,0.8505050539970398
15314,1,0.7469152609507242
15315,0,0.5952912370363871
15316,0,0.259466215968132
15317,0,0.1163569837808609
15318,0,0.09949103494485219
15319,0,0.09949103494485219
15320,0,0.36022986968358356
15321,0,0.37241453925768536
15322,0,0.09949103494485219
15323,1,0.12128126124540965
15324,0,0.18658835689226785
15325,1,0.33012237151463825
15326,0,0.22023382286230722
15327,0,0.12779168287913004
15328,1,0.09949103494485219
15329,0,0.11381633579730988
15330,1,0.33550431330998737
15331,0,0.299166480700175
15332,0,0.7508884072303772
15333,0,0.0759682518740495
15334,1,0.12062450746695201
15335,1,0.5952912370363871
15336,0,0.13193360467751822
15337,0,0.22023382286230722
15338,0,0.12767486770947775
15339,1,0.4902793765068054
15340,1,0.12767486770947775
15341,0,0.09949103494485219
15342,0,0.09949103494485219
15343,0,0.1005072941382726
15344,1,0.6449512441953024
15345,0,0.12767486770947775
15346,0,0.06798926492532094
15347,0,0.1270181139310201
15348,0,0.06798926492532094
15349,0,0.12767486770947775
15350,1,0.4470456739266713
15351,0,0.4788922170797984
15352,0,0.7469152609507242
15353,1,0.6292468110720316
15354,0,0.22023382286230722
15355,1,0.3466786742210388
15356,1,0.7641592224438986
15357,0,0.12767486770947775
15358,1,0.49421635270118713
15359,0,0.2643210192521413
15360,0,0.09949103494485219
15361,1,0.5148873527844747
15362,0,0.0759682518740495
15363,0,0.18658835689226785
15364,0,0.48190967241923016
15365,0,0.06798926492532094
15366,1,0.7641592224438986
15367,0,0.2667452245950699
15368,0,0.5351849993069967
15369,0,0.28418009479840595
15370,0,0.10443828503290813
15371,1,0.15717355410257974
15372,1,0.5186862150828043
15373,0,0.40729959805806476
15374,0,0.09949103494485219
15375,1,0.2862492501735687
15376,0,0.17905397713184357
15377,1,0.8184640606244405
15378,0,0.37042423089345294
15379,1,0.4234687387943268
15380,0,0.6623546878496805
15381,0,0.12779168287913004
15382,1,0.6849722663561503
15383,1,0.5423746705055237
15384,0,0.5423746705055237
15385,0,0.3204767107963562
15386,1,0.574891726175944
15387,0,0.12779168287913004
15388,0,0.3204767107963562
15389,0,0.09426016733050346
15390,1,0.27930842339992523
15391,0,0.1270181139310201
15392,0,0.06798926492532094
15393,0,0.06798926492532094
15394,0,0.06798926492532094
15395,0,0.6623546878496805
15396,1,0.22023382286230722
15397,0,0.09949103494485219
15398,0,0.09949103494485219
15399,0,0.09949103494485219
15400,0,0.14737562835216522
15401,1,0.4267452855904897
15402,0,0.3204767107963562
15403,0,0.14737562835216522
15404,1,0.4398593604564667
15405,0,0.11215529839197795
15406,0,0.09949103494485219
15407,0,0.06798926492532094
15408,0,0.06798926492532094
15409,0,0.09949103494485219
15410,0,0.1334057996670405
15411,0,0.2603470633427302
15412,1,0.12493340174357097
15413,0,0.12062450746695201
15414,0,0.1270181139310201
15415,0,0.06798926492532094
15416,1,0.09949103494485219
15417,1,0.5186862150828043
15418,0,0.37042423089345294
15419,0,0.09949103494485219
15420,0,0.3578697144985199
15421,1,0.12779168287913004
15422,0,0.30937989552815753
15423,0,0.28418009479840595
15424,0,0.09949103494485219
15425,0,0.09949103494485219
15426,0,0.3204767107963562
15427,1,0.5952912370363871
15428,1,0.06967103853821754
15429,0,0.13134859005610147
15430,0,0.19190336763858795
15431,1,0.3909330566724141
15432,0,0.1284903089205424
15433,0,0.12346120675404866
15434,1,0.6292468110720316
15435,0,0.12493340174357097
15436,0,0.07428647826115291
15437,0,0.1284903089205424
15438,0,0.37042423089345294
15439,1,0.5382024546464285
15440,0,0.18658835689226785
15441,1,0.2603470633427302
15442,0,0.06798926492532094
15443,0,0.22023382286230722
15444,0,0.14737562835216522
15445,0,0.15229111909866333
15446,0,0.12767486770947775
15447,0,0.33012237151463825
15448,0,0.31230490406354267
15449,0,0.09949103494485219
15450,1,0.6623546878496805
15451,0,0.22023382286230722
15452,0,0.22023382286230722
15453,1,0.15921252965927124
15454,1,0.4470456739266713
15455,0,0.26241621871789295
15456,0,0.7641592224438986
15457,1,0.7508884072303772
15458,0,0.09949103494485219
15459,0,0.15229111909866333
15460,0,0.12767486770947775
15461,0,0.23960714042186737
15462,0,0.5423746705055237
15463,0,0.48190967241923016
15464,1,0.33012237151463825
15465,1,0.27930842339992523
15466,0,0.06798926492532094
15467,0,0.31902555624643963
15468,0,0.4145099918047587
15469,1,0.13267411788304648
15470,0,0.3909330566724141
15471,0,0.37042423089345294
15472,0,0.20738443235556284
15473,0,0.09949103494485219
15474,0,0.22023382286230722
15475,0,0.2603470633427302
15476,0,0.12495498359203339
15477,1,0.3909330566724141
15478,0,0.09949103494485219
15479,0,0.0759682518740495
15480,0,0.06798926492532094
15481,1,0.7469152609507242
15482,0,0.12062450746695201
15483,1,0.35837329427401227
15484,0,0.09949103494485219
15485,1,0.6292468110720316
15486,0,0.5423746705055237
15487,0,0.22023382286230722
15488,0,0.08496410151322682
15489,0,0.3909330566724141
15490,0,0.06798926492532094
15491,0,0.12559976180394491
15492,1,0.4902793765068054
15493,0,0.32741740345954895
15494,0,0.09949103494485219
15495,1,0.24048798779646555
15496,0,0.28418009479840595
15497,1,0.2722251017888387
15498,1,0.6138366460800171
15499,1,0.2643210192521413
15500,1,0.5186862150828043
15501,1,0.28418009479840595
15502,0,0.09426016733050346
15503,1,0.6849722663561503
15504,1,0.8505050539970398
15505,1,0.49421635270118713
15506,0,0.3578697144985199
15507,0,0.1750787595907847
15508,1,0.22023382286230722
15509,0,0.2603470633427302
15510,1,0.5148873527844747
15511,0,0.06974428271253903
15512,0,0.2643210192521413
15513,0,0.13134859005610147
15514,0,0.2813490132490794
15515,0,0.1270181139310201
15516,0,0.2603470633427302
15517,0,0.09949103494485219
15518,1,0.06798926492532094
15519,0,0.22023382286230722
15520,0,0.24446296195189157
15521,0,0.3378644684950511
15522,0,0.06798926492532094
15523,0,0.17247648040453592
15524,1,0.783443808555603
15525,1,0.5952912370363871
15526,1,0.22023382286230722
15527,1,0.5952912370363871
15528,1,0.7641592224438986
15529,0,0.09949103494485219
15530,1,0.2862492501735687
15531,1,0.14737562835216522
15532,1,0.5367150902748108
15533,0,0.7469152609507242
15534,1,0.6449512441953024
15535,0,0.4470456739266713
15536,0,0.0759682518740495
15537,1,0.6623546878496805
15538,0,0.20872422556082407
15539,0,0.6160705884297689
15540,0,0.09949103494485219
15541,0,0.12495498359203339
15542,0,0.24009289840857187
15543,0,0.30937989552815753
15544,0,0.0759682518740495
15545,0,0.0759682518740495
15546,0,0.16412802040576935
15547,1,0.7641592224438986
15548,1,0.1270181139310201
15549,0,0.12062450746695201
15550,0,0.5423746705055237
15551,0,0.09949103494485219
15552,0,0.15229111909866333
15553,0,0.06798926492532094
15554,0,0.1298374185959498
15555,0,0.1954602748155594
15556,0,0.4267452855904897
15557,0,0.4145099918047587
15558,0,0.10443828503290813
15559,0,0.22023382286230722
15560,0,0.28418009479840595
15561,0,0.259466215968132
15562,0,0.5952912370363871
15563,0,0.24009289840857187
15564,0,0.1270181139310201
15565,0,0.11215529839197795
15566,0,0.3578697144985199
15567,0,0.37241453925768536
15568,1,0.783443808555603
15569,0,0.3204767107963562
15570,0,0.06798926492532094
15571,1,0.11215529839197795
15572,0,0.24009289840857187
15573,0,0.1844381590684255
15574,0,0.3909330566724141
15575,0,0.1270181139310201
15576,1,0.6849722663561503
15577,0,0.09949103494485219
15578,0,0.15229111909866333
15579,0,0.10443828503290813
15580,1,0.783443808555603
15581,1,0.31230490406354267
15582,0,0.28418009479840595
15583,0,0.1844381590684255
15584,0,0.2603470633427302
15585,0,0.22023382286230722
15586,0,0.2952769100666046
15587,0,0.22023382286230722
15588,0,0.0759682518740495
15589,0,0.25236602624257404
15590,0,0.2643210192521413
15591,0,0.3909330566724141
15592,0,0.1270181139310201
15593,0,0.09949103494485219
15594,0,0.1163569837808609
15595,0,0.12062450746695201
15596,0,0.19315487146377563
15597,0,0.09949103494485219
15598,0,0.22023382286230722
15599,1,0.5952912370363871
15600,0,0.30120808879534405
15601,0,0.33550431330998737
15602,0,0.33550431330998737
15603,0,0.783443808555603
15604,0,0.1284903089205424
15605,1,0.6054470936457316
15606,0,0.1270181139310201
15607,1,0.3680640757083893
15608,0,0.5423746705055237
15609,1,0.6623546878496805
15610,1,0.8997557957967123
15611,0,0.3909330566724141
15612,0,0.4788922170797984
15613,1,0.3909330566724141
15614,0,0.09949103494485219
15615,0,0.1270181139310201
15616,0,0.12880794207255045
15617,0,0.4788922170797984
15618,1,0.8997557957967123
15619,0,0.12767486770947775
15620,0,0.18658835689226785
15621,1,0.3159078061580658
15622,0,0.09949103494485219
15623,0,0.06798926492532094
15624,0,0.09949103494485219
15625,0,0.06798926492532094
15626,1,0.37042423089345294
15627,0,0.33012237151463825
15628,0,0.1270181139310201
15629,0,0.10443828503290813
15630,0,0.5367150902748108
15631,0,0.0759682518740495
15632,0,0.12767486770947775
15633,0,0.3909330566724141
15634,0,0.6292468110720316
15635,0,0.4470456739266713
15636,0,0.7508884072303772
15637,1,0.09041840707262357
15638,1,0.31230490406354267
15639,0,0.12128126124540965
15640,0,0.09949103494485219
15641,1,0.3759023944536845
15642,0,0.8017973899841309
15643,0,0.22023382286230722
15644,1,0.574891726175944
15645,0,0.22023382286230722
15646,0,0.12346120675404866
15647,0,0.09949103494485219
15648,0,0.24009289840857187
15649,0,0.2722251017888387
15650,0,0.14737562835216522
15651,1,0.12495498359203339
15652,0,0.06798926492532094
15653,0,0.10443828503290813
15654,1,0.12767486770947775
15655,0,0.4470456739266713
15656,1,0.22023382286230722
15657,0,0.0759682518740495
15658,0,0.09949103494485219
15659,0,0.34284211198488873
15660,0,0.3204767107963562
15661,0,0.12346120675404866
15662,1,0.5952912370363871
15663,1,0.4470456739266713
15664,0,0.1844381590684255
15665,1,0.6922701001167297
15666,0,0.33550431330998737
15667,0,0.08496410151322682
15668,0,0.12767486770947775
15669,0,0.3680640757083893
15670,0,0.2643210192521413
15671,1,0.3909330566724141
15672,0,0.22023382286230722
15673,0,0.5423746705055237
15674,0,0.09949103494485219
15675,0,0.6623546878496805
15676,0,0.10443828503290813
15677,0,0.4788922170797984
15678,0,0.24048798779646555
15679,0,0.1844381590684255
15680,1,0.22023382286230722
15681,0,0.12482619285583496
15682,0,0.09949103494485219
15683,1,0.5217036704222361
15684,0,0.18658835689226785
15685,0,0.0759682518740495
15686,1,0.2289783904949824
15687,0,0.22023382286230722
15688,0,0.16412802040576935
15689,0,0.37042423089345294
15690,1,0.6292468110720316
15691,1,0.30120808879534405
15692,0,0.28418009479840595
15693,1,0.3466786742210388
15694,0,0.09949103494485219
15695,1,0.22023382286230722
15696,1,0.4788922170797984
15697,0,0.08496410151322682
15698,0,0.3909330566724141
15699,0,0.5792729655901591
15700,0,0.12573900073766708
15701,0,0.0759682518740495
15702,0,0.09949103494485219
15703,0,0.4553152819474538
15704,0,0.33012237151463825
15705,0,0.22023382286230722
15706,0,0.15347019334634146
15707,1,0.5005621910095215
15708,0,0.0759682518740495
15709,0,0.1770316114028295
15710,0,0.09949103494485219
15711,1,0.37241453925768536
15712,1,0.6668280760447184
15713,0,0.2003757655620575
15714,0,0.15717355410257974
15715,0,0.1284903089205424
15716,1,0.5186862150828043
15717,0,0.2722251017888387
15718,1,0.5808562636375427
15719,0,0.1220967024564743
15720,0,0.6292468110720316
15721,0,0.0759682518740495
15722,0,0.14737562835216522
15723,0,0.15717355410257974
15724,1,0.28418009479840595
15725,0,0.2722251017888387
15726,0,0.4470456739266713
15727,1,0.09949103494485219
15728,0,0.3076062500476837
15729,1,0.33012237151463825
15730,0,0.2603470633427302
15731,0,0.3578697144985199
15732,1,0.4267452855904897
15733,0,0.1770316114028295
15734,0,0.06798926492532094
15735,0,0.2722251017888387
15736,0,0.2895208199818929
15737,0,0.22023382286230722
15738,1,0.18164527416229248
15739,0,0.1270181139310201
15740,0,0.24009289840857187
15741,1,0.12767486770947775
15742,0,0.0759682518740495
15743,0,0.06967103853821754
15744,0,0.09949103494485219
15745,1,0.4553152819474538
15746,1,0.18164527416229248
15747,1,0.4145099918047587
15748,1,0.09949103494485219
15749,0,0.12767486770947775
15750,1,0.7508884072303772
15751,0,0.4780196249485016
15752,0,0.23960714042186737
15753,1,0.09949103494485219
15754,0,0.7641592224438986
15755,0,0.33550431330998737
15756,0,0.22023382286230722
15757,1,0.22023382286230722
15758,1,0.5792729655901591
15759,0,0.09949103494485219
15760,0,0.06798926492532094
15761,0,0.22023382286230722
15762,0,0.22023382286230722
15763,0,0.3909330566724141
15764,0,0.06798926492532094
15765,0,0.3909330566724141
15766,0,0.30937989552815753
15767,0,0.09949103494485219
15768,0,0.1163569837808609
15769,1,0.13134859005610147
15770,0,0.19190336763858795
15771,1,0.8997557957967123
15772,0,0.3909330566724141
15773,0,0.22023382286230722
15774,0,0.10443828503290813
15775,0,0.6449512441953024
15776,1,0.4470456739266713
15777,0,0.12767486770947775
15778,0,0.13267411788304648
15779,0,0.12767486770947775
15780,0,0.31230490406354267
15781,1,0.7641592224438986
15782,0,0.31230490406354267
15783,1,0.24048798779646555
15784,0,0.2952769100666046
15785,1,0.6849722663561503
15786,1,0.7469152609507242
15787,0,0.1844381590684255
15788,0,0.33012237151463825
15789,1,0.5351849993069967
15790,1,0.2643210192521413
15791,1,0.37042423089345294
15792,1,0.22023382286230722
15793,0,0.17247648040453592
15794,0,0.3909330566724141
15795,0,0.06798926492532094
15796,0,0.3204767107963562
15797,1,0.7641592224438986
15798,1,0.6849722663561503
15799,0,0.09949103494485219
15800,0,0.4788922170797984
15801,1,0.659581700960795
15802,1,0.3045484224955241
15803,1,0.6623546878496805
15804,0,0.1270181139310201
15805,0,0.09949103494485219
15806,0,0.13134859005610147
15807,1,0.12767486770947775
15808,0,0.18658835689226785
15809,0,0.22023382286230722
15810,1,0.2743929326534271
15811,0,0.06798926492532094
15812,0,0.28418009479840595
15813,1,0.5792729655901591
15814,1,0.5186862150828043
15815,1,0.6922701001167297
15816,0,0.12779168287913004
15817,0,0.3909330566724141
15818,0,0.36022986968358356
15819,0,0.06798926492532094
15820,0,0.7508884072303772
15821,0,0.15717355410257974
15822,0,0.09949103494485219
15823,0,0.4145099918047587
15824,0,0.0759682518740495
15825,0,0.2643210192521413
15826,0,0.09949103494485219
15827,1,0.16949723164240518
15828,0,0.18658835689226785
15829,0,0.09949103494485219
15830,1,0.22023382286230722
15831,0,0.3466786742210388
15832,0,0.12062450746695201
15833,0,0.48190967241923016
15834,1,0.783443808555603
15835,0,0.09949103494485219
15836,0,0.18658835689226785
15837,1,0.11215529839197795
15838,1,0.2722251017888387
15839,1,0.3204767107963562
15840,0,0.09949103494485219
15841,0,0.22023382286230722
15842,0,0.6449512441953024
15843,0,0.06798926492532094
15844,1,0.15225806335608164
15845,0,0.1750787595907847
15846,1,0.22023382286230722
15847,0,0.22023382286230722
15848,0,0.24048798779646555
15849,0,0.09426016733050346
15850,0,0.37042423089345294
15851,1,0.12062450746695201
15852,1,0.8184640606244405
15853,1,0.42493073145548504
15854,1,0.3578697144985199
15855,0,0.5367150902748108
15856,0,0.09949103494485219
15857,0,0.09949103494485219
15858,1,0.6410865187644958
15859,0,0.6842315196990967
15860,0,0.6849722663561503
15861,1,0.4378194808959961
15862,1,0.1270181139310201
15863,1,0.5952912370363871
15864,0,0.18398607770601907
15865,0,0.07428647826115291
15866,0,0.11215529839197795
15867,1,0.6292468110720316
15868,1,0.13267411788304648
15869,1,0.3909330566724141
15870,0,0.0759682518740495
15871,1,0.24048798779646555
15872,0,0.4788922170797984
15873,1,0.4704061547915141
15874,0,0.24048798779646555
15875,0,0.5423746705055237
15876,0,0.6694813768068949
15877,0,0.11215529839197795
15878,1,0.37042423089345294
15879,0,0.1270181139310201
15880,1,0.5418997804323832
15881,0,0.1270181139310201
15882,1,0.12128126124540965
15883,0,0.3578697144985199
15884,1,0.2722251017888387
15885,0,0.16458010176817575
15886,0,0.28418009479840595
15887,1,0.6842315196990967
15888,0,0.22023382286230722
15889,0,0.12767486770947775
15890,1,0.5423746705055237
15891,0,0.0759682518740495
15892,1,0.31230490406354267
15893,0,0.0759682518740495
15894,0,0.3680640757083893
15895,0,0.20288700858751932
15896,0,0.33012237151463825
15897,1,0.6292468110720316
15898,0,0.09949103494485219
15899,1,0.4500631292661031
15900,0,0.06798926492532094
15901,0,0.5423746705055237
15902,0,0.2603470633427302
15903,0,0.12767486770947775
15904,0,0.15229111909866333
15905,0,0.6623546878496805
15906,1,0.4667024413744609
15907,0,0.09949103494485219
15908,1,0.10443828503290813
15909,0,0.6292468110720316
15910,1,0.37042423089345294
15911,0,0.07428647826115291
15912,0,0.3204767107963562
15913,1,0.6449512441953024
15914,0,0.12126928567886353
15915,0,0.09949103494485219
15916,0,0.1270181139310201
15917,0,0.23599056402842203
15918,0,0.19190336763858795
15919,0,0.24009289840857187
15920,0,0.1844381590684255
15921,0,0.07519103835026424
15922,0,0.23960714042186737
15923,1,0.33550431330998737
15924,0,0.5367150902748108
15925,0,0.37042423089345294
15926,0,0.18658835689226785
15927,1,0.1750787595907847
15928,0,0.33012237151463825
15929,0,0.13134859005610147
15930,0,0.3204767107963562
15931,1,0.09949103494485219
15932,0,0.3909330566724141
15933,0,0.09949103494485219
15934,0,0.11317155758539836
15935,0,0.12779168287913004
15936,1,0.39732542634010315
15937,0,0.1750787595907847
15938,0,0.4780196249485016
15939,1,0.08496410151322682
15940,1,0.9354700843493143
15941,1,0.5382024546464285
15942,0,0.09949103494485219
15943,0,0.22023382286230722
15944,1,0.5952912370363871
15945,0,0.15717355410257974
15946,0,0.2643210192521413
15947,0,0.15717355410257974
15948,0,0.22023382286230722
15949,0,0.10443828503290813
15950,0,0.06798926492532094
15951,0,0.0759682518740495
15952,0,0.06798926492532094
15953,0,0.09949103494485219
15954,0,0.09949103494485219
15955,1,0.6849722663561503
15956,0,0.2952769100666046
15957,0,0.28418009479840595
15958,0,0.22023382286230722
15959,0,0.09426016733050346
15960,1,0.31230490406354267
15961,1,0.28418009479840595
15962,0,0.2743929326534271
15963,1,0.783443808555603
15964,0,0.37241453925768536
15965,0,0.09949103494485219
15966,1,0.6292468110720316
15967,1,0.783443808555603
15968,1,0.36022986968358356
15969,0,0.28418009479840595
15970,0,0.37042423089345294
15971,1,0.22023382286230722
15972,1,0.2157363990942637
15973,1,0.6292468110720316
15974,0,0.39732542634010315
15975,0,0.09949103494485219
15976,0,0.10443828503290813
15977,1,0.5792729655901591
15978,1,0.35837329427401227
15979,0,0.06798926492532094
15980,0,0.3680640757083893
15981,1,0.5952912370363871
15982,1,0.6769851446151733
15983,1,0.20378140608469644
15984,0,0.1561077038447062
15985,0,0.1270181139310201
15986,0,0.09949103494485219
15987,0,0.5423746705055237
15988,1,0.4470456739266713
15989,1,0.8184640606244405
15990,0,0.06798926492532094
15991,1,0.4485076665878296
15992,0,0.09949103494485219
15993,1,0.31230490406354267
15994,0,0.09041840707262357
15995,0,0.15225806335608164
15996,0,0.0797332338988781
15997,0,0.18658835689226785
15998,0,0.17292856176694235
15999,0,0.06798926492532094
16000,0,0.09949103494485219
16001,1,0.5186862150828043
16002,1,0.6292468110720316
16003,1,0.574891726175944
16004,1,0.4145099918047587
16005,0,0.5792729655901591
16006,0,0.09949103494485219
16007,0,0.33550431330998737
16008,1,0.3909330566724141
16009,0,0.17905397713184357
16010,0,0.1241179605325063
16011,1,0.19315487146377563
16012,1,0.06798926492532094
16013,0,0.33202627301216125
16014,0,0.22023382286230722
16015,0,0.1487011561791102
16016,0,0.09949103494485219
16017,1,0.37042423089345294
16018,0,0.06798926492532094
16019,0,0.09949103494485219
16020,0,0.06798926492532094
16021,0,0.18658835689226785
16022,1,0.4145099918047587
16023,1,0.8962544004122416
16024,0,0.3909330566724141
16025,0,0.22023382286230722
16026,0,0.22023382286230722
16027,0,0.6849722663561503
16028,0,0.37042423089345294
16029,1,0.783443808555603
16030,0,0.6922701001167297
16031,0,0.2862492501735687
16032,1,0.3909330566724141
16033,0,0.4470456739266713
16034,1,0.09949103494485219
16035,1,0.5792729655901591
16036,0,0.2647472719351451
16037,1,0.5952912370363871
16038,0,0.13267411788304648
16039,0,0.09949103494485219
16040,0,0.12493340174357097
16041,0,0.06798926492532094
16042,0,0.2603470633427302
16043,0,0.28418009479840595
16044,0,0.22023382286230722
16045,1,0.6190909544626871
16046,0,0.558873454729716
16047,0,0.12062450746695201
16048,1,0.4788922170797984
16049,0,0.11571220556894939
16050,1,0.3578697144985199
16051,1,0.5148873527844747
16052,0,0.2603470633427302
16053,0,0.3720705807209015
16054,1,0.12767486770947775
16055,0,0.09426016733050346
16056,0,0.09949103494485219
16057,1,0.06798926492532094
16058,1,0.3909330566724141
16059,0,0.3204767107963562
16060,0,0.23954747120539346
16061,0,0.25281142195065814
16062,0,0.783443808555603
16063,0,0.3909330566724141
16064,1,0.1769037793080012
16065,0,0.15229111909866333
16066,0,0.12767486770947775
16067,1,0.15526767075061798
16068,0,0.5148873527844747
16069,1,0.5423746705055237
16070,0,0.16458010176817575
16071,0,0.49421635270118713
16072,0,0.15717355410257974
16073,0,0.3076062500476837
16074,1,0.4267452855904897
16075,0,0.11215529839197795
16076,0,0.2643210192521413
16077,0,0.33550431330998737
16078,0,0.10443828503290813
16079,0,0.3204767107963562
16080,1,0.7641592224438986
16081,1,0.3909330566724141
16082,0,0.31230490406354267
16083,1,0.11215529839197795
16084,0,0.2603470633427302
16085,0,0.3909330566724141
16086,0,0.5367150902748108
16087,0,0.5952912370363871
16088,1,0.5148873527844747
16089,0,0.15717355410257974
16090,0,0.06798926492532094
16091,0,0.12767486770947775
16092,1,0.3578697144985199
16093,0,0.16552201410134634
16094,0,0.574891726175944
16095,0,0.4145099918047587
16096,0,0.18658835689226785
16097,0,0.6842315196990967
16098,1,0.4145099918047587
16099,0,0.2952769100666046
16100,0,0.6922701001167297
16101,1,0.4902793765068054
16102,0,0.14737562835216522
16103,0,0.0759682518740495
16104,0,0.10443828503290813
16105,1,0.6849722663561503
16106,0,0.09949103494485219
16107,1,0.14737562835216522
16108,0,0.09426016733050346
16109,1,0.4667024413744609
16110,0,0.6292468110720316
16111,1,0.5952912370363871
16112,0,0.09949103494485219
16113,0,0.3204767107963562
16114,1,0.09949103494485219
16115,0,0.09949103494485219
16116,1,0.22023382286230722
16117,0,0.06798926492532094
16118,0,0.09949103494485219
16119,0,0.48190967241923016
16120,0,0.06798926492532094
16121,0,0.06798926492532094
16122,1,0.5512032707532247
16123,0,0.06798926492532094
16124,0,0.09949103494485219
16125,0,0.09426016733050346
16126,0,0.6466502547264099
16127,0,0.12495498359203339
16128,0,0.09949103494485219
16129,0,0.2862492501735687
16130,1,0.13134859005610147
16131,0,0.3680640757083893
16132,0,0.4145099918047587
16133,1,0.5423746705055237
16134,0,0.5423746705055237
16135,0,0.22023382286230722
16136,1,0.0797332338988781
16137,0,0.15921252965927124
16138,1,0.1954602748155594
16139,0,0.1241179605325063
16140,1,0.7469152609507242
16141,0,0.06798926492532094
16142,0,0.6292468110720316
16143,1,0.4470456739266713
16144,0,0.5423746705055237
16145,0,0.31230490406354267
16146,1,0.3909330566724141
16147,1,0.2603470633427302
16148,0,0.13134859005610147
16149,0,0.37042423089345294
16150,0,0.06798926492532094
16151,0,0.06798926492532094
16152,0,0.31230490406354267
16153,0,0.24009289840857187
16154,0,0.1270181139310201
16155,0,0.3909330566724141
16156,0,0.22023382286230722
16157,0,0.15717355410257974
16158,0,0.1298374185959498
16159,0,0.3909330566724141
16160,0,0.22023382286230722
16161,0,0.23599056402842203
16162,0,0.0759682518740495
16163,0,0.2003757655620575
16164,0,0.3045484224955241
16165,0,0.0759682518740495
16166,0,0.299166480700175
16167,0,0.09949103494485219
16168,0,0.3578697144985199
16169,0,0.09949103494485219
16170,0,0.11215529839197795
16171,0,0.6292468110720316
16172,1,0.14737562835216522
16173,0,0.0759682518740495
16174,0,0.12062450746695201
16175,1,0.3204767107963562
16176,0,0.09949103494485219
16177,0,0.1844381590684255
16178,0,0.2952769100666046
16179,0,0.22023382286230722
16180,0,0.12062450746695201
16181,0,0.09949103494485219
16182,0,0.12126928567886353
16183,1,0.5148873527844747
16184,0,0.3204767107963562
16185,1,0.5186862150828043
16186,1,0.3204767107963562
16187,0,0.13134859005610147
16188,0,0.33012237151463825
16189,0,0.0759682518740495
16190,0,0.1241179605325063
16191,0,0.22023382286230722
16192,0,0.3578697144985199
16193,0,0.09949103494485219
16194,0,0.09949103494485219
16195,1,0.22023382286230722
16196,1,0.7508884072303772
16197,1,0.5952912370363871
16198,0,0.09949103494485219
16199,0,0.07343602056304614
16200,0,0.22023382286230722
16201,1,0.35367464025815326
16202,1,0.7508884072303772
16203,0,0.06798926492532094
16204,0,0.5792729655901591
16205,1,0.3493456343809764
16206,0,0.09949103494485219
16207,1,0.5952912370363871
16208,1,0.4267452855904897
16209,1,0.28418009479840595
16210,0,0.3909330566724141
16211,0,0.09949103494485219
16212,0,0.06798926492532094
16213,1,0.4276173810164134
16214,1,0.18658835689226785
16215,0,0.25236602624257404
16216,0,0.1750787595907847
16217,1,0.33012237151463825
16218,0,0.1844381590684255
16219,1,0.6054470936457316
16220,0,0.2952769100666046
16221,1,0.09949103494485219
16222,0,0.22023382286230722
16223,1,0.7508884072303772
16224,0,0.5952912370363871
16225,1,0.6623546878496805
16226,1,0.39732542634010315
16227,1,0.37042423089345294
16228,0,0.1270181139310201
16229,0,0.6292468110720316
16230,0,0.12495498359203339
16231,0,0.22023382286230722
16232,0,0.22023382286230722
16233,0,0.24009289840857187
16234,1,0.7469152609507242
16235,0,0.09949103494485219
16236,0,0.10443828503290813
16237,1,0.32440749804178876
16238,0,0.09949103494485219
16239,0,0.12767486770947775
16240,0,0.1844381590684255
16241,0,0.28418009479840595
16242,0,0.1556556224822998
16243,0,0.6623546878496805
16244,0,0.11571220556894939
16245,0,0.3378644684950511
16246,1,0.4788922170797984
16247,1,0.3909330566724141
16248,1,0.28418009479840595
16249,0,0.33550431330998737
16250,1,0.4470456739266713
16251,0,0.33012237151463825
16252,0,0.09949103494485219
16253,1,0.6623546878496805
16254,0,0.08496410151322682
16255,0,0.09949103494485219
16256,0,0.558873454729716
16257,1,0.6292468110720316
16258,1,0.16949723164240518
16259,0,0.4267452855904897
16260,0,0.31230490406354267
16261,0,0.0759682518740495
16262,0,0.0759682518740495
16263,0,0.28418009479840595
16264,1,0.3204767107963562
16265,1,0.6849722663561503
16266,0,0.18658835689226785
16267,0,0.06798926492532094
16268,0,0.4470456739266713
16269,1,0.12767486770947775
16270,1,0.3204767107963562
16271,1,0.47216249505678815
16272,0,0.1750787595907847
16273,0,0.22023382286230722
16274,0,0.06974428271253903
16275,1,0.48190967241923016
16276,0,0.6922701001167297
16277,1,0.6849722663561503
16278,0,0.1270181139310201
16279,0,0.28332191705703735
16280,0,0.14737562835216522
16281,0,0.22023382286230722
16282,0,0.09426016733050346
16283,1,0.8997557957967123
16284,0,0.0759682518740495
16285,1,0.4470456739266713
16286,1,0.5792729655901591
16287,1,0.5367150902748108
16288,1,0.6922701001167297
16289,1,0.6922701001167297
16290,0,0.4519798854986827
16291,0,0.35837329427401227
16292,1,0.6922701001167297
16293,1,0.12495498359203339
16294,0,0.18658835689226785
16295,0,0.6292468110720316
16296,1,0.4470456739266713
16297,1,0.17292856176694235
16298,0,0.23599056402842203
16299,1,0.6042463183403015
16300,0,0.12767486770947775
16301,1,0.15717355410257974
16302,0,0.15229111909866333
16303,1,0.5952912370363871
16304,1,0.0759682518740495
16305,1,0.6623546878496805
16306,0,0.33550431330998737
16307,0,0.10443828503290813
16308,0,0.22023382286230722
16309,1,0.2603470633427302
16310,0,0.09949103494485219
16311,0,0.5952912370363871
16312,0,0.0759682518740495
16313,0,0.11381633579730988
16314,0,0.6623546878496805
16315,0,0.2722251017888387
16316,0,0.09949103494485219
16317,1,0.3909330566724141
16318,1,0.7469152609507242
16319,1,0.1298374185959498
16320,1,0.574891726175944
16321,0,0.3680640757083893
16322,1,0.4780196249485016
16323,0,0.12346120675404866
16324,1,0.6623546878496805
16325,0,0.1241179605325063
16326,1,0.22023382286230722
16327,0,0.2603470633427302
16328,0,0.12779168287913004
16329,0,0.22023382286230722
16330,0,0.09949103494485219
16331,0,0.28418009479840595
16332,0,0.09949103494485219
16333,0,0.28418009479840595
16334,0,0.4788922170797984
16335,1,0.2643210192521413
16336,1,0.3204767107963562
16337,0,0.6769851446151733
16338,1,0.3909330566724141
16339,0,0.06798926492532094
16340,0,0.09949103494485219
16341,0,0.0759682518740495
16342,1,0.09949103494485219
16343,1,0.6292468110720316
16344,0,0.3204767107963562
16345,1,0.17905397713184357
16346,0,0.28418009479840595
16347,0,0.22023382286230722
16348,0,0.0759682518740495
16349,0,0.18658835689226785
16350,1,0.5351849993069967
16351,0,0.28418009479840595
16352,0,0.06798926492532094
16353,0,0.5952912370363871
16354,0,0.09949103494485219
16355,1,0.31230490406354267
16356,0,0.11215529839197795
16357,1,0.6922701001167297
16358,1,0.6292468110720316
16359,1,0.12767486770947775
16360,1,0.7230183283487955
16361,0,0.5423746705055237
16362,0,0.11215529839197795
16363,0,0.12767486770947775
16364,1,0.12495498359203339
16365,1,0.6922701001167297
16366,1,0.10443828503290813
16367,0,0.09949103494485219
16368,1,0.7508884072303772
16369,1,0.8962544004122416
16370,0,0.0797332338988781
16371,1,0.12128126124540965
16372,0,0.33012237151463825
16373,0,0.0759682518740495
16374,0,0.1270181139310201
16375,0,0.1844381590684255
16376,0,0.09949103494485219
16377,0,0.3204767107963562
16378,1,0.22023382286230722
16379,1,0.31230490406354267
16380,0,0.31230490406354267
16381,0,0.09041840707262357
16382,1,0.3204767107963562
16383,1,0.6623546878496805
16384,1,0.6410865187644958
16385,0,0.09949103494485219
16386,0,0.09949103494485219
16387,0,0.10799519220987956
16388,0,0.1284903089205424
16389,0,0.12062450746695201
16390,0,0.4145099918047587
16391,1,0.7641592224438986
16392,1,0.6922701001167297
16393,0,0.0797332338988781
16394,0,0.3578697144985199
16395,0,0.5952912370363871
16396,0,0.37042423089345294
16397,0,0.31230490406354267
16398,0,0.09949103494485219
16399,1,0.37042423089345294
16400,0,0.1270181139310201
16401,0,0.2722251017888387
16402,0,0.22023382286230722
16403,1,0.3204767107963562
16404,0,0.8962544004122416
16405,1,0.6449512441953024
16406,1,0.30120808879534405
16407,1,0.6623546878496805
16408,0,0.39732542634010315
16409,0,0.06798926492532094
16410,1,0.35522568225860596
16411,0,0.09949103494485219
16412,0,0.12346120675404866
16413,1,0.7230183283487955
16414,0,0.06798926492532094
16415,1,0.22023382286230722
16416,0,0.2603470633427302
16417,0,0.12767486770947775
16418,1,0.5952912370363871
16419,0,0.12767486770947775
16420,0,0.49421635270118713
16421,0,0.1270181139310201
16422,1,0.5423746705055237
16423,0,0.5423746705055237
16424,0,0.09949103494485219
16425,1,0.23599056402842203
16426,0,0.22023382286230722
16427,0,0.1270181139310201
16428,0,0.48190967241923016
16429,0,0.3524877727031708
16430,0,0.09949103494485219
16431,1,0.5423746705055237
16432,0,0.14737562835216522
16433,0,0.6849722663561503
16434,0,0.19315487146377563
16435,1,0.299166480700175
16436,1,0.09949103494485219
16437,1,0.4378194808959961
16438,0,0.3204767107963562
16439,0,0.2643210192521413
16440,0,0.35837329427401227
16441,0,0.2952769100666046
16442,0,0.5792729655901591
16443,1,0.2603470633427302
16444,0,0.22023382286230722
16445,1,0.5952912370363871
16446,1,0.8184640606244405
16447,0,0.06967103853821754
16448,0,0.2603470633427302
16449,0,0.24048798779646555
16450,0,0.09949103494485219
16451,1,0.1298374185959498
16452,1,0.6849722663561503
16453,0,0.6922701001167297
16454,0,0.17905397713184357
16455,0,0.0759682518740495
16456,0,0.5423746705055237
16457,0,0.06798926492532094
16458,0,0.06967103853821754
16459,0,0.09949103494485219
16460,0,0.15229111909866333
16461,0,0.12767486770947775
16462,0,0.09949103494485219
16463,1,0.4145099918047587
16464,0,0.1270181139310201
16465,0,0.09949103494485219
16466,0,0.1284903089205424
16467,0,0.30120808879534405
16468,0,0.3204767107963562
16469,0,0.07142605632543564
16470,1,0.4470456739266713
16471,0,0.06798926492532094
16472,0,0.09949103494485219
16473,1,0.19315487146377563
16474,1,0.7469152609507242
16475,0,0.5186862150828043
16476,0,0.15347019334634146
16477,0,0.6292468110720316
16478,0,0.18658835689226785
16479,0,0.5423746705055237
16480,0,0.3578697144985199
16481,0,0.1270181139310201
16482,1,0.5367150902748108
16483,0,0.48190967241923016
16484,1,0.4145099918047587
16485,0,0.4470456739266713
16486,1,0.33550431330998737
16487,0,0.6292468110720316
16488,1,0.37042423089345294
16489,0,0.30937989552815753
16490,0,0.09949103494485219
16491,1,0.2157363990942637
16492,0,0.10443828503290813
16493,1,0.7641592224438986
16494,0,0.6842315196990967
16495,1,0.37042423089345294
16496,0,0.12779168287913004
16497,0,0.33012237151463825
16498,1,0.5952912370363871
16499,0,0.15717355410257974
16500,0,0.1270181139310201
16501,0,0.33550431330998737
16502,0,0.6292468110720316
16503,1,0.5952912370363871
16504,1,0.37042423089345294
16505,0,0.37042423089345294
16506,0,0.2603470633427302
16507,1,0.5952912370363871
16508,0,0.13259035845597586
16509,1,0.09949103494485219
16510,1,0.10799519220987956
16511,1,0.4267452855904897
16512,0,0.37042423089345294
16513,0,0.31230490406354267
16514,1,0.22023382286230722
16515,1,0.5423746705055237
16516,1,0.12062450746695201
16517,0,0.12767486770947775
16518,1,0.7641592224438986
16519,0,0.1606395790974299
16520,1,0.4145099918047587
16521,0,0.3412967324256897
16522,0,0.0759682518740495
16523,1,0.37042423089345294
16524,0,0.22023382286230722
16525,0,0.4788922170797984
16526,0,0.35837329427401227
16527,0,0.5005621910095215
16528,0,0.18658835689226785
16529,0,0.7161670327186584
16530,1,0.5627741813659668
16531,1,0.6190909544626871
16532,0,0.783443808555603
16533,0,0.09949103494485219
16534,0,0.22023382286230722
16535,0,0.22023382286230722
16536,0,0.5148873527844747
16537,0,0.10443828503290813
16538,0,0.33550431330998737
16539,0,0.4145099918047587
16540,1,0.5423746705055237
16541,1,0.5952912370363871
16542,0,0.1220967024564743
16543,1,0.7469152609507242
16544,1,0.6922701001167297
16545,0,0.22023382286230722
16546,1,0.5952912370363871
16547,0,0.09949103494485219
16548,0,0.0759682518740495
16549,0,0.33012237151463825
16550,0,0.3909330566724141
16551,0,0.1270181139310201
16552,0,0.19315487146377563
16553,0,0.31230490406354267
16554,0,0.33012237151463825
16555,1,0.37042423089345294
16556,0,0.24009289840857187
16557,0,0.09949103494485219
16558,0,0.3909330566724141
16559,1,0.12346120675404866
16560,0,0.0759682518740495
16561,1,0.6623546878496805
16562,0,0.28418009479840595
16563,1,0.3578697144985199
16564,1,0.5415037473042806
16565,1,0.17905397713184357
16566,0,0.09949103494485219
16567,0,0.15229111909866333
16568,0,0.06798926492532094
16569,1,0.8997557957967123
16570,1,0.37042423089345294
16571,1,0.6922701001167297
16572,0,0.3909330566724141
16573,0,0.09949103494485219
16574,0,0.4267452855904897
16575,0,0.3412967324256897
16576,0,0.1270181139310201
16577,1,0.4470456739266713
16578,1,0.28418009479840595
16579,0,0.1270181139310201
16580,0,0.09949103494485219
16581,0,0.0759682518740495
16582,0,0.10443828503290813
16583,0,0.19587483505407968
16584,0,0.2708360254764557
16585,0,0.2952769100666046
16586,1,0.37042423089345294
16587,0,0.4145099918047587
16588,1,0.22023382286230722
16589,0,0.1270181139310201
16590,1,0.13267411788304648
16591,1,0.24009289840857187
16592,0,0.35837329427401227
16593,1,0.4470456739266713
16594,1,0.3204767107963562
16595,0,0.18398607770601907
16596,0,0.1163569837808609
16597,1,0.1220967024564743
16598,0,0.4267452855904897
16599,1,0.3493456343809764
16600,0,0.3204767107963562
16601,1,0.5792729655901591
16602,0,0.09949103494485219
16603,0,0.18658835689226785
16604,1,0.6292468110720316
16605,1,0.12767486770947775
16606,1,0.8184640606244405
16607,0,0.17247648040453592
16608,0,0.06798926492532094
16609,0,0.09949103494485219
16610,0,0.33012237151463825
16611,0,0.13134859005610147
16612,0,0.1334057996670405
16613,0,0.09949103494485219
16614,0,0.4145099918047587
16615,0,0.1844381590684255
16616,0,0.09949103494485219
16617,0,0.2003757655620575
16618,0,0.17214917639891306
16619,0,0.09949103494485219
16620,0,0.6922701001167297
16621,0,0.09949103494485219
16622,0,0.09041840707262357
16623,0,0.0759682518740495
16624,0,0.24048798779646555
16625,1,0.1764516979455948
16626,0,0.17292856176694235
16627,0,0.4145099918047587
16628,0,0.1270181139310201
16629,0,0.2952769100666046
16630,0,0.09949103494485219
16631,0,0.7469152609507242
16632,0,0.558873454729716
16633,0,0.3680640757083893
16634,0,0.37042423089345294
16635,0,0.0759682518740495
16636,1,0.6922701001167297
16637,1,0.23960714042186737
16638,0,0.3204767107963562
16639,1,0.8962544004122416
16640,0,0.28348373373349506
16641,0,0.09426016733050346
16642,0,0.09949103494485219
16643,0,0.22023382286230722
16644,0,0.09949103494485219
16645,0,0.2952769100666046
16646,0,0.09949103494485219
16647,0,0.3204767107963562
16648,0,0.6190909544626871
16649,0,0.48190967241923016
16650,0,0.1270181139310201
16651,0,0.11317155758539836
16652,0,0.12767486770947775
16653,0,0.5423746705055237
16654,0,0.1270181139310201
16655,0,0.6623546878496805
16656,0,0.6292468110720316
16657,0,0.5382024546464285
16658,0,0.7508884072303772
16659,0,0.28332191705703735
16660,1,0.6849722663561503
16661,0,0.0759682518740495
16662,0,0.0759682518740495
16663,1,0.5186862150828043
16664,0,0.33550431330998737
16665,0,0.6922701001167297
16666,0,0.36268213391304016
16667,0,0.06798926492532094
16668,0,0.6172011494636536
16669,0,0.3909330566724141
16670,0,0.09949103494485219
16671,0,0.19190336763858795
16672,0,0.5952912370363871
16673,1,0.5952912370363871
16674,0,0.4267452855904897
16675,1,0.38073869546254474
16676,0,0.13134859005610147
16677,0,0.3680640757083893
16678,1,0.12192603945732117
16679,0,0.5952912370363871
16680,0,0.0759682518740495
16681,0,0.09949103494485219
16682,0,0.5423746705055237
16683,1,0.1270181139310201
16684,1,0.3204767107963562
16685,0,0.5952912370363871
16686,1,0.7508884072303772
16687,1,0.6623546878496805
16688,1,0.31230490406354267
16689,1,0.6849722663561503
16690,0,0.5792729655901591
16691,1,0.2603470633427302
16692,0,0.1270181139310201
16693,0,0.5952912370363871
16694,0,0.06798926492532094
16695,0,0.0759682518740495
16696,1,0.8962544004122416
16697,0,0.22023382286230722
16698,0,0.06798926492532094
16699,0,0.1284903089205424
16700,0,0.09949103494485219
16701,1,0.5382024546464285
16702,1,0.3909330566724141
16703,0,0.09949103494485219
16704,0,0.28418009479840595
16705,1,0.5952912370363871
16706,0,0.30937989552815753
16707,0,0.2603470633427302
16708,1,0.14737562835216522
16709,1,0.3578697144985199
16710,0,0.18658835689226785
16711,1,0.2952769100666046
16712,0,0.18658835689226785
16713,0,0.09949103494485219
16714,0,0.6922701001167297
16715,0,0.06967103853821754
16716,0,0.06798926492532094
16717,0,0.1334057996670405
16718,1,0.5423746705055237
16719,0,0.31230490406354267
16720,0,0.2862492501735687
16721,1,0.5792729655901591
16722,0,0.13134859005610147
16723,0,0.5423746705055237
16724,0,0.06798926492532094
16725,0,0.3204767107963562
16726,0,0.09949103494485219
16727,0,0.22023382286230722
16728,0,0.0759682518740495
16729,1,0.28418009479840595
16730,0,0.09949103494485219
16731,1,0.4267452855904897
16732,0,0.13134859005610147
16733,0,0.09949103494485219
16734,0,0.12767486770947775
16735,1,0.3204767107963562
16736,0,0.10054509341716766
16737,0,0.09949103494485219
16738,1,0.37241453925768536
16739,0,0.36022986968358356
16740,0,0.48190967241923016
16741,1,0.3909330566724141
16742,0,0.06798926492532094
16743,0,0.09949103494485219
16744,1,0.5423746705055237
16745,0,0.1284903089205424
16746,1,0.6449512441953024
16747,0,0.5148873527844747
16748,0,0.2722251017888387
16749,1,0.7508884072303772
16750,0,0.4667024413744609
16751,0,0.19190336763858795
16752,0,0.0759682518740495
16753,1,0.5423746705055237
16754,0,0.3578697144985199
16755,0,0.1284903089205424
16756,0,0.12779168287913004
16757,0,0.2603470633427302
16758,0,0.16673029959201813
16759,1,0.4470456739266713
16760,0,0.37042423089345294
16761,0,0.08496410151322682
16762,0,0.06798926492532094
16763,0,0.1487011561791102
16764,0,0.3578697144985199
16765,0,0.09426016733050346
16766,0,0.09949103494485219
16767,0,0.259466215968132
16768,0,0.1284903089205424
16769,0,0.28418009479840595
16770,1,0.06967103853821754
16771,1,0.0759682518740495
16772,0,0.09949103494485219
16773,0,0.13134859005610147
16774,1,0.12767486770947775
16775,0,0.7469940980275472
16776,1,0.6842315196990967
16777,1,0.17905397713184357
16778,0,0.5792729655901591
16779,0,0.3909330566724141
16780,0,0.09949103494485219
16781,0,0.2603470633427302
16782,0,0.28164451320966083
16783,0,0.3204767107963562
16784,0,0.18398607770601907
16785,0,0.22023382286230722
16786,0,0.4267452855904897
16787,1,0.22023382286230722
16788,1,0.0797332338988781
16789,0,0.12767486770947775
16790,0,0.15717355410257974
16791,0,0.1298374185959498
16792,1,0.06798926492532094
16793,1,0.8609257737795512
16794,1,0.7469152609507242
16795,1,0.12062450746695201
16796,0,0.5148873527844747
16797,0,0.33165107170740765
16798,0,0.39732542634010315
16799,1,0.14737562835216522
16800,1,0.10443828503290813
16801,0,0.4145099918047587
16802,1,0.5351849993069967
16803,0,0.0956492746869723
16804,0,0.12346120675404866
16805,0,0.11571220556894939
16806,0,0.09949103494485219
16807,0,0.0759682518740495
16808,1,0.7508884072303772
16809,0,0.49119889736175537
16810,1,0.8997557957967123
16811,0,0.24416237076123556
16812,0,0.4145099918047587
16813,0,0.10443828503290813
16814,1,0.4470456739266713
16815,0,0.28418009479840595
16816,1,0.8997557957967123
16817,0,0.08496410151322682
16818,0,0.3909330566724141
16819,1,0.16949723164240518
16820,0,0.22023382286230722
16821,0,0.16412802040576935
16822,0,0.22023382286230722
16823,0,0.24009289840857187
16824,0,0.13259035845597586
16825,0,0.09949103494485219
16826,1,0.18658835689226785
16827,0,0.06798926492532094
16828,0,0.5952912370363871
16829,1,0.4470456739266713
16830,0,0.06798926492532094
16831,0,0.8962544004122416
16832,0,0.15717355410257974
16833,0,0.09426016733050346
16834,0,0.1750787595907847
16835,1,0.08496410151322682
16836,1,0.4276122748851776
16837,0,0.3204767107963562
16838,0,0.09949103494485219
16839,1,0.6292468110720316
16840,0,0.37042423089345294
16841,1,0.5952912370363871
16842,0,0.22023382286230722
16843,1,0.5367150902748108
16844,0,0.06798926492532094
16845,1,0.5952912370363871
16846,0,0.09949103494485219
16847,0,0.13048219680786133
16848,0,0.09949103494485219
16849,0,0.2952769100666046
16850,1,0.1284903089205424
16851,0,0.12767486770947775
16852,0,0.06798926492532094
16853,0,0.0887844202419122
16854,0,0.06798926492532094
16855,1,0.2952769100666046
16856,0,0.12062450746695201
16857,1,0.5148873527844747
16858,0,0.06798926492532094
16859,1,0.18398607770601907
16860,1,0.5952912370363871
16861,0,0.12767486770947775
16862,0,0.1163569837808609
16863,1,0.4519798854986827
16864,0,0.1270181139310201
16865,0,0.09949103494485219
16866,0,0.40729959805806476
16867,1,0.1334057996670405
16868,1,0.24009289840857187
16869,0,0.06974428271253903
16870,1,0.6190909544626871
16871,0,0.0759682518740495
16872,1,0.16458010176817575
16873,1,0.15229111909866333
16874,0,0.13134859005610147
16875,0,0.11215529839197795
16876,0,0.09949103494485219
16877,1,0.11571220556894939
16878,1,0.5952912370363871
16879,1,0.1284903089205424
16880,0,0.09949103494485219
16881,1,0.22023382286230722
16882,0,0.09949103494485219
16883,0,0.783443808555603
16884,0,0.37042423089345294
16885,0,0.2786232630411784
16886,1,0.09949103494485219
16887,0,0.5148873527844747
16888,0,0.3909330566724141
16889,0,0.5792729655901591
16890,0,0.2722251017888387
16891,1,0.7469152609507242
16892,0,0.09426016733050346
16893,1,0.7161670327186584
16894,0,0.06798926492532094
16895,1,0.6623546878496805
16896,0,0.4145099918047587
16897,1,0.13267411788304648
16898,0,0.1270181139310201
16899,1,0.09949103494485219
16900,1,0.4470456739266713
16901,0,0.1270181139310201
16902,0,0.09949103494485219
16903,0,0.12447746594746907
16904,0,0.10443828503290813
16905,0,0.3578697144985199
16906,0,0.2722251017888387
16907,1,0.31230490406354267
16908,1,0.7508884072303772
16909,1,0.3909330566724141
16910,0,0.1770316114028295
16911,1,0.5148873527844747
16912,1,0.38073869546254474
16913,0,0.06798926492532094
16914,0,0.18658835689226785
16915,0,0.37042423089345294
16916,1,0.13267411788304648
16917,0,0.783443808555603
16918,0,0.06798926492532094
16919,1,0.34984374046325684
16920,1,0.4519798854986827
16921,0,0.22023382286230722
16922,0,0.5792729655901591
16923,0,0.12062450746695201
16924,1,0.6922701001167297
16925,0,0.3909330566724141
16926,1,0.23960714042186737
16927,0,0.22023382286230722
16928,0,0.0759682518740495
16929,0,0.0759682518740495
16930,0,0.1270181139310201
16931,0,0.15229111909866333
16932,0,0.35837329427401227
16933,1,0.22023382286230722
16934,0,0.06798926492532094
16935,1,0.6842315196990967
16936,0,0.19190336763858795
16937,1,0.24446296195189157
16938,1,0.2895208199818929
16939,0,0.20378140608469644
16940,0,0.1334057996670405
16941,0,0.6849722663561503
16942,0,0.6138366460800171
16943,0,0.1334057996670405
16944,0,0.13134859005610147
16945,0,0.19190336763858795
16946,0,0.4470456739266713
16947,0,0.06798926492532094
16948,1,0.5952912370363871
16949,0,0.7508884072303772
16950,1,0.5423746705055237
16951,0,0.4788922170797984
16952,0,0.1270181139310201
16953,0,0.09949103494485219
16954,0,0.1769037793080012
16955,1,0.7508884072303772
16956,0,0.09426016733050346
16957,0,0.09949103494485219
16958,0,0.12346120675404866
16959,0,0.10443828503290813
16960,1,0.5148873527844747
16961,1,0.3909330566724141
16962,0,0.09949103494485219
16963,1,0.5792729655901591
16964,0,0.31230490406354267
16965,1,0.3578697144985199
16966,0,0.5148873527844747
16967,0,0.22023382286230722
16968,0,0.16412802040576935
16969,1,0.3917698760827382
16970,1,0.2708360254764557
16971,0,0.09949103494485219
16972,0,0.09949103494485219
16973,0,0.09949103494485219
16974,0,0.22023382286230722
16975,1,0.6292468110720316
16976,1,0.31230490406354267
16977,0,0.09949103494485219
16978,1,0.37042423089345294
16979,1,0.5186862150828043
16980,0,0.09949103494485219
16981,0,0.22023382286230722
16982,1,0.7469152609507242
16983,0,0.4470456739266713
16984,0,0.27429425716400146
16985,0,0.33012237151463825
16986,0,0.26241621871789295
16987,0,0.6292468110720316
16988,0,0.4470456739266713
16989,0,0.09949103494485219
16990,0,0.22023382286230722
16991,0,0.15717355410257974
16992,0,0.4145099918047587
16993,0,0.7641592224438986
16994,0,0.06798926492532094
16995,0,0.1750787595907847
16996,0,0.09949103494485219
16997,0,0.09426016733050346
16998,0,0.20600426197052002
16999,0,0.2862492501735687
17000,1,0.5382024546464285
17001,1,0.2603470633427302
17002,1,0.16552201410134634
17003,0,0.09949103494485219
17004,0,0.15229111909866333
17005,0,0.14737562835216522
17006,0,0.24009289840857187
17007,0,0.08496410151322682
17008,0,0.22023382286230722
17009,0,0.09949103494485219
17010,0,0.37241453925768536
17011,1,0.12767486770947775
17012,1,0.2603470633427302
17013,0,0.3204767107963562
17014,0,0.33012237151463825
17015,0,0.1844381590684255
17016,1,0.3204767107963562
17017,1,0.8997557957967123
17018,0,0.2708360254764557
17019,1,0.31230490406354267
17020,0,0.4470456739266713
17021,1,0.6849722663561503
17022,1,0.19190336763858795
17023,0,0.11215529839197795
17024,0,0.09949103494485219
17025,0,0.09949103494485219
17026,0,0.0759682518740495
17027,0,0.10443828503290813
17028,0,0.0759682518740495
17029,1,0.8505050539970398
17030,0,0.16552201410134634
17031,0,0.09949103494485219
17032,0,0.5005621910095215
17033,0,0.15229111909866333
17034,0,0.10443828503290813
17035,1,0.5423746705055237
17036,0,0.6292468110720316
17037,0,0.09949103494485219
17038,1,0.16949723164240518
17039,0,0.1163569837808609
17040,0,0.1270181139310201
17041,0,0.10443828503290813
17042,0,0.15717355410257974
17043,0,0.6292468110720316
17044,1,0.8184640606244405
17045,1,0.4788922170797984
17046,0,0.12346120675404866
17047,0,0.16458010176817575
17048,0,0.22023382286230722
17049,0,0.6849722663561503
17050,0,0.3204767107963562
17051,0,0.09949103494485219
17052,0,0.1241179605325063
17053,0,0.0759682518740495
17054,0,0.4788922170797984
17055,0,0.6922701001167297
17056,0,0.48190967241923016
17057,0,0.09949103494485219
17058,1,0.558873454729716
17059,0,0.6449512441953024
17060,0,0.09949103494485219
17061,0,0.2603470633427302
17062,1,0.3578697144985199
17063,0,0.3909330566724141
17064,1,0.3578697144985199
17065,0,0.09949103494485219
17066,1,0.7469152609507242
17067,1,0.31230490406354267
17068,0,0.1270181139310201
17069,1,0.6922701001167297
17070,1,0.3578697144985199
17071,1,0.22023382286230722
17072,1,0.8962544004122416
17073,1,0.5367150902748108
17074,0,0.35837329427401227
17075,1,0.3578697144985199
17076,1,0.15717355410257974
17077,0,0.22023382286230722
17078,0,0.6292468110720316
17079,0,0.13267411788304648
17080,0,0.22023382286230722
17081,1,0.30937989552815753
17082,0,0.06798926492532094
17083,0,0.3909330566724141
17084,1,0.28418009479840595
17085,1,0.5005621910095215
17086,0,0.2157363990942637
17087,0,0.09949103494485219
17088,0,0.2157363990942637
17089,1,0.5417551000912985
17090,1,0.16458010176817575
17091,0,0.06798926492532094
17092,0,0.33012237151463825
17093,0,0.06798926492532094
17094,0,0.13259035845597586
17095,1,0.3909330566724141
17096,0,0.16552201410134634
17097,1,0.7508884072303772
17098,1,0.12767486770947775
17099,0,0.09949103494485219
17100,0,0.3909330566724141
17101,1,0.8184640606244405
17102,0,0.12767486770947775
17103,0,0.33012237151463825
17104,0,0.11215529839197795
17105,0,0.11215529839197795
17106,0,0.09949103494485219
17107,1,0.11215529839197795
17108,1,0.5186862150828043
17109,0,0.12767486770947775
17110,1,0.16458010176817575
17111,1,0.48190967241923016
17112,1,0.8184640606244405
17113,0,0.30120808879534405
17114,1,0.6922701001167297
17115,0,0.1241179605325063
17116,0,0.09949103494485219
17117,0,0.12346120675404866
17118,0,0.09983913848797481
17119,0,0.6849722663561503
17120,0,0.10438676675160725
17121,0,0.3909330566724141
17122,0,0.35522568225860596
17123,0,0.2952769100666046
17124,0,0.2952769100666046
17125,0,0.15229111909866333
17126,1,0.3909330566724141
17127,0,0.37042423089345294
17128,0,0.3204767107963562
17129,0,0.13267411788304648
17130,0,0.3578697144985199
17131,0,0.37042423089345294
17132,0,0.12126928567886353
17133,0,0.5952912370363871
17134,0,0.22023382286230722
17135,0,0.09949103494485219
17136,0,0.22023382286230722
17137,0,0.33012237151463825
17138,1,0.4519798854986827
17139,0,0.23960714042186737
17140,0,0.06798926492532094
17141,0,0.4788922170797984
17142,1,0.6922701001167297
17143,1,0.4788922170797984
17144,0,0.09949103494485219
17145,0,0.18658835689226785
17146,0,0.259466215968132
17147,0,0.09949103494485219
17148,0,0.37042423089345294
17149,0,0.1750787595907847
17150,0,0.4470456739266713
17151,0,0.12062450746695201
17152,0,0.18658835689226785
17153,1,0.2603470633427302
17154,0,0.28418009479840595
17155,1,0.38073869546254474
17156,0,0.22023382286230722
17157,1,0.2408564289410909
17158,0,0.09949103494485219
17159,0,0.09949103494485219
17160,1,0.09949103494485219
17161,1,0.17247648040453592
17162,1,0.16412802040576935
17163,1,0.22023382286230722
17164,0,0.8997557957967123
17165,0,0.1163569837808609
17166,1,0.2722251017888387
17167,1,0.28418009479840595
17168,1,0.37042423089345294
17169,0,0.3909330566724141
17170,0,0.18658835689226785
17171,0,0.12767486770947775
17172,0,0.0759682518740495
17173,0,0.3204767107963562
17174,0,0.2952769100666046
17175,0,0.17247648040453592
17176,0,0.18658835689226785
17177,0,0.5351849993069967
17178,0,0.3204767107963562
17179,0,0.6842315196990967
17180,1,0.2603470633427302
17181,0,0.18164527416229248
17182,1,0.4788922170797984
17183,0,0.2003757655620575
17184,1,0.6623546878496805
17185,0,0.1270181139310201
17186,1,0.30889888604482013
17187,0,0.18658835689226785
17188,0,0.7641592224438986
17189,0,0.7469152609507242
17190,1,0.17905397713184357
17191,0,0.19190336763858795
17192,1,0.7508884072303772
17193,0,0.36022986968358356
17194,0,0.2603470633427302
17195,0,0.09949103494485219
17196,1,0.7508884072303772
17197,0,0.5148873527844747
17198,0,0.1606395790974299
17199,0,0.5952912370363871
17200,0,0.12779168287913004
17201,0,0.07428647826115291
17202,0,0.10443828503290813
17203,1,0.7641592224438986
17204,1,0.3909330566724141
17205,0,0.06798926492532094
17206,0,0.09949103494485219
17207,0,0.0759682518740495
17208,1,0.12767486770947775
17209,0,0.13134859005610147
17210,0,0.18398607770601907
17211,0,0.09949103494485219
17212,0,0.49421635270118713
17213,1,0.3412967324256897
17214,0,0.14737562835216522
17215,0,0.31230490406354267
17216,1,0.0797332338988781
17217,0,0.1298374185959498
17218,0,0.0759682518740495
17219,0,0.12779168287913004
17220,0,0.37042423089345294
17221,0,0.3466786742210388
17222,0,0.18398607770601907
17223,0,0.24009289840857187
17224,0,0.22023382286230722
17225,0,0.2952769100666046
17226,1,0.39732542634010315
17227,1,0.3909330566724141
17228,0,0.7469152609507242
17229,0,0.12346120675404866
17230,0,0.3680640757083893
17231,0,0.1844381590684255
17232,0,0.12779168287913004
17233,0,0.06798926492532094
17234,1,0.8184640606244405
17235,1,0.35837329427401227
17236,0,0.22023382286230722
17237,0,0.06974428271253903
17238,0,0.11215529839197795
17239,1,0.6842315196990967
17240,1,0.7469152609507242
17241,0,0.20600426197052002
17242,1,0.36022986968358356
17243,0,0.4788922170797984
17244,1,0.37042423089345294
17245,1,0.6292468110720316
17246,0,0.09949103494485219
17247,1,0.5792729655901591
17248,0,0.22023382286230722
17249,1,0.574891726175944
17250,0,0.22023382286230722
17251,0,0.1270181139310201
17252,0,0.12346120675404866
17253,0,0.5025806725025177
17254,0,0.7508884072303772
17255,0,0.31230490406354267
17256,0,0.10443828503290813
17257,1,0.06967103853821754
17258,0,0.3909330566724141
17259,0,0.09949103494485219
17260,0,0.3680640757083893
17261,1,0.3909330566724141
17262,0,0.09949103494485219
17263,0,0.12767486770947775
17264,1,0.4470456739266713
17265,0,0.10059652477502823
17266,0,0.1750787595907847
17267,0,0.11215529839197795
17268,0,0.20378140608469644
17269,1,0.7469152609507242
17270,0,0.0759682518740495
17271,0,0.3412967324256897
17272,0,0.13626408080259958
17273,1,0.783443808555603
17274,0,0.4470456739266713
17275,0,0.48190967241923016
17276,0,0.13134859005610147
17277,0,0.7161670327186584
17278,1,0.6292468110720316
17279,1,0.5952912370363871
17280,0,0.6842983365058899
17281,0,0.08665342504779498
17282,1,0.783443808555603
17283,0,0.18658835689226785
17284,1,0.17292856176694235
17285,1,0.28418009479840595
17286,0,0.09949103494485219
17287,0,0.06974428271253903
17288,1,0.14737562835216522
17289,0,0.09426016733050346
17290,0,0.31230490406354267
17291,0,0.0759682518740495
17292,0,0.09949103494485219
17293,0,0.3909330566724141
17294,0,0.12128126124540965
17295,0,0.1270181139310201
17296,0,0.09949103494485219
17297,0,0.6842315196990967
17298,0,0.1270181139310201
17299,0,0.13267411788304648
17300,0,0.12767486770947775
17301,0,0.3909330566724141
17302,0,0.09949103494485219
17303,0,0.5792729655901591
17304,0,0.1487011561791102
17305,1,0.16412802040576935
17306,1,0.3909330566724141
17307,1,0.4145099918047587
17308,0,0.15229111909866333
17309,0,0.11215529839197795
17310,0,0.37042423089345294
17311,1,0.09949103494485219
17312,0,0.16552201410134634
17313,0,0.07428647826115291
17314,0,0.6449512441953024
17315,0,0.16412802040576935
17316,1,0.6922701001167297
17317,0,0.3466786742210388
17318,0,0.12346120675404866
17319,0,0.5792729655901591
17320,0,0.33550431330998737
17321,0,0.12779168287913004
17322,1,0.8997557957967123
17323,0,0.12767486770947775
17324,0,0.37241453925768536
17325,0,0.09949103494485219
17326,0,0.09949103494485219
17327,0,0.11571220556894939
17328,0,0.09949103494485219
17329,0,0.4780196249485016
17330,0,0.12447746594746907
17331,1,0.6623546878496805
17332,1,0.4788922170797984
17333,0,0.24048798779646555
17334,0,0.22023382286230722
17335,1,0.5351849993069967
17336,0,0.4145099918047587
17337,0,0.0759682518740495
17338,0,0.12346120675404866
17339,0,0.09949103494485219
17340,0,0.19315487146377563
17341,0,0.2952769100666046
17342,1,0.11215529839197795
17343,0,0.09949103494485219
17344,1,0.5792729655901591
17345,1,0.2952769100666046
17346,0,0.13134859005610147
17347,0,0.14737562835216522
17348,0,0.1270181139310201
17349,0,0.12779168287913004
17350,0,0.17905397713184357
17351,1,0.2934748927752177
17352,1,0.4788922170797984
17353,0,0.5423746705055237
17354,1,0.49119889736175537
17355,1,0.8505050539970398
17356,1,0.2696627626816432
17357,0,0.33550431330998737
17358,0,0.15717355410257974
17359,0,0.37241453925768536
17360,0,0.11215529839197795
17361,0,0.3204767107963562
17362,0,0.13626408080259958
17363,1,0.7469152609507242
17364,1,0.6668280760447184
17365,1,0.22023382286230722
17366,0,0.0759682518740495
17367,0,0.1606395790974299
17368,0,0.5952912370363871
17369,0,0.28418009479840595
17370,0,0.16482441624005637
17371,1,0.5186862150828043
17372,1,0.5423746705055237
17373,1,0.4667024413744609
17374,0,0.0759682518740495
17375,0,0.09949103494485219
17376,0,0.22023382286230722
17377,1,0.33012237151463825
17378,0,0.09949103494485219
17379,1,0.06798926492532094
17380,1,0.28418009479840595
17381,1,0.6035929918289185
17382,0,0.09426016733050346
17383,1,0.1270181139310201
17384,0,0.13259035845597586
17385,0,0.3680640757083893
17386,0,0.28418009479840595
17387,0,0.5186862150828043
17388,0,0.12346120675404866
17389,0,0.1334057996670405
17390,1,0.5952912370363871
17391,0,0.17292856176694235
17392,0,0.06798926492532094
17393,1,0.33012237151463825
17394,0,0.09949103494485219
17395,0,0.19190336763858795
17396,0,0.3578697144985199
17397,0,0.259466215968132
17398,0,0.10443828503290813
17399,0,0.36022986968358356
17400,0,0.09949103494485219
17401,0,0.06974428271253903
17402,1,0.6623546878496805
17403,1,0.4470456739266713
17404,0,0.3909330566724141
17405,1,0.4788922170797984
17406,0,0.06798926492532094
17407,0,0.33550431330998737
17408,0,0.10443828503290813
17409,0,0.6849722663561503
17410,0,0.2408564289410909
17411,0,0.09949103494485219
17412,0,0.15347019334634146
17413,1,0.6842315196990967
17414,1,0.4780196249485016
17415,0,0.0759682518740495
17416,0,0.4788922170797984
17417,0,0.09426016733050346
17418,0,0.0759682518740495
17419,1,0.5952912370363871
17420,0,0.2643210192521413
17421,0,0.4667024413744609
17422,1,0.7469152609507242
17423,0,0.09949103494485219
17424,0,0.17214917639891306
17425,0,0.4788922170797984
17426,0,0.31230490406354267
17427,0,0.0759682518740495
17428,0,0.3909330566724141
17429,0,0.22023382286230722
17430,1,0.4470456739266713
17431,0,0.18658835689226785
17432,0,0.09949103494485219
17433,0,0.09949103494485219
17434,0,0.23954747120539346
17435,0,0.1606395790974299
17436,0,0.1606395790974299
17437,1,0.4667024413744609
17438,1,0.6922701001167297
17439,1,0.32440749804178876
17440,0,0.22023382286230722
17441,0,0.49421635270118713
17442,0,0.13259035845597586
17443,0,0.18398607770601907
17444,0,0.37042423089345294
17445,0,0.06974428271253903
17446,0,0.1270181139310201
17447,0,0.09949103494485219
17448,0,0.09041840707262357
17449,0,0.22023382286230722
17450,0,0.09949103494485219
17451,0,0.33165107170740765
17452,1,0.1487011561791102
17453,1,0.09949103494485219
17454,0,0.783443808555603
17455,0,0.09949103494485219
17456,0,0.3578697144985199
17457,1,0.22023382286230722
17458,1,0.20600426197052002
17459,0,0.4378194808959961
17460,0,0.09949103494485219
17461,0,0.3909330566724141
17462,0,0.09949103494485219
17463,1,0.1606395790974299
17464,0,0.13267411788304648
17465,0,0.46309099594751996
17466,1,0.6849722663561503
17467,0,0.0759682518740495
17468,0,0.18398607770601907
17469,0,0.23960714042186737
17470,1,0.37241453925768536
17471,1,0.7641592224438986
17472,1,0.22023382286230722
17473,0,0.0759682518740495
17474,1,0.5148873527844747
17475,0,0.3204767107963562
17476,1,0.3578697144985199
17477,1,0.0759682518740495
17478,0,0.15717355410257974
17479,0,0.6292468110720316
17480,1,0.1487011561791102
17481,0,0.11215529839197795
17482,1,0.6292468110720316
17483,1,0.22023382286230722
17484,0,0.3578697144985199
17485,0,0.37042423089345294
17486,1,0.7641592224438986
17487,0,0.6292468110720316
17488,0,0.06798926492532094
17489,0,0.06798926492532094
17490,1,0.7469152609507242
17491,0,0.4788922170797984
17492,1,0.4788922170797984
17493,0,0.12767486770947775
17494,0,0.1241179605325063
17495,0,0.3909330566724141
17496,0,0.3578697144985199
17497,0,0.15229111909866333
17498,0,0.09949103494485219
17499,0,0.10443828503290813
17500,0,0.2952769100666046
17501,1,0.6922701001167297
17502,1,0.6623546878496805
17503,0,0.09949103494485219
17504,1,0.5367150902748108
17505,0,0.11571220556894939
17506,0,0.5148873527844747
17507,1,0.46309099594751996
17508,0,0.1270181139310201
17509,0,0.09949103494485219
17510,0,0.09949103494485219
17511,1,0.25236602624257404
17512,1,0.22023382286230722
17513,0,0.1270181139310201
17514,0,0.36022986968358356
17515,1,0.5148873527844747
17516,0,0.06974428271253903
17517,0,0.0759682518740495
17518,0,0.15347019334634146
17519,1,0.3909330566724141
17520,0,0.28418009479840595
17521,1,0.8184640606244405
17522,0,0.07428647826115291
17523,0,0.13134859005610147
17524,1,0.6623546878496805
17525,0,0.1284903089205424
17526,0,0.1270181139310201
17527,0,0.38073869546254474
17528,0,0.12767486770947775
17529,0,0.1270181139310201
17530,0,0.18658835689226785
17531,1,0.3204767107963562
17532,0,0.3909330566724141
17533,0,0.18658835689226785
17534,0,0.09949103494485219
17535,1,0.47698525587717694
17536,0,0.11215529839197795
17537,0,0.08496410151322682
17538,0,0.18658835689226785
17539,0,0.08496410151322682
17540,0,0.1270181139310201
17541,0,0.28418009479840595
17542,0,0.09949103494485219
17543,0,0.13134859005610147
17544,0,0.12767486770947775
17545,0,0.3204767107963562
17546,1,0.2862492501735687
17547,0,0.12767486770947775
17548,0,0.12767486770947775
17549,0,0.1270181139310201
17550,0,0.14737562835216522
17551,1,0.22023382286230722
17552,1,0.5148873527844747
17553,1,0.8184640606244405
17554,0,0.1487011561791102
17555,0,0.5423746705055237
17556,0,0.22023382286230722
17557,1,0.6623546878496805
17558,0,0.3578697144985199
17559,0,0.1270181139310201
17560,1,0.783443808555603
17561,0,0.06974428271253903
17562,0,0.09949103494485219
17563,0,0.15717355410257974
17564,1,0.4470456739266713
17565,0,0.09949103494485219
17566,0,0.4267452855904897
17567,0,0.17292856176694235
17568,0,0.5952912370363871
17569,1,0.37241453925768536
17570,1,0.33012237151463825
17571,0,0.5423746705055237
17572,0,0.6842315196990967
17573,0,0.1270181139310201
17574,0,0.1284903089205424
17575,1,0.7641592224438986
17576,0,0.5367150902748108
17577,0,0.24048798779646555
17578,0,0.20600426197052002
17579,1,0.6922701001167297
17580,1,0.6292468110720316
17581,1,0.6292468110720316
17582,1,0.4470456739266713
17583,1,0.5952912370363871
17584,1,0.12767486770947775
17585,0,0.10545454422632854
17586,0,0.12062450746695201
17587,0,0.1769037793080012
17588,1,0.7641592224438986
17589,1,0.6922701001167297
17590,0,0.15717355410257974
17591,0,0.2643210192521413
17592,0,0.10799519220987956
17593,0,0.3909330566724141
17594,0,0.3680640757083893
17595,1,0.09949103494485219
17596,1,0.6922701001167297
17597,0,0.48190967241923016
17598,0,0.22023382286230722
17599,0,0.16458010176817575
17600,0,0.4470456739266713
17601,0,0.22023382286230722
17602,0,0.7508884072303772
17603,0,0.4485076665878296
17604,0,0.4470456739266713
17605,0,0.18658835689226785
17606,0,0.3493456343809764
17607,0,0.4145099918047587
17608,0,0.12767486770947775
17609,0,0.09949103494485219
17610,0,0.6922701001167297
17611,0,0.18658835689226785
17612,0,0.1241179605325063
17613,1,0.5952912370363871
17614,0,0.28418009479840595
17615,0,0.22023382286230722
17616,0,0.0759682518740495
17617,0,0.12346120675404866
17618,1,0.4267452855904897
17619,0,0.4470456739266713
17620,0,0.09949103494485219
17621,1,0.31230490406354267
17622,0,0.22023382286230722
17623,1,0.37042423089345294
17624,1,0.6623546878496805
17625,0,0.12779168287913004
17626,0,0.09426016733050346
17627,0,0.7508884072303772
17628,0,0.4828291932741801
17629,0,0.1334057996670405
17630,0,0.4470456739266713
17631,1,0.17247648040453592
17632,0,0.06798926492532094
17633,1,0.13267411788304648
17634,0,0.4145099918047587
17635,1,0.09949103494485219
17636,0,0.4145099918047587
17637,0,0.09949103494485219
17638,0,0.3680640757083893
17639,0,0.09949103494485219
17640,1,0.08496410151322682
17641,0,0.12346120675404866
17642,0,0.10799519220987956
17643,0,0.558873454729716
17644,0,0.1270181139310201
17645,1,0.3909330566724141
17646,0,0.33012237151463825
17647,0,0.1844381590684255
17648,1,0.33550431330998737
17649,1,0.37042423089345294
17650,1,0.3045484224955241
17651,1,0.33550431330998737
17652,1,0.6849722663561503
17653,0,0.2722251017888387
17654,0,0.2643210192521413
17655,0,0.8444444537162781
17656,0,0.6292468110720316
17657,0,0.6292468110720316
17658,0,0.1270181139310201
17659,0,0.09949103494485219
17660,1,0.12767486770947775
17661,0,0.12767486770947775
17662,0,0.2722251017888387
17663,0,0.3204767107963562
17664,0,0.06798926492532094
17665,1,0.31230490406354267
17666,0,0.4145099918047587
17667,1,0.574891726175944
17668,0,0.37042423089345294
17669,1,0.2603470633427302
17670,1,0.7508884072303772
17671,1,0.3204767107963562
17672,1,0.09949103494485219
17673,0,0.24048798779646555
17674,0,0.1844381590684255
17675,1,0.6292468110720316
17676,0,0.28418009479840595
17677,0,0.4398593604564667
17678,0,0.2722251017888387
17679,0,0.3909330566724141
17680,1,0.4145099918047587
17681,0,0.1750787595907847
17682,0,0.259466215968132
17683,1,0.3204767107963562
17684,0,0.4145099918047587
17685,1,0.6922701001167297
17686,0,0.1270181139310201
17687,0,0.3909330566724141
17688,0,0.12767486770947775
17689,0,0.10304794212182362
17690,0,0.22023382286230722
17691,0,0.12779168287913004
17692,0,0.37042423089345294
17693,0,0.24009289840857187
17694,1,0.3909330566724141
17695,0,0.0759682518740495
17696,1,0.1334057996670405
17697,0,0.1270181139310201
17698,0,0.13134859005610147
17699,0,0.2603470633427302
17700,1,0.1270181139310201
17701,0,0.06798926492532094
17702,0,0.1334057996670405
17703,1,0.8184640606244405
17704,0,0.09949103494485219
17705,1,0.477718045314153
17706,0,0.09949103494485219
17707,0,0.31230490406354267
17708,1,0.6849722663561503
17709,0,0.18658835689226785
17710,1,0.574891726175944
17711,1,0.7641592224438986
17712,0,0.33012237151463825
17713,0,0.22023382286230722
17714,0,0.2952769100666046
17715,1,0.3204767107963562
17716,1,0.8017973899841309
17717,0,0.09949103494485219
17718,1,0.2722251017888387
17719,0,0.06798926492532094
17720,0,0.3578697144985199
17721,0,0.28418009479840595
17722,1,0.09949103494485219
17723,0,0.10443828503290813
17724,1,0.7508884072303772
17725,1,0.14737562835216522
17726,1,0.1270181139310201
17727,1,0.09949103494485219
17728,1,0.7469152609507242
17729,0,0.09949103494485219
17730,0,0.17905397713184357
17731,0,0.06974428271253903
17732,1,0.22023382286230722
17733,0,0.22023382286230722
17734,0,0.3578697144985199
17735,0,0.31230490406354267
17736,1,0.1270181139310201
17737,1,0.8184640606244405
17738,0,0.0759682518740495
17739,0,0.12493340174357097
17740,1,0.6922701001167297
17741,0,0.09949103494485219
17742,0,0.11854890485604604
17743,1,0.28418009479840595
17744,0,0.6292468110720316
17745,1,0.9354700843493143
17746,1,0.19190336763858795
17747,0,0.3204767107963562
17748,1,0.5148873527844747
17749,0,0.19190336763858795
17750,0,0.09949103494485219
17751,0,0.1954602748155594
17752,0,0.09949103494485219
17753,1,0.8184640606244405
17754,0,0.3204767107963562
17755,1,0.6849722663561503
17756,1,0.2603470633427302
17757,0,0.12228554487228394
17758,0,0.8505050539970398
17759,0,0.35837329427401227
17760,1,0.27977487444877625
17761,1,0.6849722663561503
17762,0,0.3204767107963562
17763,1,0.259466215968132
17764,1,0.5952912370363871
17765,1,0.6922701001167297
17766,0,0.10443828503290813
17767,1,0.8962544004122416
17768,1,0.33012237151463825
17769,0,0.1954602748155594
17770,0,0.6922701001167297
17771,0,0.2603470633427302
17772,0,0.09949103494485219
17773,0,0.20600426197052002
17774,0,0.12779168287913004
17775,0,0.06798926492532094
17776,0,0.3909330566724141
17777,1,0.18658835689226785
17778,0,0.2708360254764557
17779,0,0.09949103494485219
17780,0,0.07428647826115291
17781,1,0.6623546878496805
17782,0,0.13259035845597586
17783,0,0.1163569837808609
17784,1,0.6623546878496805
17785,1,0.6623546878496805
17786,0,0.16181480884552002
17787,0,0.1270181139310201
17788,0,0.0759682518740495
17789,0,0.2643210192521413
17790,1,0.28418009479840595
17791,0,0.09949103494485219
17792,0,0.22023382286230722
17793,0,0.12767486770947775
17794,1,0.2895208199818929
17795,0,0.22023382286230722
17796,0,0.2643210192521413
17797,0,0.14737562835216522
17798,0,0.09949103494485219
17799,0,0.09949103494485219
17800,1,0.7508884072303772
17801,0,0.22023382286230722
17802,0,0.1844381590684255
17803,1,0.22023382286230722
17804,0,0.09949103494485219
17805,0,0.2603470633427302
17806,1,0.22023382286230722
17807,1,0.43679141998291016
17808,0,0.22023382286230722
17809,0,0.12062450746695201
17810,0,0.13134859005610147
17811,0,0.6849722663561503
17812,0,0.15717355410257974
17813,0,0.08501943821708362
17814,1,0.5792729655901591
17815,1,0.6842315196990967
17816,0,0.6922701001167297
17817,1,0.5952912370363871
17818,1,0.45444268981615704
17819,0,0.39732542634010315
17820,0,0.2003757655620575
17821,0,0.3909330566724141
17822,0,0.22023382286230722
17823,0,0.09949103494485219
17824,0,0.06967103853821754
17825,0,0.37042423089345294
17826,0,0.09949103494485219
17827,0,0.1487011561791102
17828,1,0.5423746705055237
17829,1,0.4470456739266713
17830,1,0.2952769100666046
17831,1,0.3909330566724141
17832,0,0.3909330566724141
17833,0,0.1298374185959498
17834,0,0.1241179605325063
17835,0,0.3204767107963562
17836,1,0.4267452855904897
17837,0,0.09949103494485219
17838,1,0.7641592224438986
17839,0,0.22023382286230722
17840,0,0.35522568225860596
17841,0,0.09949103494485219
17842,1,0.5792729655901591
17843,0,0.09949103494485219
17844,0,0.15717355410257974
17845,0,0.09426016733050346
17846,1,0.3909330566724141
17847,1,0.12767486770947775
17848,1,0.7508884072303772
17849,1,0.12062450746695201
17850,0,0.12126928567886353
17851,1,0.259466215968132
17852,1,0.3909330566724141
17853,1,0.3578697144985199
17854,0,0.31230490406354267
17855,0,0.09949103494485219
17856,0,0.06798926492532094
17857,0,0.0759682518740495
17858,1,0.6922701001167297
17859,0,0.0759682518740495
17860,0,0.09949103494485219
17861,0,0.12346120675404866
17862,0,0.10435613244771957
17863,0,0.2643210192521413
17864,0,0.22023382286230722
17865,0,0.28418009479840595
17866,0,0.0759682518740495
17867,1,0.5952912370363871
17868,1,0.2603470633427302
17869,0,0.4519798854986827
17870,0,0.5952912370363871
17871,0,0.19315487146377563
17872,0,0.15717355410257974
17873,0,0.12495498359203339
17874,1,0.32741740345954895
17875,0,0.49421635270118713
17876,0,0.06798926492532094
17877,0,0.3909330566724141
17878,0,0.6623546878496805
17879,0,0.24009289840857187
17880,1,0.5186862150828043
17881,0,0.31230490406354267
17882,1,0.7641592224438986
17883,1,0.3578697144985199
17884,0,0.09041840707262357
17885,1,0.23954747120539346
17886,0,0.06798926492532094
17887,0,0.19190336763858795
17888,1,0.2895208199818929
17889,0,0.06798926492532094
17890,0,0.22023382286230722
17891,1,0.5952912370363871
17892,0,0.23960714042186737
17893,0,0.13259035845597586
17894,0,0.6292468110720316
17895,0,0.37042423089345294
17896,0,0.0797332338988781
17897,1,0.06798926492532094
17898,1,0.22023382286230722
17899,0,0.2603470633427302
17900,1,0.3909330566724141
17901,0,0.24048798779646555
17902,0,0.09949103494485219
17903,0,0.259466215968132
17904,1,0.6623546878496805
17905,0,0.09949103494485219
17906,1,0.3472764790058136
17907,0,0.28418009479840595
17908,0,0.09949103494485219
17909,0,0.06798926492532094
17910,0,0.6292468110720316
17911,0,0.37241453925768536
17912,1,0.6769851446151733
17913,0,0.12779168287913004
17914,1,0.4788922170797984
17915,0,0.12192603945732117
17916,1,0.7641592224438986
17917,1,0.783443808555603
17918,0,0.4145099918047587
17919,1,0.5423746705055237
17920,1,0.783443808555603
17921,1,0.6922701001167297
17922,0,0.10443828503290813
17923,0,0.22023382286230722
17924,0,0.31230490406354267
17925,1,0.6922701001167297
17926,0,0.07142605632543564
17927,0,0.22023382286230722
17928,0,0.14737562835216522
17929,0,0.22023382286230722
17930,0,0.10443828503290813
17931,0,0.3909330566724141
17932,0,0.15229111909866333
17933,0,0.14737562835216522
17934,0,0.09949103494485219
17935,1,0.3680640757083893
17936,0,0.2603470633427302
17937,0,0.0797332338988781
17938,0,0.09949103494485219
17939,1,0.783443808555603
17940,1,0.09949103494485219
17941,0,0.0759682518740495
17942,1,0.8997557957967123
17943,0,0.19449466466903687
17944,0,0.24009289840857187
17945,1,0.3578697144985199
17946,0,0.18398607770601907
17947,0,0.22023382286230722
17948,0,0.3076062500476837
17949,1,0.3909330566724141
17950,0,0.06798926492532094
17951,0,0.10443828503290813
17952,0,0.22023382286230722
17953,1,0.5367150902748108
17954,0,0.28418009479840595
17955,0,0.4267452855904897
17956,0,0.15347019334634146
17957,0,0.09949103494485219
17958,1,0.22023382286230722
17959,0,0.6922701001167297
17960,0,0.14737562835216522
17961,1,0.6623546878496805
17962,0,0.12346120675404866
17963,0,0.5792729655901591
17964,1,0.6842315196990967
17965,0,0.3578697144985199
17966,1,0.7641592224438986
17967,0,0.2603470633427302
17968,0,0.2603470633427302
17969,1,0.23599056402842203
17970,1,0.6769851446151733
17971,0,0.23510971665382385
17972,0,0.1270181139310201
17973,0,0.4145099918047587
17974,0,0.22023382286230722
17975,0,0.3401980797449748
17976,1,0.6292468110720316
17977,1,0.6410865187644958
17978,0,0.783443808555603
17979,0,0.6410865187644958
17980,1,0.8505050539970398
17981,0,0.09949103494485219
17982,0,0.22023382286230722
17983,0,0.24009289840857187
17984,0,0.558873454729716
17985,0,0.31230490406354267
17986,0,0.0759682518740495
17987,0,0.11215529839197795
17988,0,0.12767486770947775
17989,0,0.09949103494485219
17990,0,0.09041840707262357
17991,0,0.07428647826115291
17992,0,0.1270181139310201
17993,0,0.6292468110720316
17994,0,0.28332191705703735
17995,0,0.17214917639891306
17996,1,0.6466502547264099
17997,1,0.23599056402842203
17998,0,0.1764516979455948
17999,0,0.1270181139310201
18000,0,0.06974428271253903
18001,0,0.07142605632543564
18002,0,0.27801122268040973
18003,0,0.08496410151322682
18004,0,0.12128126124540965
18005,0,0.0759682518740495
18006,0,0.14737562835216522
18007,1,0.16412802040576935
18008,0,0.1844381590684255
18009,0,0.33550431330998737
18010,1,0.1270181139310201
18011,1,0.5792729655901591
18012,0,0.22023382286230722
18013,0,0.12128126124540965
18014,0,0.2643210192521413
18015,0,0.0759682518740495
18016,0,0.48190967241923016
18017,0,0.2643210192521413
18018,1,0.5423746705055237
18019,0,0.06798926492532094
18020,0,0.09949103494485219
18021,1,0.14737562835216522
18022,1,0.17905397713184357
18023,0,0.14737562835216522
18024,1,0.8444444537162781
18025,0,0.11317155758539836
18026,1,0.09949103494485219
18027,0,0.1750787595907847
18028,0,0.5423746705055237
18029,0,0.2952769100666046
18030,0,0.3204767107963562
18031,0,0.09949103494485219
18032,0,0.18658835689226785
18033,0,0.22023382286230722
18034,0,0.22023382286230722
18035,1,0.5148873527844747
18036,1,0.8212418357531229
18037,0,0.32741740345954895
18038,0,0.0759682518740495
18039,0,0.06798926492532094
18040,0,0.1241179605325063
18041,0,0.22023382286230722
18042,0,0.37042423089345294
18043,0,0.12779168287913004
18044,0,0.09949103494485219
18045,0,0.09949103494485219
18046,1,0.6623546878496805
18047,0,0.15229111909866333
18048,1,0.7508884072303772
18049,0,0.7641592224438986
18050,0,0.5423746705055237
18051,1,0.3909330566724141
18052,0,0.06798926492532094
18053,0,0.09949103494485219
18054,1,0.22023382286230722
18055,0,0.09949103494485219
18056,0,0.06798926492532094
18057,0,0.09949103494485219
18058,1,0.3909330566724141
18059,0,0.09426016733050346
18060,0,0.1750787595907847
18061,0,0.13267411788304648
18062,0,0.07866688817739487
18063,0,0.1270181139310201
18064,1,0.22023382286230722
18065,0,0.1241179605325063
18066,0,0.06798926492532094
18067,0,0.28418009479840595
18068,0,0.3578697144985199
18069,0,0.07428647826115291
18070,1,0.4145099918047587
18071,0,0.18658835689226785
18072,0,0.5367150902748108
18073,0,0.09949103494485219
18074,1,0.17905397713184357
18075,0,0.22023382286230722
18076,1,0.861289362112681
18077,0,0.37042423089345294
18078,0,0.27684444189071655
18079,0,0.37241453925768536
18080,0,0.4470456739266713
18081,1,0.6292468110720316
18082,0,0.09949103494485219
18083,1,0.5148873527844747
18084,0,0.16458010176817575
18085,0,0.09949103494485219
18086,0,0.37042423089345294
18087,1,0.22023382286230722
18088,0,0.2003757655620575
18089,0,0.1270181139310201
18090,1,0.8505050539970398
18091,1,0.22023382286230722
18092,0,0.5952912370363871
18093,1,0.7508884072303772
18094,0,0.3204767107963562
18095,1,0.15717355410257974
18096,1,0.3909330566724141
18097,0,0.12495498359203339
18098,0,0.6292468110720316
18099,0,0.4145099918047587
18100,0,0.6842315196990967
18101,1,0.6292468110720316
18102,0,0.12062450746695201
18103,0,0.30120808879534405
18104,1,0.8184640606244405
18105,0,0.22023382286230722
18106,0,0.06798926492532094
18107,0,0.3578697144985199
18108,0,0.4788922170797984
18109,0,0.09949103494485219
18110,0,0.4267452855904897
18111,1,0.5792729655901591
18112,1,0.5952912370363871
18113,0,0.1750787595907847
18114,1,0.06798926492532094
18115,0,0.09949103494485219
18116,1,0.37042423089345294
18117,1,0.4485076665878296
18118,1,0.13134859005610147
18119,1,0.22023382286230722
18120,0,0.31230490406354267
18121,0,0.09949103494485219
18122,0,0.30120808879534405
18123,0,0.31230490406354267
18124,0,0.2643210192521413
18125,1,0.6623546878496805
18126,0,0.3204767107963562
18127,0,0.19315487146377563
18128,1,0.12779168287913004
18129,0,0.48190967241923016
18130,0,0.09041840707262357
18131,0,0.09949103494485219
18132,0,0.16949723164240518
18133,0,0.0759682518740495
18134,0,0.09949103494485219
18135,0,0.09949103494485219
18136,0,0.5186862150828043
18137,0,0.2952769100666046
18138,0,0.22023382286230722
18139,0,0.2722251017888387
18140,0,0.2603470633427302
18141,0,0.12346120675404866
18142,0,0.22023382286230722
18143,1,0.783443808555603
18144,1,0.48190967241923016
18145,0,0.17905397713184357
18146,0,0.06798926492532094
18147,0,0.12767486770947775
18148,0,0.09426016733050346
18149,0,0.30937989552815753
18150,1,0.3909330566724141
18151,0,0.22023382286230722
18152,0,0.1270181139310201
18153,0,0.07343602056304614
18154,0,0.09949103494485219
18155,0,0.5952912370363871
18156,0,0.22023382286230722
18157,1,0.22023382286230722
18158,1,0.09949103494485219
18159,0,0.09949103494485219
18160,1,0.5351849993069967
18161,0,0.28418009479840595
18162,0,0.5423746705055237
18163,0,0.09949103494485219
18164,0,0.12779168287913004
18165,1,0.5148873527844747
18166,0,0.2003757655620575
18167,0,0.1284903089205424
18168,0,0.09949103494485219
18169,0,0.07428647826115291
18170,1,0.0759682518740495
18171,1,0.3578697144985199
18172,0,0.5423746705055237
18173,1,0.6922701001167297
18174,0,0.19315487146377563
18175,0,0.15229111909866333
18176,0,0.6849722663561503
18177,1,0.5952912370363871
18178,1,0.39732542634010315
18179,1,0.4267452855904897
18180,1,0.5792729655901591
18181,0,0.3909330566724141
18182,0,0.2603470633427302
18183,0,0.4470456739266713
18184,1,0.32440749804178876
18185,0,0.3204767107963562
18186,0,0.12767486770947775
18187,0,0.09949103494485219
18188,1,0.5627741813659668
18189,0,0.06798926492532094
18190,1,0.783443808555603
18191,0,0.6922701001167297
18192,1,0.8962544004122416
18193,1,0.5186862150828043
18194,0,0.5423746705055237
18195,1,0.18658835689226785
18196,0,0.09949103494485219
18197,0,0.39732542634010315
18198,0,0.22023382286230722
18199,1,0.8962544004122416
18200,0,0.22023382286230722
18201,0,0.1270181139310201
18202,0,0.3204767107963562
18203,0,0.37042423089345294
18204,0,0.09949103494485219
18205,0,0.33012237151463825
18206,1,0.16458010176817575
18207,0,0.1270181139310201
18208,0,0.12128126124540965
18209,0,0.6922701001167297
18210,1,0.48190967241923016
18211,0,0.37042423089345294
18212,0,0.3204767107963562
18213,0,0.28418009479840595
18214,0,0.13259035845597586
18215,1,0.4145099918047587
18216,0,0.09949103494485219
18217,1,0.33012237151463825
18218,0,0.12767486770947775
18219,1,0.08496410151322682
18220,0,0.31230490406354267
18221,0,0.22023382286230722
18222,1,0.5952912370363871
18223,0,0.09949103494485219
18224,0,0.0797332338988781
18225,1,0.22023382286230722
18226,1,0.10545454422632854
18227,0,0.1270181139310201
18228,0,0.4267452855904897
18229,0,0.259466215968132
18230,0,0.31230490406354267
18231,1,0.23960714042186737
18232,0,0.12767486770947775
18233,0,0.36022986968358356
18234,1,0.6922701001167297
18235,0,0.1270181139310201
18236,0,0.15229111909866333
18237,0,0.6842315196990967
18238,0,0.259466215968132
18239,0,0.22023382286230722
18240,0,0.24009289840857187
18241,0,0.17292856176694235
18242,1,0.37042423089345294
18243,1,0.22023382286230722
18244,0,0.24009289840857187
18245,0,0.12767486770947775
18246,0,0.16181480884552002
18247,1,0.4145099918047587
18248,0,0.15229111909866333
18249,0,0.259466215968132
18250,0,0.09949103494485219
18251,0,0.23599056402842203
18252,1,0.1769037793080012
18253,0,0.10443828503290813
18254,0,0.4788922170797984
18255,0,0.09949103494485219
18256,1,0.6842315196990967
18257,0,0.09949103494485219
18258,0,0.6292468110720316
18259,0,0.23954747120539346
18260,0,0.15229111909866333
18261,0,0.2952769100666046
18262,1,0.3578697144985199
18263,1,0.3466786742210388
18264,0,0.28418009479840595
18265,0,0.28418009479840595
18266,1,0.15717355410257974
18267,0,0.1844381590684255
18268,0,0.28418009479840595
18269,1,0.6623546878496805
18270,0,0.31230490406354267
18271,0,0.09949103494485219
18272,1,0.7641592224438986
18273,0,0.6849722663561503
18274,1,0.5025806725025177
18275,0,0.18658835689226785
18276,0,0.10545454422632854
18277,0,0.6449512441953024
18278,0,0.15229111909866333
18279,0,0.06798926492532094
18280,0,0.17292856176694235
18281,1,0.37042423089345294
18282,0,0.24416237076123556
18283,1,0.5186862150828043
18284,1,0.1750787595907847
18285,1,0.5186862150828043
18286,1,0.2722251017888387
18287,0,0.28418009479840595
18288,0,0.5952912370363871
18289,1,0.6292468110720316
18290,0,0.13267411788304648
18291,1,0.659581700960795
18292,0,0.10443828503290813
18293,0,0.22023382286230722
18294,1,0.8962544004122416
18295,0,0.1844381590684255
18296,1,0.33550431330998737
18297,0,0.12346120675404866
18298,1,0.09949103494485219
18299,0,0.10443828503290813
18300,0,0.13626408080259958
18301,0,0.06798926492532094
18302,1,0.48935115337371826
18303,0,0.09041840707262357
18304,0,0.09041840707262357
18305,0,0.3909330566724141
18306,0,0.06798926492532094
18307,1,0.6623546878496805
18308,1,0.6449512441953024
18309,0,0.22023382286230722
18310,0,0.10443828503290813
18311,0,0.09949103494485219
18312,0,0.09949103494485219
18313,0,0.3909330566724141
18314,0,0.09949103494485219
18315,0,0.08496410151322682
18316,0,0.10443828503290813
18317,0,0.06798926492532094
18318,0,0.259466215968132
18319,0,0.39732542634010315
18320,0,0.13134859005610147
18321,0,0.18658835689226785
18322,1,0.3909330566724141
18323,1,0.6292468110720316
18324,1,0.259466215968132
18325,0,0.4145099918047587
18326,0,0.4470456739266713
18327,0,0.3909330566724141
18328,1,0.8997557957967123
18329,1,0.29057825605074566
18330,0,0.09949103494485219
18331,1,0.8505050539970398
18332,1,0.33012237151463825
18333,1,0.08496410151322682
18334,0,0.7161670327186584
18335,0,0.5423746705055237
18336,1,0.6292468110720316
18337,0,0.13134859005610147
18338,0,0.3204767107963562
18339,0,0.15229111909866333
18340,0,0.2722251017888387
18341,1,0.19190336763858795
18342,0,0.2952769100666046
18343,0,0.20600426197052002
18344,0,0.06798926492532094
18345,0,0.12767486770947775
18346,0,0.16949723164240518
18347,0,0.09949103494485219
18348,0,0.11215529839197795
18349,0,0.5423746705055237
18350,1,0.13267411788304648
18351,0,0.09949103494485219
18352,0,0.09949103494485219
18353,0,0.3204767107963562
18354,1,0.6922701001167297
18355,1,0.5952912370363871
18356,0,0.1270181139310201
18357,0,0.06798926492532094
18358,0,0.06798926492532094
18359,0,0.3909330566724141
18360,0,0.11215529839197795
18361,1,0.1270181139310201
18362,1,0.8212418357531229
18363,0,0.28418009479840595
18364,0,0.12128126124540965
18365,0,0.13267411788304648
18366,0,0.28418009479840595
18367,1,0.1270181139310201
18368,0,0.10443828503290813
18369,0,0.12779168287913004
18370,1,0.5423746705055237
18371,0,0.3578697144985199
18372,0,0.24416237076123556
18373,0,0.22023382286230722
18374,0,0.35522568225860596
18375,0,0.12779168287913004
18376,0,0.09949103494485219
18377,0,0.22023382286230722
18378,0,0.48190967241923016
18379,0,0.33012237151463825
18380,0,0.1270181139310201
18381,1,0.2952769100666046
18382,1,0.23954747120539346
18383,1,0.4398593604564667
18384,0,0.1270181139310201
18385,1,0.22023382286230722
18386,0,0.7508884072303772
18387,1,0.33012237151463825
18388,0,0.09949103494485219
18389,0,0.09949103494485219
18390,1,0.8212418357531229
18391,0,0.558873454729716
18392,0,0.2722251017888387
18393,0,0.3909330566724141
18394,0,0.24416237076123556
18395,0,0.09949103494485219
18396,0,0.28418009479840595
18397,0,0.3909330566724141
18398,1,0.6292468110720316
18399,0,0.259466215968132
18400,0,0.12346120675404866
18401,0,0.15229111909866333
18402,1,0.32440749804178876
18403,0,0.5148873527844747
18404,1,0.6842315196990967
18405,0,0.1270181139310201
18406,1,0.3909330566724141
18407,1,0.8962544004122416
18408,1,0.6922701001167297
18409,0,0.06798926492532094
18410,0,0.3909330566724141
18411,0,0.09949103494485219
18412,0,0.31230490406354267
18413,1,0.783443808555603
18414,0,0.33012237151463825
18415,0,0.24009289840857187
18416,0,0.2003757655620575
18417,0,0.18658835689226785
18418,1,0.37042423089345294
18419,0,0.33550431330998737
18420,0,0.4267452855904897
18421,0,0.11571220556894939
18422,0,0.09949103494485219
18423,0,0.3909330566724141
18424,0,0.3204767107963562
18425,1,0.33012237151463825
18426,0,0.0759682518740495
18427,0,0.15229111909866333
18428,0,0.24009289840857187
18429,0,0.2603470633427302
18430,0,0.1750787595907847
18431,0,0.12495498359203339
18432,0,0.08496410151322682
18433,0,0.14737562835216522
18434,1,0.6849722663561503
18435,0,0.28332191705703735
18436,1,0.6849722663561503
18437,0,0.3578697144985199
18438,0,0.09949103494485219
18439,0,0.15717355410257974
18440,0,0.3076062500476837
18441,0,0.3204767107963562
18442,0,0.10443828503290813
18443,0,0.12779168287913004
18444,1,0.6623546878496805
18445,0,0.22023382286230722
18446,1,0.3472764790058136
18447,1,0.7508884072303772
18448,0,0.15717355410257974
18449,0,0.09949103494485219
18450,1,0.22023382286230722
18451,0,0.11215529839197795
18452,0,0.11215529839197795
18453,0,0.4378194808959961
18454,0,0.09949103494485219
18455,1,0.4553152819474538
18456,0,0.6623546878496805
18457,1,0.6292468110720316
18458,0,0.1270181139310201
18459,0,0.19190336763858795
18460,0,0.5423746705055237
18461,0,0.2952769100666046
18462,0,0.12493340174357097
18463,0,0.06798926492532094
18464,1,0.6449512441953024
18465,1,0.09949103494485219
18466,1,0.22023382286230722
18467,0,0.31230490406354267
18468,1,0.6922701001167297
18469,1,0.5423746705055237
18470,0,0.0759682518740495
18471,0,0.1270181139310201
18472,1,0.18658835689226785
18473,0,0.3204767107963562
18474,1,0.5792729655901591
18475,0,0.06974428271253903
18476,0,0.3204767107963562
18477,1,0.3909330566724141
18478,0,0.6623546878496805
18479,1,0.783443808555603
18480,0,0.13134859005610147
18481,0,0.20872422556082407
18482,0,0.2895208199818929
18483,0,0.27429425716400146
18484,0,0.15229111909866333
18485,1,0.3204767107963562
18486,0,0.34984374046325684
18487,0,0.1606395790974299
18488,0,0.1270181139310201
18489,0,0.12767486770947775
18490,0,0.18658835689226785
18491,0,0.22023382286230722
18492,0,0.3032772441705068
18493,0,0.6292468110720316
18494,0,0.33550431330998737
18495,0,0.1220967024564743
18496,0,0.558873454729716
18497,1,0.8997557957967123
18498,0,0.09949103494485219
18499,0,0.5627741813659668
18500,0,0.0759682518740495
18501,0,0.4145099918047587
18502,1,0.12495498359203339
18503,0,0.4267452855904897
18504,0,0.1270181139310201
18505,0,0.1844381590684255
18506,0,0.12767486770947775
18507,1,0.6190909544626871
18508,0,0.2862492501735687
18509,0,0.3204767107963562
18510,0,0.4470456739266713
18511,1,0.37241453925768536
18512,1,0.6849722663561503
18513,1,0.2603470633427302
18514,1,0.558873454729716
18515,0,0.22023382286230722
18516,0,0.06798926492532094
18517,0,0.4788922170797984
18518,1,0.5952912370363871
18519,0,0.3524877727031708
18520,0,0.6292468110720316
18521,0,0.20600426197052002
18522,0,0.13259035845597586
18523,0,0.06798926492532094
18524,0,0.09949103494485219
18525,0,0.18658835689226785
18526,1,0.6922701001167297
18527,0,0.18658835689226785
18528,0,0.6292468110720316
18529,0,0.1270181139310201
18530,1,0.5423746705055237
18531,0,0.15347019334634146
18532,0,0.3909330566724141
18533,0,0.10443828503290813
18534,0,0.2722251017888387
18535,1,0.6849722663561503
18536,0,0.14737562835216522
18537,0,0.0759682518740495
18538,1,0.22023382286230722
18539,0,0.12447746594746907
18540,1,0.06798926492532094
18541,0,0.34984374046325684
18542,0,0.13134859005610147
18543,0,0.1844381590684255
18544,0,0.1844381590684255
18545,0,0.3578697144985199
18546,1,0.36022986968358356
18547,0,0.24009289840857187
18548,1,0.30937989552815753
18549,0,0.15225806335608164
18550,0,0.5792729655901591
18551,0,0.09949103494485219
18552,0,0.1270181139310201
18553,1,0.32440749804178876
18554,0,0.33012237151463825
18555,1,0.19315487146377563
18556,0,0.12767486770947775
18557,0,0.12767486770947775
18558,0,0.10443828503290813
18559,0,0.32741740345954895
18560,0,0.12779168287913004
18561,0,0.07428647826115291
18562,0,0.10443828503290813
18563,0,0.1334057996670405
18564,0,0.1770316114028295
18565,0,0.16949723164240518
18566,0,0.12062450746695201
18567,0,0.12767486770947775
18568,0,0.14737562835216522
18569,1,0.09949103494485219
18570,1,0.4553152819474538
18571,0,0.3204767107963562
18572,0,0.1284903089205424
18573,1,0.2862492501735687
18574,1,0.3466786742210388
18575,0,0.09949103494485219
18576,0,0.22023382286230722
18577,1,0.4470456739266713
18578,0,0.2952769100666046
18579,0,0.3204767107963562
18580,0,0.1334057996670405
18581,0,0.4470456739266713
18582,0,0.3204767107963562
18583,0,0.6922701001167297
18584,1,0.4145099918047587
18585,0,0.09949103494485219
18586,0,0.3909330566724141
18587,0,0.13259035845597586
18588,0,0.1334057996670405
18589,0,0.1556556224822998
18590,0,0.09949103494485219
18591,0,0.12128126124540965
18592,1,0.3578697144985199
18593,0,0.09949103494485219
18594,0,0.3401980797449748
18595,0,0.28418009479840595
18596,0,0.07428647826115291
18597,1,0.6190909544626871
18598,1,0.28418009479840595
18599,1,0.6849722663561503
18600,0,0.11215529839197795
18601,0,0.06798926492532094
18602,1,0.22023382286230722
18603,0,0.18658835689226785
18604,0,0.23960714042186737
18605,0,0.1284903089205424
18606,1,0.09949103494485219
18607,0,0.06967103853821754
18608,0,0.6849722663561503
18609,0,0.16412802040576935
18610,0,0.11215529839197795
18611,0,0.4145099918047587
18612,0,0.06798926492532094
18613,0,0.13134859005610147
18614,1,0.0759682518740495
18615,1,0.5423746705055237
18616,0,0.28418009479840595
18617,0,0.6849722663561503
18618,0,0.1241179605325063
18619,0,0.4470456739266713
18620,0,0.06798926492532094
18621,0,0.12346120675404866
18622,0,0.3045484224955241
18623,0,0.09949103494485219
18624,0,0.1270181139310201
18625,0,0.36022986968358356
18626,0,0.11215529839197795
18627,0,0.24048798779646555
18628,0,0.28418009479840595
18629,0,0.12062450746695201
18630,1,0.7641592224438986
18631,0,0.18658835689226785
18632,1,0.37042423089345294
18633,0,0.15717355410257974
18634,0,0.1487011561791102
18635,0,0.09949103494485219
18636,0,0.09949103494485219
18637,0,0.5423746705055237
18638,0,0.2603470633427302
18639,1,0.4788922170797984
18640,0,0.0759682518740495
18641,0,0.07428647826115291
18642,0,0.4145099918047587
18643,0,0.06798926492532094
18644,0,0.5148873527844747
18645,1,0.38073869546254474
18646,0,0.20378140608469644
18647,1,0.6922701001167297
18648,1,0.1270181139310201
18649,0,0.09949103494485219
18650,1,0.5952912370363871
18651,1,0.15717355410257974
18652,0,0.0759682518740495
18653,1,0.558873454729716
18654,1,0.31230490406354267
18655,0,0.09949103494485219
18656,1,0.28418009479840595
18657,0,0.5186862150828043
18658,0,0.24009289840857187
18659,0,0.09426016733050346
18660,0,0.09949103494485219
18661,0,0.1270181139310201
18662,0,0.36022986968358356
18663,0,0.09949103494485219
18664,1,0.4267452855904897
18665,1,0.37042423089345294
18666,0,0.2003757655620575
18667,0,0.4788922170797984
18668,1,0.5952912370363871
18669,1,0.2003757655620575
18670,0,0.23960714042186737
18671,0,0.09949103494485219
18672,0,0.33012237151463825
18673,1,0.22023382286230722
18674,0,0.09949103494485219
18675,0,0.5148873527844747
18676,1,0.37042423089345294
18677,0,0.8505050539970398
18678,0,0.13134859005610147
18679,0,0.09949103494485219
18680,1,0.4296649992465973
18681,1,0.5423746705055237
18682,0,0.7641592224438986
18683,1,0.33550431330998737
18684,0,0.37042423089345294
18685,0,0.22023382286230722
18686,1,0.4788922170797984
18687,0,0.09949103494485219
18688,0,0.09949103494485219
18689,0,0.28418009479840595
18690,1,0.13267411788304648
18691,1,0.42829567193984985
18692,0,0.12447746594746907
18693,0,0.09949103494485219
18694,0,0.1270181139310201
18695,1,0.1270181139310201
18696,0,0.3100757698218028
18697,0,0.09949103494485219
18698,0,0.1284903089205424
18699,0,0.06798926492532094
18700,0,0.2708360254764557
18701,1,0.09426016733050346
18702,0,0.09949103494485219
18703,0,0.12767486770947775
18704,0,0.17292856176694235
18705,1,0.6623546878496805
18706,1,0.09949103494485219
18707,1,0.3401980797449748
18708,1,0.11571220556894939
18709,0,0.3204767107963562
18710,1,0.35522568225860596
18711,1,0.37241453925768536
18712,1,0.8997557957967123
18713,0,0.09041840707262357
18714,1,0.4470456739266713
18715,0,0.12346120675404866
18716,0,0.15717355410257974
18717,0,0.22023382286230722
18718,0,0.18658835689226785
18719,0,0.4470456739266713
18720,0,0.12346120675404866
18721,1,0.5423746705055237
18722,0,0.12346120675404866
18723,1,0.22023382286230722
18724,0,0.36022986968358356
18725,0,0.18658835689226785
18726,0,0.09949103494485219
18727,1,0.5025806725025177
18728,1,0.6849722663561503
18729,0,0.1270181139310201
18730,1,0.5952912370363871
18731,1,0.28418009479840595
18732,0,0.1270181139310201
18733,1,0.22023382286230722
18734,0,0.18658835689226785
18735,0,0.09949103494485219
18736,0,0.12767486770947775
18737,0,0.20872422556082407
18738,0,0.22023382286230722
18739,0,0.12767486770947775
18740,0,0.09949103494485219
18741,1,0.6292468110720316
18742,0,0.09949103494485219
18743,1,0.4788922170797984
18744,0,0.06798926492532094
18745,1,0.5952912370363871
18746,0,0.09949103494485219
18747,1,0.7508884072303772
18748,0,0.09949103494485219
18749,0,0.1606395790974299
18750,1,0.5792729655901591
18751,0,0.3909330566724141
18752,0,0.2603470633427302
18753,0,0.28418009479840595
18754,0,0.15717355410257974
18755,1,0.3909330566724141
18756,0,0.12779168287913004
18757,1,0.6623546878496805
18758,0,0.14737562835216522
18759,0,0.3909330566724141
18760,1,0.09949103494485219
18761,0,0.37042423089345294
18762,1,0.4470456739266713
18763,0,0.5148873527844747
18764,0,0.33012237151463825
18765,1,0.1220967024564743
18766,0,0.1284903089205424
18767,0,0.06798926492532094
18768,0,0.4470456739266713
18769,0,0.09041840707262357
18770,1,0.28418009479840595
18771,0,0.09949103494485219
18772,0,0.2696627626816432
18773,0,0.16458010176817575
18774,0,0.33012237151463825
18775,1,0.5186862150828043
18776,0,0.3909330566724141
18777,0,0.0759682518740495
18778,1,0.259466215968132
18779,0,0.2952769100666046
18780,0,0.3575858374436696
18781,1,0.6292468110720316
18782,0,0.09949103494485219
18783,0,0.4470456739266713
18784,1,0.7508884072303772
18785,1,0.31230490406354267
18786,0,0.0759682518740495
18787,0,0.1270181139310201
18788,1,0.6849722663561503
18789,0,0.31230490406354267
18790,1,0.22023382286230722
18791,1,0.09949103494485219
18792,0,0.12062450746695201
18793,0,0.4470456739266713
18794,0,0.24009289840857187
18795,0,0.09949103494485219
18796,0,0.27144387861092883
18797,0,0.1487011561791102
18798,0,0.48190967241923016
18799,1,0.5952912370363871
18800,0,0.12346120675404866
18801,0,0.0759682518740495
18802,1,0.3909330566724141
18803,0,0.22023382286230722
18804,0,0.09949103494485219
18805,1,0.37042423089345294
18806,0,0.1844381590684255
18807,0,0.10443828503290813
18808,0,0.48190967241923016
18809,1,0.4519798854986827
18810,0,0.28418009479840595
18811,0,0.37042423089345294
18812,1,0.33012237151463825
18813,0,0.22023382286230722
18814,1,0.22023382286230722
18815,0,0.1270181139310201
18816,1,0.5186862150828043
18817,0,0.09949103494485219
18818,0,0.4788922170797984
18819,0,0.0759682518740495
18820,0,0.09041840707262357
18821,0,0.1750787595907847
18822,0,0.0797332338988781
18823,0,0.09949103494485219
18824,0,0.09949103494485219
18825,1,0.783443808555603
18826,0,0.5351849993069967
18827,0,0.6922701001167297
18828,0,0.17247648040453592
18829,1,0.2603470633427302
18830,0,0.09949103494485219
18831,0,0.3524877727031708
18832,1,0.3204767107963562
18833,1,0.22023382286230722
18834,1,0.5952912370363871
18835,0,0.09321988994876544
18836,1,0.7508884072303772
18837,0,0.5952912370363871
18838,1,0.6849722663561503
18839,0,0.10443828503290813
18840,0,0.20600426197052002
18841,0,0.14737562835216522
18842,0,0.12767486770947775
18843,0,0.19190336763858795
18844,0,0.18658835689226785
18845,1,0.299166480700175
18846,0,0.12062450746695201
18847,0,0.33550431330998737
18848,1,0.48190967241923016
18849,0,0.12767486770947775
18850,1,0.5792729655901591
18851,1,0.6292468110720316
18852,0,0.35837329427401227
18853,1,0.5186862150828043
18854,1,0.5423746705055237
18855,0,0.8997557957967123
18856,0,0.16552201410134634
18857,0,0.3204767107963562
18858,0,0.09949103494485219
18859,0,0.24009289840857187
18860,0,0.12346120675404866
18861,0,0.12767486770947775
18862,0,0.33012237151463825
18863,0,0.0759682518740495
18864,0,0.6292468110720316
18865,0,0.6271186669667562
18866,0,0.0759682518740495
18867,0,0.4788922170797984
18868,0,0.14737562835216522
18869,0,0.22023382286230722
18870,0,0.09949103494485219
18871,0,0.6292468110720316
18872,1,0.5432258447011312
18873,0,0.0759682518740495
18874,0,0.09949103494485219
18875,1,0.5148873527844747
18876,0,0.31230490406354267
18877,0,0.1284903089205424
18878,0,0.2603470633427302
18879,0,0.30120808879534405
18880,0,0.12767486770947775
18881,0,0.12346120675404866
18882,0,0.22023382286230722
18883,0,0.5952912370363871
18884,1,0.06967103853821754
18885,0,0.16482441624005637
18886,0,0.06798926492532094
18887,1,0.35837329427401227
18888,0,0.1284903089205424
18889,0,0.09949103494485219
18890,0,0.3909330566724141
18891,0,0.22023382286230722
18892,0,0.6292468110720316
18893,0,0.16552201410134634
18894,1,0.2708360254764557
18895,0,0.36022986968358356
18896,0,0.12779168287913004
18897,0,0.22023382286230722
18898,0,0.13145688672860464
18899,0,0.5792729655901591
18900,0,0.12767486770947775
18901,0,0.33012237151463825
18902,1,0.5512032707532247
18903,0,0.3909330566724141
18904,0,0.33550431330998737
18905,0,0.1284903089205424
18906,0,0.11215529839197795
18907,0,0.06798926492532094
18908,0,0.09949103494485219
18909,0,0.10443828503290813
18910,0,0.13626408080259958
18911,0,0.4788922170797984
18912,0,0.09426016733050346
18913,1,0.7469152609507242
18914,0,0.1270181139310201
18915,0,0.12779168287913004
18916,0,0.17214917639891306
18917,0,0.19190336763858795
18918,1,0.37042423089345294
18919,0,0.09949103494485219
18920,0,0.0759682518740495
18921,1,0.09949103494485219
18922,0,0.2003757655620575
18923,1,0.6922701001167297
18924,0,0.0759682518740495
18925,0,0.4519798854986827
18926,1,0.6292468110720316
18927,0,0.1270181139310201
18928,1,0.5148873527844747
18929,1,0.4470456739266713
18930,0,0.2603470633427302
18931,1,0.8505050539970398
18932,0,0.259466215968132
18933,0,0.13626408080259958
18934,0,0.10545454422632854
18935,1,0.1270181139310201
18936,0,0.37042423089345294
18937,0,0.24009289840857187
18938,0,0.2722251017888387
18939,0,0.1844381590684255
18940,0,0.09949103494485219
18941,1,0.2157363990942637
18942,0,0.22023382286230722
18943,0,0.2862492501735687
18944,1,0.5952912370363871
18945,0,0.18164527416229248
18946,1,0.33012237151463825
18947,0,0.32741740345954895
18948,1,0.37241453925768536
18949,0,0.22023382286230722
18950,1,0.09949103494485219
18951,1,0.4788922170797984
18952,0,0.06798926492532094
18953,0,0.2603470633427302
18954,0,0.22023382286230722
18955,0,0.22671163082122803
18956,0,0.3578697144985199
18957,1,0.6849722663561503
18958,1,0.3909330566724141
18959,0,0.06798926492532094
18960,0,0.42829567193984985
18961,0,0.5148873527844747
18962,0,0.22023382286230722
18963,0,0.4788922170797984
18964,0,0.4145099918047587
18965,0,0.34984374046325684
18966,1,0.33012237151463825
18967,0,0.11215529839197795
18968,0,0.28418009479840595
18969,1,0.6623546878496805
18970,0,0.0759682518740495
18971,0,0.3909330566724141
18972,0,0.18398607770601907
18973,0,0.16552201410134634
18974,1,0.3909330566724141
18975,0,0.16949723164240518
18976,0,0.18164527416229248
18977,1,0.783443808555603
18978,1,0.6190909544626871
18979,1,0.4470456739266713
18980,0,0.09949103494485219
18981,0,0.48190967241923016
18982,0,0.3909330566724141
18983,1,0.2862492501735687
18984,1,0.4553152819474538
18985,0,0.12346120675404866
18986,0,0.29057825605074566
18987,1,0.5952912370363871
18988,0,0.3909330566724141
18989,0,0.22023382286230722
18990,0,0.22390820582707724
18991,0,0.3909330566724141
18992,0,0.1270181139310201
18993,0,0.18658835689226785
18994,0,0.16412802040576935
18995,1,0.2157363990942637
18996,0,0.22023382286230722
18997,0,0.09949103494485219
18998,0,0.09949103494485219
18999,0,0.2643210192521413
19000,0,0.07142605632543564
19001,1,0.2743929326534271
19002,1,0.3909330566724141
19003,0,0.09426016733050346
19004,1,0.6292468110720316
19005,1,0.6849722663561503
19006,1,0.6623546878496805
19007,1,0.4267452855904897
19008,0,0.12767486770947775
19009,0,0.06798926492532094
19010,0,0.24009289840857187
19011,1,0.5423746705055237
19012,0,0.37042423089345294
19013,0,0.17905397713184357
19014,0,0.1844381590684255
19015,0,0.3680640757083893
19016,0,0.24048798779646555
19017,0,0.23960714042186737
19018,1,0.6849148670832316
19019,0,0.4519798854986827
19020,0,0.09949103494485219
19021,0,0.08665342504779498
19022,1,0.3909330566724141
19023,0,0.28418009479840595
19024,1,0.3680640757083893
19025,0,0.06798926492532094
19026,0,0.09949103494485219
19027,0,0.12767486770947775
19028,0,0.3412967324256897
19029,1,0.37042423089345294
19030,0,0.15229111909866333
19031,0,0.48190967241923016
19032,0,0.22023382286230722
19033,0,0.13267411788304648
19034,0,0.22023382286230722
19035,0,0.12767486770947775
19036,0,0.1770316114028295
19037,0,0.3578697144985199
19038,0,0.15225806335608164
19039,0,0.16458010176817575
19040,0,0.2952769100666046
19041,1,0.2952769100666046
19042,0,0.12128126124540965
19043,0,0.7508884072303772
19044,0,0.2603470633427302
19045,1,0.12760122617085776
19046,0,0.09426016733050346
19047,0,0.12062450746695201
19048,1,0.4145099918047587
19049,1,0.15225806335608164
19050,0,0.3909330566724141
19051,0,0.09949103494485219
19052,0,0.28418009479840595
19053,0,0.09949103494485219
19054,1,0.574891726175944
19055,0,0.18658835689226785
19056,0,0.31230490406354267
19057,0,0.2603470633427302
19058,0,0.09949103494485219
19059,0,0.24009289840857187
19060,0,0.07428647826115291
19061,1,0.17905397713184357
19062,1,0.35522568225860596
19063,0,0.17905397713184357
19064,0,0.37042423089345294
19065,0,0.09949103494485219
19066,0,0.2722251017888387
19067,0,0.6922701001167297
19068,0,0.09949103494485219
19069,0,0.09949103494485219
19070,0,0.06798926492532094
19071,0,0.28418009479840595
19072,1,0.3909330566724141
19073,1,0.33012237151463825
19074,0,0.18658835689226785
19075,0,0.10443828503290813
19076,0,0.37042423089345294
19077,1,0.4788922170797984
19078,1,0.2157363990942637
19079,0,0.0759682518740495
19080,1,0.6292468110720316
19081,0,0.28418009479840595
19082,1,0.28418009479840595
19083,0,0.22023382286230722
19084,0,0.12767486770947775
19085,0,0.6842315196990967
19086,1,0.6292468110720316
19087,1,0.7641592224438986
19088,0,0.09949103494485219
19089,0,0.2603470633427302
19090,1,0.5423746705055237
19091,0,0.38073869546254474
19092,0,0.22023382286230722
19093,0,0.09949103494485219
19094,0,0.18658835689226785
19095,0,0.3909330566724141
19096,0,0.09426016733050346
19097,1,0.6849722663561503
19098,1,0.7469152609507242
19099,0,0.3909330566724141
19100,0,0.0759682518740495
19101,1,0.3045484224955241
19102,1,0.5792729655901591
19103,0,0.4661084512869517
19104,0,0.31230490406354267
19105,1,0.5367150902748108
19106,1,0.28418009479840595
19107,1,0.4145099918047587
19108,0,0.1750787595907847
19109,1,0.16458010176817575
19110,0,0.0759682518740495
19111,1,0.36022986968358356
19112,0,0.12346120675404866
19113,0,0.5148873527844747
19114,0,0.1270181139310201
19115,0,0.20600426197052002
19116,0,0.2408564289410909
19117,0,0.11381633579730988
19118,0,0.06798926492532094
19119,0,0.09949103494485219
19120,1,0.31230490406354267
19121,1,0.783443808555603
19122,0,0.12767486770947775
19123,1,0.31230490406354267
19124,0,0.24048798779646555
19125,1,0.06798926492532094
19126,0,0.34984374046325684
19127,0,0.3909330566724141
19128,0,0.558873454729716
19129,1,0.5351849993069967
19130,0,0.12495498359203339
19131,1,0.13267411788304648
19132,1,0.28418009479840595
19133,0,0.09949103494485219
19134,0,0.33012237151463825
19135,1,0.6352764765421549
19136,0,0.2603470633427302
19137,0,0.3909330566724141
19138,0,0.07142605632543564
19139,0,0.12767486770947775
19140,0,0.1487011561791102
19141,0,0.09949103494485219
19142,1,0.4519798854986827
19143,1,0.8854700922966003
19144,0,0.2952769100666046
19145,0,0.09949103494485219
19146,0,0.13626408080259958
19147,0,0.7641592224438986
19148,0,0.06798926492532094
19149,0,0.12346120675404866
19150,1,0.574891726175944
19151,0,0.09426016733050346
19152,0,0.3909330566724141
19153,1,0.5148873527844747
19154,0,0.27801122268040973
19155,1,0.32741740345954895
19156,1,0.8184640606244405
19157,0,0.30120808879534405
19158,0,0.0759682518740495
19159,0,0.3204767107963562
19160,0,0.14737562835216522
19161,1,0.574891726175944
19162,0,0.06798926492532094
19163,0,0.19315487146377563
19164,0,0.18658835689226785
19165,0,0.28418009479840595
19166,0,0.1270181139310201
19167,1,0.7469152609507242
19168,0,0.09949103494485219
19169,0,0.0759682518740495
19170,0,0.09949103494485219
19171,0,0.06798926492532094
19172,0,0.22023382286230722
19173,0,0.1270181139310201
19174,0,0.06798926492532094
19175,0,0.6623546878496805
19176,0,0.3680640757083893
19177,1,0.6623546878496805
19178,0,0.1270181139310201
19179,0,0.0759682518740495
19180,0,0.30120808879534405
19181,0,0.3204767107963562
19182,1,0.30937989552815753
19183,0,0.06798926492532094
19184,0,0.09949103494485219
19185,0,0.09949103494485219
19186,1,0.4267452855904897
19187,1,0.783443808555603
19188,0,0.18658835689226785
19189,0,0.09949103494485219
19190,1,0.1487011561791102
19191,0,0.06798926492532094
19192,1,0.5148873527844747
19193,0,0.4267452855904897
19194,0,0.18658835689226785
19195,1,0.5952912370363871
19196,0,0.25281142195065814
19197,1,0.09949103494485219
19198,0,0.1334057996670405
19199,1,0.6292468110720316
19200,0,0.5186862150828043
19201,0,0.5952912370363871
19202,0,0.11215529839197795
19203,0,0.09949103494485219
19204,1,0.299166480700175
19205,0,0.16552201410134634
19206,0,0.6623546878496805
19207,0,0.06967103853821754
19208,0,0.11317155758539836
19209,0,0.12062450746695201
19210,0,0.17905397713184357
19211,0,0.4267452855904897
19212,0,0.1270181139310201
19213,1,0.5423746705055237
19214,1,0.6623546878496805
19215,0,0.11215529839197795
19216,0,0.2866806735595067
19217,1,0.28418009479840595
19218,0,0.09426016733050346
19219,0,0.22023382286230722
19220,0,0.22023382286230722
19221,0,0.3909330566724141
19222,0,0.3578697144985199
19223,0,0.1334057996670405
19224,1,0.2603470633427302
19225,0,0.08501943821708362
19226,0,0.13259035845597586
19227,0,0.2952769100666046
19228,0,0.16458010176817575
19229,1,0.6239925026893616
19230,0,0.3909330566724141
19231,0,0.3578697144985199
19232,1,0.5186862150828043
19233,0,0.33012237151463825
19234,1,0.7641592224438986
19235,0,0.0759682518740495
19236,1,0.574891726175944
19237,0,0.06798926492532094
19238,0,0.12767486770947775
19239,0,0.09426016733050346
19240,0,0.1750787595907847
19241,0,0.08665342504779498
19242,0,0.06798926492532094
19243,0,0.1270181139310201
19244,0,0.1606395790974299
19245,1,0.06798926492532094
19246,0,0.3204767107963562
19247,0,0.23960714042186737
19248,0,0.22023382286230722
19249,0,0.09949103494485219
19250,0,0.09949103494485219
19251,0,0.36022986968358356
19252,0,0.33550431330998737
19253,0,0.16804681221644083
19254,0,0.12346120675404866
19255,0,0.15717355410257974
19256,0,0.3204767107963562
19257,0,0.08496410151322682
19258,1,0.06798926492532094
19259,0,0.1750787595907847
19260,0,0.1270181139310201
19261,0,0.2952769100666046
19262,1,0.6922701001167297
19263,1,0.574891726175944
19264,0,0.18398607770601907
19265,0,0.31230490406354267
19266,0,0.12767486770947775
19267,0,0.06798926492532094
19268,1,0.22023382286230722
19269,0,0.24048798779646555
19270,1,0.6849722663561503
19271,0,0.5423746705055237
19272,0,0.1844381590684255
19273,0,0.14737562835216522
19274,0,0.1844381590684255
19275,0,0.09426016733050346
19276,0,0.16412802040576935
19277,1,0.12495498359203339
19278,0,0.33550431330998737
19279,0,0.0759682518740495
19280,0,0.2603470633427302
19281,1,0.49421635270118713
19282,0,0.1270181139310201
19283,1,0.7469152609507242
19284,0,0.39732542634010315
19285,0,0.22023382286230722
19286,1,0.7508884072303772
19287,0,0.4470456739266713
19288,0,0.3578697144985199
19289,0,0.18658835689226785
19290,0,0.5367150902748108
19291,0,0.09949103494485219
19292,0,0.4788922170797984
19293,0,0.6292468110720316
19294,0,0.31230490406354267
19295,0,0.0759682518740495
19296,0,0.4470456739266713
19297,0,0.22023382286230722
19298,0,0.0759682518740495
19299,1,0.4519798854986827
19300,0,0.33550431330998737
19301,0,0.09949103494485219
19302,0,0.13626408080259958
19303,0,0.6849722663561503
19304,0,0.15229111909866333
19305,0,0.06974428271253903
19306,0,0.08496410151322682
19307,0,0.12346120675404866
19308,0,0.09949103494485219
19309,1,0.13267411788304648
19310,0,0.33550431330998737
19311,0,0.06798926492532094
19312,1,0.6292468110720316
19313,1,0.4788922170797984
19314,0,0.09949103494485219
19315,1,0.12767486770947775
19316,0,0.12062450746695201
19317,1,0.3909330566724141
19318,0,0.12346120675404866
19319,0,0.3204767107963562
19320,0,0.2603470633427302
19321,0,0.5952912370363871
19322,0,0.09949103494485219
19323,0,0.2895208199818929
19324,0,0.09949103494485219
19325,1,0.4553152819474538
19326,0,0.06798926492532094
19327,0,0.22023382286230722
19328,1,0.5792729655901591
19329,0,0.5952912370363871
19330,1,0.6849722663561503
19331,0,0.09949103494485219
19332,0,0.12346120675404866
19333,0,0.09949103494485219
19334,1,0.4949026107788086
19335,0,0.2603470633427302
19336,0,0.4378194808959961
19337,1,0.2603470633427302
19338,0,0.33550431330998737
19339,1,0.5148873527844747
19340,0,0.2157363990942637
19341,1,0.31230490406354267
19342,0,0.4470456739266713
19343,0,0.2603470633427302
19344,0,0.22023382286230722
19345,0,0.16552201410134634
19346,0,0.33012237151463825
19347,1,0.37042423089345294
19348,0,0.09949103494485219
19349,0,0.1270181139310201
19350,0,0.09949103494485219
19351,0,0.09949103494485219
19352,0,0.11215529839197795
19353,0,0.2003757655620575
19354,1,0.1270181139310201
19355,1,0.5186862150828043
19356,0,0.10443828503290813
19357,0,0.31230490406354267
19358,0,0.0759682518740495
19359,1,0.6922701001167297
19360,0,0.09949103494485219
19361,1,0.24416237076123556
19362,1,0.4788922170797984
19363,0,0.06798926492532094
19364,0,0.2603470633427302
19365,0,0.12767486770947775
19366,0,0.4145099918047587
19367,0,0.18398607770601907
19368,0,0.09949103494485219
19369,0,0.12346120675404866
19370,0,0.07343602056304614
19371,0,0.6292468110720316
19372,0,0.3909330566724141
19373,1,0.5423746705055237
19374,0,0.3045484224955241
19375,0,0.0759682518740495
19376,0,0.5148873527844747
19377,0,0.22023382286230722
19378,0,0.4145099918047587
19379,1,0.7641592224438986
19380,0,0.1270181139310201
19381,1,0.18164527416229248
19382,0,0.14737562835216522
19383,0,0.6922701001167297
19384,1,0.4378194808959961
19385,1,0.8505050539970398
19386,0,0.1270181139310201
19387,1,0.8962544004122416
19388,1,0.31230490406354267
19389,1,0.6292468110720316
19390,0,0.33012237151463825
19391,0,0.13134859005610147
19392,0,0.1298374185959498
19393,0,0.22023382286230722
19394,0,0.12767486770947775
19395,0,0.0759682518740495
19396,0,0.37042423089345294
19397,0,0.5423746705055237
19398,0,0.22023382286230722
19399,0,0.0759682518740495
19400,0,0.6849722663561503
19401,0,0.11215529839197795
19402,1,0.5792729655901591
19403,0,0.6769851446151733
19404,1,0.518591066201528
19405,0,0.5952912370363871
19406,1,0.5186862150828043
19407,0,0.0759682518740495
19408,1,0.35837329427401227
19409,0,0.5148873527844747
19410,0,0.3909330566724141
19411,0,0.17905397713184357
19412,0,0.37042423089345294
19413,0,0.3204767107963562
19414,0,0.4267452855904897
19415,0,0.12779168287913004
19416,0,0.22023382286230722
19417,1,0.14737562835216522
19418,0,0.09949103494485219
19419,0,0.16552201410134634
19420,0,0.5148873527844747
19421,1,0.6623546878496805
19422,1,0.8997557957967123
19423,1,0.6922701001167297
19424,0,0.12346120675404866
19425,1,0.3909330566724141
19426,0,0.06798926492532094
19427,0,0.06798926492532094
19428,1,0.7469152609507242
19429,1,0.5148873527844747
19430,0,0.12767486770947775
19431,0,0.33550431330998737
19432,0,0.22023382286230722
19433,0,0.31230490406354267
19434,0,0.09949103494485219
19435,0,0.1334057996670405
19436,1,0.5423746705055237
19437,0,0.4470456739266713
19438,0,0.23599056402842203
19439,0,0.7641592224438986
19440,0,0.22023382286230722
19441,0,0.11215529839197795
19442,0,0.12493340174357097
19443,0,0.09949103494485219
19444,1,0.3909330566724141
19445,0,0.0759682518740495
19446,0,0.07428647826115291
19447,0,0.39732542634010315
19448,1,0.6842315196990967
19449,0,0.09949103494485219
19450,0,0.259466215968132
19451,0,0.15347019334634146
19452,0,0.33012237151463825
19453,0,0.25236602624257404
19454,1,0.3204767107963562
19455,1,0.22023382286230722
19456,0,0.5512032707532247
19457,0,0.5186862150828043
19458,1,0.35837329427401227
19459,0,0.10443828503290813
19460,0,0.12495498359203339
19461,0,0.10443828503290813
19462,0,0.3204767107963562
19463,1,0.3045484224955241
19464,0,0.12767486770947775
19465,0,0.09949103494485219
19466,0,0.1241179605325063
19467,0,0.09949103494485219
19468,0,0.1270181139310201
19469,0,0.3204767107963562
19470,0,0.09949103494485219
19471,1,0.37241453925768536
19472,0,0.5367150902748108
19473,0,0.22023382286230722
19474,0,0.38073869546254474
19475,0,0.15717355410257974
19476,0,0.22023382286230722
19477,1,0.783443808555603
19478,0,0.0759682518740495
19479,0,0.1270181139310201
19480,0,0.22023382286230722
19481,0,0.14737562835216522
19482,0,0.12779168287913004
19483,0,0.15229111909866333
19484,0,0.0759682518740495
19485,0,0.0956492746869723
19486,0,0.3032772441705068
19487,0,0.48190967241923016
19488,1,0.9253968199094137
19489,0,0.7508884072303772
19490,0,0.4267452855904897
19491,0,0.06798926492532094
19492,0,0.783443808555603
19493,1,0.22023382286230722
19494,0,0.12126928567886353
19495,0,0.18658835689226785
19496,0,0.3909330566724141
19497,0,0.3204767107963562
19498,1,0.8444444537162781
19499,0,0.09949103494485219
19500,0,0.259466215968132
19501,0,0.11215529839197795
19502,0,0.09949103494485219
19503,0,0.6922701001167297
19504,0,0.1770316114028295
19505,1,0.35837329427401227
19506,0,0.6922701001167297
19507,1,0.5792729655901591
19508,0,0.783443808555603
19509,0,0.06798926492532094
19510,1,0.8184640606244405
19511,0,0.14461254080136618
19512,0,0.06798926492532094
19513,1,0.15717355410257974
19514,0,0.3909330566724141
19515,0,0.12126928567886353
19516,0,0.5952912370363871
19517,1,0.5792729655901591
19518,1,0.6849722663561503
19519,0,0.09949103494485219
19520,1,0.3909330566724141
19521,0,0.12767486770947775
19522,1,0.22023382286230722
19523,0,0.12767486770947775
19524,0,0.1270181139310201
19525,0,0.22023382286230722
19526,1,0.4949026107788086
19527,1,0.5423746705055237
19528,1,0.09949103494485219
19529,1,0.39732542634010315
19530,0,0.09949103494485219
19531,0,0.6922701001167297
19532,0,0.06798926492532094
19533,0,0.22023382286230722
19534,0,0.12767486770947775
19535,0,0.12767486770947775
19536,0,0.12767486770947775
19537,0,0.3909330566724141
19538,1,0.19190336763858795
19539,0,0.4470456739266713
19540,0,0.09949103494485219
19541,0,0.5423746705055237
19542,0,0.16412802040576935
19543,0,0.22023382286230722
19544,1,0.7508884072303772
19545,0,0.1298374185959498
19546,0,0.3680640757083893
19547,0,0.3909330566724141
19548,1,0.3909330566724141
19549,0,0.09949103494485219
19550,1,0.6292468110720316
19551,1,0.7641592224438986
19552,0,0.33012237151463825
19553,0,0.22023382286230722
19554,0,0.4470456739266713
19555,0,0.15717355410257974
19556,1,0.1270181139310201
19557,0,0.15717355410257974
19558,0,0.32741740345954895
19559,1,0.48190967241923016
19560,0,0.09949103494485219
19561,0,0.33012237151463825
19562,0,0.5952912370363871
19563,0,0.10366688668727875
19564,0,0.12779168287913004
19565,0,0.4788922170797984
19566,1,0.4145099918047587
19567,0,0.3204767107963562
19568,0,0.1334057996670405
19569,0,0.09949103494485219
19570,1,0.06798926492532094
19571,1,0.3909330566724141
19572,1,0.3578697144985199
19573,0,0.19190336763858795
19574,0,0.31230490406354267
19575,0,0.2603470633427302
19576,0,0.5423746705055237
19577,0,0.09949103494485219
19578,0,0.06798926492532094
19579,0,0.09949103494485219
19580,1,0.5351849993069967
19581,1,0.15347019334634146
19582,0,0.09949103494485219
19583,0,0.09949103494485219
19584,0,0.3204767107963562
19585,1,0.16949723164240518
19586,1,0.7469152609507242
19587,0,0.2603470633427302
19588,0,0.07343602056304614
19589,0,0.06798926492532094
19590,1,0.4902793765068054
19591,1,0.2603470633427302
19592,1,0.6623546878496805
19593,0,0.06798926492532094
19594,0,0.24009289840857187
19595,0,0.12767486770947775
19596,0,0.12062450746695201
19597,0,0.15229111909866333
19598,0,0.24009289840857187
19599,1,0.6922701001167297
19600,1,0.0759682518740495
19601,0,0.07428647826115291
19602,0,0.06798926492532094
19603,0,0.24009289840857187
19604,0,0.09949103494485219
19605,0,0.37042423089345294
19606,0,0.4500631292661031
19607,0,0.09949103494485219
19608,0,0.30120808879534405
19609,1,0.5423746705055237
19610,0,0.49421635270118713
19611,0,0.09949103494485219
19612,0,0.0759682518740495
19613,0,0.15717355410257974
19614,0,0.14737562835216522
19615,0,0.22809754312038422
19616,0,0.3680640757083893
19617,0,0.37042423089345294
19618,0,0.09949103494485219
19619,0,0.18658835689226785
19620,0,0.33012237151463825
19621,0,0.48190967241923016
19622,0,0.5217036704222361
19623,0,0.5952912370363871
19624,0,0.40316835045814514
19625,0,0.18658835689226785
19626,0,0.12779168287913004
19627,0,0.2708360254764557
19628,0,0.28418009479840595
19629,0,0.08665342504779498
19630,0,0.5952912370363871
19631,1,0.28418009479840595
19632,0,0.12062450746695201
19633,0,0.11215529839197795
19634,0,0.1750787595907847
19635,1,0.06798926492532094
19636,0,0.1270181139310201
19637,0,0.09949103494485219
19638,0,0.22023382286230722
19639,0,0.0759682518740495
19640,1,0.33012237151463825
19641,0,0.28418009479840595
19642,1,0.29303882519404095
19643,1,0.13134859005610147
19644,1,0.574891726175944
19645,1,0.2722251017888387
19646,1,0.1270181139310201
19647,1,0.783443808555603
19648,1,0.5423746705055237
19649,0,0.5416346987088522
19650,1,0.6849722663561503
19651,0,0.06798926492532094
19652,0,0.06798926492532094
19653,0,0.31230490406354267
19654,0,0.4470456739266713
19655,0,0.33550431330998737
19656,0,0.31230490406354267
19657,0,0.09949103494485219
19658,0,0.2603470633427302
19659,0,0.4788922170797984
19660,0,0.5952912370363871
19661,0,0.6623546878496805
19662,0,0.4788922170797984
19663,0,0.2722251017888387
19664,0,0.28418009479840595
19665,0,0.06798926492532094
19666,0,0.09949103494485219
19667,0,0.24009289840857187
19668,1,0.7508884072303772
19669,1,0.18658835689226785
19670,1,0.3909330566724141
19671,0,0.783443808555603
19672,0,0.24009289840857187
19673,1,0.4470456739266713
19674,1,0.48190967241923016
19675,0,0.2786232630411784
19676,0,0.12495498359203339
19677,0,0.6623546878496805
19678,1,0.28418009479840595
19679,1,0.6849722663561503
19680,1,0.31230490406354267
19681,0,0.4470456739266713
19682,0,0.3909330566724141
19683,0,0.06798926492532094
19684,1,0.4145099918047587
19685,0,0.28418009479840595
19686,0,0.09949103494485219
19687,0,0.12126928567886353
19688,0,0.22023382286230722
19689,0,0.1270181139310201
19690,0,0.2952769100666046
19691,0,0.2643210192521413
19692,1,0.5382024546464285
19693,1,0.1270181139310201
19694,1,0.3578697144985199
19695,0,0.3578697144985199
19696,1,0.6292468110720316
19697,0,0.2772342264652252
19698,0,0.0759682518740495
19699,0,0.13626408080259958
19700,1,0.37042423089345294
19701,0,0.7508884072303772
19702,1,0.574891726175944
19703,0,0.19190336763858795
19704,1,0.6922701001167297
19705,0,0.09949103494485219
19706,1,0.48190967241923016
19707,0,0.1844381590684255
19708,0,0.30120808879534405
19709,1,0.3578697144985199
19710,0,0.07428647826115291
19711,0,0.19315487146377563
19712,1,0.24048798779646555
19713,1,0.8997557957967123
19714,0,0.27930842339992523
19715,1,0.2603470633427302
19716,1,0.6292468110720316
19717,1,0.3909330566724141
19718,1,0.4788922170797984
19719,1,0.6922701001167297
19720,0,0.0797332338988781
19721,1,0.37042423089345294
19722,0,0.1750787595907847
19723,0,0.5792729655901591
19724,1,0.13134859005610147
19725,1,0.6849722663561503
19726,0,0.3076062500476837
19727,0,0.09949103494485219
19728,1,0.3204767107963562
19729,0,0.12062450746695201
19730,0,0.1270181139310201
19731,0,0.24009289840857187
19732,0,0.36022986968358356
19733,1,0.7641592224438986
19734,0,0.3578697144985199
19735,1,0.3909330566724141
19736,1,0.3204767107963562
19737,1,0.5382024546464285
19738,0,0.1270181139310201
19739,1,0.5952912370363871
19740,0,0.18658835689226785
19741,1,0.7469152609507242
19742,0,0.518591066201528
19743,0,0.13259035845597586
19744,0,0.09949103494485219
19745,1,0.5952912370363871
19746,0,0.3909330566724141
19747,0,0.09041840707262357
19748,1,0.5025806725025177
19749,1,0.783443808555603
19750,0,0.22023382286230722
19751,0,0.2003757655620575
19752,0,0.09949103494485219
19753,0,0.2702528436978658
19754,0,0.09949103494485219
19755,0,0.12062450746695201
19756,1,0.22023382286230722
19757,1,0.16949723164240518
19758,0,0.5367150902748108
19759,1,0.2603470633427302
19760,0,0.2003757655620575
19761,0,0.13626408080259958
19762,0,0.1606395790974299
19763,0,0.09949103494485219
19764,0,0.12767486770947775
19765,0,0.37042423089345294
19766,0,0.18658835689226785
19767,1,0.28418009479840595
19768,0,0.6922701001167297
19769,1,0.37042423089345294
19770,1,0.8962544004122416
19771,1,0.5351849993069967
19772,0,0.31902555624643963
19773,1,0.3831447760264079
19774,0,0.2722251017888387
19775,0,0.09949103494485219
19776,1,0.5367150902748108
19777,0,0.09949103494485219
19778,0,0.4788922170797984
19779,0,0.13267411788304648
19780,0,0.7641592224438986
19781,1,0.4470456739266713
19782,0,0.2862492501735687
19783,0,0.09949103494485219
19784,0,0.31230490406354267
19785,1,0.7641592224438986
19786,1,0.3909330566724141
19787,0,0.5423746705055237
19788,0,0.09949103494485219
19789,1,0.2708360254764557
19790,0,0.1954602748155594
19791,0,0.2157363990942637
19792,1,0.16412802040576935
19793,0,0.33012237151463825
19794,1,0.13267411788304648
19795,0,0.09949103494485219
19796,0,0.15717355410257974
19797,1,0.12495498359203339
19798,0,0.09951475262641907
19799,0,0.09949103494485219
19800,0,0.5148873527844747
19801,0,0.09949103494485219
19802,0,0.35522568225860596
19803,1,0.5952912370363871
19804,0,0.28418009479840595
19805,1,0.1750787595907847
19806,0,0.19943774739901224
19807,1,0.4145099918047587
19808,1,0.09949103494485219
19809,0,0.12062450746695201
19810,0,0.09426016733050346
19811,0,0.7508884072303772
19812,0,0.09949103494485219
19813,0,0.2952769100666046
19814,0,0.09949103494485219
19815,0,0.09949103494485219
19816,0,0.22023382286230722
19817,0,0.18658835689226785
19818,0,0.2895208199818929
19819,0,0.12767486770947775
19820,0,0.4788922170797984
19821,0,0.6623546878496805
19822,1,0.37042423089345294
19823,0,0.0759682518740495
19824,0,0.10799519220987956
19825,0,0.259466215968132
19826,0,0.09949103494485219
19827,0,0.1270181139310201
19828,0,0.12062450746695201
19829,1,0.33012237151463825
19830,0,0.18658835689226785
19831,0,0.09949103494485219
19832,0,0.558873454729716
19833,0,0.5351849993069967
19834,0,0.6922701001167297
19835,0,0.09949103494485219
19836,1,0.19315487146377563
19837,1,0.48103708028793335
19838,0,0.2722251017888387
19839,1,0.4378194808959961
19840,0,0.17247648040453592
19841,0,0.28418009479840595
19842,0,0.2603470633427302
19843,1,0.6922701001167297
19844,0,0.09949103494485219
19845,0,0.7508884072303772
19846,0,0.37042423089345294
19847,1,0.1270181139310201
19848,1,0.6842315196990967
19849,0,0.15229111909866333
19850,0,0.07428647826115291
19851,0,0.18658835689226785
19852,0,0.1005072941382726
19853,1,0.3204767107963562
19854,0,0.3909330566724141
19855,1,0.42829567193984985
19856,1,0.32440749804178876
19857,1,0.11215529839197795
19858,0,0.22023382286230722
19859,0,0.09949103494485219
19860,0,0.6769851446151733
19861,1,0.8184640606244405
19862,1,0.558873454729716
19863,0,0.28418009479840595
19864,1,0.28418009479840595
19865,0,0.09949103494485219
19866,0,0.37042423089345294
19867,0,0.22023382286230722
19868,1,0.09949103494485219
19869,0,0.09949103494485219
19870,0,0.11571220556894939
19871,0,0.09949103494485219
19872,1,0.7508884072303772
19873,0,0.22023382286230722
19874,0,0.09949103494485219
19875,0,0.28418009479840595
19876,0,0.5423746705055237
19877,0,0.09949103494485219
19878,0,0.4788922170797984
19879,0,0.4470456739266713
19880,0,0.4470456739266713
19881,0,0.7508884072303772
19882,0,0.1241179605325063
19883,0,0.24009289840857187
19884,1,0.3909330566724141
19885,0,0.1606395790974299
19886,0,0.09949103494485219
19887,1,0.09949103494485219
19888,0,0.3578697144985199
19889,0,0.06798926492532094
19890,1,0.5148873527844747
19891,0,0.5792729655901591
19892,0,0.06967103853821754
19893,0,0.4267452855904897
19894,0,0.09949103494485219
19895,0,0.33012237151463825
19896,0,0.12346120675404866
19897,0,0.09949103494485219
19898,1,0.2603470633427302
19899,0,0.3466786742210388
19900,0,0.6239983439445496
19901,0,0.1298374185959498
19902,1,0.6922701001167297
19903,1,0.24416237076123556
19904,1,0.5952912370363871
19905,0,0.3909330566724141
19906,0,0.16412802040576935
19907,0,0.7508884072303772
19908,0,0.5792729655901591
19909,0,0.15229111909866333
19910,0,0.4470456739266713
19911,0,0.6922701001167297
19912,0,0.1241179605325063
19913,0,0.12346120675404866
19914,1,0.5423746705055237
19915,0,0.22023382286230722
19916,0,0.2952769100666046
19917,0,0.09949103494485219
19918,0,0.06974428271253903
19919,0,0.06798926492532094
19920,1,0.5952912370363871
19921,0,0.09949103494485219
19922,0,0.4145099918047587
19923,1,0.48190967241923016
19924,0,0.3204767107963562
19925,0,0.22023382286230722
19926,0,0.13134859005610147
19927,1,0.4788922170797984
19928,1,0.6429215470949808
19929,1,0.5367150902748108
19930,0,0.09949103494485219
19931,1,0.1270181139310201
19932,0,0.15229111909866333
19933,1,0.3578697144985199
19934,0,0.15717355410257974
19935,0,0.14737562835216522
19936,1,0.4398593604564667
19937,1,0.3578697144985199
19938,0,0.09949103494485219
19939,0,0.09949103494485219
19940,0,0.0759682518740495
19941,0,0.12767486770947775
19942,0,0.6292468110720316
19943,0,0.23599056402842203
19944,0,0.09949103494485219
19945,0,0.09949103494485219
19946,0,0.31230490406354267
19947,0,0.6922701001167297
19948,0,0.33550431330998737
19949,0,0.4470456739266713
19950,1,0.4949026107788086
19951,0,0.22023382286230722
19952,0,0.35837329427401227
19953,1,0.27930842339992523
19954,1,0.09949103494485219
19955,0,0.06798926492532094
19956,0,0.18658835689226785
19957,1,0.37042423089345294
19958,1,0.18164527416229248
19959,0,0.09949103494485219
19960,0,0.4470456739266713
19961,0,0.09949103494485219
19962,0,0.4470456739266713
19963,0,0.26241621871789295
19964,1,0.20378140608469644
19965,1,0.3204767107963562
19966,0,0.09949103494485219
19967,0,0.1270181139310201
19968,0,0.10443828503290813
19969,1,0.8997557957967123
19970,0,0.09949103494485219
19971,0,0.558873454729716
19972,0,0.1954602748155594
19973,0,0.15717355410257974
19974,0,0.12126928567886353
19975,1,0.7641592224438986
19976,0,0.36022986968358356
19977,1,0.7641592224438986
19978,0,0.12779168287913004
19979,1,0.31230490406354267
19980,0,0.4667024413744609
19981,0,0.33550431330998737
19982,0,0.09949103494485219
19983,0,0.12767486770947775
19984,0,0.10799519220987956
19985,0,0.09949103494485219
19986,1,0.4949026107788086
19987,1,0.3909330566724141
19988,0,0.09949103494485219
19989,0,0.12767486770947775
19990,1,0.5952912370363871
19991,1,0.37042423089345294
19992,1,0.06798926492532094
19993,0,0.1284903089205424
19994,1,0.4828291932741801
19995,1,0.5952912370363871
19996,0,0.5367150902748108
19997,0,0.1487011561791102
19998,0,0.7161670327186584
19999,0,0.3909330566724141
20000,1,0.6922701001167297
20001,1,0.0797332338988781
20002,1,0.4145099918047587
20003,1,0.38073869546254474
20004,0,0.06798926492532094
20005,0,0.5792729655901591
20006,1,0.9408276478449503
20007,0,0.09949103494485219
20008,0,0.12767486770947775
20009,1,0.4519798854986827
20010,1,0.12495498359203339
20011,0,0.09426016733050346
20012,1,0.574891726175944
20013,0,0.32440749804178876
20014,0,0.5423746705055237
20015,0,0.15225806335608164
20016,0,0.06798926492532094
20017,0,0.0759682518740495
20018,0,0.1284903089205424
20019,0,0.24048798779646555
20020,0,0.16458010176817575
20021,1,0.5186862150828043
20022,1,0.5952912370363871
20023,1,0.31230490406354267
20024,1,0.28469036519527435
20025,0,0.13259035845597586
20026,0,0.22023382286230722
20027,1,0.09949103494485219
20028,0,0.09949103494485219
20029,0,0.09949103494485219
20030,0,0.14737562835216522
20031,0,0.09949103494485219
20032,0,0.1334057996670405
20033,0,0.36022986968358356
20034,1,0.24009289840857187
20035,0,0.3909330566724141
20036,0,0.40956072012583417
20037,1,0.12493340174357097
20038,0,0.09949103494485219
20039,0,0.37241453925768536
20040,0,0.1270181139310201
20041,0,0.14093881845474243
20042,0,0.09949103494485219
20043,0,0.09949103494485219
20044,0,0.31230490406354267
20045,0,0.33012237151463825
20046,0,0.10443828503290813
20047,0,0.18658835689226785
20048,0,0.1270181139310201
20049,0,0.35522568225860596
20050,1,0.4145099918047587
20051,0,0.19190336763858795
20052,0,0.15229111909866333
20053,0,0.4788922170797984
20054,0,0.4470456739266713
20055,0,0.09949103494485219
20056,0,0.09949103494485219
20057,0,0.28418009479840595
20058,0,0.1270181139310201
20059,0,0.12767486770947775
20060,0,0.16552201410134634
20061,0,0.4470456739266713
20062,1,0.2952769100666046
20063,0,0.7641592224438986
20064,1,0.4398593604564667
20065,0,0.22023382286230722
20066,0,0.0797332338988781
20067,1,0.5423746705055237
20068,0,0.09949103494485219
20069,0,0.09949103494485219
20070,0,0.3909330566724141
20071,0,0.1270181139310201
20072,0,0.23960714042186737
20073,0,0.15229111909866333
20074,0,0.1270181139310201
20075,0,0.09041840707262357
20076,0,0.22023382286230722
20077,0,0.09426016733050346
20078,0,0.6292468110720316
20079,0,0.1270181139310201
20080,1,0.4519798854986827
20081,1,0.5792729655901591
20082,0,0.3466786742210388
20083,0,0.1270181139310201
20084,1,0.28418009479840595
20085,0,0.09949103494485219
20086,0,0.09949103494485219
20087,0,0.5148873527844747
20088,1,0.09949103494485219
20089,0,0.09949103494485219
20090,0,0.3909330566724141
20091,0,0.0759682518740495
20092,1,0.4398593604564667
20093,1,0.39732542634010315
20094,1,0.6292468110720316
20095,0,0.10443828503290813
20096,1,0.6842315196990967
20097,1,0.7469152609507242
20098,0,0.1270181139310201
20099,0,0.3909330566724141
20100,1,0.4145099918047587
20101,0,0.14737562835216522
20102,1,0.4267452855904897
20103,1,0.28418009479840595
20104,0,0.09949103494485219
20105,0,0.09949103494485219
20106,0,0.22023382286230722
20107,0,0.28418009479840595
20108,0,0.09949103494485219
20109,1,0.22023382286230722
20110,1,0.1750787595907847
20111,0,0.12495498359203339
20112,1,0.22023382286230722
20113,0,0.09949103494485219
20114,0,0.09426016733050346
20115,1,0.5367150902748108
20116,0,0.0759682518740495
20117,0,0.08496410151322682
20118,0,0.4145099918047587
20119,0,0.09949103494485219
20120,0,0.09949103494485219
20121,0,0.2722251017888387
20122,1,0.6806110541025797
20123,0,0.8854700922966003
20124,0,0.3578697144985199
20125,0,0.09949103494485219
20126,0,0.12418141464392345
20127,0,0.12447746594746907
20128,0,0.09949103494485219
20129,0,0.06798926492532094
20130,0,0.06798926492532094
20131,0,0.09949103494485219
20132,0,0.3909330566724141
20133,0,0.09426016733050346
20134,0,0.5423746705055237
20135,0,0.13134859005610147
20136,0,0.4485076665878296
20137,0,0.22023382286230722
20138,0,0.22023382286230722
20139,0,0.2603470633427302
20140,1,0.37042423089345294
20141,1,0.28418009479840595
20142,1,0.1750787595907847
20143,1,0.4234687387943268
20144,1,0.6449512441953024
20145,0,0.12767486770947775
20146,0,0.3524877727031708
20147,1,0.6922701001167297
20148,0,0.12062450746695201
20149,0,0.09949103494485219
20150,1,0.4470456739266713
20151,1,0.44333157936731976
20152,1,0.12126928567886353
20153,0,0.5952912370363871
20154,1,0.783443808555603
20155,0,0.1954602748155594
20156,1,0.783443808555603
20157,0,0.13626408080259958
20158,0,0.4788922170797984
20159,0,0.1683813234170278
20160,0,0.13134859005610147
20161,0,0.35522568225860596
20162,1,0.6449512441953024
20163,1,0.37042423089345294
20164,0,0.12779168287913004
20165,0,0.06798926492532094
20166,0,0.28418009479840595
20167,1,0.1298374185959498
20168,0,0.06798926492532094
20169,1,0.15717355410257974
20170,0,0.10799519220987956
20171,0,0.1284903089205424
20172,1,0.28418009479840595
20173,0,0.1750787595907847
20174,0,0.6842315196990967
20175,1,0.5423746705055237
20176,0,0.37241453925768536
20177,0,0.12767486770947775
20178,1,0.8997557957967123
20179,1,0.15229111909866333
20180,0,0.4470456739266713
20181,0,0.12767486770947775
20182,1,0.6292468110720316
20183,1,0.22023382286230722
20184,0,0.3075593461592992
20185,0,0.2003757655620575
20186,0,0.08501943821708362
20187,0,0.0759682518740495
20188,0,0.6922701001167297
20189,0,0.4145099918047587
20190,0,0.36022986968358356
20191,1,0.35837329427401227
20192,1,0.259466215968132
20193,1,0.22023382286230722
20194,0,0.12779168287913004
20195,0,0.10443828503290813
20196,1,0.574891726175944
20197,0,0.35522568225860596
20198,0,0.3045484224955241
20199,0,0.09949103494485219
20200,0,0.2603470633427302
20201,0,0.0759682518740495
20202,0,0.14737562835216522
20203,0,0.24009289840857187
20204,1,0.1220967024564743
20205,0,0.06798926492532094
20206,1,0.19315487146377563
20207,0,0.1270181139310201
20208,1,0.33012237151463825
20209,0,0.2952769100666046
20210,0,0.09949103494485219
20211,0,0.09949103494485219
20212,0,0.06798926492532094
20213,1,0.12779168287913004
20214,0,0.09949103494485219
20215,0,0.5423746705055237
20216,1,0.5952912370363871
20217,1,0.4667024413744609
20218,0,0.15229111909866333
20219,0,0.3204767107963562
20220,1,0.6623546878496805
20221,1,0.09949103494485219
20222,0,0.1750787595907847
20223,0,0.12779168287913004
20224,0,0.4145099918047587
20225,0,0.09949103494485219
20226,0,0.28418009479840595
20227,0,0.4470456739266713
20228,1,0.22023382286230722
20229,0,0.07428647826115291
20230,0,0.7508884072303772
20231,0,0.22023382286230722
20232,1,0.4145099918047587
20233,0,0.5792729655901591
20234,0,0.3204767107963562
20235,0,0.2643210192521413
20236,0,0.06798926492532094
20237,0,0.22023382286230722
20238,0,0.3909330566724141
20239,0,0.3204767107963562
20240,1,0.48190967241923016
20241,0,0.33012237151463825
20242,1,0.26007387538750965
20243,0,0.17292856176694235
20244,0,0.3909330566724141
20245,1,0.4267452855904897
20246,0,0.07428647826115291
20247,0,0.33550431330998737
20248,0,0.1270181139310201
20249,0,0.6449512441953024
20250,1,0.22023382286230722
20251,1,0.5512032707532247
20252,1,0.35837329427401227
20253,0,0.09949103494485219
20254,0,0.4378194808959961
20255,0,0.20600426197052002
20256,0,0.06798926492532094
20257,1,0.08496410151322682
20258,0,0.33550431330998737
20259,0,0.35837329427401227
20260,0,0.28418009479840595
20261,0,0.4788922170797984
20262,0,0.1270181139310201
20263,0,0.5423746705055237
20264,0,0.12779168287913004
20265,0,0.4145099918047587
20266,0,0.11317155758539836
20267,0,0.08496410151322682
20268,0,0.12767486770947775
20269,0,0.259466215968132
20270,0,0.09949103494485219
20271,0,0.12062450746695201
20272,0,0.4145099918047587
20273,0,0.12767486770947775
20274,0,0.1270181139310201
20275,1,0.31230490406354267
20276,0,0.4378194808959961
20277,0,0.22023382286230722
20278,1,0.6292468110720316
20279,1,0.0759682518740495
20280,0,0.09949103494485219
20281,0,0.09949103494485219
20282,1,0.08496410151322682
20283,0,0.36022986968358356
20284,0,0.09949103494485219
20285,1,0.37241453925768536
20286,0,0.0887844202419122
20287,1,0.15717355410257974
20288,0,0.2722251017888387
20289,0,0.7641592224438986
20290,0,0.09949103494485219
20291,0,0.09426016733050346
20292,1,0.8997557957967123
20293,0,0.11215529839197795
20294,1,0.5025806725025177
20295,0,0.09426016733050346
20296,0,0.1270181139310201
20297,1,0.12495498359203339
20298,1,0.2603470633427302
20299,0,0.09949103494485219
20300,0,0.37042423089345294
20301,0,0.2722251017888387
20302,1,0.38073869546254474
20303,0,0.4470456739266713
20304,0,0.4470456739266713
20305,1,0.8962544004122416
20306,0,0.09949103494485219
20307,0,0.22023382286230722
20308,0,0.12767486770947775
20309,0,0.09426016733050346
20310,0,0.6922701001167297
20311,0,0.12128126124540965
20312,0,0.09949103494485219
20313,0,0.24009289840857187
20314,0,0.12062450746695201
20315,0,0.09949103494485219
20316,1,0.06798926492532094
20317,0,0.3909330566724141
20318,0,0.3909330566724141
20319,0,0.09949103494485219
20320,0,0.3909330566724141
20321,0,0.12767486770947775
20322,0,0.18398607770601907
20323,1,0.22023382286230722
20324,1,0.3204767107963562
20325,1,0.31230490406354267
20326,0,0.1241179605325063
20327,0,0.09949103494485219
20328,1,0.22023382286230722
20329,0,0.09949103494485219
20330,0,0.12062450746695201
20331,0,0.06798926492532094
20332,0,0.22023382286230722
20333,0,0.16458010176817575
20334,0,0.33550431330998737
20335,1,0.17905397713184357
20336,0,0.12126928567886353
20337,0,0.1270181139310201
20338,0,0.22023382286230722
20339,0,0.36022986968358356
20340,0,0.09949103494485219
20341,0,0.09949103494485219
20342,0,0.16949723164240518
20343,0,0.4267452855904897
20344,0,0.06798926492532094
20345,0,0.12062450746695201
20346,0,0.22023382286230722
20347,0,0.1270181139310201
20348,0,0.06798926492532094
20349,0,0.4145099918047587
20350,1,0.12767486770947775
20351,0,0.11571220556894939
20352,0,0.22023382286230722
20353,0,0.09949103494485219
20354,0,0.18658835689226785
20355,0,0.4145099918047587
20356,0,0.1284903089205424
20357,0,0.09949103494485219
20358,0,0.33550431330998737
20359,0,0.06967103853821754
20360,0,0.6922701001167297
20361,1,0.8017973899841309
20362,0,0.15347019334634146
20363,0,0.09949103494485219
20364,0,0.19190336763858795
20365,0,0.08665342504779498
20366,0,0.48190967241923016
20367,0,0.06798926492532094
20368,0,0.10443828503290813
20369,1,0.13267411788304648
20370,0,0.06967103853821754
20371,0,0.2603470633427302
20372,0,0.09949103494485219
20373,0,0.2003757655620575
20374,0,0.09949103494485219
20375,1,0.1270181139310201
20376,0,0.27144387861092883
20377,0,0.4470456739266713
20378,0,0.2643210192521413
20379,0,0.22023382286230722
20380,0,0.6138366460800171
20381,0,0.1270181139310201
20382,0,0.09426016733050346
20383,0,0.0759682518740495
20384,0,0.06798926492532094
20385,0,0.33012237151463825
20386,0,0.06798926492532094
20387,0,0.33012237151463825
20388,0,0.09949103494485219
20389,0,0.12495498359203339
20390,1,0.5792729655901591
20391,0,0.09949103494485219
20392,0,0.1270181139310201
20393,0,0.06798926492532094
20394,0,0.3204767107963562
20395,0,0.06974428271253903
20396,1,0.2708360254764557
20397,0,0.24048798779646555
20398,1,0.5952912370363871
20399,0,0.4470456739266713
20400,0,0.11215529839197795
20401,1,0.33165107170740765
20402,0,0.10443828503290813
20403,1,0.6410865187644958
20404,1,0.2603470633427302
20405,0,0.1270181139310201
20406,1,0.47698525587717694
20407,0,0.12880794207255045
20408,0,0.37042423089345294
20409,0,0.33012237151463825
20410,0,0.12767486770947775
20411,0,0.06798926492532094
20412,0,0.08496410151322682
20413,0,0.10545454422632854
20414,0,0.12779168287913004
20415,0,0.0759682518740495
20416,0,0.3909330566724141
20417,0,0.15229111909866333
20418,0,0.09949103494485219
20419,1,0.7641592224438986
20420,0,0.1270181139310201
20421,0,0.4470456739266713
20422,1,0.09949103494485219
20423,0,0.22023382286230722
20424,0,0.2952769100666046
20425,0,0.0759682518740495
20426,0,0.28418009479840595
20427,0,0.24009289840857187
20428,0,0.09426016733050346
20429,0,0.09949103494485219
20430,0,0.6623546878496805
20431,0,0.5952912370363871
20432,1,0.7508884072303772
20433,0,0.15717355410257974
20434,0,0.2952769100666046
20435,1,0.5627741813659668
20436,0,0.22023382286230722
20437,0,0.09949103494485219
20438,1,0.15229111909866333
20439,0,0.14461254080136618
20440,0,0.15229111909866333
20441,1,0.37042423089345294
20442,0,0.11215529839197795
20443,1,0.6849722663561503
20444,0,0.34984374046325684
20445,0,0.08665342504779498
20446,1,0.37042423089345294
20447,1,0.7469152609507242
20448,0,0.33550431330998737
20449,0,0.10443828503290813
20450,0,0.13626408080259958
20451,1,0.12493340174357097
20452,0,0.4788922170797984
20453,0,0.12493340174357097
20454,0,0.5351849993069967
20455,0,0.22023382286230722
20456,0,0.1334057996670405
20457,1,0.6922701001167297
20458,1,0.5952912370363871
20459,0,0.22023382286230722
20460,0,0.09949103494485219
20461,0,0.09949103494485219
20462,1,0.4788922170797984
20463,0,0.09949103494485219
20464,1,0.19190336763858795
20465,1,0.39732542634010315
20466,0,0.09949103494485219
20467,1,0.5952912370363871
20468,1,0.5367150902748108
20469,1,0.5423746705055237
20470,0,0.30120808879534405
20471,0,0.22023382286230722
20472,1,0.6922701001167297
20473,1,0.8212418357531229
20474,1,0.7508884072303772
20475,0,0.09949103494485219
20476,1,0.783443808555603
20477,1,0.48190967241923016
20478,0,0.4145099918047587
20479,1,0.4047187368075053
20480,0,0.11571220556894939
20481,0,0.06798926492532094
20482,0,0.15717355410257974
20483,0,0.5952912370363871
20484,0,0.19190336763858795
20485,0,0.5423746705055237
20486,0,0.16412802040576935
20487,0,0.20600426197052002
20488,0,0.09949103494485219
20489,0,0.2952769100666046
20490,0,0.37042423089345294
20491,1,0.14737562835216522
20492,1,0.15308460096518198
20493,0,0.1270181139310201
20494,0,0.09949103494485219
20495,0,0.2603470633427302
20496,0,0.09949103494485219
20497,1,0.3204767107963562
20498,1,0.6922701001167297
20499,0,0.13134859005610147
20500,0,0.09949103494485219
20501,0,0.2157363990942637
20502,0,0.06798926492532094
20503,1,0.22023382286230722
20504,1,0.37042423089345294
20505,0,0.12062450746695201
20506,0,0.13134859005610147
20507,0,0.09949103494485219
20508,0,0.6842315196990967
20509,0,0.28418009479840595
20510,1,0.4145099918047587
20511,1,0.09949103494485219
20512,0,0.4145099918047587
20513,0,0.09949103494485219
20514,0,0.1334057996670405
20515,1,0.22023382286230722
20516,0,0.09949103494485219
20517,0,0.33012237151463825
20518,0,0.13134859005610147
20519,1,0.5627741813659668
20520,1,0.5025806725025177
20521,1,0.33012237151463825
20522,1,0.8017859061559042
20523,0,0.1270181139310201
20524,0,0.259466215968132
20525,0,0.18658835689226785
20526,0,0.33012237151463825
20527,0,0.1241179605325063
20528,1,0.783443808555603
20529,1,0.5351849993069967
20530,0,0.1954602748155594
20531,0,0.28418009479840595
20532,0,0.09426016733050346
20533,1,0.31230490406354267
20534,0,0.3204767107963562
20535,0,0.22023382286230722
20536,0,0.11317155758539836
20537,0,0.1606395790974299
20538,0,0.11571220556894939
20539,1,0.33550431330998737
20540,0,0.36268213391304016
20541,1,0.23960714042186737
20542,1,0.7469152609507242
20543,0,0.12767486770947775
20544,1,0.35837329427401227
20545,0,0.259466215968132
20546,0,0.10443828503290813
20547,1,0.6292468110720316
20548,0,0.36022986968358356
20549,0,0.13134859005610147
20550,1,0.4267452855904897
20551,1,0.45444268981615704
20552,1,0.4788922170797984
20553,1,0.1487011561791102
20554,1,0.11215529839197795
20555,1,0.10304794212182362
20556,0,0.4267452855904897
20557,0,0.12062450746695201
20558,0,0.6449512441953024
20559,0,0.09949103494485219
20560,0,0.5792729655901591
20561,0,0.06798926492532094
20562,0,0.19943774739901224
20563,1,0.06967103853821754
20564,0,0.09949103494485219
20565,1,0.8017973899841309
20566,0,0.09949103494485219
20567,0,0.13134859005610147
20568,1,0.37042423089345294
20569,0,0.09426016733050346
20570,0,0.30120808879534405
20571,1,0.6292468110720316
20572,0,0.0759682518740495
20573,0,0.09949103494485219
20574,1,0.17292856176694235
20575,0,0.36022986968358356
20576,1,0.5792729655901591
20577,0,0.09949103494485219
20578,0,0.0759682518740495
20579,0,0.22023382286230722
20580,1,0.3204767107963562
20581,0,0.1163569837808609
20582,0,0.15717355410257974
20583,0,0.09401528785626094
20584,0,0.1770316114028295
20585,1,0.6922701001167297
20586,0,0.18658835689226785
20587,1,0.31902555624643963
20588,1,0.35837329427401227
20589,1,0.5423746705055237
20590,0,0.2895208199818929
20591,0,0.13267411788304648
20592,0,0.12767486770947775
20593,0,0.09949103494485219
20594,0,0.5423746705055237
20595,0,0.1270181139310201
20596,0,0.3578697144985199
20597,1,0.3204767107963562
20598,1,0.33012237151463825
20599,1,0.1270181139310201
20600,0,0.09426016733050346
20601,0,0.2722251017888387
20602,0,0.3909330566724141
20603,1,0.17292856176694235
20604,0,0.1270181139310201
20605,0,0.2643210192521413
20606,1,0.37042423089345294
20607,1,0.28418009479840595
20608,0,0.12062450746695201
20609,1,0.48190967241923016
20610,1,0.5952912370363871
20611,0,0.37042423089345294
20612,1,0.5792729655901591
20613,1,0.8184640606244405
20614,0,0.1284903089205424
20615,0,0.4145099918047587
20616,0,0.1438187211751938
20617,0,0.09426016733050346
20618,0,0.12767486770947775
20619,0,0.28418009479840595
20620,1,0.3466786742210388
20621,1,0.7641592224438986
20622,0,0.3575858374436696
20623,0,0.24048798779646555
20624,0,0.1750787595907847
20625,0,0.09949103494485219
20626,0,0.09949103494485219
20627,1,0.2643210192521413
20628,1,0.09949103494485219
20629,0,0.1769037793080012
20630,0,0.0759682518740495
20631,1,0.3909330566724141
20632,1,0.6292468110720316
20633,0,0.09949103494485219
20634,0,0.09949103494485219
20635,1,0.7469152609507242
20636,0,0.3680640757083893
20637,1,0.48190967241923016
20638,1,0.6922701001167297
20639,0,0.09949103494485219
20640,1,0.6623546878496805
20641,1,0.6849722663561503
20642,0,0.10799519220987956
20643,1,0.49421635270118713
20644,1,0.37042423089345294
20645,0,0.09949103494485219
20646,0,0.3204767107963562
20647,0,0.17292856176694235
20648,0,0.3909330566724141
20649,0,0.15275797744592032
20650,1,0.12062450746695201
20651,0,0.8212418357531229
20652,1,0.43414267897605896
20653,0,0.11215529839197795
20654,0,0.22023382286230722
20655,0,0.22023382286230722
20656,1,0.09949103494485219
20657,0,0.2157363990942637
20658,0,0.3076062500476837
20659,0,0.1270181139310201
20660,0,0.1270181139310201
20661,0,0.1270181139310201
20662,0,0.2722251017888387
20663,0,0.15229111909866333
20664,0,0.09949103494485219
20665,0,0.13626408080259958
20666,0,0.09949103494485219
20667,1,0.4145099918047587
20668,0,0.17247648040453592
20669,0,0.06798926492532094
20670,0,0.33012237151463825
20671,1,0.4470456739266713
20672,0,0.23960714042186737
20673,0,0.09949103494485219
20674,0,0.12779168287913004
20675,0,0.09949103494485219
20676,0,0.09949103494485219
20677,0,0.09949103494485219
20678,0,0.0759682518740495
20679,0,0.1284903089205424
20680,0,0.13626408080259958
20681,0,0.2603470633427302
20682,0,0.0759682518740495
20683,1,0.7508884072303772
20684,1,0.09949103494485219
20685,0,0.19315487146377563
20686,0,0.09949103494485219
20687,0,0.28418009479840595
20688,1,0.4788922170797984
20689,0,0.0759682518740495
20690,0,0.2325079689423243
20691,0,0.09949103494485219
20692,1,0.3578697144985199
20693,0,0.33550431330998737
20694,0,0.09949103494485219
20695,0,0.09949103494485219
20696,0,0.09426016733050346
20697,1,0.31230490406354267
20698,1,0.783443808555603
20699,1,0.6292468110720316
20700,0,0.39732542634010315
20701,0,0.28418009479840595
20702,0,0.09949103494485219
20703,1,0.4267452855904897
20704,0,0.0759682518740495
20705,1,0.11215529839197795
20706,0,0.7641592224438986
20707,0,0.20600426197052002
20708,1,0.7641592224438986
20709,1,0.12767486770947775
20710,0,0.08665342504779498
20711,0,0.296726793050766
20712,0,0.3909330566724141
20713,1,0.15717355410257974
20714,0,0.1270181139310201
20715,0,0.2157363990942637
20716,0,0.0759682518740495
20717,0,0.20872422556082407
20718,0,0.09949103494485219
20719,1,0.4949026107788086
20720,0,0.22023382286230722
20721,0,0.4788922170797984
20722,0,0.2708360254764557
20723,0,0.09949103494485219
20724,0,0.12126928567886353
20725,1,0.31230490406354267
20726,0,0.33012237151463825
20727,0,0.5423746705055237
20728,0,0.06798926492532094
20729,1,0.8997557957967123
20730,0,0.06798926492532094
20731,0,0.22023382286230722
20732,0,0.10799519220987956
20733,0,0.09949103494485219
20734,0,0.06798926492532094
20735,0,0.06798926492532094
20736,0,0.1954602748155594
20737,0,0.27930842339992523
20738,0,0.13134859005610147
20739,0,0.12346120675404866
20740,1,0.3076062500476837
20741,0,0.33012237151463825
20742,0,0.20600426197052002
20743,0,0.24008205036322275
20744,0,0.33012237151463825
20745,0,0.4470456739266713
20746,0,0.12767486770947775
20747,0,0.1270181139310201
20748,1,0.6842315196990967
20749,0,0.37042423089345294
20750,1,0.5423746705055237
20751,0,0.6292468110720316
20752,0,0.06967103853821754
20753,0,0.12128126124540965
20754,1,0.8997557957967123
20755,1,0.6842315196990967
20756,0,0.06798926492532094
20757,1,0.6922701001167297
20758,0,0.09426016733050346
20759,0,0.3578697144985199
20760,1,0.22023382286230722
20761,1,0.22023382286230722
20762,0,0.3909330566724141
20763,0,0.22023382286230722
20764,0,0.22023382286230722
20765,1,0.7508884072303772
20766,0,0.06798926492532094
20767,0,0.22023382286230722
20768,0,0.13134859005610147
20769,0,0.19190336763858795
20770,0,0.09426016733050346
20771,0,0.16949723164240518
20772,0,0.12767486770947775
20773,1,0.8997557957967123
20774,0,0.0759682518740495
20775,1,0.3045484224955241
20776,1,0.3204767107963562
20777,0,0.2643210192521413
20778,0,0.2952769100666046
20779,0,0.37241453925768536
20780,0,0.24009289840857187
20781,0,0.13626408080259958
20782,0,0.2952769100666046
20783,0,0.06798926492532094
20784,0,0.31230490406354267
20785,0,0.09949103494485219
20786,1,0.2603470633427302
20787,0,0.1284903089205424
20788,0,0.33550431330998737
20789,0,0.15966461102167764
20790,1,0.6623546878496805
20791,0,0.4788922170797984
20792,0,0.09041840707262357
20793,0,0.4485076665878296
20794,0,0.0956492746869723
20795,0,0.3909330566724141
20796,0,0.0759682518740495
20797,0,0.5148873527844747
20798,0,0.22023382286230722
20799,0,0.09426016733050346
20800,0,0.7508884072303772
20801,0,0.4500631292661031
20802,1,0.5792729655901591
20803,0,0.28418009479840595
20804,0,0.12126928567886353
20805,0,0.09949103494485219
20806,1,0.5367150902748108
20807,0,0.3204767107963562
20808,0,0.3204767107963562
20809,0,0.17292856176694235
20810,1,0.35522568225860596
20811,0,0.12767486770947775
20812,0,0.5148873527844747
20813,0,0.4519798854986827
20814,0,0.37042423089345294
20815,0,0.4145099918047587
20816,1,0.37042423089345294
20817,1,0.5952912370363871
20818,1,0.31230490406354267
20819,1,0.2722251017888387
20820,1,0.1270181139310201
20821,0,0.1270181139310201
20822,0,0.09949103494485219
20823,0,0.12346120675404866
20824,0,0.06967103853821754
20825,0,0.12062450746695201
20826,0,0.12062450746695201
20827,0,0.09949103494485219
20828,1,0.6138366460800171
20829,0,0.3909330566724141
20830,0,0.28418009479840595
20831,0,0.28418009479840595
20832,0,0.6449512441953024
20833,1,0.35522568225860596
20834,1,0.3909330566724141
20835,0,0.1270181139310201
20836,1,0.15229111909866333
20837,0,0.1284903089205424
20838,0,0.3466786742210388
20839,1,0.4788922170797984
20840,1,0.22023382286230722
20841,0,0.13134859005610147
20842,0,0.12767486770947775
20843,0,0.09949103494485219
20844,0,0.3909330566724141
20845,0,0.33012237151463825
20846,0,0.13259035845597586
20847,1,0.1750787595907847
20848,1,0.6849722663561503
20849,1,0.36022986968358356
20850,1,0.3472764790058136
20851,0,0.1270181139310201
20852,1,0.574891726175944
20853,0,0.37042423089345294
20854,0,0.4980902473131816
20855,0,0.22023382286230722
20856,0,0.09949103494485219
20857,0,0.6922701001167297
20858,1,0.22023382286230722
20859,0,0.22023382286230722
20860,1,0.12767486770947775
20861,1,0.15229111909866333
20862,1,0.0797332338988781
20863,0,0.17292856176694235
20864,1,0.4378194808959961
20865,0,0.12128126124540965
20866,0,0.09949103494485219
20867,0,0.12767486770947775
20868,0,0.09041840707262357
20869,0,0.4470456739266713
20870,1,0.09426016733050346
20871,0,0.15717355410257974
20872,0,0.24009289840857187
20873,0,0.06974428271253903
20874,1,0.4667024413744609
20875,0,0.2895208199818929
20876,0,0.06798926492532094
20877,0,0.22023382286230722
20878,0,0.3909330566724141
20879,0,0.4470456739266713
20880,0,0.24039065341154733
20881,0,0.1270181139310201
20882,1,0.47698525587717694
20883,0,0.4145099918047587
20884,0,0.4519798854986827
20885,0,0.3909330566724141
20886,0,0.39297398924827576
20887,0,0.11571220556894939
20888,0,0.2743929326534271
20889,1,0.2952769100666046
20890,1,0.3472764790058136
20891,0,0.16458010176817575
20892,0,0.12346120675404866
20893,1,0.28418009479840595
20894,0,0.5792729655901591
20895,1,0.22023382286230722
20896,0,0.22023382286230722
20897,0,0.15229111909866333
20898,0,0.0759682518740495
20899,0,0.1606395790974299
20900,0,0.1606395790974299
20901,0,0.09949103494485219
20902,0,0.06798926492532094
20903,0,0.1270181139310201
20904,0,0.09949103494485219
20905,0,0.4378194808959961
20906,0,0.12128126124540965
20907,1,0.11215529839197795
20908,0,0.12767486770947775
20909,0,0.3578697144985199
20910,0,0.3909330566724141
20911,0,0.09949103494485219
20912,0,0.12062450746695201
20913,1,0.17905397713184357
20914,0,0.1844381590684255
20915,0,0.09949103494485219
20916,0,0.13259035845597586
20917,0,0.10443828503290813
20918,1,0.7641592224438986
20919,0,0.14737562835216522
20920,0,0.16673029959201813
20921,0,0.16552201410134634
20922,0,0.5423746705055237
20923,1,0.09949103494485219
20924,1,0.3204767107963562
20925,1,0.35522568225860596
20926,1,0.09949103494485219
20927,0,0.12346120675404866
20928,1,0.18164527416229248
20929,0,0.12346120675404866
20930,0,0.15225806335608164
20931,0,0.3032772441705068
20932,0,0.3204767107963562
20933,0,0.783443808555603
20934,1,0.37241453925768536
20935,0,0.3909330566724141
20936,0,0.2603470633427302
20937,1,0.6292468110720316
20938,0,0.5025806725025177
20939,0,0.09949103494485219
20940,1,0.12495498359203339
20941,0,0.24009289840857187
20942,0,0.09949103494485219
20943,0,0.15229111909866333
20944,0,0.16552201410134634
20945,0,0.23599056402842203
20946,0,0.3909330566724141
20947,0,0.4470456739266713
20948,1,0.6922701001167297
20949,1,0.3578697144985199
20950,0,0.4470456739266713
20951,0,0.7641592224438986
20952,0,0.22023382286230722
20953,0,0.15229111909866333
20954,0,0.06798926492532094
20955,1,0.6922701001167297
20956,1,0.5792729655901591
20957,0,0.22023382286230722
20958,0,0.06798926492532094
20959,0,0.28418009479840595
20960,0,0.09949103494485219
20961,0,0.4788922170797984
20962,0,0.3680640757083893
20963,1,0.6849722663561503
20964,1,0.12126928567886353
20965,1,0.3578697144985199
20966,0,0.0759682518740495
20967,1,0.6623546878496805
20968,0,0.1855155179897944
20969,0,0.2862492501735687
20970,0,0.1606395790974299
20971,0,0.1750787595907847
20972,1,0.4780196249485016
20973,0,0.17905397713184357
20974,0,0.4470456739266713
20975,0,0.3909330566724141
20976,1,0.783443808555603
20977,0,0.4145099918047587
20978,1,0.7508884072303772
20979,0,0.22023382286230722
20980,0,0.31230490406354267
20981,1,0.4145099918047587
20982,1,0.12779168287913004
20983,1,0.5423746705055237
20984,1,0.3909330566724141
20985,0,0.37042423089345294
20986,0,0.1284903089205424
20987,0,0.6849722663561503
20988,0,0.20600426197052002
20989,0,0.10443828503290813
20990,0,0.5148873527844747
20991,0,0.09949103494485219
20992,0,0.22023382286230722
20993,0,0.8678244352340698
20994,1,0.3204767107963562
20995,0,0.28332191705703735
20996,0,0.11571220556894939
20997,1,0.17905397713184357
20998,0,0.13259035845597586
20999,0,0.1844381590684255
21000,0,0.09949103494485219
21001,0,0.13134859005610147
21002,0,0.0759682518740495
21003,1,0.4470456739266713
21004,1,0.6623546878496805
21005,0,0.28418009479840595
21006,0,0.09949103494485219
21007,0,0.28418009479840595
21008,1,0.48190967241923016
21009,1,0.5952912370363871
21010,1,0.10443828503290813
21011,0,0.3076062500476837
21012,0,0.09949103494485219
21013,0,0.12346120675404866
21014,0,0.2603470633427302
21015,0,0.7508884072303772
21016,1,0.47132567564646405
21017,0,0.4485076665878296
21018,0,0.09949103494485219
21019,0,0.09949103494485219
21020,1,0.5792729655901591
21021,0,0.5952912370363871
21022,0,0.5423746705055237
21023,0,0.23960714042186737
21024,0,0.06974428271253903
21025,0,0.11215529839197795
21026,0,0.09949103494485219
21027,0,0.5423746705055237
21028,1,0.4519798854986827
21029,0,0.4470456739266713
21030,0,0.1284903089205424
21031,1,0.5952912370363871
21032,0,0.3680640757083893
21033,0,0.6842315196990967
21034,0,0.09949103494485219
21035,1,0.8184640606244405
21036,0,0.22023382286230722
21037,0,0.1270181139310201
21038,0,0.1750787595907847
21039,0,0.06798926492532094
21040,0,0.15347019334634146
21041,0,0.5792729655901591
21042,0,0.33012237151463825
21043,0,0.1270181139310201
21044,0,0.1270181139310201
21045,0,0.16790845493475595
21046,0,0.16412802040576935
21047,0,0.11317155758539836
21048,0,0.15717355410257974
21049,1,0.6922701001167297
21050,1,0.22023382286230722
21051,0,0.06798926492532094
21052,1,0.5952912370363871
21053,0,0.28418009479840595
21054,0,0.06974428271253903
21055,0,0.09949103494485219
21056,1,0.4145099918047587
21057,0,0.5792729655901591
21058,0,0.5423746705055237
21059,1,0.07142605632543564
21060,1,0.22023382286230722
21061,1,0.3204767107963562
21062,0,0.12779168287913004
21063,1,0.5952912370363871
21064,0,0.35837329427401227
21065,0,0.10443828503290813
21066,0,0.24416237076123556
21067,0,0.12346120675404866
21068,0,0.10443828503290813
21069,1,0.7641592224438986
21070,0,0.2952769100666046
21071,1,0.22023382286230722
21072,0,0.22023382286230722
21073,0,0.1284903089205424
21074,0,0.12482619285583496
21075,0,0.12346120675404866
21076,0,0.06798926492532094
21077,1,0.7469152609507242
21078,0,0.22023382286230722
21079,0,0.2408564289410909
21080,1,0.6292468110720316
21081,0,0.4470456739266713
21082,0,0.16412802040576935
21083,0,0.10443828503290813
21084,1,0.1270181139310201
21085,1,0.24048798779646555
21086,0,0.13134859005610147
21087,1,0.5952912370363871
21088,1,0.22023382286230722
21089,0,0.18658835689226785
21090,1,0.37042423089345294
21091,0,0.09949103494485219
21092,1,0.3204767107963562
21093,0,0.12493340174357097
21094,1,0.5423746705055237
21095,0,0.2603470633427302
21096,0,0.31230490406354267
21097,0,0.49421635270118713
21098,0,0.6922701001167297
21099,0,0.09949103494485219
21100,0,0.1220967024564743
21101,0,0.15229111909866333
21102,0,0.13134859005610147
21103,0,0.09041840707262357
21104,0,0.32440749804178876
21105,0,0.4553152819474538
21106,1,0.8444444537162781
21107,1,0.6623546878496805
21108,0,0.5423746705055237
21109,1,0.8997557957967123
21110,0,0.18658835689226785
21111,0,0.22023382286230722
21112,0,0.09949103494485219
21113,0,0.3575858374436696
21114,0,0.4145099918047587
21115,0,0.28418009479840595
21116,1,0.37042423089345294
21117,0,0.12126928567886353
21118,0,0.09949103494485219
21119,0,0.3578697144985199
21120,1,0.2862492501735687
21121,0,0.6922701001167297
21122,0,0.15229111909866333
21123,1,0.12062450746695201
21124,1,0.28418009479840595
21125,0,0.14737562835216522
21126,0,0.10443828503290813
21127,1,0.5792729655901591
21128,0,0.5367150902748108
21129,1,0.16458010176817575
21130,0,0.0759682518740495
21131,1,0.5792729655901591
21132,1,0.28418009479840595
21133,1,0.4470456739266713
21134,1,0.15347019334634146
21135,0,0.06798926492532094
21136,1,0.18658835689226785
21137,0,0.09949103494485219
21138,0,0.33550431330998737
21139,1,0.3909330566724141
21140,0,0.20600426197052002
21141,0,0.09949103494485219
21142,0,0.09949103494485219
21143,0,0.09949103494485219
21144,0,0.5423746705055237
21145,0,0.4145099918047587
21146,0,0.3204767107963562
21147,0,0.2786232630411784
21148,0,0.28418009479840595
21149,0,0.783443808555603
21150,1,0.19190336763858795
21151,1,0.09949103494485219
21152,1,0.5423746705055237
21153,0,0.28418009479840595
21154,1,0.6623546878496805
21155,0,0.37042423089345294
21156,0,0.0759682518740495
21157,0,0.1764516979455948
21158,0,0.4145099918047587
21159,0,0.48190967241923016
21160,1,0.574891726175944
21161,0,0.3909330566724141
21162,0,0.12767486770947775
21163,1,0.3909330566724141
21164,0,0.06798926492532094
21165,0,0.2862492501735687
21166,0,0.09949103494485219
21167,1,0.22023382286230722
21168,1,0.4470456739266713
21169,1,0.06798926492532094
21170,1,0.8184640606244405
21171,0,0.08496410151322682
21172,0,0.06798926492532094
21173,0,0.09949103494485219
21174,0,0.6849722663561503
21175,0,0.37042423089345294
21176,0,0.15229111909866333
21177,1,0.22023382286230722
21178,0,0.09949103494485219
21179,0,0.06798926492532094
21180,0,0.1844381590684255
21181,0,0.1270181139310201
21182,0,0.31230490406354267
21183,1,0.28418009479840595
21184,1,0.36022986968358356
21185,0,0.22023382286230722
21186,0,0.6770732800165812
21187,1,0.6239925026893616
21188,0,0.2603470633427302
21189,0,0.2289783904949824
21190,0,0.6922701001167297
21191,0,0.259466215968132
21192,1,0.11317155758539836
21193,0,0.4145099918047587
21194,1,0.6623546878496805
21195,0,0.1270181139310201
21196,1,0.48190967241923016
21197,1,0.37042423089345294
21198,0,0.37042423089345294
21199,0,0.33012237151463825
21200,0,0.16412802040576935
21201,0,0.13267411788304648
21202,0,0.17292856176694235
21203,1,0.2952769100666046
21204,0,0.06798926492532094
21205,0,0.24009289840857187
21206,1,0.7641592224438986
21207,0,0.3909330566724141
21208,1,0.5952912370363871
21209,1,0.518591066201528
21210,1,0.8997557957967123
21211,0,0.3466786742210388
21212,0,0.4470456739266713
21213,1,0.28418009479840595
21214,1,0.5351849993069967
21215,0,0.12767486770947775
21216,0,0.16395985583464304
21217,0,0.09949103494485219
21218,0,0.3578697144985199
21219,0,0.5952912370363871
21220,0,0.33550431330998737
21221,0,0.4949026107788086
21222,0,0.16673029959201813
21223,0,0.06798926492532094
21224,0,0.09949103494485219
21225,1,0.6849722663561503
21226,1,0.1750787595907847
21227,0,0.4267452855904897
21228,0,0.37042423089345294
21229,0,0.1270181139310201
21230,1,0.5423746705055237
21231,0,0.1844381590684255
21232,1,0.31230490406354267
21233,1,0.7508884072303772
21234,1,0.3909330566724141
21235,1,0.4470456739266713
21236,1,0.35522568225860596
21237,0,0.12767486770947775
21238,0,0.31230490406354267
21239,0,0.1270181139310201
21240,1,0.558873454729716
21241,1,0.09949103494485219
21242,0,0.22023382286230722
21243,0,0.8997557957967123
21244,0,0.09949103494485219
21245,0,0.10443828503290813
21246,0,0.3578697144985199
21247,0,0.1270181139310201
21248,0,0.1770316114028295
21249,0,0.0759682518740495
21250,0,0.1241179605325063
21251,0,0.3472764790058136
21252,1,0.33012237151463825
21253,0,0.2952769100666046
21254,1,0.37042423089345294
21255,0,0.0759682518740495
21256,1,0.4788922170797984
21257,0,0.7469152609507242
21258,0,0.11215529839197795
21259,0,0.22023382286230722
21260,0,0.42829567193984985
21261,0,0.09949103494485219
21262,0,0.37042423089345294
21263,0,0.1270181139310201
21264,0,0.1270181139310201
21265,0,0.31230490406354267
21266,0,0.06967103853821754
21267,1,0.3909330566724141
21268,0,0.32440749804178876
21269,0,0.0759682518740495
21270,0,0.558873454729716
21271,0,0.1606395790974299
21272,0,0.783443808555603
21273,0,0.06974428271253903
21274,0,0.09949103494485219
21275,0,0.12779168287913004
21276,0,0.22023382286230722
21277,0,0.09949103494485219
21278,0,0.15717355410257974
21279,0,0.18658835689226785
21280,1,0.22023382286230722
21281,1,0.6922701001167297
21282,0,0.06798926492532094
21283,0,0.09949103494485219
21284,0,0.12767486770947775
21285,0,0.12482619285583496
21286,0,0.47698525587717694
21287,0,0.09949103494485219
21288,0,0.09949103494485219
21289,0,0.1770316114028295
21290,0,0.7641592224438986
21291,0,0.28418009479840595
21292,1,0.4788922170797984
21293,0,0.39732542634010315
21294,0,0.22023382286230722
21295,0,0.16552201410134634
21296,0,0.37042423089345294
21297,0,0.11215529839197795
21298,0,0.5367150902748108
21299,1,0.33012237151463825
21300,1,0.18658835689226785
21301,0,0.22023382286230722
21302,1,0.7641592224438986
21303,1,0.7641592224438986
21304,1,0.5148873527844747
21305,1,0.7508884072303772
21306,0,0.0759682518740495
21307,0,0.24009289840857187
21308,0,0.0797332338988781
21309,0,0.1284903089205424
21310,1,0.3909330566724141
21311,1,0.4788922170797984
21312,0,0.1298374185959498
21313,0,0.5952912370363871
21314,1,0.2157363990942637
21315,0,0.08496410151322682
21316,0,0.2722251017888387
21317,1,0.6849722663561503
21318,0,0.3578697144985199
21319,0,0.3466786742210388
21320,0,0.3680640757083893
21321,1,0.27977487444877625
21322,1,0.3909330566724141
21323,0,0.13134859005610147
21324,0,0.28418009479840595
21325,0,0.1270181139310201
21326,0,0.09949103494485219
21327,0,0.4145099918047587
21328,0,0.13626408080259958
21329,1,0.17292856176694235
21330,0,0.10443828503290813
21331,0,0.33012237151463825
21332,1,0.5005621910095215
21333,0,0.1770316114028295
21334,0,0.2603470633427302
21335,0,0.1270181139310201
21336,0,0.5423746705055237
21337,0,0.1284903089205424
21338,1,0.4145099918047587
21339,0,0.15347019334634146
21340,0,0.35522568225860596
21341,0,0.13924063245455423
21342,0,0.09949103494485219
21343,0,0.09949103494485219
21344,0,0.6449512441953024
21345,0,0.33012237151463825
21346,0,0.2952769100666046
21347,0,0.09949103494485219
21348,0,0.12767486770947775
21349,0,0.18164527416229248
21350,0,0.18658835689226785
21351,0,0.09041840707262357
21352,0,0.22023382286230722
21353,0,0.28418009479840595
21354,0,0.4788922170797984
21355,1,0.6922701001167297
21356,0,0.12346120675404866
21357,0,0.4145099918047587
21358,0,0.22023382286230722
21359,0,0.19315487146377563
21360,0,0.22023382286230722
21361,0,0.0759682518740495
21362,0,0.3909330566724141
21363,0,0.1270181139310201
21364,0,0.09949103494485219
21365,0,0.37042423089345294
21366,1,0.5148873527844747
21367,0,0.09949103494485219
21368,1,0.18658835689226785
21369,1,0.3204767107963562
21370,0,0.2643210192521413
21371,0,0.4704061547915141
21372,0,0.09949103494485219
21373,0,0.2603470633427302
21374,1,0.6849722663561503
21375,1,0.7201401789983114
21376,0,0.3204767107963562
21377,1,0.09949103494485219
21378,1,0.3045484224955241
21379,0,0.09949103494485219
21380,0,0.3472764790058136
21381,1,0.7641592224438986
21382,0,0.6292468110720316
21383,0,0.24205580850442251
21384,0,0.19190336763858795
21385,0,0.31230490406354267
21386,1,0.22023382286230722
21387,0,0.558873454729716
21388,0,0.24009289840857187
21389,0,0.22023382286230722
21390,0,0.6292468110720316
21391,0,0.19190336763858795
21392,0,0.3909330566724141
21393,1,0.0759682518740495
21394,0,0.09949103494485219
21395,1,0.15347019334634146
21396,0,0.06798926492532094
21397,0,0.4145099918047587
21398,0,0.09949103494485219
21399,0,0.6292468110720316
21400,0,0.20600426197052002
21401,1,0.7508884072303772
21402,0,0.0759682518740495
21403,1,0.6292468110720316
21404,0,0.29057825605074566
21405,0,0.1270181139310201
21406,0,0.6922701001167297
21407,0,0.31230490406354267
21408,1,0.24009289840857187
21409,0,0.14737562835216522
21410,0,0.1241179605325063
21411,0,0.5423746705055237
21412,0,0.17292856176694235
21413,0,0.26241621871789295
21414,0,0.7508884072303772
21415,0,0.1844381590684255
21416,0,0.06798926492532094
21417,1,0.2603470633427302
21418,0,0.4553152819474538
21419,0,0.2157363990942637
21420,0,0.06798926492532094
21421,1,0.09949103494485219
21422,0,0.09041840707262357
21423,0,0.10443828503290813
21424,0,0.3524877727031708
21425,0,0.0759682518740495
21426,0,0.4470456739266713
21427,0,0.5148873527844747
21428,0,0.2782082756360372
21429,1,0.3909330566724141
21430,0,0.12346120675404866
21431,0,0.1750787595907847
21432,0,0.6410865187644958
21433,0,0.22023382286230722
21434,1,0.20738443235556284
21435,0,0.09949103494485219
21436,0,0.28418009479840595
21437,0,0.09949103494485219
21438,0,0.10799519220987956
21439,0,0.1241179605325063
21440,1,0.09949103494485219
21441,0,0.15229111909866333
21442,0,0.15229111909866333
21443,0,0.2952769100666046
21444,0,0.12767486770947775
21445,1,0.22023382286230722
21446,0,0.5148873527844747
21447,1,0.7641592224438986
21448,0,0.12767486770947775
21449,0,0.4788922170797984
21450,1,0.6922701001167297
21451,1,0.12779168287913004
21452,0,0.06798926492532094
21453,0,0.16673029959201813
21454,1,0.6658740441004435
21455,0,0.09949103494485219
21456,1,0.3378644684950511
21457,0,0.4470456739266713
21458,0,0.09949103494485219
21459,1,0.5367150902748108
21460,0,0.12346120675404866
21461,0,0.09949103494485219
21462,1,0.5952912370363871
21463,0,0.15717355410257974
21464,0,0.5423746705055237
21465,1,0.5952912370363871
21466,0,0.5423746705055237
21467,1,0.2708360254764557
21468,1,0.7641592224438986
21469,0,0.09949103494485219
21470,0,0.37241453925768536
21471,0,0.22023382286230722
21472,1,0.3204767107963562
21473,0,0.14737562835216522
21474,0,0.7161670327186584
21475,0,0.3204767107963562
21476,0,0.11215529839197795
21477,0,0.15717355410257974
21478,1,0.33012237151463825
21479,1,0.4145099918047587
21480,0,0.4470456739266713
21481,0,0.4145099918047587
21482,0,0.5423746705055237
21483,0,0.22023382286230722
21484,0,0.1241179605325063
21485,0,0.20872422556082407
21486,0,0.13259035845597586
21487,0,0.13259035845597586
21488,1,0.7469152609507242
21489,0,0.16949723164240518
21490,0,0.3909330566724141
21491,1,0.42493073145548504
21492,1,0.3204767107963562
21493,0,0.5423746705055237
21494,0,0.09949103494485219
21495,0,0.28418009479840595
21496,1,0.5423746705055237
21497,1,0.6623546878496805
21498,0,0.0759682518740495
21499,0,0.28418009479840595
21500,1,0.6842315196990967
21501,1,0.4145099918047587
21502,1,0.15229111909866333
21503,0,0.14737562835216522
21504,0,0.13134859005610147
21505,1,0.5952912370363871
21506,0,0.17292856176694235
21507,0,0.3578697144985199
21508,1,0.5952912370363871
21509,0,0.7508884072303772
21510,0,0.09949103494485219
21511,1,0.3578697144985199
21512,1,0.22023382286230722
21513,0,0.09949103494485219
21514,0,0.1750787595907847
21515,0,0.09426016733050346
21516,0,0.2952769100666046
21517,0,0.6849722663561503
21518,0,0.23960714042186737
21519,0,0.09949103494485219
21520,0,0.09949103494485219
21521,1,0.7508884072303772
21522,0,0.13267411788304648
21523,1,0.12767486770947775
21524,1,0.1298374185959498
21525,0,0.1270181139310201
21526,0,0.37241453925768536
21527,1,0.22023382286230722
21528,0,0.1270181139310201
21529,0,0.6922701001167297
21530,0,0.5367150902748108
21531,0,0.3680640757083893
21532,0,0.2003757655620575
21533,0,0.15229111909866333
21534,0,0.3204767107963562
21535,0,0.18658835689226785
21536,0,0.12346120675404866
21537,0,0.5423746705055237
21538,0,0.22023382286230722
21539,1,0.10443828503290813
21540,0,0.29057825605074566
21541,0,0.09949103494485219
21542,0,0.11215529839197795
21543,1,0.28332191705703735
21544,1,0.33012237151463825
21545,1,0.6922701001167297
21546,0,0.09949103494485219
21547,1,0.5382024546464285
21548,1,0.8184640606244405
21549,1,0.28418009479840595
21550,0,0.2603470633427302
21551,0,0.1270181139310201
21552,1,0.06798926492532094
21553,0,0.12767486770947775
21554,0,0.09949103494485219
21555,0,0.13626408080259958
21556,0,0.31230490406354267
21557,0,0.31230490406354267
21558,0,0.09949103494485219
21559,1,0.0759682518740495
21560,1,0.7641592224438986
21561,0,0.16458010176817575
21562,0,0.4470456739266713
21563,1,0.4145099918047587
21564,0,0.4267452855904897
21565,0,0.24048798779646555
21566,0,0.09949103494485219
21567,0,0.20600426197052002
21568,1,0.10304794212182362
21569,1,0.6922701001167297
21570,0,0.28765688339869183
21571,1,0.13267411788304648
21572,1,0.6292468110720316
21573,0,0.16673029959201813
21574,0,0.1844381590684255
21575,0,0.12767486770947775
21576,1,0.5423746705055237
21577,1,0.35522568225860596
21578,0,0.12767486770947775
21579,0,0.7641592224438986
21580,0,0.15717355410257974
21581,0,0.06798926492532094
21582,0,0.17905397713184357
21583,0,0.6922701001167297
21584,0,0.6292468110720316
21585,0,0.2157363990942637
21586,0,0.15717355410257974
21587,0,0.09426016733050346
21588,0,0.18658835689226785
21589,0,0.2952769100666046
21590,0,0.10443828503290813
21591,1,0.5952912370363871
21592,0,0.33012237151463825
21593,0,0.22023382286230722
21594,0,0.3909702201684316
21595,0,0.12062450746695201
21596,0,0.10443828503290813
21597,1,0.33550431330998737
21598,1,0.4267452855904897
21599,1,0.783443808555603
21600,0,0.09949103494485219
21601,0,0.09949103494485219
21602,1,0.4145099918047587
21603,1,0.8184640606244405
21604,0,0.37241453925768536
21605,1,0.33012237151463825
21606,0,0.1284903089205424
21607,0,0.3680640757083893
21608,0,0.3466786742210388
21609,0,0.48190967241923016
21610,1,0.7508884072303772
21611,0,0.09949103494485219
21612,0,0.14737562835216522
21613,0,0.09949103494485219
21614,0,0.22023382286230722
21615,1,0.35837329427401227
21616,0,0.22023382286230722
21617,0,0.09949103494485219
21618,1,0.7469152609507242
21619,0,0.3909330566724141
21620,1,0.0956492746869723
21621,0,0.22023382286230722
21622,0,0.09949103494485219
21623,0,0.22023382286230722
21624,0,0.6292468110720316
21625,0,0.2643210192521413
21626,0,0.09949103494485219
21627,0,0.1334057996670405
21628,0,0.13267411788304648
21629,0,0.09949103494485219
21630,0,0.6849722663561503
21631,0,0.3204767107963562
21632,0,0.09949103494485219
21633,1,0.5423746705055237
21634,0,0.6292468110720316
21635,1,0.7641592224438986
21636,1,0.7469152609507242
21637,0,0.12346120675404866
21638,0,0.11215529839197795
21639,0,0.06798926492532094
21640,0,0.39732542634010315
21641,0,0.1270181139310201
21642,1,0.4145099918047587
21643,1,0.4398593604564667
21644,0,0.3578697144985199
21645,1,0.35837329427401227
21646,0,0.4519798854986827
21647,0,0.12767486770947775
21648,0,0.33012237151463825
21649,0,0.09426016733050346
21650,0,0.6623546878496805
21651,1,0.783443808555603
21652,1,0.5952912370363871
21653,1,0.5792729655901591
21654,0,0.09949103494485219
21655,0,0.3909330566724141
21656,1,0.35522568225860596
21657,1,0.4902793765068054
21658,0,0.18658835689226785
21659,1,0.35522568225860596
21660,1,0.6292468110720316
21661,0,0.23960714042186737
21662,1,0.5542207260926565
21663,0,0.13134859005610147
21664,1,0.8444444537162781
21665,0,0.13267411788304648
21666,1,0.6292468110720316
21667,0,0.20600426197052002
21668,0,0.15229111909866333
21669,0,0.09949103494485219
21670,0,0.2952769100666046
21671,1,0.31230490406354267
21672,1,0.6292468110720316
21673,1,0.3909330566724141
21674,0,0.0759682518740495
21675,0,0.15229111909866333
21676,1,0.31230490406354267
21677,1,0.37042423089345294
21678,0,0.22023382286230722
21679,0,0.3917698760827382
21680,0,0.3909330566724141
21681,1,0.12495498359203339
21682,0,0.22023382286230722
21683,1,0.3909330566724141
21684,0,0.11215529839197795
21685,1,0.5186862150828043
21686,0,0.1270181139310201
21687,0,0.10443828503290813
21688,0,0.28418009479840595
21689,0,0.1270181139310201
21690,0,0.4145099918047587
21691,0,0.23599056402842203
21692,0,0.12062450746695201
21693,0,0.4267452855904897
21694,0,0.6292468110720316
21695,0,0.09949103494485219
21696,1,0.3204767107963562
21697,0,0.09949103494485219
21698,0,0.1844381590684255
21699,0,0.14737562835216522
21700,0,0.12767486770947775
21701,1,0.1769037793080012
21702,0,0.4267452855904897
21703,1,0.8212418357531229
21704,0,0.09949103494485219
21705,0,0.3909330566724141
21706,1,0.6829593976338705
21707,0,0.24009289840857187
21708,0,0.06798926492532094
21709,1,0.13134859005610147
21710,1,0.33012237151463825
21711,0,0.6849722663561503
21712,1,0.12128126124540965
21713,1,0.6623546878496805
21714,0,0.15229111909866333
21715,0,0.09949103494485219
21716,0,0.35522568225860596
21717,1,0.4470456739266713
21718,1,0.2862492501735687
21719,1,0.0759682518740495
21720,0,0.09949103494485219
21721,1,0.4470456739266713
21722,0,0.12346120675404866
21723,0,0.24048798779646555
21724,0,0.36022986968358356
21725,0,0.28418009479840595
21726,1,0.7641592224438986
21727,0,0.09949103494485219
21728,1,0.6292468110720316
21729,0,0.4145099918047587
21730,1,0.574891726175944
21731,1,0.22023382286230722
21732,1,0.12779168287913004
21733,0,0.09949103494485219
21734,1,0.3045484224955241
21735,1,0.22023382286230722
21736,1,0.09949103494485219
21737,0,0.0759682518740495
21738,0,0.17214917639891306
21739,1,0.5423746705055237
21740,0,0.1270181139310201
21741,0,0.12495498359203339
21742,0,0.22023382286230722
21743,0,0.5952912370363871
21744,1,0.7469152609507242
21745,0,0.3909330566724141
21746,0,0.09426016733050346
21747,0,0.15229111909866333
21748,0,0.1954602748155594
21749,1,0.12062450746695201
21750,0,0.16458010176817575
21751,1,0.7641592224438986
21752,0,0.17292856176694235
21753,0,0.6922701001167297
21754,1,0.35837329427401227
21755,0,0.3909330566724141
21756,0,0.3204767107963562
21757,0,0.22023382286230722
21758,1,0.09949103494485219
21759,0,0.09426016733050346
21760,0,0.09949103494485219
21761,1,0.6466502547264099
21762,0,0.1270181139310201
21763,0,0.44333157936731976
21764,1,0.4902793765068054
21765,0,0.2722251017888387
21766,0,0.2157363990942637
21767,0,0.12495498359203339
21768,0,0.5423746705055237
21769,0,0.3909330566724141
21770,0,0.33012237151463825
21771,0,0.4470456739266713
21772,1,0.5025806725025177
21773,0,0.10443828503290813
21774,0,0.4519798854986827
21775,0,0.08496410151322682
21776,0,0.4234687387943268
21777,0,0.0759682518740495
21778,0,0.3032772441705068
21779,1,0.7508884072303772
21780,0,0.13134859005610147
21781,1,0.7469152609507242
21782,0,0.18658835689226785
21783,0,0.09949103494485219
21784,0,0.3909330566724141
21785,0,0.09949103494485219
21786,1,0.1284903089205424
21787,1,0.574891726175944
21788,1,0.5952912370363871
21789,0,0.6292468110720316
21790,1,0.6449512441953024
21791,0,0.13134859005610147
21792,0,0.22023382286230722
21793,1,0.09949103494485219
21794,0,0.3909330566724141
21795,1,0.7508884072303772
21796,0,0.06974428271253903
21797,1,0.5627741813659668
21798,1,0.6849722663561503
21799,0,0.09949103494485219
21800,1,0.5148873527844747
21801,0,0.12767486770947775
21802,0,0.3909330566724141
21803,0,0.15229111909866333
21804,1,0.6292468110720316
21805,0,0.09949103494485219
21806,1,0.3204767107963562
21807,1,0.8505050539970398
21808,0,0.12767486770947775
21809,0,0.15717355410257974
21810,0,0.07866688817739487
21811,0,0.09426016733050346
21812,0,0.06798926492532094
21813,0,0.06798926492532094
21814,0,0.08496410151322682
21815,0,0.24009289840857187
21816,0,0.1606395790974299
21817,1,0.8505050539970398
21818,0,0.19190336763858795
21819,0,0.7469152609507242
21820,0,0.14737562835216522
21821,1,0.4267452855904897
21822,0,0.33012237151463825
21823,0,0.12767486770947775
21824,1,0.17905397713184357
21825,0,0.5423746705055237
21826,0,0.33550431330998737
21827,1,0.6292468110720316
21828,0,0.14737562835216522
21829,1,0.5792729655901591
21830,0,0.1241179605325063
21831,1,0.37241453925768536
21832,0,0.6292468110720316
21833,0,0.15229111909866333
21834,0,0.06798926492532094
21835,1,0.2275924781958262
21836,0,0.09949103494485219
21837,0,0.6623546878496805
21838,0,0.2722251017888387
21839,0,0.30120808879534405
21840,0,0.6190909544626871
21841,1,0.6922701001167297
21842,0,0.24446296195189157
21843,1,0.6292468110720316
21844,0,0.0759682518740495
21845,0,0.12062450746695201
21846,0,0.18658835689226785
21847,0,0.09949103494485219
21848,0,0.1220967024564743
21849,0,0.19943774739901224
21850,0,0.37042423089345294
21851,0,0.10443828503290813
21852,1,0.6922701001167297
21853,1,0.42829567193984985
21854,0,0.07519103835026424
21855,1,0.5792729655901591
21856,1,0.23954747120539346
21857,0,0.09949103494485219
21858,1,0.5792729655901591
21859,1,0.6769851446151733
21860,0,0.39732542634010315
21861,0,0.1270181139310201
21862,0,0.37042423089345294
21863,1,0.4145099918047587
21864,1,0.3472764790058136
21865,0,0.09949103494485219
21866,1,0.4145099918047587
21867,0,0.33012237151463825
21868,0,0.4470456739266713
21869,1,0.2722251017888387
21870,0,0.1298374185959498
21871,1,0.574891726175944
21872,0,0.24009289840857187
21873,0,0.12767486770947775
21874,1,0.3045484224955241
21875,1,0.8184640606244405
21876,0,0.11317155758539836
21877,1,0.06798926492532094
21878,0,0.4485076665878296
21879,0,0.13267411788304648
21880,1,0.4788922170797984
21881,0,0.09949103494485219
21882,1,0.7469152609507242
21883,0,0.10443828503290813
21884,0,0.09949103494485219
21885,0,0.22023382286230722
21886,1,0.5148873527844747
21887,0,0.09949103494485219
21888,1,0.36268213391304016
21889,0,0.33012237151463825
21890,1,0.6623546878496805
21891,1,0.16412802040576935
21892,0,0.09949103494485219
21893,0,0.22023382286230722
21894,0,0.1220967024564743
21895,0,0.09949103494485219
21896,1,0.16412802040576935
21897,1,0.5792729655901591
21898,1,0.7641592224438986
21899,1,0.5148873527844747
21900,0,0.09949103494485219
21901,0,0.09949103494485219
21902,0,0.13626408080259958
21903,0,0.4470456739266713
21904,0,0.13626408080259958
21905,1,0.6844786802927653
21906,0,0.1606395790974299
21907,0,0.5423746705055237
21908,0,0.12346120675404866
21909,0,0.11571220556894939
21910,0,0.6623546878496805
21911,0,0.23599056402842203
21912,1,0.4267452855904897
21913,0,0.12767486770947775
21914,0,0.17292856176694235
21915,1,0.35837329427401227
21916,0,0.09949103494485219
21917,0,0.18658835689226785
21918,0,0.1606395790974299
21919,0,0.29303882519404095
21920,0,0.1844381590684255
21921,0,0.4470456739266713
21922,1,0.48190967241923016
21923,0,0.2643210192521413
21924,1,0.8184640606244405
21925,0,0.09949103494485219
21926,0,0.13626408080259958
21927,1,0.22023382286230722
21928,0,0.12767486770947775
21929,1,0.28418009479840595
21930,0,0.09949103494485219
21931,1,0.5952912370363871
21932,1,0.33012237151463825
21933,0,0.28418009479840595
21934,0,0.2952769100666046
21935,0,0.19315487146377563
21936,0,0.12767486770947775
21937,0,0.7469152609507242
21938,0,0.12767486770947775
21939,1,0.3204767107963562
21940,0,0.0759682518740495
21941,1,0.49421635270118713
21942,0,0.06798926492532094
21943,0,0.5952912370363871
21944,1,0.5367150902748108
21945,0,0.3204767107963562
21946,0,0.1270181139310201
21947,0,0.14737562835216522
21948,0,0.1270181139310201
21949,0,0.08496410151322682
21950,0,0.24009289840857187
21951,0,0.28418009479840595
21952,0,0.33012237151463825
21953,1,0.5952912370363871
21954,0,0.1750787595907847
21955,1,0.5850475827852885
21956,1,0.09949103494485219
21957,1,0.17292856176694235
21958,1,0.6623546878496805
21959,0,0.37042423089345294
21960,1,0.14737562835216522
21961,0,0.1284903089205424
21962,1,0.5148873527844747
21963,1,0.23599056402842203
21964,0,0.48190967241923016
21965,1,0.09949103494485219
21966,0,0.16412802040576935
21967,1,0.09949103494485219
21968,0,0.5423746705055237
21969,1,0.8184640606244405
21970,1,0.0759682518740495
21971,0,0.12346120675404866
21972,1,0.09949103494485219
21973,1,0.4145099918047587
21974,0,0.1241179605325063
21975,1,0.2743929326534271
21976,1,0.6849722663561503
21977,1,0.48190967241923016
21978,0,0.5423746705055237
21979,1,0.5367150902748108
21980,1,0.8212418357531229
21981,0,0.3909330566724141
21982,1,0.3909330566724141
21983,0,0.3980734050273895
21984,0,0.1270181139310201
21985,1,0.5792729655901591
21986,1,0.7508884072303772
21987,0,0.6623546878496805
21988,0,0.3909330566724141
21989,0,0.6842315196990967
21990,1,0.4267452855904897
21991,0,0.22023382286230722
21992,0,0.16412802040576935
21993,1,0.4788922170797984
21994,1,0.37042423089345294
21995,0,0.3204767107963562
21996,0,0.3909330566724141
21997,1,0.7469152609507242
21998,1,0.24009289840857187
21999,0,0.2643210192521413
22000,1,0.1844381590684255
22001,1,0.2722251017888387
22002,0,0.09949103494485219
22003,0,0.22023382286230722
22004,0,0.2603470633427302
22005,1,0.37042423089345294
22006,1,0.17292856176694235
22007,0,0.09949103494485219
22008,0,0.1284903089205424
22009,0,0.4145099918047587
22010,0,0.13134859005610147
22011,1,0.33012237151463825
22012,1,0.259466215968132
22013,1,0.37042423089345294
22014,1,0.22023382286230722
22015,0,0.37241453925768536
22016,0,0.06798926492532094
22017,0,0.06798926492532094
22018,0,0.1220967024564743
22019,0,0.22023382286230722
22020,0,0.6922701001167297
22021,0,0.3204767107963562
22022,0,0.0797332338988781
22023,1,0.35837329427401227
22024,0,0.22023382286230722
22025,0,0.06798926492532094
22026,0,0.06798926492532094
22027,1,0.6922701001167297
22028,1,0.39732542634010315
22029,1,0.3909330566724141
22030,0,0.06967103853821754
22031,0,0.17292856176694235
22032,1,0.2722251017888387
22033,0,0.6292468110720316
22034,1,0.783443808555603
22035,0,0.2603470633427302
22036,0,0.09401528785626094
22037,0,0.4788922170797984
22038,0,0.09949103494485219
22039,1,0.18658835689226785
22040,0,0.13626408080259958
22041,0,0.09949103494485219
22042,1,0.5423746705055237
22043,1,0.2643210192521413
22044,0,0.1750787595907847
22045,1,0.2400182435909907
22046,1,0.29057825605074566
22047,0,0.31230490406354267
22048,1,0.4145099918047587
22049,0,0.09949103494485219
22050,0,0.09949103494485219
22051,1,0.19190336763858795
22052,0,0.06798926492532094
22053,1,0.13267411788304648
22054,0,0.33012237151463825
22055,0,0.4788922170797984
22056,0,0.6292468110720316
22057,0,0.18658835689226785
22058,1,0.33012237151463825
22059,0,0.1270181139310201
22060,0,0.23997202018896738
22061,0,0.4500631292661031
22062,0,0.06798926492532094
22063,0,0.33550431330998737
22064,1,0.8997557957967123
22065,0,0.3204767107963562
22066,1,0.3578697144985199
22067,0,0.33012237151463825
22068,0,0.48190967241923016
22069,0,0.22023382286230722
22070,0,0.09949103494485219
22071,0,0.5423746705055237
22072,0,0.12495498359203339
22073,0,0.08496410151322682
22074,0,0.5952912370363871
22075,1,0.5367150902748108
22076,1,0.36022986968358356
22077,0,0.06798926492532094
22078,0,0.09426016733050346
22079,0,0.6292468110720316
22080,0,0.3204767107963562
22081,0,0.3909330566724141
22082,0,0.5792729655901591
22083,1,0.3045484224955241
22084,0,0.5952912370363871
22085,1,0.1270181139310201
22086,0,0.3680640757083893
22087,0,0.09949103494485219
22088,1,0.7641592224438986
22089,1,0.22023382286230722
22090,0,0.06798926492532094
22091,0,0.46309099594751996
22092,0,0.12495498359203339
22093,0,0.09949103494485219
22094,0,0.5952912370363871
22095,1,0.42829567193984985
22096,0,0.1270181139310201
22097,0,0.12767486770947775
22098,0,0.09949103494485219
22099,0,0.12767486770947775
22100,1,0.6292468110720316
22101,0,0.09949103494485219
22102,0,0.09949103494485219
22103,0,0.37042423089345294
22104,1,0.35837329427401227
22105,1,0.4145099918047587
22106,0,0.6842315196990967
22107,0,0.09949103494485219
22108,1,0.4788922170797984
22109,1,0.4470456739266713
22110,0,0.11215529839197795
22111,0,0.18658835689226785
22112,1,0.6842315196990967
22113,0,0.09949103494485219
22114,0,0.09949103494485219
22115,1,0.7469152609507242
22116,0,0.09949103494485219
22117,0,0.37042423089345294
22118,0,0.22023382286230722
22119,0,0.23599056402842203
22120,0,0.18658835689226785
22121,0,0.1606395790974299
22122,0,0.06798926492532094
22123,0,0.3204767107963562
22124,1,0.7469152609507242
22125,1,0.7469152609507242
22126,0,0.783443808555603
22127,1,0.7508884072303772
22128,0,0.09949103494485219
22129,1,0.7641592224438986
22130,1,0.6449512441953024
22131,0,0.0759682518740495
22132,0,0.11280007660388947
22133,0,0.3204767107963562
22134,0,0.09949103494485219
22135,0,0.12447746594746907
22136,0,0.09949103494485219
22137,0,0.24416237076123556
22138,0,0.1270181139310201
22139,0,0.09949103494485219
22140,0,0.09949103494485219
22141,1,0.2597215324640274
22142,1,0.12346120675404866
22143,1,0.6292468110720316
22144,0,0.3909330566724141
22145,0,0.1606395790974299
22146,0,0.6922701001167297
22147,0,0.2603470633427302
22148,0,0.6922701001167297
22149,0,0.5382024546464285
22150,0,0.09949103494485219
22151,0,0.4470456739266713
22152,0,0.37042423089345294
22153,0,0.24048798779646555
22154,0,0.12767486770947775
22155,0,0.28418009479840595
22156,0,0.1750787595907847
22157,0,0.18658835689226785
22158,0,0.25380803147951764
22159,0,0.12346120675404866
22160,0,0.16949723164240518
22161,0,0.12779168287913004
22162,1,0.09041840707262357
22163,1,0.33550431330998737
22164,0,0.12062450746695201
22165,0,0.2603470633427302
22166,1,0.2952769100666046
22167,0,0.06798926492532094
22168,0,0.2952769100666046
22169,0,0.3909330566724141
22170,0,0.22023382286230722
22171,1,0.33012237151463825
22172,0,0.33012237151463825
22173,0,0.09949103494485219
22174,0,0.31230490406354267
22175,0,0.09426016733050346
22176,1,0.5367150902748108
22177,0,0.1298374185959498
22178,0,0.42829567193984985
22179,0,0.32440749804178876
22180,1,0.23510971665382385
22181,0,0.783443808555603
22182,0,0.558873454729716
22183,0,0.3524877727031708
22184,1,0.35522568225860596
22185,0,0.13134859005610147
22186,0,0.06798926492532094
22187,0,0.18658835689226785
22188,0,0.09949103494485219
22189,0,0.4470456739266713
22190,0,0.09949103494485219
22191,1,0.1284903089205424
22192,0,0.34984374046325684
22193,0,0.09949103494485219
22194,1,0.4788922170797984
22195,1,0.3909330566724141
22196,0,0.06798926492532094
22197,0,0.10304794212182362
22198,0,0.24048798779646555
22199,1,0.3909330566724141
22200,0,0.4267452855904897
22201,1,0.4519798854986827
22202,0,0.06798926492532094
22203,0,0.22023382286230722
22204,0,0.09949103494485219
22205,0,0.09949103494485219
22206,0,0.09949103494485219
22207,0,0.1270181139310201
22208,0,0.22023382286230722
22209,0,0.1750787595907847
22210,0,0.22023382286230722
22211,0,0.09949103494485219
22212,1,0.48190967241923016
22213,0,0.18658835689226785
22214,0,0.12495498359203339
22215,1,0.6623546878496805
22216,0,0.12346120675404866
22217,0,0.09949103494485219
22218,0,0.6292468110720316
22219,0,0.09949103494485219
22220,0,0.0759682518740495
22221,1,0.5367150902748108
22222,0,0.2603470633427302
22223,1,0.12495498359203339
22224,0,0.24009289840857187
22225,0,0.4378194808959961
22226,0,0.0759682518740495
22227,1,0.6138366460800171
22228,0,0.06798926492532094
22229,1,0.15717355410257974
22230,0,0.22023382286230722
22231,0,0.5148873527844747
22232,0,0.36022986968358356
22233,0,0.22023382286230722
22234,0,0.09949103494485219
22235,0,0.19943774739901224
22236,0,0.1487011561791102
22237,0,0.3909330566724141
22238,0,0.16412802040576935
22239,0,0.22023382286230722
22240,1,0.6769851446151733
22241,1,0.12767486770947775
22242,0,0.4788922170797984
22243,0,0.12767486770947775
22244,0,0.13626408080259958
22245,1,0.574891726175944
22246,0,0.1220967024564743
22247,0,0.1270181139310201
22248,1,0.13267411788304648
22249,1,0.259466215968132
22250,0,0.1270181139310201
22251,0,0.5952912370363871
22252,0,0.2643210192521413
22253,0,0.36022986968358356
22254,0,0.15717355410257974
22255,0,0.33550431330998737
22256,0,0.5148873527844747
22257,1,0.6721278627713522
22258,0,0.0759682518740495
22259,0,0.10443828503290813
22260,0,0.22023382286230722
22261,0,0.09949103494485219
22262,0,0.06798926492532094
22263,0,0.10443828503290813
22264,0,0.3204767107963562
22265,0,0.09949103494485219
22266,1,0.4145099918047587
22267,0,0.6922701001167297
22268,0,0.18658835689226785
22269,0,0.7641592224438986
22270,1,0.35837329427401227
22271,1,0.33012237151463825
22272,0,0.16412802040576935
22273,0,0.06798926492532094
22274,0,0.10304794212182362
22275,1,0.3578697144985199
22276,0,0.28418009479840595
22277,0,0.2643210192521413
22278,0,0.1270181139310201
22279,0,0.0759682518740495
22280,0,0.12779168287913004
22281,0,0.22023382286230722
22282,1,0.4470456739266713
22283,0,0.1844381590684255
22284,0,0.09426016733050346
22285,0,0.22023382286230722
22286,0,0.12062450746695201
22287,0,0.09949103494485219
22288,0,0.12062450746695201
22289,1,0.783443808555603
22290,0,0.09949103494485219
22291,0,0.37126105030377704
22292,0,0.06798926492532094
22293,0,0.28418009479840595
22294,0,0.4378194808959961
22295,0,0.23960714042186737
22296,1,0.2603470633427302
22297,1,0.37241453925768536
22298,0,0.1270181139310201
22299,0,0.33012237151463825
22300,0,0.4470456739266713
22301,0,0.1606395790974299
22302,1,0.6292468110720316
22303,0,0.0759682518740495
22304,1,0.48190967241923016
22305,0,0.2722251017888387
22306,0,0.1270181139310201
22307,1,0.07142605632543564
22308,1,0.5627741813659668
22309,1,0.6623546878496805
22310,0,0.4470456739266713
22311,0,0.12767486770947775
22312,1,0.8505050539970398
22313,0,0.22023382286230722
22314,0,0.3680640757083893
22315,0,0.783443808555603
22316,0,0.35837329427401227
22317,0,0.22023382286230722
22318,0,0.18658835689226785
22319,0,0.37042423089345294
22320,0,0.06798926492532094
22321,0,0.09949103494485219
22322,0,0.6190909544626871
22323,0,0.23960714042186737
22324,0,0.3524877727031708
22325,0,0.11571220556894939
22326,0,0.06798926492532094
22327,0,0.06798926492532094
22328,1,0.4470456739266713
22329,0,0.2603470633427302
22330,0,0.0759682518740495
22331,0,0.09949103494485219
22332,1,0.22023382286230722
22333,0,0.3401980797449748
22334,0,0.1750787595907847
22335,1,0.5792729655901591
22336,1,0.08665342504779498
22337,0,0.37042423089345294
22338,0,0.33550431330998737
22339,0,0.6849722663561503
22340,0,0.5792729655901591
22341,1,0.5148873527844747
22342,0,0.09949103494485219
22343,1,0.5423746705055237
22344,1,0.6922701001167297
22345,1,0.8184640606244405
22346,0,0.09949103494485219
22347,0,0.06798926492532094
22348,0,0.1270181139310201
22349,0,0.7469152609507242
22350,0,0.09949103494485219
22351,0,0.12126928567886353
22352,0,0.19190336763858795
22353,0,0.1270181139310201
22354,0,0.15717355410257974
22355,0,0.13134859005610147
22356,0,0.0759682518740495
22357,0,0.5952912370363871
22358,1,0.3045484224955241
22359,0,0.6922701001167297
22360,1,0.6922701001167297
22361,1,0.09949103494485219
22362,1,0.37042423089345294
22363,1,0.6846012671788534
22364,1,0.28418009479840595
22365,0,0.6190909544626871
22366,1,0.5952912370363871
22367,0,0.18398607770601907
22368,0,0.14737562835216522
22369,0,0.0759682518740495
22370,0,0.28418009479840595
22371,0,0.8184640606244405
22372,0,0.18398607770601907
22373,1,0.1844381590684255
22374,0,0.09949103494485219
22375,0,0.0759682518740495
22376,0,0.09949103494485219
22377,0,0.6292468110720316
22378,0,0.09949103494485219
22379,1,0.3578697144985199
22380,0,0.0759682518740495
22381,1,0.2603470633427302
22382,0,0.49421635270118713
22383,1,0.5423746705055237
22384,0,0.4267452855904897
22385,1,0.09949103494485219
22386,1,0.22023382286230722
22387,1,0.06798926492532094
22388,0,0.09949103494485219
22389,0,0.09949103494485219
22390,1,0.28418009479840595
22391,0,0.22023382286230722
22392,0,0.09949103494485219
22393,1,0.38073869546254474
22394,0,0.6138366460800171
22395,1,0.7508884072303772
22396,0,0.30120808879534405
22397,0,0.12495498359203339
22398,0,0.11571220556894939
22399,0,0.5148873527844747
22400,1,0.4145099918047587
22401,0,0.22062993049621582
22402,1,0.5792729655901591
22403,0,0.2003757655620575
22404,0,0.28418009479840595
22405,0,0.4145099918047587
22406,0,0.1561077038447062
22407,1,0.3204767107963562
22408,1,0.5952912370363871
22409,0,0.3909330566724141
22410,1,0.1005072941382726
22411,0,0.15644929309686026
22412,0,0.10443828503290813
22413,1,0.5952912370363871
22414,0,0.09949103494485219
22415,1,0.37042423089345294
22416,0,0.3909330566724141
22417,1,0.6922701001167297
22418,0,0.13134859005610147
22419,0,0.15347019334634146
22420,0,0.6410865187644958
22421,0,0.33550431330998737
22422,0,0.2952769100666046
22423,0,0.06798926492532094
22424,0,0.0759682518740495
22425,0,0.3780946632226308
22426,0,0.22023382286230722
22427,1,0.1750787595907847
22428,1,0.3204767107963562
22429,0,0.37042423089345294
22430,0,0.1270181139310201
22431,0,0.1954602748155594
22432,0,0.0759682518740495
22433,0,0.0759682518740495
22434,0,0.1750787595907847
22435,1,0.5952912370363871
22436,0,0.15717355410257974
22437,0,0.11571220556894939
22438,0,0.09949103494485219
22439,1,0.48190967241923016
22440,1,0.6922701001167297
22441,0,0.33012237151463825
22442,0,0.2952769100666046
22443,0,0.5423746705055237
22444,1,0.22023382286230722
22445,0,0.31230490406354267
22446,0,0.09949103494485219
22447,0,0.22023382286230722
22448,1,0.7508884072303772
22449,1,0.6623546878496805
22450,0,0.18398607770601907
22451,0,0.09949103494485219
22452,0,0.09949103494485219
22453,0,0.12128126124540965
22454,0,0.2157363990942637
22455,1,0.6842315196990967
22456,0,0.12779168287913004
22457,0,0.19190336763858795
22458,1,0.7641592224438986
22459,0,0.0797332338988781
22460,1,0.5423746705055237
22461,1,0.22023382286230722
22462,0,0.17292856176694235
22463,0,0.10443828503290813
22464,0,0.37241453925768536
22465,0,0.12767486770947775
22466,1,0.5367150902748108
22467,0,0.2862492501735687
22468,0,0.09949103494485219
22469,0,0.1284903089205424
22470,1,0.5148873527844747
22471,0,0.13134859005610147
22472,0,0.3204767107963562
22473,0,0.2722251017888387
22474,0,0.4145099918047587
22475,0,0.09949103494485219
22476,1,0.48190967241923016
22477,0,0.22023382286230722
22478,1,0.6623546878496805
22479,1,0.33012237151463825
22480,0,0.06798926492532094
22481,0,0.22023382286230722
22482,0,0.28418009479840595
22483,0,0.11215529839197795
22484,0,0.28418009479840595
22485,0,0.09949103494485219
22486,0,0.3909330566724141
22487,1,0.5952912370363871
22488,0,0.3578697144985199
22489,1,0.3909330566724141
22490,0,0.09949103494485219
22491,1,0.6623546878496805
22492,0,0.12346120675404866
22493,0,0.15229111909866333
22494,0,0.0759682518740495
22495,0,0.06967103853821754
22496,1,0.22023382286230722
22497,0,0.1750787595907847
22498,1,0.3909330566724141
22499,0,0.6849722663561503
22500,1,0.4145099918047587
22501,0,0.15717355410257974
22502,0,0.22023382286230722
22503,0,0.259466215968132
22504,0,0.12767486770947775
22505,0,0.5792729655901591
22506,0,0.22023382286230722
22507,0,0.3909330566724141
22508,1,0.1750787595907847
22509,1,0.06798926492532094
22510,1,0.1298374185959498
22511,0,0.10443828503290813
22512,0,0.12779168287913004
22513,1,0.5367150902748108
22514,0,0.12767486770947775
22515,1,0.5186862150828043
22516,0,0.37241453925768536
22517,0,0.14737562835216522
22518,0,0.09949103494485219
22519,0,0.09041840707262357
22520,0,0.1270181139310201
22521,1,0.6292468110720316
22522,0,0.15717355410257974
22523,0,0.1750787595907847
22524,0,0.5423746705055237
22525,0,0.3909330566724141
22526,0,0.1270181139310201
22527,0,0.5367150902748108
22528,0,0.09949103494485219
22529,1,0.7641592224438986
22530,0,0.2603470633427302
22531,0,0.0759682518740495
22532,0,0.20600426197052002
22533,0,0.5952912370363871
22534,0,0.2952769100666046
22535,0,0.12767486770947775
22536,0,0.2643210192521413
22537,0,0.3578697144985199
22538,1,0.7641592224438986
22539,0,0.06798926492532094
22540,1,0.6922701001167297
22541,0,0.28418009479840595
22542,1,0.3909330566724141
22543,0,0.20378140608469644
22544,0,0.5423746705055237
22545,0,0.2952769100666046
22546,0,0.09949103494485219
22547,0,0.3204767107963562
22548,0,0.09949103494485219
22549,0,0.259466215968132
22550,1,0.08496410151322682
22551,0,0.09949103494485219
22552,0,0.2743929326534271
22553,0,0.09949103494485219
22554,0,0.37241453925768536
22555,0,0.1487011561791102
22556,0,0.13259035845597586
22557,0,0.09949103494485219
22558,1,0.6842315196990967
22559,1,0.5367150902748108
22560,1,0.5952912370363871
22561,0,0.1270181139310201
22562,0,0.2862492501735687
22563,0,0.06798926492532094
22564,0,0.3472764790058136
22565,0,0.16552201410134634
22566,1,0.6828486720720927
22567,1,0.3909330566724141
22568,1,0.5367150902748108
22569,0,0.28418009479840595
22570,1,0.2722251017888387
22571,0,0.12767486770947775
22572,1,0.1241179605325063
22573,0,0.0759682518740495
22574,0,0.2952769100666046
22575,0,0.37042423089345294
22576,0,0.5792729655901591
22577,0,0.10443828503290813
22578,0,0.33012237151463825
22579,0,0.4145099918047587
22580,0,0.5792729655901591
22581,0,0.12767486770947775
22582,0,0.2722251017888387
22583,1,0.15717355410257974
22584,0,0.09426016733050346
22585,0,0.5423746705055237
22586,0,0.22023382286230722
22587,1,0.6449512441953024
22588,1,0.12482619285583496
22589,0,0.37241453925768536
22590,0,0.48190967241923016
22591,1,0.2603470633427302
22592,0,0.10443828503290813
22593,0,0.31230490406354267
22594,1,0.5952912370363871
22595,0,0.22023382286230722
22596,0,0.31230490406354267
22597,0,0.6292468110720316
22598,0,0.12192603945732117
22599,0,0.14737562835216522
22600,0,0.37241453925768536
22601,1,0.2603470633427302
22602,0,0.1606395790974299
22603,0,0.1270181139310201
22604,0,0.09949103494485219
22605,0,0.4145099918047587
22606,0,0.23599056402842203
22607,0,0.17247648040453592
22608,0,0.10304794212182362
22609,1,0.783443808555603
22610,0,0.12495498359203339
22611,1,0.7641592224438986
22612,0,0.4145099918047587
22613,1,0.7469152609507242
22614,0,0.24009289840857187
22615,1,0.4145099918047587
22616,0,0.1270181139310201
22617,1,0.5423746705055237
22618,0,0.10443828503290813
22619,1,0.2722251017888387
22620,1,0.09949103494485219
22621,0,0.30937989552815753
22622,1,0.5952912370363871
22623,0,0.09949103494485219
22624,0,0.2952769100666046
22625,1,0.6849722663561503
22626,0,0.09949103494485219
22627,0,0.09949103494485219
22628,0,0.1270181139310201
22629,1,0.5952912370363871
22630,0,0.2603470633427302
22631,0,0.12767486770947775
22632,0,0.31230490406354267
22633,0,0.06967103853821754
22634,1,0.7641592224438986
22635,0,0.821413497130076
22636,1,0.6190909544626871
22637,0,0.2603470633427302
22638,1,0.7469152609507242
22639,0,0.28418009479840595
22640,0,0.06798926492532094
22641,1,0.1487011561791102
22642,0,0.6849722663561503
22643,0,0.8184640606244405
22644,0,0.2643210192521413
22645,0,0.09949103494485219
22646,1,0.5952912370363871
22647,1,0.22023382286230722
22648,0,0.22023382286230722
22649,0,0.09949103494485219
22650,0,0.12779168287913004
22651,1,0.12128126124540965
22652,0,0.09949103494485219
22653,0,0.0759682518740495
22654,0,0.3204767107963562
22655,0,0.09426016733050346
22656,1,0.4267452855904897
22657,0,0.06798926492532094
22658,1,0.33550431330998737
22659,0,0.07142605632543564
22660,1,0.3578697144985199
22661,0,0.06798926492532094
22662,0,0.2003757655620575
22663,0,0.08496410151322682
22664,0,0.0759682518740495
22665,0,0.1270181139310201
22666,0,0.16412802040576935
22667,1,0.0797332338988781
22668,1,0.10443828503290813
22669,0,0.10443828503290813
22670,1,0.3909330566724141
22671,0,0.22023382286230722
22672,0,0.28418009479840595
22673,0,0.1241179605325063
22674,0,0.09949103494485219
22675,0,0.09949103494485219
22676,1,0.6623546878496805
22677,0,0.36022986968358356
22678,1,0.1298374185959498
22679,0,0.6849722663561503
22680,0,0.6292468110720316
22681,0,0.22023382286230722
22682,0,0.2003757655620575
22683,0,0.33012237151463825
22684,0,0.29057825605074566
22685,0,0.259466215968132
22686,0,0.6849722663561503
22687,1,0.5542207260926565
22688,0,0.31230490406354267
22689,0,0.5952912370363871
22690,0,0.22023382286230722
22691,0,0.09949103494485219
22692,0,0.09949103494485219
22693,0,0.33550431330998737
22694,1,0.4519798854986827
22695,1,0.09949103494485219
22696,0,0.09949103494485219
22697,0,0.22023382286230722
22698,0,0.31230490406354267
22699,0,0.09949103494485219
22700,0,0.3680640757083893
22701,1,0.6623546878496805
22702,1,0.42829567193984985
22703,0,0.2952769100666046
22704,1,0.4553152819474538
22705,0,0.23954747120539346
22706,0,0.12767486770947775
22707,0,0.09949103494485219
22708,0,0.06798926492532094
22709,1,0.783443808555603
22710,0,0.09949103494485219
22711,0,0.09949103494485219
22712,0,0.22023382286230722
22713,0,0.22023382286230722
22714,1,0.783443808555603
22715,1,0.8997557957967123
22716,0,0.4828291932741801
22717,0,0.2743929326534271
22718,0,0.28418009479840595
22719,1,0.3412967324256897
22720,0,0.2003757655620575
22721,0,0.17292856176694235
22722,0,0.3909330566724141
22723,0,0.08665342504779498
22724,1,0.2722251017888387
22725,0,0.3204767107963562
22726,0,0.09949103494485219
22727,0,0.33550431330998737
22728,0,0.20378140608469644
22729,1,0.3204767107963562
22730,1,0.5952912370363871
22731,0,0.12346120675404866
22732,0,0.06798926492532094
22733,0,0.12495498359203339
22734,0,0.3909330566724141
22735,0,0.33012237151463825
22736,1,0.5952912370363871
22737,0,0.102005735039711
22738,1,0.4470456739266713
22739,0,0.0759682518740495
22740,0,0.1270181139310201
22741,1,0.48190967241923016
22742,0,0.10304794212182362
22743,0,0.1270181139310201
22744,1,0.3578697144985199
22745,1,0.8505050539970398
22746,0,0.22023382286230722
22747,0,0.1270181139310201
22748,0,0.09949103494485219
22749,1,0.3909330566724141
22750,1,0.48190967241923016
22751,1,0.4470456739266713
22752,0,0.11571220556894939
22753,0,0.07142605632543564
22754,0,0.11215529839197795
22755,0,0.33012237151463825
22756,0,0.24009289840857187
22757,1,0.16412802040576935
22758,0,0.28418009479840595
22759,1,0.574891726175944
22760,1,0.22023382286230722
22761,1,0.8184640606244405
22762,1,0.558873454729716
22763,0,0.15229111909866333
22764,1,0.48190967241923016
22765,1,0.36022986968358356
22766,0,0.1241179605325063
22767,1,0.31230490406354267
22768,0,0.0759682518740495
22769,0,0.09949103494485219
22770,0,0.12495498359203339
22771,0,0.783443808555603
22772,0,0.15966461102167764
22773,0,0.09949103494485219
22774,0,0.23960714042186737
22775,0,0.06798926492532094
22776,1,0.24048798779646555
22777,1,0.2722251017888387
22778,0,0.1606395790974299
22779,0,0.09949103494485219
22780,0,0.2708360254764557
22781,0,0.1750787595907847
22782,0,0.31230490406354267
22783,0,0.4470456739266713
22784,0,0.3909330566724141
22785,0,0.28332191705703735
22786,0,0.2643210192521413
22787,0,0.11215529839197795
22788,0,0.11215529839197795
22789,0,0.5295426845550537
22790,0,0.14737562835216522
22791,0,0.09949103494485219
22792,0,0.4788922170797984
22793,1,0.0797332338988781
22794,1,0.5792729655901591
22795,0,0.4145099918047587
22796,0,0.15717355410257974
22797,0,0.18658835689226785
22798,0,0.1270181139310201
22799,1,0.6842315196990967
22800,1,0.5952912370363871
22801,0,0.12767486770947775
22802,0,0.1954602748155594
22803,0,0.2708360254764557
22804,1,0.5423746705055237
22805,0,0.11215529839197795
22806,1,0.6849722663561503
22807,1,0.37042423089345294
22808,0,0.3032772441705068
22809,0,0.09949103494485219
22810,1,0.4788922170797984
22811,0,0.28418009479840595
22812,0,0.1284903089205424
22813,1,0.13267411788304648
22814,0,0.2952769100666046
22815,0,0.22023382286230722
22816,0,0.13134859005610147
22817,1,0.2722251017888387
22818,0,0.09949103494485219
22819,1,0.3909330566724141
22820,1,0.6138366460800171
22821,0,0.28418009479840595
22822,0,0.5952912370363871
22823,0,0.06798926492532094
22824,0,0.22023382286230722
22825,1,0.22023382286230722
22826,1,0.4788922170797984
22827,0,0.12767486770947775
22828,0,0.0759682518740495
22829,0,0.06798926492532094
22830,1,0.6922701001167297
22831,0,0.09949103494485219
22832,1,0.6922701001167297
22833,0,0.31230490406354267
22834,0,0.3578697144985199
22835,0,0.3204767107963562
22836,0,0.5351849993069967
22837,0,0.09949103494485219
22838,1,0.22023382286230722
22839,1,0.6849722663561503
22840,1,0.5148873527844747
22841,1,0.8184640606244405
22842,0,0.14737562835216522
22843,0,0.3909330566724141
22844,0,0.09949103494485219
22845,1,0.29303882519404095
22846,1,0.6623546878496805
22847,0,0.28418009479840595
22848,1,0.31230490406354267
22849,0,0.31230490406354267
22850,0,0.12062450746695201
22851,1,0.11571220556894939
22852,1,0.6190909544626871
22853,1,0.22023382286230722
22854,1,0.5351849993069967
22855,0,0.28418009479840595
22856,0,0.31230490406354267
22857,0,0.3204767107963562
22858,0,0.11215529839197795
22859,0,0.09949103494485219
22860,0,0.31230490406354267
22861,1,0.6292468110720316
22862,0,0.3909330566724141
22863,0,0.12767486770947775
22864,0,0.1844381590684255
22865,0,0.09949103494485219
22866,0,0.13259035845597586
22867,0,0.1962843338648478
22868,0,0.1750787595907847
22869,0,0.16552201410134634
22870,0,0.18658835689226785
22871,0,0.35522568225860596
22872,1,0.6842315196990967
22873,0,0.2603470633427302
22874,0,0.2603470633427302
22875,1,0.3909330566724141
22876,0,0.1334057996670405
22877,1,0.48190967241923016
22878,0,0.12767486770947775
22879,0,0.12767486770947775
22880,0,0.11215529839197795
22881,1,0.783443808555603
22882,0,0.07428647826115291
22883,0,0.22023382286230722
22884,0,0.24048798779646555
22885,0,0.10443828503290813
22886,1,0.5792729655901591
22887,1,0.3909330566724141
22888,1,0.5792729655901591
22889,0,0.09949103494485219
22890,0,0.29472407698631287
22891,0,0.2862492501735687
22892,0,0.22023382286230722
22893,0,0.48190967241923016
22894,1,0.12062450746695201
22895,1,0.37042423089345294
22896,0,0.1750787595907847
22897,1,0.6292468110720316
22898,1,0.10443828503290813
22899,0,0.07343602056304614
22900,0,0.4788922170797984
22901,0,0.18658835689226785
22902,0,0.1844381590684255
22903,0,0.0759682518740495
22904,0,0.5792729655901591
22905,0,0.09949103494485219
22906,0,0.37241453925768536
22907,0,0.5952912370363871
22908,0,0.18658835689226785
22909,0,0.22023382286230722
22910,0,0.6292468110720316
22911,0,0.11317155758539836
22912,0,0.5792729655901591
22913,0,0.12062450746695201
22914,1,0.3680640757083893
22915,0,0.28418009479840595
22916,0,0.3909330566724141
22917,0,0.22023382286230722
22918,0,0.09949103494485219
22919,1,0.7201401789983114
22920,1,0.12128126124540965
22921,0,0.09949103494485219
22922,1,0.3204767107963562
22923,0,0.783443808555603
22924,1,0.5367150902748108
22925,1,0.23954747120539346
22926,0,0.06798926492532094
22927,1,0.3204767107963562
22928,0,0.09949103494485219
22929,0,0.3578697144985199
22930,0,0.3909330566724141
22931,0,0.33550431330998737
22932,0,0.1270181139310201
22933,0,0.7634772658348083
22934,0,0.1241179605325063
22935,0,0.7508884072303772
22936,0,0.09949103494485219
22937,0,0.1561077038447062
22938,0,0.09949103494485219
22939,1,0.7508884072303772
22940,0,0.06798926492532094
22941,0,0.28418009479840595
22942,1,0.5952912370363871
22943,0,0.12767486770947775
22944,0,0.3578697144985199
22945,0,0.1606395790974299
22946,0,0.22023382286230722
22947,0,0.09949103494485219
22948,0,0.36022986968358356
22949,1,0.24048798779646555
22950,0,0.09949103494485219
22951,0,0.12062450746695201
22952,0,0.5952912370363871
22953,1,0.7641592224438986
22954,1,0.5382024546464285
22955,0,0.12767486770947775
22956,0,0.24446296195189157
22957,0,0.0887844202419122
22958,0,0.06798926492532094
22959,0,0.1270181139310201
22960,0,0.09949103494485219
22961,1,0.7508884072303772
22962,0,0.2952769100666046
22963,1,0.6769851446151733
22964,0,0.17292856176694235
22965,0,0.39297398924827576
22966,0,0.12447746594746907
22967,1,0.1750787595907847
22968,0,0.10443828503290813
22969,0,0.3204767107963562
22970,0,0.6922701001167297
22971,0,0.19587483505407968
22972,0,0.5423746705055237
22973,1,0.3909330566724141
22974,1,0.33012237151463825
22975,0,0.12495498359203339
22976,0,0.3680640757083893
22977,0,0.3909330566724141
22978,0,0.3909330566724141
22979,0,0.09949103494485219
22980,1,0.1270181139310201
22981,0,0.22023382286230722
22982,0,0.1270181139310201
22983,1,0.33550431330998737
22984,0,0.06967103853821754
22985,0,0.09949103494485219
22986,0,0.2603470633427302
22987,0,0.09949103494485219
22988,0,0.09949103494485219
22989,1,0.2603470633427302
22990,1,0.3909330566724141
22991,0,0.1750787595907847
22992,1,0.3204767107963562
22993,1,0.1750787595907847
22994,0,0.3909330566724141
22995,0,0.06798926492532094
22996,0,0.49421635270118713
22997,0,0.1844381590684255
22998,0,0.6292468110720316
22999,0,0.06798926492532094
23000,0,0.3909330566724141
23001,0,0.22023382286230722
23002,1,0.37042423089345294
23003,0,0.4828291932741801
23004,1,0.37042423089345294
23005,1,0.28418009479840595
23006,0,0.11571220556894939
23007,0,0.3917698760827382
23008,0,0.1270181139310201
23009,1,0.8997557957967123
23010,0,0.15229111909866333
23011,1,0.5627741813659668
23012,1,0.3045484224955241
23013,0,0.28418009479840595
23014,0,0.13626408080259958
23015,0,0.48190967241923016
23016,0,0.1606395790974299
23017,0,0.3578697144985199
23018,0,0.0759682518740495
23019,0,0.3909330566724141
23020,0,0.08496410151322682
23021,0,0.2603470633427302
23022,0,0.2157363990942637
23023,0,0.33550431330998737
23024,0,0.09949103494485219
23025,0,0.1270181139310201
23026,0,0.08991135160128276
23027,0,0.18658835689226785
23028,0,0.09426016733050346
23029,0,0.6849722663561503
23030,1,0.6849722663561503
23031,0,0.07428647826115291
23032,0,0.28418009479840595
23033,0,0.4949026107788086
23034,0,0.22023382286230722
23035,0,0.2603470633427302
23036,0,0.17247648040453592
23037,1,0.2603470633427302
23038,1,0.3909330566724141
23039,1,0.23960714042186737
23040,0,0.15526767075061798
23041,0,0.09426016733050346
23042,1,0.09949103494485219
23043,0,0.24009289840857187
23044,0,0.22023382286230722
23045,0,0.12767486770947775
23046,0,0.3909330566724141
23047,0,0.09949103494485219
23048,1,0.4267452855904897
23049,0,0.28418009479840595
23050,0,0.2603470633427302
23051,0,0.4267452855904897
23052,1,0.783443808555603
23053,0,0.07142605632543564
23054,0,0.12126928567886353
23055,0,0.15229111909866333
23056,0,0.1284903089205424
23057,0,0.6922701001167297
23058,0,0.22023382286230722
23059,0,0.4470456739266713
23060,0,0.12779168287913004
23061,0,0.19190336763858795
23062,0,0.3680640757083893
23063,1,0.0797332338988781
23064,1,0.5952912370363871
23065,1,0.5792729655901591
23066,0,0.2603470633427302
23067,0,0.16552201410134634
23068,0,0.2003757655620575
23069,0,0.06798926492532094
23070,1,0.6849722663561503
23071,0,0.2603470633427302
23072,0,0.33550431330998737
23073,1,0.06798926492532094
23074,0,0.24048798779646555
23075,1,0.7641592224438986
23076,0,0.13626408080259958
23077,0,0.11215529839197795
23078,0,0.16552201410134634
23079,1,0.5423746705055237
23080,0,0.1750787595907847
23081,1,0.2603470633427302
23082,1,0.5792729655901591
23083,0,0.09949103494485219
23084,0,0.22023382286230722
23085,0,0.3204767107963562
23086,0,0.2786232630411784
23087,0,0.09949103494485219
23088,0,0.37880690892537433
23089,0,0.22023382286230722
23090,1,0.09949103494485219
23091,1,0.3720705807209015
23092,0,0.0956492746869723
23093,0,0.2603470633427302
23094,0,0.2157363990942637
23095,0,0.1270181139310201
23096,0,0.12062450746695201
23097,0,0.1270181139310201
23098,0,0.1606395790974299
23099,0,0.35522568225860596
23100,0,0.18658835689226785
23101,0,0.0759682518740495
23102,0,0.09949103494485219
23103,1,0.2862492501735687
23104,0,0.16458010176817575
23105,1,0.3204767107963562
23106,0,0.31230490406354267
23107,0,0.1270181139310201
23108,0,0.22023382286230722
23109,0,0.37042423089345294
23110,1,0.7641592224438986
23111,0,0.06798926492532094
23112,0,0.12447746594746907
23113,0,0.0759682518740495
23114,1,0.9354700843493143
23115,0,0.22023382286230722
23116,0,0.12128126124540965
23117,0,0.24009289840857187
23118,0,0.22023382286230722
23119,0,0.1284903089205424
23120,0,0.5792729655901591
23121,0,0.12126928567886353
23122,1,0.3909330566724141
23123,0,0.20378140608469644
23124,0,0.06798926492532094
23125,1,0.3466786742210388
23126,1,0.15347019334634146
23127,1,0.2603470633427302
23128,0,0.09949103494485219
23129,0,0.1606395790974299
23130,1,0.38073869546254474
23131,1,0.06974428271253903
23132,0,0.33012237151463825
23133,0,0.12779168287913004
23134,0,0.4788922170797984
23135,0,0.28418009479840595
23136,0,0.1270181139310201
23137,0,0.11571220556894939
23138,0,0.14737562835216522
23139,1,0.48190967241923016
23140,0,0.09949103494485219
23141,1,0.35522568225860596
23142,0,0.6849722663561503
23143,1,0.5423746705055237
23144,0,0.09949103494485219
23145,0,0.48190967241923016
23146,1,0.35837329427401227
23147,0,0.1284903089205424
23148,0,0.09949103494485219
23149,0,0.3578697144985199
23150,1,0.11215529839197795
23151,0,0.15966461102167764
23152,1,0.48190967241923016
23153,0,0.09949103494485219
23154,0,0.08496410151322682
23155,0,0.3578697144985199
23156,0,0.36022986968358356
23157,1,0.19190336763858795
23158,0,0.11215529839197795
23159,0,0.5952912370363871
23160,1,0.15229111909866333
23161,0,0.16458010176817575
23162,0,0.09949103494485219
23163,1,0.6292468110720316
23164,1,0.37241453925768536
23165,0,0.1270181139310201
23166,0,0.09949103494485219
23167,1,0.10545454422632854
23168,1,0.4145099918047587
23169,1,0.3680640757083893
23170,0,0.5792729655901591
23171,0,0.2603470633427302
23172,0,0.1270181139310201
23173,1,0.3578697144985199
23174,1,0.09949103494485219
23175,0,0.5367150902748108
23176,0,0.09949103494485219
23177,1,0.6292468110720316
23178,0,0.28418009479840595
23179,1,0.09949103494485219
23180,1,0.24009289840857187
23181,1,0.5627741813659668
23182,0,0.14737562835216522
23183,1,0.5148873527844747
23184,0,0.2722251017888387
23185,0,0.1844381590684255
23186,0,0.1270181139310201
23187,0,0.1270181139310201
23188,1,0.5952912370363871
23189,1,0.6849722663561503
23190,0,0.24446296195189157
23191,0,0.2952769100666046
23192,0,0.5792729655901591
23193,1,0.7641592224438986
23194,0,0.22023382286230722
23195,1,0.13134859005610147
23196,1,0.5423746705055237
23197,0,0.4145099918047587
23198,0,0.22023382286230722
23199,1,0.7508884072303772
23200,1,0.1270181139310201
23201,1,0.29057825605074566
23202,1,0.27930842339992523
23203,0,0.5952912370363871
23204,1,0.6623546878496805
23205,0,0.37042423089345294
23206,1,0.2603470633427302
23207,1,0.5156809488932291
23208,1,0.10304794212182362
23209,0,0.14737562835216522
23210,0,0.6292468110720316
23211,0,0.22023382286230722
23212,0,0.33012237151463825
23213,0,0.5952912370363871
23214,0,0.0759682518740495
23215,0,0.24009289840857187
23216,0,0.1270181139310201
23217,0,0.09041840707262357
23218,1,0.4788922170797984
23219,1,0.15717355410257974
23220,0,0.09949103494485219
23221,1,0.6292468110720316
23222,0,0.12062450746695201
23223,0,0.09949103494485219
23224,1,0.22023382286230722
23225,0,0.6292468110720316
23226,0,0.5402987599372864
23227,1,0.6849722663561503
23228,0,0.28418009479840595
23229,0,0.5952912370363871
23230,0,0.09949103494485219
23231,0,0.09949103494485219
23232,0,0.2003757655620575
23233,0,0.0759682518740495
23234,1,0.38073869546254474
23235,1,0.09949103494485219
23236,1,0.7469152609507242
23237,1,0.3578697144985199
23238,0,0.08991135160128276
23239,0,0.09949103494485219
23240,0,0.12767486770947775
23241,0,0.12779168287913004
23242,0,0.06798926492532094
23243,0,0.5512032707532247
23244,0,0.08496410151322682
23245,0,0.1606395790974299
23246,0,0.09949103494485219
23247,0,0.09949103494485219
23248,0,0.33012237151463825
23249,0,0.25281142195065814
23250,0,0.12767486770947775
23251,0,0.3032772441705068
23252,1,0.22023382286230722
23253,0,0.5423746705055237
23254,0,0.17292856176694235
23255,0,0.09949103494485219
23256,0,0.06798926492532094
23257,0,0.24009289840857187
23258,0,0.09949103494485219
23259,0,0.09949103494485219
23260,1,0.6842315196990967
23261,0,0.09426016733050346
23262,0,0.5423746705055237
23263,1,0.2862492501735687
23264,0,0.23960714042186737
23265,0,0.4470456739266713
23266,0,0.2643210192521413
23267,1,0.5186862150828043
23268,0,0.18164527416229248
23269,1,0.31230490406354267
23270,0,0.37042423089345294
23271,0,0.13267411788304648
23272,0,0.19315487146377563
23273,0,0.18658835689226785
23274,1,0.4470456739266713
23275,0,0.33012237151463825
23276,0,0.09949103494485219
23277,1,0.4145099918047587
23278,1,0.558873454729716
23279,0,0.12767486770947775
23280,0,0.2003757655620575
23281,0,0.13259035845597586
23282,0,0.12767486770947775
23283,1,0.06798926492532094
23284,1,0.7230183283487955
23285,1,0.6849722663561503
23286,0,0.3204767107963562
23287,0,0.37042423089345294
23288,0,0.2603470633427302
23289,0,0.16412802040576935
23290,1,0.6292468110720316
23291,0,0.2722251017888387
23292,1,0.5423746705055237
23293,1,0.7469152609507242
23294,0,0.09949103494485219
23295,0,0.19190336763858795
23296,0,0.22023382286230722
23297,0,0.06798926492532094
23298,1,0.13924063245455423
23299,0,0.3909330566724141
23300,0,0.06798926492532094
23301,0,0.6623546878496805
23302,0,0.3909330566724141
23303,1,0.24416237076123556
23304,0,0.28418009479840595
23305,0,0.5952912370363871
23306,1,0.6849722663561503
23307,1,0.28469036519527435
23308,0,0.06798926492532094
23309,1,0.4902793765068054
23310,0,0.06798926492532094
23311,0,0.37042423089345294
23312,0,0.0759682518740495
23313,0,0.0797332338988781
23314,0,0.37042423089345294
23315,1,0.5952912370363871
23316,0,0.12767486770947775
23317,0,0.09949103494485219
23318,0,0.12062450746695201
23319,0,0.1270181139310201
23320,0,0.23960714042186737
23321,0,0.3204767107963562
23322,1,0.6922701001167297
23323,1,0.6922701001167297
23324,0,0.09949103494485219
23325,0,0.10443828503290813
23326,0,0.2895208199818929
23327,0,0.20600426197052002
23328,0,0.3466786742210388
23329,0,0.0759682518740495
23330,0,0.2722251017888387
23331,1,0.7508884072303772
23332,1,0.6849722663561503
23333,0,0.22023382286230722
23334,0,0.1270181139310201
23335,0,0.11215529839197795
23336,1,0.7469152609507242
23337,0,0.12346120675404866
23338,1,0.3204767107963562
23339,1,0.4145099918047587
23340,0,0.6849722663561503
23341,0,0.13267411788304648
23342,0,0.1270181139310201
23343,0,0.22023382286230722
23344,0,0.09949103494485219
23345,0,0.3909330566724141
23346,1,0.47845237453778583
23347,1,0.28418009479840595
23348,1,0.299166480700175
23349,1,0.23599056402842203
23350,0,0.3204767107963562
23351,1,0.09949103494485219
23352,0,0.2408564289410909
23353,0,0.09949103494485219
23354,0,0.15229111909866333
23355,0,0.7161670327186584
23356,1,0.12062450746695201
23357,0,0.3204767107963562
23358,0,0.09949103494485219
23359,0,0.1163569837808609
23360,0,0.09949103494485219
23361,0,0.3909330566724141
23362,0,0.09949103494485219
23363,1,0.783443808555603
23364,0,0.2643210192521413
23365,0,0.31230490406354267
23366,1,0.4553152819474538
23367,0,0.33012237151463825
23368,1,0.7508884072303772
23369,0,0.12767486770947775
23370,1,0.299166480700175
23371,0,0.12767486770947775
23372,0,0.5423746705055237
23373,0,0.6292468110720316
23374,0,0.15229111909866333
23375,1,0.5186862150828043
23376,1,0.259466215968132
23377,1,0.22023382286230722
23378,1,0.09426016733050346
23379,0,0.18658835689226785
23380,0,0.33550431330998737
23381,0,0.24009289840857187
23382,1,0.6054470936457316
23383,0,0.3578697144985199
23384,0,0.12128126124540965
23385,0,0.25753288467725116
23386,1,0.4145099918047587
23387,0,0.5423746705055237
23388,0,0.12062450746695201
23389,0,0.09949103494485219
23390,1,0.37042423089345294
23391,0,0.22023382286230722
23392,0,0.28418009479840595
23393,0,0.19315487146377563
23394,0,0.06974428271253903
23395,0,0.0759682518740495
23396,0,0.09949103494485219
23397,1,0.8962544004122416
23398,0,0.4378194808959961
23399,0,0.19190336763858795
23400,1,0.33550431330998737
23401,1,0.6623546878496805
23402,0,0.1270181139310201
23403,0,0.259466215968132
23404,0,0.2722251017888387
23405,1,0.29057825605074566
23406,1,0.3204767107963562
